:10100000E069032001110000C76E0200AD35040045
:10101000C76E0200C76E0200C76E0200000000002B
:10102000000000000000000000000000C76E020089
:10103000C76E020000000000C76E0200C76E02000B
:1010400059110000C1110000C76E0200C11200005A
:10105000C76E0200C76E0200D57302004512000081
:10106000B5120000C76E0200C76E02003912000000
:10107000C76E0200CD110000C76E0200C76E0200ED
:10108000C76E0200AD740200C76E0200C76E020098
:10109000AD110000C76E0200C76E0200C76E0200ED
:1010A000C76E0200C76E0200C76E0200C76E020064
:1010B000C76E0200C76E02000000000000000000C2
:1010C000C76E0200C76E0200C76E020091120000D8
:1010D000C76E0200C76E0200C76E02000D1300004B
:1010E000C76E0200C76E0200C76E0200000000005B
:1010F00000000000C76E020000000000C76E020082
:1011000025F0E4FE0E480F490022814201D004C0C0
:10111000FBE70D480D490E4A814202D008CA08C0BB
:10112000FAE70C484FF47001026842EA01020260DB
:10113000BFF34F8FBFF36F8F22F02BFF00DE000055
:10114000208B032008F80320E06903201C8B032078
:10115000E0F2040088ED00E0B0B502AF3CF05AF9CF
:10116000104C206828B1002020600F48183026F06D
:101170002BFC606850B10C4D0020606005F1180038
:1011800026F022FC05F1300026F01EFCA06838B1E4
:101190000020A06004483030BDE8B04026F014BC08
:1011A000B0BD00BF1C01004098E6032080B56F462B
:1011B0000248BDE8804026F007BC00BFC8D9032024
:1011C00080B56F46BDE880403DF0B6BCF0B503AFDA
:1011D0004DF804BD154E0020306027F013FB144D70
:1011E0000446A86EF0B94FF0FF30A866686F78B17A
:1011F000A96F88420CD0D6F808140170D5E91D01FA
:1012000001306867884204BF05F16C0026F0B0FB2E
:10121000A86E0130A86620465DF804BBBDE8F0402A
:1012200027F026BB034825F0CDFC00BF00D10040CD
:1012300098E6032078C1040080B56F46BDE8804081
:101240003EF016BBD0B502AF0F4C206930B1102074
:10125000C4F808020D48283026F0B6FB606830B1AB
:101260000220C4F808020948283026F0ADFB2068A7
:1012700040B10120C4F8080204482830BDE8D0403D
:1012800026F0A2BBD0BD00BF0071004098E603204D
:10129000D0B502AF054C206830B10548383026F093
:1012A00093FB4020C4F8F001D0BD00BF18310240CC
:1012B00098E6032080B56F46BDE880403DF030BC25
:1012C000D0B502AF0F4C606C38B10F48403026F0FB
:1012D0007BFB4FF48020C4F80402206830B10A4838
:1012E000403026F071FB0220C4F80402206A38B1B5
:1012F0000548403026F068FB4FF40070C4F8040243
:10130000D0BD00BF0431004098E60320F0B503AF24
:101310002DE9800F394D286858B1394C0120C5F8A6
:10132000080204F1180026F04FFB04F1200026F01B
:101330004BFBE86D38B14FF40000C5F808023048A7
:10134000203026F041FBA86A38B14FF48060C5F820
:1013500008022B48203026F037FBA86D28B100206A
:10136000A8652748183026F02FFB286EE0B3002030
:101370002866D5F86CA32248C5F86CA3BFF35F8F2D
:1013800050E8041F41EA0A0140E80412002AF7D19C
:10139000DFF87C804FF0000BDFF86C900126BFF384
:1013A0005F8F5FEACB701FD13546072E1CD82E46C3
:1013B0002AFA05F418BF0136E00706D0681E08288F
:1013C00014D209EBC00026F0FFFAE81FB0FA80F053
:1013D0004FEA501BE003E4D5681E082808D208EB4A
:1013E000C00026F0F1FADCE72CF0E9BB054A00E08A
:1013F000064A4FF0FF30082124F08AFF00710240B6
:1014000098E60320F0A2040088D7032000A304007C
:10141000C8D70320F0B503AF2DE9000F9BB0D0E98A
:10142000014B814608460E46A4EB0B052BF068F9EC
:10143000854201D2002073E23046D9F800502BF0EB
:101440005FF9DFF808152A46009100EB0B015846BA
:10145000234629F023F83278FF2A1CD13279FF2A5B
:101460003BD12CF0F3FF3089012812A814BF1B21B7
:101470001D2129F053F8C0B2022840F0488271893A
:1014800012A829F06BF8C0B2022840F04082D6E9D9
:10149000031212A8C4E1B2F10A044FF0000398BF8E
:1014A0001C46002C33D0012C46D12CF0CFFF12A8C3
:1014B000522129F033F8C0B2022840F02882B189C5
:1014C00012A829F04BF8C0B2022840F02082D6E9D9
:1014D000011212A82AF018FA34E0CDE9090100201F
:1014E0000B90DFE812F009003601590016013100B7
:1014F0006B0193013301A00109A8032129F00EF823
:10150000C0B2022840F00382F18809A8F9E112ACC8
:101510000A2A0BC400F21482DFE812F00B008D01DE
:10152000A701AA01DA01BB01E301120212021202B1
:101530008A0112A8102180E12CF088FF12A81E2138
:1015400028F0ECFFC0B2E2E109A8092128F0E6FF8B
:10155000C0B2022840F0DB81746909A8214628F056
:10156000DDFFC0B2022840F0D2812CF0B7FA12A8F9
:1015700029462BF03FF89DF84800FF2840F0C6812F
:101580002CF001FBC0B2022840F0C1812CF0E2FD3A
:10159000C0B20228EBD0BAE109A8052128F0BEFFAD
:1015A000C0B2022840F0B381357D09A8294628F051
:1015B000B5FFC0B2022840F0AA81D6E90220CDE9E9
:1015C0000E2031698DF8445010910EAC401AE9B2EA
:1015D0004FF0100A012908BF4FF0020A0AF1020178
:1015E0008842C0F09381204629F046FE0546C00798
:1015F00040F09F8112A8214652462BF031F81298F4
:10160000002800F096811399022924D004291AD0C9
:10161000102928D1C2684FF0020881880792C27A47
:10162000ADF8681001680892827A02925FFA81FC34
:10163000427A0392027A199101210492C279807947
:101640000592069012E0D0F800C04FF00108CDF8E6
:1016500064C001210AE0B0F800C00121ADF864C007
:101660004FF0000802E0CDF866100021002900F0DC
:101670005A81079BA2460C93290C9DF860308DF887
:101680003430089B8DF85430029B8DF85330039B07
:101690008DF85230049B9DF868008DF85130059B01
:1016A0009DF869209DF865E09DF866509DF86740BB
:1016B0008DF85030069B8DF84D000C988DF84F300A
:1016C0008DF84E208DF84C408DF84B508DF84AE047
:1016D0008DF849C08DF84880CDF8550009AC2046FA
:1016E00028F03CFFC0B2022840F0118112A828F077
:1016F000E5FE2CF0DEFB20461A462AF005F9C0B2C2
:10170000022840F00481DDE90F0154469DF8445061
:101710005CE709A8012128F001FFC0B2022840F0CF
:10172000F680717909A828F0F9FEC0B2022840F0CD
:10173000EE80318909A828F011FFC0B2022840F0DC
:10174000E680B17909A828F089FEDCE009A80D211E
:101750005EE009A8072128F0E1FEC0B2022840F0AF
:10176000D68031690DF148080DF1240AD6E902202E
:101770001491CDE91220401A0428C0F0C7804046D9
:1017800029F07AFD0546C00740F0C080404629F0A8
:1017900073FD0446C00740F0B980290C2CF050FEC0
:1017A000C0B2022840F0B380210C2CF049FEC0B238
:1017B000022840F0AC80DDE91301DCE709A8112123
:1017C00028F0ACFEC0B2022840F0A180746909A8DC
:1017D000214628F0A3FEC0B2022840F098802CF0E9
:1017E0007DF912A829462AF005FF9DF84800FF2838
:1017F00040F08C802CF0C7F9C0B2022840F08780FE
:101800002CF0A8FCC0B20228EBD080E009A80B2184
:1018100028F084FEC0B2022879D1D6E9021209A8C4
:101820002AF072F86FE009A8132128F077FE6AE029
:1018300012A80C2157E012A8082128F06FFEC0B2B0
:10184000022864D1718A12A828F088FEC0B202284A
:101850005DD1B18A12A828F081FEC0B2022856D10B
:10186000711C12A82AF0A2FC4DE012A80A2131E056
:1018700012A8122128F052FEC0B2022847D1718866
:1018800012A828F06BFEC0B2022840D1D6E901129E
:10189000FFE512A8062128F041FEC0B2022836D189
:1018A000718812A828F05AFEC0B202282FD1B18840
:1018B00012A828F053FEC0B2022828D1F18812A83D
:1018C00028F04CFEC0B2022821D1D6E90212E0E590
:1018D00012A8022128F022FEC0B2022817D1718876
:1018E0000EE012A8042128F019FEC0B202280ED181
:1018F000718812A828F032FEC0B2022807D1B18840
:1019000012A828F02BFEC0B2022800D10220022823
:1019100006D130462AF0F4FE5844C9F808000220E7
:101920001BB02BF093BF0798CDF85D0008988DF899
:101930005C009DF860008DF8340017980C90E5E786
:1019400003480F21034A24F0DCFC00BFCCD1040083
:10195000BCD90400DCD90400F0B503AF4DF804BDD8
:1019600084B00446D0E901300D46191A04290CD37D
:101970002268061D08492BF0F0FECDE9020102A8FD
:10198000294604221EF042FC08B1002001E002209A
:10199000A66004B02BF00EBF5856040080B56F4609
:1019A0000021017301490131016080BD98E60320E7
:1019B00080B56F4641F2B03281501044002101726F
:1019C00080BDF0B503AF4DF8048D8CB091E87C007C
:1019D000EC4680460CF1140061467CC029222CF0B4
:1019E000E8F8002088F829000CB05DF8048BF0BD01
:1019F00080B56F46002180F8281080BD80B56F4605
:101A00000021017480BDD4D4E0B502AFDFF880C0FE
:101A10000446002544F2785040F2011285422FD04E
:101A20002B18654405F1180656E8001F21B946E851
:101A300000210029F8D103E0BFF32F8F1D46EDE709
:101A40001448686205F128002146FFF7B1FF2046DF
:101A5000294625F05FFC0025BFF35F8F54E8000F97
:101A600044E800510029F9D1BFF35F8F30B1C66956
:101A7000C5614576416A88473046F7E720BFEBE706
:101A800005487A1E00902B210448054B25F0E9F803
:101A9000A0900320FDC50100749104006AD30400E6
:101AA000349D0400F0B503AF2DE9000B94B004465B
:101AB000F8680DF13C082CF051F89DF83C00FF2827
:101AC00003D040F6032020801DE0A7F14E0008F16E
:101AD0000401851C2BF020FD02A82946861C2BF052
:101AE00062FC0BAD31462BF017FD2CF065FB207826
:101AF000FF2808D02CF007F9044825F00BFA2BF04A
:101B0000E8FE25F06FFB14B02BF0C2BEDF00000032
:101B1000F0B503AF2DE9000FCDB0FE68D7F808800F
:101B2000CDE91D2056F870AFD8F84400C346CDF873
:101B3000AB00C1465BF8410FD6F808E02A90D8F810
:101B40003D00129316917268F568D6F810C073695B
:101B5000B169F469CDF8CB0059F83A0F2192CDF86C
:101B600070E01B95CDF868C0199320911F943290B6
:101B700032A88DE8120454460DF1F80ACDE9032E7F
:101B8000624605952AA9CDE90610A6F13001504616
:101B90001CF024FD22A89AE82E002EC04298119035
:101BA0004398109044980F9045980E90306A189082
:101BB000706A179008F14E00D6E90AA52BF008FAD2
:101BC00020F07F40CDE90A0B209800901F98CDE9C6
:101BD0000104219803901C98CDE908A504900546BE
:101BE0001B98CDF854B00590834618980690179826
:101BF000CDF84C90CDF830901494079026A822A9E7
:101C00001A9A199B914698461CF00EFC1D981028B4
:101C100004D126A816991FF0E5F830B11E99FF20CF
:101C2000087040F6033088805EE0D6E90C40D7F8B3
:101C300008A01D90B06B18900AF14800F66B2BF0CD
:101C4000C7F920F07F400A9013980B9015980C90DC
:101C5000209804901F981899CDE905041D98CDE9A6
:101C60000816CDE9005BCDE9029807902AA822A9C1
:101C7000149A219B1CF0D8FBDDE92C01DDE92A2315
:101C8000CDE900013EAC204605F05AF89DF8F85029
:101C9000FF2D0AD0611C32AC2BF03AFC1E9E21466F
:101CA0002BF057FD3571FF201DE00DF1C809211DF6
:101CB00009F103052BF030FC2EAE29462BF073FB07
:101CC000129C0DF1F8083246404621461EF08FFB6B
:101CD0009DF8F850FF2D0AD01E9E08F101012BF04F
:101CE00038FDFF20357130704DB02BF0E3BC9AF811
:101CF000380002239AF84A100DF1F8089AF850209B
:101D0000022801F0030008BF012302F0030180F064
:101D1000010081F0010108430F990091B0FA80F0B1
:101D20000E994009CDE901132146DDE910320390F7
:101D300040461EF08FFB9DF82161022E09D198E8E4
:101D40006E0048466EC01E9E99E83E00301D3EC0A3
:101D5000A9E732AC3EA929222BF003FDBDF82601EC
:101D60002146ADF830012922DDF822014B903EAD2D
:101D70002BF0FEFC50462946292241F039FA4B98B7
:101D80001E99CAF82A00BDF83001AAF82E000A20D0
:101D90008AF829600870A7E7102B7DD1F0B503AF52
:101DA0002DE9000F9DB009908846F868137800F17E
:101DB0006006D2F80100D2F80540D2F8095043EA93
:101DC000002C39692B0243EA1463240244EA1060B0
:101DD000D47BB2F80D20C6E900C042EA04421202E8
:101DE00042EA1562C6E9023218A803F05BF806F170
:101DF000300A189806F11003F66B1A9A08F07F045F
:101E00001999DDF86CB0069283E80708A4F1400246
:101E10000791314608909AE82006504641F06EF846
:101E2000CDF81480804628464946224641F066F89F
:101E3000C4F14002814650463146D7F80CA041F02B
:101E400073F80AF1200103910699402CCDE901BAFB
:101E5000009138BF49EA00082948002C08BFA8466D
:101E60002CF0A8FA0AA8DDE907321CF041FBDDE9F5
:101E70000C01DDE90A23CDE9000118AC204604F08D
:101E80009BFE9DF86050FF2D0CD0611C0FAC2BF019
:101E90003FFB099E21461FE0FF21017040F6032110
:101EA00081807047DDF814900FA8C61C211D1022F8
:101EB000D7F808802BF020FC14AD31462BF02CFB1A
:101EC00018AC41462A4620461EF091FA9DF8605013
:101ED000FF2D09D0099E611C2BF03BFCFF203571C2
:101EE00030701DB02BF0E6BB099C5146B02204F1C6
:101EF000080040F0F3FA0620C4F804902070F0E7E0
:101F0000C0FFFF7FF0B503AF2DE9000B94B004468E
:101F1000F8680DF13C082BF021FE9DF83C00FF28ED
:101F200003D040F6032020801DE0A7F14E0008F109
:101F30000401851C2BF0F0FA02A82946861C2BF020
:101F400032FA0BAD31462BF0E7FA2CF035F9207858
:101F5000FF2808D02BF0D7FE044824F0DBFF2BF03D
:101F6000B8FC25F03FF914B02BF092BCDE00000065
:101F7000F0B503AF2DE9000F9FB08246880701D46A
:101F800011206FE0D56B934605F108030FCB41EAB2
:101F9000030440EA0206344311BF8DE80F0000201D
:101FA000CDE90200CDE9000016AE6946304604F0E6
:101FB000F7FE9DF85840FF2C3DD111A8311D00F1CE
:101FC000030810222BF0F5FD0AAE41462BF0EBF989
:101FD0000DF15809594632462CF0FEF99DF858404B
:101FE000FF2C30D12868C10741D06968000A0A0E69
:101FF0008DF83E200A0A40EA0160ADF83C200E90C0
:1020000016AE0EA9304604F015FF9DF85840FF2C7F
:1020100011D1311D40462BF0C7FB1BAE41462BF0C2
:10202000C2F905A8594632461EF0E1F99DF8144060
:10203000FF2CA5D00DE011AD711C13222BF098FBE5
:1020400005A8294602E005A809F1010101302BF09D
:1020500050FB05A90AF1050001312BF04AFBFF20D6
:102060008AF804408AF800001FB02BF023BB052437
:10207000EFE7F0B503AF2DE9000F8BB0044602A8DF
:102080000E460021924604F06DFD9DF80800FF28E1
:102090001DD09DF80B10E170BDF809109DF81B20B4
:1020A000DDE903C5A4F80110BDF81910059E9DF8DF
:1020B0001830ADF81C108DF81E202374C4E901C53A
:1020C000E660A4F81110E27420702BF07FBA9DF83E
:1020D00018B0059DBDF81900ADF8040059469DF8EB
:1020E0001B008DF806002846DDE903891AF0FEFB87
:1020F00002460B4606F1480011461A462BF020F81E
:10210000C0B202281CD1BDF804005146ADF8290028
:102110009DF806008DF828B00995CDE907898DF85E
:102120002B0002AD07AA28461EF061F99DF8086051
:10213000FF2E10D0601C691C2BF0DBFA2670C4E760
:1021400005204946207040460BB0BDE8000FBDE8B1
:10215000F0402AF0CBBFFF20B6E7D4D4F0B503AFF0
:102160002DE9000F9FB00D46B968069314460B90F9
:102170001AA802F097FE1A9804F170061C9A05F04E
:102180007F0504F1900B1B991D9B0FC60892A5F1CA
:1021900040020A909BE8400E504609915946079329
:1021A00040F0ACFE8046304649462A4640F0A6FE46
:1021B000C5F1400281465046594640F0B5FE04F153
:1021C0002001402DCDE90241079901910899009124
:1021D00038BF49EA00082448002D08BFB0462CF05B
:1021E000E9F80CA8DDE909321CF082F9DDE90E01FD
:1021F000DDE90C23CDE900011AAC204604F0DCFC3B
:102200009DF86850FF2D0BD0611C11AC2BF080F9AC
:102210000B9E21461322701C40F0EAFF35701FE030
:10222000DDF82C8011A8C51C211D2BF075F916AE08
:1022300029462BF0B8F81AAC0699324620461EF013
:10224000D6F89DF86850FF2D07D008F10100611CF9
:102250002BF04FFA88F8005002E0FF2088F80000C9
:102260001FB02BF027BA00BFC0FFFF7FF0B503AF50
:102270002DE9000FB5B016461D46CDE91210B04647
:10228000D6F83D000DF1A00C55F8702FCDF8A30045
:1022900058F83A0F289056F8410FD5F808906B6817
:1022A000D5F80CA0D5F810E0D5F814B0AC69E96900
:1022B0002C90D6F8030014921593CDF86C90CDF8BD
:1022C00068A0CDF864E0CDF860B017941691CDF811
:1022D000B3002CA88DE800460DF18009CDE9051C5E
:1022E000A5F1300107904846CDE903B41CF076F91A
:1022F0001CA899E81E0005F1300B1EC0249811900F
:102300002598109026980F9027980E90F01D9BE826
:10231000100AD5F83CA02AF05BFE20F07F40CDE902
:102320000A08DDE91A10CDE908BA0C96CDE90001DA
:10233000199802901898039017980490169805A978
:1023400081E8110228A81CA9DDE914231CF06CF80F
:10235000DDE928230DF18009DDE92A01CDE900013D
:10236000484604F0EDFC9DF88060FF2E0ED02CACAA
:1023700009F101012BF0CCF8139D21461322681DB1
:1023800040F036FFFF202E71287051E0DDF84C80C0
:102390002CA8C61C09F104012BF005F831AC31461C
:1023A0002BF018F90DF18009129922462CF014F83F
:1023B0009DF88040FF2C0BD008F1050009F10101C8
:1023C0002BF097F9FF2088F8044088F800002FE0F0
:1023D00005F1200B464608F11804ED6A9BE8000D54
:1023E00009F107001CA92BF0DFF90B20494606F87C
:1023F000010B17222BF080F9199804F12C012062AF
:10240000189860621798A0621698E56381E8010D3C
:1024100011982060109860600F98A0600E98E0609E
:1024200014982061159860611B98A0611A98E0616A
:1024300035B02BF03FB9D4D4F0B503AF2DE9000F80
:102440008BB004460220ADF80A0001208DF8080088
:102450001E462C4888468DF80920039007A82AF0CC
:10246000FBFD079DEDB3DDE9089BFB20D7F808A035
:10247000CDE904B00020069004A803A9FFF76CFA88
:10248000C0B202281CD104A802A9FFF765FAC0B2A5
:10249000022815D1DDE90530191A02290ED3049A54
:1024A00019490091811C019127F0F8FFCDE907013E
:1024B00007A8314602221DF0A9FEB0B1042004E0B5
:1024C000C0074FF0040018BF0D200121207061707B
:1024D000284649460BB0BDE8000FBDE8F0402AF0A1
:1024E00005BE162020702BF071B8019851460A9055
:1024F00007A880E8200A07AB204642461BF06DFD86
:10250000F1E700BF060005005856040091F8673354
:1025100001F51472012B12BF91F8561202F58C725C
:102520000121A0B1D0B502AF9388B0F8154112686F
:102530006340D0F8114162401A4390F81731594076
:10254000C90718BF0020002A18BF0020D0BD0020F6
:102550007047D4D4F0B503AF2DE9000794B002ADB5
:102560008846814648212BF09BFCD8F80C40482631
:10257000334B2946482C38BF26463046482229F09E
:10258000EFF90546D8F808008A4621461DF024FADE
:102590008E4251D803462B4800901A462846514691
:1025A000334626F051FA022C09D22D4824F0B2FC11
:1025B000304624F0A1FC24F015FE0A2019E09DF815
:1025C0000800441EE5B20E2D12D22046A6F1010AE3
:1025D0001AF0FEFB80B282451BD109F1010002A96D
:1025E000482240F005FEC9F84C6089F8004008E038
:1025F000072089F80500032089F80400FF2089F8E6
:102600000000D8E900012AF071FD14B0BDE8000710
:10261000F0BD0D4824F07EFC0C480D4CA0470D4841
:10262000A0470D480D4950F8250051F8251022F01B
:10263000D1FB0020A047BEE70A4B0A462BF0E3F986
:1026400088570400A8570400D400000014000000BC
:10265000D36E02003102000008DF0400D0DE040067
:10266000D500000098570400F0B503AF2DE9000F26
:1026700095B01C788046FF2C15D046481D4616465E
:102680008A4693F801B024F045FC434824F021FC2D
:10269000284628F05FFF032C18BF4FF0080B24F0EA
:1026A000A1FD192C05D1FF2088F8000015B02BF0F2
:1026B00001B8B6F858430FA82AF0CEFC0F980028AE
:1026C00048D0A7F143000094C51C0FA90C222BF0A1
:1026D0004FF8A7F152002946C61C0C222BF00CF82B
:1026E00012AD31460C222BF043F802A829460422F1
:1026F0001AF00EF99DF80800DDE903549DF8186002
:10270000FF28DDF8149026D1484631461AF0EEF83D
:10271000E1B380F800B030461AF0E0F8CDE904905B
:102720004046CDE9025402AD009A51462B461BF0BB
:1027300054FC98F80000FF28B5D098E85E002846C1
:102740005EC0164824F0E6FB284628F0F5FE24F08B
:1027500049FDABE716209DF80B1088F80310BDF873
:1027600009109DF81B20A8F80110BDF81910ADF84C
:1027700004108DF8062088F81060C8E90154C8F8E4
:102780000C90A8F8111088F813208DE7044A2AF05D
:102790000EFE00BFCD0000000B020000D2000000C2
:1027A000C8570400F0B503AF4DF8048D92B00DF199
:1027B00004080D4606461146404644221C4640F099
:1027C0003DFCB8682946009030464246234600F05A
:1027D00005F812B05DF8048BF0BDD4D4F0B503AFAA
:1027E0002DE9000FADF29C6D189301F1780A179056
:1027F000DCAE91F8C84006F1600B90460D46022C05
:10280000199132D10DF168092946C82248463FF096
:1028100065FE152028710E2028709DF8685098F8E4
:1028200000000C2D00F2128306F17004DFE815F0B1
:102830000D008C0142012801C9000A01DF010E03CD
:102840007502C6020E03AB029700FF2804BF98F87A
:102850000C10002900F02287411E0329C0F0B88225
:10286000002840F0EF8200F05ABF0DF50C792946A0
:10287000C8221AAE48463FF031FE15209DF83012AE
:102880002871122028700F2998F8000000F2B685F0
:1028900006F16005DFE811F01000C10302039F0498
:1028A000CF04B2057B03E0032204B205AB05320579
:1028B000B205B205E6028803FF2804BF98F80C2091
:1028C0000A2A40F09B85D8F80800002802F0988278
:1028D000199D0C22D8F8041095F81901032808BF97
:1028E0000822DDF860A0DAF8383093F8700393F826
:1028F0007133024485F81A210C7813B1012185F84F
:1029000018110DF59F6858B195F81C0195F81D1127
:1029100040F0030085F81C0141F0030185F81D110A
:102920001AA851461DF009FF9DF891000DF55C793C
:10293000022807D0600741F1C3829DF89000022869
:1029400001F0BE82DCAC2BF06EFA2BF0CEFD01F074
:102950001B822AF029FE8DF8FC5401F0C6BAFF282C
:1029600004BF98F80C10082940F02F82D8F80820EE
:10297000002A02F04382D8F804000478022C81F087
:102980001A800DF59F68062A42F22A82199A50F899
:10299000011FDDF860A0C2F811118188A2F815119D
:1029A00092F8F91082F81741022900F0FB8681881D
:1029B000A2F8F4100068C2F8F00082F8F64000F0C7
:1029C000F1BEFF2804BF98F80C10022900F05186D0
:1029D000042800F23E82DFE810F0E806FB01FB016C
:1029E0000500E8060DF59F600DF59F6B00F1900561
:1029F0001998902200F1180158463FF06FFDDCAEA7
:102A000009F1010111222AF077FE0024D8F8040010
:102A1000C5E90004C5E904049DF87003C5E9024452
:102A2000C007C5E9064401F05C85DDF860A0721CB2
:102A3000B8680021CDE900AB102302908CA8FFF705
:102A4000ABF9CBE1FF2804BF98F80C10022940F045
:102A5000BC8119980DF59F64B02200F10801204651
:102A60003FF03CFDD8E90123A046DDF860A0B8683E
:102A70001B99CDE900A402908CA8FFF78DF9AFE176
:102A8000042800F2E887DFE810F090060500C70789
:102A9000A30190069DF86900002801F0778119993B
:102AA00009F118001022D031CDE9001009F102011E
:102AB00000F043BFFF2804BF98F80C10032940F032
:102AC0008481199D4CA870222AF036FFDAF80000A4
:102AD00005F1980116902022DAE901B9DAF80C60C4
:102AE000C6A840F085FB2AF0A5FF40F09A87D8F8E9
:102AF00004000DF59F6A169A5B461596D0F80910EA
:102B00001491D0F80110139101781291C17B1191A9
:102B10001899D0F80550B0F80D0010905046CDE946
:102B200000965E46FEF7BEFF9DF8F884B8F1FF0FF1
:102B300001F06F828CA80AF1010105302AF0D9FD5D
:102B40008DF8348200F0A8BFFF2804BF98F80C105D
:102B50000B2940F03A81D8E901120DF5467840463C
:102B60002AF09EF9DDF860A02022DAF82C10BEAC25
:102B70002AF0F7FDDAF830104CAE40222AF0BCFD06
:102B80000DF59F6921464246334648462AF0B8F87B
:102B90009DF8F804C00700F049879DF8FB0409F18F
:102BA00006018DF806021222BDF8F9049DF8FC44D6
:102BB0009DF8FD64ADF804027CA840F019FB09F112
:102BC000180079A90DF59F6A0CC80CC1007808702F
:102BD0004CA9504604F03CF89DF8F804FF2801F099
:102BE00072820A2003258DF8710301F097BAFF283D
:102BF00004BF98F80C10032940F0E7802BF09CFBF1
:102C0000DCA83FF06BFC2AF015FF40F01887D8F8DD
:102C100004001B9DDBE90E98D0F801100278129594
:102C200005F07F0542EA0122CBF820201692D0F869
:102C30000930D0F805201C0244EA1264120242EA6C
:102C40001161CBF82840CBF82410C5F14002159152
:102C5000C17BB0F80D00149440EA014041460002E7
:102C600040EA136A4846CBF82CA0DBE90C6440F03C
:102C70005BF91390304621462A4640F03FF9A5F112
:102C8000400204464846414640F038F91399402D29
:102C900038BF44EA0100EF49002D08BF3046DCAAE6
:102CA00061F35F00149B02F12001CDE9003ACDE908
:102CB00002120490BEA8DDE915321BF019FCDBE915
:102CC00000ACDDE9BE648CEA0401DBE90289DDE9E0
:102CD000C03589EA050008438AEA060288EA03014A
:102CE0001143084341F06680DBE904230DF59F643E
:102CF000DBE90601CDE90001204603F083FF9DF8E2
:102D0000F854DDF860A0FF2D01F0FB84611C4CAC91
:102D10002AF0FEFB8CA821462EE0FF2804BF98F87D
:102D20000C10032951D12BF007FBDCA83FF0D6FB98
:102D30002AF080FE40F08886D8F8040004F11005DF
:102D40002AF02DFD0EC5B968E061204602F0AAF810
:102D5000DDF860A0D4E90201D4E900230DF59F64F9
:102D6000CDE9000151462046FEF79CFE2BF0B5FB55
:102D700001F0E6818CA8611C05302AF0BAFC8DF8C0
:102D8000345200F057BEFF2804BF98F80C100729F2
:102D90001BD12AF04FFE40F07C86199890F8F9007C
:102DA000022808D0D8F804000AF168042AF0F7FCD9
:102DB0000EC4CAF874000C2000F06FBEFF2804BFD8
:102DC00098F80C100C2900F0B085411E032936D26A
:102DD0008CA81AA92BF086FADDF860A00DF59F6883
:102DE0009DF83002FF2800F0E7840DF50C790DF511
:102DF0009F60C82249463FF071FB9DF8F8040E28F9
:102E000000F0E484199D0D2840F0008595F8F980C4
:102E1000B8F1020F00F0FA8495F81A0100F00300EF
:102E2000012802BF95F8200100F00300012800F0FE
:102E30002A8595F8F8C04FF0020800F051BD00282F
:102E400000F06B84042804D100F0AFBCFF2840F0F0
:102E5000598498F80C00042800F0F1830D28B7D0AD
:102E600000F0A3BCFF2804BF98F80C20072A40F00C
:102E7000C5822AF0DFFD40F0A486199D95F8F9007F
:102E8000022808D0D8F804000AF168042AF087FC68
:102E90000EC4CAF874000F2000F098BEFF2804BFCB
:102EA00098F80C200B2A40F0A982BEAE09F104016B
:102EB00020222AF021FCDDF864B00DF5467940228D
:102EC0000BF1240A4846514640F092F9D8E9011224
:102ED0004CAC204629F0E4FF0DF55C7831462246E3
:102EE0004B46404629F00CFF9DF87003C00700F0E8
:102EF00070869DF8730308F106018DF8AA0012226E
:102F0000BDF87103ADF8A800BDF874431AAE06F120
:102F1000450040F06DF906F1570008F118012BF05B
:102F2000C3F906F120004CA92AF003FD30465146B2
:102F30002AF0FFFC28465021ADF8AB4040F0CCF819
:102F40009BF80801811E38BF0221DDF860A0C9B2DC
:102F5000022901F034820DF55C79032941F04E829B
:102F60000F202BF09CF9DAF83820D6AEDCAC2AF032
:102F7000BEFF9DF85853FF2D41F0E883E01D1AA9CC
:102F80002AF0ADFC09200DF59F6801F0F9BC98F816
:102F90000C10FF2808BF022900F04F84DDE918A5B6
:102FA000FF2800F0318276E2FF2804BF98F80C2059
:102FB000082A40F02382D8F80820002A01F022874E
:102FC000D8F80400DDE918A50478022C80F04086CA
:102FD0000DF59F68062A41F2058750F8011F0DF58F
:102FE0005C79C5F811118188A5F8151195F8F910CB
:102FF00085F81741022907D08188A5F8F4100068E8
:10300000C5F8F00085F8F64095F822110DF59F609F
:103010005246FEF7ADFF00F0A9BFDDE918A5FF2875
:1030200040F0FC8298F80C100A2900F0DF85012995
:1030300040F0EA81D8E90112DCA82AF091F89DF865
:103040007003022840F0D4860A202AF089FA01F0A1
:1030500090BA00BFC0FFFF7FFF2804BF98F80C2084
:10306000022A40F0CB81199DDCA860222AF064FC82
:103070009AE8500805F188013022DAF80C901AA875
:1030800040F0B6F82AF0D6FC40F0F883D8F80400F7
:103090000DF59878224633468D9D0168169141685A
:1030A0001591816814911899C06813904046CDE934
:1030B00000B9FEF727FF9DF830A1BAF1FF0F01F02C
:1030C000B6800DF59F6208F10101501D90462AF06F
:1030D00010FBFF208DF8FCA401F0CDB8FF2804BF41
:1030E00098F80C20032A40F08981199DDCA8B022B1
:1030F0002AF022FC2AF09EFC40F07A858D98DBE9CC
:103100000EA900F07F04DBF83410A4F14002DBF8D4
:1031100030501591494614905046D8F804601695E1
:103120003FF0ECFE15998046284622463FF0E6FE29
:10313000C4F140021590504649463FF0F5FEB36891
:10314000F568D6F800907268DCA9039120310291ED
:10315000402CCDE91253CDE90035159938BF41EA2D
:1031600000081698002C08BF8046E3482BF022F98F
:1031700090461AA84A4643461BF0BAF9DBE900C15B
:10318000DBE902231AAE1D9870CE6940584008430F
:1031900086EA020184EA0C021143084340F03186BA
:1031A0001499DDF860A0CBE908980DF59F68139895
:1031B0001329CBF828001298CBF82C0041F0DE81BF
:1031C000DCAB199D0DF59F60514605F1D002FFF76C
:1031D0004DF800F04ABDFF2804BF98F80C20022AE1
:1031E00040F00C812BF0A8F81AA83FF077F92AF0EC
:1031F00021FC40F04383D8F804002AF0D0FA85E897
:103200000E00B968E86005F1100001F04BFED5E949
:103210000601D5E90423CDE90001DCAC2AF009FE62
:103220002BF063F940F09686E01D1AA92AF057FBAF
:10323000042000F0E7BEFF2804BF98F80C20032A02
:1032400040F0DC8019980DF1680BB02200F1080104
:1032500058463FF043F92AF0EDFB40F00F83D8F8D1
:1032600004000BF120028168D0F80CA0D0F8049083
:10327000D0F800800020CDE9001ACDE915214B4699
:10328000CDE9022B42460490C6A81BF031F9D5E9DE
:1032900002E3DDE9C646DDE9C802D5E900C15A40CE
:1032A000714080EA0E0011438CEA04021043084387
:1032B00040F0B48505F11003169CC5E908890FCBD1
:1032C000C5E90A4A159DCDF800B001AE86E8200395
:1032D000CDE9044A1BF04AF9199D044695F8080106
:1032E000022841F06381854823F014FE2AF00DFE88
:1032F00023F078FF0DF59F601AAB39E3FF2804BF78
:1033000098F80C200C2A79D1DCA8199C00F1100542
:10331000DCA804F1080150223FF0E0F8D8E90101EF
:1033200005F1280B0E902869139068691290A8691E
:103330001190E8691090286A1490686A1590686B7B
:103340000F9004F58F709BE8000B1691D5E90EA63F
:1033500029F03EFED4F8142120F07F40D4F811115A
:10336000CDF833214C91D4F80D21D4F80A11CDF8C1
:103370006B201A91CDE908A60A904CA80B901AA8C8
:103380000C90139802901298039011980490109842
:10339000CDE9050B0F98CDE900890790D6A8DCA9E7
:1033A000DDE914231BF040F81698102806D1D6A9A1
:1033B0000E981DF017FD002800F039854FF00B091D
:1033C0000325DDF860A00DF59F68BEA908F1060091
:1033D00012223FF00DFFFF208DF8FD948DF8FC5474
:1033E0000DF55C798DF8F804199D00F0C1BDFF283A
:1033F00004BF98F80C20032A00F0A782FF280BD105
:1034000098F80C10DDE918A5042924D02AF0A8F8B2
:103410000D2900F008810DE1DDE918A5053908291D
:1034200000F2FC80DFE811F009003700FA00FA0032
:103430009200FA00FA00DE00F700012800F0E282B4
:103440002AF08EF8022840F0F58040F60340ADF8EF
:10345000FC0400F090BDD8F808000DF55C79002858
:1034600001F0C884D8F804000478254823F052FD00
:10347000601EC0B2102828BF0824204628F00EF98C
:1034800023F0B0FE03208DF8FD448DF8FC040DF50B
:103490009F6800F070BD032840F0C080DCAE05F1ED
:1034A0001801902230463FF019F80020D8F8041097
:1034B000CBE90C103246CBE910100021CBE90E000D
:1034C0005346CBE91200B8689DF8315200901AAC0F
:1034D0002046FEF743FE9DF86860FF2E00F09183C2
:1034E0000DF59F68611C08F105002AF002F98DF8BE
:1034F000FC6400F035BD00BFC0FFFF7F340000005A
:103500009300000008A404002000000094000000C4
:10351000D80000001F000000DC000000E2000000F6
:10352000DA000000CB000000D30000001E00000005
:103530009DBC0200BCD50400E4000000CE000000E9
:10354000D700000064000000C9000000042865D115
:1035500005F108011AADB02228463EF0BFFFD8F8A9
:10356000010008F1210416902022D8F80D00214610
:10357000D8F805B0D8F809A015904CAE2AF0BCF8E0
:103580005FF8801020461DF02DFC40B95FF88C10CC
:1035900006F110001DF026FC002800F0AB8429463F
:1035A0000DF598792031002099E860033346CDE984
:1035B0000089CDE902112A460490DCAC20461AF0BD
:1035C00097FF4CA800F1100120461DF00BFC0028CD
:1035D00000F09484FF208DF8F80440F20340ADF829
:1035E000FC044DE1D0B998F80100002800F08B836D
:1035F0005FF8EC0023F09AFC95F823010DF59F6825
:10360000800700F13D8695F822110DF59F60524626
:10361000FEF7AEFC29E3002800F0E88129F0A0FFC6
:103620000138022806D20DF59F608CA92AF05AFEB7
:1036300000F09CBC15208DF8FC0400F09CBCD8F870
:103640000800002801F0D883D8F8040004785FF857
:10365000440123F05FFC601EC0B2102828BF08247C
:10366000204628F01BF823F0BDFD8DF835420320DD
:103670009CE02AF0DFF940F08781D8F804108CAC88
:10368000A01C2AF091F819990DF59F682AF0B2FB59
:103690002AF0E8F8DDF860A004207DE118990DF526
:1036A0009F60D8E901A91DF048F89DF8210502287E
:1036B00019D00D200DF59F688DF8F8041898434631
:1036C000816A826BDCAC2AF0D4FC9DF87003FF2881
:1036D00009D02AF018FB5FF8C80123F01BFC2AF080
:1036E000F8F823F07FFD0DF59F6051464A4629F01A
:1036F00037FD9DF8F844022C40F052812AF04AF838
:103700000A20BBE2072D08BF042800F0CA81411E31
:103710000329FFF45DAB002847D10A2D45D198F865
:103720000100002800F027815FF8180223F0FEFB5B
:10373000DDF860A00DF59F680DF55C793DBB0DF5DA
:103740009F64514620461CF0A6FF9DF82155FF2D91
:1037500000F00087DCAC0DF59F6129222AF001F80A
:10376000DDF822052146199E29228890BDF82605FC
:10377000ADF8240206F1D0003FF03AFD8898C6F873
:10378000FA00BDF8240286F8F950A6F8FE0019994F
:1037900091F81D01800700F1AB8291F822018007AA
:1037A00000F143850D2001F0E2B815208DF83402B8
:1037B000DDF860A00DF59F688CA808F104010430C5
:1037C00090E87C000E207CC18DF8F8040DF55C7942
:1037D00008F1040109F104001DF062FB0C202AF03D
:1037E0005EFD4B46DAF838204CAC2AF042FC2AF059
:1037F0004FFC0AD02AF082FA5FF8E40223F08AFB39
:10380000484627F099FE23F0EDFC199D0DF59F61C8
:1038100028462AF067FD8CAC2946204628F0B2FAEB
:10382000FF208DF870039DF83002DCAEFE2818BF33
:103830002646179D96E81F00DAE3DDE918A52AF071
:10384000F9F840F0CA80D8F804100DF59F6808F127
:10385000020029F0A9FF0DF55C7905F1180109F1C5
:1038600006002AF03CF8012049468DF8F90408F1D9
:103870001200B6223FF0BCFC062038E329F0D6FF48
:1038800029F088FF6FE34CAE05F1D0045146304675
:1038900022461CF082FE2AF0FBFB10D00DF55C7A6C
:1038A00096E83E0050463EC05FF890032AF010FDB7
:1038B000504605F1D00427F03FFE23F093FC20682A
:1038C00005F1E00C1690AB4660681590D4E902AEA5
:1038D0004C469CE86F006FC4DDE915209BF8F8C0EA
:1038E000CDE9E0AE0DF55C7ECDE9DE020EF118010A
:1038F0008DF871C399E87D00F1467DC10B207346B8
:103900008DF8700318988DF8A1838DF8A0C3816A93
:10391000826B4CAC2AF0ADFB2AF0BAFB3FF475AFDA
:103920002AF0ECF95FF8080468E7199B09F1080030
:10393000D8E90112D033CDE900308CA8DDF860A0C1
:103940005346FEF7E5F8FFF749BA199DDCA8B02207
:1039500029F0F2FF2AF06EF840F04E81D8F804000A
:1039600029F01DFFFF90FCA80EC0DCAB0DF59F6099
:10397000DDF860A04AE05FF8540423F0D7FA2AF09B
:10398000BCFD40F603702FE20520DDF860A08DF845
:103990003402FF200DF59F688DF83002FFF722BA40
:1039A0009DF8FA540DF59F68DDF860A0280700F136
:1039B0005F81032062E15FF8900423F0ABFA2046B8
:1039C00021F0C0FB23F00EFCDDF860A005200DF512
:1039D0009F688DF8340200F0C9BF05200DF59F687F
:1039E0008DF8FC04FF200DF55C7980E298F8010069
:1039F000002800F095815FF8CC0423F097FA11209D
:103A000000F045BC09F108030DF59F6005F1D002F7
:103A10005146FEF72BFC26E140F60340ADF8340298
:103A2000C6E640F60320ADF8340235E040F6033038
:103A3000ADF83402FF200DF59F6800F098BF2AF022
:103A40005CFD40F60320CFE12AF057FD05208DF8FC
:103A50003402FFF7C1B99DF8690000287FF4F9A985
:103A600098F80C000C287FF4F4A929F0E3FF40F04B
:103A7000C186D8F804108CACA01C29F095FE1999C9
:103A80000DF59F682AF0B6F929F0ECFE032000F04E
:103A9000B7BE05208DF83402FF208DF83002FFF705
:103AA0009BB9199C0DF59879B02204F1080148469C
:103AB0003EF014FD08F121060DF5467A202250460D
:103AC00031463FF095FBD8F801001690D8F8090070
:103AD0005FF8D0151490D8F80D0015903046D8F83E
:103AE000055094F81EB128F0D1F840B95FF8EC15F4
:103AF0000AF1100028F0CAF8002800F0FC84CDE993
:103B000012B5C6AB0DF53E780FCB119000BAC1903F
:103B100008BAC09010BA10914146BF9018BA0F92DF
:103B20000E93BE90DCAE304620F0AEFF0DF59F64E4
:103B3000002531464FF4B8722046CDF8DC54CDF85C
:103B4000D854CDF8D454CDF8D054CDF86856CDF82B
:103B50006C56CDF87056CDF874563FF06FFADCAE67
:103B600021464FF4C0722AF076FC09F120045FF878
:103B700040963046202221468DF8F054C847304602
:103B800021462022C8470DF59F64304601228DF85A
:103B9000F8542146C847204631464FF4C2723FF0E0
:103BA0004DFA9DF878A604F5B8715FF878361022C2
:103BB000504627F01AFB002966D000F8015B013956
:103BC000F9E70520199D8DF8FC04FF208DF8F80415
:103BD00014E040F60330DDF860A0ADF8FC04FF20EF
:103BE0008DF8F80429F0BCFC5D46BFE101204EE3EE
:103BF000052029F0CFFD08E129F018FEDDF860A0CE
:103C000031E00DF59F68E80700F0508109F10200EE
:103C100029F0C5FD8BE80E00CBF80C00DBE90601AE
:103C2000CDE900015146DBE904231AAC2046FEF73A
:103C300069F99DF86850FF2D40F08E8108F1080069
:103C4000DCA92AF011F80020CDF8FC04082088E156
:103C50005FF81C0723F05EF9204621F073FA23F089
:103C6000C1FA29F0E3FD0DF59F680DF55C797DE162
:103C70009DF8FB64102E80F0708206208DF83502CE
:103C800003208DF8340297E5A7F13C060025204675
:103C900047F83C5C31468DF8785647E90E5547F8B1
:103CA000305C28F05DF8A7F12C09314648461DF03C
:103CB00053F904F5B076102D09D06019013590F84C
:103CC000601190F87021514080F86011F3E7BAF16B
:103CD000100F40F06C8229F05DFDDDE912B5002087
:103CE000102800F07D8219F8001029F0FFFDF7E799
:103CF000DAF83C4004F108032AF03BFB00F0918322
:103D000082AD0FC592E35FF8CC0723F00FF940F6C0
:103D100003700DF59F68ADF8FC040DF55C792AE1A0
:103D20000DF55C7829F0C9FF0DF168090D204346B7
:103D30008DF8700348461CF007FC2AF0BEF80BD043
:103D400099E86E0040466EC05FF80C082AF0C0FA91
:103D500029F0BFFD23F046FAE00700F093825FF8F8
:103D60001C0823F0E3F8DCAC2AF05DF89DF87053F2
:103D70000DF59F680DF55C79FF2D00F0478529F062
:103D800013FC8DF8FC54F6E00120AFE019990DF515
:103D90009F6808F10700B02218313FF029FA092086
:103DA00041468DF830028CA82AF0B2F8DDF860A008
:103DB000FFF71BB85FF870089B46169535466646B8
:103DC00023F0A8F85046314642464B4627F0B2FA57
:103DD000169B284621465A4627F0ACFA23F002FAF1
:103DE0002AF08BFB40F20340ADF83402FEF7F4BF3B
:103DF0009DF8721329F0B4FB0A0700F1B483032085
:103E0000B7E329F0C7FC199D032004218DF8FC04B9
:103E1000FF208DF8FD148DF8F80426E7DDF860A08A
:103E200029F09EFB40F60340ADF8FC04E2E3DDF828
:103E300064B002260DF168089BF81A119BF8204126
:103E40009BF8080101F0030104F0030481F0010173
:103E5000022884F0010408BF01262143DDF860A098
:103E6000B1FA81F1D5E900234909D5E902050391A9
:103E700051468DE8610040461CF0ECFA9DF8685010
:103E800008F102019DF8699012229DF89160C6AC7C
:103E900029F067FC022E40F0AF83BEA84ECCFF2D68
:103EA0004EC0218801807FF48EAADDE308F108006E
:103EB000DCA929F0D9FE0020CDF8FC04072050E051
:103EC000DCAC514620461CF0E6FB9DF89953FF2DD3
:103ED00040F0CF830DF5987C94E86E0060466EC08C
:103EE00008F104009CE83E003EC0FF20199D8DF8BB
:103EF000F8043DE00DF5987999E860031AA800F1FF
:103F00007004199890F81E01002804BF8246834669
:103F1000169908BF0146159A08BF0246C4E9081B56
:103F200004F13000B968C4E90AA280E86003DCA8A3
:103F300000F0B8FFDDE9DE01DDE9DC23C4E90023A0
:103F4000C4E90201CDE90001DCAC29F072FF2AF0DE
:103F5000CCFA52D00DF59F6829F026FB8DF8FC5461
:103F6000FF208DF8F8040DF55C79199D9DF8F80493
:103F7000FF2840F0928108F1040009F1040190E863
:103F80007C0012207CC14C46199D8DF8700308F10D
:103F90000400211D1CF084FF0C20DAF828108DF895
:103FA000F8044346DAF838204CAC2AF062F82AF0DC
:103FB0006FF809D029F0A7FEDFF8900E2AF088F9F3
:103FC00029F087FC23F00EF91AACDCA928462AF068
:103FD00089F92046294627F0E6FEFF208DF8F804EF
:103FE0009DF86800FE2818BFA046179D98E81F009E
:103FF0001FC50DF29C6D29F05DBBE01D1AA929F0CB
:104000006EFC0A200DF59F682AF028F93FF0F0F8C1
:10401000A9E7DDE91010702241EA00484CA9DCA8AC
:104020003EF05CFA139A28022946149DDDF858B038
:1040300040EA126A1298C4E900B640EA0222280255
:1040400040EA11614FEA082040EA1568159D139275
:10405000C4E9035220221291C4F80890C4E905A1D2
:10406000C4F81C80DCAC04F19000C6A93FF0C0F895
:1040700004F12000129A8DE8110851464346139826
:10408000CDE9036905951AF071FA0446199890F87C
:104090000801022840F00F83DFF8C00D22F03AFF3C
:1040A00029F033FF23F09EF80DF59F64DCA9E01D95
:1040B00029F015FC092021468DF830028CA829F042
:1040C00027FFFEF789BE1694D6A800F102080AF170
:1040D0000401102229F06DFD82A84146841C29F0BC
:1040E00079FA0DF508782146102229F062FD0DF5C8
:1040F0005C79189942462AF06FF92AF0F6F900F037
:104100002B8399E85E0050465EC0DFF8540D22F024
:1041100001FF504627F010FA23F064F88CA8DCA9C0
:104120000530013113220DF59F683FF061F8FF2043
:104130008DF834528DF83002DDF860A0FEF750BEE5
:10414000E01DDCA929F0CBFB092021468DF83002C7
:104150008CA829F0DDFEFEF741BEBDF8FC949DF869
:10416000F9845FEA897041BF199991F81C0140F008
:10417000020081F81C015FEA895040F13584DAF8C9
:104180003C30D3E902E1D3E9042341EA030C4EEACF
:10419000020050EA0C0000F01084CDF8F8E4CDF8ED
:1041A000FC14CDF80025CDF8043500F00FBC16F84E
:1041B0000A00A7F12C0180F0800006F80A004046B2
:1041C0001CF0CAFEDDF860A00020DDE912B5102861
:1041D00004D018F8001029F089FBF8E70DF59F6866
:1041E0000DF59F60314627F0BBFD0FCE00BAC190A0
:1041F00008BAC09010BABF9018BABE90C6A800F115
:104200001001BEA827F042FD0DF1380EDDF844C0C4
:1042100000289EE8104200F076812AF06EF940F204
:104220000340ADF83402FEF7DBBD0B209FE30DF534
:104230009F6ADCA90AF1080060220AF168083EF0D2
:104240004DF9169808F10C01C8F8000030221598B5
:10425000C8F804001498C8F808001398C8F81C900F
:10426000D04681E851080AF188001AA93EF0C0FF43
:10427000CDF8FC5408208DF8F804DDF860A072E653
:104280000E2006E0DFF8AC0B22F050FE10200DF5FA
:104290009F680DF55C798DF8F8044C460DF59F6923
:1042A000DCA8C82249463EF019F99DF8700312288F
:1042B0003FF46DAE1AAC11287FF487AE95F8F98003
:1042C000B8F1020F04D1DFF87C0B22F02FFE73E06F
:1042D00095F81A0100F00300012802BF95F82001AB
:1042E00000F00300012804D095F8F8C04FF0020850
:1042F00031E04CAE05F1D00B514630465A461CF029
:104300004CF929F0C5FE0CD096E83E0048463EC068
:10431000DFF8280B29F0DCFF484627F00DF922F0E2
:1043200061FFDBF8000005F1E00C16900DF1680E5E
:10433000DBF8040014907446DBF808001590DBF8F5
:104340000CA0AB469CE86F006FC47446DDE91421F5
:1043500016989BF8F8C0CDF804252246CDF8000544
:1043600009F1180E8DF8F9C4CDF80815CDF80CA593
:1043700092E87B008EE87B000B204B468DF8F8041A
:1043800018988DF829858DF828C5816A826B4CAE06
:104390002AF064F829F07CFE0CD096E83E004846EE
:1043A0003EC0DFF89C0A22F0B5FD484627F0C4F86D
:1043B00022F018FF1AAC199D0DF59F6805E629F04B
:1043C000CFF8002800F025820A2029F068FFDAF8EB
:1043D0003820D6AEDCAC29F08AFD9DF85853FF2D6D
:1043E00040F0B681A01D1AA929F079FA06202146CD
:1043F000ADF8F80408F11200B622C3E208F1070094
:104400001AA9B0225D463EF0F3FE03200DF59F622F
:104410008DF8F804501C41469046B7223EF0E8FE65
:10442000A4E50020CDE98400CDE982000DF59F666A
:1044300082A9304602F0B4FC2AF04FF846D14CA8CD
:10444000311D00F10309102229F0C3FFD6AE494601
:1044500028F0A9FF0DF59F685146324640461BF0F3
:10446000C6FF2AF03AF840F06B812068C10700F0DF
:1044700073826168000A0DF59F660A0E8DF8F621B9
:104480000A0A40EA01607C90ADF8F4217CA930462C
:1044900002F0D0FC9DF8F8540DF59F68FF2D15D162
:1044A000311D484629F080F9BEAE494628F07BFF11
:1044B0000DF59F645146324620461BF098FF2AF0C6
:1044C0000CF840F010841999FFF767B9711C4CAED5
:1044D000132229F011F9C6A81ECE1EC029F082FEB3
:1044E0003DE28CA80DF59F61083029F0BDFB8D944D
:1044F0000520FFF7D2BADDE9C6CE0DF59F68DDE9EC
:10450000C894DDF860A04CA8149E90301BF0010107
:1045100004BF0E460D46169A08BF0A46159B08BFF3
:104520000B4600F10C0180E86400B022C0E906945B
:1045300008F1070081E808504CA93EF059FE082018
:1045400041468DF830028CA80130B7223EF050FE73
:10455000FEF746BC29F0D2FB49468CA891E87C00C6
:1045600004307CC002E29DF873230F2A00F2BA8166
:1045700006208DF8FD040320FFF75DB8B8684C1CD9
:1045800000901AAEDCAA214630465346FDF7E6FD00
:104590009DF868500DF55C79FF2D24D108F10800D5
:1045A000DCA929F061FBCDF8FC4499E1DFF86C0847
:1045B00022F0B0FC29F0A9FC22F014FEDDF860A086
:1045C00009208DF87003DD9429F077FB4CAEDCAC4C
:1045D00029F08DFC9DF830510DF59F680DF55C7943
:1045E000FF2D00F0C88108F10500711C29F081F849
:1045F0008DF8FC54FF20A2E208F1140C16960DF57C
:104600009878BCE84F00C646AEE84F009CF8000022
:104610008EF80000BDF89600ADF80C02DDF89200AF
:1046200082901AA94DCC8C46ACE84D00122220880D
:10463000ACF800000BF1D2008BF8D1908BF8D05081
:104640003EF0D6FDB8E83E000BF1E4003EC01699FE
:104650008BF8F91098F8001001708298CBF8FA00E6
:10466000BDF80C02ABF8FE000C200DF59F68FEF7BC
:10467000B7BE4CA8DCA929223EF0BAFDDDF89A03AA
:10468000022DC690BDF89E03ADF81C0300F0AF8369
:104690004CA9199C292204F1D0003EF0A9FDC6982E
:1046A000C4F8FA00BDF81C0384F8F9502546A4F8B4
:1046B000FE000D201BE4DFF8A00722F02BFC29F000
:1046C00024FC22F08FFDDDF860A00920CDF8FC4429
:1046D0000DF59F6429F0ECFA2346DAF83820BEAED7
:1046E00029F0BCFE9DF8F8520DF59F68FF2D00F0F3
:1046F0004D818CA8711C053028F0FBFF8DF83452D9
:1047000034E14CA8211DC61C28F04DFEC6AC314634
:1047100028F060FF0DF59F665146224630461BF09B
:1047200066FE9DF8F8440DF59F68FF2C00F03A8175
:104730008CA8711C053028F0DCFF8DF8344215E19F
:1047400008F10101C6A828F0D4FF06E10DF59F6825
:1047500008F10500711CEDE14CA9484629F0E9F883
:1047600009F12004C6A9202228F0FBFF1698122286
:104770008DF8B303BDF80402ADF8B0039DF806024E
:104780008DF8B20309F145008DF8B4637CA93EF0C1
:104790002FFD09F1570079A929F086FD58465021CF
:1047A0003EF09AFC19990DF59F6891F808010238BE
:1047B00038BF0220C0B2022800F0C581DDF860A039
:1047C000032840F0F7810F200DF59F6529F070FA5E
:1047D0002B46DAF83820D6AE29F040FE9DF8584333
:1047E000FF2C40F06582E81DDCA929F078F807204D
:1047F0002946A6E605200DF59F688DF83402FF20B6
:104800008DF83002DDF860A0FEF7ECBA199D0120AA
:1048100041E506F190001690E44840F2FF18D7F801
:1048200008A04FF0FF39834650461FF06BF904464D
:1048300050460E461FF066F9DD4D0023A0FB050231
:10484000E1FB0523A4FB0541A6FB056576184FF0A7
:104850000001454152F1000253F1000024EA08032F
:1048600041F10001BBEB030379EB060379EB050390
:1048700079EB0202D8D3169C0022DDF860A004F187
:10488000100384E8070083E8070008218DF87013FF
:10489000DA60E260DD9029F010FAD6ACDCAB29F0EA
:1048A000E8FB9DF858530DF55C79FF2D40F03D81F4
:1048B000B86800210090DCAC1AAA534620460026B6
:1048C000FDF74CFC9DF870530DF59F68FF2D40F0EF
:1048D0002E8108F108001AA929F0C6F9CDF8FC6468
:1048E00007202CE185F8201105F58F7185F81E0150
:1048F00005F58C70BDF874339DF87143A5F822312D
:1049000085F8212185F81F4128F06CFB85F8080106
:10491000DFF8100585F8091122F0FCFA29F070FA89
:1049200022F060FCDAF82C104CA829F002F8DAF832
:104930003010DCAE402228F0DFFE0DF16808314671
:10494000404602F085F929F0B8FA00F07A810A2091
:1049500003248DF819039FE105250DF59F688DF857
:1049600034528CA80530C6A928F0C3FEFF208DF86C
:104970003002FEF735BAE01D1AA928F0B0FF052075
:1049800029F06CFC3EF034FCFFF7EFBAA01DDCA967
:1049900028F0A5FF03202146ADF830028CA8123084
:1049A000B622D3E5129C132C40F08881F01DDCA9BF
:1049B00028F095FF09203146C3E50020CDF8040515
:1049C000CDF80005CDF8FC04CDF8F804DFF8681444
:1049D0000DF59F601CF006FA30B1199991F81D0190
:1049E00040F0020081F81D0119980C2180F8205137
:1049F000054680F81F8105F58C78A0F8229180F893
:104A0000216180F81E4190F81901032808BF082190
:104A1000DAF8380090F8702390F87133881885F828
:104A20001A0105F58F7013B1012188F80010414675
:104A300028F0D8FA85F80801DFF8340485F8091160
:104A400022F068FA29F0DCF922F0CCFB0DF59F602A
:104A5000012102F087F829F040FD3FD19DF808655B
:104A6000DDF80445BDF80905ADF8180331469DF899
:104A70000B058DF81A032046DDF8FC94DDF800558F
:104A800017F034FF29F015FA40461A4628F058FB73
:104A9000C0B2022844D1CDF8F8940DF59F68BDF856
:104AA00018030DF55C79ADF8050551469DF81A031C
:104AB00042468DF8070548468DF80465CDF8004557
:104AC000CDF8FC541BF093FC29F00FFD59D10DF5E6
:104AD0009F6801208DF83002FEF787B99DF8082500
:104AE0009DF8FB048DF88023DDF804258DF8730311
:104AF000BDF8F904DF92DDF800259DF80B15ADF83F
:104B00007103BDF80905DE92DDF8FC24ADF8300133
:104B10008DF83211DD928DF88313ADF881033BE0FF
:104B2000484629F0A0FA052536E00DF59F6808F102
:104B30000500611C28F0DDFDFF208DF8FC548DF888
:104B4000F804FFF712BADDF860A091F80901002817
:104B500000F0CE800A200DF59F6529F0A9F82B46BC
:104B6000DAF83820D6AE29F079FC9DF85843FF2CAE
:104B700040F09E80A81DDCA928F0B1FE0420294643
:104B80000AE799E85E0040465EC0BA4822F0C2F9E2
:104B900028F09FFE22F026FBDCA98CA8053001310D
:104BA00028F0A7FD8DF83452FEF704BEFFC5FCFFC8
:104BB00040420F00B9680BF1100000F073F9DBE917
:104BC00006010025DBE904238DE803020DF59F6053
:104BD000CDE9034519F08CFCDDF804150DF59F684F
:104BE000DDF8F824DDF8FC34DDF80005CBE902013E
:104BF000CDE900014046CBE9002301F0DDFF9DF83F
:104C0000F844FF2C63D182A808F10401C61C28F0E7
:104C1000CAFB88AC314628F0DDFC0DF556795146CB
:104C2000224629F0D9FB9DF85843FF2C40F08080A4
:104C300008F10700DCA928F052FE02204146FFF7E8
:104C400085BABEA808F10401861C28F0ACFBD6A8E2
:104C50003146841C28F0BEFC0DF502792146102255
:104C600029F0B7FB51460DF5467A4A4650461BF0EF
:104C7000BEFB9DF81843FF2C40D09AE86E004046DA
:104C80006EC0694822F046F928F023FE22F0AAFA05
:104C9000DDF860A00DF55C79C6A90DF59F6808F1F7
:104CA0000500013128F025FD8DF8FC44FFF763B9BC
:104CB0008CA8711C053028F01CFD4CE08CA8DCA9E8
:104CC000083028F0D1FF601C8D9005204FE682ADA2
:104CD00008F10101132228F04BFDD6AE2946701CC5
:104CE00028F007FD30E0611CC6A828F002FD36E67A
:104CF000DAF8000098B3DAF8041049E008F103008C
:104D00004CA928F016FE0DF59F64DCA904F12400DF
:104D100040223EF06DFA022041468DF8F804601CF6
:104D20002322A0463EF064FADDF860A0FEF79DBFA6
:104D300099E86E0040466EC04C4822F0EBF828F02F
:104D4000C8FD22F04FFAD6AE8CA8711C053028F0B1
:104D5000D0FC0DF59F68FF208DF8344207E6BE6851
:104D60002F4C414DD6F80001402807D33046002192
:104D700018F054FBD6F80001402846D2421C56F8E1
:104D80002000C6F80021A0FB0401A8421046EBD881
:104D90000BF1400000260BF13002CDF8FC14C0E905
:104DA00000160DF59F63C0E902660820C2E90016EF
:104DB000C2E9026628F07CFFDAF83820D6AD284632
:104DC0001BF0C2FB9DF858438CA8FF2C05D108307E
:104DD000DCA928F049FF8D9677E70530691C6AE762
:104DE0001B4B00E00B4B0120072121F04BFA0F4831
:104DF00021F0DEFE144A06E01F4A04E0154A02E0F4
:104E00000B4A00E0044A28F0D2FA164A402121F069
:104E10007FFA00BFD8560400C856040036000000D0
:104E200040420F0037000000E0000000B8560400C8
:104E3000A8560400CF00000008A40400E30000000E
:104E4000D9000000E500000098560400DB000000D7
:104E500028D4040018D404003500000033000000FA
:104E6000E10000004CA204007F3DF1FFDD000000E6
:104E700038000000D600000078560400D0B502AF1C
:104E800092B0BC688DF81020FF228DF80420CDE987
:104E900002343A69FB68009201AAFDF79FFC12B048
:104EA000D0BDD4D4F0B503AF2DE9FF07DFF894905F
:104EB00000260D468046EA46CDE90266CDE9006649
:104EC0000F2E1ED8D5F80041402C07D328460021CC
:104ED00018F0A4FAD5F80041412C2AD230465146A8
:104EE00010224B4626F081F902460B4605EB840062
:104EF000C4F1400123F0B8FD2044C5F800010E4480
:104F0000DEE704A89AE81E001EC004AB28F07EFC71
:104F10001FBFA8E80F0008B0BDE80007F0BD0848B3
:104F200021F0F8FF04A826F07DFC22F05BF922F0C6
:104F3000A7F8054B20464021402221F0A3F900BFED
:104F4000EB000000DCDA04003CA20400D0B502AFA4
:104F50000F4A5269BFF35F8FA2B152680123014427
:104F60001360002388420AD0D2F80041002CFBD005
:104F7000C2F80031D2F8084500F8014BF2E70120F1
:104F80005060D0BD034821F0D1FF22F079F800BF76
:104F900098E60320AD000000D0B502AF04460A48F1
:104FA00021F097FF2078FF2806D028F074FC2046D7
:104FB000BDE8D04026F0C0BA28F029FD6068BDE801
:104FC000D04023F0DFB800BF05020000D0B502AF2B
:104FD00004460A4821F07DFF2078012806D128F0F8
:104FE0005AFC6068BDE8D04023F0CCB828F00FFD33
:104FF0006078BDE8D0401FF025BF00BF1101000060
:10500000F0B503AF4DF804BD0446764821F061FFCA
:105010002578FF2D15D128F03EFC784821F059FF66
:105020002579FF2D26D128F036FC794821F051FF53
:10503000207A21F089FF608921F04BFFD4E9030138
:10504000B5E00020002621F07FFF674821F041FFF6
:10505000B5F10A0098BF3046E0B1012829D128F007
:105060001AFC634821F035FFA08921F032FFD4E912
:1050700001019CE028F0CBFC614821F02AFFDFE829
:1050800005F00543233221505B415F0028F0BFFC4F
:10509000E08811E028F0BBFC564821F01AFFDFE859
:1050A00005F0066A575C517A8C6096538E0000209A
:1050B00062E028F023FF4D485DF804BBBDE8F040F6
:1050C00021F007BF04202DE028F018FF4D4821F003
:1050D00000FF4D48257D21F0FCFE681E18BF012011
:1050E00021F032FF15E028F0B8FF607921F02CFFA5
:1050F000208921F0EEFEA0795DF804BBBDE8F04008
:1051000026F0BEBA072018E028F0C5FB3F4821F082
:10511000E0FE04F108005DF804BBBDE8F04026F0B5
:105120000FBB052021F010FF04F108005DF804BB5F
:10513000BDE8F04026F0F4BA062021F005FF34E087
:10514000082048E0042004E0092021F0FDFE8EE75D
:10515000022021F0F9FE6088AEE728F07EFF60882B
:1051600083E7072021F0F0FE608821F0B2FEA088DE
:1051700021F0AFFE19E0012021F0E6FE608A21F067
:10518000A8FEA08A21F0A5FE601C5DF804BBBDE866
:10519000F04026F0E7BA052021F0D6FE6088164DD3
:1051A000A847A088A847E088A847D4E902015DF88D
:1051B00004BBBDE8F04022F0C3BE062000E00A2098
:1051C00021F0C2FE608821F084FEA08874E70820E8
:1051D00021F0BAFE60785DF804BBBDE8F04021F034
:1051E000B3BE00BF02020000130200000302000071
:1051F0001A02000010020000D36E02001402000028
:10520000080200000A020000190200000902000062
:105210000E020000D0B502AF0446044821F059FE4A
:105220002046BDE8D0401EF02DBD00BF1400000098
:10523000D0B502AF04460A4821F04BFE2088012871
:1052400009D128F028FB074821F043FE6088BDE81B
:10525000D0401FF0B1BD0020BDE8D04021F074BEA9
:105260000E0000000F010000D0B502AF0446044854
:1052700021F02FFE2078BDE8D04021F065BE00BFB0
:1052800015000000B0B502AF0546044828F033FE13
:1052900028462146BDE8B04021F0E0BE02000000F3
:1052A000F0B503AF2DE9000FB1B0054688680024C2
:1052B000884600288C6053D0D8E9046B0A90B868FF
:1052C000D8F80C1000280895099153D0304659465B
:1052D0001AF082FB2BAC28F0ECFD20461A4627F092
:1052E00059FA2D980E3405900A222C9821460690E2
:1052F0009DF8AD00BDF8B8A0BDF8AE509DF8AC90DB
:10530000079017A83DF074FFB9F1FE0F00F09E81E1
:1053100017A920460A223DF06BFF0598B9F1FF0F4F
:105320002D9006982C900798ADF8B8A0ADF8AE5027
:105330008DF8AD008DF8AC9000F094810122002032
:10534000B9F10A0FA9F10B0188BF52FA81F00028C8
:1053500000F0BC80012800F0C6804FF0000AC2E0D7
:1053600098F80410D8F800001BF0BEFEAC6029715C
:1053700028601AE130465946CDE906231AF02CFB85
:105380002BAE28F0F2FB0DF15C0BB11C16229DF840
:10539000ACA058469DF8AD903DF02AFFBAF1FE0F43
:1053A00000F05981594611A87CC97CC01622098891
:1053B000018059468DF82D908DF82CA00BA8023055
:1053C0003DF016FFBAF1FF0F00F051818DF85D90AE
:1053D0000BF102008DF85CA011A9162216243DF0F5
:1053E00007FF2BA827F038FE2B9D002D69D0DDE9A3
:1053F0002CA1FB200DF1AC0B0422CDE91D100020E7
:105400001F90584603911DA94FF0040926F04AFA4F
:105410002B9E9DF8B040002E00F0B4800BF10501EA
:105420000DF1980B1322CDE9045A58463DF0E0FEE9
:10543000DDF89B100DF18C0922910BF107012698E4
:105440000C22CDF8850028F0C4FFD8F8005098F859
:1054500004A0D5E900018DF884405246209618F04A
:10546000B1FF1FFA80FB484626F084FA864B0246BD
:105470000E468B4528BF8B4611465846324626F0CD
:105480006FFACDE900012BA817AB0699079C42469D
:10549000A0479DF8AC00FF2800F08A80089E9DF888
:1054A000AF1006F10805F171BDF8AD10A6F80510B2
:1054B0002CAC30711ECC1EC5DDE9045A00203060D2
:1054C0006BE00899002008600C716AE0B9F10A0FDE
:1054D0003FF643AF0120AA4600FA09F040F20C4122
:1054E00008423FF43AAF304659461AF075FA00299F
:1054F00000F0C78098F80450D8F800600DF15C08FF
:105500000078ADF860A00DF12C0AF9682A468DF8F4
:105510005D0003208DF85E1031468DF85C0050462A
:10552000434600F0BDF89DF82C40FF2C0BD011AD88
:105530000AF10101132228F01BF9089E294628F0E0
:1055400008F900251BE011A80AF10401C41C28F089
:1055500041F80DF12C0A2146102250463DF048FE3C
:10556000304629461BF0C0FD054608F103000C46F5
:10557000514628F019F9089E414628F0EAF834719E
:1055800035600EE008990120487100200860E007AE
:1055900018BF4FF00D0981F804902846514627F0B6
:1055A000A5FDDDE9091027F0A1FD31B028F082B892
:1055B000089E2C98012809D1DDE924212D98521A42
:1055C00082420ED24FF48270B08075E72846514671
:1055D0001BF08AFD002231713060B260DDE9040108
:1055E000DDE70C1820A8D146AB46214624F0B6FFD3
:1055F000DDE9045AC0B2022816D120A804214FF0D8
:10560000040824F0ABFFC0B2022816D12298494604
:10561000044458461BF068FD039AC6E9025AC6E9DD
:10562000042431713060BCE70121C00771714FF073
:10563000040018BF0D20307140E701217171C007CF
:1056400018BF4FF00D0886F8048037E7134821F0A3
:1056500061FC079803E00E4821F05CFC484626F008
:105660003DF80AE00C4821F055FC2BA803E0074860
:1056700021F050FC0BA8FFF7C3FC21F0B3FD21F093
:10568000FFFC044A27F093FE2C580400F6000000AB
:10569000FB0000003C580400F8000000FC00000083
:1056A000F0B503AF2DE9000F9BB0044615A898464E
:1056B00091460E4627F0D0FC159D002D64D016981B
:1056C0000DF1540B0690FB2017990422CDE9071029
:1056D00000200594042409905846CDE903690191FE
:1056E00007A926F0DFF8DDF854A09DF85890BAF12C
:1056F000000F57D0029510AC0BF1050127F008FF01
:10570000DDF843100C2210980C91E11DCDF82D000E
:105710000DAE27F0F1FF8DF82C900BF10400CDF8C1
:1057200028A098E83E003EC05946FF208DF854005E
:105730003046FBF76FFEC0B2022828D10398049AC6
:10574000D0E9000118F03EFE0F9D80B2A84238BF9C
:1057500005460AA8294624F001FFC0B2022816D146
:105760000AA8042124F0FAFEC0B202280FD1059A3B
:10577000FF20029910700C9851600699284491609E
:105780000199C2E9031019E01620207016E00121EA
:10579000059AC0074FF00400517018BF0D20029DFC
:1057A000107007E00599012048705FEAC97018BFC2
:1057B0000D240C700699284627F098FC1BB027F0A2
:1057C00079BFD4D4F0B503AF4DF804BD06461B48ED
:1057D0000068C0052AD11B481B4918F06DFF05461B
:1057E00090F838000C46012804BF05F1300018F08D
:1057F0006FFBA86AC0B195F83810E1B9D5E90C1271
:10580000002A05EBC203186483F83C6018BF01321C
:105810006A63914204BF012085F8380027F0BBFD80
:1058200005F1080023F0D8FB27F0E8BE044821F07A
:105830007DFB21F025FC054821F0BAF904ED00E0DC
:10584000B100000090E20320C0C4040040C5040081
:10585000F0B503AF4DF804BD84B006461D4800689E
:10586000C0052ED11D481E4918F026FF054690F8A8
:1058700058000C46012804D105F1500101A818F088
:105880003DFBA86CC0B195F85810F9B9D5E91412D0
:10589000002A05EBC2031866A3F85C6018BF01324A
:1058A0006A65914204BF012085F8580027F073FD16
:1058B00005F1080023F086FB27F0E6FF04B027F08F
:1058C00076BF054821F032FB21F0DAFB054821F0D4
:1058D0006FF900BF04ED00E0B100000088E3032091
:1058E000C0C4040040C50400F0B503AF4DF804BDCA
:1058F00006461B480068C0052AD11B481B4918F002
:10590000DBFE054690F870000C46012804BF05F147
:10591000680018F0DDFA286EC0B195F87010E1B992
:10592000D5E91A12002A05EBC203986783F8746060
:1059300018BF0132EA66914204BF012085F8700069
:1059400027F029FD05F1080015F01CFD27F056BED3
:10595000044821F0EBFA21F093FB054821F028F9E7
:1059600004ED00E0B1000000F8E30320C0C404002F
:1059700040C50400BFB506AF0168DFE801F0041FB1
:10598000191B17252D1DD0E90101CDE9010101A841
:105990000390284821F0BEFA274821F09AFA2749B7
:1059A00003A821F0DBFA21F01DFCBFBD1E4806E074
:1059B0001E4804E0174802E0174800E01C4804B005
:1059C000BDE8B04021F0B2BA4468164821F0A2FA0E
:1059D000204621F091FA18E0D0E901540F4821F057
:1059E00099FA0F4821F075FADFE805F0020C040679
:1059F000002008E0022006E028F02FFB204621F0DE
:105A000025FB02E0012021F09FFABDE8BF4021F014
:105A1000E9BB00BFC3000000B9000000BB000000EC
:105A2000FF010000B5000000B4000000C10000004C
:105A3000C2000000B800000012000000A4A704008B
:105A400080B56F4618B1BDE8804027F04FBB80BDE0
:105A500080B56F46016819B1BDE8804000F0BEB85E
:105A600080BD80B56F46C24312061CBFBDE88040B2
:105A700000F034BD80BDD4D40168426B8A429EBF21
:105A800000210160704780B56F46024B10460A4600
:105A900020F0F8FBFCA7040080B56F4680BDD4D48D
:105AA000F0B503AF4DF804BD0A460646D0E9000143
:105AB00018F0B4FA0C461249054606F5767024F043
:105AC000CDFD0E4695F85E13A1B1013985F85E1340
:105AD000090604BF95F85C13042903D028F011FDD2
:105AE00027F08CBD103041F20131A5F85C1321F094
:105AF0003FFFF3E7034821F019FA21F0C1FA00BF94
:105B00009CA10400F300000080B56F460146406888
:105B10004A7A00F5B7601AB1BDE8804015F0D9B9EE
:105B2000097ABDE8804015F0B8B980B56F4680BDF0
:105B3000B0B502AF456865B10289006828F0C1F9C7
:105B400038B10C46D0F84013294428F0ACF927F0BE
:105B50009BFEB0BDB0B502AF88B00446D0E90620C8
:105B600043690020009002AD21462846FFF798FBCC
:105B70002846FFF76DFF204608B0BDE8B04000F0B2
:105B800071B8B0B502AF88B00446D0E906204369C9
:105B9000012194F82000CDE9001002AD21462846ED
:105BA000FFF77EFB2846FFF753FF204608B0BDE80D
:105BB000B04000F057B880B56F460178042907D08F
:105BC000082918BF80BD0430BDE8804000F058B8F7
:105BD00090F83A00BDE8804027F07CBAF0B503AFFA
:105BE0002DE900078AB0D0F800A00446866800209E
:105BF000A06036B304F10C000DF1140808F108019F
:105C000090E82C002CC194F80490DAE900014A468F
:105C100023F00CFD0A68B0F85803013A0A600AF54F
:105C20007E71ADF8140068464246069617F0CAFB2E
:105C3000019840B1029927F059FA094821F076F904
:105C400001E094F8049050464946FFF729FFE168C7
:105C500000200AB0BDE80007BDE8F040FFF7F0BE45
:105C600068000000D0B502AF0446D0E90201FFF79A
:105C7000E7FE21792068BDE8D040FFF711BFD4D4FA
:105C800080B56F4602C8DFE801F002020206BDE8F7
:105C90008040FFF75FBFBDE88040FFF772BFD0B51F
:105CA00002AF18F0D3FA68B10C4690F86F130022D7
:105CB000012980F86F2304BF00F51E7021F058FE03
:105CC00027F0E2FDD0BD80B56F4600F5B76000213A
:105CD000BDE8804015F0E1B880B56F4690F84410FB
:105CE00031B1032918BF80BDBDE88040FFF70CBF6C
:105CF0003830F9E7B0B502AF04460025902D08D042
:105D00006019017D032904BF043000F005FB18353C
:105D1000F4E7B0BDD0B502AF044600F0D4FB04F107
:105D20001800BDE8D04000F0CEBB80B56F4690F8BB
:105D30003010032918BF80BD1430BDE8804000F04A
:105D4000F6BAD4D480B56F4605480021012201601F
:105D50000449425001680029FCD00021016080BD47
:105D600014710040F4FEFFFF80B56F46C0B2BDE87D
:105D700080403AF047B8D4D4D0B502AF04460068AA
:105D800050B9002020734FF0FF302060201D21F01B
:105D9000EFFD27F079FDD0BD044821F0BBF824F0D9
:105DA0004BFC21F01FFA21F06BF900BFA2000000AC
:105DB000F0B503AF2DE9000F89B082463048006886
:105DC000C00557D189463049104618F075FC054684
:105DD000D0E90046D0F8E40005F1080B8846013808
:105DE000C5F8E400584614F0EDFF241A66F10000EF
:105DF000BAEB040179EB000035D3E9465946484631
:105E000018F01CF8BAEB0400049004D0411E684658
:105E10001DF008FF50B105AC99E84E0020464EC079
:105E200028F024F910B128F054FBF9E700206C4663
:105E3000D5E90212914202D12A7CD2070DD005EB9E
:105E4000C101896949B92046594618F005F89DF8FD
:105E5000000002280BD00120EAE7C0071CBF05F1B3
:105E6000B80023F0F0F827F03BFB27F0DBBA074837
:105E700020F09EFE034821F059F821F001F900BFFF
:105E800004ED00E0B1000000C8990400D09F0400B8
:105E900080B56F4609490968C9050AD1094918F052
:105EA0000BFCD0F8E820013AC0F8E82027F085FC88
:105EB00080BD034821F03AF821F0E2F804ED00E05B
:105EC000B1000000F899040080B56F4609490968DF
:105ED000C9050AD1094918F0EFFBD0F8C020013AF2
:105EE000C0F8C02027F069FC80BD034821F01EF8EF
:105EF00021F0C6F804ED00E0B1000000F8990400BC
:105F000080B56F4608490968C90508D1084918F0E5
:105F1000D3FB026C013A026427F04FFC80BD0348BA
:105F200021F004F821F0ACF804ED00E0B10000002D
:105F3000F899040080B56F4690F88810032918BFBF
:105F400080BD2C30BDE8804000F0B1BA80B56F460E
:105F500090F8EC10032918BF80BD1830BDE88040D0
:105F600000F00CB880B56F4690F8F810032918BF00
:105F700080BD2430BDE8804000F000B880B56F4699
:105F800090F84410032908D0042918BF052909D125
:105F90004830BDE8804000F08ABA4830BDE8804013
:105FA000FFF7C8BF80BD80B56F46817F03390129E7
:105FB00088BF80BD2430BDE8804000F000B8D0B577
:105FC00002AF044690F82700042818BFD0BD04F1A2
:105FD0003C0000F0FFF9E06A228ED0E90001BDE844
:105FE000D040FFF75CBE80B56F46417C042918BFE6
:105FF00080BD4068BDE88040FFF7BEBED0B502AFAF
:10600000044690F83500032809D0042803D0052859
:1060100018BFD0BD03E004F1380000F0A7F900205C
:1060200084F83400D0BDD0B502AF044690F83500F6
:10603000032804D0042807D0052818BFD0BD04F1D8
:10604000380000F009F803E004F1380000F08EF9A0
:10605000002084F83400D0BD80B56F4690F8501011
:10606000063907290AD8DFE801F00A0F09040914E4
:1060700009045430BDE8804000F076B880BD54304B
:10608000BDE88040FFF76EBF5430BDE8804000F0AF
:1060900059B85430BDE8804000F089B980B56F46EA
:1060A00090F82010042918BF80BD2430BDE880403E
:1060B00000F0B3B980B56F4690F87C10032918BF83
:1060C00080BDBDE88040FFF7E9BFD0B502AF044610
:1060D000007A032804D0042804D16068FFF7D8FEB2
:1060E00000206072D0BDD0B502AF0446807C03288A
:1060F00004D0042804D12068FFF7E6FE0020E074F5
:10610000D0BDD0B502AF0446C079032804D004281E
:1061100004D12068FFF7F4FE0020A071D0BD80B547
:106120006F4690F83410032907D0042918BF80BDAA
:106130005830BDE88040FFF7CFBD5830BDE8804003
:1061400000F040B880B56F46017C032907D00429D0
:1061500018BF80BD1830BDE8804000F0A8B91430E9
:10616000BDE8804000F000B880B56F46017C04298E
:1061700018BF80BD1830BDE8804000F098B980B5E8
:106180006F46017F042918BF80BD2030BDE88040E4
:1061900000F00CB880B56F4690F85810032918BF6E
:1061A00080BD0430BDE8804000F075B980B56F4611
:1061B00090F85C10032918BF80BD0830BDE880400E
:1061C00000F069B9D0B502AF044690F85C00011F39
:1061D000042906D3032818BFD0BD04F16000FFF7DF
:1061E00002FFE06B4068BDE8D040FFF76CBD80B5B2
:1061F0006F46C0B2032818BF80BDBDE88040FFF7DE
:10620000A1BDD0B502AF044690F82000042806D105
:10621000E0690078FFF7A8FD002084F82200D0BDD7
:1062200080B56F4690F84010032918BF80BD0C3030
:10623000BDE88040FFF7E5BF80B56F4690F8441099
:10624000032918BF80BD1030BDE88040FFF7D9BFDB
:1062500080B56F46017B042918BF80BD8068BDE80A
:106260008040FFF789BD80B56F4690F8A8100329DC
:1062700098BF80BDD0F89000BDE88040FFF77CBD9E
:1062800080B56F4690F8D811032918BF80BD0C3037
:10629000BDE88040FFF7B2BE80B56F4690F80012AF
:1062A000032918BF80BD1030BDE88040FFF7BBBE9A
:1062B00080B56F4690F8E011032918BF80BD043007
:1062C000BDE88040FFF7DCBF80B56F4690F8201036
:1062D0000339C9B2032988BF80BD044A52F821108E
:1062E0000844BDE88040FFF7D7BF00BFC8A3040043
:1062F00080B56F4690F820100339C9B2042988BFD1
:1063000080BD044A52F821100844BDE88040FFF7E0
:10631000C3BF00BF40DF040080B56F46017B032987
:1063200018BF80BD0430BDE8804000F05FB880B584
:106330006F46017E032918BF80BD0430BDE8804050
:1063400000F05FB880B56F4690F82D1041B1032979
:1063500018BF80BDD0E90601BDE88040FFF770BBE3
:10636000D0E90001BDE8804026F0C0BE80B56F4690
:1063700090F82C100339052918D8DFE801F003172D
:10638000170D08123030BDE88040FFF7F8BE3030FE
:10639000BDE88040FFF7E8BE3030BDE88040FFF741
:1063A00005BF3030BDE8804000F001B880BD80B549
:1063B0006F4690F86010052907D0062918BF80BDE8
:1063C0006430BDE88040FFF7F1BE7430BDE8804026
:1063D000FFF7BCBD80B56F4690F82510042918BFA3
:1063E00080BD2830BDE88040FFF7A2BB80B56F4676
:1063F0004179032918BF80BD0430BDE8804021F0F9
:10640000D5B980B56F46017A0339012988BF80BDAF
:106410000C30BDE88040FFF7E9BF80B56F4690F8CB
:10642000441039B1032918BF80BD1430BDE8804045
:10643000FFF788BFD0E90101BDE8804026F056BED5
:10644000D0B502AF044690F88800032801D028B1E7
:10645000D0BD04F14000FFF7E0FF18342046BDE84E
:10646000D040FFF7BBBB80B56F4690F8A41003295E
:1064700018BF80BD2430BDE88040FFF71BBE80B54B
:106480006F4690F89410032918BF80BD0430BDE812
:106490008040FFF72FBC80B56F4690F8501003295D
:1064A00018BF80BD0C30BDE88040FFF7B9BE80B595
:1064B0006F4690F85810032918BF80BD1030BDE812
:1064C0008040FFF7B9BE80B56F46017D032918BF34
:1064D00080BD0430BDE88040FFF71EBF80B56F4629
:1064E000C0B2072818BF80BD0846BDE8804026F02E
:1064F000F1BD80B56F4680BDB0B502AF051D0C463D
:1065000034B155E90101FFF79BFA013C1035F7E77B
:10651000B0BDB0B502AF051D0C4634B155E901015F
:1065200026F0E4FD013C1035F7E7B0BDB0B502AF91
:1065300000F13A050C463CB115F83A0C15F8401B31
:10654000FFF7CCFF013CF6E7B0BDE0B502AFCDE907
:10655000000101A968461EF091FFD4D4F0B503AF45
:106560002DE9000FD1B0CDE90F204FF0000C786974
:106570004FF000091291010E11913EA901F11C0288
:10658000243108920B9130A924310491010C000AA6
:106590000590D7E9030B0E90D0480D9107938046E4
:1065A00000200C900C98C00740F07E824B45C0F054
:1065B00077820F98A3EB090ABAF1070F484407D86E
:1065C0000025AA454AD0415D0A2935D00135F8E7B2
:1065D000C11CAAF1080E21F003010C1A01D10024FC
:1065E00008E00025415D0A2926D00135AC42F9D1E9
:1065F000744512D80559BA4A85F00A36961B3543B8
:106600000619766886F00A31511A31432940C94388
:1066100011F0803F01D10834EAE7A2451ED0191BD2
:106620002044A1EB09050022815C0A2903D0013234
:106630009542F9D112E0151909EB05024FF0000956
:10664000541CB3D0A1469C42B0D80F98A146805CA0
:106650000A28ABD10020A1460C9004E0012064463A
:106660000C9099461A460F98DBF81C50624560441E
:1066700001D1002106E0A2EB0C014A1E835C0D2B28
:1066800008BF1146DBF824206FF000439A4228BF70
:106690001A460E9BCDE909549B1A0D9A0693D2B265
:1066A000022A0FD1119A022A40F08D800144DBF8B2
:1066B0001840DBF8205018F04AF92919BA6801FB94
:1066C0000025B2E1119A022A40F00C81BA68CDE9A6
:1066D000000130A8594614F037FD4EA830A918F033
:1066E0004FF9509A501C00F09F8127F068FE38BF88
:1066F00008464E9D18B1012840F09781EDE7DDF87E
:106700003CA123A8594621F0F1FA279C002CE4D0A3
:10671000269E002EE1D024980028DED4259B002B55
:10672000DBD423998219D1F808C06245D5D8CA684C
:1067300003EB040E9645D0D80CF1070227F02EFE8D
:10674000ACEB060ECDF808E00CFB03003346CDE9B8
:10675000004013A816F030FA0D98CDE92064CDE979
:106760001E5A8DF86C003EAD13A91EAA284618F0DB
:1067700099F81BA84C902AAC204629461AF04FFCE9
:106780009DF8B0000028F7D00228A6D04C98DDE98B
:106790002A230478002AEED4002BECD42AA81299DC
:1067A00014F048FC2A980128E5D1DDE92B108F2947
:1067B00098BF4728DFD826F05FFD08BF43EA0205EF
:1067C0000D543EADD7E7BA68CDE9000130A859466F
:1067D00014F0BAFC4EA830A918F0D2F8509A501C08
:1067E00000F0228127F0EBFD38BF0846DDE94E5668
:1067F00070B1012840F01981DBF820000028E9D0B1
:1068000027F045F9CDE93E563EAA1DF065FBE1E7CC
:1068100023A8594621F06AFA279C002CDAD0DDF82B
:1068200098A0BAF1000FD5D024980028D2D4259B87
:10683000002BCFD4239900EB0A02D1F808C062459F
:10684000C8D8CA6803EB040E9645C3D80CF10702FA
:1068500027F0A4FDACEB0A0ECDF808E00CFB03001A
:106860005346CDE9004013A816F0A6F921941EA8BE
:1068700080E8600411988DF86C003EAD13A91EAA43
:10688000284618F00FF81BA84C902AAC2046294641
:106890001AF0C5FB9DF8B00010B102289AD0F5E7B8
:1068A0004C98DDE92A230478002AEED4002BECD49E
:1068B0002AA8129914F0BEFB2A980128E5D1DDE937
:1068C0002B108F2998BF4728DFD826F0D5FC08BFAA
:1068D00043EA02050D543EADD7E700BFFFFF1000AD
:1068E00000010101BA68CDE9000113A8594614F06E
:1068F0002BFC1BA813A918F043F81D9A501C00F09C
:10690000938027F05CFD38BF0846DDE91B5470B169
:10691000012840F08A80DBF820000028E9D027F029
:10692000B6F8CDE93E543EAA1DF0D6FAE1E71EA81E
:10693000594621F0DBF9229E002EDAD0DDF884A042
:10694000BAF1000FD5D01F980028D2D4209B002B7D
:10695000CFD41E9900EB0A02D1F808C06245C8D80E
:10696000CA6803EB060E9645C3D80CF1070227F060
:1069700015FDACEB0A0ECDF808E00CFB0300534606
:10698000CDE9006023A816F017F90D9807F8A20CBE
:10699000119807F8A10C0498CDE92CA6CDE92A544A
:1069A0002AA921F09DFA30AC23A91C2226F0D9FE99
:1069B000A7F1A2003890A7F1A10037903EA8214688
:1069C00038223CF015FC0020CDE94C004EA80B9974
:1069D0001AF043FB4E9801288BD1DDE94F653EA8A4
:1069E00019F088FCC0B202283FF483AF0899002E4A
:1069F00051F820000478E9D4002DE7D44EA812996C
:106A000032462B4614F016FB4E980128DED1DDE904
:106A10004F108F2998BF4728D8D826F02DFC08BFE3
:106A200043EA02050D54D1E7BD68DDE9090264219E
:106A3000079B94464843B0FBF1F00E990144B868B7
:106A40000E9185427FF7AEAD2C1A05980D9916462A
:106A500014F0BEFAC0B202280AD0B96800F00103EF
:106A60003E91DBE90A1227F0A5FA3EAA1DF034FA9E
:106A700078690D9914F0ACFA079BC0B2B4460228AD
:106A80003FF490ADB96800F001033E91DBE90C12D0
:106A900027F090FA3EAA1DF01FFA079BB44681E545
:106AA000012064460C90DDE551B026F003BED4D43D
:106AB000F0B503AF2DE9000F8BB0064638690C46E0
:106AC00099B280B2D7F808B0B1FBF0F04FF00108EE
:106AD0000390002002920193F96888422DD0039917
:106AE00088422CD0411C049139690025029A00FB90
:106AF0000129B96900EB010AAB451CD03969E808E6
:106B0000B1EBD50F25D919F8000005F00701884031
:106B100000060ED5114831460A900020CDE90880C4
:106B200022467869CDE906A82844059005A800F01A
:106B30008EFB0135E0E70498CEE726F047BD3A69C1
:106B40000399074B02FB01F001315143019A1FF0F9
:106B500099FB014A1FF0DCFB6C58040001020100A4
:106B60005C580400F0B503AF4DF8048D8EB00546B7
:106B700008A8884626F070FA0898C0B1A7F1370037
:106B800008A9C61C0C2226F0B7FDA7F14600314625
:106B9000C41C0C2226F0E5FD0BAE21460C2226F08B
:106BA000ABFD28463146424615F0B2FE01E0162004
:106BB00028700EB026F090BEF0B503AF2DE9000F9F
:106BC00089B0044604A8022127F041F927F0CCFB44
:106BD00002D026F002FB0FE026F01BFBFA68102320
:106BE0000792BA680692064ACDE904A6009204AA62
:106BF00021F02AFF26F00FFC84F800B026F012BC2A
:106C0000E08A0400F0B503AF2DE9000F89B0044617
:106C100004A8032127F01BF927F0A6FB02D026F0D9
:106C2000DCFA0FE026F0F5FAFA6810230792BA684A
:106C30000692064ACDE904A6009204AA21F004FFB8
:106C400026F0E9FB84F800B026F0ECBBF08A0400E3
:106C5000F0B503AF2DE9000F99B003AE0446202232
:106C60000D4626F049FD05F120010BAD202226F04E
:106C70007FFD304614F070F9284614F06DF914A821
:106C80000B21FFF76FFF9DF850B0BBF1FF0F16D03F
:106C90009DF85300E070BDF851009DF86310DDE9E8
:106CA0001565A4F80100BDF86100179A9DF86030E1
:106CB000ADF84C008DF84E1026F01EFB33E09DF829
:106CC0006080DDF85C90BDF861009DF86310DDE93F
:106CD0001552ADF84C00A4F8110048468DF84E103E
:106CE000E1744146029215F001FE114B82460E46B8
:106CF00020205146324624F033FE0E4A20230092D3
:106D000003AA21F0A1FE0C48402100902020524609
:106D1000334623F0C3FB094A202300920BAA21F03B
:106D200093FE26F078FB84F800B019B026F0C2BCC0
:106D3000008B0400108B0400208B0400308B0400B7
:106D4000F0B503AF2DE9000F89B0044604A80C216B
:106D500027F07DF827F008FB02D026F03EFA17E076
:106D600026F057FA0246F8680B4B8C4607901146FE
:106D7000B868624606901020CDE904A624F0F0FD24
:106D8000064A1023009204AA21F05EFE26F043FB7F
:106D900084F800B026F046BB408B0400508B040002
:106DA000F0B503AF2DE9FE0F044602A8884607217F
:106DB000FFF7D8FE9DF808A0BAF1FF0F16D09DF896
:106DC0000B00E070BDF809009DF81B10DDE90365BC
:106DD000A4F80100BDF81900059A9DF81830ADF827
:106DE00004008DF8061026F087FA1DE09DF8186063
:106DF000DDF81490BDF819009DF81B10ADF80400E3
:106E0000A4F8110048468DF80610E1743146DDE91A
:106E1000035B15F06BFD064A102326F0EBFB26748E
:106E2000C4E9015BC4F80C9084F800A026F05EBBB6
:106E3000608B0400F0B503AF2DE9FF07044603A8FB
:106E40000D460821FFF78EFE9DF80C00FF281ED08E
:106E50009DF80F10E170BDF80D109DF81F20DDE9C1
:106E60000463A4F80110BDF81D10DDF818C09DF8EA
:106E70001C50ADF808108DF80A202574C4E9016390
:106E8000C4F80CC0A4F81110E274207030E09DF832
:106E90001C80069EBDF81D00ADF8040041469DF81B
:106EA0001F008DF806003046DDE9049A15F01EFD3E
:106EB00009B30246A8790B46002818BF01201070BC
:106EC00007210E480090012023F0E8FA0C4A06231F
:106ED00027F028F8FF2084F810802070BDF8040007
:106EE000A4F811009DF80600C4E9019AE660E07478
:106EF00008B026F08FBD034A26F059FA808B0400B3
:106F0000908B0400708B0400F0B503AF4DF804BD06
:106F1000054600780C46DFE800F00B512436186E69
:106F20007B4D9A208D151C77112D0E677F9E6A0070
:106F30002046002180E0204610216FE06A7820463C
:106F40000E2111E020460B2176E06A7820460421CC
:106F500084E06A7820460C2180E06A782046092186
:106F60007CE06A78204602215DF804BBBDE8F04071
:106F700000F0EABD6A7820460F215DF804BBBDE849
:106F8000F04000F0F0BD2046032114F081F8C0432A
:106F9000000637D1A878214600F0E2F80646C04343
:106FA000000651D1D4E9010188422BD0697800F85C
:106FB000011B65E06A78204607214FE02046012149
:106FC00014F066F8C04300061CD1687802285AD035
:106FD00001286CD12046012114F05AF8C043022642
:106FE000000631D1A97820E02046112116E06A7808
:106FF0002046142132E02046052114F049F8C04310
:10700000000631D002261FE06A7820460D2125E0D7
:107010006A782046062121E02046122114F038F833
:10702000C043022600060FD16978204614F030F8DC
:10703000C04305E020460A2114F02AF8C043022686
:10704000000608BF4FF0FF36304626F0B3BB6A7823
:107050002046082102E06A78204613215DF804BB2F
:10706000BDE8F04000F08EBDD4E901018842C9D0EE
:107070006A7826F039FE6360C4D0A9784170023086
:107080006060FF26E0E720460221022614F000F8A7
:10709000C0430006D8D1A9780029C6D081290AD0DA
:1070A00082290AD0832914BF04210321BDE7AA78CD
:1070B0002046002161E70121B7E70221B5E7D4D4DA
:1070C000B0B502AF054600780C460421142888BFED
:1070D000A0F11501C8B2DFE800F0031A0F1306246F
:1070E0002046002115E02046042113F0D1FFC043C3
:1070F00000061DD00220B0BD6A1C2046022102E01D
:107100006A1C20460321BDE8B04000F00EBD2046B9
:10711000012113F0BDFF27F00AF908BF4FF0FF303F
:10712000B0BD6A7820460521BDE8B04000F02ABD18
:1071300028462146FFF7E8FEC14309060FD1E81CA7
:107140002146FFF7E1FEC143090608D1D4E9010158
:107150008842CFD0A97900F8011B6060FF20B0BD44
:1071600080B56F4680F080000A460649C0B251F8EB
:107170002010104613F08CFF27F0D9F808BF4FF00D
:10718000FF3080BD54DF0400F0B503AF2DE9C00728
:1071900004460620CDE90010684600F0E8FD27F01F
:1071A000B3F801D101203BE0C0074DD0684600F0A4
:1071B000DEFD26F051FA02D10120354630E0C0074D
:1071C00042D0684600F0D3FDC0F30728C1B20229BF
:1071D00002D10120454623E0C00735D0684600F0C3
:1071E000C6FDC0F30729C1B2022902D101204D46D4
:1071F00016E0C00728D0684600F0B9FDC0F3072AA2
:10720000C1B2022902D10120554609E0C0071BD0B6
:10721000684600F0ACFD26F0A1FB07D10120154621
:10722000012125542170BDE80C07F0BDC0070BD02B
:10723000657000210620154684F805A084F80490A6
:1072400084F80380A670ECE701200E25E8E7F0B58E
:1072500003AF2DE9000F9BB0847D15468846064696
:1072600044B1012C0DD13069013028BF4FF0FF30FF
:10727000400807E031696FF00040814238BF08469E
:1072800000E00020424203A8314620F058FD307D46
:10729000022806D000F0010303AA404629461CF04C
:1072A0001BFE96F815A00295BAF1020F1CBFD6F886
:1072B00010B0BBF1000F02D11BB026F0FBB94CB1EE
:1072C000022C05D16FF00044A34538BF5C4601E0B5
:1072D0004FEA5B0407A83146224620F030FD07AE96
:1072E0000A985D464FF0000946CE0BABBBEB500F42
:1072F0000AF0010A46C388BF450853460191CDE90B
:107300000E51411B1196594528BF5946401A1291FA
:1073100038BF48461044109000920BAA029C404689
:1073200021461CF0D9FD0FAA26F0C7FA06980028BE
:10733000C2D00099721C1690B2EB4B0F29441491E5
:1073400028BF4FEA4B02019D53081A90A6EB52004A
:10735000CDE918131593B6EB520F139528BF81464C
:1073600009EB0500179013AA26F0A7FA17AA26F032
:10737000A4FAA1E7E0B502AF0146684614F03EFF6B
:1073800026F05CFB03D19DF8011001208CBD019813
:1073900030B1012807BF0020012101200E218CBD42
:1073A000002100208CBDD4D4BCB504AF054668468E
:1073B00026F091FB26F042FB03D19DF80140FF200F
:1073C000CBE00198142800F20A81DFE800F0C60B38
:1073D0003A849D57B548AE33C6C641962C4F1F71AF
:1073E000A4BC7D00684626F076FB26F027FB40F023
:1073F000BB809DF80110FF24E0B2FF284FF0010090
:1074000008BF0C4608BF4FF0FF30A6E0684626F0E4
:1074100062FB26F013FB00F08480019C1B2C00F221
:10742000DB80102098E026F051FAC0070C464FF0A0
:107430000E008EE026F04AFAC0070C464FF0090015
:1074400087E026F043FAC0070C464FF0020080E0C8
:1074500026F03CFAC0070C464FF00C0079E026F00D
:1074600035FAC0070C464FF0070072E0284600F0DE
:107470004DF9C0070C464FF00F006AE00220CDE93D
:107480000050684600F073FCC0F30724C1B2022923
:1074900049D0C00700F0A080684600F068FC26F0E4
:1074A0005DFA27D0C00700F097800520114654E010
:1074B000684626F010FB26F0C1FA32D0019C062C5B
:1074C00000F28A80112047E026F000FAC0070C463F
:1074D0004FF014003DE00120CDE90050284600F0B7
:1074E00015F90C46C0071ED1684600F040FC26F096
:1074F00035FA52D1FF20002153E026F0E7F9C0070A
:107500000C464FF00D0024E026F0E0F9C0070C46D1
:107510004FF004001DE0684626F0DDFA26F08EFAF2
:1075200034D19DF80140FF2016E026F0CFF9C007C6
:107530000C464FF008000CE026F0C8F9C0070C46D6
:107540004FF0060005E026F0C1F9C0070C464FF0E9
:10755000130018BF4FF0FF300021E2B2C0B2120298
:1075600042EA01410844BCBD019802283AD81ED025
:1075700001282AD1684626F0AEFA26F05FFA3FF4D9
:1075800038AF019933292DD8012435E7019850B13E
:10759000012821D112200124DEE7C0071CD021469A
:1075A00003201446D9E7122000210024D5E76846BD
:1075B00026F091FA26F042FA3FF41BAF0198042816
:1075C00010D80A490224095C16E7284600F09EF804
:1075D00000F0010044420FE7FF200E24BCE7FF202B
:1075E0000E24EDE6FF240E2106E700BF54E304005D
:1075F000F0B503AF2DE9E00F044601A80D4614F0E5
:10760000FDFD9DF80400012805D19DF80500FF212E
:107610006070217061E00298052871D8DFE800F001
:10762000032F17230531152056E00320CDE9015023
:1076300001A800F08BFB20F07F460546C0B24FEA60
:107640001628FE282BD1FF2084F8018044E028462C
:10765000FFF7AAFEC14309061DD0A4F80100000CE3
:10766000E070172038E02846FFF79EFEC143090668
:1076700011D0A4F80100000CE07018202CE01620B6
:107680002AE026F023F9C00761704FF01A0018BFF6
:107690004FF0FF3020E0000A6070FF201CE0FF2860
:1076A00030D001A800F052FB20F07F4B8146C0B2E1
:1076B0004FEA1B2AFE2803D1FF2084F801A00BE02B
:1076C000FF281FD001A800F052FB81B2C2B2090A04
:1076D000022A05D1FF2061702070BDE80E0FF0BDB9
:1076E000C0070FD0300C4FEA1B42A171627184F8C1
:1076F00004A084F80390A07084F801802570ECE762
:107700000E2084E740F6FF602080E6E7E0B502AF98
:107710000146684614F072FD26F090F903D19DF8F9
:10772000011001208CBD0199DD2900F21881002093
:10773000DFE811F0DE00DE00DE00DE00DE00DE004D
:10774000DE00DE00DE00DE00DE00DE00DE00DE0049
:10775000DE00DE00DE00DE00DE00DE00DE00DE0039
:10776000DE00DE00DE00DE00DE00DE00DE00DE0029
:10777000DE00DE00DE00DE00DE00DE00DE00DE0019
:10778000DE00DE00DE00DE00DE00DE00DE00DE0009
:10779000DE00DE00DE00DE00DE00DE00DE00DE00F9
:1077A000DE00DE00DE00DE00DE00DE00DE00DE00E9
:1077B000DE00DE00DE00DE00DE00DE00DE00DE00D9
:1077C000DE00DE00DE00DE00DE00DE00DE00DE00C9
:1077D000DE00DE00DE00DE00DE00DE00DE00DE00B9
:1077E000DE00DE00DE00DE00DE00DE00DE00DE00A9
:1077F000DE00DE00DE00DE00DE00DE00DE00DE0099
:10780000DE00DE00DE00DE00DE00DE00DE00DE0088
:10781000DE00DE00DE00DE00DE00DE00DE00DE0078
:10782000DE00DE00DE00DE00DE00DE00DE00DE0068
:10783000DE00DE00DE00DE00DE00DE00DE00DE0058
:10784000DE00DE00DE00DE00DE00DE00DE00DE0048
:10785000DE00DE00DE00DE00DE00DE00DE00DE0038
:10786000DE00DE00DE00DE00DE00DE00DE00DE0028
:10787000DE00DE00DE00DE00DE00DE00DE00DE0018
:10788000DE00DE00DE00DE00DE00DE00DE00DE0008
:10789000DE00DE00DE00DE00DE00DE00DE00DE00F8
:1078A000DE00DE00DE00DE00DE00DE00DE00DE00E8
:1078B000DE00DE00DE00DE00DE000F01110103014C
:1078C00007011301E1000B010D01F300FF00FB00B4
:1078D0000901F100E700ED00EF00F700F900E30017
:1078E0000501FD000101E900E500DF00EB00F50006
:1078F0008CBDE5218CBDD2218CBDDF218CBDE42166
:107900008CBDDA218CBDE3218CBDE6218CBDDB2151
:107910008CBDDC218CBDD9218CBDD5218CBDE7214E
:107920008CBDDD218CBDDE218CBDD7218CBDE1213C
:107930008CBDD6218CBDE2218CBDCF218CBDE02138
:107940008CBDD0218CBDD8218CBDD3218CBDD42140
:107950008CBDCD218CBDCE218CBDD1218CBD012013
:107960000E218CBD80B56F4619F046FBC00701D0D3
:10797000012080BDC8B218B1012804D1012100E066
:107980000021002080BD0120062180BD80B56F460A
:1079900014F00AFCC107034918BF4FF601710840F3
:1079A00080BD00BF0000FFFFD0E901239A4204BF61
:1079B00002207047B0B502AF0C78154605F8014BB0
:1079C0009D4245600BD04C785470941C9C4244609E
:1079D00005D089789170D11C4160FF20B0BD022094
:1079E000B0BDD4D4F0B503AF4DF804BD84B00446A7
:1079F0000020ADF80C00CDE9010001A90A280DD046
:107A0000D5090A5445EA436555EAD31609D042F030
:107A100080020A54DB0901302A46EFE70A2501AA51
:107A200006E0094B01A90A2219F074FB02460D4633
:107A300025F086FF01D9022003E025F08CFD26F019
:107A400050FD04B025F0B6BE0CA2040080B56F4610
:107A500013F01EFB26F06BFC08BF4FF0FF3080BD1B
:107A6000F0B503AF2DE9F80FE8460D46064640464F
:107A700013219B4691463BF0EAF9D7F808A0002075
:107A800013281BD0F1094FEAD91241EA4561ED09EB
:107A900042EA4B6245EA496541EA020345EADB14E2
:107AA000234308F800600CD046F0800308F800304B
:107AB0004FEADB1B01300E469146E1E713246A468C
:107AC00006E00D4B6946132219F024FB02460C46D2
:107AD000DAE90150401B844201D9022008E0114636
:107AE000284622463BF084FB2819CAF80400FF20F0
:107AF00005B025F0ABBE00BF1CA20400F0B503AF7B
:107B00004DF804BDD1E901320024062C08D01D191E
:107B1000954207D0065D013405F8016B4D60F4E72E
:107B2000FF2000E0022025F045BEB0B502AF25F0F1
:107B30001FFFC04300061CBF0220B0BD20462946DF
:107B4000BDE8B040FFF7E0B9B0B502AF25F010FFD7
:107B5000C043000601D00220B0BDD5E90101884232
:107B6000F9D026F01FBBB0B502AF25F001FFC0432E
:107B700000061CBF0220B0BD20462946BDE8B0402B
:107B8000FFF7EEBAB0B502AF25F0F2FEC043000633
:107B900001D00220B0BDD5E901018842F9D026F01C
:107BA00001BBD4D4F0B503AF4DF804BD82B00C4690
:107BB000014600208AB28DF80600ADF8040001A944
:107BC000032809D0D3090A5409D0D2B242F0800266
:107BD0000A5401301A46F3E7032501AA06E0094BCF
:107BE00001A9032219F096FA02460D4625F0A8FED7
:107BF00001D9022003E025F0AEFC26F072FC25F04E
:107C0000E8BB00BFECA10400B0B502AF416851B1C0
:107C100005680139416025F059FE0C46C00704D0C3
:107C20002146FF240EE002240CE0E0B230B101282E
:107C300006D125F04BFEC007F3D103E0002101E09F
:107C4000FF240921E0B240EA0120B0BD416899B1AA
:107C5000F0B503AF4DF8048D82B026F032FC03215D
:107C6000CDE90001684600F082F80546C0B202285E
:107C700004D1A8B2040A11E000207047E8071CBF35
:107C8000019E002E09D0DDF80080404619F0B4F9BD
:107C90000C46C00702D1012E05D10E24E0B200022D
:107CA000023025F042BE404619F0A6F9C00701D0C7
:107CB0000C46F3E7E0B2090641EA004005F47F41D3
:107CC00008440130EDE7F0B503AF2DE9800F8046A1
:107CD000486878B3D1F8009000264FF0FF340025B3
:107CE0004FF0000B01384860092C1AD0484619F0B3
:107CF00083F98A46C00716D10AF07F000021324678
:107D00003BF012F905434BEA010B073601344FFAF9
:107D10008AF00028E8D4092C10D15FFA8AF00228F2
:107D20000CD34FF0050A00200221C8E9001088F8A2
:107D300008A009E00020C8E9000005E000200121BA
:107D4000C8E90010C8E9025B25F039BF416861B19C
:107D500080B56F4626F0B5FBFFF726FBC2434FF612
:107D6000FE71120608BF084080BDFF2070474168C1
:107D700069B180B56F4626F0A4FB19F03DF9C00744
:107D80004FF0010018BF0220BDE8804000E0002055
:107D900040EA01207047416869B3F0B503AF4DF880
:107DA00004BD82B00468013941606846214614F080
:107DB00025FA25F043FE09D0019D012D53D86846D0
:107DC000214614F01BFA25F039FE17D19DF8010069
:107DD0004FF00071C0B2084301F04071B1F1007F73
:107DE00002B05DF804BBBDE8F04004BF4FF47F0172
:107DF00061F31F2070474FF000707047019E042E02
:107E000031D8204614F0D0F9C10703D04FF60171E4
:107E1000084005E0C0F30041494281EA50400004B7
:107E20000122014662F30F014FF4702202EA0022A0
:107E3000C00718BF911C01F00300022818BF01F011
:107E40007F4001F47F0210444FEA1040C0D0C907C0
:107E500009D0ADF800008DF80260BDF801100902EC
:107E600041EA0561B6E70E20B2E7DCB504AF04468F
:107E70004868A0B1013848600968A7F10F00FFF712
:107E8000B7FB17F80F1C17F80E0CFF290AD017F8CC
:107E9000092CA27157F80D2CC4F8022003E0FF2032
:107EA0002070DCBDFE2160702170DCBD416871B1C5
:107EB00080B56F4626F005FBFFF754FDC007BDE80F
:107EC000804012BF012001F0010100207047002016
:107ED00002217047DCB504AF0446486870B1013830
:107EE00048600968684614F089F925F0A7FD08D1B3
:107EF0009DF80100022121602071DCBD002020607E
:107F0000DCBD01980121C4E90010DCBD416879B1F4
:107F100080B56F4626F0D5FAFFF738FDC107BDE8FA
:107F2000804008D04FF4702101EA0020022106E0D1
:107F30000020002103E04FF6FF7188430121084330
:107F40007047D4D4F0B503AF2DE9000B804691F80B
:107F500051000C4620B1032823D03B481EF0EDFE13
:107F6000D4E908562046D4F84C9020212663C4E971
:107F70000A953AF06CFF08200021606305F10800C3
:107F8000B0423DD8082684F85010304A2046314689
:107F90001BF04BFD0022C4E90E9084F84820C4E990
:107FA000101504F1380012F02DFC411C32D1666B23
:107FB0002EB3701E0022202A21D0A15CB1F1FF0354
:107FC00018BF0123FF294FF0020118BF0121904281
:107FD00008BF194601320229EDD00A4689B1201D99
:107FE000E58822F0D1F980B2A84216D094F850006A
:107FF000012110BB84F85010D4E90A95C5E700218F
:108000000022C8E902030120C8E9001284F85100E7
:1080100025F03EBC00220121F3E7A388990723F055
:108020000300194618BF011DD4E90B0208440830AB
:10803000904204D902220121E3E70222E1E720680D
:1080400001220021DDE700BFDC8B0400EC8B040083
:10805000F0B503AF2DE9000B814691F851000D46B4
:1080600020B103283BD03F481EF067FE2968D5E9C0
:1080700006C3A888EA6CA881A960AA62C5E904C3FE
:10808000A9B1D5E9082800F1030E2EF0030605F189
:108090002C04083246C43244424546D8B3420AD280
:1080A0000EF4803205214FF0FF3E304648E00021BB
:1080B0004FF0010E3BE0002085F85000AEB1D5E94D
:1080C00004123046284BAC6AD5F8308023F048FCC7
:1080D0000022C5E90E4085F84820C5E9101805F1D1
:1080E000380012F08FFB411C23D1A9896A698A42AA
:1080F00034D3286922F01AF9E96A884205D095F844
:10810000500070B901206E6BD6E74FF6FF72D5E9CB
:108110000410D5F808C020EA0202AB894FF0020E25
:108120000EE0A968D5E904C3A8894FF0000E00222B
:1081300006E04FF6FF7120EA010200214FF0FF3EFA
:1081400080B20126104385F85160C9E900E1C9E910
:10815000020CC9F81030BDE8000BF0BD034B002045
:108160001EF090F8FC8B04001C8C04000C8C0400A6
:10817000F0B503AF2DE9F80F814691F844000C46A5
:108180009246DFE800F003D4D71B82BACDE9029A09
:1081900004F1200694E80302A046D4E90323E5692C
:1081A0002DC601200870002048F8489FE66AC246A4
:1081B000256A0AF8880FC8E9015611E0CDF80CA02D
:1081C000A2461AF8D00FAAF1880820B1032827D0B8
:1081D00059481EF0B2FDCDF80890D4E91295266DED
:1081E00004F1540B2021FF2258463AF0D4FDD9F86F
:1081F00000006065B9F80400A4F8580027F81E0CC8
:10820000A7F11E0022F0C0F8DDF80890A4F85A008B
:10821000002084F8CC000820C4E91D5BC4E91F06D7
:1082200004F174060399304612F07AFB05460230D9
:1082300007D103206FF001018AF80000C9F800108F
:1082400071E025F050FE01208AF800004046FDF75D
:1082500071FE681C60D104F1240204F1300507CAE4
:1082600001F0030631F0030102F1080200EB010303
:108270004BC522641AD0DDF80CA0002384F8A0308E
:10828000236AC4E91230C4E9141225F0BFFD054683
:10829000023005D16FF00100C9F80000042042E06F
:1082A00025F021FE681C37D1E66B01E0DDF80CA05B
:1082B000A6B304F1A408202140463AF0C8FDF01C02
:1082C00020F00305202D01D9032029E01C4B304666
:1082D0004146202223F044FBD4E90E23194E009698
:1082E00020F0B2FB616B0020226C84F8A0001144E6
:1082F000206AC4E91208C4E9145125F087FD054637
:10830000023005D16FF00100C9F8000005200AE035
:1083100025F0E9FD681C01D0002001E04FF0FF309E
:1083200089E82108012084F8440025F02BB903488E
:108330001EF003FDFEDE00BFCC8B04005C8C04004D
:108340006C8C04007C8C0400B0B502AF0546887BC1
:108350000C46DFE800F00332380D1C006068B4F80A
:108360000B102181617B2060A17225F0A5FE2061A8
:1083700004F11000114617F0CBFAC8B1206801686B
:108380000020207604F10800C4E9041003E0207EF8
:10839000C00715D160692AF079FF012100222176FA
:1083A00000286A60687008BF6FF001022A7002E05E
:1083B000FD2003212870A173B0BD04481EF0BDFC50
:1083C00001481EF0BAFCFEDE989904004C8D0400B2
:1083D000F0B503AF4DF8048D0546487A0C46DFE84A
:1083E00000F003393F0A19006068A17A2060217209
:1083F00025F062FEE06004F10C00114617F088FAE7
:1084000000B3206804F10806002100682175C4E962
:10841000030604E0207DC0071FD1D4E90306002134
:108420004FF0000820F06AFAC0B218B930462BF0BD
:108430002BFB68B1002168700120C5F80480297009
:10844000207502E0FD2028700320607225F044BAF8
:10845000FE21F0E704481EF070FC02481EF06DFC9F
:10846000FEDE00BFD89C04004C8D0400F0B503AFC5
:108470002DE9FC0B804691F820000C46DFE800F067
:108480000321270C9C00D4E90010D4E90223C4E99D
:108490000410C4E906231BE0264616F8940F50B1D9
:1084A000032811D1254615F8900F38B1032827D09D
:1084B0005E481EF042FCD4E9091010E0D4E90B102C
:1084C00013E05C481EF039FC59481EF036FCFEDE15
:1084D0002646002246F8241F706006F8702F0022FE
:1084E000254605F8902F45E91910C4E90D10D1E98A
:1084F0000012002384F88D30C4F88800C4E91712F4
:1085000004F13C0101A8FFF71DFD0199022964D087
:10851000DDE902CE0129049B09D1BCF1020F1BD178
:10852000606B016804310160D4E90D10DFE7656B11
:108530000022BCF1010FD5F8009015D14FF6FC7266
:10854000F4461A4004329E0708BF9AB24A440832E1
:108550002A600025012209E04FF6FF7099462EEAB5
:1085600000050222734601E000230025012684F85D
:10857000946084F890609EB2354301293FD0002A70
:10858000C4E91F2CC4E9215940D0022A3CD0D4E9C7
:1085900006210025C4F82490002AA56143D0D4E91F
:1085A0000460766884F879506067C4E91021C4E9F2
:1085B0001296A385C4F828C004F1280101A8FFF78A
:1085C00047FD019A901C0FD0DDE90491022A10D2D8
:1085D000C4E90691D4E904107AE70320022130703F
:1085E0002870C8F8001019E00220C8F80000042024
:1085F00014E0DDE902C507D1636A002207E0022129
:10860000C4E92159C4E91F1C012200E09446C8E9CD
:10861000002C0120C8E90259C8E9041384F820009D
:1086200006B025F035B904481EF0C2FA9C8D04004E
:108630008C8D04005C8D04006C8D0400F0B503AFDC
:108640002DE9000FADF54F7D3C9074A802303A90B3
:10865000CAA88A46831C01F59A7033904FF0000C2B
:1086600091F82A0100240025DFE810F00600390007
:1086700045001200A102A413DAE9005032933092AF
:10868000CAE902050020319025F009FF02F0A9BBDC
:108690009AF858010AF5AC783092329388B10328E1
:1086A00021D19AF854010AF5AA7978B103281ED18C
:1086B0000020DAE952B63190DAF8505125F0EFFE99
:1086C0002FE0002131902E913F9015E00020DAE953
:1086D0004FB63190DAF8445125F0E1FE1DE0DFF8A5
:1086E000E4071EF02AFBDFF89C0E1EF026FBDFF8E5
:1086F000980E1EF022FBFEDECDF808B10020DAE96C
:108700004BB64FF481758AF854010AF5AA79CAE983
:108710004D65CAE94FB6CAF84451CAE952B6CAF81B
:1087200050516808802842F2558600204C904CA990
:108730003046419126F045FC012300280FD44C9887
:1087400004280FD0DDF808B1022842F04586012048
:10875000DAE94D128AF854010224409E85E002466F
:108760003F9C5DE05EA831462A461CF069FD5F999A
:1087700000230424002952D09DF878010E284ED100
:108780009DF87921609C9442C2F0E38374A81CF0A8
:108790008FFD7599002940D0769A00230424022A7F
:1087A0003DD3DFF8E85D0223009574A81CF036FD88
:1087B00074980023068896B3DDE9761274A81CF03D
:1087C00077FD7599002351B342F28300864226D18A
:1087D000769A022A23D3009502239DF8D06174A8CB
:1087E00002251CF01BFD77980023C0B9749A012361
:1087F000DBE903101288ABF80C20BBF808208BF8DB
:108800000A60012AABF8085002D149688847012361
:108810003F9C6FF022003E9001E0002304243E9A2A
:10882000DDF808B11BB112F1230000F0E283012052
:108830003E9289F800002BB1110A4FF0FF303F94AF
:10884000409E57E0DAE94D12042C409E0DD174A8E9
:108850001CF0F6FC25F0F3FC05D0769A9DF8D1319A
:108860009A4232D200253F9410E000253F94042A1A
:108870000CD3DFF8180D0423009074A81CF0CEFC74
:108880007498779A0468B2EB144F0AD2E8076FF035
:108890000B0218BF6FF015026FF07F414FF0FF30F1
:1088A00028E0DFF8EC0C260C76993346009074A88B
:1088B0001CF0B4FC759A964202F29983749A66F39E
:1088C00007060320A346110A14E0DFF8C80C009045
:1088D00074A81CF0A3FC9DF8D701AB46BDF8D511D8
:1088E000749A41EA00409DF8D4113F9441EA002671
:1088F000110A0520D2B2012342EA01250AF1100132
:108900000328AAF81CB08AF8583161C1409600F0DB
:108910006381052840F067845FFA8BF0052800F03A
:10892000D382082800F00A82132800F04B823028F6
:1089300000F004823E2842F05282002E02F056855A
:1089400028780124431E362B02F25185DFE813F00C
:10895000370037003700370037003700370037005F
:10896000370037003700370037003700370037004F
:10897000370037003700370037003700370037003F
:10898000370037003700370037003700370037002F
:108990003700370037004F154F154F154F1537006B
:1089A0004F154F154F154F154F154F154F154F15A7
:1089B000370037004F154F15370037003700691C57
:1089C000721E112B00F22E84DFE813F01200E30672
:1089D0009D06C4055A063E07F006C405C4050908ED
:1089E000C4052806FD07C405C405C405C905AF07AD
:1089F00074A81CF05DFC25F056F902F04085769ACB
:108A000074A81CF07FFC7599002902F0138525F0ED
:108A10005CFD74A81CF0C8FC9DF8D041022C02F04B
:108A20001785DDE9751274A81CF042FC25F007FCDF
:108A300002F02385769A74A81CF01EFC76999DF8A6
:108A4000D091002902F01C8524F095FC25F098FCBB
:108A500074A81CF057FC7599002902F0EB84BDF84E
:108A6000D001769A4195359074A81CF04BFC75990D
:108A7000002902F0DF84BDF8D0014546769A2F9098
:108A800074A81CF03FFC7599002902F0D38425F0EE
:108A90001CFD74A81CF06CFC25F00FFD02F0D884BE
:108AA000769B4C999DF83421002BCDF808B1CA91E2
:108AB0008DF82C238DF8D421749142F0D284749ACD
:108AC000290A9DF8D4318AF82E918AF83C01419800
:108AD000CAF82F218AF833315E928DF87C318AF8FA
:108AE0002C5143F608558AF82D11359B8AF83B0125
:108AF0008DF83601BAF83201F04ABAF82C11ADF807
:108B00003401DAF82E012D9100214C9043F60850E3
:108B1000E3FB0201DDF8BC90AAF8343143F60952B8
:108B200000238AF83D418AF83A61AAF83881AAF808
:108B30003691DAF80CB03AF067FBCDE97401002108
:108B4000DF4843F609520023E8FB00512846002580
:108B50003AF05AFBCDE9760104F00102ADF8E0915C
:108B60008DF87F518DF87851DBF804005EA90092F2
:108B700074AACDE901214CAB2D9A314614F074F959
:108B8000002840F0B384339914208AF84E51329B68
:108B9000DDE9302CDDF808B12E9D3F9C4876BAF80F
:108BA0002C01A1F81700DAF80C00CAF844013F9430
:108BB0000AF5A0712E95CDE931C374A83092FFF764
:108BC000C3FB9DF8D001FD2842F002813C99FD20B5
:108BD0000870042002F019B9DAF80C00D0F80490FB
:108BE00024F086FFC846D9F80C1058F8083F82B226
:108BF000184615F02BFB74AC0A46611CFE230028B6
:108C0000419120461FBF1068013010605EA81CBF54
:108C1000411CFF231C228DF878318DF8D0211322BE
:108C200004784CAE24F068FDFF2C74D0CAA84CA97F
:108C3000013024F05EFD8DF82843CAA80DF5E878D0
:108C400090E87C00414658467CC11CF04BFB044632
:108C5000DFF844091EF05EF9A0B21CF0E5F824F03C
:108C600038FE1EF0BFFA9DF8D001152818BF1C2849
:108C700044D124F03DFF0446DFF820091EF04AF9F4
:108C8000A0B21CF0D1F81EF0ADFADAF80C00DFF853
:108C900010394068D0E902125EA823F0C1FB4FF4FE
:108CA0005E70DDE95E4101FB00F6DFF8F888DFF871
:108CB000F89800259EB140461EF02CF928461EF07B
:108CC0001BF948461EF005F920461AF0DBFF013576
:108CD00004F55E741EF086FAA6F55E76EAE7609803
:108CE00024F0B0FEDAF80C00446824F001FF04F12F
:108CF000080281B21046132215F0CAFADAF80C0005
:108D0000DFF8A81825F00DFA82680132826024F09D
:108D100054FD02F064B824F0EBFECBF3013480B2D2
:108D2000012C00F0F480022C40F00781409A042AC4
:108D300080F032810120ADF828037EE7DAF80C10CC
:108D40003028D1F8049009F1080800F00A810828B9
:108D500042F0458074A825F0BCF8349825F068FAF4
:108D600000F05881769A74A81CF0CCFA7599002905
:108D700000F0C083769A0020DDF8E4C0002A01F0FC
:108D80001D800B780120022B01F21880DFF8FC0710
:108D90000123BDF8D051009074A81CF03FFA7498DC
:108DA0000078FF2801F0078045EA0441DDF8E4C0BF
:108DB0003B9C41EA0063B3F17F4FC1F099822046AA
:108DC00001F001B8002ECDF808B102F00A832C782A
:108DD000721EB2EB840FC2F00483DFF8D407691C63
:108DE000009074A8A3001CF019FA7798002842F0AC
:108DF000F882749D05EB8400419074AE41988542E1
:108E000000F074833046294604221CF07BFAA91C2A
:108E100030460222D346759CBDF8D0A11CF072FAF0
:108E2000BDF8D001043575994FEA00499DF8D0018D
:108E30000002002908BF00F101094FEA0A40002C96
:108E400008BF0120040C4FEA1948DA460006D5D1C4
:108E50005FEAC9700CD0DFF85C071EF05BF825F004
:108E60000BFBC9F3002022F059FB1EF0BBF9C5E74C
:108E7000DAF80C00DFF840374068D0E902123046DB
:108E800015F03BFCDDE974014FF45E72514381B192
:108E900090F85C23032A12BF042AB0F85823A24298
:108EA00002D024F068FCF2E7D0F84013414424F0EB
:108EB000FAFF769824F006FDA0E700BF00C4090081
:108EC00000204E00AC8D040074A825F002F83898FC
:108ED00025F0AEF900F08880769A74A81CF012FA9A
:108EE0007599002900F09880769ABDF8D06174A831
:108EF0001CF0DEF99DF8D0017599002900F08E80F4
:108F000046EA0441769A41EA0063002089E0359000
:108F100025F02AF924F04FFA002867D000F5517B9C
:108F2000D0F844030C46002800F0DC8174A8409B74
:108F300059462A4613F0CEFDEEE1DFF880061DF01B
:108F4000E9FFDFF87C061DF0C4FF002C18BF0324E6
:108F500020461DF0F9FF1EF045F917208DF8280373
:108F60006BE674A824F0B5FF25F069F901F0E582FD
:108F7000769A74A81CF0C6F97598002801F0DB8277
:108F800076980126BDF8D0C100283B98644600F0D1
:108F90003187002201F0D6BA35902946DFF8EC057A
:108FA0000423009074A811F0E5FF7498DDE976645D
:108FB000458803883F2D00F21981DFF8081600204C
:108FC000062800F0A7820A5A0230AA42F8D1052DDD
:108FD0002F9608BF9C4200F023869C42CDE92C349A
:108FE00000F04F8600F085BE2B1918E00220749027
:108FF00094E1309824F013FFDFF8CC051EF002FD59
:109000003C9A0320FD2188F8000089F800001170C7
:1090100001F0FBBE281970E29DF8D0012B18012049
:10902000369A3D9D002A379E19461CBF29460026C8
:10903000002808BF0D4642F0DE81002A114618BF05
:109040000121084342F0D5812C0C3D952006389330
:10905000CDE936260AD0DFF874051DF05BFF24F059
:10906000DCFC20461BF0EEFE1F240BE02C0E00F073
:109070004B82DFF85C051DF04DFF24F0CEFC20464E
:109080001BF0E0FE1EF0AEF8DAF80C00DFF8443515
:10909000D0F80480D8E902124CA815F02EFB4FF44A
:1090A0005E70DDE94C5148433D9BCDF808B160B19D
:1090B000B5F8582399B28A4202D195F85C1389B960
:1090C00005F55E75A0F55E70F1E74E981C4624F03C
:1090D000F9FBDFF804051DF01DFF25F0CDF91EF0AA
:1090E00081F8ABE105F55170002685F85C6313F05B
:1090F000E6FC05F51C70DFF8E49485F86F63C8475B
:1091000005F51E70C8478DF8D06105F520718DF802
:10911000D1415EA874AA14F011F924F061FE28462A
:1091200014F046F805F5907014F042F805F54A7011
:10913000C84705F54C70A5F87563C84705F54E702E
:10914000C847DFF89C1408F1180085F8706385F8AB
:109150005F6315F0B1FA0C4690F83E11022924D055
:1091600095F8673305F51472B0F83591D0F83111E0
:10917000012B90F837C112BF95F856E202F58C72B8
:109180004FF0010E1368928859401FFA89F35A4034
:1091900011430AD18EEA0C01C90706D1022180F8D9
:1091A0003E1100F538701EF0E3FB2068DFF8343420
:1091B00001302060D8E9041274A815F09EFA749C5E
:1091C0004194D4F8009044F82869B14500F0078133
:1091D00030342846214602F0BFF901360028F4D188
:1091E0004FF0010BFEE0FF2601F0ACB909F5AC61D0
:1091F0009C422F962D9440F09781CDF808B174AE23
:109200002A461C46304612F0EDF824F030FD00F0FE
:109210003585CAA8711C013024F06BFA8DF828B38B
:1092200002F034B8352800F0C084372840F092812D
:1092300074A81CF03DF824F036FD02F03281769AD5
:1092400074A81CF05FF87599002902F0EB80769AFB
:10925000012A42F22281CD480223BDF8D05100906C
:1092600074A81BF0DBFF7498DDE97612B0F800906B
:1092700074A81CF047F87599002902F0D380769AFB
:10928000BDF8D04174A81CF03DF87599002902F092
:10929000C980769ACDF808B1BDF8D0B174A81CF099
:1092A00031F87599002902F0BD8025F00EF974A8F7
:1092B0001CF028F87598002802F0B48076980028F1
:1092C00042F0E980002E01F03B80C7481DF022FEED
:1092D00028461BF0A9FD30461BF0B4FD1DF082FFAF
:1092E00001F05DB842981BF0FDFF0546BF481DF038
:1092F00011FE40981DF000FEA8B21BF05DFDBC48B9
:109300001DF0E7FD584616F0BDFF1DF06BFF012074
:10931000749015208DF8D40124F0B6FA01205E90E7
:109320001C208DF87C014CA874A95EAA11F034FEB3
:10933000BDF834B14C98B0B14E984F99509A519BAA
:10934000CB90BDF83601CE93CD92CC91ADF82A03E7
:10935000ADF828B36FEA0B00DDF808B100067FF422
:109360006CAC01F03CBDDDE94E35DDE95041002B30
:1093700000F0BC80BBF1040F00F07B83BBF1050F54
:1093800000F05F83BBF1060F40F0EA8342981E466F
:1093900035911BF0A7FFD9E90212964B2F95254670
:1093A000044645A823F03CF84FF45E70DDE945B172
:1093B0004843A1B22C462F9D3346002800F03F843D
:1093C0009BF85C23032A12BF042ABBF858238A4265
:1093D00000F09A870BF55E7BA0F55E70EDE74FF02D
:1093E000000B4E46A9EB060806EB4600419E06EB35
:1093F000001000F10804B8F1000F13D028462146F0
:1094000002F0AAF840B1ABEB8B002146302204EB0E
:10941000001039F0EDFE01E00BF1010BA8F101089D
:109420003034E8E7A9EB0B003060769824F04AFA74
:10943000002085F874034E9824F044FADAF80C0002
:109440006D4B42684192D2F86015D2F8642574A839
:1094500015F070F94FF4B070DDE9745101FB00F6BE
:109460003D9A4FF0000B4FF480390024A6421FD0E4
:10947000285B012819D105EB040891B2B8F8020065
:10948000884212D108F1180011F0D8FC08F59C7040
:1094900013F015FB3D9A25F804B0C8E9019B88F844
:1094A0000CB0C8E953BBC8E955BB04F5B074DDE79F
:1094B000769824F007FA4198504900F5AD6021F004
:1094C000CDF80446203024F003FB04F128001EF000
:1094D0004FFA28684A4901302860DAF80C0024F075
:1094E00020FE42680132426024F067F9DDF808B1DD
:1094F00001F075BC9DF8D001284440F07F433B98B3
:10950000DDF8E4C000F05FBC3E481DF003FD24F030
:1095100084FAA9E53C483A2D3C4908BF08461DF0AD
:10952000F9FC24F07AFA16E50DF5E8782A461C468F
:10953000404611F057FF9DF8D061FF2E00F0D88310
:10954000CAA808F10101013024F0D3F88DF828638E
:10955000FFF773BB2E481DF0E9FC01F040BCDAF8C0
:109560000C0002244268D2F87416D2F87806D2F8B9
:109570007036C2F87046012B41F031844968884743
:1095800001F02DBCF89A0400A8940400D0AA0400AD
:10959000A0AA0400C0AA04006E000000820000001F
:1095A0006CA004003000000014000000BC8D04001A
:1095B00090AA0400720000009CA004006500000056
:1095C0001001000034A00400D0D903204D00000099
:1095D0004C000000ACA00400900000007179020073
:1095E00008570400185704007100000085000000AF
:1095F0000F0200006CA10400DC9D0400EC9D04003F
:10960000CC8D04004B0000008600000052000000DA
:109610006600000075000000FF00000074AE3046D8
:109620001BF046FE75999DF8D081002900F0A587B2
:10963000769A74A81BF066FE7599002900F09B8746
:10964000769ABDF8D09174A81BF076FE9DF8D06193
:10965000002E00F08987DDE9751274A81BF06CFEFE
:109660009DF8D001002800F07F87DDE91632002444
:10967000189D7699002901F04B82002001F04DBA27
:10968000DAF80C00D0F8048074A81BF03BFE759942
:10969000002901F0AD81769ABDF8D06174A81BF065
:1096A000A1FE7699002901F0A381779ADDE974453E
:1096B00074A81BF027FE7598002801F09981769810
:1096C0000022002840F03D87BDF8D00108F5447124
:1096D000ADF87C01204664F30700ADF87A61ADF87F
:1096E0007821CDF87E01CDF8825174A85EAA20F0D1
:1096F0005BFFBDF8D0014FF6FF710A94884201F07C
:109700006E83162670E574A81BF0D2FD24F0CBFA08
:1097100001F09586769A74A81BF0F4FD75990029DE
:1097200001F08B86769ABDF8D05174A81BF0EAFD43
:109730007599002901F08186769ACDF808B1BDF8B7
:10974000D09174A81BF0DEFD7599002901F0758693
:109750000DF5E878769ABDF8D0B140461BF0D2FD01
:109760007598002801F069867698002841F0778680
:10977000002E00F092855FF864011DF0CBFB2846B7
:109780001BF052FB30461BF05DFB1DF02BFD00F083
:10979000ACBD74A81BF08CFD7598002841F01F83A8
:1097A0009DF8D0415FF8900101F027BE74A81BF02E
:1097B000A9FD7599002901F0298624F086FE74A878
:1097C0001BF0A0FD7599002901F02086769ABDF85E
:1097D000D09174A81BF096FD7599002901F01686AA
:1097E000769ABDF8D05174A81BF08CFD75990029AC
:1097F00001F00C86BDF8D061769A74AC20461BF05F
:1098000081FD7598002801F001867698002841F0C6
:109810002486DAF80C104346BDF8D001ADF8D29199
:109820004968ADF8D8010420ADF8D661ADF8D4513F
:109830008DF8D001D1E9021200945EA814F082FCE8
:10984000CDF8348001F0CBBA74A81BF05BFD75999C
:10985000002901F0E185769ABDF8D09174A81BF03B
:1098600051FD7599002901F0D78524F02EFE74A8CA
:109870001BF048FD7599002901F0CE85769ABDF858
:10988000D06174A81BF03EFD7599002901F0C485D4
:10989000769ABDF8D05174A81BF034FD7598002855
:1098A00001F0BA8576980024CDF808B1002841F07F
:1098B000B785BDF8D02143F60850E34B002148EAB4
:1098C000064643F6085B23F092FDDAF80C20D2F846
:1098D000048043F60952CDE97E0107208DF8D001BE
:1098E000300CCDE97A44CDE97C448DF80A4240F24F
:1098F000E2446043ADF80892ADF8005224F06CF8F1
:10990000CDE97801B0B2604343F6095224F064F81F
:10991000CDE976014B46D8E9021274A800905EA802
:1099200014F010FCCDF82C90E0E574A81BF0C0FCFE
:109930007599002901F08985769A2E9E002A01F0FA
:1099400093855FF8B8030123009074A81BF066FCB0
:109950007498DDE97612047874A81BF0D3FC75992D
:10996000002901F07285769A74A81BF0A1FC759805
:10997000002801F06A857698002808BF26461F98BF
:1099800018BF00201F9041F07185DAF80C00AF4B32
:109990004468D4F85016D4F8542674A814F0CAFEBB
:1099A000DDE97410022201314000D0B311F8013C0E
:1099B000012B05D10D78F3B29D4208BF01F8012CAF
:1099C00002310238F1E774A81BF072FC7598002888
:1099D00041F005829DF8D0419D4801F00EBD74A86C
:1099E0001BF066FC75999DF8D0910029CDF808B15F
:1099F00001F0F580769A74A81BF084FC7599002913
:109A000000F0E786769ABDF8D04174A81BF0CCFC34
:109A10009DF8D051022D40F01D869DF8D19101F0A6
:109A2000DEB876982E9623F04DFF8A4904F5CB6078
:109A300020F014FE0C461DF09BFF23F025FF01F0E3
:109A4000CEB92046419315F0C7FFCDE9001874AC9C
:109A5000359A09F5AC610346204611F0FDFC24F06F
:109A600006F900F06284CAA8611C013023F041FEAF
:109A700099E120464193359115F0AEFF02460B4621
:109A80004CA811461A4622F085FE9DF830010428A4
:109A900000F09E84DDF808B1FE2840F0E6846E48B0
:109AA0002D949DF831411DF035FA20462D9C21F072
:109AB00015FE1DF097FB3599204615F08DFF002906
:109AC00001F0F6840078410600F131848DF87D01C3
:109AD00003200DF5BC798DF87C01FF2000260621BE
:109AE0008DF878014846ADF880618DF87E1122F03E
:109AF00007FE4FF0040BADF82001FB20ADF822B1BA
:109B0000CDE9C540C796C5A848A9F7F725FFC0B25B
:109B1000022840F0648774A9AE4699E87C10084694
:109B200080E87C10C5A87546F7F774FCC0B202281F
:109B300040F055874298C79C1BF0D4FB2D9982B208
:109B4000CD94CDE9CB514199CA9174ACCAAE41468E
:109B50002046334614F041FA9DF8D0B100F07FBCA6
:109B6000BBF13F0F40F20C818846D9F86415ABF188
:109B7000400290B2814240F24585D9F86005419398
:109B80002F9511F013FC054600205E90287B0328DA
:109B900004BFB5F84C01834501F03D81DDF808B103
:109BA00023F00BFE41982F99C3E374A81BF080FBB0
:109BB000219875999DF8D09120F0FF04002900F0BC
:109BC000BC83769A74A81BF09DFB7599002900F060
:109BD0000386769A4FF0000824F046FCDAB1087844
:109BE0004FF00108022816D85FF860560123CDF81F
:109BF0000491BDF8D041009574A81BF00FFB749838
:109C000090F80090B9F1FF0F40F08987149BDDE9CF
:109C100012C6DDE91085219868F3070000F0E3BD66
:109C200024F0A2FACDE9004882B2CAA82F9B09F518
:109C3000AC6111F011FC9DF828B3FFF78BBB47987E
:109C400023F000FF18466CE300204E00FCD4040013
:109C5000070100000CD50400600000002200000095
:109C6000D0000000FC8C04000C8D0400DC8C04008F
:109C7000EC8C04005400000095000000DDF808B1F1
:109C80002C94CDF808B174AC204623F0E5F9DDF84A
:109C9000D0B1BBF1000F00F08583DDE975602B903A
:109CA00042981BF01FFB23F086FB002800F0DE85A6
:109CB0002A912A462B99CDE974B600F5517B76910D
:109CC00000945EA82C9B594612F0F0FE20469DF8A9
:109CD00078414CAEFF2C00F060865EA90530013162
:109CE00023F007FD01208DF8D441749000F058BE98
:109CF0002C9474A823F0B0F9749E002E00F05B83BE
:109D00005846DDE975B842901BF0ECFA23F053FB9E
:109D1000002800F0B385CDF880810DF5E878CDE915
:109D20005E6B5EAE00F5517B2C9B894640465946E2
:109D30002A46009612F0BAFE24F0BFFB40F0F485EC
:109D400074A824F00CFABDF8D501ADF878019DF89F
:109D5000D701DDE976418DF87A017498012840F049
:109D60004C869DF87A218DF83221BDF87821ADF826
:109D700030210A46DDE978359DF8D40100F047BE70
:109D8000429841931BF0AEFA04465FF830011DF093
:109D9000C1F8A0B21BF048F858461BF00DF81DF0B2
:109DA00021FA4FF0FF0B8DF828B34198294623F094
:109DB0009DF9FFF7CFBA3B98DDF8E4C0349B60F320
:109DC000070343F07F4303F001014FF07F4211434B
:109DD000160EFF2E00F0F982002E349318BF0126D4
:109DE0000A0E6FF08073FE2A88BF4FF6017303EAF4
:109DF00001040D0C3B902806CDF8E4C000F0C880AB
:109E00005FF8A4011DF086F828461BF01BF81DF032
:109E1000E9F9D9E90201224614F018FA0A4674ABAE
:109E20003A990646FE20002E00F09A805FF8CC1189
:109E300009F11800CDF8D480CDE9412B14F03CFC99
:109E40002F918346D9E90412C5A85FF8E43114F0D4
:109E500054FC09F544702D90DDE9C54006F51078F5
:109E6000CDE92B0454F8080B00EB400005015DB16F
:109E700004F11000414622F0EAF9303D3034002868
:109E8000F5D0012086F872039BF83E013146023876
:109E900018BF0BF12000F8F739FB8146002851D09C
:109EA00099F8C800022806D099F800000D2804BFD0
:109EB000012086F872030020ADF87801DBE9000E7E
:109EC0002A9074A800F1100298E83B1082E83B1039
:109ED0000BF52870494680900BF520707F902B98E9
:109EE00077902C987690359881902A9874900BF101
:109EF00008002D9CCDE98260B6F85803ADF8100239
:109F00000BF5A4707E94CDF8D4E100904CA85EAA25
:109F100074ABF8F747FC74A8494622F039F99DF86C
:109F2000D001FE280BD00BF538701DF021FD032069
:109F30002146ADF8D0015EA874AA20F035FB9DF84B
:109F400029032A90C79823F0BDFC2F9923F035FCF4
:109F5000419923F032FCCAAB3299DDF808B1FF20F9
:109F60008DF828031C208DF8D0010C22D1F8025066
:109F70000631B3F802801E7848AC23F0F2FBFF2EC6
:109F800000F02D87BFA894E80E000EC02A9AD9E2EF
:109F9000D9E9020122462F9614F058F9002872D010
:109FA0002D9106465FF83C1309F11800CDF8D480D6
:109FB000CDF808B114F080FB2C910446D9E90412C5
:109FC00048A85FF8543314F098FB94F83E013146EA
:109FD000DDE94885023818BF04F12000F8F796FA49
:109FE00006F5107B002853D009F544712891D4E977
:109FF0000012B1462B90A446AE46CDE9292174A8A3
:10A0000000F110029BE87B007BC20CF528704E46E5
:10A0100080900CF52070DDF8A0B06446CDE97EB0EC
:10A0200035988190299875902A9874900CF10800C1
:10A030008390B9F85803ADF8100200208DF878012C
:10A040002F98CDF808920DF54A798DF879010CF525
:10A05000A47000904846CDE9768E5EAA2B9D74AB25
:10A060002946F8F79FFB9DF82803FF2840F09480CD
:10A070002B7895F8C80002287BD1A3F10B020020B1
:10A08000022A7ED983E0FE208DF8780174A8ECE0E6
:10A0900058F8280900EB40000501002D59D008F1BF
:10A0A00040095946484622F0D2F8303D08F13008C0
:10A0B0000028F2D0D8F80000CC462890D8F8040048
:10A0C0002A90D8E902E029905EA90F912B969CE88E
:10A0D0007D007DC12B9E2F98D8B398F82800319031
:10A0E0002A9898F829B07590DDF8A0C02998CDF885
:10A0F00020E0CDF8D8E1CDF8D0C1779074A800F178
:10A10000100899E87E00E14640467EC05FF89C0456
:10A11000319C8DF8F9B18DF8F8411CF0FBFE4046FA
:10A1200021F0BEF81DF05EF82B98A64680F85F433C
:10A130004CA8DDF83CC09CE87E007EC07146FF2044
:10A140002B9E4A46089CDDE929538DF8140370467E
:10A1500045E05FF8DC041CF0DDFE584621F0A0F875
:10A160001DF040F8002086F85F03FF208DF81403EF
:10A170002AE00020112B0AD801229A4012F4303F25
:10A1800005D095F8F920022A18BF95F8F8000022AA
:10A1900086F85F0386F872235EA8294621F0F8FF4F
:10A1A0009DF87801FE280BD004F538701DF0E0FB17
:10A1B00003205946ADF878014CA85EAA20F0F4F9C6
:10A1C000C5A899E83E003EC02F9870B396F85F038B
:10A1D0004FF0020B3199DDE92632DDE9245431914B
:10A1E000CDE92632CDE92454F8B1CDE97623B04645
:10A1F0008DF8D101CDE9784574AADDF804E102F1CA
:10A2000018009EE87A1080E87A1008F5207146461A
:10A2100031988DF800020E208DF801B28DF8D00132
:10A220005EA813F08BF823F0DBFD4A980DF5457915
:10A23000DDE92C240DF5E8784B46DDF808B123F074
:10A2400041FB106835990130106040463246F8F7FE
:10A250000BFA23F019FB5EA899E87C0001467CC14B
:10A260009DF87811FE2908BF40461C2190F8019006
:10A270008DF8D01100F10801B0F802800C22456879
:10A280000678C2AC23F06DFAFF2E00F0A885BFA8B7
:10A2900094E80E000EC04A4654E1BDF8D0210021DA
:10A2A000E54B43F6085043F6085623F0A0F8DAF8D9
:10A2B0000C200023546843F60952CDE978010021AF
:10A2C000DE48E9FB0061304638F09EFFCDE97601BB
:10A2D0000220ADF8D2B12B468DF8D001D4E902129C
:10A2E000CDF800805EA813F02DFF0C95FFF7FEB8A7
:10A2F000779800214FF07F420028204608BFD9B24E
:10A3000008BF23F0FF0262E59BF87303002800F00A
:10A31000BE82CB481C461CF009FE479823F092FBF6
:10A32000204623F0A0FEFFF7E1B8DDF808B1419820
:10A33000294622F0DBFE00F052BD04EB09004EE29C
:10A34000BDF8D0210021BC4B43F6085043F6085617
:10A3500023F04DF8DAF80C204B46D2F8049043F67F
:10A360000952CDE978014FF47A400021E3FB006106
:10A370000023304638F048FFCDE976010620ADF8DD
:10A38000D6812B46ADF8D4B1ADF8D2418DF8D001CD
:10A39000D9E9021274A800905EA813F0D3FE0995C3
:10A3A000FFF7A4B8A7481CF0B5FD23F036FB1CF05E
:10A3B00019FF16200FE3A4481CF0ACFD23F02DFB81
:10A3C0001CF010FF1620FEF7C9BD01F00102B8E035
:10A3D000A946429DBDF8326128461AF083FF81B23A
:10A3E0004046324613F036FEFF2106468DF8D01166
:10A3F000A3469649ADF8D60100204891FB218DF87F
:10A40000D401C691C594C790C5A848A9F7F7A4FA86
:10A41000C0B2022840F0EB80C5A874A9F6F7FAFF95
:10A42000C0B2022840F0E38089481CF073FD30463A
:10A430001AF0C2FC1CF0D6FE2846C79C1AF052FF48
:10A44000419982B2CA914146CD94CDE9CB9B5EAC95
:10A45000CAAE2046334613F0C0FD9DF878B1BBF17B
:10A46000FF0F3FF443A8701C95E29DF83411FF28BC
:10A4700008BF002900F065820C2800F07083FF28D7
:10A4800040F08083FF2940F01785BDF83801C007F0
:10A4900000F012850DF5BC7B0C208DF87801584634
:10A4A00022F02EF90421ADF82001ADF8221174A894
:10A4B00022F0D2FD749E002E00F0FE852D94FB202C
:10A4C000DDE97541CDE9C51000202F91C790C5A8E1
:10A4D00048A9F7F741FAC0B2022840F07B8574A87A
:10A4E0002C94AC46B6469BE87E007EC07646654618
:10A4F0002C9CC5A874A9F6F78DFFC0B2022840F0C5
:10A5000069854298A346C79C1AF0ECFE2F9982B247
:10A51000CC914146CD94CDE9CA6B74AECAAC3046FD
:10A52000234613F05AFD23F0A2FB00F03D87601C88
:10A53000711CFFF79BBA9DF8D051399820F0FF00AD
:10A54000421901263C994FEA1820C870D0B240EA5F
:10A550000820A1F801004D6001F108000E70BFA9AC
:10A5600023F046FF00F051BC9DF8D181DDE91632A1
:10A57000189D74AE04E09DF8D081DDE91632189D77
:10A58000159820F0FF0000EB080900204C46002839
:10A5900000F07187E1B2179241EA0224290616936E
:10A5A0000FD0DFF81C0F1CF0B5FC23F065FF284628
:10A5B00018951AF047FC1CF015FECDF8549000F0E9
:10A5C0000EBCDAF80C108DF8D20101208DF8D131D3
:10A5D000234649688DF8D001D1E9021200965EA8A1
:10A5E00013F0B0FD0020CDF854901890F7E323F05D
:10A5F0001BFF18BF4FF00D0B419849468DF828B34B
:10A60000FFF7D5BBDDF808B112208DF828031846F6
:10A6100023F029FDCAA80DF5E87890E87C004146B2
:10A62000DFF8A00E7CC11CF075FC23F052F91CF081
:10A63000D9FDFEF702BB00BF00204E0000C4090098
:10A64000630000008100000080000000030004009F
:10A6500021000000DDE9751274A81AF029FE23F02C
:10A6600022FB00F00382769A74A81AF005FE769910
:10A670009DF8D081002900F0B18222F07CFEC590C7
:10A680009DF87C01779A8DF8180374A81AF0F4FDF0
:10A6900076999DF8D001002900F09C82419022F02B
:10A6A0006AFECA909DF87C01779A8DF82C0374A8F5
:10A6B0001AF0E2FD76999DF8D001002900F08A8217
:10A6C000359022F058FE23F05BFE74A81AF01AFEB3
:10A6D000759900297DD0BDF8D001769A2F9074A885
:10A6E0001AF010FE7599002973D0769ABDF8D0B192
:10A6F00074A81AF007FE759900296AD0BDF8D00138
:10A70000769A2D9074A81AF033FE23F0D6FE3FF40B
:10A7100084A9C59948919DF818138DF82411CA99F8
:10A72000C2919DF82C138DF80C134C9945919DF80E
:10A730003411489A8DF81811769974929DF8242155
:10A7400000298DF8D421C29ACDE92886CDE92A5472
:10A750005E929DF80C23DDE91D18DDE91B53DDE950
:10A7600019C4DDE9226E8DF87C21459ACDF83CB004
:10A770004FF0020BCDF8B0904FF000094C929DF8CD
:10A7800018218DF8342140F034829DF8D4118DF8D1
:10A790002C137499CA915E99C5919DF87C118DF81E
:10A7A00018134C99DDF8AC9048919DF834118DF850
:10A7B00024114FEA1928DDE92812419B359D2F9C71
:10A7C000DDF83CE0DDE92C6CDDF8A8B020920E90BD
:10A7D0000FE29DF8D09102E29DF8D0012044DDF80F
:10A7E000408023F041FE4FF0FF090446B9F1FF0F0E
:10A7F00000F05C862190E0B240EA0324280614931E
:10A80000CDE912C60CD0DFF8E00C1CF083FB23F07E
:10A8100033FE284611951AF015FB1CF0E3FC22E0EC
:10A82000DAF80C000021119143F608528DF8D2910C
:10A83000234640687791E8498DF8D1C101EA462165
:10A84000114443F60952B1FBF2F17691310CADF8A7
:10A85000D31105218DF8D011D0E9021274A800900F
:10A860005EA813F06FFCCDF84080B8E202203146BC
:10A870007490584622F03AFC4CAE94E0FE205946C3
:10A880008DF87801304622F031FC74AED8E035986E
:10A89000CDE94835CDE94A409BF86E0374AD48A92F
:10A8A000002800F0E5802846F7F754FE23F005FE67
:10A8B00000F02281691C5EAD3590482222F058FFDD
:10A8C000879E4CAC2946482223F0D3FDDFF83C2C70
:10A8D0002046314616F037FC22F0C3FEDFF8301C6C
:10A8E00013F0EAFE0D46D9E90412DFF8283C0446CD
:10A8F000C2A813F002FFDDE9C2602990204621F0D2
:10A9000027FC3599002940F04A83002800F047834E
:10A910009BF86003012840F0E682BBF86513DBF882
:10A92000610301F58031E9E29DF8D3118DF8321110
:10A93000BDF8D111ADF83011DDE97735DDE97542AB
:10A9400065E0DFF8F40B2646BDF836411CF0E2FA6C
:10A9500020461AF031FA1CF045FC23F0C9F881B208
:10A960004046224613F076FB23F0C2F835996191F8
:10A970004199CDE95F565E91D9E902125EAB009331
:10A9800074AC83B2204613F0A3FB23F070F93EF4BD
:10A99000ADADCAA80130611C62E074A823F0DFFBF2
:10A9A0002A9922F00AFF01205E901C208DF87C017C
:10A9B0004CA874A95EAA10F0EFFABDF834B14C9817
:10A9C00000287EF4B9ACDDE94E35DDE95041002BBD
:10A9D0007EF4D0AC15208DF8280300F057BC01217F
:10A9E0008DF82913C00718BF4FF00D0BFFF7DBB927
:10A9F0000A9923F013FC0A18A3E52046FBF720F878
:10AA00001520002C08BFFF20079B04AD34CDD9F8DA
:10AA1000001007930131C9F80010BDF83011FE286D
:10AA2000ADF879119DF8321161938DF87B11CDE964
:10AA30005F4204A934C162958DF8780108BF46468B
:10AA40001C2013228DF8D00116F801BB4CA831460A
:10AA500038F0CEFBBBF1FF0F04D0CAA84CA90130DF
:10AA600022F047FE8DF828B3FEF774BCB146B6E07D
:10AA70002846F7F76FFD9DF8D041FF2C3CD0691CAC
:10AA80005EAD482222F074FE35942946879E4CAC78
:10AA9000482223F0EEFCDFF8802A2046314616F0EB
:10AAA00052FB22F0DEFDDFF8741A359E13F004FE2F
:10AAB0000D46D9E90412DFF8683A0446C2A813F03B
:10AAC0001CFEC2982990C3982890204621F040FB94
:10AAD0000A2E40F03F83002800F03C839BF860037F
:10AAE0002F95012840F0D582BBF86513DBF8610390
:10AAF00074AD01F58031D6E25EA8291DC41C142274
:10AB000022F02FFECAA82146142238F071FB6CE314
:10AB10004FEA19224C463346454674AE37E5219834
:10AB2000779A00F47F40012A7FF659AE7699022386
:10AB30002190009574A81AF071FB779A5AB1749815
:10AB4000012376990688009574A81AF067FB779A16
:10AB5000012A00F2CA82DDF84080219841E622F005
:10AB6000C7FF22F028FC00283FF4E1AB0C4601218E
:10AB700080F8761300F54E701CF0FAFE22F084FE89
:10AB8000FFF7D5BB22F0B4FF21460446359861900B
:10AB90004198CDE95F515E90D9E90212CAA8DFF869
:10ABA000943921F03DFC4FF45E70DDE9CA12504348
:10ABB000A2B2002800F0778191F85C33022B04D90F
:10ABC000B1F858339A4200F0AF8101F55E71A0F5FB
:10ABD0005E70EEE7814602E000FEFF01C146DDE95E
:10ABE0001D184FF0020BDDE91B53DDE919C4DDE947
:10ABF000226E9DF82C03BBF1020F8DF80C03CA984E
:10AC0000C290C598209A45909DF818038DF81801B8
:10AC1000489872909DF824018DF8CC0100F01B84B7
:10AC2000C298CAF82F01749045985E909DF818015B
:10AC30008DF87C0172984C909DF8CC018DF8340110
:10AC40000E988AF848015E98CAF835019DF87C0193
:10AC50008AF839014C981D918AF82E119DF80C1331
:10AC6000CAF83B019DF834018AF833118AF83F0194
:10AC7000BAF832011C938AF83431DF4BADF8340155
:10AC8000DAF82E018AF8472120928DF83621A2B2F7
:10AC90008DF8D41100214C9043F60850E2FB0301DB
:10ACA0008AF82C918AF82D8143F609520023CDF8B9
:10ACB00078801B958AF83A5100258AF849B1229686
:10ACC0008AF846616646AAF844C1AAF842E1AAF8A1
:10ACD00040411A9443F60854BAF82C81DAF80C90E3
:10ACE000CDF88CE038F090FAC44A0023CDE9740125
:10ACF000B0B200211996E0FB024143F6095220460A
:10AD000038F082FA339ACDE976012398ADF8E00164
:10AD10009088116808431FBF9088ADF81803106829
:10AD2000C590114618BF012551F8060F8A8874ABEB
:10AD300010430BF001024FF000001FBF8888ADF8F0
:10AD40002C030868CA9018BF0120C5998DF87F01AF
:10AD5000CA98CDF87911BDF818136090BDF82C038E
:10AD60008DF87851ADF87D11ADF88401D9F8040063
:10AD70005EA9CDE90023424602914CAB229912F024
:10AD800073F800287EF4B2AB33991420329BDDE9CE
:10AD9000302C81F825000020DDF808B12E9D3F9C65
:10ADA0008AF85A01BAF82C01A1F82300DAF80C004D
:10ADB000CAF850013F940AF5A6712E95CDE931C32A
:10ADC00074A83092FDF7C0FA9DF8D001FD2818D084
:10ADD000DAF80C00406800F5BA6010F07AF8DAF89A
:10ADE0000C500AF128044FF4817123F048FB2868C5
:10ADF00000218AF858110AF5AC78CAE94B04FDF72E
:10AE00007BBC3C99FD20087005208AF82A010DF5CD
:10AE10004F7D22F04FBC28893591002879D0013828
:10AE20002881B5F90A00012190FA51F005F59C71CD
:10AE30006881D5F83801002800F0E2800E462046EF
:10AE4000414614F0C9FD74AC02460B46314620461B
:10AE500011F040FE7498002800F0328104F1040CD7
:10AE6000CAA99CE85D005DC1284611F0BBFFDFF870
:10AE7000CC1609F5AD601FF0F1FB30300C461CF02C
:10AE800077FD206835990130206022F096FC4198CA
:10AE90002F999DF8284322F029F9DDF808B1FF2CFD
:10AEA0007FF4B8AB9BE7CC9822F0CCFD419823F01F
:10AEB000DAF84FF0140BD5E522F01AFE35996191BE
:10AEC0004199CDE95F545E91D9E902125EAB0093DE
:10AED00083B274A813F0FCF823F0EFFA3EF406AB4B
:10AEE0004FF0160BBEE5A168C8074FF0050000F053
:10AEF0004181E268080A110A40EA026023F053FA2D
:10AF000028960128ADF8C4112F9529D122F0F3FD20
:10AF100028E0DFF840061BF0FDFF584619F04CFF13
:10AF20001CF060F91624A7E074A85EAA12F084F958
:10AF3000749C4FF0FF0B2CB17599204622F0D6F887
:10AF40004FF0160BCC9822F07DFD002C3EF4CEAADB
:10AF500088E5DFF878351146002022461BF092F98B
:10AF600023F015FA729074AE94F8E83200254FF48D
:10AF70007020CDE9000570A906F1D00072AA20F07A
:10AF80004FFE022031468DF8980204F120004FF464
:10AF900094728DF8D05137F0A1FA2F9D289E94F825
:10AFA0003E015946023818BF04F12000F7F7AEFA07
:10AFB00084461520BCF1000F00F0DC809CF8C8200E
:10AFC000022A40F0D78009F544707E902998CDE997
:10AFD0007660D9E023F028FA3046214618BF4FF0BA
:10AFE0000D0B8DF828B322F081F8FEF7DEBEDFF8F6
:10AFF000E43422F008FD00BF00C4090000204E0028
:10B000002B912046414614F0E7FC0246DFF830055C
:10B0100000900B4674A811461A4602230FF0AAFFAF
:10B020007598002800F0478201282D9400F0458291
:10B0300074982946B5F852310288DFF8100500905F
:10B0400074A82C9211F0E2FE9DF8D041FF2C00F084
:10B050004281DFF8FC1409F5AD601FF0FFFA3030D3
:10B0600022F036FD2868132201302860CAA874A98E
:10B070000130013138F0BCF8359922F09EFB41983F
:10B080002F998DF8284322F031F8DDF808B1FFF749
:10B09000C1BAA06874ADC10700F01A81E168000A66
:10B0A00040EA0160090A23F07EF9ADF8C4110128D5
:10B0B00032D122F020FD31E04FF0160BFEF773BEC7
:10B0C0007698002800F03C8104F1080C5F995EAA94
:10B0D0009CE8590059C20020FAF7B2FC35990124C6
:10B0E0005E9800283EF45AAD10E1749802237699D8
:10B0F00090F80080009574A81AF090F877980028CE
:10B1000000F021812046DDF8408000244FF0FF0947
:10B1100023F0AAF9FFF76ABB23F039F9729040F6E1
:10B12000661094F8E8324FF0C071CDE9001070A9B4
:10B1300005F1D00072AA20F073FD002029468DF899
:10B1400098024FF494728DF8D00104F1200037F08A
:10B15000C5F92F9D94F83E015946023818BF04F1F5
:10B160002000F7F7D3F920B1844690F8C8000228F0
:10B1700003D115208DF8280332E009F544707E9044
:10B1800028987790299876902A98ADF8100204F5BF
:10B190002870809004F52070CDF808B2CDF80482B4
:10B1A0007F90D4E900027490759274A8DDF8B4E041
:10B1B00010302F952A949EE87E007EC02A992F9DFC
:10B1C00001F10800839001F5A4702B99009174A9F6
:10B1D000CDE90110CAA8359A61462C9BF9F74EFEBD
:10B1E000C49822F06FFB22F07DFBCE4909F11800D4
:10B1F00013F062FA06460C4620F0AAFF18B106F5D5
:10B2000038701CF0B5FB9DF82853FF2D42D0206804
:10B210000DF54A7941465A46013020605EAE4B46F4
:10B220003046F7F721FA9DF878010DF5E878FF2808
:10B230000CD0AC4696E83E0040463EC06546BA4853
:10B240001BF068FE22F045FB1BF0CCFF09F1010466
:10B25000C5AE13223046214637F0CAFF4198314629
:10B2600013228DF8D05137F0C3FFB0481BF052FEC7
:10B2700022F02FFB1BF0B6FF4798132222F0E2FBCF
:10B280002046314637F0B4FF8DF82853DDF808B179
:10B29000FDF7D3BCDDF808B196F83E01022811D0C5
:10B2A0001CF07EF94FF4702200231CF02BFCC6E941
:10B2B00048010320ADF8D0015EA809F5447174AAD5
:10B2C0001FF072F922F0E0FA479822F0BBFB86E506
:10B2D00005202F9D4EE72D9CF922A11C2046B4F895
:10B2E000009037F037FE2C9BA8F10200A4F8F990EB
:10B2F00099B288423CD1CDE9604000245F992F98F3
:10B300005F9041985E900020FAF79AFB74A805F1CF
:10B3100018015EAA11F0D2FF749800B3DDE975013F
:10B32000FAF78EFB35992F9DDDE9413B22F045FA76
:10B330001620002C8DF828037FF469A9FFF76AB95D
:10B340003599FEF72BBC7498C446DDF84080230A7B
:10B35000419D008846EA00462046FFF747BA3599E6
:10B36000DDF808B122F029FA002C7EF41BAC36E59A
:10B370002F995A464D9141994E944C91CDE90060D8
:10B3800074AE2B99304611F06DFB9DF8D041FF2C27
:10B390001DD0CAA8711C013022F0ABF9359922F0FA
:10B3A0000CFA8DF8284370E6429819F09BFF359906
:10B3B00083B2CD912D99CDE9CB514199CA91D9E96B
:10B3C0000212009474A812F083FEFEF78FB835992C
:10B3D000FEF78AB83C4800E03D481BF0A7FD1BF093
:10B3E0004FFE3D481BF096FD002009E00024464832
:10B3F00003E0344600E01C4638481BF08BFD204635
:10B4000020F08CF81BF0EEFE1BF03AFE0D9922F0B6
:10B4100005FF0C183648F0E70B9922F0FFFE0C18D8
:10B420002F48EAE709989DF8D01120F0FF00441852
:10B430002C48E2E79DF8D09122E09DF8D0610C986D
:10B4400020F0FF0084192B48D7E79DF8D0010CE0CD
:10B450009DF8D19114E02A4819E00024DAE700248D
:10B46000F1E74FF000090BE000201F9023481BF08C
:10B4700051FD1F98C4E72048BFE7A94600E0B14648
:10B480009DF818038DF87C01C5985E901D481BF04F
:10B4900041FD4846B4E70024CAE7099800F47F4418
:10B4A000C6E7099820F0FF008419C1E70F48A4E718
:10B4B0001F4A21F07CFF244AFBE7224A22F096F83B
:10B4C0007700000061000000AB000000F0C3040042
:10B4D000AC000000B0AA04000B010000FE00000058
:10B4E0000A010000020100007600000008010000CF
:10B4F0000401000003010000090100000001000038
:10B500000501000001010000060100005857040079
:10B51000685704007857040028570400385704007F
:10B5200048570400B8570400D1000000CC000000C8
:10B530003CA00400ACA1040027000000209F0400F0
:10B54000F09E0400109F0400009F040030A004003F
:10B55000189304002900000091F829200AB1012065
:10B56000704780B56F4601F1100200F5107110466A
:10B5700015F050FC80F0010080BDD4D4F0B503AFCD
:10B580002DE9000FADF54F7D064696A800F10109A3
:10B59000BEA800F1060B91F835000D469046DFE895
:10B5A00010F00600DB071C08170049007700002098
:10B5B000D5E90B2385F8340085F88800D5E9020128
:10B5C000C5E90001C5E91013C5E90E20C5E904234A
:10B5D00017AC05F1380120460AF012F81A9802302B
:10B5E00004D1FD203070032000F067BF0120B64673
:10B5F00085F8340005F11800AC4694E86E006EC082
:10B600006546DCF82410DCF818A0481C08BFBAF125
:10B61000020F05D02B6AAC6AE88BB5F81C804DE0B0
:10B620000020764685F86400D5E900012A6929647E
:10B63000C5E90E2005F138045AA84246214609F012
:10B64000F3FCDDF868A11AF1020004D1FD2030708E
:10B65000042000F032BFDDE95B8014902046FAF749
:10B6600085FE1AF1010008D00020159685F83400F7
:10B670004FEA1840169500F0CABE0020D5E9042311
:10B6800085F88800D5E90001C5E91013C5E90E2049
:10B6900005F138015AA809F0B3FF5D99881C04D15F
:10B6A000FD203070052000F008BFBDF86E01B646E1
:10B6B000BDF86C81DDF868A15C9B5E9C0022CDE941
:10B6C00015E5022985F8342004D04A1C05D11493CD
:10B6D00000F09DBEFF2500F09BBEC8070FD16A6831
:10B6E0004245C0F0A38529685AA842461EF018FBBF
:10B6F0005A9818B1DDE95B8000F085BE5C9CD5E905
:10B7000000122046DFF8DC3ECDF850901FF096FD89
:10B710000A46A8EB0401914200F27585589008444E
:10B720005990BEA858AC214610F068FD22F0BCFC30
:10B7300003D19DF8F94200F006BEBF980D2880F0B5
:10B740005E8690A90DF5127A01F1030996A9CD1D27
:10B750000AF10508DFE810F00D00F8009800D400A9
:10B76000530014012801E8007C016B004F013200F6
:10B770005F000220CDE99F409FA8FCF797FB0C4695
:10B78000C00740F0E085E0B2022800F0DB84BEA8EC
:10B790009FA9FCF79FFBBE98149E022800F0EC8046
:10B7A000002800F0CF84BF9804F0010409905546AA
:10B7B00020F0FF0007900494002036E20420CDE939
:10B7C000AD40ADA8FCF7D3FA22F0C8F8144600F05B
:10B7D000AD85C0070E920FD0ADA8FCF767FB0C46F5
:10B7E000C00740F0A385E0B202281CBFDDF8B89284
:10B7F000B9F1000F40F054830E2400F097BDBEA8AD
:10B8000058A910F0FBFC22F04FFC40F04781554650
:10B810009DF8F94253E3DDE95801884200F0738155
:10B82000007855461290002009900C2076E0022006
:10B83000CDE99D40BEA89DA9FCF745FADDE9BE0112
:10B840009DF8006380F00202114300F0D284C0072B
:10B850001CBF9E98002800F020829D990DF52D7840
:10B8600004964046BDF80693DDF802438B469DF8EA
:10B87000016310F0C3FC9DF8B402012840F04B8234
:10B880009DF8B56200F0B5BC0620CDE99F409FA8A9
:10B89000FCF73CFB22F059F818BF00F07F4111443F
:10B8A0004FEA114400F04F85C00700F04B84BEA85A
:10B8B0009FA9D146A246FCF706FADDE9BE019DF834
:10B8C000004380F00202114300F03D85C00700F004
:10B8D0003984BDF806031390DDF802B39DF80153D7
:10B8E0009FA8FCF713FB22F030F818BF00F07F414F
:10B8F00011444FEA114640F07E82344600F023BDE9
:10B9000058A8FBF737FD0C46C00740F01C8504F033
:10B910000100129000205546099003200890149EC3
:10B920000020079000F031BD0220BC94BD90BEAD58
:10B930002146284610F062FC22F0B6FB40F0B780AA
:10B9400055469DF8F912DBE10220CDE99F409FA802
:10B95000FCF70DFAC0F30724C1B2022900F0F3840A
:10B96000C00700F0EF83BEA89FA9FCF7B3FABE980A
:10B97000149E022840F04E819DF8FC4200F0E3BC8A
:10B98000BEA858A95546FBF733FE9DF8F8029DF86E
:10B99000F912FF2800F0BB80DDF8FBA205220F9111
:10B9A0009DF8FA120391B6E00220CDE9BE409FA8AF
:10B9B000BEA9FCF75AFA9DF87C6255469DF87D4277
:10B9C000FE2E13D0FF2E00F07E859DF87E02DDF85E
:10B9D0007FA203909FA8BEA9FCF747FA9DF87C229E
:10B9E0009DF87D02FE2A40F022810446FF229AA99A
:10B9F0004FF0000A33E10320CDE9BE40BEA8FCF7BA
:10BA0000B6F921F029FE344600F09D84C00700F00D
:10BA10009983BEA8FCF74AFA0C46C00740F093840D
:10BA2000E0B20F96022800F08D83149EBF98002884
:10BA300000F08883BE999FA8FBF7A6FB9DF87D12B6
:10BA40009DF87C02012840F091820C4600F07BBCFE
:10BA50000720CDE9BE409FA8BEA9FCF706FA9DF8D5
:10BA60007C0255469DF87D12FE280F9000F00E8254
:10BA7000FF28039100F0AF859DF882020490DDF865
:10BA80007E629FA8BEA9FCF7F0F99DF87C429DF864
:10BA90007DA2FE2C40F0E8805146F7E1DDE95860D8
:10BAA000BF9C801BA0423CD25546042407E2BF98AD
:10BAB0002E1D0025CDE9AD409DA800F10208ADACDA
:10BAC0009DA82146FCF7D1F99DF874029DF87512E6
:10BAD000FE2800F0E48098F80420FF288DF87022FA
:10BAE000D8F800209B9200F0DC80042D00F0068145
:10BAF000307001359B98C6F802009DF87002717095
:10BB0000B0710736DCE74FF0020800F023BC0846AE
:10BB1000FF224FF0000A8DF86802149ECDF824A091
:10BB2000F8E0002E00F0CA81B4F5807F40F0178560
:10BB3000F07906F10909049006F1170170781022D6
:10BB40000F90B0780390F07B1390307A1290D9F870
:10BB500000001190D9F807001090B9F8040009907E
:10BB6000B9F80B00089099F80D00D6F803B03478B6
:10BB7000079092A837F03CFBD6F8310006F1380167
:10BB80008E904322B6F83500ADF83C02B08D0B9094
:10BB900096F83000019096F83700029096F827004A
:10BBA0000D9096F82E000A9096F82F00B9F81FA075
:10BBB00096F82B800C9099F821907DA837F018FB0F
:10BBC00096F87B0006F17D010E90832296F87C505A
:10BBD0005AA837F00DFB149E04220798ADF840A236
:10BBE000DA4670730898A6F80B000998B08011988F
:10BBF00030601098C6F8070012988DF85802139814
:10BC00008DF842928DF85F028DF843828DF8F351E2
:10BC100092AD58E10028049400F09482BF985546F4
:10BC2000099020F0FF00079001200890ADE39DF8F7
:10BC30008212FF2A8DF8B812DDF87E12AD910492BF
:10BC400000F041849DF8B81206228DF85D12AD997E
:10BC5000CDF859128DF8686296A90F940446149E87
:10BC60000C70CDF824A055E09DF88202FF2C8DF8D1
:10BC7000F402DDF87E021396BC9000F0AC849FA81D
:10BC8000BEA9FCF7F2F89DF87C929DF87D62B9F1AF
:10BC9000FE0F40F0C3803146F8E00E26A9E255467B
:10BCA0002EE0DBF8070013909BF80D001190BBF815
:10BCB0000B000995BBF804A0DBF800600DF51F7BB5
:10BCC0001090BEA89DF8FC12143004919DF8041346
:10BCD000129159469DF8FD4290E82C002CC1BEA857
:10BCE000BCA9FCF7C2F89DF8F8829DF8F912B8F1EA
:10BCF000FE0F40F0ED80149E92AD02E055460E21FD
:10BD0000149E0020FF2209900DF51A794FF0000AC9
:10BD100089F8001013E3CDE90F9408F10408DDF869
:10BD2000B8924FF0000ACDE91165CDF84CB0B9F1E9
:10BD3000000F1CD002209B46BD901398BC90BCA85D
:10BD4000FCF7E4F80446000CC5B2A1B202290AD0FF
:10BD5000E0074BD0BCA8FBF7F9FFC2B2C0F30F213C
:10BD6000FE2A09D1CDB2FF209BAB00220DE0FF20BF
:10BD7000BBAA4FF000091FE0FF2A37D08DF86C02F4
:10BD8000C0F30740A7F16A03220E1870A9F1010958
:10BD90009DF86C02FF2809D08DF8EC0245EA0226D6
:10BDA00017F86A0CA7F16E020B4605E026F0FF00BB
:10BDB000BBAA4619FE205B4610709DF8EC02FE28D7
:10BDC00000F08481FF2800F0F480BAF1080F00F041
:10BDD0007C8117F86E1C0AF1010A88F8041088F8B3
:10BDE000033088F8020028F8066BA0E7FF209BAB21
:10BDF00000220E25BAE7C007009500F0A3819FA896
:10BE0000FCF784F821F0A1FD18BF00F07F41114438
:10BE10004FEA114840F0BB80444694E29DF882020C
:10BE2000B9F1FF0F8DF8B802DDF87E02AD9000F099
:10BE3000D283BEA8FBF70AFF4FEA102B1290C0B2C4
:10BE40005946022822D01298C00700F0C483BEA829
:10BE5000FBF7FCFE010A1190C0B21091022815D028
:10BE60001198C00700F0B783BEA8FBF780FF21F050
:10BE700075FD0E92114609D0C00700F0AB83BEA835
:10BE8000FCF714F892ADC00700F0D581FF220DF544
:10BE90001A784FF0000A88F80010CDF824A0B0E11D
:10BEA000AD9E9F96BEA8314610F0D9F99DF8F802D4
:10BEB000002800F00E819DF8F94237E25546FF2236
:10BEC0004FF0000A149E8DF86842CDF824A036E2A7
:10BED000CDE90E143446149E92ADB8F1FF0F00F078
:10BEE0004583BDF8FD020C909DF8FC020D90BDF855
:10BEF000FA020B90BCA8FBF787FEC2B2C0F3072181
:10BF0000FF2A3FF4FEAE022A00F03083E24AD44614
:10BF1000099B00F00100346003EA020ADDE91032F7
:10BF2000A6F804C043EA0242A6F80B20120C139BA9
:10BF300072730F9A8DF85822129A8DF85F222A4652
:10BF4000C6F807309BE8680068C292AD0C9AADF85D
:10BF500040220B9A149EADF856220E9A8DF8552267
:10BF600007228DF854828DF84202D1E6039155469E
:10BF7000DDF87E12099121F0FF01079104F0010123
:10BF800012910A219DF8820208910490FDE1C007F8
:10BF900000F0D8809FA8FBF7B9FF21F0D6FC18BFAE
:10BFA00000F07F4111444FEA114540F0A2802C4639
:10BFB000C9E10DF53E78CDF8B4A208F10205ADA9AE
:10BFC000342221F0D5FB9FAE2946B41C342221F047
:10BFD000C8FB40462146342237F00AF9DDF8F892D2
:10BFE00006F1040E08F1040B4FF0000A4FF0000CAC
:10BFF0000020CDF82CA3CDF87CA2CC450ED20CEBC2
:10C000004C010CF1010C3BF811000BEB41010A79DA
:10C010004988CDF82CC341EA024101E041F0FF011B
:10C02000CA43120600F09F8092AA002800F0DC802C
:10C03000DDF87CA2C1F3074673460AEB4A020EEB19
:10C0400042045200B2B1063A33F8065B8542F9D198
:10C0500013F8044CA7F16A0813F8035C13F8022CD8
:10C0600003F8026CFF2623F8041C8DF8F0428DF8CB
:10C070006C5210E0C1F30F22BAF1070F0DD82671F0
:10C080000AF1010AE270FF22A1700DF53C782080D0
:10C09000FF26CDF87CA2ADAC04E08DF8B4129BACC9
:10C0A0000DF53C78267088F800209DF8B4229DF8A4
:10C0B0006C62FF2A03D19DF8F032FE2B9DD10DF565
:10C0C000127AFF2A18BF0E2690E00E260DF5127A7E
:10C0D0008FE002205546A090C09804903046DDE9DC
:10C0E000C18BDDF80CA314F087FFC0072CD00C46E1
:10C0F00037E0C00726D09FA8FBF708FF21F025FCFA
:10C1000018BF00F07F4111444FEA11413FF49DAC4C
:10C11000C00717D00020ADF86552099002200890A2
:10C120004D46ADF861620494ADF86382ADF85FA24C
:10C13000ADF84812CDF818A0149E139CDDF80090BD
:10C14000FFF7EEBB0E24FEE01391BEA83146FBF7CD
:10C150001BF89DF8F8029DF8F91201280D9157D1AE
:10C160000D9CAA46E2E0BEA8F9F786FCDDF87D0248
:10C170000DF51F7C98900CF10800A099CDF8631282
:10C1800092AE90E83C0031463CC10B220CF12901F3
:10C19000DDF8950235469090DDF89E028E90BDF850
:10C1A000A202ADF83C02BDF899020B909DF89402F2
:10C1B0000D909DF89B020A909DF89C020C909DF8B2
:10C1C0009D0201909DF8A40202907DA837F010F81E
:10C1D000149809220F99564681801099016012998E
:10C1E00011988DF8580207E00E269246BEA8F9F77E
:10C1F00043FC5546FF229AA94FF0000A00200E701A
:10C200000990149E9BE0DFF8E43300201AF03AF81E
:10C210009DF8FE021190DDF8FA0210903046129659
:10C2200014F0EAFEC00739D00C467DE0EC4B00204C
:10C2300041461AF027F8C8B2022800F0CB819DF8D9
:10C24000F43201F001011298119A8DF85E32000C5F
:10C25000BC9B120CCDF85A32AD9BCDF861329DF8E3
:10C26000B8328DF868121099ADF84B2208228DF87B
:10C270004A128DF865328DF866B28DF860628DF8DD
:10C280005F928DF859A28DF85842ADF848020E9988
:10C2900092ADDDF84CA0FEE500FFFF7FC8B200B311
:10C2A00001282CD1BEA812990FF0D9FF21F0FCFE75
:10C2B00038D0DDE9C050DDE9C22140EA01032E4655
:10C2C00015432B4324D0130A0D0A43EA0163099353
:10C2D000030A43EA02620A92320A42EA00600B90C1
:10C2E00005E0002000260B900025CDE909009FA85D
:10C2F000FBF7DCFDC0070F9103D00F9C14E009246D
:10C3000012E00F98C0B202281CBFA098002801D1EB
:10C310000E2409E09F99BEA80FF070FF21F0C4FE23
:10C3200040F0D4809DF8F9420DF5127A9AA855464E
:10C33000FF22149E047000204FF0000A09909DF81F
:10C340006842FF2A07D1A01EC0B20B2858D2A649C6
:10C3500031F8108058E09DF843129DF84202119187
:10C36000BDF84012129441EA004005902AF0FF0007
:10C3700007909DF8F30110909DF85F020892B48831
:10C38000D6F800B09DF858920690D6F8070096F8B7
:10C390000DA0B6F80B802E46139054A896E82E00F8
:10C3A0002EC04322BDF83C02ADF84C018E9852904D
:10C3B00041A87DA936F042FE1EA85AA98A2236F06D
:10C3C0003DFE049848EA0A418DF870000998079AE2
:10C3D000C0B28DF87190CDF872B042EA000A4FEA0F
:10C3E0001B40DDF8708040EA0440089D039CDDE9B5
:10C3F00001EBDDE905C314904FEA184008E00E2474
:10C400004FF00308E0B2149000204FF0060AFE251A
:10C41000DDF85490C8EA0040139A09F11106C9E901
:10C4200001A032600F9A149889F80220129AC9F874
:10C430000C00080CB07109F1180089F8103089F867
:10C44000034089F8012089F80050B18054A991E88F
:10C450003C003CC043224FEA1C40B0760D9889F85E
:10C4600028000C9889F830000A9889F82F000B985A
:10C47000A9F82D00119889F82C005298C9F83200BB
:10C48000BDF84C01A9F8360009F13900A6F818C02A
:10C4900089F831E089F838B041A936F0A9FE109842
:10C4A0008A2289F87D000E9889F87C0009F17E00C7
:10C4B0001EA936F09DFE169D012085F835000DF56C
:10C4C0004F7D21F0F7B80E24FFF790BABF980C907B
:10C4D0000328BFF41DAFB9F1010F3FF419AFBEA897
:10C4E000129981460FF08AFE21F0DEFD3FF41AAF6B
:10C4F0001398119941EA002013900498000A40EA29
:10C50000086011904FEA182040EA0B684FEA1B20A0
:10C5100040EA0A6B0F984FEA1A2A00F001000190D6
:10C52000BF98A09012989F90002002909FA8FBF7C0
:10C530001EFCC0F30721C2B2022A3FF475AEC00749
:10C5400017D0029840283FF4E3AE029A09EB0200AC
:10C55000013202920171E9E720481AF0EEFBFF2256
:10C560000E244FF0000A149EFFF752BB0E21FFF776
:10C57000C8BB029809F10101BE907DA8432236F0A4
:10C5800037FE119804F0010496900B220998CDF81B
:10C5900051020A98CDF84D020B98CDF84902109837
:10C5A00090904FEA1A408DF86602280C8DF85702D9
:10C5B00013988DF84862ADF8440280B2149E0B9037
:10C5C0000DF2F310CDE9978BADF864A2ADF855529A
:10C5D00092ADAFE692AD0E2158E4FEDE0C8E040063
:10C5E0001C8E04002C8E04005AE304003C8E0400D0
:10C5F000F0B503AF2DE9FE0F054691F835000C4666
:10C600009146DFE800F00385881A4065D4E90212FC
:10C610000020DFF808C1D4E90A3684F8340084F831
:10C620008800206BC4E90012C4E90E31C4E9102669
:10C63000C4E9120CC4E90436A06104F1380801AE63
:10C640004A463046414600F06BF80198023003D16B
:10C6500021F0ECF9032057E0012084F8340004F1C4
:10C660001C0096E80E000EC04046F9F7F5FCE6699E
:10C67000022E41D10020226984F86400D4E900012F
:10C680002164C4E90E2004F1380804A84A46414652
:10C6900008F0CAFC049EB01C03D121F0C7F90420A5
:10C6A00032E04046DDE905ABF9F760FE701C25D1AC
:10C6B000002004F1100384F88800D4E900600ECB58
:10C6C000C4E90E1604F14001DFF850C081E80D10F6
:10C6D00004F1380804A84A46414600F021F8049EB7
:10C6E000B01C03D121F0A2F905200DE04046DDE9A0
:10C6F00005ABF9F7B1FC01E0D4E908AB002085E80F
:10C70000400C84F83400012084F8350020F0EEBE9F
:10C7100001481AF012FBFEDE5C8E04004C8E040011
:10C72000F0B503AF2DE9000F89B002900C4691F8E7
:10C7300050000492DFE810F00E005D0069008300F5
:10C74000AD0029001B003A00A202BA02DF02FA0281
:10C75000E500FD0094E86F0004F1180CACE86F00F0
:10C76000017B012904BF0021017300204EE094F8F1
:10C770004C0104F1540A04F5A67830B3032800F004
:10C780005683DFF83C071AF0D8FA264616F8DC0F75
:10C7900030B3032831D1A2461AF8D80F30B303289A
:10C7A00000F09F81DFF81C071AF0C7FAA14619F8BC
:10C7B000640FA9F110010391DFE810F005002300D8
:10C7C0002700EF012802A06DDFE1A06DD4E9175624
:10C7D000D4F86C900090606E0190A06E03900EE310
:10C7E00004F1540A226E9AE809042DE1D4E91D10DF
:10C7F00036E1DFF8D8061AF0A0FADFF8CC061AF016
:10C800009CFADFF8B8061AF098FAFEDEA1694FF03C
:10C81000000B2063D1E901239A1A38BF5A46130B43
:10C820000125012B88BF150BA84200F02D814FF484
:10C830008070C4F8D810A4F8DD00C4F864B004F126
:10C84000540105A804F0F0FE059DA81C00F020810D
:10C85000DDE90608691C40F027814FF0FF3101280F
:10C86000C4E90D10C4F83C8042D1A0690023C4F88B
:10C870004080D0E901126065501A84F8643038BFF6
:10C880001846010B0122012988BF020B21F065FD2A
:10C89000A06504F1540105A804F094FF059DA81CAF
:10C8A00000F0FA809DF818B0681C40F05382BBF18C
:10C8B000020F40F00281D4E90650236CD4E908212C
:10C8C0006D6805EB033303F6FC7A1E1D0B780396A7
:10C8D000DFE803F0075B4F5246617258844C804397
:10C8E00049004FF0000B002A64D080F800B046E009
:10C8F0004FF40070A4F8DD0000206066A069C4F861
:10C90000D80004F1540105A804F08EFE059DA81C72
:10C9100000F0B680DDE90608691C40F0C9804FF0E0
:10C92000000B012840F0CB80A06984F864B0C4E912
:10C93000150804F1540605A8049A314604F0D2FE05
:10C94000059DA81C00F0AC803046DDF81C8020F06E
:10C9500038FD681C00F0FB81B7E04AB30B210DE005
:10C9600032B304210AE01AB30C233AE002B30923DC
:10C9700037E0EAB1022101E0D2B1032101704FF0AA
:10C98000010935E0A2B107232BE08AB14FF001097C
:10C9900080F800902CE05AB10523012A037007D0DB
:10C9A0004B78022A43701EBF8B788370032A62D1B2
:10C9B0004FF0000B06250AE0062532B10570012A6A
:10C9C0001EBF4B784370022A50D14FF0000B4FF03E
:10C9D000000A64E2002AEBD00A2302E0002AE7D032
:10C9E0000823012A0370E3D049784FF0020941700F
:10C9F000D4E907124846DFF8D834D4E90A561EF0C5
:10CA0000F4FB0246F66805A80B462946B047DDE967
:10CA100005B81BF1010054D108EB09024FF0000BDF
:10CA20006264BBEB124F1ED1B2F57F6F1BD80020A2
:10CA3000264606F8DC0F039B56F8C40C46F8880C13
:10CA400046E9213A46F87C2C214641F86C3F41E901
:10CA500002A20022C1E901A18A46C8600AF86C2F2F
:10CA6000C4E91F1034E0A069072516E289784FF069
:10CA700003098170BCE7C9784FF00409C170B7E7BA
:10CA800020F00BFD0C2012E281F80CB0012506E22B
:10CA900020F003FD03200AE220F0FFFC042006E260
:10CAA00020F0FBFC0D2002E2C4E90D50C4F83C80EC
:10CAB0004FEA102A5FFA80FBF1E14FF0000B0225EC
:10CAC000EDE14FF0000A0625E9E149EA0A4AE6E10C
:10CAD000D1E90012002384F8D530C4F8D000C4E9AD
:10CAE000291204F1840105A8FBF72CFA0598022805
:10CAF00000F03B81069D0128DDF8208005D1022D44
:10CB000018D1E06F0168043110E0E06F012DD0F81A
:10CB1000009019D14FF6FC7101EA080104315FEA77
:10CB2000887208BF1FFA88F1494408310160D4E9CE
:10CB30001F10CDE70798012131708AF80010691C99
:10CB400040F03C81C14610E0606E012184F8D810AD
:10CB5000A0EB09020020082A06D322F00302A36EEC
:10CB6000083A9A4228BF01203170A169012800F0DB
:10CB70002981A14649F8541F0021CDF80C9059F89D
:10CB8000140CC9F8040009F8101F002184F878106B
:10CB9000616DC4E91A10C4E9171005A8049A04F1DC
:10CBA000680104F09FFD059DA81C00F0EE8004F1D3
:10CBB0006800C846079E20F004FC49EA0A4A681C3F
:10CBC00002D0C146B0463EE004F1680000264FF0B6
:10CBD000FF35C146BBF1010F80F800B031D1E06DE7
:10CBE00004F1C805012101732846202136F02FF9F0
:10CBF000D4E917010423426884F8C46002EB0131D0
:10CC0000C4E91B0501F6FC71C4E91D3104F16C0B8C
:10CC1000049958460DF084FE0646023000F0A380C9
:10CC200058468846F9F743FC4FF0000B4FF0FF35AC
:10CC3000701C05D04FEA162A5FFA86FB002502E039
:10CC400001E04FF0000B0398012689F80060F9F726
:10CC500079FA681C40F02381A0690025216C21F03D
:10CC600030FB38BF2846020B012A88BF060B481C40
:10CC7000B0FBF6F101FB1600A065A06404F15401BD
:10CC800005A804F09FFD059DA81C00F086809DF876
:10CC900018B0681C5ED10020BBF1020F40F08A8002
:10CCA000A16C84F86400A069C4E9150104F154067C
:10CCB00005A8049A314604F015FD059DA81C5CD01A
:10CCC0003046DDF81C8020F07CFB681C7FF4FDAE54
:10CCD000A0690025A16C21F0F4FA38BF2846020BA8
:10CCE0000123012A88BF030B481CB0FBF3F101FBB1
:10CCF0001300A065E06404F1540105A804F062FD8E
:10CD0000059DA81C4DD09DF818B0681C22D1BBF120
:10CD1000020F1CD004F11802002084F8B40004F1C2
:10CD2000540607CAD4E9123527C6636604F15409CC
:10CD300005A8049A494608F0DFFA059DA81C20D0F2
:10CD40004846DDE90668F9F732FB681C2DD1206BF7
:10CD500001305BE59DF81B00BDF81910DDF81C8063
:10CD600041EA004A9BE0042010E0032030708AF87A
:10CD7000000020F092FB052099E020F08EFB0920B6
:10CD800095E020F08AFB0B2091E00320029989F8BE
:10CD9000000020F0BBFD072089E020F07EFB08208A
:10CDA00085E020F07AFB0A2081E04FEA162A5FFA3C
:10CDB00086FB74E002254FF0000B70E0A91C7FF4A5
:10CDC00077AED6E701200873226A666C964272D865
:10CDD000A069A246D0E901214AF8540F0C300AF1AB
:10CDE000040300905AF8385CD04661C300200192D9
:10CDF000CAF810200391CAE9051908F8F80F284667
:10CE00003146D4F854B01DF091FA214641F8700F24
:10CE1000002001F10C0281F84C0000988E8063C262
:10CE20000198C8610398C1F808B0C1E9080904F184
:10CE3000780605A8049A3146FBF79AF9059DA81CC7
:10CE400007D10299032088F8000020F05FFD06203A
:10CE50002DE0BDF81E0004903046BDF81CB0DDF892
:10CE60001890F9F78BF86E1C03D1B4F874B0D4F8AD
:10CE70007090012088F800005046F9F773F83EB131
:10CE800004984FEA192A4BEA00485FFA89FB06E04A
:10CE9000A0694FF0000B4FF0FF3580F80CB00299FD
:10CEA0004BEA0A20C1E900500120C1F8088084F84B
:10CEB000500020F0B7BA074B20F0A5FD8491040084
:10CEC0004C8C04009C8D0400F89504006C8E0400CA
:10CED0007C8E04008C8E0400F0B503AF4DF8048DF9
:10CEE00084B00446007A0D46DFE800F0031C222FD0
:10CEF0001200012060722068E06004F110001CF054
:10CF00008BFD207C012809D146481AF00FF810E06B
:10CF1000207F28B1032808D166692CE0606921E0F0
:10CF2000206925E03E4819F008FF3C4819F005FF4C
:10CF3000FEDE6846212220F093FDDDE900129DF817
:10CF40000800C4E9061284F8200004F118002946FC
:10CF50001AF05EFE48BB68461CF05EFD20F06EFDD8
:10CF6000E7D001986060002020776072201D20616A
:10CF7000E668C4E9056002202075F0B2022845D0B9
:10CF8000A069294900680968C90542D1284911F0FA
:10CF900093FB8846D0F8E41001B3027C42B1D5E996
:10CFA0000012B8300EF070F919E00120032528E0D6
:10CFB000D0E9022300EBC305C5E90561591CB1F1B5
:10CFC000080318BF0B46C3609A4204BF01210174D5
:10CFD00020F0FEFDE0E815120EF0DEF9022620F04A
:10CFE0007FFAF0B2022807D1606801252577F8F7AB
:10CFF0004FFF0020607204E0032004252077012009
:10D000006661257204B05DF8048BF0BD094819F023
:10D01000CFFD064819F08AFF1AF032F8689A04002A
:10D02000CC8E04005C00000004ED00E0B1000000C4
:10D03000E8990400D8A70400F0B503AF2DE9000F6C
:10D0400093B00446807C0D4604F11408DFE800F03C
:10D0500003232633170001204146E074201D4CC8ED
:10D060004CC10088088004F124001CF033FE94F8C1
:10D07000240001280BD1784819F058FF0FE094F8EC
:10D080003A0030B1032846D0714819F056FEA06A24
:10D0900021E0606936E06F4819F04FFEFEDE0AA815
:10D0A000212220F0DDFCDDE90A129DF83000C4E900
:10D0B0000C1284F83800296804F130001AF0A8FD39
:10D0C000002840F082800AA81CF004FE9DF8280089
:10D0D0000128E4D00B984FF00009206084F81390E9
:10D0E00001A9B8E84C0001F114004CC0B8F80020C8
:10D0F000028004F118002222646136F079F884F885
:10D100003A902046A06104F12C0004F11C014CC8A7
:10D110004CC10088088094F81F800220E077B8F1A5
:10D12000020F00F08D8004F11C0104F1200B08882F
:10D13000ADF8480088788DF84A0058460AAE0CC809
:10D1400031460CC100880880A0694449006809681C
:10D15000C90578D1434911F0AFFA8A46D0F8BC101E
:10D1600000295DD0027C9AB39DF84A100DF1380970
:10D170008DF846109830BDF84810ADF84410494677
:10D180000CCE0CC132880A802968D1E900120EF059
:10D1900051F8DAF8000004F11C01042520F05AFDD2
:10D1A0009DF846008870BDF84400088084F81F8010
:10D1B000B9E80300ABE80300B9F80000ABF80000E1
:10D1C000032084F83A00012036E00120032533E0F3
:10D1D000D0F80CC0BDF848500CEB8C0300EB830377
:10D1E00003F1180E9D829DF84A509D7583F81780B3
:10D1F00024CEAEE8240059620CF101010A1F18BFC9
:10D200000A463188AEF800108168C260914204BFBE
:10D210000121017420F0DCFCE0E819121BF0D2FEC1
:10D22000DAF80000012520F015FD206884F83A5056
:10D23000F8F74AFE0020E074A57413B020F006BB96
:10D24000094819F0B5FC064819F070FE19F018FFEE
:10D25000689A0400CC8E04005C00000004ED00E03D
:10D26000B1000000E8990400D8A70400F0B503AFAE
:10D270002DE9000FA7B00C908B4691F83400924630
:10D28000CDF834B0DFE810F00500B107E307700017
:10D290004F00DBE9071009910BF12801CBF82400BE
:10D2A0000BF1100090E81C001CC10BF13504DBE908
:10D2B0000001CBE9020120461F2135F057FE4FF453
:10D2C00000610020ABF8591140F267629BF828100A
:10D2D0000BF59875CBE94C008BF8500101298BF8C0
:10D2E00052018BF856018BF8540108BF41F69A128F
:10D2F000CBE95020CBE952204FF0010008BF0220BB
:10D300008BF858018BF85701DFF8F8930220DFE81B
:10D3100001F0023F6279DBF82C600122BBF82A00A1
:10D320009BF829101AE2594611F89C0FA1F1440C00
:10D3300002910A1D0192002800F02A85032840F07E
:10D340005B875B4613F8810F002800F0B281032849
:10D3500040F05887DBE91950CDE909C3DBE91B86AA
:10D3600090F8009000F03BBDDE460BF590741EF87F
:10D37000B40FAEF15C09DFE810F008004B076A0754
:10D38000C701B101A301DC01E306DBE91B35F9E1CB
:10D39000DBE90B01A7F12A03D94A0DF158090E92D6
:10D3A0000222209341F60C13CDE91D0109202192A0
:10D3B000ADF87C308DF870001B920EA81A904FF4D7
:10D3C000C060ADF8580040F2C13027F82A0C0420A4
:10D3D0008DF8642016E09BF829100DF158091B9078
:10D3E0000EAA1A9245F25322ADF866200B228DF850
:10D3F00064204FF480628DF839100021ADF8582078
:10D400008DF838101F2100EB4000CDE924410021A8
:10D41000059509EB8005CDF820A00DF1900B269124
:10D4200010AE701C06900A9407954FF002084FF05A
:10D43000000AA94500F08B81494611F80C0B0B91AD
:10D44000DFE810F00D0083003F005A001F00A40029
:10D45000BF007400F9003D00DE0010003A004FF4F8
:10D46000817065E0D9F80840FF2020F048F9C0B28B
:10D47000022840F00F81B9F8021058461DF06EF8EE
:10D48000C8E005201FF063FF8400601C1FF053FFFD
:10D49000C0B2022840F0FE80D9F804504FF00108D5
:10D4A000002C00F0A98020F0D4F9C0B2022840F08E
:10D4B000F180043C0435F3E799F80100A1E009206C
:10D4C0009FE003201FF043FF4400601C1FF033FF68
:10D4D000C0B2022840F0DE80D9F804504FF00009B5
:10D4E000002C00F0898020F073F9C0B2022840F0CF
:10D4F000D180023C0235F3E704201FF028FF8400AE
:10D50000601C1FF018FFC0B2022840F0C380D9F899
:10D5100004504FF00108002C6ED020F09AF9C0B2F0
:10D52000022840F0B780043C0435F4E740F60220BE
:10D53000ADF84000314699F8010003228DF8420011
:10D5400058461EF0E1F9C0B26FE0D9F80800314644
:10D5500002224400601C8DF8400002208DF841003A
:10D5600058461EF0D1F9C0B2022840F09380D9F895
:10D5700004504FF00009002C3ED020F029F9C0B231
:10D58000022840F08780023C0235F4E706201FF0B5
:10D59000DEFE0501681C1FF0CEFEC0B2022879D164
:10D5A000D9F80440DDF8189035B34846214620F0FC
:10D5B000FBF820F092FCC0B202286BD1103D103471
:10D5C000F2E707201FF0C3FE0501681C1FF0B3FE41
:10D5D000C0B202285ED1D9F80440DDF818905DB1E0
:10D5E0004846214620F0E0F820F077FCC0B202283F
:10D5F00050D1103D1034F2E70A9C0220079D14E040
:10D600000820D9F8084031468DF841000222601CFC
:10D610001FF091FEC0B202283CD1D9F80410584640
:10D6200022461EF071F9C0B20A9CDDF82C90022847
:10D630003FF4FBAE2EE0D9F80840162020F05FF84A
:10D64000C0B2022826D18DF840A0B9F80100DDE96A
:10D65000258AADF8410030460494A8EB0A041CF07A
:10D660002DFF8C421BD301EB0A04249ADFF8080C2F
:10D6700043460090504621461CF010FF20F019FC54
:10D6800030461A461CF024FF26945846D9F8041058
:10D69000049AC6E7C00702D04FF00D0801E04FF032
:10D6A00004080C981F264FF0010B0021012400F004
:10D6B000B4BCDBE91D86DBF87C509BF8829086E3E6
:10D6C0009BF82001CDF828E0DFE810F005009F0569
:10D6D000C105A2028500DBF8D85092E25C46CDE994
:10D6E0000AE914F8CF0FA4F11709DFE810F00500DC
:10D6F0008E05B00523027C00DBF8BC5009E200BFB8
:10D700000F18121804C50400CDF82C90D94619F84A
:10D71000C90FA9F11108CDF828E0DFE810F00500E5
:10D720007E0598057A006C009BF8CA00DBE9302181
:10D730008FE09BF82001CDF828E0DFE810F005002D
:10D7400066058805D3026D00DBF8D850C3E20022DD
:10D75000DDF834B0059D2646DDF820A0D94601232A
:10D7600009F8582F00221F24CE46C9E90332099B2D
:10D77000C9E90164C9E90535A9F8020089F8011071
:10D780000EF85C2FCBE91D3549460BF17C0C984611
:10D7900091E879000421624679C243469BF87C20D7
:10D7A000CBF89080CDF82C9022B1052A02D0062A21
:10D7B0003DD108210CEB0100CDF820A041680329E0
:10D7C00006D300680178022904BF417801292BD0D3
:10D7D0004FF00508AEE29BF82C01C00740F0208511
:10D7E000DBE9490419E29BF8E800C00740F01B851B
:10D7F000DBE93804AEE15D46CDF820A015F8D90F7D
:10D80000002800F09580032840F01E85DBE9330AEC
:10D8100042E0DBF8CC0025E09BF82C01C00740F08B
:10D820000585DBE9490464E280784007D0D5CBF870
:10D8300094300020D946596829F8C90F1A4601F5D5
:10D84000B761CDF828E049F8093CA9F1110849F879
:10D85000051C8BF8C800CBF8B810506800F5C06004
:10D86000CBF8CC00DAF8001012F062F8002859D09A
:10D8700000215D4605F8D91FCDF820A045F81D0C04
:10D8800015F8111C55F8210C697045F8050CDA469D
:10D890000AF8D81F4AE9030A10F040FF0646089824
:10D8A0000C4620F0BCFA30461AF06FF8307C0228A3
:10D8B00032D1002030749AF8000070741FF0E4FF39
:10D8C000DBF8BC0001248BF8D940F8F755FA404644
:10D8D0008BF8C940F8F787FBDBF89000406800F54B
:10D8E000CA601EF083FB9BF87C50DBE92010DBE96B
:10D8F00022249BF87D30DFE815F00B004F00360046
:10D900003A002000670072004500A2012C0081004F
:10D91000CBE9281013202DE01FF0B6FF032028705C
:10D92000042000E0032089F80000032000F016BC6A
:10D930009BF8DA10DBF8D400A9E700220123CBE939
:10D9400028101020CBE92A32ABF8B0008BF89820D1
:10D950006CE000220124CBE928105801CBE92A42CF
:10D960008BF898205CE000220124192017E0CBE915
:10D9700028101220CBE92A240021ABF8B0008BF844
:10D98000981053E0CBE92A10022000220123CBE9B2
:10D990002832ABF8B0001FE0002201241520CBF89C
:10D9A0009C10BBF87E10ABF8B0008BF899308BF868
:10D9B0009840CBF8A040CBF8A420CBF8A840CBF8F7
:10D9C000AC20ABF89A1031E000220123CBE92810FB
:10D9D000CBE92A32ABF8B0308BF8982042E1012530
:10D9E0000024ABF8B0508BF899308BF89850CBE905
:10D9F0002710CBE92925CBF8AC402FE1C0B28BF83A
:10DA0000993040010BF19C0304300126002556C3D8
:10DA1000BBF87E108BF89860CBF8AC50ABF89A103E
:10DA2000C1B2ABF8B010C10640F11C81DBE926128F
:10DA30004FF000085C46CDE91012ADF8948011F06B
:10DA4000010BCDF8908010AB24A94FF0020618BF4F
:10DA5000591C0B6889880E93ADF83C1018BF4FEA2B
:10DA6000126B01074FF0010158BF042110F0020FA3
:10DA700018BF414608BF0326C00718BF0E46A06F57
:10DA8000D4F89050D0E904011CF0C0FC8146A06F8E
:10DA9000D0E906011CF0BAFC8246A06F90F8241071
:10DAA00011B190F825000FE0D4F8904060680FF0B5
:10DAB00019FB616810B10878023005E00868CA797E
:10DAC00010F0010018BF10460D9A916F144691F89E
:10DAD00022C091F8233091F82910BCF1000F04F80E
:10DAE000CF8FA0710E98A060BDF83C0084F807B0FD
:10DAF0009346A4F80190A4F117096671A4F803A055
:10DB000044F8135CA081E17308BF0723A373DDF819
:10DB100020A00BF1D000CBF8B8500BF1C0014CC8DD
:10DB20004CC1028880780A808870686800F264605E
:10DB3000CBF8E0000BF1E000514611F0E9FEE0B156
:10DB4000DBF8B8000BF1C004002100688BF8E81086
:10DB5000CBE9380420F065FC20F076FB04D12046A8
:10DB600025F0EEFE834660B10D990120CDF820A08E
:10DB700081F8CF0081F8E800D1E003202070042074
:10DB8000ECE2DDF834B00120DBF8A4508BF8CF00D4
:10DB9000002D8BF8E80069D048461F211F2435F07E
:10DBA00056F9DFF8D8261F2D38BF2C4648462146A7
:10DBB00015F032FFDBF8A420944200F20283DBF878
:10DBC000A020DFF8BC36009323461AF03DFF0DF18C
:10DBD000580849461F22DBF89050404635F0C0F9FE
:10DBE0000BF1DD0041461F228BF8DC40CBF8D8500A
:10DBF00035F0FEFA00200BF590748BF82001DDF86B
:10DC00002C901FF038FE686800F26460CBF82401A5
:10DC100020F0D7FA78B11FF0EBFE20F002FC20F0E4
:10DC200013FB72D1204625F00AFF834600286CD1F1
:10DC300020F080F91CE00320207005208EE20125F1
:10DC4000002406268BF89930ABF8B0608BF898501A
:10DC5000CBE92715CBE92940CBF8AC20BBF87E00F7
:10DC6000ABF89A0059464FF00E085CE0DDF82C90B6
:10DC7000DBF8AC50002D00F002820BF1B8041F213C
:10DC80001F26204635F028FADFF8FC251F2D38BF67
:10DC90002E462046314615F0BFFEDBF8AC209642FA
:10DCA00000F28C82DBF8A820DFF8E03500933346E1
:10DCB0001AF0CAFE0BF1DD00DBF8905021461F225E
:10DCC0008BF8DC60CBF8D85035F092FA00200BF5D9
:10DCD00090748BF820011FF0CEFD686800F264603C
:10DCE000CBF8240120F06DFA002800F0C2811FF06B
:10DCF0007FFE20F096FB20F0A7FA06D1204625F003
:10DD000079FE8346002800F0B8810D990120CDF8F6
:10DD10002C90CDF820A081F8200181F82C014FF043
:10DD200000084FF00009D1F894004068F7F7CBFFE6
:10DD3000DDF828E001208EF800000B98F8F742FA91
:10DD4000B8F1FE0F40F0B780DDF834B0DBE9022314
:10DD500016A819F0C3FE254600235C469DF8600016
:10DD600004F89C3FDDE91612A4F1440C04F803AC5E
:10DD7000DDF820A02073079804F8040C204640F832
:10DD8000041FA26024F8025C44E90396CDE9010473
:10DD90000BF19000614600264FF0010890E81C004E
:10DDA0004FF480704FF001091CC15B4623F8810FCE
:10DDB00053F8250CDE7200F5CA6100F10805C3F8BE
:10DDC000031043F80D8C43F8096C43F8055C0BF81D
:10DDD000809FCDE909C34BE9075B4BE90586DFF876
:10DDE000C01405F576701CF039FC0C46DAF800100A
:10DDF000039100EBC9001FF0A8FC2068DFF8A434F1
:10DE000001302060D5E90012089516A810F075FCC5
:10DE10004FF45E70DDE916B101FB00B2C6EBC6033C
:10DE2000A8F1070A002549460B96CDE90629CDE958
:10DE300004A393454AD0D9462E4699F85C03013590
:10DE40000BF55E7B032804BF99F86E038842F0D17E
:10DE50000B98002800F0F28009F510749846B8F18C
:10DE6000000F0AD00AF1070A204651461EF0C8F9F1
:10DE7000A8F107080028F2D004E0DDE90621DDE979
:10DE800004A3D6E7042089F85C03DFF81C0419F02A
:10DE900041F84846F7F7BEF919F0A4F9DDF834B0B7
:10DEA00099F85E03002840F0918148460EF06EFD1F
:10DEB000DDF820900EE007995FFA8AF02A46C9B291
:10DEC00041EA0020099940EA0444A5E04FF0000926
:10DED000DDF834B018984FF001081FF0F3FC012072
:10DEE000B9F1000F08BF03200A99087045D19BF8CB
:10DEF0008C0038B1DDF80C90032840F08081DBF80D
:10DF0000885005E0DBF88450DDF80C90CBF88850A1
:10DF1000A868002840F04C814FF0FF30A86005F160
:10DF20000C00D9E9001219F030FDA9686FF0004229
:10DF300028680131A9600168914280F03C816A68DB
:10DF40004C1C034610C303EB42060022B34207D029
:10DF500013F8024B012CF9D0022C02F10102F5E773
:10DF60000160032069688A424FF0030108BF012164
:10DF70008BF88C103CD14FF00009099C8BF8618024
:10DF80002046F7F7C1FD20468BF89C80F7F7A4FEEA
:10DF9000B9F1000F3BD0D9E900013246DBF824404B
:10DFA00010F03BFAD9E900232146009616A80EF09E
:10DFB00061FA9DF85810FF2904D1C449F6B24FF018
:10DFC000FE0829E01A980990484689463146DDE95D
:10DFD0001854DDF85CA0BDF85AB09DF85980F7F7E9
:10DFE0005FFD5A46C346C846D1462E46099913E0FE
:10DFF000029908704946019819F00AFE20B10C995F
:10E00000FD200870042014E00998F7F765FE4FF032
:10E0100000094FF0190800260C9880F801B0C0E9FB
:10E020000196C0E90341428080F800800120DDF8BC
:10E0300034B08BF8340027B01FF03CBB0420DDF86F
:10E0400034B089F85C0309F25E3499F85E03002865
:10E0500040F0E180984818F05DFF4846F7F7DAF89D
:10E0600019F0C0F899F85E0300283FF41EAF9348FA
:10E07000AFE003202070062070E01FF05BFFDBF8AC
:10E08000780043F609530168D0E9020211F0010655
:10E09000A0FB03400CBF344602FB03067D4A20462A
:10E0A00031460023002535F0AFF800044E216FF013
:10E0B0006042121BB14138BF40F20120010640F01E
:10E0C000B8805C46000C04F8B85FA4F8010054F86E
:10E0D000280CE5704068D0F85426002A00F0AF8084
:10E0E000D0F8501610A86C4B10F024FBDDE910108E
:10E0F0000023DDF828E042000D461AB105F8023B86
:10E10000023AFAE7002204234FF0010C5BB190427F
:10E110006ED001F812C001EB4206043B14F8225005
:10E1200001327570F2E7129872461FF0CBFB9646EB
:10E130004FF48070ABF8C500DBF89000CBF8C0005E
:10E14000CDF828E00BF1BC0110A85246FAF740F9CF
:10E150009DF84080B8F1FD0F07D107200A9908709B
:10E16000FD200C990870032063E7B8F1FE0FCDF88D
:10E170002C90CDF820A00AD1DBF874004FF0FE08F7
:10E180004FF0000AD0E9009600200790D0E55946EC
:10E19000BDF84E409DF84DA0DDE91196BDF8425006
:10E1A0009DF841B0149809909DF84C000790BAE58D
:10E1B000444818F007FD444818F022FD344B1FF086
:10E1C00022FC304B0020214618F05CF809F25E3446
:10E1D000364818F09FFE2046F7F746F83448F7F720
:10E1E00043F818F0FFFF18F04BFF224818F0A5FD88
:10E1F0002A4A014618F08CF8164818F09EFD30485F
:10E2000018F09BFD124818F098FD144818F095FD81
:10E21000174818F092FD2748DBE7144818F08DFDE9
:10E220000F4818F08AFD0F4818F087FD0A4818F0CB
:10E2300084FD284818F06EFE1CF0D6F8D1E724487B
:10E2400018F074FE18F01CFF074818F076FDFEDE8B
:10E2500038970400E8960400989C04004C8D040054
:10E26000889C0400789C0400A49204003C8D040067
:10E2700034920400FC8E0400CCD1040044920400CB
:10E280006492040054920400749204009492040076
:10E290008492040000204E00DCD40400ECD404007E
:10E2A0007CA004008CA0040032000000EF000000FD
:10E2B000203E0400F000000031000000EC000000EF
:10E2C000989404002090040030900400F857040053
:10E2D000F2000000C8000000F0B503AF2DE9000F08
:10E2E000ADF6941D834608301D9089469BF8AF0318
:10E2F000C24C0BF56C78CDF884B0CDF87C90DFE89B
:10E3000010F00800CB02CB0259016A0146017C01E2
:10E310007B014FF000094FF4C050CDF870800DF52F
:10E32000CD618BF8AE93CDE9E6998DF86896ADF89E
:10E330006906E6A8B24C0646A047B24A05460DF566
:10E34000CD60294603231AF067FCAF4A0DF5CD6076
:10E3500029461AF0B1FC0DF5CD6029461AF0FCFCF7
:10E3600041F601000DF5CD61ADF8690630468DF836
:10E370006896A0474D200DF5CD688DF87806A34826
:10E380004146CDF87406A248CDF87006A148CDF8F4
:10E390006C06A148CDF868063046A04706460E2018
:10E3A00007F8580C46F2133027F85A0C0DF1880A7A
:10E3B0009A4847F85E0C9A4847F8620C994847F823
:10E3C000660C4CF20230189115211FF0B9FE964BE5
:10E3D0001FF0F6FADDF868061AF056FD0DF2346407
:10E3E000ADF87206BDF86C0608F1060119902046DA
:10E3F000182234F0FDFE4B20152107F8580C43F28B
:10E40000145027F85A0C894847F85E0C884847F89A
:10E41000620C884847F8660C49F602401FF090FEEF
:10E42000854B1FF0CDFADDF868061AF02DFD08F1D6
:10E43000040CADF8720604F11801BCE87D007DC142
:10E440000DF5CD664FF42772BCF800000880E6A9F0
:10E4500020F001F85046422134F0F9FC30461AF021
:10E460001DFD0246504640CA1A910AF104011B9153
:10E470004E4500F0F180117809F10109032940F0BF
:10E4800082805588B5F5007F00F2D9815FEA0941A5
:10E4900000F0CF810FFA89F1B1F1FF3F40F3CC8159
:10E4A000209202215478CB46644A8046BDF888A069
:10E4B0001DF0C0FD0AF10102A7F1680927F8682CD8
:10E4C00002235F4A1FF090FA1E94002C18BF0235F9
:10E4D000BDF8C84014FA85F5E80300F19A81594B5C
:10E4E000404602210422ADF8C8501DF0EBFA564A0E
:10E4F000022300924A4627F8685C1AF0A5FA9DF8B4
:10E500008800D9469DF88910209A890241EA800343
:10E51000BDF8C800184404304128404633D20546AF
:10E520004A481B993C220090A7F168001DF0DAF9D7
:10E5300057E91A208108BAF1000F10D0AAF10100A2
:10E54000884280F0868112F8203002EB800040780B
:10E5500060F30E231FFA89F0834280F077818A45A9
:10E5600080F0708102EB8A00210A02F82A90C170C3
:10E570001E99847000294946354A18BF1143090A7B
:10E58000209A417028462C32DDF884B070E70BF5F4
:10E590007E701A909BF8F803DFE810F007006F0117
:10E5A0007E01EC00ED0AE80B490ADBF8F0030024D9
:10E5B000124EC8E39BF8C803C2460BF57278DFE839
:10E5C00010F0050056016B01D800B401DBF8B01360
:10E5D000DBE9F00261E19BF8B8030FF20C010BF5E7
:10E5E0006E79C246DFE810F04C034601580179030A
:10E5F0000500DBF8BC537DE3DBE264E204ED00E000
:10E60000798B02003C8F0400D0C4040018AAFBD50B
:10E61000BF074BE59836350A02469965450BBDE3C1
:10E62000372E8DC28B12E8A2021020004DE4CAFBE7
:10E630003A97A0383B1C3D2A020410001CD5040068
:10E640002CD504003CD504004CD50400ACD5040006
:10E650000080FFFF5E0000001A9A11680139116006
:10E66000811CA7F168003E229DF888809DF8899062
:10E6700034F0BEFD4FEA8920BDF8C81040EA88009A
:10E680000844051D402D00F2E7800BD05FF83C00E8
:10E6900018F040FC402018F02FFC284618F02CFC05
:10E6A00018F0A0FDA7F1A805A7F168013E221FF010
:10E6B0005FF8A7F16806002429463E22304647F855
:10E6C000284C27F8244C34F093FD57F8280C314699
:10E6D000DA903E2237F8240CADF86C03CAA834F067
:10E6E00087FD22A80DF5CD614FF4277234F0A6FC0A
:10E6F0000DF5CD600DF23461322234F079FD199DB3
:10E70000022D00F08B801D983E228BF829908BF80B
:10E710002880C0E90044C0E902442F20CBE9004032
:10E72000DA98CBF81800BDF86C03ABF81C000BF1BD
:10E730002A008BF820408BF81E40CAA934F058FDFF
:10E740000BF1680022A94FF4277233F0C7FE0BF2D9
:10E750000A300DF5CD613222ABF8085334F048FD94
:10E76000DDF87C90E04CDDF870801898ABF83C0345
:10E770002BE2B0E00BF580619BF848041E910BF58D
:10E78000896114910BF58A622092DFE800F0037929
:10E7900085130600DBF8400464E39BF8D804CDF849
:10E7A00070800BF59B6810B3032800F0F287CF4808
:10E7B00018F0C3FA9BF888040BF59163C8B10328DD
:10E7C00061D19BF86C040BF26C46C0B10BF5806410
:10E7D00003285BD19BF86A040BF26A45A0B10328B9
:10E7E00057D1DBF86014DBF85C040A786CE300F0C6
:10E7F000B1BF0BF58A600BF58064016844E3DBF878
:10E8000058140BF580644CE39BF86824DBF864042F
:10E8100052E3B7481E21B74A18F010FA2F20B64B22
:10E82000CDE9E6402B21B5480090E6AAB44818F09F
:10E8300018FAB44801F0FFBDB34801F0FCBDB3487D
:10E8400001F0F9BDB24A504617F062FDB14801F03F
:10E85000F2BDB14A17F05CFDB04818F05BFB4020F8
:10E8600018F04AFB284618F047FB01F0F9BDAC4808
:10E8700018F063FAAB4818F060FAAB4818F05DFA8C
:10E88000AA4818F05AFAAA4818F057FAA94818F0F6
:10E8900054FAA94818F051FAFEDE9BF8C933CBE9C7
:10E8A000ED10DB07CBF8BC2331D0CBE9FB02012014
:10E8B0008BF8E7030021DBF8CA034FF4A023CBF861
:10E8C000E103BBF8CE03CBE9F4318BF8E0138BF80E
:10E8D0000414ABF8E5030BF574750DF5CD661FF068
:10E8E00007FC9DF86846FD2C00F06A82711C22AE80
:10E8F00013221EF001FF2846F7F711FC192C27D12F
:10E900008E4818F013FBDBE9ED10DBF8BC23002385
:10E910004FF41604CBE9FB020220CBE9F4438BF859
:10E9200004348BF8E1138BF8E0030BF574750DF5E7
:10E93000CD661FF0DDFB9DF86846FD2C00F042829D
:10E94000711CE6A81EF0D5FE2846F7F7E8FB04E0A8
:10E95000E6A82ECE2EC01FF045FCE6A80DF55D788A
:10E960006CC841466CC101220388807888700BF224
:10E9700089300B8041468BF8C8238BF8AE231322D5
:10E980008BF8884334F034FC192C6DD0FE2C40F009
:10E99000E3800BF5507608F103011EF004FD684892
:10E9A00018F0C4FA0120F6F70DFFDBF826030BF28E
:10E9B0002A31CBF858031122BBF82203ABF85403D9
:10E9C000BBF82403ABF856030BF55770CBF8506334
:10E9D0009BF821839BF83B93BBF80863BBF80A4381
:10E9E000DBF80C5334F004FC0BF276300BF5447179
:10E9F0001122CBF87253ABF87043ABF86E638BF80F
:10EA00006D9334F0F5FBDBF840038BF887839BF8BC
:10EA100044231EF0D1FF0B68D0F85022D0F85302E7
:10EA2000013B0B601D99CDF86826CDF86B0601F50A
:10EA30006874DDF86806C1F8A003BDF86C06A1F89B
:10EA4000A403DBF8A0030178002900F00881B0F8E6
:10EA50000520A188D0F801005140226850400843A9
:10EA600040F0FD80204E63E1364818F05FFA012047
:10EA7000F6F73AFF5046D0461AF050FD1A49DBF837
:10EA8000B8030968C90541F0D5842F490FF014FE79
:10EA90000646007C0D46012804BF06F1B8001AF0B6
:10EAA000D2FA06F108010DF5CD601AF00BFF002037
:10EAB0000D4C3074C6E902002968013129608BF8D9
:10EAC000CC03CBF8C083D9F800100BF5707002F0BE
:10EAD00059FFC0B2022800F06D810BF56C7207CAB5
:10EAE000F7F766F96EE000BF04ED00E00899040056
:10EAF0005CD504007CD50400449D0400408F0400D4
:10EB00006AD30400E7000000E9000000E60000000E
:10EB10009CD50400F90000008CD50400E80000003A
:10EB20001C8F040028990400E4920400489C04000F
:10EB300068970400D8980400189704005A00000051
:10EB40003D000000B6000000D4920400B2000000B6
:10EB50001200000094A7040000210BF562708BF8EE
:10EB6000AE13514690E87C00D0465FF820007CC18F
:10EB7000CBF8C4A318F0CEF95FF82C0018F0A9F96F
:10EB80005FF830100BF5717018F0E8F918F02AFBF7
:10EB90000DF5CD604FF480421EF062FFDDF86C266B
:10EBA0009DF87006DDF86816CBE9F2128BF8D003F9
:10EBB000A24CD9F800100BF5727019F029F8002852
:10EBC00040F0FB8000208BF8AE032068C00541F0C8
:10EBD00031849B49C868B0F5007F1AD04FF40072A9
:10EBE000CA60C1B2022914D01EF05EFF08BF0346FE
:10EBF00008BF0121B2EB506F18BF1946C8B20228F6
:10EC000003D001F001001AF0D5FB4FF400701AF0A8
:10EC100085FB0020C2460024F6F7D4FD0020F6F75D
:10EC200063FEDBE9E7120BF572781368D2F8032074
:10EC3000CDF83436CDF837260968DBF8A403DDF8C3
:10EC40003426DDF83736CBF8C9235A46CBF8B01353
:10EC50008BF8C843CBF8CC33CBE9F00B1DE67948F1
:10EC600018F064F90020A1888BF8B8030BF56E79D1
:10EC70002068090441EA104100040130CBE9EC01AD
:10EC80006E48DBE9EC680068C00541F0D3836E4C48
:10EC9000002294F85C0094F85D10022884F85C204F
:10ECA00010D00DF5CD658DF869168DF86806A81C95
:10ECB00004F15E010A2234F09BFA04F15C0029465B
:10ECC0000EF060FA1D9902208BF8C0035F48C1F86E
:10ECD000B963CBF8C804C1F8BD831F9801680BF570
:10ECE000707014F031FF002862D1574800F15C05C4
:10ECF000CBF8BC53514E3068C00541F09B83297856
:10ED00000022687802292A7049D1022800F0828006
:10ED10000121C00789F800100AD0DBF8A023BBF856
:10ED2000AC03DBF8A8331170A2F80500C2F801307B
:10ED30001B9900208BF8F8030BF55470D046CBF8E4
:10ED4000F00321F0FF04CBF8F40340460BF57E7589
:10ED50001AF0E4FB0BF570701AF07CFD3068C0050A
:10ED600041F068833A481A951AF000F93948D0F80A
:10ED7000C410062954D2D0E9023401310268C0F827
:10ED8000C410511CCBE9F54001600BF578701B9362
:10ED9000CBF8D0330D941AF069FC00F06FBEB9B90E
:10EDA0001F981FF0AFF9CDF87016CDF86C062CE067
:10EDB000032030E0062000F098BD072000F095BD4C
:10EDC000032000E0042088F80000032000F08DBD3F
:10EDD0001F98D5E901480068D0E90010804508BFB8
:10EDE0008C420ED009688847CDF870160DF5CD61BC
:10EDF000CDF86C0601201FF08AF96168404688470B
:10EE000008E0CDF87086CDF86C4601200DF5CD6197
:10EE10001FF07DF9042089F80000042000F065BD92
:10EE200001680DF5CD620C4B013101600B48B52135
:10EE300000900B488DF8684617F013FF04ED00E0D2
:10EE40002C8A03204300000098E60320E0D9032029
:10EE500090C40400C0E10320D4C4040058CA0400D4
:10EE6000A0C904000BF580640BF589611491CBF8FF
:10EE70004404016800208BF888040BF58A60CBF805
:10EE800050140BF5916320900020CBF870148BF890
:10EE900084040BF26C468BF86C04CBF85414CBF85A
:10EEA000581408680BF26A450A7900218BF86A1435
:10EEB0008BF86824CBF864040BF269418BF8692461
:10EEC000CBF85C04CBF86014D0E9000117931E94D2
:10EED0001AF0ACFB8146D0F88002002841F0BB82DA
:10EEE0004FF0FF300C46C9F88002002199F89002DB
:10EEF000012805D109F5487018F03AFD99F89012EB
:10EF0000D9E9A202CDF87080904201D1C90746D05C
:10EF1000002189F89012411C09EB80108A1E18BF4D
:10EF20000A46C9F8882290F898A26FEA0A010906F1
:10EF300035D0129400F5267404F12C010C22B4F89B
:10EF40002900ADF8280394F82B008DF82A03E06916
:10EF50000E90A0690F90E0681190A068189094F846
:10EF600028000990606A1090206A159060690690E8
:10EF7000206919906068169060780B900DF5CD604F
:10EF800013953546668834F033F9D4460A964FEA2D
:10EF9000162E2E46139DA26BE36B129C0AE01F985F
:10EFA0001EF03DFF09F5467018F0EFFC4FF0FF0C26
:10EFB0004FF0000ED9F880025FFA8CF80121013081
:10EFC000C9F880022068013820600120B8F1FF0FE5
:10EFD00008BF0321297018D03070B8F1FE0F9DF8DA
:10EFE0002A038DF89603BDF82803ADF894030DF5B8
:10EFF000CD60CDE91232E6A990E8580058C1DDF89D
:10F000007C90189D40F08180E9E003208BF86C042F
:10F010009BF8840488B1032841F029829BF882047C
:10F020000BF2824AB8B1032841F02482DBF878144D
:10F030006446DBF874040A781AE0DBF870140BF20B
:10F04000824A08680A7900218BF882148BF88024A0
:10F05000CBF87C0403E09BF88024DBF87C04644656
:10F060000BF281418BF88124CBF87404CBF878142F
:10F070001EF0A2FC06460068002841F0EC814FF02B
:10F08000FF30894630600021307B012804D106F52D
:10F090008C7018F06DFC317BD6E90102904201D1F1
:10F0A000C90711D000213173411C06EB0010B1F1EA
:10F0B000100218BF0A46726050F8101F21B1D0E943
:10F0C00001521192C26807E01F981EF0A8FE06F5D3
:10F0D000887018F05AFC00213068A446169101305F
:10F0E0003060D9F800000138C9F80000012000297B
:10F0F0004FF0010108BF03218AF8001000F06A8078
:10F100008BF884044FF0000E19929DF89603A7F136
:10F1100068038DF86A03BDF894031946ADF86803D7
:10F12000E6A890E854006FEA0C00000654C121D014
:10F1300016980026119CCDF830C04FEA154CCDF83A
:10F1400020E04FEA1049189500204FEA144E25465A
:10F150000024DFE808F0BABA0885789FA98BB5814A
:10F16000B2657BA7578302214CEA05400C910290BF
:10F170000020A4E0DBF854040179006811F0B4FF2A
:10F18000199AEB92119AE690DBF85404CDE9E95212
:10F19000169AE892D0E902450DF5CD608DF89C13E2
:10F1A000E6A90DF005FC9DF86896B9F10A0398BF31
:10F1B000002315941095B3B1012B40F0C780BDF822
:10F1C000742620462B6BE6A99847C00740F0AF8015
:10F1D0000123BBE00320DDF87C908BF884041799B1
:10F1E00003200870E0E2A9F102000223082800F2DF
:10F1F000AD80DFE800F00593ABABABABAB7A0500BD
:10F20000EB6A8CE09DF86A0307F8260CBDF86803EA
:10F2100027F8280C22A893E8160016C00F210CE04E
:10F220009DF86A0307F8260CBDF8680327F8280C38
:10F2300022A893E8160016C00C214CEA0540029063
:10F2400000200C9124E005200C900EE04CEA0540D3
:10F2500002900D200C9035E00A2032E010212DE0C4
:10F260004CEA0540029003200C9022E09DF86A03CE
:10F2700007F8260CBDF8680327F8280C22A893E8A5
:10F28000160016C004214CEA0540029000200C91A3
:10F2900000241AE006214CEA05400C91029000205F
:10F2A000169E0CE00E2109E04CEA05400290072072
:10F2B0000C90169C4846264607E00B210C9104E072
:10F2C00009200C90169C48462646CDF844E00004E0
:10F2D000DDF830C0DDF81880DDE9189EDDF808A003
:10F2E000169004F47F40179644E0E4480DF56678E4
:10F2F000DDF87016DDF86C460840EE6A40420546BF
:10F3000040B134F8022B41461598B047C00705F1CB
:10F310000200F4D0002D18BF012506E02B6BBDF8CC
:10F320006A26E6A9204698470546E80702D00991D3
:10F3300003230BE0B9F10A0F07D0B9F1030F3FF433
:10F3400047AF0223B9F1020F00D10023DDE9E690B7
:10F350004FF0080CEB990E914FEA194242EA004A2D
:10F36000000CEA991190002016900F911793DDE997
:10F37000E8E8002017F8262CA7F1A8038DF89223BF
:10F3800037F8282C1C46ADF8902322AA92E8620098
:10F390005A4662C401218BF88814C9EA0A4B1199B4
:10F3A0001D9D0904169E41EA1A411891C5F80414DE
:10F3B0000F99C5F810140E99C5F814141799CDF8C3
:10F3C00064E0C9B2C5F808E441EA0009089949EACD
:10F3D0000600C2F804040A98DDF82CE0C0B2C5F8B3
:10F3E00000B440EA012A099882F828041598C2F866
:10F3F00020041098C2F82404BDF89003A2F8290450
:10F400009DF8920382F82B0402F22C40C5F80C847C
:10F41000A2F802A482F801E482F800C493E816007E
:10F4200016C01398C5F830041298C5F834045FFA72
:10F430008CF0082800F2D681DFE810F009003400D3
:10F440001A003F00D401D401D401D40158008C48E3
:10F4500017F060FD8B4817F03CFD0B9C200600F078
:10F460009880894817F035FD204615F0EBFC93E0B5
:10F47000864817F04FFD43F60950189BABFB00126E
:10F4800003FB0022480A510A40EAC250F5F7FAFE8F
:10F49000504615F091FC19997D20A1FB001208FB44
:10F4A00000221AE07A48744617F034FD204615F021
:10F4B0009FFE0A9815F09CFE15E0764817F02AFD8D
:10F4C000754C5046A0474846A047300CA0477D20C9
:10F4D000189BABFB001203FB0022080B110B40EA48
:10F4E0000250F5F7CFFE17F07DFE7BE1DDF884B02A
:10F4F00028220BF2DC450BF204411EF039F9DBF84F
:10F50000DC040BF59C64002800F08D80DDF8808021
:10F51000012840F09E8020460EF034FFDBF84414B2
:10F5200080B20989884240F099800DF5CD6021466E
:10F530000DF03EFA9DF86806B0F10A0198BF00216F
:10F54000DDF87C90002900F05684012940F05684B3
:10F55000DDF86C060DF54A7ADDF87016CDF880807E
:10F560000144CDE9CA01E6AE514630460CF046FEF4
:10F570001EF071FC40F045849DF89983474817F0D0
:10F58000C9FC404619F06CFE17F02CFEDDF88080B7
:10F590009BE0434817F09DFC0020424C17F099FC7B
:10F5A00017F020FE20681E9CC00540F043875FF8DE
:10F5B0007017C868B0F5007F1AD04FF40072CA60A7
:10F5C000C1B2022914D01EF06FFA08BF034608BF6B
:10F5D0000121B2EB506F18BF1946C8B2022803D000
:10F5E00001F0010019F0E6FE4FF4007019F096FEEC
:10F5F000052120781991002108284FF0FF0C4FF0C9
:10F60000000A4FF00005179104D01E986446F6F7E3
:10F61000D2FAA4461695012014990024079DD846D5
:10F6200018960870AFE10DF5CD6021460DF0C0F9D8
:10F630009DF86806B0F10A0198BF0021DDF88080CE
:10F6400091B3DDF87C90012940F02585BDF8745612
:10F6500033E0DFF8740E17F069FC0BE020460EF083
:10F6600091FE0546DFF84C0E17F054FC1EF0D5F95C
:10F6700017F0B8FDDDF87C9027E000BFFEFFFF7FAC
:10F68000B7000000140000005A010000450000000F
:10F690004400000046000000B94D0200BD0000001B
:10F6A0004B01000004ED00E0DDF87C90022818BF5B
:10F6B000032840F0ED84BDF86A56DFF8040E17F019
:10F6C00029FC1EF0AAF917F08DFDDBF8DC040BF223
:10F6D0000456DFE800F0020202170DF5CD65214661
:10F6E00020221EF045F8DDF884062946DDF8802644
:10F6F0004369002000903046F5F7D2FD2846F6F722
:10F7000029FA16E00DF5CD65214624221EF030F8C9
:10F71000DDF884060121DDF8802643699DF888061E
:10F72000CDE9001030462946F5F7BAFD2846F6F730
:10F7300028FA3068002800F08682404631461822B8
:10F7400033F00EFC00200BF59B688BF8D8040BF50A
:10F750008A602090DDF880C00BF58D6E72469CE8C3
:10F760007B007BC20BF58B600BF59061024692E843
:10F770007800002278C1DBF88014CBF8702439B30C
:10F78000CBF890E40BF2944190E8780078C18BF8C4
:10F79000D4240BF592654946284606F097FBA0B1A4
:10F7A000032088F8000004208BF848049BF8980593
:10F7B00038B3032840F05886DBF88835DBF88C2511
:10F7C000DBF89015DBF8940548E02846F6F725FEAF
:10F7D0000BF58D60F6F702FA01208BF8D80420981B
:10F7E000F6F72EFE1E9C2078082802D02046F6F759
:10F7F000E2F9DDF884B0DDF87080DBF84404FFF74F
:10F8000038BB0BF5A464002001218BF84005CBF830
:10F8100030150BF5A6638BF85405CBF844158BF81F
:10F820006805CBF858158BF88405CBF86C1517CC08
:10F83000CBF834050BF26C50CBF848150BF5AB61E7
:10F84000CBF85C250BF24452CBF88835CBF88C25ED
:10F85000CBF89015CBF89405CBF8704522900DF5B8
:10F86000CD66DFF8700C0DF56678CA93002447F872
:10F87000A82C002547F8681CCDF8840622A8CDF8EE
:10F880008006DFF8540CCDF87C06A7F16800CDF8AF
:10F890007806DFF8480CCDF87406A7F1A800CDF87B
:10F8A0007006DFF83C0CCDF86C06CAA8CDF86806E7
:10F8B000202C11D0301931594A464068036940461E
:10F8C00098479DF89BA3BAF1FE0F03D0BAF1FF0F42
:10F8D00011D101250834EBE7E80700F0718403201B
:10F8E0008BF898051A99087005208BF8AF030DF670
:10F8F000941D1DF0DFBE01200DF10C0EBAF1010FB9
:10F9000088BFAAF10200BDF899235FFA80FC9DF838
:10F91000A5539DF8A483160ADDF8A0B3E79C9DF8D3
:10F9200098339EE80242DFE80CF002210C18260E04
:10F93000220C230A4FF0000C8B46C84675461994DA
:10F9400014E0012020EA030200204FF00B0C199074
:10F950008B46C8467546002307E019931346324686
:10F960004FF00B0C8B46C84675460026219815941F
:10F970000124CDE91762209380F89845CDF858B05E
:10F98000CDE903B80595DDF878B007959BF84800F8
:10F99000042811D10BF150006646C146F6F750FD20
:10F9A000079DB4469BF80000082805D05846F6F796
:10F9B00002F9079DC846B446002C49D01D98DDF8D1
:10F9C00084B01699C0F8AA141599C0F8A61417990E
:10F9D0008BF8AC141899DFF8340B8BF8AB14209922
:10F9E0008BF8AA1419998BF8ADA48BF8A9148BF88D
:10F9F000A8C48BF8B7548BF8B68417F08BFADFF8ED
:10FA0000100B17F066FA0BF5956528461AF04AF8C0
:10FA100017F0E8FBDDF87C900020DDF870808BF8B3
:10FA2000A404DBF8F403CBF80004CBF804540BF582
:10FA300080650DF5CD604A46294609F0A7F99DF885
:10FA40006806022800F00F812846F6F70CFD15E045
:10FA5000199CACF10300072800F29C80DDF884B00B
:10FA60002099DDF87080C9B2DFE810F021000800AD
:10FA7000710108013C0102018B01C00100200BF55E
:10FA800070718BF898050BF574728BF848040BF5C0
:10FA90007870CBF82C05DBF8F403CBF82085CBF895
:10FAA0002425CBF82815CBF84004FFF7DBB91798CD
:10FAB0008BF803041898DE4A8BF8004441EA0020D2
:10FAC000ABF801041068C00540F0B4841E98DFF85C
:10FAD000D049DDF87C900568E1688D4232D0C8B22B
:10FAE000E56002282ED005F47F4000230026022284
:10FAF000B0F5807F08BF2E4608BF0122B3EB556FDB
:10FB000018BF324601F47F46B6F5807F4FF0020001
:10FB10004FF0000604BF0E460120B3EB516F18BF33
:10FB20003046C1B202291CBFD2B2022A40F0BA82CA
:10FB3000022903D000F0010019F03CFC284619F01E
:10FB4000EDFBBB4ADBF8F4031168C90540F0728491
:10FB50000B211D9B8BF8AC1400218BF8A814A188F5
:10FB6000A279A3F8A5140BF2AC4183F8A724CBF833
:10FB70000404CBF808140BF204450DF5CD604A4699
:10FB8000294609F003F99DF8680602287FF45CAF66
:10FB90000420A7E6DDE9206BBCF1FF0F65D1DFF89B
:10FBA000580917F0B7F9DFF8540917F092F9A04D8A
:10FBB0002046E4B2042C03D1042017F0C5F93046E6
:10FBC00017F0C2F917F00EFB052C4ED15846DBF8A2
:10FBD000E0B3D0E9F9A02968C90540F02B84DFF82B
:10FBE00020190EF069FD0646D0E90054006D06F1BB
:10FBF000580988460138306548460BF001F91DF078
:10FC0000FFFF7AEB0000C0F054810DF5CD6A494644
:10FC100050460EF09CF91EF06DFB07D0411E0DF50D
:10FC2000CD6013F0FFFF002800F02381E6AD9AE8D5
:10FC30001E0028461EC01EF030F9002800F0198171
:10FC40001EF047FCF7E70BF5A1600DF5CD6890E8D5
:10FC50007C004146DFF874087CC117F05BF91DF0A9
:10FC600038FEFFF740BC06203CE6DDF8708005E773
:10FC7000189841EA0020F5F7EBFDFFE66C480068B4
:10FC8000C00540F0D783DFF86C08DFF858180EF095
:10FC900013FD0646007C0D46012805D106F108013A
:10FCA0000DF5CD600EF041F9706FC0B1317C0029C7
:10FCB00040F0E783D6E9021206EBC2039861501CBC
:10FCC000821E1C7518BF0246F260914204BF0120DB
:10FCD00030741EF067F906F1240019F007F91DF0E1
:10FCE00001FECBE652480068C00540F0A383DFF870
:10FCF000F40719F085F9DFF8F84794F86000012857
:10FD000005D104F158010DF5CD6019F085F9206D8C
:10FD1000002868D094F86010002940F0B283D4E93C
:10FD20001612002A04EBC2039866199883F864003F
:10FD300018BF0132E265914204BF012084F86000DF
:10FD40001EF020F904F1100019F07DF94BE01D9927
:10FD50000020DDF87C90C1F8FD03C1F8F903022012
:10FD60008BF80004DFF83C07CBF80805D9F8001041
:10FD70000BF5806013F0E8FE00283FF47FAE05200D
:10FD8000B0E52B480068C00540F05483DFF8540705
:10FD900019F0C2F8DFF85047207E012805D104F1A0
:10FDA00010010DF5CD6019F0C3F8D4F88C00D0B176
:10FDB000217E002940F06583D4E9041204EBC203DC
:10FDC000186219981877501CB0F1080218BF024643
:10FDD0006261914204BF012020761EF0D3F804F145
:10FDE0005C0019F0B8F81DF04FFD47E604F0010083
:10FDF000F5F77AFD42E603283FF4AAABDFF8B80630
:10FE000019E3E79A4FF00E0818950B2A3FF6B6ABA8
:10FE10000025DFE812F00F0068018001560194010F
:10FE2000A901A2018D01CB016101BD014B0100BF00
:10FE300004ED00E0A7F16800022547E91AA5F8F7EC
:10FE400035F8C0074FF0000009D18846CAB20E212C
:10FE5000022A1CBF57F8642C002A40F037822A1867
:10FE60001EF057FA00F0F7810022002547F8280C11
:10FE70007AE10DF5CD650020D6E91612891A18BF72
:10FE8000012196F860201143C9070CD0B16E51B919
:10FE90002846494619F0EEF89DF86806FF2800F05C
:10FEA000BB800120E8E7C0071CBF06F1440019F041
:10FEB0009DF8D8F80000D8490130C8F80000219812
:10FEC000D0E9F4BAD0F8D8030968C90540F0B28285
:10FED000DFF82C160EF0F0FB0646D0E90054D0F8FF
:10FEE000BC0006F1080988460138C6F8BC0048463F
:10FEF0000AF077FF1DF084FE7AEB00003BD30DF58E
:10FF0000CD6A494650460DF0BEFF1EF0F3F905D00C
:10FF1000411E0DF5CD6013F096FE60B1E6AD9AE896
:10FF20001E0028461EC0284610F019FA18B10169B3
:10FF300001390161F7E70DF5CD650020D6E9021220
:10FF4000914202D1327CD2070FD001EB810106EB46
:10FF50008101496A49B92846494619F013F89DF8C4
:10FF60006B06022858D00120E8E7C0071CBF06F145
:10FF7000980018F0F0FFD8F80000A7490130C8F841
:10FF800000002198D0E9F0B9D0F8C8030968C90584
:10FF900040F05082DFF868150EF08EFB0646D0E97F
:10FFA0000054406C06F1080A8846013870645046D7
:10FFB0000AF035FF1DF024FE79EB000036D30DF575
:10FFC000CD69514648460DF0DAFF1EF093F905D091
:10FFD000411E0DF5CD6013F025FE50B1E6AD99E858
:10FFE0001E0028461EC01DF058FF10B11EF071FA09
:10FFF000F9E70020D6E90212914202D1327CD20701
:020000021000EC
:100000000ED006EBC101896951B950460DF0CFFF02
:10001000C1B201200229EDD1DFF8E80416F0C8FDD5
:10002000C0071CBF06F1380018F0E0FFD8F8000048
:10003000DDF884B00130C8F80000DDF87080DBE93D
:10004000EC01D8F80820F5F7B3FE01208BF8F8038F
:10005000DFF8B40416F06AFFDBF840039BF8442392
:10006000D0E900010EF0D9F9DBE9D2010A690BF5FC
:10007000507190479BF84413DBF84003F5F710FDEF
:100080000020DDF87C908BF8AE03634CFEF79DBD3D
:100090000A283FF410ABDFF82C0416F03BFF17F0F2
:1000A000F3FCDDE191427FF445AD47E5E6A8CAAD3A
:1000B0001DF011FD1DF0CFFE40F087809DF8998363
:1000C000E0E0E6A8CAAD1DF006FD1DF0C4FE40F05C
:1000D000A5809DF89913B8E01DF058FA3FF44EAA98
:1000E000007809223FE00220CDE922A022A8F7F7FC
:1000F0003EFE1DF0B1FA314607D0C0074FF00E01A9
:100100001CBF2398002840F0D180A7F12800FF22CF
:1001100000250170B2E0CAA8F7F724FCDDF884B02E
:100120008846C0077FF42AAA022208F001001AE0DC
:100130001DF02CFA3FF422AA0078072213E0CAA986
:100140003046F7F721F81DF086FE40F08C809DF8D0
:100150009903FF2207F8280C90E01DF017FA3FF4EE
:100160000DAA0078062219901898904657F8274C47
:10017000F5F786FD200CC44617904FEA146A1E98C6
:10018000260A2094007808287FF43FAAFFF742BA95
:10019000CAA8F7F7E7FBDDF884B08846C0077FF40C
:1001A000EDA908F0010019900A22DDE7CAA8F7F7C7
:1001B000EDFBC1074FD1000C082227F8270CD3E72D
:1001C000D448A121D44A15F0A9F9E798DDF884B004
:1001D000002860D001287FF4D1A901202946CDE96B
:1001E0002250E6A80CF00AF81DF035FE3FF4C4A931
:1001F000E79D022D3FF6C2A922A8F7F705FDC1B27F
:10020000C0F30728FF293FF4B9A9022900F03C8177
:1002100000F0010040E000BF04ED00E0E79E022096
:100220000E210022032E12D8CDE9225022A8F7F782
:100230009EFD1EF069F8294607D0C0074FF00E0159
:100240001CBF2398002840F0868002200022024430
:100250001EF05FF802D14FEA102813E047F8280C8F
:100260000025032280E7701C04220179006847F80A
:10027000280C9DF89E0307F8241C159017F8288C6D
:10028000FF2A03D1DDF884B0FFF778B9CDF8648098
:100290009DF868B368E7022007F8265C00251990EE
:1002A00040EA082027F8280C0B225DE7229803215A
:1002B000CDE9E601E6A8F7F76EFD0546000EFF283A
:1002C00011D14FF4003060F31F2590E057F8686CAF
:1002D000E6A831460BF092FF1DF0BDFD18D19DF848
:1002E00099130020BBE575490228884600F0C580B7
:1002F000E6A8F7F750FD0146000EFF2862D14FF443
:100300000030DDF87C9060F31F2115910D466EE002
:10031000E79A002A3ED00E210020012A7FF49FADEB
:100320000220CDE9226022A8F7F721FD1DF094F903
:10033000314642D0C0074FF00E011CBF2398002861
:100340003BD02299E6A80BF059FF1DF084FD76D131
:100350009DF8991331E02299E6A80BF04FFF1DF0AC
:100360007AFD3FF4B6AEDDF89C830E21B8F1030FA1
:10037000BFF46BAFCAA8F6F7FDFFC0074FF000024D
:100380004FF0020001BF280440EA066201F00100BC
:1003900041465CE7CDE9E665E6A8F7F7E8FC1DF025
:1003A000B3FF294609D00E21C00706D0E6A8F7F70B
:1003B000DEFC1DF051F9314637D102250020DDF871
:1003C0007C904CE50228159157D0E6A8F7F7E3FC9E
:1003D000010EFF2907D14FF40031DDF87C9061F365
:1003E0001F20054603E0DDF87C90022954D005F07B
:1003F0007F434FF47F012A46B3F1007F61F31F2250
:1004000018BF2A46150EFF2D01D111467DE60E219B
:10041000022D3FF47AAEB3F1007547F8272C18BFD0
:1004200005460122DAA8314673E60E21C007C4D082
:10043000002109E0194816F079FD16F021FEE79D2C
:100440000E21032DB9D20121E8B208F00105000404
:1004500040EA0660B3E7144816F05CFD1AF0ECF8C9
:1004600016F0C0FE16F00CFE194816F066FC104897
:1004700016F063FC0D4816F060FC4546DDF87C90F4
:10048000B5E71A4816F094FB4FF00E08DDF884B07B
:10049000DDF87C90FFF772B84546A8E7B100000090
:1004A0002C8A0320E0D90320C700000058970400DD
:1004B000F898040041000000F40000000E00000263
:1004C000400000000C010000190000005B0000006B
:1004D000009004008C8F0400788F0400648F040067
:1004E000508F0400C0C4040028E1032040C504006C
:1004F00080E40320F0E40320C0000000DC010000E1
:10050000C8990400D09F04003E0000001C000000B9
:10051000D2010000A08F0400F08F0400B0B502AF3C
:100520001DF033F909D01168281D01F02BFAC1B272
:10053000022905D1FF21022005E0FE20E070B0BDB8
:100540000021296002216060E170B0BDB0B502AF4A
:100550001DF01BF90CD01168281D01F0D5FAC0B2AE
:1005600002280FBFFF21002129600421207000E034
:10057000FE21E170B0BDD0B502AF04460868016845
:1005800069B1116813F0D6FB010C2080C043A17043
:1005900000064FF0050008BF4FF0FF3000E0FE20DE
:1005A000E070D0BDF0B503AF2DE9000F8BB00B6844
:1005B000196849B1197C0493CDE9022039B10329A6
:1005C0000AD1D3F80C800CE0FE21C170A7E0D3F86B
:1005D0000480C3F8088002E0574816F0AEFBC3F869
:1005E0000C8056491DF08BFE40F0A18055490EF05D
:1005F00063F80646F0E802B58946D8E9004A0AF0F1
:10060000F0FBBBEB000165F10002631A7AEB020319
:100610000AD2C8E90012D9F80000049B0130C9F8D9
:100620000000D3F80880DAE7611A4D4606F10809A0
:10063000884221D9029406ACD3468A4620464946D0
:100640000DF021FC2046514613F0FDFA002868D039
:1006500001690139016151EA0A011BD0C478D0F85F
:100660000A20D0F80630B0F8049081788DF8161082
:100670000188ADF814102AE002981DF0D0FB06F1B5
:1006800064000AF02BFE28680499013028600320DA
:1006900008742AE006A8494618F074FC9DF81B402F
:1006A000022C41D09DF81A008DF81600BDF81800F4
:1006B000ADF81400DDF81E00019006F19800DDF899
:1006C00022A0BDF81C9018F046FC019B52460298EF
:1006D00001304BF10001C8E900012868049901309C
:1006E00028600120022C087401D1FF2409E00020B9
:1006F0000860BDF81400ADF818009DF816008DF8DC
:100700001A0003999DF81A008870BDF81800C1F806
:1007100006300880A1F80490CC70C1F80A201CF0C3
:1007200055BF0A4816F044FA074816F041FA044843
:1007300016F0FCFB16F0A4FCF492040004ED00E0BB
:10074000B1000000D8990400C09F0400B09F0400CD
:10075000B0B502AF1DF019F806D0287E30B10328DD
:1007600008D00E4816F0E9FA1DF06DBE002028757D
:100770006868A860116805F1080001F003F9C1B2CA
:100780000122022908BF03222A7619BF002129600D
:10079000FF210220C4F801002170B0BD989A040026
:1007A000F0B503AF2DE9000F89B091460A681168D2
:1007B00079B1117ECDE9030271B1032914D1134639
:1007C00013F8141F029351B1032910D1D2F81080ED
:1007D00012E0FE21017086E01DF097F901E0D2F8E9
:1007E0000880C2F80C8005E0464816F0A6FA444896
:1007F00016F0A3FAC2F8108043491DF080FD77D1AE
:1008000043490DF059FF0D461DF06FFD90F858005B
:10081000D8E900AB30B9D6E91442A242A2EB0402F7
:1008200038BF01321DF0D6FB02D21DF04BFAE1E7D2
:10083000AAEB0304A24210D9D6E91431994208BFA9
:10084000002815D006F15C021DF098FB91BFC3F1A2
:100850000103CB1A002104220CE0D9F80000D0E9F2
:10086000001206F108000AF039FD1DF0CBFB26E06E
:100870001CF0CAFE1DF04EF808D005ACDDF804905F
:100880001DF0F4FBC8B3B9F10109F9D105A80FF0C7
:100890004DFD90B31CF00CFE02D0B0F800900CE0BF
:1008A00005A806F150010DF029FB0598E8B106F105
:1008B0003C00BDF8189018F099FB1CF0FEFEC10733
:1008C000049A4FF0010118BF0321117618BF0120CF
:1008D0000399C00701D0FF2002E000201060022031
:1008E000A1F8029008701CF09DBD0A4816F060F94E
:1008F000064816F01BFB16F0C3FB074816F058F924
:10090000F4920400989A040004ED00E0B1000000A5
:10091000D8990400C09F0400B09F0400F0B503AF55
:100920002DE9000F89B091460A68116879B1117EEE
:10093000CDE9030271B1032914D1134613F8141F32
:10094000029351B1032910D1D2F8108012E0FE2198
:10095000017084E01DF0D9F801E0D2F80880C2F8F7
:100960000C8005E0454816F0E8F9434816F0E5F933
:10097000C2F8108042491DF0C2FC75D142490DF009
:100980009BFE0D460646D0E900310222007CD8E9E4
:1009900000AB30B9D6E90242A242A2EB040238BF52
:1009A00002321DF017FB02D21DF08CF9E0E7AAEB32
:1009B0000304A24210D9D6E90231994208BF0028A7
:1009C00015D006F114021DF0D9FA91BFC3F102034C
:1009D000CB1A002104220CE0D9F80000D0E9001263
:1009E00006F124000AF0A4FC1DF00CFB26E01CF02C
:1009F0000BFE1CF08FFF08D005ACDDF804901DF055
:100A000035FBB0B3B9F10109F9D105A80FF08EFC9F
:100A100078B31CF04DFD02D090F800900CE005A8D2
:100A200006F108010DF081FA0598D0B106F16000D9
:100A30009DF8189018F0D0FA1CF03FFEC007049AF9
:100A40004FF0010018BF03200399107601D0FF205A
:100A500002E000201060032081F8019008701CF073
:100A6000E1BC0A4816F0A4F8064816F05FFA16F042
:100A700007FB074816F09CF8F4920400989A0400CB
:100A800004ED00E0B1000000D8990400C09F04000C
:100A9000B09F0400F0B503AF2DE9FE0F1CF0A1FEDE
:100AA0000DD09AF8180070B103281AD1D6461EF856
:100AB000140F88B1032817D1DAF810B019E0FE201E
:100AC0008CF80000A0E00020D6460EF8140F5EF867
:100AD00010BC4EF80CBC01E0DAF808B0CAF80CB053
:100AE00005E0524816F029F94F4816F026F9CAF8E1
:100AF00010B04F48DBF808600068C00540F08C80FB
:100B00003068002840F082804FF0FF30D6E9024183
:100B100030600823307EDBE9009830B9D6E9045311
:100B2000AB42A3EB050338BF0833E41A61F10001BF
:100B3000B9EB040578EB010508D20020CBF80040A2
:100B40003060CBF80410DAF80CB0D0E7A9EB04045D
:100B5000A34212D9D6E90431CDE900EC994208BF8D
:100B6000002816D006F11C021DF008FA91BFC3F14F
:100B70000803CB1A002104220DE010686446754674
:100B8000D0E9001206F15C000AF054FB1DF032FAC5
:100B90002AE01CF039FD1CF0C2FD0592069104907C
:100BA000029434B103AD029C1DF077F9C8B3013C47
:100BB000FAD103A80FF0BAFB98B34168029A013941
:100BC0004160114301D004780CE003A806F1100144
:100BD00018F0AEF90398E0B106F180009DF81040DE
:100BE00018F004FA1CF024FDC0074FF0010018BFF4
:100BF00003208AF8180001D0FF2003E00020CAF883
:100C0000000004204C7008701CF070BC0A4815F0FD
:100C1000D9FF0A4815F0CCFF064816F087F916F000
:100C20002FFA074815F0C4FFF4920400989A0400C4
:100C300004ED00E0B1000000D8990400C09F04005A
:100C4000B09F0400D0B502AF04460868016871B1D6
:100C5000116813F06FF8010CA4F80100C043E170B3
:100C600000064FF0050008BF4FF0FF3000E0FE2007
:100C70002070D0BDB0B502AF1CF087FD0DD011685B
:100C8000281D09F047F9C0B202280FBFFF2100213B
:100C90002960062160702170B0BD1DF0D4BBB0B5D5
:100CA00002AF1CF072FD09D01168281D08F0A4FFE6
:100CB000C1B2022904D1FF21022004E01DF0C3BB10
:100CC000002129600721C4F801002170B0BDD4D4EF
:100CD000F0B503AF2DE9FE0FD1F800B08446DBF884
:100CE000000068B19BF8180070B103281AD1DE46E5
:100CF0001EF8140F88B1032817D1DBF810A019E0F3
:100D0000FE208CF80000C7E00020DE460EF8140F2D
:100D10005EF810AC4EF80CAC01E0DBF808A0CBF8A4
:100D20000CA005E0654816F008F8634816F005F8D1
:100D3000CBF810A06248DAF808500068C00540F00F
:100D4000B0802868002840F0A9804FF0FF30D5E936
:100D5000086328600121287CDAE9008930B9D5E9E7
:100D60000241A142A1EB040138BF0131761A63F1BF
:100D70000003B8EB060479EB030408D20020CAF89C
:100D800000602860CAF80430DBF80CA0D0E7A8EBBC
:100D90000604A14215D9D5E9022105F11403CDE9D4
:100DA00000EC914208BF00281CD002EB42009142A7
:100DB00003EB800091BFC2F101028A1A00210423D3
:100DC00014E0106864467646D0E9001205F1280068
:100DD0000AF0D8F9286823460130286003203070D3
:100DE000022048E000220423042000211CF011FC12
:100DF00008D003AC029E20460FF0CAFA002855D056
:100E0000013EF8D103A80FF0C3FA00284ED0816844
:100E1000029A01398160114302D0047906681BE00F
:100E2000D5E9020105F11402884202D1297CC907E3
:100E30003FD00021297400EB4001002818BF013089
:100E4000A86002EB81000479022C32D005F1340055
:100E500052F8216018F0CAF818F1010049F10001B8
:100E6000019BCAE90001286800990130286001202F
:100E7000087004F00100C1B20122022908BF032258
:100E80008BF8182001D1FF2103E00021CBF80010DE
:100E9000082118725E6019701CF028BB0A4815F012
:100EA00091FE084816F042F816F0EAF8084815F0E6
:100EB0007FFE064815F07CFEF4920400989A040028
:100EC00004ED00E0B1000000D8990400C09F0400C8
:100ED000B09F0400B0B502AF1CF057FC0DD01168F4
:100EE000281D08F057FFC0B202280FBFFF210021C4
:100EF0002960092160702170B0BD1DF0A4BAD4D45E
:100F0000F0B503AF2DE9FE0F1CF06BFC0CD09AF886
:100F1000180068B1032818D19AF8140080B103288A
:100F200016D1DAF8109018E0FE208CF80000CCE022
:100F3000DAF8049000208AF81400CAF8089001E05A
:100F4000DAF80890CAF80C9005E0694815F0F5FE4B
:100F5000664815F0F2FECAF810906648D9F80850B5
:100F60000068C00540F0B6802868002840F0AF80D7
:100F70004FF0FF30D5E9026328600221287ED9E9CD
:100F8000008B30B9D5E90441A142A1EB040138BF7F
:100F90000231761A63F10003B8EB06047BEB03041D
:100FA00008D20020C9F800602860C9F80430DAF8D7
:100FB0000C90D0E7A8EB0604A14215D9D5E904218D
:100FC00005F11C03CDF804C0914208BF00281DD0D4
:100FD00002EB4200914203EB800091BFC2F102029A
:100FE0008A1A0021042315E010686446D0E9001233
:100FF00005F134000AF0F4F8286822460130286030
:1010000003208AF818008AF8140055E00420002212
:10101000042300211CF0FDFA08D003AC029E2046F8
:101020000FF0B6F900285AD0013EF8D103A80FF00E
:10103000AFF9002853D08168029A013981601143C9
:1010400002D0D0E9004023E0D5E9040105F11C03FA
:10105000884202D1297EC90744D000212976411C4B
:1010600000EB40008A1E18BF0A462A6103EB80018C
:101070004E68F143090635D053F82040300A0290FB
:1010800005F1480017F0B2FF0299F0B240EA0120E2
:1010900018F101014BF10002C9E90012C2432968AD
:1010A00001312960012112068AF8141008BF0321BA
:1010B000019A8AF8181001D1FF2103E00021CAF833
:1010C00000100A211170C2E901401CF00FBA0B4850
:1010D00015F078FD084815F029FF15F0D1FF0948F3
:1010E00015F066FD064815F063FD00BFF49204009C
:1010F000989A040004ED00E0B1000000D8990400C3
:10110000C09F0400B09F0400F0B503AF2DE9FE0FAF
:101110001CF067FB0DD09AF8180070B103281AD1A3
:10112000D6461EF8140F88B1032817D1DAF810B08C
:1011300019E0FE208CF80000A1E00020D6460EF851
:10114000140F5EF810BC4EF80CBC01E0DAF808B0E1
:10115000CAF80CB005E0534815F0EFFD504815F003
:10116000ECFDCAF810B05048DBF808600068C00514
:1011700040F08D803068002840F083804FF0FF30D1
:10118000D6E902413060012396F86000DBE900985F
:1011900030B9D6E91653AB42A3EB050338BF013390
:1011A000E41A61F10001B9EB040578EB010508D2FE
:1011B0000020CBF800403060CBF80410DAF80CB017
:1011C000CFE7A9EB0404A34212D9D6E91631CDE941
:1011D00000EC994208BF002816D006F164021CF00A
:1011E000CDFE91BFC3F10103CB1A002104220DE013
:1011F000106864467546D0E9001206F110000AF046
:1012000043F81CF0F7FE2AE01CF0FEF91CF087FA08
:10121000059206910490029434B103AD029C1CF037
:101220003CFEC8B3013CFAD103A80FF07FF898B395
:101230004168029A01394160114301D004780CE001
:1012400003A806F1580117F0E7FE0398E0B106F194
:101250003C009DF8104017F0BFFE1CF0E9F9C007F4
:101260004FF0010018BF03208AF8180001D0FF20BA
:1012700003E00020CAF8000001204C7008701CF048
:1012800035B90B4815F09EFC0A4815F091FC07484B
:1012900015F04CFE15F0F4FE074815F089FC00BF70
:1012A000F4920400989A040004ED00E0B1000000FC
:1012B000D8990400C09F0400B09F0400F0B503AFAC
:1012C0002DE9FE0F88460168086868B1087E029122
:1012D00060B1032817D10A4612F8140F019278B1B1
:1012E000032813D10E6915E0FF20BFE000200A4655
:1012F00002F8140F019252F8106C42F80C6C00E0E6
:101300008E68CE6005E0614815F017FD5E4815F067
:1013100014FD0E615E49B0680968C90540F0A880F7
:101320005D490DF0C9F90546D0E90032007C8A46D6
:10133000D6E9009B022130B9D5E90241A142A1EBD7
:10134000040138BF02315B1A62F10002B9EB0304F9
:101350007BEB020409D2DAF8000002990130C6E9F9
:101360000032CAF80000CE68D3E7A9EB0304A1421B
:1013700011D9D5E9022105F11403914208BF0028D3
:101380001AD003EBC200914291BFC2F102028A1A45
:101390000021042314E0D8F80000D0E9001205F180
:1013A000240009F0EFFEDAF8000001991CF052FC6D
:1013B00003200870012049E00022042004230021BA
:1013C00003EBC101039000EBC2000593069104906A
:1013D00000944CB103ACDDF800801CF047FE0028FF
:1013E0004BD0B8F10108F8D103A80EF09FFF0028F8
:1013F00043D04168009A01394160114302D0B0F8EE
:10140000008015E0D5E90201884202D1297CC90794
:1014100036D000212974411C8A1E18BF0A4605F1E6
:101420001401AA6031F8308005F1300017F0DEFDBC
:1014300019F101004BF10001C6E90001DAF80000E2
:1014400001991CF007FC012008700020C1074FF033
:10145000010118BF0321029A117618BF0120C007AD
:1014600011BF0220002010604FEA08401CF069B94B
:10147000084815F05BFD15F003FE094815F098FBD0
:10148000064815F095FB00BFF4920400989A0400FA
:1014900004ED00E0B1000000D8990400C09F0400F2
:1014A000B09F0400D0B502AF0468206830B1207E40
:1014B00030B1032808D00F4815F03FFCFF20D0BD05
:1014C000002020756068A060096804F1080000F041
:1014D0001BFBC1B201200122022908BF0322227690
:1014E00001D10220D0BD00222260C90718BF40F2FE
:1014F0000110D0BD989A0400F0B503AF2DE90007A4
:10150000804691F830000D46DFE800F00383861C2A
:101510004B00D5E9004005F11009AC60616801EBB2
:10152000003648462021EE6031F091FC3C4A4846A6
:10153000012112F07AFA0022C5E90D4085F8442015
:10154000C5E90F1605F1340009F05CF9411C2ED1F4
:101550002E46552116F8100F4FF00009314A01EAC6
:101560005001401A332101EA900100F03300084491
:1015700000EB101000F00F0005284FF0000038BFFE
:10158000012086F824003046012156E902A412F019
:101590004CFA04F6FF7286F83890C6E90AA0C6E94C
:1015A0000C1205F1380009F02DF9411C0BD020F088
:1015B000FF010022C0B20123084385F83030C8E99A
:1015C00000201CF027BA287C552295F8341002EA36
:1015D0005002801A332202EA900200F033001044D5
:1015E00000EB101000F00F0041B100214FF0FF326E
:1015F00004284FF0000088BF0120DBE7042883BFE8
:10160000002102204FF0FF3200209CBF0222002167
:10161000D0E7024815F091FBFEDE00BFA491040064
:1016200094910400B4910400F0B503AF4DF804BDEB
:1016300084B0054691F889000C4620B1032829D0D2
:10164000274815F07AFBD4F88410002394F88A20F8
:10165000616184F88820D1E901122069511A38BFEC
:1016600019460A0B0126012A88BF0E0BC4E9006047
:10167000C4E9023620460EF09BF9C0074FF0000087
:1016800021D084F8300004F188006269C4E90610B2
:10169000C4E9082104F1200101A800F093F80199A0
:1016A000881C0CD002984A1C10D1E169C0B209789C
:1016B0008142DFD1A26901204FF0FF3107E01CF029
:1016C000B5F9032007E04FF0FF3100E0039AC5E9C8
:1016D00000100120AA6084F8890004B01CF067B8EB
:1016E000C4910400F0B503AF2DE9F00B0546087C6A
:1016F0000C469046DFE800F0036063083D000020E0
:1017000084F824001CF0BFFD04F1140901A8494627
:1017100000F058F80198811C03D11CF087F90320D0
:1017200046E09DF80860411C08D09DF80B10BDF8FC
:101730000920DDF80C8042EA014133E0022E89F8ED
:1017400000602DD1A16804F1740601206075087352
:101750003046202131F07BFBD4E9020100234268AE
:1017600084F87030042302EB0131C4E90606C4E9B1
:10177000083104F118094146484609F0D1F80646F7
:10178000023003D11CF052F9042011E0484688468B
:10179000F4F78DFE701C02D0310A002002E0667D55
:1017A0004FF0FF30F2B242EA012185E80301012047
:1017B0002074BDE80F0BF0BD014815F0BEFAFEDE47
:1017C000D4910400B0B502AF8AB00546087C0C463F
:1017D000DFE800F0035E61140800002084F8440094
:1017E0001CF051FD04F1140103A8FFF785FE0398D6
:1017F000811C0FD11CF01AF904203CE004F11801FF
:1018000003A8FFF779FE0398811C11D11CF00EF993
:10181000032030E0DDF81110421C06910599CDF847
:101820001B109DF810101BD0069ADDF81B300CE041
:10183000DDF81110421C01910599CDF807109DF8B3
:10184000101006D0019ADDF80730CDF82330089249
:1018500008E0204607F82D1C10F8142F8A420DD1FD
:101860004FF0FF30297128600898DDF82310C5F883
:1018700005000120A96020740AB0B0BD064904919A
:1018800004F10C010391A7F12D0103AAF4F75DFE09
:10189000024815F052FAFEDE83660200F49104005D
:1018A000F0B503AF2DE9000B804691F858000D46C6
:1018B00020B103280AD0144815F03FFA2868002404
:1018C000D0E9011385F854402C1D0BC405F104091F
:1018D0001146484608F0BCFF0646023003D10320FB
:1018E0006FF0010609E048460C46F4F7D4FD701C81
:1018F000C8E9016418BF0026012085F85800C8F81F
:1019000000601BF0C5BF00BF14920400F0B503AF28
:101910002DE9000B804691F85C000D4620B10328AC
:1019200011D0174815F009FAD5E900010123002468
:101930000373436885F8584005F1080403EB01314F
:1019400001F580530BC405F108091146484608F01B
:101950007FFF0646023003D103206FF0010609E045
:1019600048460C46F4F797FD701CC8E9016418BF9F
:101970000026012085F85C00C8F800601BF088BFD5
:1019800024920400F0B503AF2DE9000F89B0009157
:10199000017B029019B1032904D1846806E0046830
:1019A000446002E0514815F0C8F984605049A068CD
:1019B0000968C90540F090804F490CF07DFE8046D3
:1019C000F0E802950E46D4E900BA039009F0FAF95E
:1019D000B9EB000165F10002BBEB01037AEB0203F6
:1019E00006D2C4E900121CF08CFD02984468DCE7C2
:1019F000D146DDF80CA0ABEB01010196884213D96A
:101A000004AE0D46514630460CF018FA30462946D1
:101A100012F008F9002859D01CF05BFD294331D0A1
:101A20005D46D0F800B03CE04546009855F854AF0C
:101A3000D0E900B405F104084FEACA00424648B1B3
:101A4000114608384B6808329C4204BF09688B4530
:101A5000F5D12EE0BAF10C0F04D1284609F09CFC18
:101A6000D5F800A0DBF8001020468847BAF10B0F2C
:101A70001ED848F83A0008EBCA0041600AF101009C
:101A8000286016E004A851465D460CF0E5F99DF883
:101A9000100002281DD008F1B800DDF810B017F0D2
:101AA000D2FA681C49F10001C4E90001012003E0F9
:101AB000B8B94FF0020B0320019E3168013131604B
:101AC00002990873584609B01BF0C0BE0D4815F0C6
:101AD0006FF80B4815F06CF8064815F027FA15F06A
:101AE000CFFA1CF069F80548F7E700BFF49204004C
:101AF00004ED00E0B1000000D8990400A10000004E
:101B0000C09F0400B09F0400F0B503AF2DE9FE0FA5
:101B10000191017B029019B1032904D1846806E088
:101B20000468446002E0394815F007F984603849D8
:101B3000A0680968C90564D137490CF0BDFD0646A7
:101B4000F0E8029B8846D4E9005A09F068F9B9EB3D
:101B500000016BF100026B1A7AEB020309D2D8F88C
:101B60000000C4E900120130C8F80000029844687F
:101B7000DCE7D146A5EB010A06F1080B504512D966
:101B800003A859460CF0FBF903A8514612F04AF895
:101B900088B341685246AA460139416011430CD0CE
:101BA00090F800B015E00198D0E9001206F1240089
:101BB00009F016FB0220032114E058460CF0F7F957
:101BC0005FFA80FBBBF1020F18D006F1380017F066
:101BD0000DFA1AF1010049F10001C4E900010BF00E
:101BE00001000121D8F800200132C8F80020029A33
:101BF00011731BF0A6BD0A4814F0DAFF074814F071
:101C0000D7FF044815F092F915F03AFAF49204005F
:101C100004ED00E0B1000000D8990400C09F04006A
:101C2000B09F0400D0B502AF044690F82C0320B159
:101C300003280AD00A4815F080F8D4F828030122B6
:101C400080F8612000222274A060204600F00AF88B
:101C50000121002818BF032184F82C13D0BD00BF38
:101C6000D8930400F0B503AF2DE9000F99B00446F6
:101C7000007C8B46DFE810F0050024032D032800CC
:101C80001D00A068E06015F08BFCE268C4E900016B
:101C9000D2E90A2315F002FFD4F80CA0DAE90C23EC
:101CA000801A71EB03001BD2012000258AF8610025
:101CB000D9E294F81403002860D0032800F0B88219
:101CC000DFF8100615F039F8A04618F8200FDFE805
:101CD00010F00500FA02000381007400A0690CE016
:101CE0009AF86000002840F0CE800020A04608F856
:101CF000200F0AF1380048F8080C0021264606F8A3
:101D00002C1F46F8040C46F8100C002120234FF03D
:101D1000010E84F81613A4F8143304F21639C4F82B
:101D200010034FF0000CC4E90CE1A0630122407ED7
:101D3000DE4D202800F01F0005F5407502FA00F086
:101D40003CBF40F20855C5F200052860002084F829
:101D50005800A06B84F857C084F85630C4E911E1EC
:101D60002065DBF8005004F13C00294603F046FFF3
:101D700030B10320307089F800004CE0A06953E2D4
:101D8000A06B4FF44171C94B407E1CF075F938BF10
:101D90000421012202FA00F0C850002384F816231F
:101DA00012A8212215F09AFEDDE912129DF85000CA
:101DB000C4E90C1284F8380021E094F8201304F1EF
:101DC000240004F5487689B1032943D0DFF80805DB
:101DD00014F0B3FF264616F82C0FDFE810F00500CC
:101DE00077027A0249020E00A06A8EE794F8212356
:101DF000D4F81C1382F001021DE0DBF8005004F15E
:101E00003000294615F004FF0121002818BF0421E5
:101E100084F82C1004D00320012588F8000022E269
:101E20000020E169A4F8200304F12400C4F81C1385
:101E300004F54876012202F001024B695242002566
:101E4000B5F5A26F02D05A550135F9E7002261625B
:101E500084F83020DBF8001003F006FE012500288E
:101E60004FF0010018BF032030704FF0010018BF81
:101E7000042088F8000001D00320F4E1E06880F835
:101E80006050D4F80CA015F08BFB7D22DFF85CC409
:101E9000A0FB02039CF8009001FB0231000BB9F19A
:101EA000FF0FCDF82CB040EA015E17D1804E002321
:101EB000804A814D082B27D059590433C8B270404D
:101EC000C1F3072650437040C1F3074650437040AA
:101ED000504380EA116000FB02F6EBE7DFF81024C4
:101EE000764D1368AEEB0303AB421DD309F101003D
:101EF0000921B0FBF1F101EBC101A0EB01098CF864
:101F00000090C2F800E00FE06D4809217040504396
:101F1000B0FBF1F101EBC101A0EB0109DFF8D00347
:101F20008CF80090C0F800E0554615F8136FE87B78
:101F300015F8012C297C00F001000792D30040F233
:101F4000012295F80C8022FA03FBCDE909010CF07F
:101F500051FCB44695F84A20AE7C022A14D0424582
:101F600012D19AF858205FFA8BF39A4204BF9AF87C
:101F70005920624508D19AF85A20B24204BFDAF8D3
:101F800054204A4500F0888100F001008AF85B0087
:101F900000208AF85C10CDE912009AF850108AF8F7
:101FA0005D80C80708964FF090008AF85A608AF85A
:101FB00059C08AF858B0CAF8549008BF4820159004
:101FC0004FF0480008BF90201490DAF84C0012AA95
:101FD000002311F081FF782346229AF850104FF029
:101FE000090BDAF84C004FF00B0C8DE80C084FF49D
:101FF00087630126BF4A09FB0322CDE9036CF4F78E
:1020000057FD02229AF85010DAF84C000E23CDE961
:1020100002220492B84ACDE900B31C23F4F748FD2C
:102020000020B8F1000FCDE90C000CD00798012872
:102030000ED1B248B249CDE912500CA812AA11F043
:1020400015FE0C9E05E02D200C968DF8340000E066
:102050000026AC4A4FF00C0C0D239AF85010D2E930
:102060000025DAF84C00CDE9003C3346CDE90625E1
:10207000CDE902250CAA0432F4F770FADDE9090172
:102080000CF0B8FB8B460021C007CDE90E110A9079
:1020900018D09A481390A7F13900994907F839BC2C
:1020A00012900EA812AA11F0E1FD10E008050050F0
:1020B000C59D1C819301000160000010C02709002C
:1020C000B979379E90490EA8022217F0F9F90EA8A7
:1020D000051D0E98291828460CF039FC8B49A0EBF9
:1020E000800617910B21159116212D204FF0000924
:1020F0001491032100EB4600CDF8589013911BF08A
:102100006DFD12A8F5F7A3F84FF48130CDE91690D4
:102110000920159014201490042013902E2000EB19
:1021200046001BF05BFD12A8F5F791F84FEA460850
:10213000764E0A98F8B10720642215900520139076
:1021400008F12F0012905FFA8BF0C100CDE91696CE
:1021500051FA8BF14900B1FBF2F1122928BF12218B
:10216000062838BF01211491DAF84C109AF8502053
:1021700012A8F5F76CF805204FF0020B1590062019
:10218000139008F14300CDE91696CDF850B01BF03E
:1021900025FD12A8F5F75BF80C229AF85010DAF832
:1021A0004C0008F14606CDE90062069A0E9B0292A9
:1021B000079A03922A46F4F7D1F90899042900D91D
:1021C00005E0534850F8319000EBC1004568514E8E
:1021D000B9F1000F14BF4E460125711930460CF0BD
:1021E000B6FB4D4B00EBC000DAF84CC0C0F1480024
:1021F0009AF850104FF0860ED3E9003290FBFBF0B6
:10220000CDE902323246CDE9000E60462B46F4F7A6
:10221000A5F9E0680021DDF82CB080F82110E06815
:1022200084F814133830A0610021E06184F828108C
:10223000DBF8001004F11C0003F016FC0125002857
:102240004FF0010018BF032084F8140301D00420CC
:1022500009E0E068002580F8615015F0A1F9E26816
:10226000C2E90A0101202074284619B01BF0EEBA19
:1022700094F8160304F2163928B103283FF471AD1F
:10228000164814F05AFDD4E90CE194F815C394F8FB
:102290001433D4F8100348E59AF85B20012A0BD1D7
:1022A0009AF85C30CAB2DBB29A1AB2FA82F25209D8
:1022B00010423FF469AEACE7C2077FF465AEA8E711
:1022C000094814F03AFD074814F037FD044814F0AB
:1022D00034FDFEDEB89A0400E8970400D8970400A5
:1022E000F8970400A89A0400E8930400E169032029
:1022F0009C9003207C580400747E04007B6D0200D7
:10230000C041040090820400988204000102010090
:10231000DC82040024D10400D88A0400F0B503AFA5
:102320004DF804BD0446007A154D20B103280FD0A6
:10233000144814F002FD144A6068106001205060D7
:102340000022C5F804210222C5F804232860686031
:102350000E48D1E90012283015F054FBD5F804617D
:1023600036B10020C5F80401F3F7ECFC012000E0D1
:1023700003202072B6FA86F040091BF01BBA00BF9A
:1023800000700040489404002C76004098E603203A
:10239000F0B503AF2DE9F80F044690F82000009146
:1023A000634A04F1240BDFE800F003BEC10F7000A4
:1023B0000020944684F8220059466069A0612046B6
:1023C00090E86C006CC162464FF480769046C2F88B
:1023D0008060BFF34F8FBFF36F8F15F0C3FE00987F
:1023E000554DD0E9001205F1300015F0CEFAD5E9CF
:1023F000040101302861C8F8006009B1032077E0CA
:102400004FF00009264606F8219F4C4831462DF032
:10241000C3FC002800F17D800120E66184F82200E1
:102420000DF1040A9BE84E004FF4807B50464EC0ED
:10243000C8F880B0BFF34F8FBFF36F8F15F092FED7
:102440006FF00100686205F114009AE84E004EC07A
:1024500047F2305005F8389FE86040F20110A8803C
:102460002946A06945F80C0C00F57A70A86055F86B
:10247000280C013045F8280CC8F800B094F8210069
:102480002DF0DEFC4246002837D44FF48078154604
:10249000C2F88080BFF34F8FBFF36F8F15F062FEDD
:1024A0000098254ED0E9001206F1300015F06DFAC3
:1024B00030696FF00101D6E9099A0130306171622B
:1024C00019F10200C5F8008011D019F1010015D1F1
:1024D00094F821004FF0000984F822902DF092FC2E
:1024E00000280AD484F822904FF0FF3912E004202B
:1024F00084F820006FF001090FE0824694F8220072
:1025000018B1E0690078F3F72FFC002084F822006E
:1025100000E08246012084F820004846514605B07C
:10252000BDE8000FF0BD034814F007FCFEDE00BF5D
:1025300000E100E0689404002C8A03205983020023
:10254000F0B503AF2DE9F00B0546087B0C46DFE83C
:1025500000F003696C0A320020686060406800F592
:10256000C060206100E0206911460DF0E1F9E0B3A0
:10257000A060606840680AF0C5FDA0B3606840686C
:1025800000F1100102A819F0D9FE9DF808000128F9
:1025900029D104F11000BDF80D10ADF804108180B0
:1025A0006168DDF80920026009680092002284F861
:1025B0002020C4E9061004F1180102A808F01EFA50
:1025C0009DF80800FF2814D00298C1B2022914D146
:1025D0006068466814F0E4FF62681BF0AAFAC6F867
:1025E0001806C6F81C16FE260FE0FD2028700320F2
:1025F00014E0FD202870042010E0DDF80C90010AA2
:1026000000F00100464241EA0968A068F3F7B4FB14
:102610000120C5F8049085F801802E702073BDE874
:102620000F0BF0BD014814F088FBFEDE4895040056
:10263000F0B503AF2DE9000FA3B0814691F8A800D3
:1026400001F1400A88461546DFE810F00B0026022B
:102650002C022F007D001B00C000EA00270187012B
:10266000290308F12000D8F8886041462022C8F8E4
:102670008C6030F0BDFD706800F5C060C8F8B00037
:1026800015E098F81D0108F21D110191DFE810F026
:10269000070007020A023D01D7013A0145010AF18C
:1026A0007003D8F818510FCB8EE1D8F8B000294646
:1026B0000DF03EF9002800F01081C8F89000D8F81D
:1026C0008C00406800F5BA6008F0F6FB002800F0C6
:1026D000B380D8F88C00406800F5B76008F0ECFBD8
:1026E000002800F0A980D8F88C00CB46406800F59F
:1026F000BD6008F0E1FB002800F09F80D8F88C0056
:1027000008F1B009406800F11001504619F0EEFDE3
:102710009AE82E0042EA050041EA030630430AF136
:10272000100011BF2EC00021C0E90011C0E9021144
:10273000D8F88C10002088F8B0000968C8E92D1975
:10274000D94688F8BC001AAD08F1B401284607F054
:102750002BFA1BF0B2FB00F0C4801A98C1B2022918
:1027600040F0C780D8F82000022800F0D980012866
:1027700040F01B8108F1280C0AF120019CE87D0043
:102780007DC10AF120031BF041F800F00A8198F89E
:10279000764088F8A9400AF138040FC4DFF8F40540
:1027A00014F0C4FB98F8A900414601F8B00F31F8C5
:1027B0003C0C51F8242CA1F8050051F8400CC1F84C
:1027C0000100106800220A74C1E9020108F1B80191
:1027D0001AA808F03BF91BF070FB00F0868098F80F
:1027E000A900454605F8B00F1022A5F1380155F8AB
:1027F000400CC5F8010035F83C0CA5F80500E81DB3
:1028000030F0F6FC05F11700A5F160011AF0CCFFDD
:1028100055F8240C0021006885F83010C5E90A0538
:1028200008F1D8011AA808F0FDF81BF046FB06D104
:102830001BF0DCFA07209DE2CB46FE2589E21BF067
:10284000C5FCCDF81B20069110D08DF868000698C5
:10285000CDF86900DFF84005DDF81B101B9114F07E
:1028600059FB1AA8F2F7B2FB14F0BCFC98F8A900C7
:10287000414601F8BC0F0120C87151F84C0C51F8C9
:10288000302CC1F8010031F8480CA1F8050010689F
:10289000002201F8042C41E9030108F1B0011AA853
:1028A00007F096F91BF009FB03D11BF09FFA0820F3
:1028B00060E21BF08BFCCDF82320089171D08DF8DD
:1028C00068000898CDF86900DFF8D004DDF823101F
:1028D0001B9114F01FFB1AA85FE01BF087FA03207E
:1028E00048E21BF083FA042044E21BF07FFA062042
:1028F00040E21B9E010A00F00100CB46454241EA3E
:10290000066926E2CDF80090CDE098F82801C007CE
:102910006DD0DFF86C0414F010FACDF80090EAE006
:1029200008F128005EC85EC500882880DFF85C04D6
:1029300098F83E4014F0FAFA4046BDF87C1000F8D2
:10294000B04F0022A0F805101E99C0F8011050F8F1
:10295000241C09680274C0E9021008F1B80110A82B
:1029600008F074F89DF84000FF2803D11BF03EFAF0
:102970000920FFE11BF028FDCDF82B200A9110D093
:102980008DF840000A98CDF84100DFF80404DDF826
:102990002B10119114F0BEFA10A8F2F717FB14F0E7
:1029A00021FCFE2088F894006EE100200AF17004FA
:1029B00088F81D019AE80F00D8F88C500FC408F26F
:1029C0001D14C8F8185101940AF18004C8F8105178
:1029D0000FC4DFF8CC0314F0A9FAD8F810010021D5
:1029E000006888F8281108F59071C8E9480120F0BE
:1029F00014FC012188F8281108B100213AE10AF1FC
:102A00008003CDF800901AF001FF0AF1900539D04B
:102A100008F5907985E80F001721484630F05CFBF7
:102A200008F2371029461AF0BFFED8F810010068E6
:102A3000C8E952090020DDF8009088F8500108F537
:102A4000A4711AA807F0EEFF1BF037FA01D1042099
:102A500076E01BF0BBFBCDF86320CDF80090189119
:102A600015D08DF868001898CDF86900CD48DDF8CC
:102A700063101B9114F04EFA1AA8F2F7A7FA14F09B
:102A8000B1FB04E00020C5E90000C5E902004FF0F9
:102A9000000BC8F814B16CE0BB4814F04EF9B9480B
:102AA00014F04BF9FEDE08F5A47110A807F0BAFF88
:102AB0009DF84000FF283ED01BF086FCCDF8872013
:102AC000219143D10120D8F8101188F8330198F8EA
:102AD0001C0188F82C01D8F80001C8F82D01B8F8BD
:102AE0000401A8F831010868002188F8281108F5C8
:102AF0009671C8E9480108F5907110A807F068F8C8
:102B00009DF84000FF2818D01BF05EFCCDF83B205C
:102B10000E912CD08DF840000E98CDF84100A448BD
:102B2000DDF83B10119114F0F5F910A8F2F74EFA08
:102B300014F058FB1BE0052000E00620DDF80090B3
:102B4000019908701BF052F9052013E18DF840003F
:102B50002198CDF841009548DDF88710119114F0C7
:102B6000D9F910A8F2F732FA14F03CFB7CE0D8F85F
:102B700014B1D8F810018C4B4068D0E9041210A8A9
:102B800019F04EFC10994FF0020C0A68934519D2C7
:102B90000BEB4B0001EB001E0EF1180CDEF80800E9
:102BA0000590DEF80C000490DEF810000290DEF8CC
:102BB00014901AAA9CE87B007BC29EF831C09EF854
:102BC0003000039012990A68013A0A60BCF1020FC2
:102BD0004AD0059808F1F00ECAF8A0000498CAF887
:102BE000A4000298CAE92A091AAA92E87B008EE892
:102BF0007B00039888F80801D8F81401DAE92C3230
:102C00000130C8F81401DAE92E0142EA010488F81B
:102C100009C143EA00052C43A9D0CAF8E7301E9B3E
:102C2000CAF8EB2098F80621CAF8EF0008F237102E
:102C3000CAF8F31008F1D001C8F82131BDF87C3092
:102C400088F8202188F81C211022A8F8253130F0BE
:102C5000CFFAD8F8100108F590710068C8E9520160
:102C6000002088F850011EE7524814F05FF9DDF8A3
:102C70000090FE21012288F8950088F81D2100228D
:102C8000C8F8982088F894100120414601F8B00F48
:102C9000002251F8240C00680A73C1E901011AAE40
:102CA00008F1B401304606F07FFF1BF006F903D1AE
:102CB0001BF09CF80A205DE01B9ACB46DDF86910FA
:102CC0000228CDF833200C910ED108F19C00D8F8E1
:102CD0009860B8F896A098F8945098F8959015A92F
:102CE00090E81C001CC134E08DF838000C98CDF839
:102CF00039003148DDF833100F9114F00BF90EA8AC
:102D0000F2F764F914F06EFA08F1940E0DF1400C2C
:102D10009EE83B0062463BC29DF840509DF84190C2
:102D2000FE2D18BF664606F10800B6F802A0DDE9E0
:102D30000EEC119E15AB90E816000EF0010016C3C4
:102D400008BF664608BF45424FEA1E2008BF40EA5A
:102D50000C69D8F89000F3F70FF8CBF804600BF18A
:102D60000800ABF802A08BF801908BF8005015A971
:102D70001BF03EFB88F8A80023B01AF09BBC00BFF4
:102D8000389A040078950400589504002600000045
:102D90007C00000025000000790000007D0000009C
:102DA00024000000780000005CD604007A000000D7
:102DB0007E000000280000007B000000F0B503AF9B
:102DC0002DE900070546087C0C469146DFE800F037
:102DD0000364670A1C002068A1896060E1811BF020
:102DE0006BF9606104F1140049460CF091FD38B3B1
:102DF000A0600088A08200283FD06068466804F187
:102E00000E00C4E9066001E0D4E90660B0F8008075
:102E100056F8080F716842460BF018FAA0B18A46BE
:102E200090F86F1301291AD1D9F8001000F51E701F
:102E30001AF08BFC022028601AF077FC042028E0AE
:102E400002202860032024E0164814F063F840466E
:102E500011F0EAFF14F0C6F9142001210FE001215E
:102E600080F86F131AF061FCD4E90101D1F804C0B5
:102E70000021A28AE389006801E01B200121C5E945
:102E800000100120EA82AB82C5F810C0A5F80C80C2
:102E9000AE6020741AF0BEBD014813F04EFFFEDE96
:102EA0008895040091000000F0B503AF2DE90007FC
:102EB000ADF5467D804691F8D8018A4620B10328B9
:102EC0000ED02C4813F039FFDAF80000514641F8D3
:102ED000080F002051F8043C1AF048FFC1E90C012A
:102EE0000AF10C096D4628464946F8F747FB9DF85C
:102EF0000040FD2C04D1FE2088F80000032033E0C0
:102F000080AE691C0F221AF0F7FB05F1100142A8F0
:102F1000F8222FF0E3FA4846F3F770F8FE2C0AD1B6
:102F20006D46F11C28460C2230F062F92846F2F773
:102F300021FDFF2409E0C2A80ECE0EC0F8221BF02E
:102F400051F984A842A92FF0C9FA454608F10100B9
:102F500005F8104BC2A90F2230F04AF984A928467F
:102F6000F8222FF0BBFA01208AF8D8010DF5467D32
:102F70001AF050BD98950400F0B503AF4DF804BDAC
:102F8000054691F800020C4620B103280ED01148E6
:102F900013F0D3FE2068214641F80C0F002051E9C0
:102FA00002361AF0E3FE01F12C0343C304F11006CC
:102FB00028463146F9F71CFB2868023001D103206E
:102FC00003E03046F3F72FF8012084F800021AF0EE
:102FD000EEBB00BFA8950400F0B503AF2DE9800F4C
:102FE000814690F86400884650B103283FD14E4690
:102FF00016F8600F90B303283CD1D9F85C0090E03C
:10300000D9E90213D9F81020D9E90004C9E9050467
:10301000C9E90713C9F824204AB10120B3F1005FC0
:10302000C0F08F8013441B0F022B00F28A80012016
:103030004FF6FE7489F8380000208A4288BF114696
:103040004FF6FF72B1FBF2F2A2EB02435B1818BF1E
:103050000132C9E90A10C9E90C240EE009F1440E55
:10306000D9E90FC5D9E914149EE808442AE03A4882
:1030700013F063FE374813F060FE0020002A60D092
:103080004E4606F8600F501EA6F1440E56E913C5D1
:1030900056F8341C46F8300C60189EE8084401309D
:1030A00046F8340C4FF6FF7456F8380C401AA0421C
:1030B00038BF0446A6F11C0046E909C580E808446B
:1030C00046E904145A1A4FF0000B944238BF2246C6
:1030D0008B42634688BF0D4453F8040FC0F8345543
:1030E0004FF0000588BF95B2AEEB01029442C0F8E4
:1030F000385538BF22468E4588BF8A444FF00001BC
:10310000C0F844A588BF91B2C0F848154021C0F866
:1031100018B1C0F8041301210161DCF80000C9E90D
:103120001630D8E9001214F06DFCD9F85800006888
:10313000D0F8180138B1012089F86000D9E90C24D1
:103140009BE7012102E003210220317089F864101D
:103150001BF087B94896040038960400F0B503AF19
:103160002DE9000FADF5517D13461F9001F10800C8
:103170001E90887C8A46002100251C91CDF8ACA0C9
:103180002793DFE810F01A00DB01260F7A007100A8
:10319000D202A20064005D00A9009A00B1003600CE
:1031A0002600FA04B9006B00DA004500020EEF00B9
:1031B000C1001601590003012F00DAF8040051463E
:1031C000CAF800000022006841F8140F0A72496032
:1031D00059E09AF82000C00700F09D84DFF8480EFF
:1031E00013F0ABFD00201A681C904FF0000801F0AE
:1031F0003DBA554615F81C0FA5F10804DFE810F09C
:1032000005008601E90EF703E000206800F0E9BB45
:103210005446002114F81C0F1B911AF018FADFE82D
:1032200010F005007501D80EF809D800DAF814007E
:1032300000211C9101F0E5B91A68002001F0FCBCE6
:103240001AF03EFF40F06681DAF81800DCE21AF06E
:1032500037FF40F06381DAF81800AFE200204FF04A
:1032600000081C9001F000B89AF82800C00700F090
:10327000A781DFF8B80D13F060FD1AF021FF40F0D0
:103280005181DAF814000168002940F03B810221E5
:1032900001711BF045FB1AF049FD8AF81C0040F053
:1032A000AC860AF13404202120251BF0E8F8082020
:1032B000CAE90545CAF81C0068E11AF001FF00F0F0
:1032C000ED82DFF86C0D13F038FD1AF0F9FE40F0D6
:1032D0002D81DAF8180058E21AF0F2FE00F0B08200
:1032E000DFF8500D13F029FD9AF82400C00740F0D4
:1032F0002181DAF8205046E30020DAF850901C9043
:1033000000201B9000F085BC5446002114F81E0FCD
:103310001B911AF09CF9DFE810F00500F9005C0E33
:10332000CF0D67001B959AF820109AF81F20DAF845
:10333000180000251C9501F0B5BD544614F8320F55
:10334000A4F11E05DFE810F00500FE00450E750033
:103350005D00DAE905604FF00008169000201C902F
:1033600001F0B8B95446002114F8280F1B911AF047
:103370006EF9DFE810F00500CB002E0E9D0C7600F4
:10338000DAF8140000211C9101F082BC544614F8B4
:10339000580FDFE810F00500DB001E0E89007300F7
:1033A000DAE914801D9000201B9000201C9000F092
:1033B000C4BF00201A681C9000201B9001F0BDBC07
:1033C0009AF82800C00700F01C83DFF86C0C13F09B
:1033D000B4FC9AF82800C00740F0BC8000201B9085
:1033E00000201C9001F023B99AF82C00C00740F08F
:1033F000B5800021DAE909051B9100211C9101F03B
:103400006ABD1AF0B9FA1AF022F9DFE810F00500E7
:10341000AF00E20D0F0A4F0A1AF09FFCDAE90E50D6
:103420009AF85E2000211C911D99A1F1270801F056
:10343000C6B91AF0A1FA1AF00AF9DFE810F005008F
:103440009700CA0DE00A1A0B1AF087FCDAE90E3071
:103450009AF85E5000211C911D99A1F1270801F0F6
:1034600085BA9AF83400C00740F07C800021DAE980
:103470000B051B9100211C9101F02BBC554600212E
:1034800015F8A40F1B911AF0E2F8DFE810F0050020
:103490007300A20D390823000020DAF864801B9025
:1034A00000201C9001F01CB85546002115F88C0F27
:1034B0001B911AF0CCF8DFE810F0050029008C0D04
:1034C0008C0B19000020DAF860601B9000201C9023
:1034D00001F070BB9AF8B000C0074FD10021DAF8B4
:1034E000AC001B9100211C9101F01BB89AF89800C8
:1034F000C00747D10021DAF894001B9100211C91EC
:1035000001F078BBDFF8340B13F05CFBDFF8300B15
:1035100013F013FCDFF82C0B13F00FFCDFF8280B73
:1035200013F00BFCDFF8240B13F007FCDFF8200B83
:1035300013F003FCDFF81C0B13F0FFFBDFF8180B94
:1035400013F0FBFBDFF8140B13F0F7FBDFF8100BA5
:1035500013F0F3FBDFF80C0B13F0EFFBDFF8080BB5
:1035600013F0EBFBDFF8040B13F0E7FBDFF8000BC5
:1035700013F0E3FBDFF8FC0A13F0DFFBDFF8F80AD7
:1035800013F0DBFBDFF8F40A13F0D7FB0AF11408A1
:10359000002D49D0DAF81C10DAF81400A94228BF2F
:1035A00029466A1A4318CAE90532E8B3CAE90B0189
:1035B0000021DAF8000000688AF82810CAE9080833
:1035C0000024CDE97A447AA81FF035FE002872D194
:1035D00082A87AA9082211F005FF8498002800F03B
:1035E00002838598002840F00083DDE98201CDE95F
:1035F0005A015AA84CA91AF0D4F92CA80CC90CC02D
:1036000008230A88897802808170DDE92C01CDE9E0
:103610007201DAE90B01DFF8682A009272AA15F04C
:1036200013FADAF81850B1E7DAF800000AF13401B9
:10363000202244685AAD1AF09BF8DFF8481A04F1CA
:1036400018000BF039F882AE044689462946304608
:1036500018F038FF04F5A47B31464FF49C725846AD
:103660002EF03CFF82AE5946304617F0C9FD04F5F6
:10367000207B3146202258462FF0BAFD82AE5946B3
:10368000304618F06DFF04F52870314640222FF0C7
:10369000AFFD1AF03EF81AF003FD0168CA071FD00B
:1036A0004268090A0124130A41EA0261ADF86D314A
:1036B000CDF8691115E00002CDF86F41CDF86B012E
:1036C0005AA84CA91AF06DF92CA80CC90CC00A888C
:1036D000897802808170DDF8B300DDF8B79077E279
:1036E000002400F1100130468DF8684118F026FEE4
:1036F0009DF80802002818BF3546D5F80110204370
:103700002F91B5F80510ADF8C0102ED0BDF8C0004F
:10371000A8F804002F98C8F80000DAF80000006844
:10372000CAE9070800208AF824000AF11C0182A8CF
:1037300007F064F99DF80802FF284DD08298C1B2C5
:10374000022940F043821AF0ABFC09F0CBFC60B1D7
:10375000DAF80000446813F023FFDAF800201AF0CA
:10376000E8F9C4F81806C4F81C16B14848F29C01E0
:10377000CAF82400504640F8201F0022DAF8001052
:1037800009688AF81C20CAE905101BF0D9FB80469D
:10379000012000258AF81C00B8F1000F40F02D84AC
:1037A0004FF00071504640F8201FDAF80010CAF8B8
:1037B000245009688AF81C50CAE905101BF0D2FB96
:1037C00080460120B8F1010F8AF81C000AD0B8F138
:1037D000000F40F0128409E01F99FD2008700520B9
:1037E00000F01CBCDFF8A00813F0A0FB914A504683
:1037F00040F8202F0021DAF80020CAF824101268BF
:103800008AF81C10CAE905201BF0B6FB1AF08EFAE4
:103810008AF81C0040F0F183DFF8700813F07AFB9F
:10382000FB2013F069FB202013F066FB13F0DAFC99
:10383000DAF800005146006841F8140F0D72496033
:1038400000208DF868015AA81FF08AFC78BB82A876
:103850005AA9012211F02CFD9DF808028399002934
:1038600000F0C6818499002940F0C6818AF80E00D4
:1038700001208AF81C000AF11404DFF8140813F080
:1038800049FB9AF80E0011F05DFC13F0ABFCDAF87E
:10389000000000688AF81C50CAE9050400208DF871
:1038A0000A02ADF8080282A81FF0CCFC20B18046C5
:1038B00001208AF81C00A0E39DF80A420121BDF80E
:1038C00008024FF6FF728AF81C100AF1080340EA5A
:1038D00004400AF114050102C0B291435C7241EA4E
:1038E0000026300AA3F80700DFF8A80713F012FB40
:1038F000204613F001FBC6F30F2013F0FDFA13F07E
:1039000071FCDAF80000DFF890179AF81140466869
:1039100006F5787016F0A2FE84610868DFF87C373F
:1039200001300860D6E9021282A80AF0E6FE4FF4E0
:103930005E71DDE98202514331B1C0F84043A1F527
:103940005E7100F55E70F7E7849819F0BBFFDFF851
:10395000500713F0DFFA0120012411F02DFAFF20A7
:10396000FF2611F029FA13F03DFCDAF800100020D0
:10397000CAF817408AF81600AAF8146009688AF88D
:103980002400CAE9071528461FF0D0FB01218AF858
:10399000241018B1DFF80C0713F0C8FADAF80000A9
:1039A0009AF81140BAF80F60456814F02BFF95F8AB
:1039B0006C1631B90121C5F86466C5F8684685F80A
:1039C0006C1614F055FFDFF8E00613F0AFFADAF8E2
:1039D0000000544644F8140F0021279B254605F8A3
:1039E000081FCAF818001AF067FBCAF820000AF18D
:1039F00020001AF011FAA0B1DAF8180000211AF02C
:103A0000C9FA0020ADF834014C904CA81FF024FCFA
:103A100090B1804601208AF81C008AF8280001F045
:103A2000F5B91F9903202870FD2008700C20F5E2DD
:103A300000800020571A030082A84CA9062211F02A
:103A40001BFC9DF808528498002800F0D5808598CA
:103A5000002840F0D0809DF80D020122DDF8091207
:103A600000028AF828208AF81C2045EA01225A928E
:103A700040EA1160ADF86C01DDF86B010AF1080253
:103A8000AAF80910010C8AF808505171A2F8030035
:103A90009088116808431BD00AF1080100208DF8B6
:103AA000CA008888ADF8C80008683190DFF8FC05C6
:103AB00013F030FA31A817F055FC13F093FB1AF00D
:103AC000EFFA0178012903D0103031A918F022FC57
:103AD0001AF0E6FAD0F81016D0F81406CB0B01F065
:103AE0000041C20B43EA40456FF3DF304018CAE99A
:103AF0000A5240F2012008BF1804010640F08280FB
:103B0000000C0021AAF81400DAF8000000688AF816
:103B10002010CAE90604DAF81C001FF065FB1AF051
:103B200005F98AF8200041F07181DFF8840513F06F
:103B3000F1F9DAE90A01F1F7A5FB13F053FB1AF0EA
:103B4000AFFA09F0CFFA0024D8B3DAF80000DFF8B2
:103B50006415406800F5C4600AF0AEFD4FF0FF3216
:103B6000279BC0E9002219F028FEDAF80000CAE914
:103B700006448AF8C040CAF8A0001A680AF118047E
:103B800082AD21462846FEF753FD1AF091FA04D182
:103B90001F99FD2008700E2040E208350DF1CC0B76
:103BA000204619F0F4FE59469DF8098295E81C005C
:103BB0001CC1F2F758FBFE2E11D1DFF8FC0413F004
:103BC000B5F900201C9000201B908BE2DDF80C92D0
:103BD000010A00F0010041EA096845420FE26BA8C2
:103BE0009BE80E00C9E29DF80842DFF8D004C7E266
:103BF00000F0010500E00025DFF8C00413F08AF9A9
:103C00002846C0E2DFF8B80413F084F916F0ECFBA4
:103C1000BBE2DFF8B01409F5787016F01FFD0E4610
:103C2000279910300D68D5E9001213F0AEFE306808
:103C3000DFF8943401303060D9E9021282A818F01C
:103C4000EFFBDDE982124FF45E7050434FF0FF3B13
:103C5000A1F55E710AF158030AF118041D95289325
:103C60001794E8B101F55E7291F8D4160BF1010BCF
:103C7000A0F55E7001291146F3D192F85D034FF073
:103C8000050818908498B2F85823D9E902E9016828
:103C9000269201390160100ADDF8ACA01990A2E269
:103CA000849819F0CFFE2B98DFF82014446D04F5AA
:103CB000AD66304616F0D2FC8846D5E900123030A9
:103CC00013F063FE0DF5027AD4F86015D4F864257C
:103CD000DFF8FC3350460AF03CFDDDE982214FF469
:103CE000B07041430C324FF0FF30B1B1134602F5D2
:103CF000B07513F80C290130A1F5B071042A2A46D9
:103D0000F3D91988002900F06C815988D4F860959E
:103D1000D4F864B50A0A849B02E00026849B002242
:103D20001C68013C1C60D8F800300133C8F8003032
:103D30004FF0060836B1B6462691CDE91802DDF8F7
:103D4000ACA050E22898DDF874800668414674689B
:103D500004F5BA69484607F087F8C0B20321022883
:103D60001FD104F5B760414607F07EF8DDE9115B2D
:103D7000C0B20421022817D104F5BD60414607F006
:103D800073F8C0B2052102280ED1706809F0AAF9B3
:103D900000B3706809F0B6F90721D8B1AC46DE4629
:103DA00005E0DDE911CE01E0AC46DE46269089460D
:103DB0004CA87AA94FF0000B4FF0070890E87C0060
:103DC0007CC110981590CDE918ECCDE911CEDDF845
:103DD000ACA006E2484607F06FF8A0B304F5B76060
:103DE00007F06AF878B304F5BD6007F065F850B3E2
:103DF000B84904F5C4600AF05FFC88461D99064680
:103E0000203019F0A2FCD6E900904FF0FF31C6E94E
:103E1000001100EA0900013013D0307A2690F07AC0
:103E2000109006F10C0096F809C096F80AE04CA92B
:103E300090E87C007CC1D8F800000130C8F8000090
:103E4000B6E719F04DFB2B98D0F828B0DBF800034B
:103E5000002840F0C9804FF0FF300F9DCBF80003E1
:103E600000219BF81003012805D10BF5727013F0A7
:103E70007FFD9BF81013DBE9C2024FF6FF799042F9
:103E800001D1C90739D000218BF81013411CC0EBB8
:103E9000C000CA1E18BF0A46CBF808230BEBC000AF
:103EA000B0F818831FFA88F1494526D000F5467E00
:103EB00052460EF1140C9EF8130002909EF8120068
:103EC0000890DEF804000490DEF808000590DEF8A3
:103ED0000C000690BEF802000390BEF810409CE86B
:103EE0006B006BC20EF1280072A990E86C00200AEA
:103EF0006CC10F9D07941B9008E01D98D0E900123B
:103F00000BF5707013F041FD4FF6FF78DBF80003FE
:103F10001FFA88FC0130CBF80003CC4532D05AA9F7
:103F20009AE86D006DC172A86EA990E86C00A9F1C5
:103F3000010080B26CC18445DDE906B0DDE902E331
:103F4000DDE90421089D09901B981C9025D1DDF81E
:103F5000ACA004200E91CDE90AE39AF838100C9237
:103F6000DDF8A8901D9E0F95CDF834B0DFE811F074
:103F700005004200310823010C08DAF83000CAF8C5
:103F8000340006E117981D9913F042FE0E9900289F
:103F9000DDE90C2BDDE90AE3D9D10DF5B47C0E91F6
:103FA0007AA9A94614469A469CE86D006DC16EA890
:103FB00036A990E86C006CC1099826901C98CDF841
:103FC00054E0CDE90AEAA646CDF84CA00C94CDF811
:103FD0003C90CDF860901990DDF83890CDF834B071
:103FE000ADE63D4812F0E4FD3C4812F093FF16F0B8
:103FF00023FBCAE03A4812F0A0FE4FF000091F99D7
:10400000C1F8049001F10800A1F802A081F8018034
:104010000D706BA91AF0ECF9DDF8ACA08AF812006B
:104020000DF5517D19F046BB589A0400E89B040039
:10403000A89B0400D89B0400789A0400A899040067
:104040004C8D0400989B0400D89A0400B899040091
:10405000089A0400C89A040078960400BC8C0400F6
:10406000FC8D0400C89B0400E89C0400F89C04003C
:104070001C8D04002C8D0400F89B0400089C040097
:10408000889604004CD604009600000053000000FF
:104090004E00000051000000ECA00400FCA0040051
:1040A0004A000000700000004F00000048000000BF
:1040B000490000009896040050000000AF00000086
:1040C000C80000003CA104004CA10400209E040094
:1040D000309E04004CA00400409E0400C700000075
:1040E00068950400DDF8ACA0DFF8E81EDAF80040BF
:1040F000D4F8049009F118000AF0EDFA90F83E8126
:1041000009F1100B06460D46B8F1020F20D113F04D
:1041100047FA19F0BCFE2A68013A2A601D9AB8F1E4
:10412000020F18BF1146289A18BF1046CAE90601A7
:104130000020CAE914998AF838008AF82000DAF8D1
:104140000000CAF85840CAF828B0CAF8300060E544
:1041500006F1200182A818F01BF89DF80802FE283D
:1041600002D1D6E9480103E013F01AFA19F08FFEE4
:1041700028901D91DDF8ACA0C9E735460EC03EE79A
:1041800012F0C8FE204617F0C9F913F02BF812F010
:1041900077FF13F005FA0246DAF834004068D0F8E9
:1041A0001836D0F81C46D21AA1410ED20020CAE916
:1041B00010348AF848000AF14000314613F028FD17
:1041C0000028E6D0032000F0DFBE08F09BFF0028A7
:1041D00000F0D986DDF8A4B001204FF009088AF874
:1041E0003800DDF868E07AA90DF1F80C91E8790063
:1041F000624679C236A83AA990E878000FFA88F0AA
:104200000A46052878C2CDF868E053DB6FF0040059
:1042100010FA88F1279BDDF86C801D9ADFE811F019
:1042200005003D02D601D906240215988AF83F0000
:1042300019988AF83D0026981E998AF83C000020BB
:104240008AF82200BAF83C00189CA1F81700DAF8A6
:1042500000008AF83E40CAE90CE9CAF838B04C764A
:10426000CAF81800CDE929B9CDF86C8082AC0AF102
:1042700014011A462046F4F767F819F019FF00F008
:10428000CD8504F1080119F082FB002E9DF809820A
:104290005AA891E83800024638C2354600F09380AB
:1042A000142D18BFFE2D00F092801C2D00F08F8081
:1042B00000F0EABD15988DF8430118988DF8420179
:1042C00019988DF8410126988DF840011398CDF882
:1042D00034E10DF5987ECDF838910EF11402ADF869
:1042E0003201CDF83CB1ADF830819CE8790079C25B
:1042F0000EF1280091E83C003CC00220ADF86801B6
:104300006FEA08005AA9000418BF714682AD38222E
:1043100019F02EFADAF800602946179838227468E6
:104320002EF066FF002004F108088AF858001D9658
:10433000CAE91486CDE929B9289C1E98DAE90CB996
:10434000D0E90663D0E908255046008BBAF81AA0D8
:10435000DFE810F005009800F3006B045E00D8E978
:104360000001524609F050FF002800F0058400F5D6
:10437000107CA3460DF5F47E9CE87502734683E835
:1043800075020868DDF8AC900138086009F1A003F7
:104390009EE87610184680E87610D8E902125AA8EE
:1043A00018F052F89DF89101022840F0ED83DFF8F3
:1043B000440C12F0BBFD40465146052209F068FF4F
:1043C0005C4600F032BCB8F1020F40F05D852B98DE
:1043D000DFF84C3C00F1300490F83E5016CC82A837
:1043E0000AF08BF983998C4280F0E48582984FF42F
:1043F0005E7104FB010090F85C13012902BF80F894
:104400005D53022180F85C13849819F05BFA69E629
:104410001D98DFF8C41BCDF85C8090464068CDF84D
:1044200074A09A4600F5C46028940AF045F90C4639
:10443000D0E900120023C0E906B91140C0E90485A3
:10444000A1F1FF31C0E9026AB1FA81F14360490983
:10445000169540F8201B13F08BFA20681D9A013046
:104460002060179819F02DFD50B1169AC0E9906A96
:10447000C0F84882C0E9932BC0F8549219F09DF916
:10448000289CD2E3D8E9000193465246A1461C4637
:1044900009F0BAFE002800F069830A6890F86E03FC
:1044A000013A0A602B99002881F8600040F062838D
:1044B0001E9A00202B460D4605F8A40FDDF87480E7
:1044C00025F83CAC8A46C2E91B644C46C2F866003B
:1044D000C2F8620045F8408C25F8320CC2E91DB3E1
:1044E0000AF188000AF168011C22CAF884802EF0C3
:1044F0007FFE279BD8F8040000F26460CAF8A80089
:104500000AF1A80019F088FC002800F08E84DAF87F
:104510008400016800208AF8B0000AF18800CAE926
:104520002A101FF0FFF819F001FC8AF8B0008AF891
:10453000A40000F07A8300F068BCDFF8A00AA2466D
:1045400012F0F4FC08F11009DFF8941A48460AF05A
:10455000C2F8064690F83E010C46022800F0378269
:1045600006F120015AA817F013FE9DF86801FE28F5
:1045700040F02D82D6F83411D6F83101CDF803126F
:1045800080902068DFF85C3A01382060D8E900129A
:104590005AA80AF0B2F8DDE95A514FF45E7001FBF7
:1045A00000F680AC002E00F0C78495F85C03042868
:1045B00007D105F51070214617F022FE002840F0C3
:1045C000B88405F55E75A6F55E76EBE7032100205D
:1045D000D9F1020470EB0B0038BFA9F103011B9D58
:1045E000DFE811F00500CC0346038F032703DAF858
:1045F000000000215446CAF8140004F81C1FCDF82E
:10460000A4B0CAF8180040681B9500F26460CAF8AC
:1046100020000AF1200019F0FFFB002800F022849E
:10462000DAF818000021CDF8A89019F0B3FC1EF0BC
:10463000C5FF01218AF828108AF81C1070B18DF886
:1046400009020021DFF8B40983918DF8081212F0F5
:1046500061FC82A8F0F7A0FC12F0C4FD19F020FD67
:1046600000F5BA6000F050BC19F059FACDF86C8032
:104670000AF1140B82AC59462046FDF761FF19F090
:1046800017FD00F0A883DDF80C9204F10800BDF8D6
:104690000AA29DF8098268ACE2E2159856468AF8AB
:1046A000CF005446189855468AF8CE0019988AF8D3
:1046B000CD002698DAF800108AF8CC00002046F8E1
:1046C000C0EFCAE9319B1691CAF8181004F8320FEE
:1046D00045F8146FD6E90112DFF82439CDE92854E2
:1046E000CDF86C8082A80AF034F8B07B83991496D8
:1046F0008142CDF8A89040F2538482994FF4B07271
:1047000010FB0210012190F80C8001FA08F111F061
:10471000590F08BF457BB0F85411B0F84CA1B0F860
:104720000290048884982B9E1D9119F08BF926F82D
:104730001C4F1221301D1790A6F802902EF0CCFCD1
:10474000B8F1050F00F0EA80B8F1060F40F03C81A7
:10475000149DDFF8B418286815F080FF90F8382011
:104760000123012A98BF1A46541C80F8384019F0DA
:1047700024F8ADF80832A98930882B9BADF80A12CD
:10478000012804BFD88B814240F016841E461D9834
:1047900026F8340F1220179DB04614913185344607
:1047A000169948F8045FA6F802A09A46C6E90816CA
:1047B000002104F82B1F86F82A20B0601D940621E2
:1047C000544604F8401F00210523A146C4E9030113
:1047D00049F8085F211DE380EA4B4846C4F80230DF
:1047E0006270EDF7B9F8C0B202284CD148462146B4
:1047F000EDF7B2F8C0B2022845D1DAE9133004254A
:10480000191A042940D3D9F80020041DDFF8001834
:104810000091214615F042FECDE9820182A8314681
:1048200004220BF0F3FC78BB18F02AFF0AF16001B8
:104830000DF5027A19F07FFC829C022C00F0FF82B9
:104840000AF10C05DDF810E2BDF80E829DF80C228D
:104850009DF80DC27AAE95E80302334683E8030261
:10486000E00716D05AA896E81A001AC001201D9930
:10487000FD2A087000F0E682C2461546F1466646FB
:10488000DDF85C803DE0051DDDE92469DDF884A0EC
:1048900034E02B9D05F16800C5F864E0A5F862805E
:1048A00085F861C018F0D7FD19F008F91A680AF107
:1048B000740882AD4146284601F0E4F99DF80842AB
:1048C000FD2C00F0B08219F03FFA4CAD19F03FF921
:1048D000FE2C07D118F001FDDDE92469FE25DDF885
:1048E00084A009E05AA895E80E000EC018F0F5FC67
:1048F0004E46DDF858902546DDF85C801D99012074
:1049000008704046F1F75BFB0DF5B47CFE2DCDF849
:1049100084A0B0462496CDF89490E1E00120ADF853
:104920000802002C14988089ADF80A0200F0468332
:10493000484540F043832B981D99179B0646CDF8B8
:10494000509026F834AF82461220B04671801699F6
:10495000324648F8043FC6E90816002102F82B1F2A
:1049600086F82A50A6F82890B0601D920721544678
:1049700004F8401F002105226570254645F8083FD0
:10498000C4E90301211DE28028467E4AC4F80220C2
:10499000ECF7E2FFC0B2022810D128462146ECF71E
:1049A000DBFFC0B2022809D1DAE913300422191A58
:1049B000042910D2DDE92269154602E0051DDDE972
:1049C0002269DDF880A07CE0DDE928068BE0206824
:1049D00001382060B3E22A68041DDFF83416009124
:1049E000214615F05BFDCDE9820182A83146042203
:1049F00004250BF00BFC0028E1D118F041FE0AF170
:104A000060010DF5027A19F096FB829C022C00F0F1
:104A100000820AF10C05DDF810E2BDF80E829DF867
:104A20000C229DF80DC27AAE95E80302334683E866
:104A30000302E00710D072A896E81A001AC00120FD
:104A40001D99FD2A087000F0E781C2461546F1461F
:104A50006646DDF85C8037E02B9D05F16800C5F8FF
:104A600064E0A5F8628085F861C018F0F4FC19F0E4
:104A700025F81A680AF1740882AD4146284601F00B
:104A800001F99DF80842FD2C00F0B78119F05CF99E
:104A90004CAD19F05CF8FE2C07D118F01EFCDDE9D6
:104AA0002269FE25DDF880A009E072A895E80E00D5
:104AB0000EC018F012FC4E46DDF858902546DDF881
:104AC0005C801D99012008704046F1F778FA0DF5D9
:104AD000E47CFE2DB046CDF880A02296CDF88C90D7
:104AE000DDE9280604D101213170F1F75CFA21E0FB
:104AF000CDF8A4A00DF5EE7A2C469CE82C0051468A
:104B00002CC1254601213170F1F74DFA74B1142DF5
:104B100018BFFE2D0ED01C2D0CD06BA89AE80E00ED
:104B20000EC01F99DDF8A4A0FFF76ABA5FFA88F0FB
:104B30000228F2D12B98DFF8E034D0E9311290F856
:104B4000CE4082A809F0F6FD8399A14240F224826A
:104B500082984FF4B072849914FB02000022CDF8C1
:104B6000A4B0027318F029FEFFF7BCBADFF87C048A
:104B700012F0DCF94C4658E0DFF87C0412F0D6F96C
:104B800053E000BF040008005AAB1E9C4D461D9E1A
:104B90000FCBC4F86200002005F88C0FC4F86E300B
:104BA00025F824ACCA46C4F86A20C4F866105C46EE
:104BB00045F82C6C0AF17A000AF168011222CAF851
:104BC00064602EF015FB279B706800F26460CAF8E1
:104BD00090000AF1900019F01FF9002800F0008100
:104BE000DAF86400016800208AF898000AF17A0077
:104BF000CAE924100021ADF8B8116EA91EF065FFB6
:104C0000002840F0FC8072A86EA9022210F07AFB06
:104C10007398002800F0C9817498002840F0C3817F
:104C200001208AF88C008AF8980001202070FFF794
:104C300059BA18F074FF1C98CDE91B500AF1140BF7
:104C400082AC59462046FDF77BFC19F031FA00F0A2
:104C5000CF8004F1080018F09AFE9DF8098249AC53
:104C600090E82C00214658462CC1F1F7F1FA7DE07E
:104C7000DAF800002699C90700F00C81002154469B
:104C800004F8281F44F8140C44F80C1C24F8081CE1
:104C9000DAF81C10CAF82210BAF82010CAF8180066
:104CA000AAF8261040681B9500F26460CAF82C0030
:104CB0000AF12C0019F0B0F8002800F09480DAF81E
:104CC00018000AF12205002100688AF83410CAE9A8
:104CD0000B050121012413F011FE5FFA80F8B8F1F1
:104CE000000F40F0CA8028461EF04CFC002840F01F
:104CF000C380012101208AF8281026908AF83410F8
:104D0000FBE015980AF124018AF8230018988AF824
:104D1000220019988AF8210026988AF82000CAE90A
:104D2000069BDAF800E09CE8790079C100218AF856
:104D3000C010CAF8A0E0CDE929B90AF1180B82AC7D
:104D400020465946FDF774FC19F0B2F900F08F8047
:104D500004F1080018F01BFE9DF8098246AC90E8AB
:104D60002C00584621462CC1F1F77DFAFE2E3FF467
:104D7000B9A96BA894E80E00FFF7FFB90020AAF8C4
:104D80001D00DAF80000CAF81800CDF8A8900AF162
:104D90001401CDE91AE582AC1A462046F3F718FB58
:104DA00019F086F959D004F1080118F0F0FDFE2E33
:104DB0009DF8098243A891E83800024638C262D1C2
:104DC0002B980068406800F5B76006F082F8CDF8CF
:104DD000A4B0FFF787B918F077FB1920FFF71EB9C9
:104DE0000320287024E018F01DFF1420FFF716B9E7
:104DF00018F06AFB1720FFF711B904200AE080467B
:104E000001208AF88C008AF8980020700025FFF7AE
:104E1000F4B803201D990870032014E018F054FB27
:104E20001020FFF7FBB804200AE0032028700420BC
:104E30001F992070FD2008701820FFF7EFB803209D
:104E40001D9908700420299A1F99DDF8ACA01070F4
:104E5000FD2008701120FFF7E1B818F035FB132092
:104E6000FFF7DCB818F0DEFE1220FFF7D7B818F015
:104E70002BFB1620FFF7D2B880461F998AF82840EE
:104E80008AF8344050E035466BA990E81C001CC1FC
:104E9000FFF7B5B80021544624F81E1F0022A17068
:104EA00044F8060C8AF81D108AF81C20CAF8140071
:104EB00019F002F9CAF824000AF1240018F0ACFF36
:104EC00030B3DAF814000AF11C05002100688AF8F2
:104ED0002C10CAE9090519F0A4FA5FFA80F8B8F1B4
:104EE000000F1BD128461EF057FBB0B901208AF8ED
:104EF0001E008AF82C0000202690DAF80000CDE988
:104F000029B9406800F5BD6005F0E3FFFFF7EAB896
:104F100018F088FE1520FFF781B880461F99012000
:104F20008AF81E008AF82C0000254FF00009FFF7D0
:104F300067B8012085F873035C9818F0C3FC2A4910
:104F4000484609F0B9FB0D4690F83E115446022937
:104F500016D090F8202090F8E810022903D10E21F5
:104F60000C2A04D908E0013A12210E2A04D8192289
:104F700080F8201080F8242000F5387012F0F8FC3A
:104F800018F0B0FC51E604201F998AF83800FD2083
:104F900008700F20FFF742B8204A204611F0B8F9F8
:104FA000184A11F0B5F9002401E09DF8C8411048F5
:104FB000FFF7E6B81B4AF0E7144800E0154811F087
:104FC000A9FF82A8F0F734F93046F0F731F9FFF77E
:104FD000DCB8FEDECCD50400EC8D04006C000000D3
:104FE000DCD50400DC8D0400FCD504006900000061
:104FF000AE0000006A0000006B0000006F000000BF
:105000008C8C04009C8C0400AC8C0400EE0000002E
:1050100058560400ED000000509F0400609F0400FB
:10502000909F0400A09F0400F0B503AF2DE9F80F96
:10503000054691F82C000C469246DFE810F0090076
:105040003A0040001A008800C300ED0009013D014C
:1050500094E8070004F10C03A346019507C300215F
:105060000173E0684BF8300FCDF800B00BF81C1F4F
:105070000EE0A34601951BF84C0FABF11C0100910B
:10508000DFE800F0031A1D2B3E00ABF11C000068A6
:1050900060630022D0E90101C4E90F22081A38BF79
:1050A0001046010B0122012988BF020B6264A26332
:1050B00006E0904811F041FE8D4811F03EFEFEDE04
:1050C00004F138000AF074FCC0072BD00020A16462
:1050D00084F88000606BC4E9140104F1500102A857
:1050E000FCF70AFA0298022803D00230E8D1032024
:1050F00043E0A16C002084F8AC00606BC4E91401AB
:1051000004F1500502A852462946FCF7FFFB029E17
:10511000B01C31D02846DDE90398F1F747F8701C40
:10512000CED001E04FF0FF3601208BF80000009850
:10513000F1F725F8019D701C40F0D1804FF480708C
:10514000A4F8B90000202064E068C4F8B40004F1B9
:10515000300102A8FCF768FA029EB01C03D118F0D7
:1051600065FC0420C0E0DDE90398701C0CD0C4E9A4
:105170000669C4F82080B2E0042001998BF8000091
:1051800018F0C4FB0320AFE04FF0FF36B9F1010F78
:10519000C4E90669C4F8208036D1E0680023C4F869
:1051A0002480D0E901122063501A84F8403038BFBF
:1051B0001846010B0122012988BF020B19F0CDF816
:1051C0006063A06204F1300102A8FCF7FBFA029EC2
:1051D000B01C03D118F02AFC052085E09DF80C00D6
:1051E000711C0DD09DF81310BDF8112042EA014149
:1051F000DDF80D2040EA0229080240EA12686EE05C
:10520000022802D14FF0FF3669E0616A002084F87D
:105210008C00E068C4E90C0104F1300B02A852468E
:105220005946FCF773FB029EB01C03D118F0FEFB3D
:10523000062059E05846DDE90398F0F7B7FF701CE7
:105240004DD1616A002084F84000E068C4E90C0197
:1052500004F1300802A852464146FCF743FA029E88
:10526000B01C03D118F0E2FB07203DE09DF80C00D4
:10527000009040460195DDF80D509DF813B0BDF843
:105280001190F0F771FF701C09D0009949EA0B40AA
:10529000000240EA156841EA0529019D1FE004F17A
:1052A0000C02002084F8900004F1300607CAD4E90B
:1052B000093527C6019D236404F1300B02A852462C
:1052C000594600F019F8029EB01C03D118F0AEFB4D
:1052D000082009E05846DDE90398F1F768F8C5E9C8
:1052E00000690120C5F8088084F82C0018F04AB93C
:1052F000E491040078970400F0B503AF2DE9000FA6
:105300008FB00090884691F860000292DFE810F0BC
:1053100007003400370041008D001F003D0108F1F7
:105320000805D8E90021C8E9052129CDC8E9070306
:10533000566806EB05350435C8F82450556805EB6A
:10534000033303F6FC750433C8E90A3518E098F80E
:10535000600108F1740508F5B07A30B1029A0328AB
:1053600000F0BA80A44811F0E8FCD8E91D62D8E941
:105370001F4ED8E921C99FE0A04811F0DEFCFEDEF7
:105380000023C8E91B1088F8843008F12803C8E915
:10539000193204AD08F164012846F3F767F8DDF827
:1053A00010E0BEF1020F00F0CA802A1D0DF1280C9A
:1053B000BEF1010F92E8730008F13402634673C333
:1053C00000F0CA80604690E87A007AC20022D8F8DD
:1053D0003410C8F83020002900F0CF800CF104020E
:1053E000C8F84810D8F8440008F14C0392E870005F
:1053F00070C3D8F84C20C8F8580004A814F090FCEA
:105400000498002840F0F1800598414641F85C0F6F
:105410000022A1F1480301F1080451F8480C02737D
:1054200081F858200DCB49610DC408F1640604A829
:10543000314600F0E5F80798039C811C7AD0BDF84E
:105440001490411CDDF810B0DDF818A000F0928037
:10545000022800F08C80D8F81C004845C0F0B180CC
:10546000D8F818104FF6FF73D8F8582024EA030331
:1054700008F164044B4484E8020A0393C8F87030CE
:10548000924552D1D8F8140001214546CDF804B018
:105490000173D8F81420D2E901EC02F10C0445F8AC
:1054A000746F281D55F8509CAA46A0E814400020AF
:1054B000C5E904C90AF8EC0F0020D6E9001388F802
:1054C000D00006F10800C8E9232408F19402A2E8FC
:1054D0000B40029AC8E929C908F18C0604A8314694
:1054E000F2F746FEDDF810B01BF102002CD030467A
:1054F000F0F744FD01208AF800002846DDE9059A0E
:10550000F0F724FD1BF1010060D1B8F8702022F003
:105510000300910718BF021DD8E90610D8F82430FF
:105520001A440832C8F8242001E0CDF804B0D8F8B5
:10553000142025E7009918F0E9F9042050E00099BB
:1055400018F0E4F903204BE0009903208AF80000EA
:1055500018F0DCF9052043E09CE80B000BC20120A9
:10556000D8E90DB9D8F83CA0C8F830002EE04FF0CB
:10557000020B25E0BDF816002AE0D8F82010D8F874
:10558000140088F8C020C8E9190108F1640504A8CE
:10559000029A2946FCF7BAF9DDF810B01BF10200B7
:1055A00004D1009918F0B2F9062019E02846DDE987
:1055B000059AF0F7FBFD1BF1010007D14FF0FF3B0F
:1055C00006E0DDF804904FF0030BA2464FEA1940C5
:1055D0000099C9EA0040C1E900B00120C1F808A063
:1055E00088F860000FB018F065B8DDE9059A002072
:1055F0004FF0060BECE700BF3C8C040088970400DA
:10560000F0B503AF2DE900078AB0824691F850004B
:105610000C4604F15408DFE810F00C00C900CC007F
:1056200015003A005E007A00AD00090153019F01A8
:10563000DF0194E80F0004F110050FC5017B00297C
:1056400043D144E001A84146F2F77CFC019B022BC8
:1056500001D10320AEE0BDF81000012BDDE90212FC
:1056600002D1BDF8128045E02369012940F09980FC
:105670000021A4F8580084F8A51004F16C05D4E9C1
:105680000501C4F8A0306265D4E908230FC501A85C
:105690004146F2F7DDFC0199881C01D1042089E024
:1056A0000498022904D001310ED1DDE902121FE075
:1056B000BDF814100026256ACAB24FEA112C014623
:1056C0004FEA1548284679E02069002101734FF41C
:1056D000807018F04BFC01A84146FBF7A5FF01992B
:1056E000881C01D1052065E0DDE902204B1C06D0B5
:1056F0004FEA10484FEA124E4FEA122C17E1002AE7
:10570000C4E90A2049D14FF4007018F02FFC01A819
:105710004146FBF789FF0199881C01D1062049E029
:10572000DDE902304A1C0AD0C4E915134FEA1048DB
:10573000E0654FEA134E4FEA132CDAB28FE14FF0D7
:10574000FF360022012BC4E91563E0652CD12169E5
:10575000D1E9013584F87420EB1A38BF13461A0BCF
:10576000134618BF0123451E002808BFD51AC4E9F7
:105770001851A56604F1640101A8FCF723F801990A
:10578000881C01D1072015E09DF80820481C2BD16A
:1057900092BB206E0121C4E90A100022342120634B
:1057A0002FE00020187392E702211CE0AD4811F0B1
:1057B000C4FAFEDE6FF001030C210DE05FFA8CF5F8
:1057C000C0EA084042EA0522CAE9020642EA0E425D
:1057D0000120CAE9001210214AF8013084F8500073
:1057E0000AB018F017B9E9E70398BDF80AE09DF888
:1057F00009C04FEA104832E12069002202730226F4
:10580000F1E7625021694A6802EB003000F6FC7251
:105810000430C4E91002002004F1400384F874004D
:10582000D4E90502C4E91531C4E9170201A84146CB
:10583000F2F71CFE0198022868D0DDE90212012867
:1058400066D029B3DDF8189001A814F069FA019820
:10585000002863D1E169029AD0B20B78834251D11A
:10586000DDF80CC0053807280CD8C2F30743C2F393
:105870000725DFE800F040390404040407044878F1
:10588000A8423FD1012004F1340181E8011239E03E
:105890002069616B00294CD1D0E90112002384F802
:1058A0006830511A38BF1946090B0A4618BF012241
:1058B000236B5D1E002B08BF8D1AC4E91550E565EA
:1058C00004F1580101A8FBF77DFF0199881C1BD04A
:1058D0009DF80820481C7FF487AF002A7FF48CAF26
:1058E000606D302102468CE74878A8420AD188785A
:1058F0009842C7D006E04878A84204BF887898420A
:1059000000F09B80216986E7092053E7082051E7D2
:1059100004984FEA124E4FEA122C06E0DDE902200D
:105920004FF0000C06214FF0000E4FEA1048D2B2A3
:1059300095E000220273606B00283FF460AF84F8AA
:10594000A5204FF0FF30D4E90E232169C4E91223CA
:10595000C4F8A010C4E91D2001AE41463046F2F75C
:10596000F1FA0198022801D10A2023E706F1040C7C
:1059700007AA01289CE86200134662C304F1B8013B
:1059800092E8680068C107D10120D4E92E13C4F859
:10599000B400D4F8C00048E0D4F8B8100020C4F82F
:1059A000B40001293DD104F11006D4F8BC204FF019
:1059B000FF3C84F8B10068CEB4F8C000A16CA4F834
:1059C0005C00C4E915C2C4F8AC30C4E91E56C4E991
:1059D000201CA4F86400226604F1600101A8F2F71B
:1059E00037FB0199881C01D10B20E3E60DF1080972
:1059F0004D1C0598022199E80C02DFE805F0022809
:105A000005071146484610E0032120E0F2B14FEAB5
:105A1000102CC2B2D4E91203012649464FEA1048BD
:105A2000CCE6D4E91630022161654FEA10484FEA0E
:105A3000134EDAB24FEA132C11E0100EC97840EA87
:105A40000C20C0B281423FF41DAF5BE719464FEA1C
:105A500010484FEA194E4FEA192C5FFA89F24FF0BD
:105A6000FF36ABE698970400F0B503AF2DE90007C9
:105A70008146007B8846DFE800F003383B687E9073
:105A8000D9F800C00023C9F804C05849DCF8142034
:105A9000574EB3F5A26F05D0D05C0133484000FBF0
:105AA00006F1F6E7C9F80810DCF80000012804BF89
:105AB000DCF80400884215D09CF8191001224D48EA
:105AC000202901F01F0100F540703CBF40F2085052
:105AD000C5F2000002FA01F1016090200021C9E93D
:105AE000BC1006E00020012172E03F4811F025F9CA
:105AF000FEDE09F53C700AF064FCC0072FD00020E0
:105B00004E4646F8100F3072706001EBC10000F194
:105B1000090210F10A0F98BFB2F5A26F5DD856F8CE
:105B20000C5C4C1C4FF0090A6A691118304618F0D9
:105B3000BBFB002089F8374089F83800882089F8B5
:105B40003600C9F83050C9E9096A09F11C0041461C
:105B500000F054F80028CCD00120032138E00020C8
:105B6000012189F82C00A9F82A00C9E90610D9F802
:105B70000400C9F8240018F0C0FA0146012009B158
:105B8000042125E00021C9E90601D9F8040089F8BB
:105B90002C10A9F82A10C9F8240018F0AEFA014612
:105BA000012009B1052113E0D9F804104FF4417226
:105BB000104B497E202901F01F0138BF042200FA52
:105BC00001F1D150D9E90112C1E9000201210020FF
:105BD00089F80C10BDE80007F0BD074B11464FF4E3
:105BE000A26210F04FFB00BFA8970400C59D1C8166
:105BF0009301000108050050B8970400B0B502AF4A
:105C00000446007F0D46DFE800F0033639162A000F
:105C1000D4E902120020C4E900122246618B6369B4
:105C200022F8181F84F8D002022003F10801236132
:105C3000C4E90812A06218F0ABFAC0B220B1022881
:105C400015D10120032114E0606880B10021226990
:105C500084F8D01221680832A062C4E9082118F043
:105C600097FAC0B2022802D10120042101E00020ED
:105C700001212177B0BD024811F05FF8FEDE00BFC0
:105C8000C8970400F0B503AF2DE9000FC5B0144666
:105C900091F825208946CDE90140DFE802F0032292
:105CA000281A13000021D9E9023289F82410D9F802
:105CB0002010C9F81010498A71B1C9E90532C9F834
:105CC0001C1015E099F84800C0070DD1D9F84440E0
:105CD0005CE0D9F8280024E061483721614A0FF0E0
:105CE0001DFC5C4811F029F8594811F026F8FEDE39
:105CF000002A7CD0D9F81C30D9F8141056489342A9
:105D0000009028BF134603A805F034F903AB0FCB6E
:105D1000C9E90001D9F81000C9E905230430C9F820
:105D20002800D0F800A08688DAE90001324608F0A1
:105D30008DFA002865D00D4690F85C1303295ED3D8
:105D4000D0F84013002971D00139C0F840132868F9
:105D50004C46D046B34601302860D9F810100120D7
:105D6000C9E90AA0A9F83060D9F800000A8A44F805
:105D7000340F54F8300C606014F8100C42EA003014
:105D80002081086800212175C4E9030403A8FB21D0
:105D9000051DFB2618F084F82089D4E9001240EA9A
:105DA0000240CDE94356039043A80AF02FFA00BB06
:105DB000BDF80E00FC2845D203A819F0F7F8012120
:105DC000B0F1FF3F89F848101DDDD9F82C0089F8A3
:105DD00024100028014618BF0121401AC9F82C00E0
:105DE00009F12800EFF7A4FED9F8182080E7FE207B
:105DF00010E001206FF00B0889F8480005E017F06B
:105E000071FD1C2006E000EAE07809F12800EFF7B8
:105E10008FFEFF20029A0121A2F80CB0C2E9018195
:105E2000107089F8251045B017F044BC019900F5B1
:105E30001C7017F08AFC0299FD200870032117F0EE
:105E400051FDEEE7054811F071F811F019F900BFA6
:105E5000E89A0400789804007CA20400AA000000DC
:105E6000189D040068980400B0B502AF044640795C
:105E700018B1032822D1207913E02068124B027850
:105E8000202A02F01F0238BF4FF0A043022543EA48
:105E90008202D2F8003765F31143C2F80037007868
:105EA000207111F097FC054608B1032003E0201D86
:105EB00011F07CFC012060712846B0BD014810F053
:105EC0003CFF00BF9898040000030050F0B503AFFA
:105ED0002DE9000F97B0804690F84400894668B1DC
:105EE000032840F09C8098F8410008F11405D0B1D7
:105EF000032801953DD04B4810F01FFFD8F8000053
:105F000008F1040C08F11405D0F800B02946027914
:105F10009CE8590059C1002088F8410088F84020C9
:105F2000C8F83CB003E098F84020D8F83CB00195A0
:105F300028460DF1080A90E87800514678C1DBE95F
:105F4000000113F073FBB0F85843102217F02DFE38
:105F500006AE5146B01C2DF04BF90BF57E70C8F81B
:105F6000240008F12A0031461222A8F828402DF01A
:105F70003FF94446002154F828EF62686160002A26
:105F80003FD008F130030DF1400C0CF10C0593E803
:105F9000430043C5D8F82460CDF85890CDE911E20C
:105FA0003068109690BB0DF12C0A4FF0FF300CF1C9
:105FB0000402311D306050464B4608F0DCFB18F0FF
:105FC000A0FA0C9E56B1D8E90B01EFF739FD9AE81B
:105FD0002F002FC4032488F8414009E0D8E90B01C1
:105FE000EFF72EFD0198012488F84140F0F7AAF957
:105FF00088F84440002E18BF0126304617B017F02D
:1060000025BC0B4810F092FF11F03AF8074810F049
:1060100081FF14F011FB11F0E5F811F031F802489E
:1060200010F08BFE28970400E8980400C7000000D9
:10603000A0000000F0B503AF2DE9F007DFF8909065
:106040000E46804615461046694601228DF80030FE
:106050004FF0010AC8471F4928460422C847316843
:106060006C46204617F0A0FB284621461022C84760
:1060700071686C46204617F097FB2846214610228F
:10608000C847B1686C4618F000FA28462146072236
:10609000C847F1686C4618F0F8F9284621460722EF
:1060A000C847694628460222ADF800A0C84700202C
:1060B0006C46CDE902002146CDE9000028460AF0F1
:1060C00099FE4046214617F06FFBBDE80F07F0BD73
:1060D000FD0C0200A8820400F0B503AF2DE9000F0B
:1060E000ADF5A05D81B08846014642F298701C91E2
:1060F00008441B9043F6A84001EB000B41F290309E
:1061000001EB000ADB4C9AF82800CDF87480DFE838
:1061100010F006003B063914A2007C006800002045
:10612000514641F8240F1A9151F8040C41F80C0C17
:10613000D14810F0FBFE12F065FBD04A117AC90776
:1061400040F026860121117212F092FBCC4CCD4911
:10615000CD4ED4F8A4030860D4F8A8034860D4F85E
:10616000AC038860D4F8B003C860D4F8B403086105
:10617000D4F8B8034861D4F8BC030862D4F8C0036B
:106180004862D4F8C4038862D4F8C803C862D4F85B
:10619000CC030863D4F8D0034863D4F8D40308646C
:1061A000D4F8D8034864D4F8DC038864D4F8E00356
:1061B000C864D4F8E4030865D4F8A400B34DC0F370
:1061C000072045285AD9301D5A214FF05A0811F09E
:1061D0004BFAC0B2C5F84080B0FA80F04FEA5018D0
:1061E0004EE00AF51A7017901B980AF5F072D0F875
:1061F000E089D0F8E46908EA0600013057D14FF091
:10620000FF384FF0FF3601F05DBA9AF8B40B0AF18F
:1062100040030AF6B4311A9148B3032840F0E985E7
:106220000AF5CC7019909AF898010AF5D072189373
:106230000AF5E073DFE810F00800F705A613D304B1
:106240000004BF04B204E204DAE91042DAE91218E9
:10625000DAF850006DE3554615F8340F002800F0C9
:106260001082032800F01582894810F066FDDAF8E4
:10627000A84BDAF8AC1BDAF8B00BC7E24FF0000815
:1062800004F58D50122111F0EFF904463046122129
:10629000B14611F0E9F9E1B2C0B299B1B0FA80F2B9
:1062A0001D9E520948EA020402290DD10EE06FF04A
:1062B000010080EA080060EA0600002841F0F98148
:1062C00001F027BF01241D9E022802D1714810F061
:1062D0002DFE09F108000021012211F0CDF9C0B214
:1062E0000521B0FA80F007224009044309F58070C7
:1062F00011F0C2F9C0B2B0FA80F149090C4302288A
:1063000004BF654810F012FE002C40F0448563483D
:10631000002129600122295061496A502958002929
:10632000FCD0604A012000214FF0FF33A8662866A8
:10633000082906D054580431C4F82405C4F820357F
:10634000F6E75948B14659494FF0000CCDF864B012
:106350004FF0010E83464FF000430024082C16D066
:106360000E19367906F01F02C6F340150EFA02F236
:106370000BEB8500C0F880210BEB060080F800C312
:106380004BF8252008590834C0F80433E6E748489C
:106390004FF40001474A81644749C1F804230122B0
:1063A0008A600A6001680029FCD1444C00204FF447
:1063B00000315B46C8462074CBF8001001218DF8EF
:1063C0007E004FF4FA70ADF87C0002208DF87A0060
:1063D0004FF48050ADF8780039486030D0E84F2F46
:1063E000002A41F01883C0E8421F002AF6D1802617
:1063F0004FF48010334ABFF35F8FE6741421C3F863
:1064000080011EA81D4629F073FE002800F1C584F6
:10641000002001212070A072E071294885F80063F6
:10642000012629F096FC002800F1B9841349D1E82F
:106430004F0F002841F0EF82C1E8406F0028F6D1ED
:10644000481C2149BFF35F8FCAF81C0018F065F89B
:10645000382800F0AD840C18383004F1180317F018
:1064600013FE03D117F00CFEF9D131E0BFF32F8FEB
:10647000EEE700BF047300403A00000098E60320F6
:106480006000001020C500400412001018050040F4
:10649000589404005600000055000000ECFBFFFF7C
:1064A000F0FAFFFF08A5040000E100E030A50400B9
:1064B00004150140020008000010014001E400E062
:1064C000208B03201D83020060E70320C5C5010067
:1064D0005FF80800606204F12800EBF75FFA16F03D
:1064E0003DFFD24801245FF86C1004606831C0F8A9
:1064F00004434FF40050CBF88001CBF80000CC48A7
:106500001C9A00F52E60C2E94C10CA4818F012FA25
:10651000B0F1FF3F40F3588418F06AFB18F074FBA9
:1065200018F07EFB18F080FB18F07CFB8DF84842D9
:1065300092A9022012F0C2F9002840F0138440F220
:106540000330ADF84C024FF0FB10929092A903205B
:1065500012F0B4F95FF8DC40002840F0038400201A
:106560000021002218F02EFA0646002800F150847F
:1065700041F25820801B88BF012038BF4FF0FF3008
:10658000C0B250B1012840F03884AB4810F0C2FCD2
:10659000304610F0B1FC10F025FE1C98BFF35F8F61
:1065A00000F59C7900F5987054E8051F002940F02B
:1065B0000E8444E805010029F6D10120002800F0EE
:1065C0000B849E48929092AC204619F039FCB0F1B1
:1065D000FF3F40F3C7839A48494618F0C7FAB0F125
:1065E000FF3F40F3FC83974D0020022101226023EE
:1065F0008AF81400AAF808008AF80410CAF8000003
:106600008AF82720AB71904B1A60C3F8F0104FF650
:106610000171C3F8F400ADF84C124FF400319291BF
:1066200003F11001062818D02218537915790D604E
:10663000FF2B1ABF4B604FF480130023255C0630FC
:10664000967843EA05335578D27843EA022242EA43
:1066500006422A438A601031E4E77C4C55467C4868
:1066600060608020CBF88001CBF80000002045F866
:10667000340FDDF864B01A9845F8040C012005F8D1
:106680000E0C744800212150102020600121724816
:106690002150D8F80000D0E900125FF8200228301D
:1066A00011F0B0F96B482158002900F0D081214643
:1066B00000244FF00109CDF864B00C50082085F893
:1066C0000090664DDFF89881686003208DF84802DD
:1066D00092AE3046C04763494FF48040C1F8F000A5
:1066E0002E208DF8480292A88B46C0474FF00040FC
:1066F00068601F208DF8480292A8C0474FF00050F4
:1067000068601D208DF8480292A8C0474FF40050E1
:10671000CBF8F0002D208DF8480292A8C0474FF426
:106720000060CBF8F0002B208DF8480292A8C047FB
:106730002020686005208DF8480292A8C0474FF0DD
:10674000006068601B208DF8480292A8C0470420B2
:10675000CBF80C03CBF82003CBF85400CBF85C004B
:10676000CBF81400CBF808033F4893903F48929031
:106770000BF1F000082C0BD0315D0246202901F00E
:106780001F0138BF2A1D013409FA01F11160F1E738
:10679000DDE992014FF48076CAF8360042F60C101B
:1067A000334DAAF834003348CAF8300040F20110E3
:1067B000CAF83A10AAF82400DAF81C40C5F880603C
:1067C000BFF34F8FBFF36F8F11F0CCFC2A4890F8C6
:1067D0005010012900F0D5820121002280F85010CC
:1067E0000AF140030169013101612E6020204FF45C
:1067F00020218AF8B42B0AF6B432CAF8A84BCAF89A
:10680000AC1BCAF8B00B1A92DDF864B0CAF8A40B3E
:106810000AF53A68CAF8A01B92A92E200222B0F508
:10682000D77F2BD00A543030F9E700BF04D00040A6
:1068300020C50040D1880200580000004D4F0000E4
:106840002D89020001E400E000750040047300405F
:10685000FFFF3F000CFEFFFF08FDFFFF0805005093
:1068600061D101001C0700502D2B051B032E1F1D9D
:1068700000E100E02A2F1C1E2C8A03201C9D4FF4EF
:10688000C072189392A905F5C5502CF0D7FB40F2C1
:106890006760E549CAF8900641F6D84028440026CA
:1068A00040F65D72CAF8A0164FF48071CAF8006510
:1068B000CAF804658AF83869CAF8B06ACAF8306755
:1068C000CAF89466CAF89826CAF89C66CAF8A466FC
:1068D000CAF8A8662CF000FC4FF40040D349CAF86F
:1068E00040094FF01410CAF8AC0AD148CAF8501A3F
:1068F000D049D14ACAF8540A0AF5A060CF4BCAF869
:106900004C2A0122CAF8483A0AF5CC73CAF84469FD
:10691000CAF8A86A8AF89E6BAAF89C6BCAF8586AEB
:106920008AF89861CAE91042CAE91218CAF85000F8
:106930001993CAE91542CAE91718CAF8640098F809
:106940000460012E40F21082BD48D8F8004010F0DB
:10695000E1FABC4D4FF48060A847B000A84798F812
:1069600004000EF0EFFBD8F80000A847002C08BF89
:106970004FF4C024250510F035FC002D40F0F781C0
:10698000DAF860000079012840F2F481DAF8541056
:1069900004EB0030CAE9621400251C99CAF8900182
:1069A00041F2F8300C184FF490718AF89451204657
:1069B0002CF092FB8AF87C530AF55F75CAF89C416B
:1069C0000AF5CE7800208AF87803CAE968041D9891
:1069D0000AF5D0742146026892A8FCF765FA9DF882
:1069E0004862FE2E02D10320287028E220469DF83E
:1069F0005092939C1790EFF743FC0120287040467B
:106A0000EFF756FC56B99048844207D15FEAC97047
:106A100004D0DAF860004179002957D08B4810F093
:106A200085FADDF8748000201C998AF8F40141F29F
:106A300018500844CAF89C0117F0DEFB92A82146C2
:106A4000FAF72EFF9298023005D10420F7E10320D7
:106A5000287002F056B92046EFF79CFB00201C99E5
:106A60008AF8C00141F2F8300844DAE91621DAF870
:106A700064300AF5E07416940AF5D074CAE9680225
:106A8000CAE96A1317940124CAE96E1300218AF82F
:106A9000D0436D4CCAE96C020AF57272CAF8CC4355
:106AA0008AF8C8138AF8C413CAE97110CAF8CC214D
:106AB0000AF5E2740DF5F96516F070FD17F0F9FCB2
:106AC00045D10320169908700520B8E18079012886
:106AD00040F040825E4810F029FADAE916100368A7
:106AE00000201C9C8AF8C00141F2F8302044DAF8FA
:106AF0006420CAE96918CAE967300AF5E073CAF880
:106B0000AC2116930AF5D874002384E8030101210F
:106B1000DDF87480CAF8BC210AF572728AF8D033A5
:106B2000CAF8CC338AF8C8138AF8C433CAE971109A
:106B3000CAF8CC21D8F800200AF5E27492A816F021
:106B40006FFF929DA81C40F0C88003207FE1A7F151
:106B5000440616F0A9FB57F8440C013000F0A08061
:106B60003046179CEEF706FF01208AF8C001204648
:106B7000EFF7BEFB1C9B41F2F832002032491A4469
:106B8000CAF8A4130AF568718AF8A8038AF8A00362
:106B90008AF89C03CAE96702CAF8A41117F02CFB13
:106BA00092A816F03DFF9298023001D1062046E1EE
:106BB00016F039FFCEE19AF8C00117921693DFE87C
:106BC00010F009003A01E10E08008100AC00250A2E
:106BD000520A6DE7DAE96802DAE96A1353E79AF8CC
:106BE0007C030AF5CE780AF55F75002800F0A080D6
:106BF00003283FF4ECAE174810F09FF89AF8C00154
:106C0000CDE91632DFE810F008001301BE0E0700D0
:106C100072006A0184018DE70AF5D078DAF8AC21B8
:106C200098E803016EE700BFFA00F5C105033201E1
:106C3000022819049C8204006400500064001400BF
:106C40003F000000F96E02003F65752A1700000042
:106C50001D000000B8950400C5000000C60000003B
:106C6000549D0400709D0400A6000000749104006F
:106C70009E00000098000000389904006AD30400C8
:106C8000349D0400A8000000EC8E0400A700000062
:106C900097000000E8950400C8950400D89504000A
:106CA000DAF8B021002001218AF8D003CAF8CC0319
:106CB0008AF8C4030AF572708AF8C813CAE9711217
:106CC000CAF8CC010AF5E2740DF5F96516F066FC18
:106CD00017F0EFFB16D10420F4E616F0A4FE681CB2
:106CE00040F0328116F0DBFC17F052F8D8F80020A3
:106CF0000AF5E27492A816F093FE929DA81C1AD190
:106D00000420A4E06CAE16F0CFFA6C9801307FF44A
:106D100027AF16F0C4FC17F03BF80AF5E2740DF546
:106D2000F96516F03BFC17F0C4FB0CD10520C9E651
:106D3000D8F8004046E616F076FE681C40F0048164
:106D400017F070F987E00DF5955616F0ADFA06A824
:106D500000F59350806A01307FF402AF179C17F062
:106D600061F997E0064653E05FF81401A9E05FF887
:106D70001401A6E05FF8180135215FF818210EF024
:106D8000CDFB5FF81C019CE05FF820010FF0D5FF00
:106D90005FF8240195E010F09DFC044602E00446F3
:106DA00029F036F95FF8340110F0B4F8204634E0E9
:106DB0005FF83C010090A7F121025FF840012B2110
:106DC0005FF844310FF04DFF00EAE07620E000204C
:106DD000BFF32F8FFFF7F2BB5FF8580171E0064653
:106DE00017F0F4FE5FF86C190020BFF35F8F486165
:106DF0000EE05FF86C010FF0A0FF5FF8700110F07B
:106E000089F8304610F078F810F0ECF96FF01506BC
:106E10005FF8840110F07EF8304611F0B3F910F0FD
:106E2000E1F910F02DF95FF894010FF086FF5FF89B
:106E300098010FF082FF5FF89C010FF07EFFDDE903
:106E40001921107003200870042001F05ABF169910
:106E500008700720F3E70AF5E2700AF01EF911B195
:106E600017F0B9F90AE0DAF8B801006800286BD029
:106E70000021CAE97101CAF8CC1126E016F00EFF14
:106E80000AF00BF90029E6D00022CAE97801CAE924
:106E90007A1232E00AF5E2700AF0FFF819B117F041
:106EA0009AF901F0D2B8DAF8B8010068002801F0C8
:106EB000A18000211794CAE97101CAF8CC1101F030
:106EC0008FB810F033F810F0DBF816F070FFD9B37C
:106ED0000022CAE97401CAE976122AE01C98D8F89F
:106EE000002000F5AC5492A816F09AFD929DA81CC3
:106EF0000CD016F098FD681C26D116F052FF002920
:106F0000BCD016F0F7FA16F091FAE7E705209EE7F5
:106F10001C9941F27050D8F800200C1892A816F075
:106F20007FFD929DA81C00F0708516F07CFD681C0A
:106F30000AD116F0B3FE0AF0CAF80029C5D016F03F
:106F400039FB16F0F1FAE3E716990120087017985B
:106F5000EFF7BAF91C9C41F2F8304FF49672211801
:106F600021A82CF06BF801208AF8980141F22550F5
:106F7000215A20449AF894418078022CADF8801070
:106F80008DF8820001D11A995CE7189D95F8580197
:106F9000C21E042A18D805F5B07105F5AE70DFE8F9
:106FA00002F003110A0E0600EFF782F90CE0084622
:106FB000EFF78AF908E00846EFF79AF904E0EFF7EF
:106FC0006BF901E0EFF7E6F81A9901204FF4967299
:106FD000087021A91C9D17F005FABDF8800000215A
:106FE000A5F82D019DF8820085F82F01002085F875
:106FF0002C4192AE602905D0721870500C31C2E954
:107000000100F7E76CA8314660222CF017F8DAF897
:1070100036000022DAF83A100023AAF82420302B98
:1070200004D0F418F2500633A280F8E754461C9DB1
:1070300054F8302F41F26C43C4E90F01E818A188DD
:10704000818041F20440EA5028446CA960222BF070
:10705000F5FF41F2CC3031462844302219902CF013
:10706000C7F8CE49002084F8B2000DF5F968C4F8DD
:10707000A4001894C4F8A800C864C949C1F808025B
:10708000C849CDF8D417C849CDF8D017C749CDF8AD
:10709000CC17C749CDF8C817102805D018F800102C
:1070A000494231540130F7E73146404691E83C000F
:1070B0004FF0040C3CC0424641F2F0401C998AF863
:1070C00070C1084492E83A003AC0012100208AF8D1
:1070D0007811B849CAF8721100218AF87101CAE919
:1070E0005400AAF876C18AF82600022903D026F8AF
:1070F00011000131F9E700204FF09671AE4BCAE95B
:1071000064104FF4FA61CAE960008AF8AA01AAF88B
:10711000A801CAE966000220929A8AF8380040F66F
:107120001830CAE90C102021CAE9682392A82BF074
:107130008EFEA24E012106F12000D0E84F2F002A3A
:1071400040F06984C0E8421F002AF6D1BFF35F8F88
:1071500092A93046202220252CF04AF890494FF47D
:1071600080408E4A964C08604FF48070C2F8EC0064
:1071700040F20160D0610E21C2F804039148016021
:107180002821A160062121604FF0C86181614FF084
:10719000FF308D49605008208C49C1F8800108609B
:1071A0000C208946106010F0FBF940F201725FF884
:1071B000343DAAF8D821A4F5A0624033CAE974018D
:1071C000CAE970364FF4A261CAE9725292AE3046F3
:1071D0002BF03DFE7E48012100F5A260D0E84F2F44
:1071E000002A40F01884C0E8421F002AF6D1784DEA
:1071F00031464FF4A262BFF35F8F17F0F3F867498F
:1072000040F20130664A0024724B086288624FF4F3
:10721000004050604FF4003050600F209860112102
:107220006D4801604FF000414160072119604FF047
:107230008041846481616449C0F8B4404FF0FF30FC
:1072400058500820C9F88401C9F804004FF40050D0
:1072500050600D208DF8480292A81A9005F080FF2A
:107260000220022C04D004EB440101347054F8E7EE
:107270001C9B41F28C4292995446CDF8C8174FF0AE
:10728000010C99509918BDF84C0240F603528880C1
:1072900041F23431ADF8CC07002044F8E80F5FF834
:1072A000243E21634FF400312161022184F85D10F6
:1072B000383384F822100DF58051A4F85020232291
:1072C00084F84820434A81F8A00240F2016127F87F
:1072D000441C0DF62851A2F5A06298910DF5955128
:1072E0009691A7F14401C4E9103260606063C4E97B
:1072F0000A00C4F81E00C4F81A00A4F86000E5648F
:10730000A063A4F8250017948DF8C8078DF8280D00
:107310009C90ADF86C02CDF86882ADF86402ADF8CF
:107320005C02ADF85402949192A92C4B01F10D022C
:107330005DE052F8054C2678012E51D11849994646
:107340006378164E12F801EC202B884628BF06F110
:10735000EC0106F1F00638BF08F10406ED0718BF8E
:107360000E4603F01F010CFA01F13160A8F502711D
:107370006378202B03F01F0338BF4FF0A04101EBCF
:1073800083014FEA0E230333C1F800374B462178BF
:107390006478C90708BF4FF0004423E01C07005081
:1073A000080500500001FF00FF000001010000FF80
:1073B00000FF01000000FF1A0100000114E7032094
:1073C000003500400C35004008FEFFFF00E100E002
:1073D000848B0320003502400C35024004C5014077
:1073E0004FF0004403EB800101300832CC650428E3
:1073F00009D052F8014C04F47F44B4F5007F1CBF5F
:107400001578022D95D1C4494FF0FF3001220DF5BA
:10741000047CC1F808030020C1F80002C1F800256F
:107420000422869140F20161ADF81C120DF58051E5
:10743000CDE9840091F8A1128DF81F129DF8291D45
:107440008DF821129DF8C9178DF8231219468DF871
:107450001E028DF820028DF82202C3F81CC01A62A9
:10746000586298620223CB6008608A604FF47A7297
:107470004A6008611A999CE87C007CC140F20112C4
:10748000A649682800F0CE820C18683004F1180371
:1074900016F0FAFD03D116F0F3FDF9D102E0BFF3C7
:1074A0002F8FEEE79E48606204F1280092A9EAF768
:1074B00088FA15F053FF9B4917F02FF8582800F071
:1074C000B78216F0B8FF16F0DFFD03D116F0D8FD35
:1074D000F9D102E0BFF32F8FF0E7934816F0E8F9F7
:1074E00015F03CFF914917F018F8582800F0A382D6
:1074F00016F0A1FF16F0C8FD03D116F0C1FDF9D1B9
:1075000002E0BFF32F8FF0E7894816F0D1F915F0AC
:1075100025FF884917F001F8402800F08F820C18E9
:10752000403004F15003383416F0AEFD03D116F0AC
:10753000A7FDF9D102E0BFF32F8FEDE77E4860622F
:1075400004F12800EAF75AFA15F008FF7B4916F013
:10755000E4FF582800F0758216F06DFF16F094FDD8
:1075600003D116F08DFDF9D102E0BFF32F8FF0E7C4
:10757000734816F09DF915F0F1FE7248D0F8FC1032
:10758000C907714909D101224FF4A0238A60026022
:107590000B606E4B4A60C25014E0886800F009002E
:1075A000012806D10868B0F5A02F04BF486801285B
:1075B00008D06748A7F12102009012216548664B68
:1075C0000FF04FFB654A4FF00008C1F8FC204FF464
:1075D0002031CAE96C1841F2903361498AF8B881C8
:1075E0008AF827804A68D1F800E01898CAF8600243
:1075F0001C98CAE99A880344CAE978888AF86482A0
:1076000000F5B05493E8631284E8631242F44040FA
:107610000AF5F0721B990026CBF88088CBF8848895
:10762000A1F8D8090AF5C070C1F8180B0AF5A870BE
:10763000C1F8B80A1998C1F8E8090120C1F8D009C1
:107640000AF5D870CBF898081798CBF824050AF5F6
:10765000E070CBF8A0031C98CBF800000AF51A7074
:10766000C1F8908BC1F8948BC1F8148BC1F8108BC2
:10767000C1F8B48AC1F8B08AC1F8E489C1F8E089D8
:10768000C1F8D4E9CBF85084CBF85484CBE9E68830
:1076900081F8208B81F8C08A81F8F08981F8DA8935
:1076A0008BF8A0888BF829858BF8A8838BF80F803E
:1076B00017901C9943F27810144608441D9909F05C
:1076C00053FD2246DBF85054DBF8544405EA04002D
:1076D000013000F0808255EA040018BF01201690A6
:1076E0001A94CDE9186540F036829BF82905159269
:1076F000DFE810F038004809480960016C01A50373
:10770000F2039C036701E603DC03210448043F0401
:10771000530460040F031D0300C0014018D603206A
:1077200021C6010080D60320F1C6010030D7032016
:1077300069C7010060E70320F5C70100D8D6032020
:107740002DC701000403014004050140FCFCFFFFBC
:1077500030C504001CC50400E4C404003546526E64
:1077600060000010DBF82405CBF8200592A811F08A
:10777000D5FEDA48DDE99259949C0068C00541F0D5
:107780006E80D74811F03CFCD649086D052880F082
:107790005B81013008650868D1E902C201300860E8
:1077A000CE480068C00541F05A80CF4B18680028C9
:1077B00040F02E81186D062880F054810130186544
:1077C000C64800212E461960D3E902510068C00561
:1077D00041F04580C54B1868002840F01981D86FEA
:1077E000072880F049810130D867BC48CDE91116DF
:1077F0000021CDE90F5CCDE913291960D3E90265B9
:107800000068C00541F02B80B54811F085FBB84BEE
:10781000D3F88C00042880F03B810130C3F88C0041
:107820001868D3E9022101300C960E9409920D914B
:10783000186092A811F01AFF9298079093980B90F5
:10784000949C92A811F054FF9298069093980A90F5
:107850009498089092A811F083FFA048DDE99291D6
:10786000949A0068C00540F0FA87A24E306800285C
:1078700040F0CE80306CCDE902210028CDE90445EE
:1078800040F014810120306400203060D6E90850B7
:10789000019092A811F0A6FF9048DDE9924E949ACB
:1078A0000068C00540F0DB8793480368002B40F078
:1078B000AF80436D022B80F005810BF58B6C129924
:1078C000CBF8D8540025CCF800100699CBF8B814A2
:1078D0000799CBF8A8140999CBF898140C99CBF810
:1078E00088140F99CBF878141099CBF86814029982
:1078F000CBF8E844CBF8C8940560CBF8D0140899CD
:10790000CBF8C0140499CBF8F024CBF8B014784924
:10791000744ACBF8A0147549CBF870240E9ACBF8B2
:1079200090147149CBF86024149ACBF88014CBF8EA
:107930000005CBF8E064CCF804200199D0E90224DA
:10794000CBF8DC140399CBF8CC140A99CBF8BC140F
:107950000B99CBF8AC140D99CBF89C140599CBF886
:107960008C141199CBF87C141399CBF86C14591C16
:10797000CBF8FC44CBF8F824CBF8ECE4416557484D
:107980000068C00540F06B875C49DBF820051A9C55
:10799000C9680A0C090A81740121C274DBF8200548
:1079A00080F861108BF84055DDE91865DBF820059B
:1079B000CBF8380515F0A8FCFAF754F958B10320B4
:1079C000C6E0DBF83045DBF8341554E2DBF89846C6
:1079D000DBF89C1606E2DBF820050BF5A169002612
:1079E0000168C9074FF000010CD0D0E902450FF043
:1079F000D7FD22462B4610F085F80BF5A26233C264
:107A00000121199DC9E9001679E10620FFF71FBA87
:107A100033480FF0D7F83A4879213A4ABFF32F8F0D
:107A20000DF07CFD92A80FF0FDFE3748FFF7C2B9BC
:107A30003648FFF7BFB93648FFF7BCB93548FFF7FE
:107A4000B9B93548FFF7B6B90868344B013008605A
:107A50000020B8218DF848023148009092AA3148A0
:107A60000FF0FFF80020B62118608DF848022E486C
:107A7000009092AA2D4808E00020B92118608DF8E6
:107A800048022B48009092AA2A48244B0FF0E9F8AC
:107A90001868B521013018600020204B8DF848028D
:107AA0002548009092AA25480FF0DBF800201B4BD8
:107AB0003060C0218DF848022148009092AA2148E8
:107AC0000FF0CFF80021154B01601F4800901F48B0
:107AD0008DF8481292AABE210FF0C3F804ED00E021
:107AE00090C4040080E4032088E30320F0E4032032
:107AF00028E1032040E30320E0E203202C8A032056
:107B0000809D0400BC9D040048990400589904001D
:107B1000689904007899040088990400D4C404008A
:107B200004C704004BC604005CCE0400A4CD0400CE
:107B3000C4D0040008D00400C8C8040010C8040061
:107B4000FCCB04003CCB0400F8CF040038CF040089
:107B5000159A8BF82905DBF88008DBF8841850EAC1
:107B6000010918BF4FF001092FD1E04E0BF6880430
:107B7000DF4D9BF8A0081592B8B9DBF89808CBF850
:107B80009C08007A00F0070006EB8000C0F8FC5269
:107B9000DBF89C08D0E9002392A80FF09FFF16F0B5
:107BA0003BFCC4E900128BF890081D980168204640
:107BB00010F02EF810B9DBF89C08E2E7159A0320C4
:107BC0001A9CDDE918658BF8A008169800EA0900F0
:107BD000012800F078804FF0FF3305EA080004EA3E
:107BE00006015840594008436BD01068DDF86CB06E
:107BF000DDF8748018B1012840F08B8283E29AF896
:107C000064020AF5F47970B19AF81002042812D0CF
:107C100003281ED19AF85C0200283DD0032865D1C4
:107C2000DAE9952042E200208AF81002DAF86002D0
:107C3000CAF808020FE09AF820020AF5087BDFE88C
:107C400010F005005500A10637002E00DAF81C627E
:107C500095E2DAF80802CAF80C02A6480068C005E6
:107C600040F0FD855FF8880111F0F8F9A24C606CD6
:107C700068BB0120D4E90256606415F005FE92A8A5
:107C800011F0E8FD92AA0AF5FC73CAE97A5607CA10
:107C9000CAF8F04107C3D0E2DAF81812D3E29AF832
:107CA0002802C00725D19AF82942DAF8246271E245
:107CB0009AF82A02C0071FD1BAF82822DAF82462FB
:107CC00092E203F017F90BF58A6003F031F92068AE
:107CD000B7215FF8B8310130206000208DF84802EC
:107CE0008648009092AA86480EF0BBFF85480FF0A8
:107CF00024F885480FF021F884480FF01EF8DBF8CF
:107D00002025907F90B3002016F07CFB01208BF89B
:107D100028051C9944F2D8100DF5F96516F0A9F85C
:107D20009DF8C807FF2800F04E8115F0A3FB15F061
:107D3000B4FA002840F04A819BF828050128DED1DA
:107D4000DBF82005807F0028D9D1DBF80805C007C3
:107D5000D5D00FF025FCDBF81825DBF81C350FF02B
:107D6000D1FECBF81005CBF81415C8E71C9944F2E6
:107D7000B810DBF808650C1892F86100012867D18B
:107D800002F1280999E823020FF09CFE00232A1A29
:107D90001D4679EB010345F1000090F0010F1CBF77
:107DA0000023002292A8002E00F0B2800FF096FE71
:107DB000DDE992239DF850021C998BF8A80644F245
:107DC000C01001448BF894560BF58B60CBF89846A5
:107DD000CBF89C16CBF8A026CBF8A436CBF8300510
:107DE000DDE9186516F098F91A9C30B31D9D44F230
:107DF00048301C99084429680FF00AFF002868D011
:107E000092AC0BF5A6612A46204602F06BF99DF86C
:107E10004852FF2D00F0E080611C0DF5F9640B2243
:107E200015F09FFC15F04DFA15F0D8FB15F035FA5A
:107E300000283FF464AF07208AE616F0FBF815F03F
:107E400063FAF9F7EFFE00283FF459AF05207FE60B
:107E50000020002E00F09F801C998BF89C0644F2B5
:107E6000C01001440BF58B60CBF83045CBF83415CE
:107E7000CBF83805189E16F04FF9F0B11C9992AC6A
:107E80001D9A44F2E0100144204602F02BF99DF8BF
:107E90004852FF2D00F09C80611C0DF595540B227B
:107EA00015F05FFC15F00DFA15F098FB15F0F5F9DB
:107EB00000283FF424AF0A204AE61A9C16F0BAF8CC
:107EC00015F022FAF9F7AEFE00283FF418AF0920AA
:107ED0003EE6199D16F0B6F815F016FAF9F7C2FE4F
:107EE00000283FF40CAF062032E600BF0403014037
:107EF0003546526E04ED00E078E50320C4CC040062
:107F00000CCC04006491040038940400289404000C
:107F10000FF0E4FD16F080FA8BF8A0060BF58B60ED
:107F20008BF89456CBF89816CBF89C26CBF83005F6
:107F30001A9CDDE918651C9944F2403008441D99EB
:107F400009680FF065FED8B192AC1D9A0BF5A661D9
:107F5000204602F0C7F89DF84852FF2D3AD0611C28
:107F60000DF628540B2215F0FCFB15F0AAF915F0BC
:107F700035FB15F092F900283FF4C1AE0D20E7E57E
:107F800016F060F815F0C0F9F9F76CFE00283FF420
:107F9000B6AE0C20DCE516F035FA1C9944F2D81088
:107FA0000DF5F96515F065FF9DF8C807FF2808D0A5
:107FB00015F060FA15F071F900283FF4A0AE0F201B
:107FC000C6E50E2000E01020189E06E01120BFE557
:107FD000082002E00B2000E00420DDE91954B7E599
:107FE00015F0E5FE29B10022CAE97401CAE976124A
:107FF0004EE0179C1699012008702046EEF778F99C
:10800000FEF7A8BF15F076FA15F010FA1C980DF5DA
:10801000F965D8F8002000F5AC54284615F000FDAD
:1080200016F047FA09D00DF6285615F03DF9DDF89F
:10803000280D01307EF494AD02E00620FEF742BD2B
:1080400015F0AFFE0029DDD1179C15F027FE09F0D1
:1080500024F800293EF41EAF00221794CAE97801E3
:10806000CAE97A12ECE71C9941F27050D8F8002066
:108070000DF5F9650C18284615F0D2FC16F019FA22
:1080800011D092AE15F010F9929801307EF468ADDF
:1080900015F004FE09F01BF80029A1D015F08AFAAA
:1080A00015F042FADFE70720FEF70CBDCDF8C80750
:1080B0000024DFF8800C002695900DF5F96094906F
:1080C000DFF8740C93900DF62850CDF8282D92907F
:1080D00092AD102C0DD02919285949680A694146DA
:1080E0009047C1B20834FF29F3D0022932D10126CA
:1080F000EFE7F00700F0BA8303208AF864028AF8F9
:1081000010028AF85C021798006848B1012800F054
:10811000F785DFF80C0C2221DFF8082C0EF0F1F8BF
:108120009BF8DA096E4E002800F0A180032840F089
:10813000A8839BF83B000BF12002DFE810F005005C
:10814000A6032304D502C1021992DBF82810DBF83C
:1081500030501EE2D0D00121DAF80C628AF85C12AD
:1081600000218AF82012C1075E490AF5087B1CBF6E
:1081700040F20111CFF6FF710840CAE986069AF86D
:108180001802C0072CD09AF8190200F0010420024E
:10819000CAE98960DFF8A40B0EF0BCFEDFF8A00B83
:1081A0000EF097FE20460EF0CFFE0FF01BF80021D8
:1081B0004FF00108012244B1317A002202291CBF8C
:1081C000707A0A4602F001010022C0B241EA0020A2
:1081D00040EA0241304611F097FB8AF8288225E0F8
:1081E000BAF81A22CAE98962357A022D08D1D6E98D
:1081F000000106F079F8C0B23B4941EA00210FE0E6
:10820000B47A84B1D6E9000196F8098006F06CF8DA
:10821000C0B20DB1804506D0000240EA0440411CC6
:10822000304611F071FB01208AF82A020120DDF8A6
:1082300074808BF80000DDF86CB00020CAF818924A
:108240008AF85C02494600200122CAE987211031E0
:10825000CAF838220AF507728AF850028AF83402FE
:108260000AF50E70CAF83C12CAE995201EE7DDF83F
:108270007080DBF8D00908F5B05C1A908AA91991D2
:108280009CE87D007DC143F26C1008EB000158F8BA
:1082900000008988ADF844124FF45E71909092AC62
:1082A000201D2AF0D4FD41F69C4000264044214682
:1082B0004FF45F72CAF808692AF0C0FEDFF89C5AD2
:1082C0000AF608101890B6F5B06F0FD0A01929461D
:1082D0004FF4B0722AF0B2FE06F5B076F3E700BFB5
:1082E00004ED00E00100FFFF010002001C9E42F2CD
:1082F00014204FF000094FF4B062CAF8809E304459
:1083000092A92AF09BFE0DF580500DF5F968202109
:10831000CAF8789E80F82C910DF58050CAF87C9EA2
:10832000C0F828910DF58050CAF8909CC0F82491AF
:108330000DF58050CAF8889CC0F8209140462AF07C
:1083400086FD0DF595554146284614F0BBF8A7F17A
:1083500044042946204612F053FF0DF6285B2146BF
:108360000BF52E7014F0FCF808F1090029464FF4C3
:108370009C722AF03DFF0BF52670214615F0D9FAC4
:108380000BF257100225414640F24112CDF85C9D98
:108390005C46CDF8589DCDF8549DCDF8509D8DF894
:1083A0007E5E8DF8489DCDF8409DCDF8389D2AF031
:1083B0001FFF0DF5805103204FF0010B4FF4AB620E
:1083C00081F828000DF580500DF58051C0F82090FF
:1083D0000DF58050C0F8F8900DF58050C0F8F09081
:1083E0000DF5805080F840900DF58050C0F83C901D
:1083F0000DF58050C0F838900DF58050C0F83090E1
:108400000A20CDF8340D0AF68840CDF8300D0DF570
:108410008050C0F81C910DF58050C0F814910DF5F6
:108420008050C0F80C910DF58050C0F804910DF506
:108430008050C0F8009106A800F59350C1F87092E2
:108440001899C0F80090C0F83790C0F83390C0F881
:108450002F90C0F82B9008F10700CDF8281D214679
:10846000CDF82CBD2AF0C4FE41F219604146341803
:1084700040F25F5215F075F904200AF56861CAF8F8
:10848000EC0706F5DC50CAF8E81728212AF024FE8C
:1084900041F6BD300DF59551304413228AF82C98E1
:1084A000CAF82498CAF81C982AF0A2FE4FF0FF30B0
:1084B0000AF67861CAF8B008CAF8B4084FF0E1705B
:1084C000CAF8980841F670403044CAF8D818152107
:1084D000CAF8DCB8CAF8D098CAF89C98CAF8A0982C
:1084E000CAF8A498CAF8A8988AF89498CAF88898FC
:1084F000CAF88C988AF88458CAF87C98CAF8709898
:10850000CAF874988AF86C58CAF86498CAF85898E7
:10851000CAF85C988AF85458CAF84C98CAF8409837
:10852000CAF844982AF0D8FD909841F21961705029
:108530009290BDF844028DF84EB2ADF84C02DDF8D1
:108540004B02C4F8030041F228608AF888B2304434
:10855000CAF8F898DDF86CB092A913F0DBFEDDF8EC
:1085600064C042F29C7030449CE87E007EC05D4650
:108570000AF522701A99CD4ECBF800000BF12000BD
:108580008BF83B90CBF828108BF81C90CBF830B0D0
:1085900019900020CBF82C100024EDF713F929686E
:1085A000281D0122CBE90801297F2A77012900F043
:1085B0006481CBF84C000BF15801CBF844000BF26E
:1085C0008129CBF83C002868ABF88042CBF85000FA
:1085D000CBF84800CBF8400000208BF859408BF8CE
:1085E000680116208BF858000BF5B478DFF83807CF
:1085F00000F15004CBF8604192A814F0F4FECBF8DF
:1086000064413068C00540F02A8120780022E1787A
:108610000228227015D0B4F801208DF8C80742EA6C
:108620000141D4E90123080CADF8C9170DF5F96132
:108630008DF8CB072046CDF8D037CDF8CC2704F005
:10864000A1FD1C9942F608104FF48472084492A9C7
:1086500029F044FFDFF80807CBF878021D9801687D
:108660000BF5B8700BF070FA08B1032092E0DBF85C
:108670006441CBF870413068C00540F0F08021784B
:108680000022E0780029227049D0D4E9015601295E
:108690004DD11D980068D0E90010864208BFA9425C
:1086A0006ED009688847CDF8D0170DF5F961CDF87F
:1086B000CC07012015F07BFD69683046884768E0EB
:1086C000584650F8401F4268114369D0DBF828141F
:1086D000DBF82C24114300F006830BF5856402F0CF
:1086E00013FC204602F024FC9BF881020BF1580198
:1086F0000BF28129199200283FD0032840F0C9804D
:108700009BF868010BF5B478DFE810F00600C700AD
:108710003C0105006300A1E7DBF860416CE71D98B0
:1087200015F0F0FCCDF8D017CDF8CC072CE0B4F85C
:10873000011041EA0042D3B2FF2B2AD001204FF0B2
:10874000000E022B88F8000089F8000047D0D307FC
:108750004FF0000344D0330602F47F0243EA1523AE
:1087600042EA05621B0C120CABF839302B0A42EAC4
:1087700003420123CBF8352032E09BF880422BE7FF
:10878000CDF8D067CDF8CC5701200DF5F96115F083
:108790000EFD042088F80000032089F80000AAE2FA
:1087A000594611F8940F042800F03382032813D19E
:1087B0001C9942F630000BF224450C189BF8240457
:1087C000002850D003286CD1DBF81804D0F80080C2
:1087D000A4E0DBF870414EE7DBF860E02EE0002318
:1087E0001C98D84608F8343F42F2D47300EB0309D2
:1087F0000DF5F96C99E84F08654685E84F0842F297
:10880000E070DDE91BB94844CBE910EE9CE87E003E
:108810007EC042F2C471584600F894EF4944C0F853
:1088200038171999C0E9E5EE80F84BE74FF0010ED3
:10883000C0F83C87C0F8401740F834EC1C9A42F26C
:10884000E07042F2FC7102EB000C11449CE87D00E8
:108850007DC11648CBF87CE00068C00528D0DFF861
:10886000CC04FEF72EBBDBE9DC0131E0DFF8D404F9
:10887000A121DFF8BC240CF051FEDFF80C05FEF757
:1088800020BBDFF8D4040EF058FADFF8C8040EF06D
:1088900054FADFF8BC040EF050FADFF8B0040EF022
:1088A0004CFADFF8A4040EF048FA00BF04ED00E033
:1088B000DBF87C1000201C9B42F630028BF824046D
:1088C00042F2FC701844CBE9DC019C180BF2244501
:1088D0000BF560780022CBE9820100F1080110302D
:1088E000CBF89C100BF55E710BF21443CBF8AC0384
:1088F0000BF50270CBF878438BF8AA208BF8B123E4
:108900008BF832230BF55F72CBF81484CBF8183454
:10891000CBF81C24CBF82014CBF87C0398F831005A
:1089200018951A94DFE800F004262E0F19992200FA
:10893000002088F83000D8F82C00C8F8280015F07E
:10894000BBFBC8F834001D9908F1340006F0E0FFC5
:108950000321002800F0D18015E0C14619F83C0F32
:1089600028B103280AD1D8F838501AE0B4E0D8F872
:10897000340012E0DFF8F0030EF0DFF9DFF8E40373
:108980000EF0DBF9FEDED8F828000021C146406871
:1089900009F83C1F083049F8080C00F57E75C8F846
:1089A00038502868002840F0B3814FF0FF30002194
:1089B0002860287B012804D105F5AC700EF0D8FFA3
:1089C000297BD5E90102904201D1C90716D00021C7
:1089D0002973411C00EB8000B1F1100218BF0A4658
:1089E0006A6005EB8001486940B110310DF62852EC
:1089F00051F808CB91E8580058C209E01D9815F0CD
:108A00000EFA05F5A8700EF0C0FFDDF864C0002076
:108A10002968013129600121002808BF032189F854
:108A2000001044D00DF6285105AA02F5945291E8A1
:108A30007000134670C3C8F8000008F1040092E803
:108A40001A001AC0002088F84400D8F82800CDF891
:108A500064C0A8F840C0C8F8340008F134090DF526
:108A6000127B1D9A58464946FAF7A8F992980228AF
:108A700003D10521DDF86CB03FE00120594688F8AC
:108A8000300008F1100C91E87D008CE87D00D8F8EA
:108A9000100001280DD198F81490B9F1140F00F0CE
:108AA000DD80B9F11C0F40F0E680B448D7E0042126
:108AB00023E00BF10400494690E87C007CC1D8E932
:108AC000020106F089FF0022C8F8689088F86D203E
:108AD000C8E91401DDF86CB01D9808F148050DF6E1
:108AE0002854294602682046FDF7CCF89DF8289DB9
:108AF000B9F1FD0F40F09A80062188F83110DBF8BB
:108B00001C04016892ACDDF8748020464246EFF701
:108B100095FD9DF84892B9F1FD0F0DD1DBF82004C9
:108B20004246016892AC2046FAF718FB9DF848923D
:108B3000B9F1FD0F00F0CC80611C0DF5955014F0DB
:108B4000D8FD1A9C9BF8B10305280DD0062812D138
:108B50001C9942F660300844EDF73CFCDBF8B803A2
:108B6000BBF8BC2314F0DCFCDBE9E00114F0BEFA36
:108B700000208BF8B003A07CA0F10E020B2A14D8C1
:108B800004F1180104F11400DFE802F0060F0F0DE4
:108B90000F0F0F0F060A0F0A0846EDF764FB04E0FB
:108BA000EDF756FB01E0EDF7FEF90DF595500DF5EB
:108BB000945178C80A4678C25C460388807804F8E5
:108BC000809F9070012013801C9A84F8A40342F6C1
:108BD0001900104414F08DFDB9F1FE0F3FF468AE9A
:108BE000DDF8689015F08AF866480EF093F948466B
:108BF000DDF87480ECF7D0F90EF0F4FA92A840F6A4
:108C0000CD4214F02DFF15F007FCCBE92C128BF8A8
:108C1000B8001C9942F648000844D8F800100EF03D
:108C2000F7FF00283FF444AE042054E0611CA7F194
:108C3000440414F06DFC2846EDF7CCFBB9F1140F99
:108C400018BFB9F11C0F25D149480EF06FF9D8F8BB
:108C50003800B8F83C2014F063FC04E046480EF0FD
:108C600065F9DDF86CB0D8E9000114F03FFA002096
:108C700088F8300087E600200BF1050188F8300005
:108C80000DF5955014F035FD3D480EF04FF9DDF827
:108C90006CB013E0B9F1FE0FD9D02ECC0DF5955084
:108CA0002EC021880180A178817032480EF03EF9F3
:108CB000D8F83800B8F83C2014F032FCD8E90001AC
:108CC0001A9C14F013FA4FF48070A8F8300039E7BA
:108CD0001899032008708BF89400DBF82804DBF85F
:108CE0002C14084306D11C9942F6C830084441466A
:108CF000F5F7F2FA04208BF83B0003208BF8DA0931
:108D000005208AF828000DF5A05D01B014F0D2BC52
:108D100016480EF0FFF811F08FFCFEF780B800BF88
:108D2000BCA20400E0A2040098E60320B100000009
:108D300064910400509104003C9104003B00000049
:108D400004000000A08F04007C8D0400DC8E040071
:108D5000189904002C8F04000C8F0400B83504000F
:108D6000E0D9032048970400A8960400C70000003B
:108D70007F000000740000008300000084000000F9
:108D800073000000C4000000FA000000F0B503AF5B
:108D90002DE9000FADF5137D044691F8A4008B4634
:108DA0001594129208B3032840F0C2865E4616F866
:108DB000A00FA6F17C0A002847D0032840F0BB860C
:108DC0005B4613F8440F1493DFE810F00500B80673
:108DD000C7064600D4029BF84580DBE90B01DBE9BE
:108DE0000F95CDF84CA0119663E1DBE900961121B7
:108DF000CBF808606EAD15F053F805F1110037900F
:108E000030783595DFE800F006816A715AB9BE7F87
:108E1000C868C05171780020B2788DF8B8018DF81B
:108E2000B911012A1DBF8DF8BA01B6F80300ADF8DB
:108E3000BB01012001BF8DF8BA01F07831798DF8BE
:108E4000BC0108BF8DF8BB11C9E09BF8A180DBE92C
:108E50002595DBF89C401BE1D84618F8900F0028B8
:108E600000F0A880032840F06C865D4615F8880F56
:108E7000002800F0F081032840F06686594611F87A
:108E8000860F0B91002800F0028203280A9540F01B
:108E90005E86D94619F87E0F002800F0F382032879
:108EA00040F05886DBF86400A2E30B208DF8B8018F
:108EB0007078022840F08380002069E004200121BE
:108EC0008DF8B801681C3690072900F08A80725C22
:108ED00001306A540131F7E7092056E07178022029
:108EE0008DF8B8018DF8B9117AE00320B178F278E5
:108EF00033798DF8B80170788DF8B9318DF8BB11E0
:108F00008DF8BA2169E007203FE04FF0010AB07BFD
:108F10008DF8B901A81C8DF8B8A1D846369035ACAB
:108F20004FF0000BBBF10C0F5DD006EB0B0041794D
:108F3000012906D1DDE936128A425FD081F800A00E
:108F400005E0DDE936128A4258D000220A70379BCC
:108F50004A1C934252D002794A700231B0F90200A1
:108F60003691410081EAE031204610F04FF90BF1D3
:108F7000040BC0430006D5D040E005208DF8B801B1
:108F800001202DE0062000E00A208DF8B80170785D
:108F90008DF8B901022023E0082071888DF8B8010E
:108FA000681C369035A8D84610F030F9C04300064A
:108FB00019D023E0BBF88C40DBF84C50B2E0AA1C7F
:108FC00001213692C007F2788DF8B9118DF8BA21D7
:108FD00000F058818DF8BB11B0788DF8BC010520E8
:108FE0002844D8463690359840B1A8421CD0DFF8C6
:108FF000900B0DF09BFF20A903200DE0DFF8A40BE0
:109000000DF088FF022010F02BF90EF0EBF8032092
:109010008DF88000002086A90870C3469DF8801056
:1090200001209DF8182206E1DDF8D8C00DF59C7EE0
:1090300056CDC3467346ACEB000056C34446297870
:1090400044F80C0F08F110001970BEE82E002EC075
:109050009EF800100170DFF82C0B0DF05BFFDFF8BD
:10906000280B0DF036FFD8F8080010F01BFD0EF0AD
:10907000B9F8464659F81E5B4FF480704FF001086E
:1090800026F8A00FA6F17C0A46E9039546F8044CA1
:109090002046CDF84CA0119610F0AAF800225B46AD
:1090A00003F8442F149383F8018043E9029543E9C0
:1090B0000601CBE90901DA46CBF83490B8F1000F8C
:1090C000D5E9026B10D0B9F804302A46DBF820400D
:1090D000CDE900016EA83146A0479DF8B881B8F1EE
:1090E000FF0F58D1DAF83490B9F8000000284FD0BB
:1090F000B9F802403046CAF838502946DBF8183033
:109100002246984700285CD00020D04608F8900FEF
:10911000D346119E58F85C0C28F8044C48E9120517
:10912000DDF84CA0ABF88E400BF15002D5E90201FE
:1091300023C222460B6B29469847C00700F0D78010
:10914000DBF858000C460179006805F048F978B161
:10915000DBF85800037914F062FE6EA805F057F9A9
:109160009DF8B801FF2879D19DF8B901002875D084
:1091700010940120149A88F800004FF002089DF81E
:109180005E008DF85A00BDF85C00ADF858001FE095
:109190004FF0140817E0BDF8C901ADF858009DF86C
:1091A000CB018DF85A0070980F906F980E907198BF
:1091B0000D909DF8B9019DF8C851BDF8BA91109075
:1091C00001E04FF0FF08119ED346DDF84CA0149A41
:1091D000012450461470ECF761FF50463470ECF7F0
:1091E00069FFB8F1FF0F03D1DBF80C30002022E05B
:1091F0000E986F900D98719010988DF8B901BDF888
:109200005800ADF8C9019DF85A008DF8CB010F98B0
:109210007090DFF88C098DF8C851ADF8BA918DF8CF
:10922000B8810DF077FE6EA812F086F90DF0DAFF26
:10923000042101200122C9B2D2B2159C120442EAD3
:1092400001210844C4E9000301208BF8A4000DF5B6
:10925000137D14F02FBADBF85C1007E000205D46A8
:1092600005F8880F55F8301C45F82C1C08685B463B
:109270000A79002103F8861F0B9303F8022C43F8A8
:10928000060C08E000208DF8BB010420A8E69BF83E
:109290008420DBF880008BF88520CBF8600014F088
:1092A0008BFB90F85C23CDF83080042A07D190F82E
:1092B0005F33002B00F08B804FF0FF0801E04FF090
:1092C0001C0814F072FC0B990120042A2870087005
:1092D0007CD1DBE91403BBF88E20DBF858101B6B44
:1092E0009847DDF83080C00701D0109141E7149A0B
:1092F000012088F80000CDE913A24FF0000ADBE955
:109300000D23DBE909019288CDE97001FF20ADF85A
:10931000BE21ADF8BCA18DF8B80119681A794EA824
:109320006EABECF7BDF99DF83881B8F1FF0F37D17E
:109330009DF84821BDF849018BF858208BF88CA086
:10934000DDE9122A9DF84B11ADF8D400ADF8B80153
:10935000ABF85900DBF83800519C8DF8D6108DF829
:10936000BA118BF85B100BF14801DDE94F3529C1CB
:10937000CBF854400BF1480411462046FCF7A6FDFB
:1093800040B1159C0420149908700320022130700C
:1093900021705AE72046EDF740F84FF0FF0816E736
:1093A000BDF84901ADF858009DF84B018DF85A0001
:1093B00050980F904F980E9051980D909DF839014C
:1093C0009DF84851BDF83A911090FEE6B7E190F84B
:1093D0006723D3071FBFB0F86C33ADF83C31D0F82A
:1093E00068334E93B0F85432D207ADF8BC31D0F8A0
:1093F00050320A95CDF84CA06E934EAB6EAA18BFB2
:109400001A4690F856520868B2F80480A0F101009C
:10941000D2F800A0086018BF0125DBF86000DFF873
:109420006C17103005F057F90C4690F83E110229E0
:1094300007A981E8200528D1206801382060DBF8E1
:1094400060A09BF88540DAE900126EA8234604F07C
:10945000C9FE14F065FF35D1002840F0A580DAE997
:1094600000012246CDF818B010F0E0F8834690F8DD
:109470005F0300284CD008204FF003081090DDF85F
:1094800018B08BE0DBF86C00A4E0D0F831111FFAC3
:1094900088F3B0F8352181EA0A015A401143CBD153
:1094A00090F837116940C907C6D100F120016EA8B4
:1094B00012F06EFE21689DF8B80101392160FE2886
:1094C000BDD171E09DF8C851DDE96FC2719CBDF856
:1094D000BAE11090BDF8C901ADF814029DF8CB01B6
:1094E0008DF816020B990120CDE90D4CB8F1FE0F55
:1094F000DDF84CA0159C08709DF816028DF86200EE
:10950000BDF814020F92ADF8600000F0948012E1F3
:1095100005910AF11000DFF87816119605F0CCF8E5
:109520000E46DAE90212DFF86C36804619A805F01B
:10953000E4F89BF86E0310904046DDE9195412F0F0
:1095400007FE049678B1BBF858039BF86013CDF87A
:109550000C80012940F00481BBF86513DBF861330E
:1095600001F5803206E198F83E015946023818BFED
:1095700008F12000E8F7CAFF4FF0FF08002808BFF5
:109580004FF01508DDF818B0119E1B9801680131E5
:10959000016004990868013008600599086801387D
:1095A0000860B8F1FF0F9DD10020D94609F87E0F61
:1095B000089829F80A0C079809F8080C59F81E0CA5
:1095C0000999083049F8120C49F80E1CDDF8308072
:1095D000DDE913A3DBF870105A4642F8771F1493A5
:1095E00052F8041CC2F8031042F8130C42F80F2C76
:1095F000DFF8A8150830CDF8308005F05DF813913C
:109600000446129900F53870096814F09EF894F831
:109610003E01022815D101204FF01C08139A116851
:1096200001311160B8F1FE0F89F800002BD10B99C0
:109630000320159C08700C99032008700A99087083
:10964000A1E6DBF868104FF01A08B4F835018A88F3
:109650000B685040D4F831215A4010434FF00100BC
:10966000DCD194F8372189795140C907D6D104F16A
:1096700020016EA812F08CFD9DF8B881B8F1FE0FA4
:1096800028D10320CAE79DF83A01B8F1FF0F8DF801
:109690006200BDF83801ADF8600013D0B8F11A0FC0
:1096A00016D1DBF86000F14613939BF88530D0E9C2
:1096B00000126EA804F096FD14F032FE20D10028AE
:1096C000139831D00B99012008700A99087000E6B0
:1096D00010932DE0BDF8C901ADF838019DF8CB011C
:1096E0008DF83A0170989DF8C851BDF8BAE19DF81F
:1096F000B9310F906F980E90012071990D918DE7FF
:109700001090BDF8C901ADF860009DF8CB018DF84F
:1097100062006F980E9070980F9071989DF8C851E4
:109720000D90BDF8BAE103E0CE464FF01A08109054
:109730000B99012008700A99F146012008709DF8E4
:109740006200149A0C998DF85E00BDF86000ADF8C7
:109750005C000120B8F1FF0F08707FF410ADCAE57E
:10976000039B9968CA0700F0D080DA68090A41EAC9
:109770000263120AADF87420120C8DF876200AF5F7
:10978000427C9BF867230BF5107E1C93012A09D1BC
:1097900001228DF87E20BBF86C23ADF87C20DBF82D
:1097A000682305E0DBF85022DBF85332CDF87B303C
:1097B000DDF80C801E9208F528722C9208F52072B4
:1097C000ADF8C00098F8E832CDE92AC2D8E9000225
:1097D000CDE92254CDE92DABCDE9200220A89EE8A9
:1097E0007610103080E8761008F108002F9010985D
:1097F000B0B300204FF47021CDE900106EA81CA971
:109800001EAA12F00DFA86A80A21EDF7ABF914F0A2
:109810004EFD40F0F480BDF82902ADF8B0019DF88E
:109820002B028DF8B2019DF828128998DDE9879600
:109830008A46804603F05AF8CDE90F019BF8705331
:109840009DF8014286A820A906F077FF9DF84112F5
:1098500005F1080002297ED1032C40F0808080E0D1
:1098600040F666104FF0C071CDE900106EA81CA93B
:109870001EAA064612F0D4F99DF801020C21032815
:1098800008BF08219BF870039BF8712301448DF8F1
:109890000212012A04BF01218DF8001258B19DF86F
:1098A00004029DF8051240F003008DF8040241F017
:1098B00003018DF8051286AC20A9204606F0EBFEC8
:1098C000BDF82902ADF8AC019DF82B028DF8AE0170
:1098D00088980F9087989DF841E29DF82852BDF82E
:1098E0001AA2BEF1FF0F9DF818820E9089980D9074
:1098F0009DF8190210900BD1BDF8AC01ADF814021F
:109900009DF8AE018DF816020AE14FF0050839E620
:1099100004F114090DF5C87CBEF1020FB9E81F006F
:10992000E346ABE81F0099F800008BF80000DDF873
:1099300042026C90BDF84602ADF8B40173D186A81E
:109940006EA920AAE8F795FB14F0B1FC40F0D38093
:109950004FF0010891E09DF84012022901D105F174
:109960000C001099002900F0F9800F99CDE9649658
:109970008DF89CA10870BDF8B001ADF89D019DF86F
:10998000B201CDF898818DF89F0186A820A964AA1C
:1099900006F02DFD14F08BFC31D14EA86EAD0730D2
:1099A0004E22294629F024FC9DF8064205F14F017C
:1099B0004BAD092213F0DCFE4FF00008022C3FF4FF
:1099C000E1AD35AE4EA9552214F045FD0DF1C809A3
:1099D00006CD484606C055222978039D0170022015
:1099E000314685F8E80005F1E90085F8208029F086
:1099F000FFFB85F83E4105F23F10494676E0BDF891
:109A00002902889ADDF81CC29DF82852899CBDF86D
:109A10001AE2ADF814029DF82B028DF816029DF89B
:109A200019021090AEE50E986F900D9871901098F5
:109A30008DF8B901BDF8AC01ADF8C9019DF8AE01D2
:109A40008DF8CB010F988DF8B8814FF00D0870900C
:109A500006F114008DF8C851ADF8BAA1BCE83E007B
:109A60003EC09CF8001001706C98CDF8E201BDF882
:109A7000B4018DF8E1E1ADF8E6010DF091FD4FF490
:109A8000702200234FF000090EF03CF8CDE97A0176
:109A90004EA8073031464E22354629F0A9FB9DF8E5
:109AA000066205F14F014BAD092213F061FE022E53
:109AB00000D135E035AC4EA9552214F0DAFC0DF199
:109AC000C80A06CD504606C055222978039D01706C
:109AD000214605F1E90085F8E89085F8208029F015
:109AE00087FB05F23F10514685F83E6114F0DCFB20
:109AF0004FF0FF0846E5BDF82902ADF814029DF8C5
:109B00002B028DF8160288980F9087989DF828529E
:109B1000BDF81AA20E9089980D909DF81902109028
:109B2000DDF818B0D646119E0F9ADDE90D4C2CE5F4
:109B300012480DF002F910480DF0FFF80D480DF035
:109B4000FCF80B480DF0F9F808480DF0F6F8064857
:109B50000DF0F3F803480DF0F0F8FEDE0E4A13F0B6
:109B600026FC00BF3895040008970400C89804003C
:109B7000AC8E04009C8E0400BC8E0400289A040065
:109B8000BE0000001B000000D20100002CD6040023
:109B9000D8570400E8570400885604004090040099
:109BA000B3000000BF000000B0B502AF14F0B1FC7C
:109BB00009D148680D4619F020FB13F073FC08BF6B
:109BC000023214F047BA01480DF0B7F8489A040081
:109BD000B0B502AF14F09DFC09D148680D4619F0EC
:109BE000DBFB13F05FFC08BF023214F033BA01480C
:109BF0000DF0A3F8889A0400F0B503AF2DE9FE0F2D
:109C00008246007D48B1032814D19AF8100060B153
:109C1000032812D1DAF80C9014E0DAF80090002052
:109C20008AF81000CAF8049001E0DAF80490CAF843
:109C3000089005E051480DF080F84F480DF07DF890
:109C4000CAF80C904E48D9F808500068C00540F09A
:109C50008B802868002840F081804FF0FF30D5E9E4
:109C6000024228600223287ED9E9008B30B9D5E969
:109C70000463B342A3EB060338BF0233E41A62F174
:109C80000002B8EB04067BEB020608D20020C9F8FC
:109C900000402860C9F80420DAF80890D0E7A8EB63
:109CA0000404A34210D9D5E90431994208BF002821
:109CB00013D005F11C0214F061F991BFC3F1020346
:109CC000CB1A002104220AE0D1E9001205F12C0090
:109CD00001F02EFB0224032031E013F095FC02EB8F
:109CE000C101029000EBC30004920591039001941E
:109CF0003CB102AE019C304606F018FBC8B3013CF3
:109D0000F9D102A806F012FB98B313F0D1FB01D0F1
:109D100004680DE002A805F110010FF0D1F89DF8DC
:109D2000080002281DD005F16800029C0FF054F9CC
:109D300018F101004BF10001C9E900010120296877
:109D4000012201312960E1B2022908BF03228AF809
:109D5000100020468AF8142013F0F3BC0A480CF0D7
:109D600031FF0A480CF024FF06480DF0DFF80DF033
:109D700087F907480CF01CFFF4920400989A04003D
:109D800004ED00E0B1000000D8990400C09F040079
:109D9000B09F0400F0B503AF2DE9FE0F8946017DA9
:109DA000029039B103290DD1017C41B103290CD1B5
:109DB000C4680EE0046800210174446000E0446857
:109DC000846005E04D480CF0B8FF4B480CF0B5FF3F
:109DD000C4604B49A0680968C90540F084804A49BD
:109DE00004F06AFC8A4614F080FA90F83800D4E94E
:109DF000008B30B9D6E90C52AA42A2EB050238BF5B
:109E000001329B1A61F10001B8EB03057BEB010500
:109E100008D2DAF80000C4E9003113F01BFF029801
:109E20008468D5E7A8EB0305AA4210D9D6E90C311E
:109E3000994208BF002813D006F13C0214F09EF8A6
:109E400091BFC3F10103CB1A002104220AE0D9E932
:109E5000001206F1080001F0C3F90220032131E0ED
:109E600013F0D2FB13F05BFC059206910490019570
:109E700045B103ADDDF8049014F00FF8C0B3B9F1AB
:109E80000109F9D103A806F051FA88B313F010FBC9
:109E900002D090F800900CE006F1300004F018F8C1
:109EA0005FFA80F9B9F1020F1AD006F11C000FF029
:109EB0009DF818F101004BF10001C4E9000109F01F
:109EC00001000121DAF800200132CAF80020012245
:109ED000022808BF0322029B1A75197413F031BCC3
:109EE0000A480CF065FE07480DF020F80DF0C8F8A0
:109EF00007480CF05DFE00BFF4920400989A04003D
:109F000004ED00E0B1000000D8990400C09F0400F7
:109F1000B09F0400F0B503AF2DE9FE0F8946017D27
:109F2000029039B103290DD1017C41B103290CD133
:109F3000C4680DE0046800210174446000E04468D6
:109F400084602EE060480CF0F8FE5E480CF0F5FEF0
:109F50005E49A0680968C90540F0A7805D4904F022
:109F6000ABFB8B4614F0C1F990F87000D4E9008A7D
:109F700030B9D6E91A52AA42A2EB050238BF013223
:109F80009B1A61F10001B8EB03057AEB01050AD2D7
:109F9000DBF80000C4E900310130CBF80000029882
:109FA0008468C460D4E7A8EB0305AA4210D9D6E9B7
:109FB0001A31994208BF002830D006F1740213F01C
:109FC000DDFF91BFC3F10103CB1A0021042227E07A
:109FD00056F8085FD9E9004806F10409E8004A4646
:109FE00048B1114608384B680832984504BF0968E3
:109FF0008C42F5D146E0092D03D1304601F0C2F97B
:10A000003568216840468847082D3AD849F8350018
:10A0100009EBC5004160681C306033E013F0F4FACE
:10A0200013F07DFB059206910490019545B103ADB7
:10A03000DDF8049013F031FFE0B3B9F10109F9D173
:10A0400003A806F073F9A8B313F032FA02D090F81F
:10A0500000900CE006F1680003F03AFF5FFA80F927
:10A06000B9F1020F1ED006F154000EF0BFFF18F137
:10A0700001004AF10001C4E9000109F001000121D9
:10A0800002E0D0B902200321DBF800200132CBF836
:10A0900000200122022808BF0322029B1A751974AE
:10A0A00013F04FBB0D480CF083FD09480CF03EFF48
:10A0B0000CF0E6FF0A480CF07BFD13F07DFD06482E
:10A0C000F4E700BFF4920400989A040004ED00E065
:10A0D000B1000000D8990400A1000000C09F040056
:10A0E000B09F0400F0B503AF2DE9000FA7B089467B
:10A0F00091F864119246009079B1032940F02581CE
:10A10000D9E956C6D9F86041D9E94E85D9E9503226
:10A11000D9E95210D9E954BE77E000204FF0010C84
:10A120004C4609F5807144F8E4CFCE4689F83401F5
:10A13000CB4689F818014A4689F8FC004B4689F855
:10A14000E0004D4689F8C400C84689F8A80089F89F
:10A150008C0089F8700089F8540089F8380089F873
:10A160001C0009F58E70C9E956414946C9F86001DD
:10A170004846C9F81CC1C9F800C14EF8C8CF4BF811
:10A18000ACCF40F890CF41F874CF42F858CF43F8A5
:10A190003CCF45F820CF48F804CFA446D9F800407A
:10A1A000C9F8084004F1A006C9F8206104F190063E
:10A1B000C9F8046104F18006C9F8E86004F170068A
:10A1C000C9F8CC6004F16006C9F8B06004F150062B
:10A1D000C9F8946004F14006C9F8786004F13006CB
:10A1E000C9F85C6004F120061034C9F8406009F534
:10A1F0008076C9F8244009F58E74C9E94E85C9E90D
:10A200005032C9E95210C9E954BECDE9071051488E
:10A21000CDE903850DF190080D940024CDE90532B8
:10A220000025CDE909BECDE90BC623900DA82290EB
:10A23000494821900CA8209048481F900BA81E90D8
:10A2400047481D900AA81C9046481B9009A81A90E0
:10A250004548199008A818904448179007A81690E8
:10A260004348159006A814904248139005A81290F0
:10A270004148119004A8109040480F9003A80E90F8
:10A280000EAE582C0FD03019315952464068036930
:10A29000404698479DF89000FE2802D0FF2809D13B
:10A2A00001250834EDE7E8074AD00099FF2008703F
:10A2B000032040E0BDF899100026ADF804109DF889
:10A2C0009B108DF806109DF898302599BDF8925096
:10A2D0009DF89120DFE800F01F0E060E0E100C1FF7
:10A2E0001B081200002106E002F00102002112E02A
:10A2F00002F0010200210EE00021FCE79DF806209B
:10A300008DF80A20BDF80420ADF8082001E003F024
:10A31000010321F0FF06009C2070BDF80800A4F89E
:10A3200009009DF80A00E072C8B230436060012065
:10A3300023726580627089F8640127B013F0BAB99E
:10A340000F48A121024A0BF0E9F801480CF0F5FC96
:10A350002C9104001891040004910400F090040072
:10A36000DC900400C8900400B4900400A0900400A5
:10A370008C900400789004006490040050900400D5
:10A38000A08F0400F0B503AF4DF8048D044600F132
:10A390000906007CDFE810F00E000A0210024B00F4
:10A3A0007800550069005F008C0042003400960080
:10A3B0008200A100237894F808C0D4F8048065884E
:10A3C00094F801E0E268DFE813F00B00B5019501B5
:10A3D00098018301C101D201A401E6018F01D801D6
:10A3E0000020C4F8402384F84403280240EA0860AF
:10A3F00004F551757044C4F8450304F11800A4E055
:10A4000094F8442304F1180004F55176002A6FD023
:10A41000032A78D0DFF8B0030CF08FFC12F0B3FF02
:10A420007CD0032A00F08280E8480CF086FC12F011
:10A43000AAFF00F08680032A00F09380E9480CF020
:10A440007CFCA07EC00740F0B481258B62690120AE
:10A450005583A07636E113F081FD00F08D80032A4C
:10A4600000F09380DB480CF068FC94F8462304F17C
:10A47000180004F24635002A00F09280032A00F00A
:10A48000A180D5480CF059FC13F068FD00F0A480C1
:10A49000032A00F0AA80D2480CF04FFC12F073FFA0
:10A4A00000F0AD80032A00F0B280C5480CF045FCF6
:10A4B00012F069FF00F0B580032A00F0BE80C448A6
:10A4C0000CF03BFC94F84C03002800F0C0800328FB
:10A4D00000F0CC80BB480CF030FC94F84C03002812
:10A4E00000F0D180032800F0E080B4480CF025FC97
:10A4F00094F8473394F84653D4F84023D374002398
:10A50000957413F0C9FDF7F7ADFB12F003FF18BF08
:10A510000321317000F0D6800A21D5E094F845334C
:10A52000D4F840239377002313F0B6FDF7F79AFB96
:10A5300012F0F0FE18BF0321297000F0C38009213A
:10A54000C2E094F845E3D4F840231EF0010382F8FA
:10A5500020301CBF012382F821302262002384F8BE
:10A560002830F7F77FFB12F0D5FE18BF03212970C2
:10A5700000F0A8800321A7E094F844E3D4F8402336
:10A58000002382F826E013F087FDF7F76BFB12F04B
:10A59000C1FE18BF0321297000F09480072193E0C9
:10A5A00094F844E3D4F8402384F845E3CEF3400321
:10A5B000137794F8453303F00103537700232262A5
:10A5C00084F82830F7F74EFB12F0A4FE18BF0321E1
:10A5D000297077D0062177E094F844E3D4F840233B
:10A5E000002382F825E013F057FDF7F73BFB12F04C
:10A5F00091FE18BF0321297064D0042164E094F80F
:10A600004533D4F84023D377002313F045FDF7F703
:10A6100029FB12F07FFE18BF0321297052D00C21B4
:10A6200052E0D4F84023B4F8453394F84763538498
:10A63000002382F8246013F02FFDF7F713FB12F0CC
:10A6400069FE18BF032129703CD008213CE0D4F8F2
:10A650001880D4F84823B8F1010F9EBF02EB080020
:10A66000237F03740020A26284F8300004F12000EC
:10A67000F7F7F8FA12F04EFE18BF032184F84C13D6
:10A6800020D00B2120E0D4F81880D4F84823B8F16A
:10A69000010F06D808EB4800A38B1044A57F8575F1
:10A6A00083820020A26284F8300004F12000F7F7D2
:10A6B000D9FA12F02FFE18BF032184F84C1301D0F1
:10A6C0000D2101E00020012121745DF8048BF0BD13
:10A6D000002084F844E384F8450304F11800C4F82A
:10A6E000402304F245354BE700200EF0010313F040
:10A6F00002F988E7C4E90525A9E6002084F844E3C7
:10A7000084F8460304F11800C4F8402304F24635E7
:10A710004AE70020C4F8402384F844034EEA086066
:10A7200040EA0520C4F845032B0A04F1180004F59B
:10A730005176E3E6002084F844E384F8450304F10D
:10A740001800C4F8402304F2453549E70020C4F856
:10A75000402384F84403280A86F83E034EEA052085
:10A76000A6F83C0304F1180004F551755BE70020DE
:10A770000EF0010313F0BFF8D4E60020338884F80C
:10A780004C03B078C4F8482343EA00404CEA002068
:10A79000C4E906807BE70020C4F8482384F84C0312
:10A7A0000CF00100C4F81880207754E70E480CF034
:10A7B000C4FA0A480CF0C1FAFEDE00BFA8930400F8
:10A7C00098930400B8930400C893040058930400BD
:10A7D000889304003893040078930400489304009D
:10A7E00068930400289304002C910400F8B504AF8A
:10A7F000CDE9021200F5B071019101A911F020F824
:10A800008FBDD4D4BCB504AF0446007CC00718D1BA
:10A81000E26801250020B0EB125F4FF001000ED17D
:10A82000A1688818B0F5801F01D9012007E0606891
:10A83000054B00930B460EF007F94FF0FF302574DF
:10A84000BCBD02480CF079FAF0C20400289B040059
:10A85000F0B503AF2DE90007044690F8500060B151
:10A86000032855D1254615F84C0FA5F1400A88B1AB
:10A8700003283BD028480CF060FA2068A2464AF82A
:10A880000C0F00265AE902325546CAE9013205F892
:10A89000406F02E0D4E9030362699A4202D3B2F541
:10A8A000801F10D9012601202870B01C03D16FF041
:10A8B0000106032003E05046EBF7B2FC012084F8C8
:10A8C000500013F056BC42EA0306360501D00226BA
:10A8D000E9E74FF0000E42F2107C012684F838E0E0
:10A8E000C4E90663C4E908E2C4E90A0C04F11809E2
:10A8F0004846F7F74DFD0646023004D103206FF0BD
:10A9000001062870D1E748468846EBF77AFCCAE78B
:10A9100002480CF012FA00BF78940400689B04000F
:10A92000F0B503AF2DE90007044690F8580060B178
:10A9300003285BD1A2461AF8540FAAF14405A8B126
:10A94000032830D02B480CF0F8F9D4F800C0254685
:10A9500045F810CF002655E903E3AA4655F8040C44
:10A96000C5E901E3E8600AF8446F03E0D4E904CEE6
:10A97000D4E906301E18B6F5801F01D9012605E07E
:10A9800043EA0006B6074FF0020600D01DE00022A1
:10A990009B0884F8402041F64C52C4E90860C4E9A1
:10A9A0000AE3C4E90CC204F120094846F7F7F0FCB9
:10A9B0000646023005D103206FF001068AF8000038
:10A9C00006E048468846EBF71CFC01208AF80000A8
:10A9D000B01C03D16FF00106032003E02846EBF71B
:10A9E0002BFC012084F8580013F0C3BB02480CF084
:10A9F000A4F900BF88940400789B0400B0B502AFAE
:10AA000013F087FD09D148680D4618F030FC12F0AC
:10AA100049FD08BF023213F01DBB01480CF08DF94F
:10AA2000B89B0400B0B502AF13F073FD09D14868BC
:10AA30000D4618F09CFB12F035FD08BF023213F0F2
:10AA400009BB01480CF079F9189C0400B0B502AFBD
:10AA500013F05FFD09D148680D4618F0ABFB12F00A
:10AA600021FD08BF023213F0F5BA01480CF065F978
:10AA7000289C0400F0B503AF4DF8048D82B0044665
:10AA800090F8B002884698B1032873D194F8AC02CC
:10AA9000B8B1032871D194F84000DFE800F00371E9
:10AAA000742B5800D4E90605D4E90831A26A14E0F1
:10AAB000002004F10C0384F8AC0294E8070007C3FB
:10AAC00002E004F10C0207CA0023012584F840309B
:10AAD000C4E90605C4E90831A2620026C4E91105EB
:10AAE00084F8A860C4E913316265C4E90B05C4E9C0
:10AAF0000D31E26313F0F2FAC0B228B1022805D199
:10AB00000220032103222DE0002029E004F1AC06FD
:10AB10004FF40071304628F09AF9E06B31461D4B36
:10AB20004FF4007210F01CFFD4E90E2306461A48B9
:10AB30000D46009030460DF087FF04F12C020020F6
:10AB400084F8A80004F1440307CA656547C313F0FD
:10AB5000C5FAC0B2022803D102200322042101E079
:10AB60000121012284F8B02284F8AC2284F840103C
:10AB700012F0DBBE06480CF0E0F804480CF0DDF8FB
:10AB800001480CF0DAF8FEDE08960400589604003E
:10AB9000689C04001896040028960400F0B503AFE2
:10ABA0002DE9800F0446007DA0B1032867D1A1469E
:10ABB00019F8100FA9F10C08B0B1032862D1A24610
:10ABC0001AF80D0FAAF1050B002855D003285CD107
:10ABD000207B36E0D4F800E0A04648F804EF0022DD
:10ABE000C14609F80C2F01E0D8F800E0A346002286
:10ABF0004BF808EF0BF1050ACBF804209EF8002073
:10AC00004FF4A263254D4FF0020C202A38BF4FF4B9
:10AC1000047302F01F025B5938BF4FF0A04545EAAC
:10AC20008205D5F8000723FA02F2D20706466CF334
:10AC3000114618BF40F44036C5F800679EF8000082
:10AC400020730CF0C7FD054628B1032689F8006083
:10AC50008AF800600CE004F10C000CF0A7FD01265E
:10AC600058466673EBF7C2FB40462674EBF754FB7D
:10AC70002675284613F0F5BBDBF800E0BEE7064872
:10AC80000CF05BF803480CF058F801480CF055F84C
:10AC9000A8980400C8960400B89C04000003005063
:10ACA000E0B502AF0968019101A9F5F737FC8CBD49
:10ACB000E0B502AF0968019101A9F5F747FC8CBD29
:10ACC000E0B502AF0968019101A9F5F754FC8CBD0C
:10ACD000E0B502AF0968019101A9F5F763FC8CBDED
:10ACE000E0B502AF0968019101A9F5F731FD8CBD0E
:10ACF000E0B502AF0968019101A9F5F751FD8CBDDE
:10AD0000E0B502AF0968019101A9F5F707FE8CBD16
:10AD1000E0B502AF0968019101A9F5F7BBFE8CBD52
:10AD2000E0B502AF0968019101A9F5F78BFF8CBD71
:10AD3000E0B502AF0968019101A9F5F79BFF8CBD51
:10AD4000E0B502AF0968019101A9F5F7A8FF8CBD34
:10AD5000E0B502AF0968019101A9F5F7B9FF8CBD13
:10AD6000E0B502AF0968019101A9F6F7B3F88CBD0F
:10AD7000E0B502AF0968019101A9F6F7C1F88CBDF1
:10AD8000E0B502AF0968019101A9F6F7BDF98CBDE4
:10AD9000E0B502AF0068019001A8F6F78FFA8CBD0C
:10ADA000E0B502AF0068019001A8F6F77BFB8CBD0F
:10ADB000E0B502AF4FF0FF300190002000906846F0
:10ADC000E6F722FE80B56F46017A09B1082080BD02
:10ADD000D0E90010884224BF401A80BD401A0830D4
:10ADE00080BD80B56F46017A09B1042080BDD0E9ED
:10ADF0000010884224BF401A80BD401A043080BD34
:10AE000080B56F46017A09B1012080BDD0E90010FC
:10AE1000884224BF401A80BD401A013080BD80B5F1
:10AE20006F46017A09B1022080BDD0E90010884246
:10AE300024BF401A80BD401A023080BD80B56F46E5
:10AE40008AB001460020069001A806AA02F036FA50
:10AE5000019801281CBF0AB080BDDDE902010AB0DB
:10AE6000BDE88040EAF7ECBDF0B503AF4DF804BD96
:10AE70000C4603F053FC0E46D4E900120546083098
:10AE80000CF083FD3268297C0132687C3260012934
:10AE900018BF02205DF804BBF0BDB0B502AF0C4690
:10AEA00003F03CFC0D4601214474017408300CF0A1
:10AEB0005FFD12F017FDB0BD80B56F4603F02EFCAC
:10AEC000007C0A680238B0FA80F0013240090A605A
:10AED00080BDB0B502AF03F021FC0446022020740F
:10AEE000204612F0F5FD04F108000CF041FD12F0CF
:10AEF000F9FCB0BD80B56F4602480CF017F80CF0B5
:10AF0000BFF800BF9B000000D0E9001281F00101F2
:10AF1000114301BF00210222C0E90021704780B522
:10AF20006F4602480CF002F80CF0AAF89B000000F3
:10AF3000D0E9001281F00101114304D10021022265
:10AF4000C0E90021FEDE80B56F4602480BF0EEFF3F
:10AF50000CF096F89B000000D0B502AF00211F2234
:10AF6000102906D0435C845C445401318354013A77
:10AF7000F6E7D0BDD0B502AF9A4221BFD21ACC18A5
:10AF800080E81A00C26028BFD0BDBA68132101480A
:10AF90000AF0C4FA61D30400F0B503AF4DF804BD64
:10AFA0000B68022B04D192E87A1080E87A1005E051
:10AFB00091E8785080E87850106808B112F0F7BB3B
:10AFC000D2E902015DF804BBBDE8F040EAF738BD04
:10AFD00080B56F46821EC3B2022B38BF0222D2B2A6
:10AFE00022B1012A18BF00F0010100E00221084649
:10AFF00080BD80B56F46C9B27F224FF47A7311FBD2
:10B000000321FF2289B2B1FBF2F101F50041018079
:10B010008168C1F820050020C1F810010120886076
:10B02000D1F80005C00703D0D1F810010028FBD0EB
:10B0300080BDD4D4F0B503AF4DF804BDCC074FF0BC
:10B0400090054FF0480608BF482508BF9026002409
:10B05000B24238BFAB4218D2CCB20FF20C0101EBB6
:10B0600084051946DFE804F00E02060BC3F18F03D6
:10B07000114606E0C3F14701C2F18F0202E0C2F1BE
:10B0800047011A460124C0E90121046012F08FBB78
:10B09000F0B503AF4DF804BD82B00A460021044666
:10B0A00068468DF804100091052908D0D309425450
:10B0B00008D042F08002425401311A46F4E70525D7
:10B0C0006A4605E0084A684608F0B8FC02460D46A4
:10B0D00012F036FC01D9022003E012F03CFA13F022
:10B0E00000FA12F076B900BFFCA10400F0B503AF7E
:10B0F0004DF804BD82B00A460021044668468DF82A
:10B1000004100091052908D0D309425408D042F018
:10B110008002425401311A46F4E705256A4605E0EB
:10B12000084A684608F08AFC02460D4612F008FC00
:10B1300001D9022003E012F00EFA13F0D2F912F056
:10B1400048B900BF2CA20400F0B503AF2DE9C00B35
:10B150000646B868D1F8189098460C6A1546F96802
:10B16000009008440190684603F0BAFB0021C6E94C
:10B1700005493177DDE9001286E82701BDE80C0BAF
:10B18000F0BDD4D4F0B503AF4DF8048D0E460146A2
:10B1900010C980461546E00030B112F01EF9FBD10F
:10B1A00012689642F8D116E0012C04D140460DF009
:10B1B0001DFFD8F8004012F010FE3CB158B112F05B
:10B1C000FBFC06480BF0B2FE0BF05AFF0122C8F858
:10B1D0000810C8E9002012F07FBB00BFA1000000EA
:10B1E000F0B503AF2DE9000B12F033F830B112F0D7
:10B1F000F4F8FBD112689642F8D110E0B9F1020FD1
:10B2000004D140460DF0E8FED8F8009012F0E5FDBC
:10B21000B9F1010F02D812F012F800E008B912F0EB
:10B2200037BB12F0C9FC02480BF080FE0BF028FF80
:10B23000A1000000F0B503AF2DE9000B12F009F8F2
:10B2400030B112F0CAF8FBD112689642F8D110E082
:10B25000B9F1040F04D140460DF07DFED8F80090FE
:10B2600012F0BBFDB9F1030F02D811F0E8FF00E0C6
:10B2700008B912F00DBB12F09FFC02480BF056FE0D
:10B280000BF0FEFEA1000000F0B503AF2DE9000BAE
:10B2900011F0DFFF30B112F0A0F8FBD11268964236
:10B2A000F8D110E0B9F1050F04D140460DF0CBFE06
:10B2B000D8F8009012F091FDB9F1040F02D811F006
:10B2C000BEFF00E008B912F0E3BA12F075FC0248C4
:10B2D0000BF02CFE0BF0D4FEA1000000F0B503AF84
:10B2E0002DE9000B11F0B5FF30B112F076F8FBD16B
:10B2F00012689642F8D110E0B9F1060F04D1404629
:10B300000DF060FED8F8009012F067FDB9F1050F5E
:10B3100002D811F094FF00E008B912F0B9BA12F0A7
:10B320004BFC02480BF002FE0BF0AAFEA10000004D
:10B33000F0B503AF2DE9000B11F08BFF30B112F027
:10B340004CF8FBD112689642F8D110E0B9F1070F22
:10B3500004D140460DF0CAFDD8F8009012F03DFD32
:10B36000B9F1060F02D811F06AFF00E008B912F037
:10B370008FBA12F021FC02480BF0D8FD0BF080FED2
:10B38000A1000000B0B502AF12F0EFF81DB112F04D
:10B390003EF8013DFAE7B0BDB0B502AF12F0E5F8F6
:10B3A0001DB112F034F8013DFAE7B0BDDFB506AFCC
:10B3B0000A4B13F09EF801A803F0BCF90299E0B221
:10B3C000814281BF019A03994FF4B07310FB0320AF
:10B3D00084BF04B0D0BD024A0AF09AFFCC9D04009D
:10B3E00004930400F0B503AF2DE9FC0B0E46496849
:10B3F000403A044690B2814224D930689946FFF71A
:10B40000D5FF0246B0F8503111488846009001AD92
:10B4100011464A46284601F0F9FC9DF80400FF2831
:10B420000AD00C4906F108000FF018F930300E462A
:10B430000CF09EFA13F065F895E84F004FC412F037
:10B440004FF801E01220207006B012F021BA00BFC0
:10B45000FC9D04002C8C0400F0B503AF2DE9000F17
:10B46000B1B0BC689146DFF8705C9B46CDE90D1029
:10B470001CAE22469AB13046194604F0ADFE1D9925
:10B48000002900F0F1851E9ABDF872008242C0F0DA
:10B49000F0852B460FF0D2FE03460A46EAE706F196
:10B4A00018000990701C0C900D9808300A9012A892
:10B4B000CDF83C9001300B90002C00F0F085304628
:10B4C0005946224604F088FE1D999DF870500029C7
:10B4D00000F0E7859DF871001E9ABDF8723010905B
:10B4E000DFF8FC0B00903046FFF744FD0DF1700BC8
:10B4F0001F981190A81F9BE8000D102860D8DFE866
:10B5000010F01100280170007000700070007000D1
:10B5100070007000700070007000F8002001680179
:10B52000AA019C00BAF1040FC0F0ED81DFF8B40B62
:10B53000414600901CA812F0C8FC1F98002840F05B
:10B54000E2811C980588DFF8CC0B0BF0E3FC12F0CD
:10B55000A8FA12F062FA0BF045FE0D98DFF8B83B3E
:10B56000D0E900121CA803F0E5F8DDE91C104FF447
:10B57000B072504301F5A672002800F05C821146BB
:10B58000A0F5B0700B8802F5B0729D42F4D1A1F520
:10B59000A67010994173052101731830FFF74EFC16
:10B5A0000A98DFF8781B0FF059F8303012F090FA53
:10B5B00012F098F91E9812F085F9FF2000F074BC83
:10B5C000012D0ED1BAF1020FC0F09D81DFF8140BEE
:10B5D000414600901CA852460223FFF7CBFC00F026
:10B5E0008CBCDFF8840B0BF095FC12F05AFADFF8F4
:10B5F0007C0B0BF06EFCA81E182800F27882DFE8A6
:10B6000010F01900400237024902760276024C021D
:10B610003A02430246027602760276027602760209
:10B6200076027602760276027602760252024F02A5
:10B6300034023D02DFF8600B37E2BAF1040FC0F0CC
:10B640006281DFF8A00A414600901CA812F03DFC80
:10B650001F98002840F057811C98DFF8CC3AB0F8CA
:10B66000028006880D98D0E900121CA803F062F849
:10B67000DDE91C504FF4B0714843002800F04981C7
:10B68000297B032906D1B5F85411B14204BF29889A
:10B69000012904D005F5B075A0F5B070EDE70F9A5B
:10B6A000698892B28A42F5D1B5F85A014044C10383
:10B6B00040F13084DFF8740A0BF02CFCDFF8704A9C
:10B6C0003046A047B5F85A01A0474046A0470BF0C6
:10B6D00089FD284601F086FB0A98DFF8581A0EF01B
:10B6E000BDFF303012F0F4F912F0FCF8052000F044
:10B6F00018BCF8684A46D0E9000102F085FD38B16F
:10B700000A6890F86E03013A0A60002800F0EB80A6
:10B71000DFF8F0090BF0FEFB12F0C3F90BF062FD4D
:10B72000F868494600901CA8109ADFF8B039E6F78F
:10B7300083FE9DF870400DF15C08FF2C40F0CC8139
:10B74000DBE3BAF1020F80F0A68001240DF15C0862
:10B75000B5E0BAF1040FC0F0D680DFF888094146A1
:10B7600000901CA812F0B1FB1F98002840F0CB807D
:10B770001C98B0F80280DFF890090BF0CBFB12F0B8
:10B7800090F9404609F018FB0BF02CFD0D98DFF8FE
:10B790007C39D0E900121CA802F0CCFFDDE91C6066
:10B7A0004FF4B07100FB01F4DFF86459002C00F095
:10B7B000B18106F10C00294608F088F920B1B6F8ED
:10B7C0004C01804500F09B8106F5B076A4F5B0747D
:10B7D000ECE7BAF10A0FC0F09680DFF8080941469D
:10B7E00000901CA852460A23FFF7C4FB1F980028AC
:10B7F00040F089801C98418808910489B0F806803F
:10B80000858806880A98DFF848190EF027FF8A46CF
:10B81000711E89B2FE2900F22581C6F34A110794F0
:10B8200050F8212006F01F011CAC22FA01F1C907D3
:10B8300000F0768106904A46F86812F042FB002834
:10B84000059500F060820A6890F8740301320A607E
:10B8500017A9FF2259E2BAF10A0F13D3DFF88408BF
:10B86000414600901CA852460A23FFF783FB1C9810
:10B870004FF6FF710578B0F80880884503D01F990E
:10B8800000294DD0002501200DF15C088DF84800FD
:10B8900005F0010018E0DFF84C08414600901CA8B4
:10B8A00052460223FFF766FB1C980DF15C081F99B6
:10B8B00001240088002908BF0404200607D00120C5
:10B8C0008DF84800C4F300208DF84900F4E2DFF859
:10B8D00018080BF01FFB12F0E4F8200C09F06CFACA
:10B8E0000BF080FC09E3BAF1080F0CD3DFF8F40782
:10B8F000414600901CA852460823FFF73BFB1F98C7
:10B90000002800F00F8101200DF15C08ADF848001F
:10B91000D2E21E980DF15C0811F0D4FF1420E3E090
:10B92000818808914188B0F806A044780D98079165
:10B93000D0E900121CA8DFF8003802F0FBFEDDE9B8
:10B940001C124FF4B07045EA042C02FB00F5DFF83E
:10B95000F8970E4600242A46AAB3337B012B06D162
:10B96000737B1098984204BF3388012B04D006F5EE
:10B97000B076A2F5B072EFE720460F9C7388A4B2B0
:10B980009C420446F3D1B8F1000F00F0F482DFF8D6
:10B99000AC070BF0BFFA40460FF0AEFE0BF022FCF6
:10B9A0000420DFF89C1730730A98A6F80E800EF07A
:10B9B00055FE283012F08CF82868ADF84A80013026
:10B9C00028601120EDE201F10C060DF15C08F5B1E3
:10B9D0003078012804BF36F80C0C012804D0A5F5F6
:10B9E000B07506F5B076F2E70F9936F80A0C89B211
:10B9F0008142F4D148460BF08DFA0F9809F0DCF93A
:10BA0000109809F09FFB0BF0EDFB3470E7E70A9804
:10BA1000DFF838170EF022FE283012F059F811F036
:10BA200061FF14201E998DF84800DDF83C900A68EB
:10BA300001320A603CE21E9811F044FFDFF8E00694
:10BA40000BF068FA12F02DF811F0E7FF0BF0CAFBCB
:10BA5000F8684946009012A8109ADFF8C836E6F751
:10BA6000EBFC23E202251CACB8E1DFF818071CE070
:10BA7000DFF81C0719E0DFF8040716E0DFF8F0062E
:10BA800013E0DFF8100710E0DFF8EC060DE0DFF858
:10BA9000E4060AE0DFF8F40607E0DFF8E40604E075
:10BAA000DFF8E40601E0DFF8F4060BF012FA0020FC
:10BAB0001CAC0DF15C080BF00CFA0BF093FB109A28
:10BAC0004946DFF81836F86800902046E6F7B4FCDF
:10BAD0009DF87040FF2C06D0DDE90B0111F009FE46
:10BAE0008DF84840E8E117208DF84800E4E1DFF8E0
:10BAF000B0060BF0EEF9284609F024FBD7E700204A
:10BB00004FF48031C6E9011030803073C6E953002C
:10BB1000C6E955001E98DDF83C9011F0D3FEECE12B
:10BB200002255BE11C9806684568DFF8C0050BF04C
:10BB3000F1F911F0B6FFDFF8B805DFF8B845A04716
:10BB40003046A047300C40EA054A5046A0472846F8
:10BB5000A0474FEA154808954046A047E94AB5B2C4
:10BB600012F057FBE5FB020112F02DF9E64A81467F
:10BB70000E4612F04EFBE8FB020112F024F9E14AF6
:10BB80001FFA8AF4CDE9060112F043FBE4FB02013F
:10BB900012F019F9824688460BF024FBBAEB090033
:10BBA00078EB06004BD2DFF850050BF0B3F90F9895
:10BBB00009F03AF90BF016FB0220ADF8B20010982C
:10BBC0008DF8B10013208DF8B000D0482D9017A843
:10BBD00011F042FADDF85C80B8F1000F00F0EB8064
:10BBE000DDE918A6FB20CDE92E60002030902EACB8
:10BBF0002DA912F047FCC0B2022878D12CA912F06E
:10BC000041FCC0B2022872D1DDE92F30191A022995
:10BC100013D32E9A851CDFF8E414009129460EF008
:10BC20003DFCCDE9170117ACDFF8D4140222204601
:10BC300004F0ECFA002800F0088204255BE0B4F57B
:10BC4000486FB0D8062DAED3089880B280087C2803
:10BC5000A9D80898B0F5202FA5D3AD4808998142FE
:10BC6000A1D843F60954089BAAFB04010222079DB0
:10BC700002EB430208FB0411400A92B240EAC150B1
:10BC8000490A11F07DFD069AA2FB042305FB04334B
:10BC9000520A42EAC352801A71EB5320BFF483AFB9
:10BCA00009980021CDF87890DDF83C90C0E90011AA
:10BCB000C0E9021106984B4626900898ADF8A000FE
:10BCC0000798279007208DF87000F8688DF8AA1063
:10BCD000CDF880A0CDF884801F96ADF8A890D0E96B
:10BCE00000121CA8009017A802F02CFA05E1042508
:10BCF000C00718BF0D25012051468DF87100404640
:10BD000011F0F4F958E01CA9FE228DF85C201C22E9
:10BD10008DF8702004250978FF295FD1C0075DD018
:10BD20000D98DFF83034D0E900122046CDF80480B9
:10BD300002F000FDDDE91C204FF4B07100FB01F8BA
:10BD40000492089D11464046A8B10A88012A08D1EC
:10BD50004B881FFA89F2934204BFB1F85421AA42DA
:10BD600004D001F5B071A0F5B070EDE70A7B002AB0
:10BD7000F7D00A252FE0CDE9026A0025DDF810A0F2
:10BD80004FF00009DFF8D0430AF5AE76B8F1000FA6
:10BD90001BD00AF10C00214607F098FE18B130784C
:10BDA000002800F0CF800AF5B07AA8F5B07806F543
:10BDB000B0760135EAE716250DF15C08DDE90B01E7
:10BDC00011F097FC8DF8485076E0DDF83C901CAC03
:10BDD0000425DDE9026A1E9811F074FD11F0A5FC3E
:10BDE000DF480BF097F811F05CFE304608F0E4FFF6
:10BDF00028460FF081FC0BF0F5F90A204FF0000AFD
:10BE0000ADF8B20010988DF8B10015208DF8B00093
:10BE1000D4482D902046CDE92EAAADF8C05011F09F
:10BE20001BF9DDF87080B8F1000F3CD0DDE91D563C
:10BE3000FB20CDF864A0CDE9176017AC2DA912F056
:10BE400021FBC0B202281ED12CA912F01BFBC0B2EC
:10BE5000022818D1DDE91830191A0A2911D3179AC6
:10BE600000F10A09A549009149460EF017FBCDE9FA
:10BE70001C011CAC2EA90A22204604F0C7F9002898
:10BE800057D0042004E0C0074FF0040018BF0D2075
:10BE900001218DF848008DF84910404612F0E3F872
:10BEA000DDF83C9002E016208DF848000DF15C08AA
:10BEB0009DF84800FF2820D012A8414690E87C0059
:10BEC000B8487CC1DDF83C900BF024F811F0E9FD96
:10BED00011F0FFFC0BF086F99DF85C0001280CD1F5
:10BEE000F868494600901CA8109A7C4BE6F7A4FA23
:10BEF0009DF87040FF2C40F0DE801CAE119CFFF7D7
:10BF0000DBBA00BF00C4090000204E000600050097
:10BF1000FFFF800CA5F85A0105F110000BF028FD79
:10BF2000FF201E990DF15C08DDF83C908DF848006B
:10BF30007DE5CDE91E692346CDE91C8512A811F0E7
:10BF40003CFFB3E74FF4B070049905FB0016B069ED
:10BF5000002840F0B8804FF0FF30DDF808A0B06155
:10BF600096F8240001281FD106F598700BF000FD0B
:10BF700096F8240019E00798A6F858010898A6F842
:10BF80005601032030730A986E49A6F85AA1A6F804
:10BF900054C10EF063FB283011F09AFD11F0A2FCA1
:10BFA000FF200DF15C083DE50020D6E907148C4226
:10BFB00007D1C00705D100214FF004080420002458
:10BFC0000BE006F128088C4208EB011091BFC1F18B
:10BFD0001001611A00244FF00408EAF78DFA404678
:10BFE0002146EAF789FAB06986F824900130B061F9
:10BFF00006F59C70C6E9079900F061FD089805995F
:10C00000A6F8540105F14000A6F858110199A6F8C8
:10C010004C010120A6F85611109930800798DDF8E0
:10C020003C9071730221A6F85A01A6F84EA1A6F819
:10C03000029031731E9811F045FC069820300BF0E9
:10C0400097FC039911F0B9FB57E7CDE91965234631
:10C05000CDE9178A1CA811F0B0FE9DF87050A046DB
:10C06000FF2D7FF4ABAE48E70E999DF87000487045
:10C0700019E0F86849469DF8712000901CAC174BF8
:10C080002046E6F7D9F99DF87050FF2D0DD00E9E91
:10C09000611C1322701C27F0ABF8357008E0FF20FC
:10C0A00004E00E994D70012001E005200E99087002
:10C0B00031B011F0FFBA0E9D13220C99681C27F0C5
:10C0C00097F82C70F4E725480AF024FF0EF0B4FA34
:10C0D0000BF088F80AF0D4FFD09E0400D0C404000E
:10C0E000E09E0400D0AA04002D0000002C000000F7
:10C0F00004020000D36E02008C00000058560400B9
:10C10000169304008D0000002B000000C09E040068
:10C11000B08204002A000000A09E0400B09E04002B
:10C120008A00000014930400009E040087000000B1
:10C13000B94D0200109E0400609E04005D000000E6
:10C14000809E0400709E04002F000000909E04005A
:10C15000509E0400E85604009C820400C7000000C2
:10C160002E0000000E0005008E00000014000000EC
:10C17000220200002902000028020000260200001E
:10C180002502000021020000240200001E0200001F
:10C190001D020000200200001F0200002302000018
:10C1A0002B0200008B000000F0B503AF4DF804BD7A
:10C1B000044600254FF0FF36022E15D0204604F02D
:10C1C0001BFFC00713D1013601F07F00C6EBC6028A
:10C1D00002F00F029040054348B20028ECD4022E32
:10C1E00009D1C8B2032806D940F2015004E0C8B210
:10C1F0000002013000E0280411F0DCBAF0B503AF12
:10C200002DE9000B894680464FF0FF3400250026BB
:10C21000042C15D0484604F0EFFEC00714D105F0F9
:10C220001F0001F07F020735013402FA00F00643D7
:10C2300048B20028ECD4042C0DD1C8B20F280AD97A
:10C24000052088F8010001E088F80110012088F835
:10C25000000011F01DBBC8F804600020F7E7F0B53E
:10C2600003AF2DE9FE0F4FF000094FF0FF3A002514
:10C27000002600244FF00008CDE90001BAF1120FAA
:10C2800044D0019804F0B8FE8B46C00742D1069511
:10C290000BF07F0500214A46284626F045FEC9F1ED
:10C2A0004002CDE903012846002126F027FEA9F12E
:10C2B0004002059444468046029128460021069D8E
:10C2C00026F032FEB9F1400F38BF4046029AA04630
:10C2D000059C38BF1146039A38BF1543049A38BFEE
:10C2E0001643B9F1000F09F107090AF1010A1CBF51
:10C2F00048EA010804434FFA8BF00028BED4BAF193
:10C30000120F0ED15FFA8BF003280AD9009905208D
:10C31000487002E0009981F801B00120087011F026
:10C32000E5B800990020C1E90256C1E90448F5E7E3
:10C33000F0B503AF4DF8048D0446002088600D462B
:10C3400008460121984616460EF0E8F8C0B20228C9
:10C3500018D1284631460EF0E1F8C0B2022811D1BA
:10C36000284641460EF0FAF8C0B202280AD1B96850
:10C3700028460EF073F8C0B2022803D1A8686060A6
:10C38000002001E060700120207011F0A5BAF0B526
:10C3900003AF2DE9000F8BB03C691E4688468246EC
:10C3A000D2E900011546237E324600F0C7F8C007E7
:10C3B00005D001208AF801108AF800001AE0CDF8B3
:10C3C0000C80D7E90598D7F80CB02078032813D152
:10C3D000BC683346D5E9001204AD28460DF014F9C7
:10C3E000CDE900B95046CDF808802A460399234686
:10C3F00000F002FC11F0EAB8C7F808805046214668
:10C400005A464B460BB0BDE8000FBDE8F0400FF0B8
:10C41000E3BCF0B503AF2DE9000F89B0BD689846C5
:10C420000C468346D1E9000116466B7E00F0A8F861
:10C43000C00701D0012019E0D7E9039A2878032822
:10C440000FD1D4E9001202AC334620460DF0DCF8DF
:10C450005846214642464B46CDF800A000F022FC4B
:10C4600004E02846494652460FF04AFD09B0BDE8AF
:10C47000000FF0BDF0B503AF2DE9000F8DB01D46E4
:10C48000BB68E8460C460646114640462A460DF073
:10C49000BBF82849204602F00FF90DF1180B82462F
:10C4A00089461721584626F017FE60255146B5B13A
:10C4B0000C46084641460FF0CAFE58BB2046594676
:10C4C00004F0A8FC603D04F160010028EFD00120D9
:10C4D000B446207698E86F006FC466461CE00AF107
:10C4E0001801B3466020C8B18C4601F160031CF806
:10C4F0001819603800291946F5D101208CF8180068
:10C50000604698E87E007EC00CF120000FF072FBC0
:10C51000FF2007E001202076FF2004E006480AF013
:10C5200005FD1D205E46307011F0F3F80DB011F0DE
:10C53000C1B800BF2895040092000000D0B502AF3A
:10C5400086B01C4613460A46014601A801F05FFF6B
:10C550009DF80400FF2802D0012101200EE0E2B284
:10C560009DF8053001200221DFE802F003020508F2
:10C570001BB1002002E0022BFBD2052106B0D0BD8A
:10C58000D0B502AF86B01C4613460A46014601A844
:10C5900001F03DFF9DF80400FF2802D00121012099
:10C5A0000EE0E2B29DF8053001200321DFE802F041
:10C5B000030205081BB1002002E0022BFBD205217B
:10C5C00006B0D0BDD0B502AF044690F8340018B91B
:10C5D0000020A16AC4E90B100648224606490BF068
:10C5E00011FA23F08DFF032084F8340084F8300022
:10C5F000D0BD00BFC8D9032090C00400FEB506AF6F
:10C600000649CDE90010002104916946CDE90211E7
:10C61000283002A9F9F760FD06B080BD90C0040083
:10C62000F0B503AF4DF8048D86B004462D48CDE932
:10C63000000404F1280894F8510010B103280AD02E
:10C6400046E004F13C0C41469CE86D006DC10020C1
:10C6500084F850000BE004F1580069460BF0D8FA5A
:10C6600028B1032084F8510006B011F035B91E48F6
:10C67000407858B140460021FEF7BBFC02A84FF4B9
:10C68000804211F0EDF911F026FBE4E71748002194
:10C69000007802280CD094F850001422B0FBF2F27B
:10C6A00002EB8202A0EB82000A2838BF6FF00F0174
:10C6B0004046FEF79EFC94F8500040F2676200236B
:10C6C000013084F8500002A80BF008FA11F003FBC7
:10C6D00004F1580069460BF09BFA0028C7D00420EB
:10C6E000C0E700BF90C0040098E60320E069032083
:10C6F000BCB504AF04460B4810F03CFF04D12846FB
:10C700000DF070F811F0D0FE04F138006946FDF725
:10C7100041FBC0B2022803D0034901300870F1E7A1
:10C7200011F08DBB90C00400E0690320BCB504AFDC
:10C7300004460B4810F01EFF04D128460CF0D8FF29
:10C7400011F0B2FE04F138006946FDF7E3FBC0B218
:10C75000022802D003494870F2E711F070BB00BF15
:10C7600090C0040098E60320BCB504AF04461E4800
:10C7700010F000FF04D128460CF0F2FF11F094FEF7
:10C7800004F138006946FDF737FAC1B2022928D012
:10C7900000F47F410022B1F5807F4FF000014FF09F
:10C7A000020308BF014608BF0123B2EB506F18BF58
:10C7B0000B46DAB242B10521022A1EBFC0F30720A0
:10C7C0000A4951F8201006E000F07F400121B0F145
:10C7D000407F08BF02210648026841EA0211016059
:10C7E000CCE711F02CBB00BF90C0040070E3040044
:10C7F00098900320B0B502AF86B004461148CDE949
:10C80000000404F1280594F8380060B902A84FF03C
:10C81000967211F025F9DDE902129DF81000C4E9C5
:10C820000A1284F83000694628460BF0F1F918B96D
:10C830000020E9F70DF8E9E7032084F8380006B096
:10C84000B0BD00BF90C004007F290AD80268032A47
:10C8500084BF01207047531C036010440171002005
:10C860007047F0B503AF4DF804BD82B01A4C0B46CB
:10C8700000268A0964F39F13B6EBD12F019607D1E6
:10C8800042F0C0018DF805308DF8041002221CE042
:10C8900064F39F120D0BB6EB114F07D18DF80520F5
:10C8A00045F0E0018DF8063003220CE08DF80620FB
:10C8B00004226FF00F0646EA914164F39F158DF84C
:10C8C00007308DF805508DF8041001A90CF0F8FD23
:10C8D00002B05DF804BBF0BDFEFFFF0380B56F46FC
:10C8E00000F076FA053080B280BDD4D4DCB504AF58
:10C8F0000446084600F06CFA04490530009181B204
:10C9000005202246FB230DF0C9FDDCBDE09F04009D
:10C91000F0B503AF2DE9C00B8146104690460E4698
:10C920008C6800F055FA164B054602202146FB2282
:10C930000FF016F86A1CADF80420124A0223009288
:10C9400001AA0CF081F80620A7F11A0227F81A0CA8
:10C9500002210D4802230090A01C0CF075F808F18C
:10C960000100207196E80E0009F104000EC0FF20BE
:10C9700089F8000089F81080BDE80C0BF0BD00BFFD
:10C98000F09F040000A0040010A0040090F85E13C3
:10C99000FF291EBF013180F85E13704780B56F46D6
:10C9A00002480AF0C3FA0AF06BFB00BFEA0000007D
:10C9B000F0B503AF2DE9000F93B082468868B0B39D
:10C9C000D1E9040103F008F807AE11F0CEF806F142
:10C9D000020B9DF81C809DF81D9001AC5946162253
:10C9E00010F0BFFEB8F1FE0F24D0204621467CC8CF
:10C9F0000DF1340CACE87C0016220088ACF8000085
:10CA000058468DF81D908DF81C8026F0F1FBB8F18A
:10CA1000FF0F16D08AF8019016220AF8028B0DA992
:10CA2000504626F0E5FB13B0BDE8000FF0BD0C4802
:10CA30000AF0BEF809480AF06DFA48460EF04EFEBC
:10CA400005E005480AF066FA07A8E8F7D9FA0AF0FF
:10CA5000C9FB0AF015FB00BFF7000000FD00000055
:10CA600020A00400F0B503AF2DE9000BD7F8089023
:10CA700080460D682DB1D9E9000110F037FB152073
:10CA800010E0D1F804E00E4699E83100D7F80CC068
:10CA900031C600204B820A82C1F80CC07146E8F70B
:10CAA000CFFFFF2088F8000010F0F2BEDCB504AF25
:10CAB00000240194BC680094FFF7D4FFDCBD80B56E
:10CAC0006F46D0E90021002303601046BDE8804096
:10CAD000E8F7B6BFF0B503AF2DE9F80FD1F8009035
:10CAE00004460020B9F1000F08601BD00E469246A4
:10CAF000F0681D464968328A00EB0308B6F812B0A8
:10CB0000D84514D92B480D4616460AF003FA30468C
:10CB100008F052F958460AF0EFF90AF063FB29468B
:10CB2000052008E001202060142020713CE0B8F1CD
:10CB3000FB0F0BD90420012220712260484605B06A
:10CB4000BDE8000FBDE8F04010F0D0BACDE90321F8
:10CB5000FB23B26815490091414602920DF09EFCFC
:10CB6000134A2B4611F0E2F9D84509D10498E06048
:10CB70000298C4E9040B0398A4F806B0A0800FE063
:10CB80000398049930820298C6E902080020C6F88A
:10CB900000904FF00009A6F812B07160E8F750FF5E
:10CBA0000020C4F80890206010F0ECBC309F040016
:10CBB000409F040089000000F0B503AF2DE9F00BA1
:10CBC0000546002003901C46D7E90290D7F8108054
:10CBD000CDE9011218B1411E01A806F038FF01A8E5
:10CBE000294690E84C004CC1C5E90344C5E90598C5
:10CBF000BDE80F0BF0BDD4D4F0B503AF2DE9800F25
:10CC000014460A462349834610461E4601F063FD3A
:10CC100080460D466FF05F0ABAF1000F16D00AF198
:10CC2000600A214608EB0A0948460FF010FB00286D
:10CC3000F2D009F1200031460EF0AEFF30B10246CD
:10CC4000B8680C4688420CD9072000E00A208BF80F
:10CC5000010001208BF8000028680138286010F0DE
:10CC6000AEBF0D4B114622460EF0E8FA3A690C466B
:10CC70000E460A4B8A42F968804638BF164630464F
:10CC80000EF06EFE064A234610F0B4FCCBF80460AA
:10CC90000020DFE7D8940400E8940400F89404002E
:10CCA00008950400F0B503AF2DE9E00F0D464049AB
:10CCB0009A46914601F000FD04468B466FF05F08EE
:10CCC000B8F1000F23D008F16008294604EB0806EC
:10CCD00030460FF0BCFA0028F2D00FFA89F0002895
:10CCE00015D406F12005494628460EF0F7FE012826
:10CCF0000DD1284689460EF021FF284649460EF000
:10CD000089FEBE6886420DD901200D2101E0012077
:10CD10000A21DBF800200132CBF8002003B0BDE887
:10CD2000000FF0BD284649460EF048FE214B8219FF
:10CD3000014628460EF0C6FE1F4A334611F0F6F8AB
:10CD4000284649460EF066FEB1B2884226D32846F0
:10CD50000EF01CFE894526D200EB890090F90100F7
:10CD6000002819D5284649460EF084FE144A01468B
:10CD700028460EF075FE134B02460C461146022063
:10CD800022460EF0EDFD104A02230092A7F11E028A
:10CD900027F81E6C0BF058FE0020BAE70B480AF08B
:10CDA000C5F80AF06DF9054A484609F0B1FA00BF26
:10CDB00018950400F8D3040008D40400A8D3040094
:10CDC000B8D30400C8D30400D8D30400F100000095
:10CDD00080B56F460249C0B231F8100080BD00BF77
:10CDE0007CE30400D0B502AF074904460C3006F0DE
:10CDF0006DFE38B10620207304F11800BDE8D04064
:10CE0000FEF71CB8D0BD00BFA4820400F0B503AF8C
:10CE10002DE900070D46804698B291B281421AD999
:10CE20000F481E461446D7F808900AF073F8B5F874
:10CE30004C01DFF830A0D0474846032107F0CAFF75
:10CE40002046D0473046D0470AF0CCF92846FFF7B5
:10CE5000C9FF052000E0FF2088F8000010F0DABDCF
:10CE600088000000B94D0200F0B503AF2DE9000FB6
:10CE7000A9B08346C8B23C2827D0022821D048BB9D
:10CE800090490BF578709A4616460DF0E7FB0C4674
:10CE9000DBE902128C4B8146856905A801F02DFC67
:10CEA000DDE905214FF45E70414302F5577011B37F
:10CEB00002780AB98278C2B3A1F55E7100F55E709E
:10CEC000F5E77F480AF032F80DE00BF5CA600FF085
:10CED0008DF80CE082480D460AF01CF8284607F051
:10CEE000B1FF0AF07FF90BF5BA60FDF7F2FF012000
:10CEF00029B010F0ABBC079810F0E4FC76480AF0BB
:10CF000009F8304607F090FF0AF06CF910F0BCFC0D
:10CF100014208DF85800714809F0FCFF16A80EF097
:10CF20000BFB0AF05FF90020E2E7A0F557780495C3
:10CF3000D8F88002002840F0B9804FF0FF30039409
:10CF4000C8F8800298F89002012806D108F54870C8
:10CF50000AF00EFD98F8900200E00020F9680191B7
:10CF6000D8E9A2148C4206D1C00704D100210825BB
:10CF7000082000240AE008F526758C4205EB811094
:10CF800091BFC1F10201611A00240825CDF8089073
:10CF9000E9F7CCFA28462146E9F7C8FAD8F8800222
:10CFA0004FF0000988F890920130C8F8800208F527
:10CFB0005170C8E9A299FFF782FD0498C8F84003B0
:10CFC000032088F85C03DAF8031088F86F93A8F858
:10CFD0005A93A8F85863CDF89B10DAF80000DBE903
:10CFE00004120496CDE92499CDE92299269016A839
:10CFF00022AB0FF029FA9DF881100DF1580E02298D
:10D0000009D00EF110050EA800F1080E95E85B108E
:10D01000724682E85B10DAF803100DF1200CDAF8A2
:10D020000000CDF86B106146CDE91899CDE916994D
:10D030001A909EE87D007DC108F510709CE87E0086
:10D040007EC0DDF804C0B86888F86E0308F5167075
:10D050009CE87E007EC00E2208F558703969A8F859
:10D06000729326F0C5F8B8680028029818BF0830F7
:10D070000AF07EFC079810F025FC039910F09DFB48
:10D08000134809F047FF049807F0CEFE50460EF013
:10D0900069F90AF0A7F80F490BF5B5600DF0DEFA53
:10D0A00002680132026010F088FB20E7074809F0AF
:10D0B00031FF0DF0C1FA0AF095F809F0E1FF00BF69
:10D0C0006D0000000CA104001CA10400C7000000BA
:10D0D000230000005CA004008F000000620000003C
:10D0E0005F000000F8B504AF00F1100168460FF0D2
:10D0F000FDF89DE80F0019431043084318BF0120B5
:10D1000004B080BDB0B502AF0446FFF7EBFF88B1B5
:10D1100004F5BA60FDF7D0FE60B104F5B76001F028
:10D12000FDFA0B68027C407C0133022A0B6004D0BC
:10D13000C00702D100252846B0BD04F5BD60FDF74B
:10D14000BBFE00250028F6D00AF02AFAD4F81826EB
:10D15000D4F81C36801A71EB030028BF0125EAE7DA
:10D1600080B56F460078064910F086FF38BF4FF053
:10D17000A04141EA80000321C0F8001780BD00BF34
:10D1800000030050F0B503AF4DF804BD0246D0E9EE
:10D1900001C0147891E86800012C68C206D1DCF85F
:10D1A0000C105DF804BBBDE8F040084710F0FFBA72
:10D1B000F0B503AF4DF804BD0446006888BB4FF0DE
:10D1C000FF302060207B012805D104F58C700AF027
:10D1D000CFFB207B00E00020D4E901158D4206D171
:10D1E000C00704D100210426042000250AE004F130
:10D1F00010068D4206EB011091BFC1F11001691AB2
:10D2000000250426E9F785F930462946E9F781F932
:10D2100000202073C4E9010010F036FB5DF804BB68
:10D22000F0BD044809F076FE0DF006FA09F0DAFFC9
:10D2300009F026FFC7000000F0B503AF4DF8048DDC
:10D240008046086870BB0D464FF0FF3101CA296067
:10D25000297B39B1D0B192E8580008F1040158C1D6
:10D2600000211AE0A96805EB0113186103F114000D
:10D2700092E8580058C0481CB0F1100118BF014690
:10D280006868A960884204BF0120287305F588708A
:10D290000AF06EFB2868411C00202960C8F80000D5
:10D2A00010F01ABB044809F035FE0DF0C5F909F07D
:10D2B00099FF09F0E5FE00BFC7000000F0B503AF1D
:10D2C0004DF8048D8046086868BB4FF0FF300D466E
:10D2D0000860087B38B192E85A0008F104005AC08F
:10D2E000002101201AE0D5F808C092E8590005EBAA
:10D2F0000C11103159C10CF10100B0F1100118BF2F
:10D3000001466868A960884204BF0120287305F5BA
:10D3100088700AF02DFB2868411C00202960C8F89D
:10D32000000010F0D9BA044809F0F4FD0DF084F9BA
:10D3300009F058FF09F0A4FEC7000000F0B503AFE4
:10D340004DF8048D8046086880BB4FF0FF3012F81E
:10D35000016B08600D46087C48B1FF2E1AD008F119
:10D36000010011463F2225F043FF002019E0EC6840
:10D3700011463F2205EB84100676193025F038FF60
:10D38000601C811E18BF0146A868E960884204BF7E
:10D390000120287405F198000AF0EAFA2868FF26AF
:10D3A0000130286088F8006010F096BA044809F04F
:10D3B000B1FD0DF041F909F015FF09F061FE00BF64
:10D3C000C7000000F0B503AF4DF8048D86B0944659
:10D3D0000091884669460A1D9CE87840114681E81C
:10D3E0007840D8F8001071B94FF0FF310023C8F829
:10D3F000001008F1040101F0BEF910F071F806B058
:10D400005DF8048BF0BD044809F084FD0DF014F9BB
:10D4100009F0E8FE09F034FEC7000000F0B503AFE4
:10D420002DE9000FADF5237DD0E94A230191D11CF0
:10D430004B9143F100013A91911C4C9143F1000151
:10D440004491511C4E9143F100014691D0F81811BE
:10D450000626D0E94C4CD0F824A14F92D0E942B234
:10D460004793D0E944E350919946D0E9478102902F
:10D4700000F594700090509851914A94CDF8DCC01A
:10D48000CDF8ECC04D94CDE948441446CDF814C114
:10D49000CDE935CB9446CDE920B2CDE91E32519A83
:10D4A0001B49CDF8E0E0CDF8C0E01546259319936F
:10D4B000184BCDF8A4E0CDF88CE086462A901B905E
:10D4C0001548CDF8BCB0CDF89CB093461D92134AD8
:10D4D000CDF8E480CDF8D0A0CDF8C480CDE92DA85A
:10D4E000CDF89880CDF8A0A0CDF860A03F931C9017
:10D4F00043911A923E93249042912292CDE92B209F
:10D50000CDE93C33CDE94011CDE9322008E000BF40
:10D510006E6420337465206B322D6279657870619A
:10D52000002E00F040833F981E9B1494C21835983B
:10D53000119582EA00012898179600EB3140289057
:10D5400058401E90CDF820B002EB305A279A1A9816
:10D55000139183184B98299983EA00045098CDF8C9
:10D560003CC000EB3445CDF834E085EA0206519A20
:10D57000CDF8249003EB3650359080EA344B439B32
:10D5800005EB3B60169080EA36541C9846184D987F
:10D590000AEB7465704002EB304C8CEA010806EB34
:10D5A00038511C9181EA304221983A99034485EA26
:10D5B000326683EA010E2E9901EB3E4980EA0900AA
:10D5C0001A9003EB305383EA3E403A9009EB306007
:10D5D000159000EB3640509080EA7461519105EB54
:10D5E00031543F9484EA36402E904FEA30640CEB7D
:10D5F0003260129080EA38504D9403EB7061139BB7
:10D60000289C81EA3B628AEA3343109304EB33633C
:10D61000139303EB3243289383EA7060299001EB64
:10D620003050439080EA3240279019994FEA306099
:10D630004B903E984218379882EA000318980E9350
:10D6400000EB334E8EEA01001990209902EB30581E
:10D6500022981D9A43184C9883EA00041B9800EB0B
:10D66000344585EA010603EB3650379080EA3449A9
:10D6700005EB39601B9080EA365CDDE92310461823
:10D680004A9808EB7C65704002EB304A269A8AEA99
:10D69000010B06EB3B51249181EA304442991F98DB
:10D6A00085EA34660B184499594002EB31425040E8
:10D6B000229003EB305383EA3140449002EB306018
:10D6C000189000EB3640269080EA7C61219105EBB2
:10D6D00031513E9181EA364020904FEA30610AEBA9
:10D6E00034600B9080EA3B504A9103EB70610E9BD3
:10D6F00081EA396288EA33430A930EEB33630C9371
:10D7000003EB3243239383EA70601F9001EB3050A8
:10D71000429080EA32401D9025994FEA30604C904B
:10D720003D9842183B9882EA00032D98079300EB3E
:10D73000334E8EEA01002D902F9902EB30582B9832
:10D74000089A43184E9883EA00042A9800EB34455F
:10D7500085EA0106309903EB36503B9080EA344964
:10D7600005EB39600E9080EA365C2C984618499893
:10D7700008EB7C65704002EB304A319A8AEA010B73
:10D7800006EB3B512C9181EA304441990F9885EA90
:10D7900034660B184699594002EB314250402B90A9
:10D7A00003EB305383EA3140469002EB306008903F
:10D7B00000EB3641319181EA7C612F910AEB3460B4
:10D7C000069005EB31513D9181EA364180EA3B50AC
:10D7D0002A914FEA3161499103EB7061079B81EA1D
:10D7E000396288EA334305930EEB3363079303EB07
:10D7F0003243309383EA70602590389B01EB3050C0
:10D80000419080EA32400F90099A4FEA3060459982
:10D810004E903C98104480EA010A349901EB3A4159
:10D8200004915140369A349100EB315932984F9916
:10D8300089EA3A4A104480EA01040D9901EB344523
:10D8400085EA020600EB3650459080EA344B05EB42
:10D850003B600D9080EA365E3398C618489809EB15
:10D860007E6586EA0001119800EB314883EA0803DF
:10D8700006EB3350339080EA31424098149985EAA0
:10D8800032664418479884EA000C399800EB3C4013
:10D890004140329104EB315484EA3C41479100EB22
:10D8A000316000EB3641399181EA7E61369105EBBA
:10D8B00031553C9585EA364108EB326614914FEAC2
:10D8C000316586EA3351049B04EB7162489582EA24
:10D8D0003B6403EB3A6505EB3443389383EA7161AB
:10D8E0001191109B02EB3151409181EA3441099131
:10D8F000159A4FEA31614F911A9982EA3151359A5E
:10D9000010F04AF8129B03EB3443159383EA7161DC
:10D9100012913A9B02EB31511A9181EA34411091F4
:10D92000139A4FEA316135911E9982EA31511C9A5E
:10D9300010F032F8169B03EB34431E9383EA7161B7
:10D9400004910A9B02EB31511C9181EA344103910D
:10D95000189A4FEA31613A91229982EA3151379A05
:10D9600010F01AF80B9B03EB3443169383EA7161B2
:10D970001391449B02EB3151229181EA34410B9186
:10D980000C9A4FEA31613791199982EA3151249A00
:10D9900010F002F81B9B03EB34431B9383EA716185
:10D9A0001991059B02EB3151249181EA3449089A7F
:10D9B0004FEA396144912B9982EA31513B9A0FF039
:10D9C000EBFF069B03EB34430C9383EA71610A91EE
:10D9D000469B02EB31512B9181EA344B079A0E9C06
:10D9E0004FEA3B613B912D9982EA31512C9A02EB2F
:10D9F000716282EA336304EB334C8CEA716E02EBA2
:10DA00003E512C9181EA33444FEA34614691329978
:10DA100080EA3152459800EB726383EA3A6006EB84
:10DA2000304888EA726A479A03EB3A51329181EAA8
:10DA3000304633990D9B4FEA36604590349885EA1D
:10DA4000305001EB706181EA326203EB324383EACA
:10DA5000706501EB3550339080EA32404FEA306117
:10DA60004791DDE9272101EB3261299A289181EA6A
:10DA700032512E9A4FEA71612991509901EB32612E
:10DA8000519A2E9181EA32511D9A4FEA7161279184
:10DA9000239901EB32611F9A189181EA3251209A41
:10DAA0004FEA71612391269901EB3261219A269107
:10DAB00081EA32510F9A4FEA71612091309901EB5E
:10DAC0003261259A2D9181EA32512A9A4FEA716189
:10DAD0003091319901EB32612F9A319181EA3251C3
:10DAE000099A4FEA71612F91389901EB3261119ACD
:10DAF000349181EA3251149A4FEA7161389139991F
:10DB000001EB3261369A399181EA3251039A4FEA38
:10DB1000716136911E9901EB3261049A509181EA4C
:10DB20003251109A4FEA71611E91159901EB3261E1
:10DB3000129A519181EA3251199A4FEA71612191F9
:10DB40001B9901EB39611B9181EA32510B9A4FEA23
:10DB500071611991169901EB3261139A1D9181EA55
:10DB600032514FEA71611F910CEB34612A9181EAC5
:10DB70003E5103EB306E4FEA71618EEA35502591CC
:10DB800008EB36650C994FEA7069179E85EA3A50A2
:10DB900001EB3B6B0A994FEA7064013E8BEA31510D
:10DBA0004FEA716CBCE4029ED6E94A8AD6F830018D
:10DBB0001690D6F8340117903F9861901C986090A9
:10DBC00043985F901A985E903E985D9024985C9080
:10DBD00042985B9022985A903D9859902C98589072
:10DBE000419857902B9856903C9855903398549064
:10DBF00040985390329852901E9871902998709046
:10DC000021986F9027986E9019986D9023986C903A
:10DC10001F986B9020986A90259869903098CDE96C
:10DC200067C02F98CDE965903898CDE96340369864
:10DC3000629028988190519880902E987F9050986B
:10DC40007E9018987D901D987C9026987B901B98CC
:10DC50007A902D98CDE978B0319877902A9876907F
:10DC60003498CDE974503998CDE972E035989190A7
:10DC70004D9890903A988F904B988E9037988D90C1
:10DC80004A988C9044988B904C988A903B988990B5
:10DC900049988890469887904E98869045988590A8
:10DCA00048988490479883904F988290D6F80801BE
:10DCB0004990D6F80C014890D6F810014790D6F854
:10DCC00014014690D6F818014590D6F81C014490EE
:10DCD000D6F820014390D6F82401429092A8009AE9
:10DCE00092E83A003AC018F104004AF10001C6E98E
:10DCF0004A0117981699A190A091CDE99C10CDE901
:10DD0000981018F103004AF10001CDE99E0118F1C5
:10DD100002004AF10001CDE99A0118F101004AF12F
:10DD200000010022CDE99601402A76D0029882AC0B
:10DD300004EB020C00EB820EA05892AB99580E181F
:10DD400052A81044416851918168C06850914F9029
:10DD500062A9881845684E958568C0684D954C90B5
:10DD600072A88518DCE90198DCF80CC068684B9053
:10DD7000A8684A909818D5F80CB0D0E901A5C468F5
:10DD800052A88958835872A8CEF830608058103253
:10DD9000459E3044CEF8200049980844CEF8100043
:10DDA00023484A991844CEF8000004EB0C00CEF842
:10DDB0003C0005EB0800CEF838000AEB0900CEF86D
:10DDC000340042985844CEF82C0043980844CEF8CA
:10DDD000280044984B990844CEF8240046984C9962
:10DDE0000844CEF81C0047984D990844CEF8180016
:10DDF00048984E990844CEF814000E484F990844AC
:10DE0000CEF80C000C4850990844CEF8080007489A
:10DE100051990844CEF8040086E7DDE90101C1F814
:10DE200000010DF5237D0FF045BC00BF6E6420336B
:10DE3000657870617465206B322D6279DFB506AF4D
:10DE4000044668460BF03EFD9DE80F0002EBC3035D
:10DE500000EBC1010FC4DFBDD1E900239A4205D117
:10DE60000B7ADB0702BF022101707047D0B502AF09
:10DE70000FF0A7FCC0E90034501CB0F1080218BF35
:10DE800002460A60D0BDD0B502AFD1E90042A2423D
:10DE900005D10B7ADB0702D110F00EFA0BE004EB90
:10DEA00084030C31A24201EB830391BFC4F104044B
:10DEB000141B0022042102EB820204EB840401EB18
:10DEC000820203EB8404C0E90034C0E90212D0BD31
:10DED00080B56F46D0E90012914204D1027AD20790
:10DEE00004BF022080BD002202720A46002918BF2A
:10DEF0000132026000EBC100007B80BDD0B502AFF3
:10DF00000FF0F7FE02D10C7AE4070CD00B72134627
:10DF1000002A18BF01330B6001EBC20101230A691B
:10DF20008989826081800360D0BDD0B502AF0FF0D7
:10DF3000E0FE02D10C7AE40707D010F053F8931EEC
:10DF4000846018BF13460B6001230360D0BDD0B5B9
:10DF500002AFD1E90042A24205D10B7ADB0702D120
:10DF600010F0AAF909E00C3101EBC403A24291BF01
:10DF7000C4F10104141B002204210FF04EBCD0B5E3
:10DF800002AFD1E90042A24205D10B7ADB0702D1F0
:10DF900010F092F909E00C3101EBC403A24291BFE9
:10DFA000C4F10204141B002204210FF036BC80B51A
:10DFB0006F46D0E90012914204D1027AD20704BF21
:10DFC000022080BD002202724A1C931E18BF134615
:10DFD000036000EBC100007B80BDF0B503AF4DF8DE
:10DFE000048D8AB0ADF8142005AA93E8701080461D
:10DFF000101D01F57E7180E870106846FFF7E2F9A8
:10E00000019820B102990FF071F8162000E0FF206E
:10E0100088F800000AB00FF05FBCD4D4DFB506AFBB
:10E020000A4B10F066FA01A800F067FB0299E0B213
:10E03000814281BF019A03994FF45E7310FB032064
:10E0400084BF04B0D0BD024A08F062F9BCA004004D
:10E05000F8960400F0B503AF4DF804BD84B0064651
:10E06000194814460D4608F055FF204606F0A4FE58
:10E07000F72006F0A1FE09F0B5F8D6E9001201A8D4
:10E08000124B00F03AFB0FF019FAAAB2A9B190F8BE
:10E090005C33032B12BF042BB0F85833934202D0E9
:10E0A0000FF069FBF2E7A1B2F7290C4628BFF7246D
:10E0B000A0F85A43002908BF172403980FF002FC68
:10E0C000204604B00FF076BB39000000CCA004005D
:10E0D000B0B502AF88B01D46194B044601A80EF03A
:10E0E0009FF90FF0EBF9BA68ABB251B190F85C53FD
:10E0F000022D03D9B0F85853AB420ED00FF03BFBC2
:10E10000F3E703980FF09EFC14202070D2E9000181
:10E1100008B0BDE8B0400EF0E9BF00F5907104A86A
:10E12000FFF78AF8049820B105990EF0DFFF16205A
:10E1300000E0FF20207003980FF084FC08B0B0BD11
:10E14000DCA00400F0B503AF4DF804BD94B01D464B
:10E15000234B044601A800F0D0FA0FF0AFF9BA68DB
:10E16000ABB251B190F85C53042D04BFB0F85853D2
:10E17000AB4211D00FF0FFFAF3E703980FF0A2FBC8
:10E18000142092F83A102070107814B05DF804BB97
:10E19000BDE8F040E8F7A2B91178022909D102F1EF
:10E1A000080600F5167C6ACEACE86A005188A0F833
:10E1B000681200F5207104A8FFF7C0F89DF8100060
:10E1C000FF2805D09DF84A10E8F788F9162000E0EE
:10E1D000FF20207003980FF075FB14B00FF0E7BA22
:10E1E0002CA10400D0B502AF04460FF0CCFF90F88C
:10E1F0005C23042A11BF1C2090F85F036070FF208D
:10E2000020700FF0D2FCD0BDDFB506AF0E4B10F082
:10E2100070F901A80EF004F90FF050F9A2B251B153
:10E22000B0F85833934203D190F85C33022B07D8EF
:10E230000FF0A1FAF3E703980FF004FC002000E0D0
:10E24000039904B0D0BD00BF5CA10400DFB506AFE8
:10E250000E4B10F04EF901A800F04FFA0FF02EF916
:10E26000A2B251B1B0F85833934203D190F85C3365
:10E27000022B07D80FF07FFAF3E703980FF022FB89
:10E28000002000E0039904B0D0BD00BF7CA10400D1
:10E29000F0B503AF4DF8048D0E460546D0E90001F8
:10E2A00090463246FFF7D2FFD0B10C4690F85C138F
:10E2B000042913D1B0F85813B2B28A420ED1012109
:10E2C00080F85D8380F85C1305F5767005490CF0E5
:10E2D000C5F910300FF0FCFB0FF004FB0FF0D4FA7F
:10E2E0000FF0FABA8CA10400D0B502AF6FF4FA7344
:10E2F00013FA82F3B3F5F97F9CBF0120052171B3B6
:10E3000041F2932300FB03F44B1C08BFB4F1004F10
:10E3100028D092B294FBF1F4944201DA6420D0BD8B
:10E3200040F6D774444313B9B4F1004F1DD094FBA9
:10E33000F1F3934201DD0020D0BDC8B15143421C2E
:10E340000FBFB1F1004F91FBF0F0A0F6D77007219D
:10E350001CBF90FBF1F0D0BD074808F0DAFC08487C
:10E3600008F0C3FC064808F0D4FC044808F0D1FCCF
:10E37000014808F0BAFC00BFDCA10400CCA10400F5
:10E38000BCA10400FEB506AF01466846FEF710FBCF
:10E390009DF80000B0F10A0198BF002121B10129C8
:10E3A00008D1BDF80C0003E0032803D1BDF802003A
:10E3B00006B080BD024808F0B9FD08F061FE00BF5C
:10E3C000F500000080B56F460BF030F90A68B0F830
:10E3D0005A03013A0A60002808BF172080BDB0B573
:10E3E00002AF8CB00A4604460FF0E6FA0D46D4E9B7
:10E3F000021200F5107368460EF026F89DF8290009
:10E40000296800F00100013929600CB0B0BD80B569
:10E410006F46BDE88040FFF7E5BE80B56F460BF064
:10E4200005F90FF0C2FB80BDF0B503AF4DF8048DC8
:10E43000ADF5487D01AD80461E461446284601F0E4
:10E4400007FF20BA699030BA6890B8681022274E4A
:10E4500000BA6790F86800BA669066A92846B04787
:10E460000FF039F966A92846B047386A102200BA79
:10E470006990786A00BA6890B86A00BA6790F86ADA
:10E4800000BA669066A92846B047386B0322ADF8FB
:10E490009801000C8DF89A0166A92846B04766AC31
:10E4A000796B0FF0F2FF284621460722B04766AC91
:10E4B000B96B0FF0EAFF284621460722B04766AC49
:10E4C00029464FF4C2720FF0D4FF62A8214605F02E
:10E4D0004BFD62AB0FF0A0FBC8E90032C8E90210A7
:10E4E0000DF5487D5DF8048BF0BD00BFFD0C02000A
:10E4F000F0B503AF4DF804BDADF5487D044610BA44
:10E50000699018BA6890B86800BA6790F86800BA5D
:10E51000669001AD66A9284601F09AFE3969284641
:10E52000114E2022B047796928462022B047B869A9
:10E5300001228DF8980166A92846B04766AE2946A3
:10E540004FF4C2720FF087FF62A8314605F00CFD50
:10E5500062AB0FF061FBC4E90032C4E902100DF5B3
:10E56000487D5DF804BBF0BDFD0C0200B0B502AF04
:10E57000ADF5487D00BA699008BA689010BA679006
:10E5800018BA669001AC66A9204601F061FEB96830
:10E590002046104D2022A847F96820462022A8478F
:10E5A0000FF099F866A92046A84766AD21464FF4BA
:10E5B000C2720FF017FF62A8294605F0D5FC6598D6
:10E5C000054900BAB0FBF1F202FB11000DF5487DE0
:10E5D000B0BD00BFFD0C020040420F00F0B503AF1C
:10E5E0004DF8048DADF5587D044610BA039018BA65
:10E5F00002908846B86800BA0190F86800BA0090A6
:10E60000386900BA0790786900BA0690B86900BA0C
:10E610000590F86900BA0490786A0C90386A0B90FB
:10E6200004A80A90684609901F4871901F4870908E
:10E630001F486F901F486E900DAE6EA9304601F0D6
:10E6400007FE6EAD414620220FF092F83046294673
:10E65000202202F053FB0020CDE9D600CDE9D40002
:10E66000D4AD3046294602F0C5FB6EAE2946304691
:10E6700001F0EEFD09AD2046324600232946F7F7AA
:10E68000D9FCD0A8294632460123F7F7D3FCD0ABFA
:10E690000FF0C2FAC4E90432C4E906100DF5587D42
:10E6A0005DF8048BF0BD00BF5A6083BE60370BDBA2
:10E6B000AAF5A5386C8883910246006830B94FF0FE
:10E6C000FF31104640F8081B1146704780B56F4671
:10E6D000084608F077FA024600686FF00043984257
:10E6E0003FBF411C104640F8081B114638BF704719
:10E6F00080B56F46084608F083FAD0B502AF0C68C3
:10E7000044B94FF0FF330C4644F8083BC0E90042DF
:10E710008160D0BD184608F055FAD4D4014600688F
:10E7200008B90FF0E0BC80B56F46014808F04AFA1E
:10E7300068560400D0B502AF0C683CB94FF0FF3307
:10E740000C4608C4C0E900428160D0BD184608F0FC
:10E7500039FAB0B502AF0C686FF00045AC423FBF6C
:10E76000631C0C4608C4C0E900423CBF8160B0BDD8
:10E77000184608F045FAF0B503AF2DE9000B8146C5
:10E78000087AB0B155685DB3D2F8008002F108068E
:10E790003BB11868D0E9003201F5AA70194609F0BA
:10E7A000F4F896E80E0009F108000EC0C9F80080E0
:10E7B0001BE0D1F804C092E871400CEB8C0301EB34
:10E7C00083030C3383E871400CF10100B0F11002B7
:10E7D00018BF024608684A60904204BF01200872D0
:10E7E00001F5A67009F0C4F80025C9F804500FF02F
:10E7F0004FB8D4D4F0B503AF4DF8048D04460028CB
:10E8000044D0DFF894800D4698F80060FF2E0FD0BA
:10E8100098F80100E9B2814238D08A1B88F801508B
:10E8200048BF5242012A13D990B205281AD328E0D2
:10E8300088F8005088F8015008F0B2FE7D222E467C
:10E840000EF09EFF000B40EA01501449C8601DE025
:10E8500002228142114888BF01228178914214D15D
:10E860000021817008F09CFE7D220EF089FF000BD4
:10E870000B4B40EA01500949CA68821A9A4205D3F3
:10E88000C86088F800502E4600E08270204631466D
:10E890005DF8048BF0BD00BF2C8A032098E60320AE
:10E8A000C0D40100F0B503AF4DF804BD8CB00546EF
:10E8B0006E4606F11C000C46114609F011FB30466D
:10E8C00021461C2224F094FC28463146302224F0B4
:10E8D0008FFC0020C5E90C000CB05DF804BBF0BD56
:10E8E0000146D0E90020824204BF4FF0FF3070475C
:10E8F000B0B502AF134613F8010B0B6043B2B3F18E
:10E90000FF3F00DDB0BD5478931C0B6000F01F0387
:10E9100004F03F04E02814D3D51C0D609578F0284E
:10E9200005F03F0545EA84140ED3101D0860D07829
:10E9300003F0070100F03F0040EA841040EA814004
:10E94000B0BD44EA8310B0BD44EA0330B0BD0A460E
:10E95000091A102928BF06F013BF82420DD080B5D6
:10E960006F46002210F9013B13F1410FC8BF01327D
:10E970000139F7D1BDE8804000E000221046704721
:10E98000F0B503AF2DE9000B0446087F0D4640B1FA
:10E99000D5E903684FF4881168693044E8600020C5
:10E9A00011E02968D5E90368481C12D0A869894696
:10E9B0003044E860281DFFF793FF2860B0F1FF3076
:10E9C000494618BF01202877C4E90068A1600EF00D
:10E9D0005FBF0149F8E700BF01001100F0B503AFC8
:10E9E0002DE9FC070D7904460E6829463046FFF7ED
:10E9F000F6FCD6E90012EA46804650462B460AF05D
:10EA000003FE13492046FFF757FE044689466FF080
:10EA10005F06BEB160365146A51928460DF017FCB9
:10EA20000028F6D0B8F1000F02D00020287609E0C7
:10EA30002846172124F050FB0020287605F12000FD
:10EA40000DF0D8F80EF065FE06B00EF0E3BF00BF83
:10EA5000B8940400F0B503AF2DE9FC070FF018FDE2
:10EA6000EA4650460AF0D0FD0D492046FFF733FE36
:10EA7000054689466FF05F0676B10FF0F0F9002881
:10EA8000FAD00FF08AFB0246002032B1022904BFFF
:10EA9000108800F0010000E000200EF0CEBE00BFA4
:10EAA000CC8C0400F0B503AF2DE9FC070FF0F0FCAF
:10EAB000EA4650460AF0A8FD0D492046FFF70BFE36
:10EAC000054689466FF05F0676B10FF0C8F9002859
:10EAD000FAD00FF062FB0246002032B1022904BFD7
:10EAE0001088C0F3400000E000200EF0A6BE00BF7A
:10EAF000CC8C0400F0B503AF2DE9000792460A461E
:10EB00000E4980461046FFF7D7FD044689466FF050
:10EB10005F0666B160365046A51929460DF097FB91
:10EB20000028F6D09AE85F005FC5FF2000E01420BF
:10EB300088F800000EF0EDFD0EF06CBFC8940400E4
:10EB4000F0B503AF2DE9000F91B00446180427D0AB
:10EB500001F168001E4692460D460AF09FF988466C
:10EB60000FF083FB21D2B1B22C22D7E9029B01FB2B
:10EB70000200A0F12801087803281BD1DAF8000070
:10EB80009AF804300DF1280A0FF09EFA0020294669
:10EB90008DE8010A08A852463346FEF72DF810E02A
:10EBA000FE208DF80C000AA820E0FE208DF80C0055
:10EBB0000AA816E0CDF800B008A800224B460DF0D8
:10EBC0000BF9099804909DF820009DF821108DF80C
:10EBD0000D104FF0FF31002818BF02218DF80C10E6
:10EBE00003A8D8F800100139C8F8001014218DF8D6
:10EBF000281090E86E006EC411B00EF05BBDD4D446
:10EC0000F0B503AF2DE9000F8DB0044618043CD0D9
:10EC100001F168001E4692460D460AF0EBF889465F
:10EC20000FF023FB36D2B1B22C2201FB0200A0F17F
:10EC3000280B01209BF80080DFE808F006030203A0
:10EC400017201BF8000028B958460DF029FDF96877
:10EC500088422ED1B8F1030F21D1DAF800009AF8DA
:10EC600004300DF1180A0FF02FFABB682846D7F8C8
:10EC70000C8051463246CDF80080FEF713F84FF075
:10EC8000FF32C00718BF022212E0FE208DF80400F8
:10EC900006A81FE0FE208DF8040006A815E0D7E9BD
:10ECA0000218584642460DF02BF9C00705D0022243
:10ECB00004E00622D7F80C8000E0FF22CDE902082C
:10ECC0008DF805108DF8042001A8D9F80010013145
:10ECD000C9F8001014218DF8181090E86E006EC469
:10ECE0000DB00EF0E7BCDCB504AF13681279D3E9C0
:10ECF000004300922246FDF7BDFBDCBDF0B503AF3B
:10ED00002DE9000FABB092461A788B46044699461F
:10ED1000B2F10A004FF0000198BF084650B3012835
:10ED200023D1B9F80C6006B30BF16800D9E901985A
:10ED30000AF060F80D46A6F1010C01688C4511D26D
:10ED400023462C240CFB04009AF80420DAF8001067
:10ED500004301C46CDE9000958463346CDF80880FA
:10ED6000FDF757FB0EF0BEFD002112E020702BB026
:10ED70000EF0A0BCD7E90258DFE812F00F005C00EB
:10ED80006A001E000B00A900BE00A5000A01490090
:10ED9000CB00C4E90110FF20E8E7CDF844B0002023
:10EDA000B9F81410B9F812B0CDE9155817908B4581
:10EDB00040F2A481A046C7E3B9F80260002E00F03B
:10EDC0007B83D9E90110CDE910100BF168000AF03E
:10EDD00011F88946A6F1010C01688C4580F06F831B
:10EDE000334626462C249AF804200CFB0400DAF85B
:10EDF000001034460430009010981E46019011987F
:10EE000002905846FDF705FB00F0010E59E3D9E9E1
:10EE1000010100220129CDE92458269200F01A852B
:10EE2000002900F01A8503880A2000901EA824A952
:10EE30002022B1E0B9F812600020B9F81410CDE931
:10EE400015588E421790119140F2B080A0466BE3A6
:10EE50000020B9F80290CDE91E580B2120901EAE7B
:10EE600030460BF05BFBC5B2022D40F05884B9F17F
:10EE7000000F129400F05E830BF168000AF00EF8A8
:10EE800080460068A9F10102824280F0CC83119192
:10EE90001EA80CF06FFD0FF095F800259AF80430CD
:10EEA00004340491CDE900955946CDE9024024A8E7
:10EEB000FDF76DFA9DF89000012840F003849DF85D
:10EEC00091001199B0E30EF05AFF162263E0D9E9E0
:10EED0000220B9F80460B9F802A01190B9F8060050
:10EEE000CDE91B581D918DF89010ADF89100B245F9
:10EEF00040F2C58126463FE3B9F804600020B9F826
:10EF00000290CDE915581790B14540F22C82264663
:10EF100048E3B9F804000D2111900020B9F80290DF
:10EF2000CDE91E5820901EAE30460BF0F7FAC5B260
:10EF3000022D40F0F483B9F1000F129400F04783E2
:10EF40000BF1680009F0AAFF80460068A9F10102F0
:10EF5000824280F06D8310911EA80CF00BFD0FF023
:10EF600031F89AF80430119D0434CDE90301CDF84D
:10EF700000905946CDE9015424A8FDF708FA9DF800
:10EF80009000012840F0A7839DF89100109950E36C
:10EF90000EF0F5FE18220023FDF7CAF99DF878005F
:10EFA00010B19DF87950BAE31F9852E3002E00F09B
:10EFB000B9820DF1900815A902220F9140460CF07C
:10EFC00071FC24989DF89450002800F0A8831294B6
:10EFD0000446404609F101080DF17809411D13224C
:10EFE0000FF0F7F90EF012FE09F10701CDF86500F8
:10EFF0001BA824F0FDF80BF168008DF864501894FC
:10F00000A6F1010909F04AFF02469AF804000A90A5
:10F01000DAF800000990012052F81E5B10900A20D7
:10F02000DDF844A00B9001200E910C9008922C204A
:10F030000D9609FB00244E46AE4280F0D382204656
:10F04000414604F027FD013610B1B0B2824501D22D
:10F050002C34F1E71BA83146B1460BF07FFAC0B261
:10F06000022840F0A8831BA81A3C0CF083FC002265
:10F07000CDE90301CDF800905946CDE9012424A83B
:10F08000DDE90923FDF783F99DF8900001280C982C
:10F090004FEAC07200F059832599079CA2B1DDE9BF
:10F0A0001C02831A8B42C0F085831144DDE92424BD
:10F0B0001D91130A43EA0463D2070B9312D0012077
:10F0C00007940C90109017E0A14240F04E83DDE9C8
:10F0D0001C01431AA342C0F06D8321441D911AB153
:10F0E000012008E000221092401AA11C88420794D7
:10F0F000C0F0418300200C90089A98E7BBF1000F04
:10F1000000F01F820DF190080E4615A9022240461C
:10F110000F910CF0C7FB24989DF89450002800F044
:10F12000FE821090404612941EAC411D13222046D0
:10F1300009F1010824F05CF80EF068FDE11DCDF83E
:10F1400065001BA824F054F81098189011988DF8B9
:10F150006450683009F0A2FE0E9100F11E0120C833
:10F16000ABF10102CDE924059AF804000C90DAF81D
:10F1700000004FF00A0A0B900120109001200A9124
:10F180000D902C20D94602FB00149346AB4580F02D
:10F1900039822046414604F07DFC0BF1010B18B189
:10F1A0001FFA8BF0864201D22C34EFE7CDF818A07D
:10F1B000CDF898B024A80DF0B7FE0DF16C0A0790B9
:10F1C0005946CDF824B00FF03BF9C0B2022840F008
:10F1D000AF8207990FF034F9C0B2022840F0A8823C
:10F1E00050461A3C0CF0C6FB099A00920022CDE969
:10F1F0000124CDE903011EA81199DDE90B23FDF7D8
:10F20000C6F89DF8780001280D984FEAC07200F00A
:10F21000BD821F99089CDDF818A09AB1DDE91C0297
:10F22000831A8B42C0F084821144DDE91E241D91B3
:10F23000130A43EA046AD20714D0012008940D90FF
:10F2400010900DE0A14240F0D782DDE91C01431A85
:10F25000A342C0F06D8221441D912AB101200D907E
:10F26000099A0AE000221092099A401A211D089476
:10F270008842C0F0C78200200D900A9981E7BAF158
:10F28000000F00F0768110921BA807210BF046F9C1
:10F29000C5B2022D40F043820BF16800129409F0D0
:10F2A000FDFD8846014651F804BB5446CDE91E1BBE
:10F2B0002C210AFB0100A0F12809601E584580F0AE
:10F2C000CE81A0B22094864249D309F11A0024A924
:10F2D00004F0E0FB002842D099F80000DFE800F0DD
:10F2E00002050F3FD9E9010111E0B9F80210D9F880
:10F2F00008208A42C0F0AA82D9F8040007E099F8F1
:10F30000021009F10300DFF868250CF0EFFD30B3BF
:10F31000119A914223D1DDE9101223F08BF8F0B954
:10F32000DDE91C01401A0428C0F09981CDF83C8029
:10F330000DF16C08214640460BF010F9C5B2022DC4
:10F3400040F000821EA80DF0EFFD014640460BF094
:10F3500005F9DDF83C80C5B2022D40F08181013411
:10F3600009F12C09A9E7B9F1000F00F018810DF19E
:10F370009008129415A90222404611910CF092FABD
:10F38000249C9DF89450002C00F0C88108F10501E0
:10F390000DF1780813220EF00CFC0EF037FC08F18A
:10F3A0000701CDF865001BA823F022FF8DF86450FB
:10F3B0000521189418A80BF0B1F8C5B2022D40F041
:10F3C000AD810BF16800A9F1010409F067FDD0F8E7
:10F3D00000B00DF16C0A2C254FF0000C5C4580F05C
:10F3E0005E8123460134A2B29642F7D3109103FB0B
:10F3F00005014FF002088A7F002A08BF4FF001087C
:10F400005FEA0C630E9005D05FFA8CF3434540F041
:10F41000DD81E04601F11F05022A08D0012A0DD145
:10F4200029684FF480501025E04AE14B1EE02A681D
:10F430006B68A8681025D1F82B1017E00020DFF8C2
:10F440002834CDE926001022CDE9240024A9022089
:10F450000CF086FADFF81424022300922A460225D3
:10F4600009F0F2FADDE92423DDE92601CDE92601E0
:10F47000A81CCDE92423DDE91C120F95891A8142CD
:10F48000C0F08281504621460BF068F8C5B2022DCB
:10F4900040F09E81CDF8348024A90F9A5046D04682
:10F4A0000CF032FAC5B2022D40F08C8110992C2557
:10F4B000DDE90DC0C24691E74FF0020E06E04FF0C5
:10F4C000020ED9F800200132C9F800200022CDE94F
:10F4D0001E58BEF1000F209218D01EA833460DF121
:10F4E000900CA04690E86400BEF1020F644664C42C
:10F4F00008BF0A21122200911BA86146FCF718FFE1
:10F500009DF86C0060B19DF86D502DE01EA8132190
:10F510000BF004F8C5B2022D40F00181209898E06C
:10F520001C9824E0A046002615A824A90EF003F993
:10F5300033460EE024A996E81C0008461CC00A22A7
:10F540004BE0A0464FF0000B15A824A90EF0F3F8ED
:10F550005B460822009013A8FCF7EAFE9DF84C00D9
:10F56000012803D19DF84D504446D8E014984446F4
:10F570006FE026464FF0000A1BA81EA90EF0DBF82C
:10F5800053460822009015A8FCF7D2FE9DF85400BF
:10F59000012802D19DF8555014E0169815E0264632
:10F5A0004FF0000915A824A90EF0C5F84B46082213
:10F5B000009013A8FCF7BCFE9DF84C00012803D175
:10F5C0009DF84D503446AAE01498344641E024A9F1
:10F5D00096E81C0008461CC00C220A2000901BA8BC
:10F5E00000232CE00E99129C0EF0DFFA1098C00751
:10F5F00000F00B810EF0A5FE08220B9800901EA8CB
:10F600000D9BC9E40E99CB460EF0CFFA1098C007B7
:10F61000129C00F006810EF094FE10225B46CDF89D
:10F6200000A01EA8B8E40A200EF077FB0A2203E02F
:10F630000A200EF072FB0C2200901BA84B46FCF730
:10F6400077FE129C9DF86C0010B19DF86D5066E03D
:10F650001C9800283FF488AB0121FFF79ABB0225D4
:10F66000D8F80000129C0138C8F800001BAE022D2B
:10F6700055D11D980128ECD81EA996E82C00084603
:10F680002CC006220A20009018A85346FCF750FE12
:10F690009DF8600001282DD19DF861503FE00225C2
:10F6A000E0460EF082FA022D38D118A841460AF041
:10F6B00035FFC5B2022D31D11D9802281CD91A99E7
:10F6C000129CC1E0DDE91F2325981199D21A8242CC
:10F6D0000AD20420A8E7DDE91F2325981099D21A41
:10F6E000824201D20420A4E70A681844129C013A1D
:10F6F0000A60AEE71998ACE724A9119C084694E883
:10F700002C002CC004220A2000901EA84B46FCF7B7
:10F710000FFE9DF8780090B19DF87950129C012061
:10F720006070E8074FF0040018BF0D20FFF71EBB04
:10F730000E994FF0040A0EF038FA129C6BE71F98EE
:10F74000129C86E7DDF83C808AE772B10E9ADDE90B
:10F7500024010791116801391160C10754D007993C
:10F76000000A0D9640EA016029E01D98811E814241
:10F7700038BF08461D900E99129C0EF016FA10988C
:10F78000C00742D00D9635E7022521E012B30E9A4C
:10F79000DDE91E010891116801391160C1073FD0F0
:10F7A0000899000A40EA016AC7E700BFFB349B5F83
:10F7B000800000800D960E990EF0F7F904200B9052
:10F7C000129C17E71099DDF834806AE70225E046BD
:10F7D000109966E71D98011F814238BF08460E99AF
:10F7E0001D90129C0868DDF818A001380860109878
:10F7F000C0077FF410AF14E01D98011F814238BF8D
:10F8000008461D900E99FFE6129C18A809210AF0DF
:10F8100085FEC5B2022D7FF482AF0798811C0AE0F5
:10F82000129C18A811210AF079FEC5B2022D7FF4AE
:10F8300076AF0898011D18A80AF070FEC5B2022D17
:10F840007FF46DAF1A981D99084402E7094B002018
:10F8500006F018FD024A0DF0C9FE024A0DF0A7FDA0
:10F86000809F0400709F04001CD704002CD7040064
:10F870009CD604008CD60400F0B503AF4DF804BD4F
:10F880000D46110412D00EF085F90C4601688E4227
:10F890000ED22C212A7906FB0100037F2868D0E9CB
:10F8A0000001FCF74BFE00F0010002E0022003E043
:10F8B00002202268013A22600EF00DFD08BF0121EE
:10F8C0000EF03EB9F0B503AF4DF804BD0D4611047E
:10F8D00012D00EF05FF90C4601688E420ED22C2138
:10F8E0002A7906FB0100437F2868D0E90001FCF774
:10F8F00047FE00F0010002E0022003E0022022683F
:10F90000013A22600EF0E7FC08BF01210EF018B9A1
:10F910000068027A02B1704780B56F460868D0E986
:10F920000010896888470020BDE880407047D4D423
:10F93000D0B502AF0446006898B94FF0FF302060A0
:10F94000207B40B1D1E90012201D08F01EF820688C
:10F95000411C002003E0012000212073204621608B
:10F96000D0BD014807F02EF910900400F0B503AFA8
:10F970004DF8048D90460E46054607F011FE0246EE
:10F980000B46D5E900010024121A73EB010238BFBF
:10F99000012403D2424607F09DFF05E0D6E900238B
:10F9A00008F0B0F8C5E9000120465DF8048BF0BD11
:10F9B000D0B502AF0446083000F003FD012808D19D
:10F9C000D4E900021144B1FBF0F202FB1011012056
:10F9D000D0BD0020D0BDD4D4FC2938BF704780B53D
:10F9E0006F46024B0020FB2206F04CFC8CA2040068
:10F9F000F8B504AF00680A460178FF2907D00390E4
:10FA0000094800901046094903AB072207E004307B
:10FA1000029007480749009002AB10460A2206F000
:10FA200040FD04B080BD00BF65FA0100CFA4040012
:10FA30006D850200C5A4040080B56F460068074AC2
:10FA4000074B0078002818BF13464FF00B0218BF71
:10FA50000C220EF0B7F8BDE8804060476DA20400AC
:10FA6000CCA70400E0B502AF00680278DFE812F02E
:10FA700021007F005F006F0041009D00AF00770014
:10FA8000C7004F00BD003B004700A50035006900DE
:10FA90002D008D00B700DF009700A100D900E50020
:10FAA00059005300F3002700E900EE00CD00890063
:10FAB000D300964A01300190934800903CE0D1E990
:10FAC00000010922CB686D49CAE0794A01300190F2
:10FAD00076480EF01DF90D2276E0D1E900011F22D3
:10FAE000CB687649BCE0D1E900012422CB68774994
:10FAF000B6E0D1E900011122CB687C49B0E00EF0FC
:10FB000079F8714A031D08461146102274E00EF080
:10FB100048F870499DE0D1E900010722CB685949B6
:10FB20009EE0D1E900010D22CB68574998E00130F1
:10FB3000019071480090714A0846114601AB0322BA
:10FB400042E05D4A043001905A48009022E0694A40
:10FB50000130019066480EF0DBF8082234E0604A7C
:10FB6000013001905D480EF0D3F818222CE00130EE
:10FB7000644A01906248009001AB08461146092290
:10FB800022E00EF00EF839495EE00230019045485F
:10FB90000090454A0846114601AB112214E0D1E914
:10FBA00000010822CB683C495AE00DF0FAFF4E49AB
:10FBB0004AE00DF0F6FF374946E0424A0130019035
:10FBC0003F480EF0A5F80A2206F06BFC8CBD0EF043
:10FBD00011F8444A031D0846114614220CE0D1E9ED
:10FBE00000011022CB682E493AE00EF003F8384AA3
:10FBF000031D08461146222206F0F4FC8CBDD1E913
:10FC000000011D22CB6834492AE0D1E900011A2203
:10FC1000CB68174924E0D1E900010522CB681249DD
:10FC20001EE0D1E900010B22CB68194918E0D1E9A7
:10FC300000011222CB68194912E00DF0B2FF1349FE
:10FC400002E00DF0AEFF0C490C2209E00DF0A9FF17
:10FC50000849162204E0D1E900010422CB680849D2
:10FC600002B0BDE880401847EDA60400E1A60400FC
:10FC7000C7A60400B1A60400A5A604009CA6040023
:10FC8000C082040095A6040088A604007CA6040097
:10FC900071A6040065A60400F0A4040053A60400A5
:10FCA000E8A30400B501020042A6040071FD0100B2
:10FCB00035A604005154020024A6040005A6040041
:10FCC00045FD0100FBA5040018A40400D7A504000D
:10FCD000B5A504009FA5040082A50400E5B40200B8
:10FCE0006AA5040050A504006DA204005CA20400F3
:10FCF00091010200E8A4040011FD0100E2A4040047
:10FD000039FA0100D9A40400D1FD0100D6A40400F1
:10FD1000F8B504AF00680A46039003A90523064816
:10FD2000CDE900310549064B029010460C2206F041
:10FD30001BFC04B080BD00BFA97302000CA8040026
:10FD4000A08B040080B56F460068074A074B007817
:10FD5000002818BF13464FF0110218BF0C220DF0F7
:10FD600031FFBDE8804060476DA204005CA2040042
:10FD700080B56F46D1E900010722CB680149BDE893
:10FD80008040184718A80400006802684AB1D1E909
:10FD90000001012ACB6807BF0A490B220849092242
:10FDA0001847E0B502AF0430084A019006480090B9
:10FDB00001AB08461146042206F073FB8CBD00BF60
:10FDC000F3A70400E8A704006D850200B4820400D4
:10FDD000DCB504AF0246D1E9000112681378013B9B
:10FDE000472B00F25880DFE813F04800B900A0006C
:10FDF000D500DD00AC00BD00C000EC00E4008800D0
:10FE0000AF0099007C00C700CB00F700F000750040
:10FE10009D000301790096008500B2007F001A0161
:10FE200017018F00A400D100A80027018B00F30068
:10FE300024016E00E1006B0067009200B5005600DF
:10FE4000FF0050007100C400D90056002B0156007D
:10FE5000CE0064005300370121016100E800FB007F
:10FE60005E001301070156003F0133013B010B0106
:10FE70000F0182001D014C002F01CB68DFF8041335
:10FE8000E0E0CB6809227D49F1E0CB68924983E04C
:10FE9000CB688A493DE0BC4BCDE900236B46BB4AA9
:10FEA00005F04AFBDCBDCB687E49CBE0CB688049DE
:10FEB000A0E0CB6882495AE0CB680E228A49D6E09E
:10FEC000CB688A49A2E0CB688A49CBE0CB68242280
:10FED0008049CCE0CB6821229849C8E0CB6894499E
:10FEE00017E0CB689A49B9E0CB688D497EE0CB68D2
:10FEF000644964E0CB688C49A4E0CB68974962E030
:10FF0000CB682A227E49B2E0CB6882499EE0CB686A
:10FF100074492322ABE0CB68844939E0CB682C22BA
:10FF20008C49A4E0CB68844954E0CB681022934903
:10FF30009DE0CB682E22764999E0CB684022724939
:10FF400095E0CB688A4912E0CB6883490FE0CB6823
:10FF5000744934E0CB681F22614988E0CB681D22D8
:10FF6000874984E0CB68814974E0CB687E491222DE
:10FF70007DE0CB68564969E0CB682F22734976E073
:10FF8000CB6871492EE0CB684E4957E0CB685F499A
:10FF900011226CE0CB6878490C2268E0CB68202203
:10FFA0004A4964E0CB681622724960E0CB68504948
:10FFB0001CE0CB6831226A4959E0CB683B490F22EB
:10FFC00055E0CB686749192251E0CB685C4949E0AC
:10FFD000CB684A4938224AE0CB682622594946E094
:10FFE000CB683149222242E0CB683C491A223EE0EC
:10FFF000CB68504934223AE0CB683D22274936E0AD
:020000022000DC
:10000000CB680D22214932E0CB681F491B222EE02C
:10001000CB68282222492AE0CB683F4916E0CB680A
:100020003E490FE0CB680822154920E0CB68214902
:1000300008E0CB68304905E0CB683249172216E06A
:10004000CB682149132212E0CB680B4915220EE040
:10005000CB68104918220AE0CB6817492B2206E02A
:10006000CB680B491E2202E0CB684C220A4902B041
:10007000BDE8D040184700BFD2B20400C9B20400A6
:10008000F8A40400BAB204009FB2040092B20400C3
:1000900074B204005CB2040010B20400D3B10400D6
:1000A000ABB1040098B1040076B1040067B104005C
:1000B00033B1040020B10400F5B00400D2B0040054
:1000C000C0B00400A9B0040096B0040036B004002B
:1000D00001B00400DDAF0400D1AF0400B7AF0400ED
:1000E00098AF040075AF040067AF04004CAF040084
:1000F00032AF040014AF040001AF0400C9AE040025
:100100009FAE040088AE040048AE040037AE040081
:1001100009AE0400F4AD0400DFAD0400CCAD040072
:10012000B2AD0400A3AD040090AD04007FAD0400A7
:100130005CAD040028AD0400F0AC0400CFAC0400BA
:10014000B1AC04008BAC040069AC04003AAC040010
:100150000FAC0400E3AB0400D1AB0400B8AB040067
:1001600087AB04006EAB04005CAB040044AB04003E
:1001700032AB04001CAB040010AB0400A8A30400C5
:10018000F3AA0400E0AA04001D5402001C4E04005F
:10019000D0B502AF0068054A007852F82040044A02
:1001A0000DF026FBBDE8D040184700BFDCE304009B
:1001B00098E30400D0B502AF0068054A008852F801
:1001C0002040044A0DF014FBBDE8D040184700BFA2
:1001D00050E4040020E40400D0B502AF86B0044629
:1001E000042A02D2002020700BE00748042300906C
:1001F00002A8FAF7BFFE0299DDE904020968A260CD
:100200002160606006B0D0BDD0AA0400F0B503AF95
:100210004DF8048D82B04668144696420FD3D0F84C
:100220000080054609480A4600902146404623467C
:1002300008F00AFC301B08EB0401C5E9001000209F
:10024000A64238BF01200DF070BB00BF10C40400EF
:10025000B0B502AFDCB06D460446284604F014FC8D
:1002600000201121CDE95A00CDE9580004F5B870FD
:1002700022F0EDFD204629464FF4B87222F0DEFE52
:100280005CB0B0BDF0B503AF4DF804BD04461348F3
:1002900006F01FFE2068C8B10DF0FDFA1048114E9F
:1002A000B0471148B047208A658AB0472846B04712
:1002B0000E48B0470E48B047E06806F01DFE00202B
:1002C00031465DF804BBBDE8F040084700205DF80A
:1002D00004BBBDE8F04006F037BE00BF0E000000D2
:1002E00015020000D36E020000020000140000009E
:1002F0002C02000080B56F46C16821B10139C16090
:1003000003F0B1FB09E0416971B1013941618169D3
:100310000269013AC26003F09AFBC00704D0C8B278
:10032000002818BF012080BD022080BD80B56F4627
:100330000146006840B14A68831A18BF00F10803FB
:1003400090420B6000D080BD886830B1CA6890428E
:1003500003D000F108028A6080BD002080BD80B516
:100360006F460146006840B14A68831A18BF00F121
:10037000140390420B6000D080BD886830B1CA6819
:10038000904203D000F114028A6080BD002080BD3D
:1003900080B56F460146006840B14A68831A18BFAD
:1003A00000F10C0390420B6000D080BD886830B132
:1003B000CA68904203D000F10C028A6080BD002020
:1003C00080BD80B56F46D0E9001291422FBF00205A
:1003D0004A1C0260012080BD80B56F46D0E9001242
:1003E0009142AFBF00204A1C0260012080BDF0B5E1
:1003F00003AF2DE9000F9DB08046107B16468B465B
:10040000B1F84090D1F834A0FCF768FA96E83400CF
:100410006B46194634C14A46514603900EAE3046EB
:10042000FDF7DBFD9DF83840FF2C05D008F10100F9
:10043000711C0DF05EF908E00320DBF82810ADF820
:1004400038000EAA68460AF0AFF888F800401DB0E0
:100450000DF030B9F0B503AF2DE9000FADB003904A
:100460009A4638489346884606F054FD08F110092C
:1004700048460AF015FF06F0B5FE494604AA91E881
:10048000794002F1100C41468CE87940F8680790F9
:10049000B8687C693E690690CDE901ABCDE904BA44
:1004A0008DF839408DF838601EAD284600F075F89B
:1004B0009DF878B0BBF1FF0F0BD0039C691C132291
:1004C000601C22F095FE022084F800B084F8290018
:1004D00034E0D8F828102A46B8F840C005F11808CA
:1004E000A346B24699E8794088E87940F8682390B5
:1004F000B8682290019821900298209001208DF8F0
:10050000A9B08DF8A8A0ADF87AC0ADF8780010A811
:100510000AF04AF8BDF840004FF6FF71884208D053
:10052000DDF80CA002208AF8290016208AF80000C5
:1005300004E004A90398302222F05AFE2DB00DF0F9
:10054000B9B800BF47000000F0B503AF4DF804BDD7
:100550009EB00D4602F52071044668461A461E7884
:10056000FCF7ECFE9DF80000FF2805D09DF83A103E
:10057000E5F7B4FF16200CE0A6F10B00012807D820
:1005800003206A46ADF8000010A829460AF00CF8CE
:10059000FF2020701EB00DF00AB9F0B503AF2DE9B1
:1005A000000FA3B0059002F1100BD1E902E0009119
:1005B00001901068049050680390D2E9029A14A840
:1005C000CDF808B000F110089BE85B10454685E8BF
:1005D0005B107546CDE9169AF14603984FF0000A74
:1005E00059F8084B15900498CB46149092F82800BF
:1005F0008DF8780004EB440092F82910060104916C
:100600008DF8791009EB001103915EB10BF1100127
:1006100040460BF01CFE98B9303E0AF1010A0BF17E
:10062000300BF2E7019884422FD214A9039E2922AD
:100630000DF062F8049886F82900601C286007E035
:100640000AEB4A0014A9302209EB001022F0D0FD79
:10065000DDF8089099E80F0019431043084312D0C1
:100660000098816AB0F840C014AA99E8794002F174
:10067000080888E879400420ADF85000ADF852C071
:1006800006A809F091FFFF2000E0162005990870E8
:1006900023B00DF00FB8F0B503AF2DE9000FABB0EC
:1006A0008246886B90F8720340B902AE0D46304620
:1006B00000F043F89DF83100022803D102208AF8A7
:1006C000290037E0029906F1100B0191039900917E
:1006D000DDE904891CA99BE85C50183181E85C5075
:1006E00000998DF8A10001201F910199ADF87000CB
:1006F0009DF830001E918DF8A000B5F84000A96A61
:10070000CDE92089ADF872000EA81CAA09F04CFFB3
:10071000BDF838004FF6FF7188421FBFFF208AF8EE
:10072000290016208AF8000001BF02A95046302295
:1007300022F05EFD2BB00CF0BDBFF0B503AF4DF85D
:10074000048D8D68804601F1100655F8280900EBEC
:10075000400004014CB105F1400031460BF077FD3B
:10076000303C30350028F5D000E0002540462946D1
:100770005DF8048BBDE8F0400BF010BCF0B503AFA2
:100780002DE9000F8DB091F8109090462A4B8346CA
:1007900010220C4648460AF028FD002219B100F844
:1007A000012B0139FAE7002558462574CDE901559A
:1007B000CDE9035501AE31460BF0D2FA0DF1140A22
:1007C0003146504600F0C8FB0BF5B076102D09D02D
:1007D0000BEB0501605D013591F86021504081F817
:1007E0006001F3E7B9F1100F07D10020102816D0EF
:1007F0001AF800100DF07AF8F8E716F8090080F002
:10080000800006F8090009AC05A9204600F0A4FB09
:100810000020102803D0215C0DF068F8F9E7584655
:1008200031460BF09DFA404631460CF0BDFF0DB04D
:10083000BDE8000FF0BD00BFBCD50400F0B503AFAC
:100840002DE9000B9EB08146D0180D46039015F897
:10085000080B0C46CDE90122DFE810F00D00100175
:10086000A300D9005F0026013001EC006001860082
:1008700046011000800001A8002101E101AE0B211A
:100880003046FAF705FCC043000640F019820DF02F
:1008900061FB00F0158294F87C200DF025FA00F041
:1008A0000F8294F87D1041700230029095E80F009D
:1008B0000096E7F7D5F8C143090640F09B810DF09B
:1008C00049FB00F0FD8194F82E100DF1040800F8AA
:1008D000011B029004F128004146E7F70FF9C143DC
:1008E000090640F0878105F110030DF042FD00F08C
:1008F000CA81DDE90256B54200F0E281012605F821
:10090000016B0295CDF80080E7F7AAF8C14309060C
:1009100040F07081DDE90201BBE101A80421FAF792
:10092000B7FBC043000640F0CB8101A84FF48071B3
:10093000FAF7DCFBC043000640F0C281DDE902604B
:10094000801BB0F5807FC0F0BB81611C30464FF446
:10095000807222F04DFC06F5807053E1627801A8A8
:100960000C21E7F70FF942E101A80921FAF790FB02
:10097000C043000640F0A481D4E9022301A8E7F7B0
:1009800031F8C143090640F03581216904F11400B2
:100990000DF1440C0022002401EB41014FEA410E0D
:1009A00011E101A80221FAF773FBC043000640F0F1
:1009B0008781208A01A9E7F7F5F8C143090640F0CD
:1009C0001981D4E9022301A8E7F70CF8C14309060D
:1009D00040F01081608A01A9E7F7E4F8C1430906F5
:1009E00040F00881A08A01A9E7F7DCF8C1430906B5
:1009F00040F00081E08A01A9E7F7D4F8C143090675
:100A000040F0F880208B01A9E7F7CCF8EFE001A8CF
:100A10000321FAF73DFBC043000640F051816078A6
:100A2000012840F0B880DDE90201814200F04881F0
:100A30000121B6E001A80721FAF72AFBC04300060E
:100A400040F03E81666801A83146FAF74FFBC0438B
:100A5000000640F03581C6EBC60504F108060DF12D
:100A60000408002D00F0D78030464146E6F728FB09
:100A7000073D0736C1430906F3D0BBE001A80121B9
:100A8000FAF706FBC043000640F01A81029803996A
:100A9000884200F01581217A00F8011B61680290FC
:100AA00001A8E6F7D3FFA2E001A80521FAF7F0FAC2
:100AB000C043000640F00481601C11E001A806213B
:100AC000FAF7E6FAC043000640F0FA80601C01A97C
:100AD000E6F7F6FAC143090640F08C8004F10800FD
:100AE00001A9E6F7EDFA82E001A80A21FAF7D0FAA7
:100AF000C043000640F0E4800DF02CFA00F0E080E6
:100B0000A2780DF0F1F800F0DB80617841700230DE
:100B10000290E01C01A9E6F7F1FF68E001A80821B6
:100B2000FAF7B6FAC043000640F0CA80A01C01A93B
:100B3000E6F7C6FAC14309065CD104F1090001A930
:100B4000E6F7BEFAC143090654D104F1100001A929
:100B5000E6F7B6FAC14309064CD104F1170101A822
:100B6000E6F722FFC143090644D104F11A0101A8A6
:100B7000E6F71AFFC14309063CD10DF0EBF900F08E
:100B80009F80617F024602F8011B03998A4200F0B0
:100B90009780617854E0DDE90201814200F09080A5
:100BA0000021017001302DE0302A00F09D800CEB17
:100BB0000201B0F8036030F8063B0632A1F8076086
:100BC00001348D718B8096451CBF8578FF2DEBD14C
:100BD000119404AD11A934220CF0CAFD049E01A8A1
:100BE0003146FAF783FAC04300062CD00220C143F5
:100BF000090606D0811EC9B20B2961D3C1B20320F8
:100C00005FE00298019900295AD0401A4FF0FF3254
:100C1000C9E9002057E004F1240001A9E6F750FAE1
:100C2000C1430906E6D194F82B00012824D10DF028
:100C300091F945D001220DF057F841D094F82C10CD
:100C400041700230DEE706EB46002C1D01AD460088
:100C500086B120882946E6F7A5FFC1430906C6D11B
:100C6000A01C2946E6F750F9063E0634C1430906A2
:100C7000EED0BCE7FF20BAE70DF06CF920D00021E0
:100C800000F8011BBEE70DF065F919D0002200F84D
:100C9000012B884214D094F8311000F8011B94F80D
:100CA0003010029001A8FAF7F3F9C043000607D10B
:100CB000A66B01A83146FAF719FAC043000605D021
:100CC0000020C9E900011EB00CF0E2BDDDE902021E
:100CD00004F13C01002E95D09042F1D011F8013B77
:100CE000013E00F8013BF5E702481721024A05F0F2
:100CF000A5FF00BFA58B0400BC8B0400F0B503AFBB
:100D00002DE9F80F90F8806100F5B878154689460E
:100D1000C6F1100383469A4232D9F6B12C484946AF
:100D2000009001A82A46FAF725F92A4B3046414699
:100D30001022DDE9014ADDE903950AF056FA264A58
:100D400053460092224607F07FFE58464146012254
:100D50004FF0010AF9F74AFD25B315F00F064FEAE7
:100D6000151208BF10264FF0FF3008BF00EB151218
:100D700009EB021ABAB158464946F9F737FD12E0B5
:100D8000104B30460DF07FF80F4B02460C461146D3
:100D9000284622460AF0E4FD0C4A2B460CF024FEBD
:100DA0002E440AE000260D4B3046414610220AF040
:100DB000D7FD0B4A33460DF0B9F88BF880610CF083
:100DC000E1BB00BF70D2040080D2040090D20400C6
:100DD000F856040030D2040040D2040050D204007F
:100DE00060D2040080B56F460DF0FFFA002818BFEE
:100DF000012080BDD0B502AF0A4600F5B8710446A7
:100E0000FFF7BCFC0020C4E95800C4E95A0084F88C
:100E10008001D0BDF0B503AF2DE9000B0246888AF2
:100E2000938A146958400B69634018434FF00000DF
:100E300034D1937D8C7D6340DB072FD1D2E9004E06
:100E4000D2E90259D1E9006CD1E9023848EA090037
:100E50004CEA0E0146EA0402084343EA0501114345
:100E600044EA050208434EEA0901B0FA80F040095D
:100E7000114313D046EA03014CEA080211430DD096
:100E800084EA060085EA030108438EEA0C0189EA38
:100E9000080211430843B0FA80F040090DF0E0B8B1
:100EA000D0B502AF04460878DFE800F02D311D19F7
:100EB00011113D131111351139251121112911116C
:100EC00011111111111111111111111111002070B5
:100ED000D0BD601C01310CF067FC0720F7E74878B3
:100EE00060700320F3E7487860700220EFE74868FD
:100EF00060600F20EBE7487860700D20E7E74888D6
:100F000060801120E3E7487860700020DFE74878D0
:100F100060700120DBE70DF0BDF90A20D7E70DF086
:100F2000B9F90C20D3E70DF0B5F90620CFE780B56D
:100F30006F468A68930105D4520108D4BDE8804009
:100F400005F09FBB0068BDE8804005F0A8BE0068C2
:100F5000BDE8804005F091BFF0B503AF2DE9FF0774
:100F60000DF10809214B804600200C6810224E68C4
:100F70008D68D1F80CA04946CDE90400CDE9020006
:100F800008200AF0EDFC32BA2DBA530024BA43EA25
:100F9000D5731BBA0793630043EAD27212BA069262
:100FA000134A0823009206AA07F04EFD87209AFAFA
:100FB0008AF100EAE470082380EA410000BA079051
:100FC000680040EAD170082100BA069009480090F4
:100FD00009F1080006AA07F037FD404649460CF023
:100FE000E3FB08B0BDE80007F0BD00BF80DE0400F1
:100FF00090DE0400A0DE0400D0E900239A4208D06D
:10100000D0B502AF144614F8011B0460BDE8D0400F
:1010100000E00421D01AB0FA80F040097047F0B522
:1010200003AF4DF8048D84B00D4604461C3101A871
:1010300000F013F80198012807D12846DDE902865F
:10104000FFF758F9C0B2022801D1022001E0C4E93B
:101050000086207204B00CF03FBCF0B503AF4DF831
:1010600004BD01F108050E460446D6E90201884296
:101070000ADA3046FFF7B0F9012807D02846FFF713
:10108000ABF930693060F0E7002003E02868C4E97C
:101090000110012020600CF08ABB80B56F464168CA
:1010A00031B10139416082680168531C836000E0FE
:1010B0000021104680BD80B56F460246D0E9001081
:1010C000814202D0C81D0DF031B8002180BD80B52D
:1010D0006F460246D0E90010814203D001F10E00B4
:1010E0000DF024B8002180BDF0B503AF4DF804BD6C
:1010F0000C460546D0E900012246FCF78FFF0E465C
:10110000FBF744FC306821460130306028465DF82A
:1011100004BBF0BDD0B502AF044690423FBF621C95
:1011200008461146D0BD0020214605F0ABF880B539
:101130006F46BDE88040FBF787BB80B56F46BDE8D2
:10114000804008F0BDB980B56F46134641B14929CA
:101150003EBF0130013980BD0120482205F092F8E0
:1011600001200021F9E7D4D4F0B503AF2DE9000F39
:10117000ADF6843D0C910646D0E90001084318BF46
:10118000012003900D9640F08481307C78B10328D3
:1011900010D1304610F8281F0A901038DFE811F0FF
:1011A00005002B002B0F73000D0000683CE0B068B9
:1011B000F06032E00C98016825E0314611F8CC0F60
:1011C000A1F1A00C069188B1032818D1354615F875
:1011D000C80FA5F1940460B103280995CDE9074C27
:1011E00000F00A81DFF8D40D05F0A7FDDCF800005F
:1011F000BAE02068D3E0DFF8C80D05F09EFDDFF807
:10120000C40D05F09AFD06F118042046EBF764FEC4
:1012100060B92046E4F759FFF0683246002142F8F1
:10122000180F02F8101F0A92F06101E004202FE16C
:10123000D0F8981008223162D0F89C00C6E90C1250
:10124000706206F13000FFF7BCF801287ED1072953
:10125000F1620DD8F0690844E54990F830000CF0CF
:101260000BFF28BF01F54071012202FA00F008606F
:101270000DF6782001220CF0F3FB0CF061F8C6E9C2
:101280000E1286F840000C98016806F138000B91A8
:1012900006F0BEFC002840F0A281306A0024F16A0A
:1012A0004FF07D094FF0010B814208BF746A38206E
:1012B00000EB440A052C36D8F0692044A03006F033
:1012C0005FFA3146F66A082E80F08B8106EB4608FD
:1012D000C96901EB880501EB4801095D884212D01C
:1012E00006F05EF9A0FB090201FB0921000B40EAB0
:1012F000015001040AD035F80A1029B1401A80B211
:10130000132803D933E1002025F80A000D9E0AF1C5
:10131000020AF06900EB4801095D012908BF80F865
:10132000A6B00134C6E7F06A07283FF68AAFF16934
:10133000AF4A0844AF4990F830000CF09DFE38BF2A
:10134000111D012202FA00F008607AE7F06990F8B6
:10135000A610002940F0FA80B44600214CF82C0F6A
:10136000624602F8A01F069230633030002101224D
:101370000BE0435C9E4C202B03F01F0328BF04F5B9
:101380004074013102FA03F323600829F1D1306B74
:10139000344644F8340F0021254605F8941F0DF516
:1013A000176100220023062B03D041F823200133CC
:1013B000F9E7A0300022062A04D0831841F8223031
:1013C0000132F8E70DF517600DF6782200210023B1
:1013D0000995CDE9074C242B07D010C842F82340CB
:1013E00002EB830406332175F5E706F138000DF6AC
:1013F0007821902221F022FE0C9800224FF0000864
:10140000056806F138000B90B8F1900F37D04644CC
:1014100096F84C0068B1032840F0EE80B14619F808
:10142000480FA9F10C0A60B14FF0000B032814D04B
:10143000E6E0B06BB2464AF83C0FD14609F80C2FF3
:1014400007E00B984044011D00F11009DAF8000094
:101450008A464FF0000BC6E9100206F14004294607
:101460002046F4F701FD00283DD0032008F11808BC
:1014700089F800005A4686F84C000D9EC4E7099989
:10148000032008700699087004200A990870032048
:101490003074D6E93401084318BF0120029040F0AF
:1014A000C28196F8E000002858D003285BD196F856
:1014B0002C0106F1E80A06F596710A91002800F061
:1014C0008B80032840F0A080314611F8F00F0B917B
:1014D000DFE810F005009E00910DC8005401DAF815
:1014E00000000B9AA8E02046E4F780FF0124504654
:1014F00089F80040E4F710FF0B9886F84C40E4F7B9
:10150000F9FB0D9E079886F8C840E4F7B8FF306BEA
:101510000021374D303008290BD0425C354B202A52
:1015200002F01F0238BF2B1D013104FA02F21A60CB
:10153000F1E7069901200870089991F8A0000328A6
:1015400004BF01F10800E4F79AFFF069002180F878
:10155000A610F069C0E92611F06969E6D6F8D8004E
:10156000C6F8DC0058E00C98D0F800B04BE14FF022
:10157000000C25F80AC00D9DE96901EB48010A5DE0
:1015800082F001020A55E969EA6AC1E926240121CB
:10159000EA6982F8A610EA6A072A0DD8EB691448AE
:1015A0001A44144B92F83020202A02F01F0238BF50
:1015B000031D01FA02F21A60EA69300640EA0440AB
:1015C0002E4602EB4802125D85F82810104485F87B
:1015D00020C0A8610B9916E6D6F8280126E0032062
:1015E00053E7DFF8E4293046082104F091FE00BFFC
:1015F000080500500C080050DFF8D00905F09DFBED
:10160000DFF8CC0905F099FBDFF8C80905F095FB78
:10161000DFF8C40905F091FB0021C6F8280186F81F
:101620002C1106F5967106F1E80A0A91002132465E
:1016300002F8F01F42F8080CC6F8EC0090F82410ED
:101640000B92FF2900F08E800DF67820A422002353
:1016500086F8F41006F042FA0BF072FEC6E93E126C
:1016600086F800010C98D0F800B006F1F800594651
:1016700006F0CEFA0B9A50B9B146FF2159F8EC0F9B
:101680004FF4807480F8241099F80880A0E00320BB
:101690008BE030465546E4F73DFB59F8EC4F94F8A3
:1016A000270000F0030604F1250006F00BF960F3B3
:1016B000820604F1260006F005F960F3C306B008BF
:1016C000002E84F8270049D0A01994F82110007C3E
:1016D000084494F9201084F8210040B2884211DABD
:1016E0004A4252B2904239DC002900F025814FF085
:1016F000000810F1800210D14A1C0ED1DFF8DC087E
:1017000005F011FB002900F013814FF0010810F1E2
:10171000800202D14A1C00F0078190FBF1F202FB2B
:10172000110084F82100D9F8004005F039FF064681
:1017300020688A46C0073DD0D4E90223304651468E
:1017400006F0ACF97D220CF01BF8000B0A0B40EA06
:101750000150618C401A72F100002BD2D9F80000C0
:10176000AA460D9E002186F8201186F8081100F186
:1017700026012530C6F80C11C6F8F4000C98B146C5
:10178000F436D0F800B030465946F9F707FA002889
:101790003FF47FAF09F586705946F9F7FFF9002845
:1017A0003FF477AF0B9A04204E460A9B032110703A
:1017B000197036E000200121C4E9026AAA46C4E992
:1017C000001040F20114D9F800000B9A80F8248030
:1017D000D9F80000012590F8286015709AF80800E3
:1017E000042804BF0AF10C00E4F794FA0D990020D4
:1017F00081F8F000300640EA08400E46204481F8A7
:101800002C51C1F8E80006F1E80459462046EBF7F0
:1018100063FB28B92046E4F758FCD6F8DC00FBE669
:10182000042186F8E010D6E94C01084318BF0120D6
:10183000019040F0068396F84001E0B103281FD1E3
:1018400096F86C0106F5A47A06F5B67800282DD036
:10185000032840F0758096F8500106F5A879DFE876
:1018600010F007007B00CA0B0B019A02FE00460035
:10187000DAF80000D9E0D6F83801C6F83C01C4E037
:1018800096F8560106F5AB78DFE810F0FA015E0035
:10189000B50B050013000C98016806F5B47006F04E
:1018A000B7F9002800F0F3810320C5E2D6F86801FB
:1018B000B4E096F86A0106F5AC7B06F5B579DFE889
:1018C00010F0010247009A0B3E02050006F2771065
:1018D0000B9096F8770106F5B87ADFE810F005006E
:1018E00035008C0B86020B00B6F87401FAE10C98F7
:1018F00005680AE196F8860168B1032830D1B6F888
:101900007C010021A6F87C11012809D1B6F87E419E
:10191000D6F8800128E0B6F88441D6F878016CE06A
:10192000DFF8BC0605F044F9DFF8B80605F0FBF96E
:10193000DFF8B00605F0E3F9DFF8A00605F0DFF9FF
:10194000DFF8A40605F0F9F9DFF8A00605F0F5F9CF
:10195000DFF89C0605F0F1F9DFF8980605F0EDF9DF
:10196000DFF8940605F0E9F9E94900680968C90556
:1019700041F00883DFF88416FCF79EFE0D46C16B2C
:10198000B9B1027C32BBD0E9022300EBC306B161DE
:10199000591C8B1EB48218BF0B46C3609A4204BF09
:1019A000012101740CF014F9E0E8091207F01EFBA4
:1019B0000D9E0BF097FF012086F88601D6F8700186
:1019C000E4F79EFA4FF48070A6F876015046E4F7EB
:1019D00098FBBEE10C9930300968D1E90012F9F7A3
:1019E000D1FB0BF07FFF0120A6F87E41A6F87C0119
:1019F000032086F88601042018E221040131C6E99B
:101A00005F100021A6F87C11AEE70021C6F868013E
:101A100086F86C1106F5A47A06F5B6780021C6F8AA
:101A2000480186F8501106F5A879C6F84C01D0E9AE
:101A30000612114318D00168C9071CBF90F827107F
:101A4000002940F09C81D0E904230DF6782006F0AF
:101A500045F80BF075FCC6E9561286F860010CF0EB
:101A60008BF8D0B10520A2E1002186F85C1100F1CD
:101A700022012830C6E955010C9805680CF029FBB5
:101A8000002840F0918196F85C01E4F7B0FB05F086
:101A900087FDD6F84C21C2E90601D6F84C01D0E901
:101AA000060106F00FF87D220BF06AFE994B00222A
:101AB000181A72EB01003EBFD6F84C01012180F8E4
:101AC00027100CF0B0FB01284ED191F82A00012814
:101AD00005D0DFF82C0505F029FAD6F84C1191F85D
:101AE00026000022222380F0010081F82600D6F88B
:101AF0004C0190F8261086F85C2100F1280200299C
:101B000018BF20231844C6E955200CF0E2FA00283B
:101B100040F04C8196F85C01E4F769FBD6F84C0183
:101B2000418C028C511A09B2002948BF494209B2BE
:101B3000962910DDDFF8CC0405F0F8F9D6F84C0151
:101B4000002180F8271005F02BFDD6F84C21C2E9C2
:101B50000601D6F84C01002180F82A10D6F84C0175
:101B600080F829100CF05FFB91F826302222002B20
:101B700018BF2022002840F0278191F8240060B18E
:101B800091F82A00002840F0218101208D5A81F827
:101B90002A0002240CF0D6F950E0002091F82530FC
:101BA000CDF87009ADF874090220ADF87A0901206A
:101BB000032BCDF8760927D833B3032B0DF5176E19
:101BC00008BF0223002447F6FF7C4FF00108A34220
:101BD00023D0D6F84C6196F82A00002840F0F08017
:101BE0008D5EA5F58040002D00B20AD44000032C84
:101BF00000F0E3802EF82400013486F82A800D9E40
:101C0000E5E78CEAE030F2E7DFF8FC0305F08EF957
:101C10000CF098F9D6F84C0109E70CF004FB002809
:101C200040F0D68091F828B00120DDF874690024D6
:101C3000DDF87889BDF8705981F82900012089F80C
:101C400000009AF80800062812BF03289AF814002A
:101C5000E4F7CDFA0D98C0F84C6106460020C6F8AE
:101C6000508106F5AB7886F8560186F84A010120C6
:101C700086F854B186F84B41A6F8485186F86C01B5
:101C800006F5AD7006F5A4710E2221F0B1FA0DF53E
:101C9000176406F5AD7100250E22204686F85751CF
:101CA00021F0A6FA06F25710C6F858010ECC06F538
:101CB000AE7006F5B57906F5AC7B0EC0218886F8C6
:101CC0006A51018096F85F11B6F85C01022923D1B0
:101CD0000021A6F8740186F8771106F2771106F54F
:101CE000B87A0B91A6F87801012086F8760106F5FE
:101CF000BE7007F06DFE96F87C01012803D1C34841
:101D000005F014F966E0D6F88001C6F870017FE0AE
:101D100004ED00E0FF0F4B00A6F8740196F85E0199
:101D200086F8760106F5B07086F8771106F5BC7175
:101D30000CC80CC10022008886F88221088006F5B4
:101D4000B8740C992046EBF777F958BB2046E4F7B6
:101D5000CAF9012089F800000BF118009BF8121055
:101D6000042904D0032904D1E4F7BDF901E0E4F724
:101D7000C8F90120A6F85601D6F83C0145E6D0E99D
:101D800002230DF6782005F0A9FE0BF0D9FAC6E97A
:101D9000561286F860010BF0EFFE00283FF47DAE8E
:101DA000042004E0032044E0032000E0062089F83A
:101DB0000000032088F8000041E0954A0BF0CAFDBE
:101DC000944A012104F0A4FA934AFAE7934AF8E707
:101DD000934AF6E70DF6782021220BF041FE0BF036
:101DE000AFFAC6E9621286F890010C98016806F510
:101DF000C47005F00DFFC0B90DF6782007F0E8FDBE
:101E00009DF8780A0128E5D0DDF87C0ACAF80000C0
:101E10000020B6F8784186F8760186F886015046AB
:101E2000C6F878A1A6F88441E7E503200B9908706D
:101E3000042089F80000042088F80000042086F8B7
:101E40004001D6E96C0106F5DF64084318BF0120A4
:101E50000090099440F0A58796F83F0BA146DFE873
:101E600010F02400CA08CA082A00290047078D027A
:101E70002604CD04FC04820816054705B304910529
:101E800044031B0305066905F802FC031204D3038F
:101E900078027306B30620065C06C90618075304C9
:101EA0009704A702E202AE05E605D6F8300BC6F8A5
:101EB000080B03E030E3D6F8404B02E0594CC6F87B
:101EC000404B59480068C00541F05C8020680028FC
:101ED00041F05E804FF0FF3000212060207C01281F
:101EE00004D104F5886005F043FD217CD4E90202A9
:101EF000904201D1C9070ED000212174411C00EB92
:101F000040100A1F18BF0A46A26004EBC00010F878
:101F1000185FFF2D08D10C980BF081FF04F5876046
:101F200005F033FDFF2505E0411C0EA840F2071225
:101F300021F05EF90BF0A8FCFF2D00F07B8706F284
:101F4000B91886F8B8510EA940F207120BF031FE0D
:101F5000364804F0DFFF364804F0BBFF96F8B801BE
:101F60004C46DFE810F019001001F8000C01C00029
:101F70001C0166010E018601E70070018D00C200A0
:101F8000200122000A01200012016E019B011401B0
:101F90001E0193010A07F6000BF039FD06F5E0700B
:101FA00007F072F981E1102079E10E2004F0CCFFF6
:101FB00098F8000008F03CF977E100BF089B0400A6
:101FC000489B0400589C0400589B0400A89C0400F3
:101FD000B8960400889B0400689604009CA2040044
:101FE000D8A70400ACA20400389B0400CC8E0400E7
:101FF000189A040008980400689A0400E8990400FC
:10200000BC00000016000000BA0000005C000000E8
:102010004898040038980400189804005898040060
:1020200028980400E0D9032004ED00E01800000027
:10203000D9010000E4010000D36E0200140000008A
:10204000DE010000F1010000496F0200E80100001C
:1020500011A30200D6010000FC010000FB010000FA
:102060000B000000EB010000EE010000FD0100008C
:10207000FA010000E70100000A0000001A00000059
:102080000B2004F061FF96F8B90104F05DFF5FF8E2
:102090005C005FF85C40A0475FF86000A0475FF815
:1020A00060003546D6F8BC61A047304604F0CEFF4C
:1020B0005FF87000A04705F5E075C6EBC6042CB1CB
:1020C000284607F017FF073C0735F8E7002004F023
:1020D00000FF0D9E06F5EE7008F01AF906F2E31007
:1020E00008F08AF824E00420D5E05FF8A4400C2032
:1020F000A0470CF08BF85FF8AC0004F0EAFE06F2A3
:10210000BB105FF8B450A84706F5E170A84706F287
:10211000C910A84706F5E87008F098F806F2D31041
:1021200008F094F896F8D60107F0D6FF0CF06BF89B
:102130004C46BAE05FF8F0400920A0470CF066F882
:102140000CF061F896F8BB01A04706F5DE704C462E
:102150008CE018209FE05FF810410220A0475FF854
:102160000C0104F0B6FE0CF04EF80CF04FF806F23D
:10217000BB104C4602F04AFE97E00F208FE0032090
:1021800089E0072083E0012081E0112087E014200E
:1021900004F0DAFED6E9700108F0ACF885E005201D
:1021A00075E0152073E00D20CDE9078A04F0CCFE20
:1021B00096F8B90104F0C8FE5FF880015FF8884125
:1021C000A0475FF86C01A047D6E9700108F092F8CB
:1021D0005FF87801A047D6F8C80106F5E6795FF800
:1021E00080B15FF880A15FF8806100EB400045009E
:1021F0009DB15FF88801A0475846A0475046A047C8
:10220000C84638F8060BA0473046A04709F102003F
:1022100007F0AEFE063DC146EAE75FF8AC0104F008
:1022200058FE002004F055FE0D9E099CDDE9078A4A
:102230003BE0062004F088FED6F8BC0104F006FF5F
:1022400033E012202BE05FF800420A20A0470BF099
:10225000DDFF0BF0D8FF5FF8E4014C4604F039FED7
:1022600006F2BB1008F054F806F5E17008F050F8DB
:102270001BE0082004F068FE5FF8040204F029FE69
:1022800040464FF4807103F0D3F80EE0162004F0BE
:102290005BFE98F8000004F057FE06E0132004F0FF
:1022A00053FEB6F8BA0104F014FE04F09BFF96F852
:1022B000B81106F6485506F64950DFE811F0190046
:1022C000D901B3014A060C0270019002D9027402CE
:1022D0004603F900D600C3032403C0003904E60313
:1022E0008F0419026D006D0322010C055600EF01E9
:1022F00006F5E07128467822A14620F0EFF85FF855
:10230000840204F007FE284606F0BEFF04F06AFFD0
:102310000D98294696F8BC4D7822D0F8086B0D9898
:1023200000F6C85020F0DAF80D9900200D9A81F8D7
:10233000400D21020C31C2F8401B0D990D98C1F8D7
:10234000446B00F55C600D9EC6F8480B0B2086F8C8
:10235000C00D0AF0B0FF8EA8F0F70EFE0AF0E6FFFF
:1023600040F08D83172000F018BD0020A14686F8AC
:10237000180D0320D6F8081B0BF039FF0BF058FCA2
:102380008EA8F0F791FDD64D9DF83802FE2840F05A
:102390009981062000F002BD0CF0B7F886F8280BF2
:1023A0000AF061FFA6F83C1B06F628310AF00AFF86
:1023B0000AF081FF0DF51760E9F7E0F89DF8700964
:1023C0004C46FD2800F0E48406F50F600DF517611A
:1023D0000BF009F80CF003F896F8F008022840F02A
:1023E0007584D4E980010E22C4F85004B6F83C0B81
:1023F000C4F8541406F60211A6F8500B06F6523033
:10240000D6F8084B20F0F4FE002004F5907186F811
:102410007D0C06F628300BF026FBC6F8785CC6F873
:10242000504C86F8400B0AF07BFF8EA8EAF7E0F8E4
:102430000AF07CFF40F03584212000F0AEBC002182
:10244000A146032086F8401D0BF01FFC86F8480DBE
:1024500023C20AF030FF8EA8F0F78EFD0AF066FF67
:1024600040F00D83132000F098BC0D98A1460D9903
:102470002C2296F8B941D0F8086B01F5DE710D9861
:1024800000F64C5020F0B4FE0D9907200AF06BFFC7
:102490000D9907300AF0B2FF0AF00DFF8EA8F0F791
:1024A0006BFD0AF043FF40F0EA82102000F075BC9B
:1024B0000D99A14696F8B9410E2291F8BA610D998D
:1024C000D1F8088B0D9901F2BB1120F091FE0D9906
:1024D00006200AF048FF40EA06400D9E0630C6F886
:1024E000400BC6F8448BC6F8485B0AF0E4FE8EA8A1
:1024F000F0F742FD0AF01AFF40F0C1820F2000F011
:102500004CBC96F8B901002186F8181D0002D6F8D7
:10251000081B0C300BF06BFE0C9806F53466314648
:1025200002688EAC2046F0F7BFFC9DF83892B9F1F6
:10253000FE0F00F073840DF5DE78611C7C220BF039
:1025400038FB30469DF8B552BDF8B642E3F798FE29
:102550000226B9F10B0F07D108F1070150A8752227
:1025600020F046FE2E460B945D480068C00540F002
:1025700009855C4C7522D4E9009894F8755050A9EF
:1025800020461FF0ABFF0B98042DA4F8760084F8CA
:10259000756040F0ED83D9F804104046E7E396F803
:1025A000B901A14686F8400B4F4804F0B3FC96F8F9
:1025B000400B02F0C7FD04F015FE0D980024C6F88C
:1025C000804D2721A6F8784DD6F8088B90F8406BFF
:1025D0000D9800F5556020F07FFD0D99012081F8E0
:1025E000C50D0D980D9980F8C46D0B2081F8480D2C
:1025F0000D9880F8444D30020D9E0C30C6F8440B07
:10260000C6F8488BC6F84C5B0C9806F6443529464C
:1026100002688EA8F0F7B0FC0AF088FE40F02F8226
:102620001620BAE30A2096F8BA1186F8480D002061
:1026300086F8400DA14696F8B90186F8490DD6F8FE
:10264000BB01C6F84B0DB6F8BF0186F84A1D09025A
:10265000A6F84F0D0A310BF00FFB0AF02CFE8EA8E6
:10266000F0F78AFC0AF062FE40F00982142094E33D
:102670000C20A14686F8480D002086F8400D0B205E
:102680000BF003FB23C20AF016FE8EA8F0F774FCD1
:102690000AF04CFE40F0F38115207EE30020A146B5
:1026A00086F8180D0B20D6F8081B0BF0A0FD0BF0D8
:1026B000BFFA8EA8F0F7F8FB094D9DF83802FE2806
:1026C00000F0B2832046E3F7DBFD2868C0053FF445
:1026D000F5AB00F057BC0548A14604F027FCF5E235
:1026E00004ED00E0306A03203C00000042000000DE
:1026F0000BF00BFF86F8240B0AF0B5FDA6F83A1B89
:1027000006F624310AF05EFD0AF0E4FE0DF66800DC
:10271000E8F734FF9DF86808FD2800F03B8306F5D4
:10272000FD600DF668010AF05EFE0BF072FE96F891
:10273000E807022840F0CA8206F5FE62D6F8080BC8
:10274000B6F83ACB06F6483392E8720000F590727C
:1027500072C300210D9EC6F8500C022086F87D1C25
:1027600006F6243186F8400BD6F80208C6F8741C29
:102770004FF49071C6F85A0BB6F80608A6F858CB75
:10278000C6F8702CC6F8788CC6F8541CA6F85E0BF8
:102790000AF0C6FD8EA8E9F72BFF0AF0C7FD40F04E
:1027A00080821F20F9E241464FF48072A146D6F89C
:1027B000084B20F01DFD0021042086F8401D06F581
:1027C000346186F8480D31C10AF075FD8EA8F0F726
:1027D000D3FB0AF0ABFD40F052810D20DDE2012079
:1027E000D6F8082B86F8100B0AF07FFDD6F8BC113E
:1027F000C6F80C1B06F531610AF0E4FC0AF05BFD3B
:10280000D0A8E8F7BBFE9DF84003FD2800F0048344
:1028100006F53070D0A90AF0E6FD0BF0E0FD96F861
:10282000C002012840F052820020D6F80C1B0BF0A9
:1028300024F996F8C80286F8480BD6F8080BC6F8B3
:10284000441B06F53161C6F8500C00F59070C6F8CF
:10285000785CC6F8741CC6F8700C0AF061FD8EA88E
:10286000E9F7C6FE0AF062FD40F01B82092094E2FF
:102870000120D6F8082B86F8140B0AF036FD96F8DE
:10288000B91186F83E1B06F614310AF09BFC0AF0DB
:1028900012FD0DF58960E8F771FE9DF84804FD28EA
:1028A00000F0BE8206F572700DF589610AF09BFD9D
:1028B0000BF095FD96F8C803012840F00782002030
:1028C000C6F8785C0BF0D9F896F83E0B86F8480B02
:1028D000D6F8CC03C6F8440B06F61430C6F8740CD0
:1028E000D6F8080BC6F8500C00F59070C6F8700CBE
:1028F0000AF016FD8EA8E9F77BFE0AF017FD40F0FE
:10290000D0810C2049E20D98A1460D99402296F8FD
:10291000B941D0F8086B01F5E0710D9800F55560EC
:1029200020F066FC0D9909200AF01DFD0D99093073
:102930000AF064FD0AF0BFFC8EA8F0F71DFB0AF058
:10294000F5FC40F09C80122027E296F8B911052092
:1029500096F8BA21A14686F8480D002096F8BB31BA
:10296000090286F8400D41EA0241D6F8BC01C6F8DA
:10297000490D41EA0361D6F8BF010531C6F84C0D97
:102980000BF07AF90AF097FC8EA8F0F7F5FA0AF046
:10299000CDFC74D10E2000E2D6E970120220C4E909
:1029A000C012A14686F82C0B0020D6F8082B06F69C
:1029B0002C3186F8750B4FF490700AF003FC0AF086
:1029C00089FD0DF67820E8F7D9FD9DF8780A4C4688
:1029D000FD2800F0278206F520600DF678210AF028
:1029E00002FD0BF016FD96F8000A022840F06E81F9
:1029F000D4E9C00106F53562C4F85004C4F8541493
:102A000006F52161D6F8080B91E87800002178C21C
:102A100000F590720D9E86F87D1C06F62C310BF0A9
:102A200015F8C6F8788CC6F8541C86F8400B0AF0E6
:102A300077FC8EA8E9F7DCFD0AF078FC40F03181E4
:102A40002320AAE10D99A14696F8B9411D22D1F89B
:102A5000086B0D9901F5DD7120F0CAFB0D99082076
:102A60000AF081FC0D9908300AF0C8FC0AF023FC3A
:102A70008EA8F0F781FA0AF059FC00F08D81284603
:102A80008F9E909CE3F708FC10E10BF03EFD86F86A
:102A90001C0B0AF0E8FBA6F8361B06F61C310AF000
:102AA00091FB0AF017FD0DF5CB60E8F767FD9DF887
:102AB0005806FD2800F0688106F5BB600DF5CB6176
:102AC0000AF091FC0BF0A5FC96F8D805022840F01E
:102AD000FD8006F5BC61D6F8084BB6F8360B06F655
:102AE000483291E8680068C20A220D9E06F2EE5153
:102AF000A6F8540B06F6563020F07AFB002004F5B9
:102B0000907186F87D0C06F61C300AF0ACFFC6F812
:102B1000788CC6F8504C86F8400B0AF001FC8EA861
:102B2000E9F766FD0AF002FC40F0BB801B2034E1AF
:102B30000BF0EBFC86F8180B0AF095FBA6F8341B9B
:102B400006F618310AF03EFB0AF0B5FB0DF5AA6057
:102B5000E8F714FD9DF85005FD2800F0178106F5F3
:102B60009A600DF5AA610AF03EFC0BF038FC96F86D
:102B7000D004022840F0AA8006F59B62D6F8080B24
:102B8000B6F8341B06F6483350CA50C30D9CA4F85F
:102B9000521B118819800D990D9A01F2E44102F639
:102BA000543291E85800002158C200F590720D9EF1
:102BB00086F87D1C06F618310AF048FFC6F8785CE6
:102BC000C6F8541C86F8400B0AF0AAFB8EA8E9F759
:102BD0000FFD0AF0ABFB64D11920DEE00BF095FC91
:102BE00086F8200B0AF03FFBA6F8381B06F5326189
:102BF0000AF0E8FA0AF06EFC0DF5EC60E8F7BEFCAE
:102C00009DF860074C46FD2800F0BC8006F5DC60AE
:102C10000DF5EC610AF0E7FB0BF0FBFB96F8E00624
:102C2000022853D106F5DD6B0D99D6F8080BB6F8DE
:102C300038CB01F64836D4E9002EBBE82A002AC674
:102C40000D99C4F860240D9A0D9BA1F856CB002174
:102C500082F87D1C00F59072C3F8702C0D9A0D99C6
:102C6000C4F864E401F53261C2F8741C0D9A0D9940
:102C7000C2F8500C0D98C1F8788C4FF49071C0F8E0
:102C8000541C02200D9981F8400BBBF800003080E5
:102C90000D9E0AF045FB8EA8E9F7AAFC0AF046FB58
:102CA0006ED028468F9E909CE3F7BDF918F1010085
:102CB0000BD0CDE98E8690948EA8E2F75BFE0020C3
:102CC00006F082FC0D9EFFF7F9B80D9E012006F07C
:102CD0007BFCFFF7F3B896F8B911002086F8180DC1
:102CE0000902D6F8080B0A31C6F8401BC6F8440B97
:102CF0000AF0F0FB8EA8F0F7D7F8D74C9DF8389281
:102D0000A3460A9CB9F1FE0F00F090804046DDF822
:102D10003962DDF83D52E3F7B3FA300AB9F10A0F30
:102D200008BF2C0A08BF40EA056ADBF80000C005AE
:102D300040F02881DFF85C2C2002214640EA1A642A
:102D4000D2E915C0022592F85030B9F10A0F82F885
:102D50005050C2F8554018BF2E46F4B2012B44EA39
:102D60000A24C2F851400A9102D1DCF804108847C5
:102D70000D9EDDF82490FFF7A1B81720FFF78BBA5E
:102D80001D200AE01C200AE01A2007E0182005E0B8
:102D9000202004E01E2001E011200D9E4C4686F804
:102DA0003F0BD4F8D007D4F8D41750EA010918BF64
:102DB0004FF0010940F0C38596F8D80ECDF82C905D
:102DC00010B3032840F0208104F5FD600A9096F8C6
:102DD0007C0F06F67C710691D8B1032840F0E280A2
:102DE00006F56F60079096F8F00E06F6F862DFE8D9
:102DF00010F00800E20002014A01490023005400DB
:102E00005505D6F8E80E20E1D6F8D00EC6F8D40E57
:102E100008E1D6F8780F10E10820BFE7042006E0AB
:102E20000B20BBE72220BAE70720B7E705200D9E5D
:102E3000099CB4E70320B1E796F8280F06F6287935
:102E40000892002857D0032840F0B98096F8240F44
:102E500006F60C7106F6247A0491002851D0032856
:102E600040F0B58096F8180F06F5716B06F61878E5
:102E7000DFE810F00500B900C10050015B00DBF88D
:102E8000000040E10C980168104604F0C1FE0028E3
:102E900000F0AC81042000F04BBD96F8730F04F5F0
:102EA000006506F6737AA34640B3032840F08B8092
:102EB00096F8610F06F6087C28B3032840F08B8053
:102EC00096F8450F40B3032840F0898096F8360FF6
:102ED000D0B30328089540F08A8096F82C0F06F6A8
:102EE0002C78CDF814C0002849D0032840F0888001
:102EF000D6F8285F64E3D6F8080FF1E0D6F8684FFB
:102F00008FE10868F6E0D6F8482FD6F84C1FD6F8BF
:102F10005C4F96F8600FA8E1D6F8382FD6F83C1F22
:102F2000D6F8404F96F8440FB3E196F8210F06F615
:102F30001C75CDF814A0CA4606F62179E8B103281D
:102F40005AD196F8200F12E196F8340FD6F8304F88
:102F5000AAE10020A14686F8980BD6F8080B00F5E8
:102F60009070C6F8400B0AF063FE8EA8EEF798FC4E
:102F70008E9802301AD10A2010E72868E2E0D6F8CD
:102F8000245F1BE3DFF8040A03F0D0FF04F078F8B5
:102F9000DFF8FC0903F0BEFF07F04EFB04F022F956
:102FA00004F06EF8DFF8180A03F0C7FE2046E3F7D6
:102FB000F1F806F003FDDFF8040A03F0BEFEDFF8C7
:102FC000F80903F0BAFEDFF8E00903F0B6FEDFF817
:102FD000E40903F0B2FEDFF8CC0903F0AEFEDFF83F
:102FE000C00903F0AAFEDFF8C80903F0A6FEDFF867
:102FF000AC0903F0A2FEFEDEDFF8B00903F09DFE8F
:10300000DFF8940903F099FE254606F56E640C99E5
:103010002046EAF711F8D8B92046E3F764F8D6F865
:10302000D40E2C460021C6F8780F86F87C1F04F5D4
:10303000FD610A9106F67C7106910021C6F8E80E42
:1030400086F8F01E06F56F610791C6F8EC0E08E0F1
:10305000042100F072BC00BF04ED00E001208AF8FA
:103060000000DFF830094078C0B10DF678204FF449
:1030700080320AF0F5FC0BF0FFF8C4F80018C4F831
:10308000042886F8000F0C98016806F6F86004F032
:10309000BFFD0028E5D0032000F04ABC0DF67820E3
:1030A0004FF480420023D6F8EC5E4FF0000804F0A5
:1030B00015FD9DF8801A06F62879DDF8780ADDF806
:1030C0007C2AC4F8000805F1190086F8001F04F5F1
:1030D0000061C4F8042886F8288FC6F8080F089104
:1030E0000021C6F80C0F86F8241F06F60C7106F6B0
:1030F000247A04910021C6F8100F86F8181F06F6EE
:10310000187806F5716B0021C4F82408C4F8281853
:10311000C6F8140F0C9804F62405066828463146B4
:10312000F2F7A2FE032180BB2846CDF814A0CA46C0
:10313000E3F75CF90D9E002106F62179D6F8140F0D
:10314000C5E90001E4490278A1F50271202A02F0E4
:103150001F0238BF4FF0A04101EB8201D1F80027D8
:1031600042F44032C1F80027007886F8200F0C990D
:103170000E68314604F02EFBD0B10320099C89F87B
:103180000000D146DDF814A00421089D032088F832
:10319000001031468AF8000089F80000284604F043
:1031A00037FDDDF82C90002840F0C6810D9E1AE016
:1031B0000D9E06F5726004F0F9FA0124284686F89F
:1031C000214FE3F713F9584686F8184FE3F719F93A
:1031D000049886F8244FE3F7AAF886F8284FDDF81C
:1031E0002C90DDE908542846E2F79FFDDFF8D4076C
:1031F00050E8091F013140E80912002AF8D125469C
:1032000004F0CEF90A9AAB4605F5006506F6737A26
:10321000C2E900010020D6F8EC4E86F8730FC6F81C
:10322000684F00204FF42472C6F86F0F0023C6F8D1
:103230006C0F0DF6782004F051FCDDF87C1A06F6D0
:103240006C72DDF8780A06F6087C9DF8803AC5E9CC
:10325000000115200721A6F8600FC6F85C4FC6F8DC
:10326000482FC6F84C1F86F8003F0023C6F8581FA9
:103270000121C6F8542F06F57562C6F8503F86F84E
:10328000453F86F8440FC6F8382FC6F83C1FC6F8ED
:10329000404F002386F8340F86F8363FC6F8304F8B
:1032A000C6F8182FC6F81C1F86F8350F4FF0000817
:1032B000142110200895C6F8204F5CF801605C4688
:1032C000AEB30D995CF800B0D1F8200F91F8351F1E
:1032D000C46801F07F01C4F888150021C4F84811C2
:1032E000C4F80411C4F824110721C4F8C414012E31
:1032F0007A49C4F80413DBF80010CDF814C045D1A6
:1033000000294BD1DBF808200020B0EB124F4DD143
:10331000DBF80400C4F834054FF48050C4F83825B5
:103320000AF08CFC206018BF2062142126E10D9E5B
:103330000AF070FEDFF88C0650E80A1F013140E801
:103340000A12002AF8D196F86C1FC16396F86D2F07
:103350005029026411D196F96E2F254696F96F1FF8
:10336000DFF878364264D2B28164C9B241EA022001
:103370009C68844248D12C4670E650E80C2F0132FC
:1033800040E80C23002BF8D1416367E699B1022E87
:1033900004BFDBF80C10002900F0A680DBE9011562
:1033A0002A4604F0BFF9C04300061AD00D9E099CBE
:1033B000DDF82C9029E1DBF80C10012940F0E082C7
:1033C000DBE9041204F0AEF9C043000606D1DBF8D5
:1033D00008200020B0EB124F00F0BD800D9E099C2C
:1033E00013E14FF48070012E08BF4FF400700AF013
:1033F00025FCA06018BF2062002D40F0C2801C2177
:10340000012E08BF1421BAE09860012053B286F85B
:10341000730F002B48BF5B425BB2B7EE001A032B61
:10342000B8BF00224FFA82FBBBF1000F5A464BB2E5
:1034300048BF5242002B48BF5B425BB2032BB8BF70
:1034400000214DB23346002D294648BF49428E180F
:103450003106D3F8EC8E0A99D1E900A900F0F68183
:10346000D8E904120023BAEB010179EB020243F11F
:10347000000393F0010F1CBF002200217D23A1FB5C
:10348000031402FB0342090B012441EA0253012BFE
:1034900088BF1C46110B14BF184620461FF073FE50
:1034A00000EE100AF0B20E4B01EE100AB8EE411A0F
:1034B00081EE000A9FED0B1A20EE010A10EE102A91
:1034C000D00F22F00041994239D3B1F1FF4F40F2C1
:1034D0000B81B0EE401AB0E1080500500202040072
:1034E00050ACAE427957A73FDBF80820002A3FF4E2
:1034F00055AFDBF81450002D3FF450AFDBF804104B
:1035000004F010F9C043000604BF0020B0EB154FD3
:103510007FF44CAFDBF810002021C4F834054FF4E1
:103520008450C4F83855C4F800020120A06002207D
:10353000B8F1000F23D124E00D9E0520F8E1B74A31
:10354000914240F2DC80B64A914200F2F68080F06F
:103550000101081AFEE0DBF80400022EC4F834056D
:103560004FF4A060C4F8382508BF4FF4C0600AF0DB
:1035700065FB206018BF2062022008210AB90122E1
:1035800062508642C0F0F4810D9A0021D2F8205F8B
:1035900082F82C1F311A1646C2F8245F00EB400255
:1035A000C6F808BFC6F80C0F06F62C780BEB8202A3
:1035B000C6F8102FC6F8141FDDF824B0C6F8285F2F
:1035C0000C992868EE680968D1E9001204F01AFA2B
:1035D000D6F8480110B9D6F80401E8B30020C6F8BF
:1035E000040101200D99D1F8205F81F82C0FD1F84A
:1035F000084F2846D1F80C6F04F080F8C04300064D
:103600000FD00D9EDDF82C905C460AF003FDDFF82C
:10361000B40350E80B1F013140E80B12002AF8D127
:103620001CE5022E0CD0DDF814C0012E40F0A5815F
:103630000D9E206868B9E968A068D1F83C1529E0BA
:10364000E2680D9EDDF814C0206898B104201021B6
:10365000AAB1A068E9681BE0D6F8240170B3002085
:103660000124C6F824012846746104F047F888F85C
:103670000040C6E710200421002A00F08481214484
:103680004A68E968D1F83C359342BBD12044406890
:10369000D1F84C158142B5D1D6F80C8FD6F8080F69
:1036A000B8F1000F08EB480100EB810018BFA0F152
:1036B0000C080C210820DDF82C90FEE50C98032462
:1036C0000D9E0168089886F8614F86F8454F86F888
:1036D000364F86F82C4F04F09BFA002840F04281C8
:1036E000DDF82C905C4692E7BF4B994210D9B2F1BD
:1036F000FF3F10DD9FEDBB1A20EE011A9DE09FED0C
:10370000B81A0020B1F1645F77D9B0EE402A2FE0FB
:10371000B2F1FF3F11DC9FEDB51A0DF5006281EEAD
:10372000001A82ED9E1A0DF5006292ED9E1AB04AC3
:103730009FEDAB1A914200F28980AE499FEDAE2A0F
:1037400001EB800090ED001A00EE021ABDEEC11AE6
:1037500011EE100A01EE100A9FEDA82AB8EEC11A68
:1037600001EE020A9FEDA62A21EE021A30EE412A4E
:1037700022EE023A9FEDA34A9FEDA35A002803EEE2
:10378000045AB0EE424A03EE454AB0EE003A22EE49
:10379000042A33EE443A82EE032A32EE411A30EE26
:1037A000010AB7EE001A30EE011A46D07F280EDD6E
:1037B0009FED8C0AA0F17F01FE2821EE001A31D97D
:1037C000B0F5BE7F88BF40F27D10FE3812E010F1E8
:1037D0007E0F28DA9FED8D0A00F1660110F1E50FEA
:1037E00021EE001A1ED88A4910F5A57F88BF014630
:1037F00001F1CC0021EE001A15E09FED7A1A0DF5CB
:10380000006030EE011A80ED9E1AB7EE001A0DF539
:10381000006030EE011A90ED9E0A0EE01872B13E83
:103820009215853F08464FF07E5101EBC05000F0E5
:10383000FF4000EE100A21EE001AB7EE080AB4EEBF
:10384000401AF1EE10FAC8BFB0EE401A00EE105A5E
:103850009FED702A0D9EA422B8EEC00AC8E904A903
:1038600000230AF068FA00EE10BA4042A6F8FA0EF9
:10387000B8EEC00A0AF05FFA4042A6F8F80E0DF65C
:10388000782004F02BF9099C0AF0F6FCC4F808181B
:10389000C4F80C2886F8080FDDF82C900C98016805
:1038A00006F5706004F0B4F9002840D1B6F8F80EBF
:1038B000B6F8FA1E40EA010212043FF4D2AB414AC4
:1038C00089B2A24652E80E3F013342E80E34002C82
:1038D000F8D100B2D6F8EC2E00F3070508B20A9929
:1038E00033464FF00108167E83F8F08E00F307048C
:1038F000087CC0F20104052804BF01F11800E2F7BA
:1039000014FA0D99002081F8F06E0E4681F8F20E3F
:103910004FF40031C6F8E84E5446C6F8EC1EA6F83F
:10392000E60EA6F8E45E86F87C8FFFF76DBB0720F5
:10393000069A03211170079A107086F8D81EDDE9E7
:1039400002100840019908400099084000EA090067
:1039500001281EBF0DF6843DBDE8000FF0BD3046C6
:10396000F7F7E6FA8AF800400620DDF82C90DFE74A
:1039700018481321184A01F0D1FD1548FFF704BB80
:103980001148FFF701BB1148FFF7FEBAB100000074
:10399000C700000098E60320F89304000894040090
:1039A000189B0400089D0400B49204008898040049
:1039B000B8980400D8960400C89C0400C49204007F
:1039C000389C040014E703209C0000009F000000C6
:1039D0009D00000061D30400189404002C8A032089
:1039E000000000000000007F1772B14200008080DC
:1039F000B4F1CF4220A504003BAAB83F007231BF0A
:103A00008EBEBF35155235BB8FAA2A3E0000800CF2
:103A1000B6FEFFFF6666A63F80B56F4609F0A3FFBE
:103A20001F22BDE8804007F09BBF80B56F4609F0BC
:103A30009AFF2022BDE8804007F092BF80B56F4614
:103A400009F091FF0522BDE88040FDF763BB80B51A
:103A50006F468268891828BF4FF0FF318160BDE84A
:103A6000804000F000B8B0B502AFD0E90124E3080F
:103A7000B2EBD40F09D90168651C85600720A0430B
:103A8000C95C21FA00F000F001010020934238BF28
:103A90000120B0BD02780B789A421CBF002070470D
:103AA0000131013022B1012A09D10968006801E021
:103AB00009880088401AB0FA80F04009704780B544
:103AC0006F460AF092FC09F083BFD4D4D0B502AFA0
:103AD000024600780B7898420BD1431E0120042B3C
:103AE00008D8DFE803F0030307080300487851789B
:103AF00003E00020D0BD48885188081AB0FA80F051
:103B00004009D0BDB0B502AF0446D0F800013F284F
:103B100008D2811CC4F8001154F8205004EB800036
:103B200041680EE007D120460121D4F8FC50F9F796
:103B300075FC216805E020460221F9F76FFCD4E905
:103B400000512846B0BDD4D4F0B503AF2DE9000B29
:103B5000C2B081460478FF20C84608F8010BFF2C4C
:103B600048D02C48D9F808610068C00544D13068B5
:103B7000002846D14FF0FF303060307C60B1D1E991
:103B8000001206F5886003F000FF6846414640F2E7
:103B900007121FF02DFB1AE0F568414640F20712AC
:103BA00005EB451006EBC000047619301FF020FB32
:103BB000681C011F18BF0146B068F160884204BF4D
:103BC0000120307406F5876003F0D2FEFF240AF06E
:103BD00098FCFF2C07D06946404640F2071289F84E
:103BE00000401FF005FBB4F1FF0018BF012042B0F8
:103BF0000AF036BA0A4800E0074803F097F903F0E4
:103C00003FFA064803F086F906F016FD03F0EAFADB
:103C100003F036FA04ED00E0B1000000C700000038
:103C2000A0000000B0B502AF044629B10D460AF06D
:103C30001DFA30B1013DFAD12046BDE8B040FCF795
:103C400075BB0020B0BDB0B502AF044631B10D4622
:103C50002046FCF784FB30B1013DF9D12046BDE898
:103C6000B040FCF77CBB0020B0BDD4D480B56F461B
:103C700013460A460249BDE8804001F05DBC00BF22
:103C8000B4A70400F0B503AF4DF804BD04462348C3
:103C900003F01FF9224803F01CF994F85C0394F830
:103CA0005D53DFE800F0030D07090500002004E084
:103CB000042002E0022004E0032003F045F905E0BF
:103CC000012003F041F9284601F058FAB4F85803EE
:103CD00001F0AAF8D4F8400303F00EF91148124E8F
:103CE000B047124894F86E53B04705F0010003F056
:103CF0002BF904F5107007F0D3FA94F85E0301F085
:103D000021FA0B48B04704F55170FCF7BBFA0020CC
:103D100031465DF804BBBDE8F04008472D020000C5
:103D2000060200001B020000D36E02000E0100001C
:103D30000F020000F0B503AF2DE9000F8DB0024671
:103D40000068012825D1107E0492009160B10328FB
:103D500019D1134613F8140F78B1032816D1002097
:103D60001569CDE901001CE00020114601F8140F8F
:103D700051F8105C41F80C5C00E095680020D560BB
:103D8000CDE901000CE04E4802F0D7FF4B4802F0AD
:103D9000D4FFFF22D0B240EA01200DB009F056BD99
:103DA00015614849A8680968C90540F082804749FB
:103DB000FAF782FCD0E900648A4605905830D5E9CC
:103DC000008B0790F7F71CF8311A64F10002B8EB8A
:103DD00001034FF000097BEB0203CDF818B038BFA8
:103DE0004FF00109B9F1000F36D1A8EB010403959A
:103DF000A04248D908AE079D30462946FAF7A7F8F1
:103E000030462146FFF70EFF00284CD00AF061FB38
:103E1000214307D08178008840EA0140010AC0B2FE
:103E2000019112E008A8294605F024F99DF8200028
:103E3000FF283BD00598DDE90846443005F0D6F868
:103E4000200A40EA06600190E0B2029018F10101F8
:103E50000698039D40F10002C5E9001209F065FCD7
:103E6000B9F1000F02D0049AD56899E704990120AE
:103E7000029AFF2A087508BF0320087689D000201F
:103E80000860019986E70098D0E90012059808308B
:103E9000F7F74EFADAF80000049909F0DBFE032088
:103EA0000876087575E70B4802F082FE084802F0B4
:103EB0007FFE054803F03AF803F0E2F8F4920400BC
:103EC000989A040004ED00E0B1000000D8990400C5
:103ED000C09F0400B09F0400F0B503AF2DE9000FB0
:103EE0008BB06E468B468046304611461D4603F029
:103EF000F7FF00208DF81C50CDE9050008AD4FF00C
:103F000007094FF0010A28463146FDF7A6F8089840
:103F1000012827D1DDE909239DF81C40002AF2D4AD
:103F2000002BF0D428465946F7F784F80898012862
:103F3000E9D1DDE909108F2998BF4728E3D8C1F1FD
:103F40008F0129EA0002C00801EBC1010AFA02FC54
:103F50004144002C0B5C23EA0C0208BF43EA0C022C
:103F60000A54D0E709F032BBBFB506AF0A46044693
:103F7000002001F5B8716D46CDE90200CDE90000E1
:103F800010462A46FCF7FAFB2046294609F00CFCAD
:103F9000BFBD80B56F46F6F70BFFD4D4F0B503AFC5
:103FA0002DE9000F89B0002900F09C8014680129D8
:103FB0005568D3F800A09668D3F80490D3F808E0C9
:103FC000D3F80C808AEA5403D26823F0AA3B89EA2A
:103FD0005503CDF820E023F0AA3C8EEA560323F0E7
:103FE000AA3E88EA5203CDF81C8023F0AA3884EA5E
:103FF0004B0385EA4C04069482EA480284EA93045F
:10400000049224F0CC3586EA4E04059582EA9402A7
:1040100022F0CC3683EA8502039684EA8603029373
:1040200083EA121323F0F033019382EA0312026051
:104030005BD0089B8BEA0A0589EA0C0902298EEA03
:104040000306079B89EA950288EA030C22F0CC322A
:104050008CEA960323F0CC3385EA820586EA83084E
:1040600088EA151626F0F03A85EA0A1545603FD928
:10407000DDE905656E40DDE90345032984EA050EA7
:104080008EEA161525F0F03586EA0516866032D0E0
:1040900082EA090283EA0C03042983EA121424F059
:1040A000F03482EA0412C26028D9DDE9016272406C
:1040B0000261052925D08AEA08020629426123D92E
:1040C000072985EA0E0282611FBF84EA0301C161EC
:1040D00009B0BDE8000F18BFF0BD104A0720072146
:1040E00002F016F9114A09F062F90F4A09F07EFA56
:1040F000074A09F006FF0B4A09F02CFC054A09F0B3
:10410000A2FE074A09F0B1FE034A09F0B8FE00BF5B
:10411000B0A90400D0A90400F0A9040000AA04007A
:10412000E0A90400C0A90400A0A9040090A904000B
:10413000D0B502AF082A28BF08222AB108C9013A1F
:104140000468634008C0F8E7D0BD80B56F468900B9
:1041500051B10268043982EA121303F00F2382EA94
:1041600003125A4004C0F3E780BD8A4205D3592A9E
:104170003EBF00EB8100511A704780B56F4609F0D1
:10418000FDFFD4D4F0B503AF2DE9000F8DB0009042
:1041900005AD0E462021284614461EF058FE082084
:1041A00004F110030290284608212246FFF7F6FE8C
:1041B0002846314608220496FFF7BAFF05A80821D1
:1041C00000F0CEFA0C984FF03F384FF0C03A4FF065
:1041D000F0394FF00F3BC4460AEAB00108EAB022BA
:1041E000114481EA000E09EA3E320BEA3E531A44BA
:1041F0000B9B0AEAB30408EAB3252C4463405A40F7
:1042000051400C9109EA33310BEA335211440A9AB6
:104210000AEAB20308EAB2252B445A4051406140F1
:104220000B9109EA32310BEA32521144099A0AEA37
:10423000B20408EAB2252819039080EA0204DDE9F5
:104240000726614059400A910AEAB20308EAB220FF
:104250001844DDE9051580EA020809EA38320BEA5C
:10426000385303EB020B0AEAB5020CEAB52303EB61
:10427000020985EA090585EA0B034FF00F3B584018
:1042800007900CEAB1230AEAB10018444FF0F03C61
:1042900041400CEA31330BEA31521A444FF03F33BC
:1042A00050400BEA345280EA0E0005900CEA34309C
:1042B00003EAB62310440AEAB6021A44039C82EACF
:1042C00006035840604080EA0E0009900CEA333043
:1042D0000BEA33531844DFF86C3480EA080050408E
:1042E0000BEA355280EA0E0008900CEA3530104493
:1042F0004840029980EA090080EA0E00069001F128
:10430000080804984246FFF730FF02460B4605A80E
:1043100011461A46FFF70CFFB8F1500F00F08481E8
:1043200005A8DFF82424082190470C984FF0F03EB0
:104330004FF00F3C0EEA30110CEA303211440B9A68
:1043400048400EEA32130CEA323423445A4082EADF
:10435000304461400C910A990EEA31140CEA31356F
:104360002C4484EA010585EA3241099A59400B91AF
:104370000EEA32110CEA323303EB010B8BEA020A2C
:104380008AEA354363400A9305AE78CE0EEA3511CA
:104390000CEA353211440CEA343281EA05090EEA9E
:1043A00034152A44544084EA3945694007910EEA9D
:1043B00033110CEA333529440CEA36354B4081EA97
:1043C0003341414005910EEA3611294481EA060540
:1043D00085EA3A4689EA354586EA0B066940464051
:1043E0004140089183EA3441D84B514008F108021A
:1043F0004840069004984146D54C0996CDE90228DC
:10440000A04702460B460DF1140B11461A46D14B3C
:1044100058469847CC4A5846082190470C984FF088
:10442000FC3C4FF003384FF0F03A4FF00F3B0CEAF2
:10443000B01108EAB032114481EA000E0AEA3E32B5
:104440000BEA3E531A440B9B0CEAB31408EAB3354B
:104450002C4463405A4051400C910AEA33310BEA34
:10446000335211440A9A0CEAB21308EAB2352B44CB
:104470005A40514061400B910AEA32310BEA325204
:104480001144099A0CEAB21408EAB23528190190CD
:1044900080EA0205DDE90726694059400A910CEAE5
:1044A000B21308EAB2301844DDE9051480EA0209C3
:1044B0000AEA39320BEA395303EB020B0CEAB41265
:1044C00008EAB43303EB020A84EA0A0484EA0B0321
:1044D0004FF00F3B584007900CEAB11008EAB13397
:1044E00018444FF0F03C41400CEA31330BEA3152B2
:1044F0001A4408EAB63350400BEA355280EA0E00FF
:1045000005900CEA3530019D10444FF0FC3202EA70
:10451000B612DDF810801A4482EA0603584068405B
:1045200080EA0E0009900CEA33300BEA335318444A
:10453000894B80EA090050400BEA345280EA0E00B1
:1045400008900CEA3430824C10444840029980EACA
:104550000A0080EA0E000690039800F1100B404616
:104560005A46A04702460B460DF1140A11461A4658
:10457000784B50469847744A5046082190470C990A
:104580000B9ADDF8249081EA3120DDE9075682EAB2
:104590003223DDE905CE83EA304484EA31210C91EF
:1045A0000A9981EA312484EA334383EA322289EA90
:1045B000392383EA34440B9284EA31210A9185EA53
:1045C00035218EEA3E2484EA314282EA352207927E
:1045D00086EA362282EA334381EA324183EA39238A
:1045E00081EA36214340414008918CEA3C210993FD
:1045F00081EA3442594B4FEA314182EA3E2281EA54
:104600003C2142404840059003985946069200F1EB
:1046100018024F4C40460292A04709F04AFC1A4645
:104620004C4B50469847C9E505AC08212046FFF79A
:104630008CFD2046082100F093F80498082200F52C
:10464000A0712046FFF774FD0598DDE90631089C4E
:1046500083EA5002049022F0AA30DDE909A680EA3C
:10466000030884EA510323F0AA39039184EA090478
:10467000029084EA980525F0CC3186EA5A0525F0A7
:10468000AA3B81EA04028BEA0603DDE90B6484EAB3
:10469000560525F0AA356C4084EA930C2CF0CC30FA
:1046A000DDF800C0444084EA121E2EF0F03E84EA99
:1046B0000E04CCF81C4088EA810483EA800181EA78
:1046C000141323F0F0335940CCF8181082EA0E117D
:1046D00084EA0310CCF814108AEA4B03029986EAA4
:1046E0004504CCF8100084EA9305049825F0CC35F5
:1046F0006C4080EA4100039981EA490181EA900215
:1047000022F0CC32514080EA820083EA850284EABA
:10471000111682EA101326F0F03623F0F0337440BD
:104720005A4081EA061180EA0310CCF80C40CCF81C
:104730000820CCF80410CCF800000DB0BDE8000F44
:10474000F0BD00BF50A804006147020060A804004B
:104750006B4102003141020070A8040080A80400EF
:10476000F0B503AF2DE9000F93B0002900F066818A
:10477000012900F06681022940F26681032900F0D8
:104780006681042940F26681052900F066810629C8
:1047900040F2668107291FBF8146D0F80080CDF81E
:1047A0003C8045681FBF0D9500F1080416CC00F150
:1047B000140C1FBF9CE8081884EA0100119085EAD8
:1047C0000C051FBF109585EA00060C9686EA020EBE
:1047D0001FBF8EEA0100129000EA060505951FBF73
:1047E00083EA0B030993584007901FBF8CEA01022C
:1047F00083EA080A8AEA04010E911FBF01EA08064B
:104800005640464086EA05081FBF8EEA0B058CEA33
:104810000403089385EA030E1FBF0EEA030B00EAA8
:10482000020613460A921FBF86EA0B01049188EA2A
:1048300001080D991FBF8AEA010282EA030106916D
:104840000D921FBF0F9B129C5C400B941FBF04EA8C
:10485000010685EA0601059C61401FBF80EA0E043F
:104860000394119804EA00061FBF86EA0B0481EA4C
:10487000040B8BEA080002EA0A061FBF09998EEAB8
:10488000010585EA060210991FBF05EA010672407C
:104890004A4062401FBF02EA0B018EEA03040994FA
:1048A0008AEA0C031FBF05931C406C4074401FBF75
:1048B00084EA0C03049C5C4084EA01061FBF06EAFC
:1048C000000383EA080B84EA020C81EA08031FBF95
:1048D00003EA0C03594021404E401FBF06EA0B0675
:1048E0007040009000EA0A0C1FBF80EA0B06019698
:1048F000354004951FBF85EA0C08CDF8088083EA8F
:10490000040A81EA020C1FBF8CEA0A0480EA04064A
:104910008BEA0A0286EA02011FBF039D0D4085EA69
:10492000080003901FBF02EA0E0580EA0503119DEF
:1049300029401FBF089D2A4081EA020ECDF844E0BD
:104940001FBF069904EA01058EEA050008901FBF03
:104950000C9901EA0C0180EA010E8EEA03081FBFE0
:10496000C9F81C80079906EA01080F991FBF01EAE0
:104970000A01129D0CEA050C8CEA01001FBF0F9082
:1049800088EA0001109D01981FBF28401290414005
:1049900003981FBF48401090059901EA0B011FBF03
:1049A0004140DDF8288006EA080672401FBF1D4618
:1049B0005A404A40C9F814201FBF0B9A224082EA8D
:1049C0000C02029C1FBF624082EA0E02C9F810204E
:1049D0000E9C1FBF0AEA04030898434059401FBFBA
:1049E000C9F80810099901EA0B010F981FBF41404F
:1049F000049B59400D9B1FBF0098034011984340F2
:104A00001FBF4B40109883EA0004C9F804401FBF41
:104A100012984340C9F8003082EA05031FBFC9F865
:104A200018305140C9F80C1013B01CBFBDE8000F7E
:104A3000F0BD104A0720072101F06AFC114A08F076
:104A4000B6FC0F4A08F0D2FD074A09F05AFA0B4AA1
:104A500008F080FF054A09F0F6F9074A09F005FA5F
:104A6000034A09F00CFA00BF30AA040050AA04005F
:104A700070AA040080AA040060AA040040AA0400EE
:104A800020AA040010AA0400F0B503AF2DE9000F1E
:104A9000DDB00DF1140A0C4601904FF4B071504690
:104AA0001EF0D5F95046082122462346FFF776FA34
:104AB0000AF1200E00200F264FF0FC354FF0F039A0
:104AC0004FF0C0384FF0000B0A2800F09A800BF12D
:104AD0000801441C0490002010F1080208D0572E51
:104AE00000F2E7800AEB80030138DA69DA63F3E762
:104AF000784B0BF11002CDE9024E05A8044600F0F8
:104B000009F9FFF72DFE20460BF11004724B08F057
:104B10001DFD00F00BF90498082809D222460BF17C
:104B20000804734B05A8214600F0F4F8049A34E019
:104B30006A4B05A808F00AFD024604980838884226
:104B400080F0C28052F82010664B09F001FC05A8E5
:104B500008F0FCFC024604980738884280F0B480D4
:104B600052F82010604B09F0F3FB05A808F0EEFCAA
:104B7000024604980538884280F0A68052F820103A
:104B80000BF10804594B09F0E3FB05A80BF11002E7
:104B9000214600F0BFF8049A043A8A4280F09380DC
:104BA00050F82210A446DDF80CE081F4404140F8B2
:104BB00022100021724608291BD00BEB0100B0F136
:104BC000580379D0B0F1500378D010684FF0033318
:104BD000013103EAB03052F8203C584005EA800326
:104BE00009EA0014634008EA80146340584001C297
:104BF000E1E70EF1200E0AF1200A08360298E3469A
:104C000062E74FF0020808250DF1140BDFF8F09071
:104C10003E4CB8F1000F2ED005F10806374B584630
:104C200029463246C84700F0ADF805F1100A354B69
:104C3000584631465246C847FFF787FA324B05F1CE
:104C4000180258465146C847890081B102680439A4
:104C500082EA1213234082EA03125A4082EA920344
:104C600003F0332382EA83025A4004C0EDE7A8F13F
:104C700001082035CDE70BF59070082100F082F88F
:104C8000234E1025602D0AD0A5F1080158462A466A
:104C9000334600F03FF800F049F80835F2E705A97F
:104CA00001984FF4B0721EF0C9F95DB0BDE8000F75
:104CB000F0BD074A304403E00F4A01E00D4A0830D6
:104CC000582101F025FB1046054A01F021FB00BFE9
:104CD00020A8040010A9040020A9040030A90400A1
:104CE00080A9040040A9040050A9040060A90400A0
:104CF00070A9040040A8040030A80400E0A8040043
:104D0000154D0200F0A8040000A9040000030F0CD8
:104D1000D0A804008A4205D3592A3EBF00EB810087
:104D2000511A704780B56F4609F028FA80B56F4672
:104D3000A9B10268D2430129026013D04268D2436C
:104D40000529426011D94269D243062942611FBF39
:104D50008169C943816180BD074A09F090F8084A1A
:104D600008F025FB054A08F041FC024A052001F045
:104D7000CFFA00BFB0A80400C0A80400A0A8040097
:104D800090A80400D0B502AF0A4A890081B1036837
:104D9000043983EA1314144083EA0413634083EA5A
:104DA000930404F0332483EA8403634008C0EDE7EE
:104DB000D0BD00BF000C0F03D0B502AF04460448BD
:104DC00002F087F82046BDE8D04002F082B800BF6C
:104DD00003000000B0B502AF0546044809F08BF8A7
:104DE00028462146BDE8B04002F07CB8060000002D
:104DF000D0B502AF0446044802F06BF820461021FB
:104E0000BDE8D04000F014BB0F000000D0B502AFE9
:104E10000446044802F05DF820460621BDE8D04073
:104E200000F006BB09000000D0B502AF04460448FC
:104E300002F04FF82046BDE8D040FFF7BDBF00BFED
:104E40000F010000B0B502AF0446764802F041F809
:104E50004FF0FF3050FA84F1472900F25380724836
:104E6000DFE811F0D90048008400A000A4008A0007
:104E700092009400AC00A80076008C0080006E00C8
:104E800098009A00B200AE006A008200B8006C0080
:104E90007E0074008E007000C400C2007A0086009C
:104EA0009E008800CC007800B000CA006600A60012
:104EB000640062007C0090005000B6004C00680066
:104EC0009600A2005000CE0050009C0060004E00F2
:104ED000D400C8005E00AA00B4005C00C000BA00A4
:104EE0005000D800D200D600BC00BE007200C60040
:104EF0004A00D0008F488EE04D488CE063488AE03D
:104F00005B4888E08C488D4DA8474648A8478C48A8
:104F1000A847204602F018F800207CE04E487AE0CE
:104F2000504878E0534876E05C4874E05C4872E0B2
:104F30005D4870E054486EE06D486CE069486AE096
:104F4000704868E0634866E03B4864E0634862E0BC
:104F50006F4860E057485EE05B485CE04E485AE0CE
:104F60005F4858E0684856E0604854E0704852E0B6
:104F7000544850E051484EE06A484CE063484AE0EB
:104F8000554848E0434846E0654844E0634842E00D
:104F90003C4840E05A483EE058483CE036483AE059
:104FA000474838E0614836E0354834E05E4832E052
:104FB0003C4830E057482EE029482CE056482AE08B
:104FC0004C4828E03A4826E04B4824E0234822E0B9
:104FD0002F4820E044481EE01D481CE018481AE015
:104FE000164818E01B4816E0384814E0384812E02C
:104FF000104810E01C480EE02C480CE02E480AE057
:105000001E4808E0094806E00F4804E0174802E09F
:105010000C4800E00D4801F05CFF0020BDE8B04006
:1050200001F057BF14000000530100002B010000E5
:105030004D0100004E010000370100003501000065
:1050400032010000510100004F0100001701000073
:105050001B010000220100001401000050010000AB
:10506000240100001F010000290100004A01000086
:105070002701000045010000430100004601000037
:105080003B0100002C010000160100003C01000063
:105090003D010000250100003A0100002A01000046
:1050A0004201000033010000260100003001000031
:1050B0002F010000310100004401000058010000F0
:1050C000560100002E0100004701000048010000C9
:1050D000490100005901000054010000390100009D
:1050E00041010000210100003F0100003E010000DD
:1050F000400100002D0100005701000019010000CF
:10510000200100001D0100001E0100001801000028
:105110001A0100004C0100001C01000023010000E6
:1051200034010000360100001501000038010000C4
:10513000280100005201000055010000D36E02005A
:1051400061010000D0B502AF0446044801F0C1FE81
:105150002046BDE8D04001F0F7BE00BF15000000BA
:10516000D0B502AF0446044801F0B3FE2046BDE8C6
:10517000D04001F06BBF00BF05000000D0B502AF0A
:105180000446134801F0A5FE6FF0120050FA84F0B7
:10519000072807D8DFE800F00414101A1A1A1A12A8
:1051A00012480EE0E0B2052804D0292814BF0A48AE
:1051B0000A4806E0074804E00A4802E0084800E020
:1051C00009480078BDE8D04001F0BEBEFEDE00BF59
:1051D0000D010000203E04002ADD040029DD04004A
:1051E00028DD040038D4040060D30400ECD10400AE
:1051F000D0B502AF0446074801F06BFE60B2064925
:1052000001EB800050F8040C0078BDE8D04001F0BC
:105210009BBE00BF1301000080E40400D0B502AFC4
:105220009A4221BFD21ACC1880E81A00C26028BF67
:10523000D0BDBA681321014800F070F961D30400B1
:10524000D0B502AF86B00446022A02D20020002167
:105250000CE008480223009002A8FFF7DFFF029A43
:10526000DDE90410A06010785278627061602070EF
:1052700006B0D0BDD0AA0400D0B502AF86B00446B7
:10528000062A02D2002020700DE008480623009074
:1052900002A8FFF7C3FF0299DDE90402E2608A88F1
:1052A0000968C4E90012A06006B0D0BDD0AA04000D
:1052B000D0B502AF86B004465AB109480123009028
:1052C00002A8FFF7ABFF0298DDE904120078A260A4
:1052D00001E0002000216160207006B0D0BD00BF59
:1052E000D0AA04006FF31F30B0F5706F38BF70475D
:1052F00080B56F46024801F019FE01F0C1FE00BF03
:1053000099000000D0B502AF86B00446022A02D24E
:10531000002020700BE007480223009002A8FFF74E
:105320007DFF0299DDE904020988A26021806060A6
:1053300006B0D0BDD0AA0400D0B502AF86B00446F6
:105340006AB10878013804280BD20848012300907C
:1053500002A8FFF763FF08F052FA207004E0002073
:1053600001E04FF48070208006B0D0BDD0AA0400C8
:10537000D0B502AF86B0044662B1087808280BD2D7
:1053800008480123009002A8FFF748FF08F037FA09
:10539000207004E0FF2001E040F2FF10208006B002
:1053A000D0BD00BFD0AA0400D0B502AF86B004467D
:1053B00072B1087802280DD209480123009002A892
:1053C000FFF72CFF08F01BFA00F00100207004E04A
:1053D000022001E04FF48170208006B0D0BD00BFF4
:1053E000D0AA0400D0B502AF86B00446082A02D283
:1053F000002020700DE008480823009002A8FFF765
:105400000DFF0299DDE90402E2600A684968C4E917
:105410000021A06006B0D0BDD0AA0400E0B502AF64
:10542000007807F8010C781E01F0A7FC8CBDD4D4DD
:10543000B0B502AF0546054808F05DFD2CB115F882
:10544000010B01F081FD013CF8E7B0BD1500000043
:1054500080B56F468A680068930105D4520108D46C
:10546000BDE8804001F00DB90068BDE8804001F062
:1054700016BC0068BDE8804001F0FFBC80B56F46F7
:1054800090B0104B0792164ACDE900030220059018
:105490000D4804900D4806900D48CDE902130F9079
:1054A00002A9CDE90D0168460C900A480B9006A8A8
:1054B0000A900948099004A8089008A9074800F034
:1054C0002DF800BF4C5804004FBC04008D3E040072
:1054D0000D550200F9540200E5540200CF380400D3
:1054E0000492040080B56F460B46D0E900121846BE
:1054F000BDE8804000F0A4B880B56F46D0E9002335
:10550000D1E90001BDE8804000F016B880B56F46D3
:10551000D0E90002D268BDE88040104780B56F46F0
:1055200086B0CDE901010120ADF8140001A8039077
:1055300003A8049203F04EFAF0B503AF2DE9000F73
:1055400085B006469B468A46D80764D11578002068
:10555000002D70D0DAF80C904FF0000802E01578BA
:10556000002D67D0541C68B2B0F1FF3F07DD304614
:1055700021462A46C84700285AD16219EFE7802DF4
:1055800009D0C02D12D15BF83800002104912021F0
:10559000C6F2000131E0B2F80140D51C3046294680
:1055A0002246C847002843D12A19D8E7E80703D183
:1055B0002021C6F2000102E0D2F80110541DA80714
:1055C0004CBF34F8022B002268074CBF34F8023B72
:1055D0000023280748BF34F8028BE80644BF0BEBD2
:1055E000C2008288A80644BF0BEBC30083885BF827
:1055F0003800ADF81230ADF8102003910BEBC80164
:10560000CDF808A04A6801A90196904780B908F131
:1056100001082246A3E74FEA5B031146DAF80CC003
:1056200030461A4605B0BDE8000FBDE8F0406047BF
:10563000012000E0002005B0BDE8000FF0BDD4D48B
:10564000F0B503AF2DE9000F81B0D0F808A01646E1
:1056500088461AF0C05F52D05FEACA0111D4102EFA
:1056600031D2002E00F08880A8F1010200213346DB
:1056700012F9015F15F1410FC8BF0131013BF7D1AC
:105680002DE0B0F80EC0BCF1000F24D008EB0603EB
:1056900000264446624609E0EF294FF0030188BF27
:1056A00004216C18611B013A0E4415D09C4214D0A1
:1056B000254614F9011BB1F1FF3FF3DCC9B2E02923
:1056C000EAD2AC1CEEE704464046314600F058F8FA
:1056D0000146204603E000260022ACEB020182894D
:1056E00091420CD2531ACAF341716FF35F5A4FF0D3
:1056F000000BDFE801F012020F129B460DE0D0E92B
:1057000000013246CB68414601B0BDE8000FBDE85C
:10571000F040184799B24FEA510BD0E900544FF0CE
:10572000000900931FFA8BF01FFA89F1814208D219
:10573000226928465146904709F101090028F1D015
:1057400015E0E368284641463246984778B9009804
:105750000026A0EB0B001FFA80F8B0B240450DD236
:10576000226928465146904701360028F5D001208D
:1057700001B0BDE8000FF0BD0021B0E70020F7E761
:10578000F0B503AF2DE9000FC21C22F0030EB0EB01
:105790000E0301EB030202F0030101D1002009E036
:1057A000461E002016F9015F15F1410FC8BF0130F8
:1057B0000133F7D34FEA920981B14FF6FC76C7F671
:1057C000FF7632407244561E002216F9015F15F131
:1057D000410FC8BF01320139F7D100E00022104467
:1057E0004FF47C7C11E04FF0000B3FFA8BF13FFA55
:1057F0009BF21144A9EB0A0908EB8A0E1AF0030484
:1058000001EB014100EB114039D1B9F1000F54D047
:10581000B9F1C00FCA4628BF4FF0C00A1CEA8A027D
:10582000F046E0D008EB020EA8F110044FF0000B98
:1058300054F8105FD4E90131EE43E268F60946EA14
:105840009515DE4325F0FE35F60946EA93135D44CF
:1058500023F0FE332B44CD43ED0945EA911121F0AD
:10586000FE311944D343DB0943EA921222F0FE329F
:1058700002EB010B04F110017145D9D1B5E76FF0CE
:105880000C01A30001EA8A0141440A1F002152F8D9
:10589000046F043B6FEA06054FEAD51545EA9616F4
:1058A00026F0FE363144F2D13FFA81F23FFA91F10F
:1058B000114401EB014100EB1140BDE8000FF0BDC8
:1058C000F0B503AF2DE9000F85B00D46016840F239
:1058D000001E02914168934680684FF000080490D2
:1058E000C0F2011E4FF0000A002001911AE006EB01
:1058F000090010F8010C0A38B0FA80F04009019B49
:10590000354606EB0801049EA9EB0802DB683070FF
:10591000029898470028039840F2001EA046C0F263
:10592000011E7CD1C00778D12E46D3455DD3ABEBA9
:105930000A0106EB0A00072909D8D3454FD00023F6
:10594000C25C0A2A3DD001339942F9D147E0C21C1A
:10595000B44622F00302121A03D1A1F10803002277
:105960000AE00023C65C0A2E2AD001339A42F9D1FC
:10597000A1F108039A4213D8865885186D6886F0FD
:105980000A34AEEB0404264385F00A34AEEB04047B
:1059900025432E40F64316F0803F01D10832E9E757
:1059A000914220D0ABEB02038118A3EB0A0600233F
:1059B000CD5C0A2D03D001339E42F9D113E013448C
:1059C00066460AEB030101F1010A5945ADD2C05CFC
:1059D0000A28AAD100205446D14603900BE0DA46AB
:1059E000C34504D119E0DA466646C34515D0012007
:1059F00044460390D9460498007848B1019848F28B
:105A0000C421C0F204010422C3680298984730B947
:105A1000C1457FF46CAF002071E7002000E0012059
:105A200005B0BDE8000FF0BDF0B503AF4DF8048D33
:105A30008568D0E90046287878B148F2C422F36836
:105A4000C0F2040288461146204604229847414687
:105A500018B101205DF8048BF0BDA1F10A00326994
:105A6000B0FA80F04009287020465DF8048BBDE84C
:105A7000F040104780B56F4613460A464BF6FC319E
:105A8000C0F20401BDE88040FFF756BDF0B503AF9A
:105A90002DE9000F87B086681C46D7E902CA4FF08F
:105AA0002B0B16F400154FF0010308BF4FF0FF3B1E
:105AB000002918BF6B0D03EB0A0808BF4FF02D0B30
:105AC000310202D40021069112E023465CB1541E3B
:105AD00000219E4614F9015F15F1410FC8BF013145
:105AE000013BF7D101E09E460021884474460692AE
:105AF000B0F80C90C84511D2F101CDE904CA23D405
:105B0000C6F34171A9EB08036FF35F564FF000092C
:105B1000DFE801F051024E0299464CE0D0E9005610
:105B20005A4600943146069BE046284600F080F82D
:105B3000002864D1F36828464146524607B0BDE8C4
:105B4000000FBDE8F0401847D0E902515A46D0E9AD
:105B500000A602910021C9F6E0710390294041F0AE
:105B6000005141F03001816000945046069B31465F
:105B700000F05EF8002842D1A9EB0800AB460024F3
:105B800085B2A0B2A84207D2326950463021904770
:105B900001340028F5D032E0DDE904125046F36804
:105BA000984760BBDDE90210C0E902B1002027E0A0
:105BB00099B24FEA5109D0E900584FF0000A039317
:105BC0001FFA89F01FFA8AF1814209D2D8F8102011
:105BD0002846314690470AF1010A0028F0D00EE02D
:105BE00000942846069B41465A4600F021F830B9F9
:105BF000DDE904122846D8F80C30984720B101207E
:105C000007B0BDE8000FF0BD03980024A0EB090029
:105C10001FFA80F9A0B24845C8D2D8F8102028460B
:105C2000314690470134014601200029F2D0E7E7D0
:105C3000F0B503AF4DF8048DD7F8088006461C4632
:105C40000D46501C08D02B6930461146984718B1B4
:105C500001205DF8048BF0BD44B1EB68304621466D
:105C600042465DF8048BBDE8F040184700205DF81F
:105C7000048BF0BD272919D8DFE801F0141E1E1E81
:105C80001E1E1E1E1E92841E1E8E1E1E1E1E1E1EEA
:105C90001E1E1E1E1E1E1E1E1E1E1E1E1E1E961EAC
:105CA0001E1E1E88002143F25C0289E05C2903D19C
:105CB000002145F65C4283E0A1F120035F2B78D3FD
:105CC000F0B503AF4DF804BD84B0202924BFA1F185
:105CD0007F03212B0AD3A1F56043B3F5C85F22BF30
:105CE000A1F570234FF6FE76B34272D24AF22843F2
:105CF0000A0DC0F20403C1F303459E5C01F00F02DC
:105D000013F805E013F802C0C1F30322C1F3033412
:105D1000C1F303159A5C41F001011C5D5B5D8DF8D8
:105D20000A20B1FA81F28DF80B3001AB00258DF815
:105D3000076091087B268DF80650ADF804508DF869
:105D400009408DF808E05E546FF0010101EB92010B
:105D50005C2603EB92025E5475237D2602F8013C1B
:105D6000DDE901238DF80D608DF80CC0BDF80C60E5
:105D7000C0E900230A22068104B05DF804BBBDE837
:105D8000F04023E0002146F65C6219E0D20510D510
:105D9000002142F25C7213E0002147F25C220FE026
:105DA000002147F25C420BE022F07F42B2F5803FD7
:105DB00003D201608122802108E0002142F25C22AE
:105DC000C0F80610C0F8021002800222427301736C
:105DD000704720298AD0A1F58013B342FFF486AF23
:105DE00085290ED2044608460D4600F040F90246C9
:105DF00029462046002A3FF479AF016081228021A4
:105E0000BAE7044608460D46164600F02AF8024650
:105E100029462046002A7FF469AFB1F5407F0BD3B5
:105E2000F20709D0084600F04DF802462946204600
:105E3000002A7FF45BAF01E0AC29D3D9084600F01B
:105E4000B6F8024629462046002A7FF44FAF08469E
:105E500000F040F9024629462046002A7FF446AF6A
:105E6000C0E780B56F46020A014600201F2A05DC04
:105E70007AB1162A1CD1A1F5B45006E0202A18D018
:105E8000302A18BF80BDA1F54050B0FA80F040091B
:105E900080BD6FF084006FF09F0250FA81F052FADB
:105EA00081F1B0FA80F0B1FA81F140094909084363
:105EB00080BDC8B24CF29811C0F20401085CC0F376
:105EC000400080BD80B56F4640F6AB6210214BF6B6
:105ED000B86EC0F20102904238BF002101F1080CF7
:105EE000C0F2040E00225EF82C30DB02B3EBC02FB0
:105EF00098BF614601F1040C5EF82C30DB02B3EB75
:105F0000C02F98BF614601F1020C5EF82C30DB0215
:105F1000B3EBC02F98BF614601F1010C5EF82C3045
:105F2000DB02B3EBC02F98BF614601F1010C5EF8B4
:105F30002C30DB02B3EBC02F98BF61465EF82130F6
:105F40004FEAC32CBCEBC02F38BF0122C3029C45D3
:105F500008BF013253181F2B5EF823100EEB830E7F
:105F60004FEA515106D8DEF804204FEA525C1BB9C3
:105F7000002305E040F2FF2C5EF8043C6FF35F5312
:105F8000CA4312EB0C020FD0C01AACF1010E4BF653
:105F90009C0C0023C0F2040C1CF801201344834223
:105FA00002D801318E45F7D101F0010080BD80B5E6
:105FB0006F4606214BF63C7EB0F57E4F38BF002180
:105FC00001F1030CC0F2040E00225EF82C30DB025B
:105FD000B3EBC02F98BF614601F1010C5EF82C3085
:105FE000DB02B3EBC02F98BF614601F1010C5EF8F4
:105FF0002C30DB02B3EBC02F98BF61465EF8213036
:106000004FEAC32CBCEBC02F38BF0122C3029C4512
:1060100008BF013253180A2B5EF823100EEB830ED3
:106020004FEA515106D8DEF804204FEA525C1BB902
:10603000002305E04FF0230C5EF8043C6FF35F5340
:10604000CA4312EB0C020FD0C01AACF1010E4BF692
:106050009B3C0023C0F2040C1CF801201344834233
:1060600002D801318E45F7D101F0010080BDB0F5B5
:106070005E7F3CBF0120704701464FF6FE70C0F2C4
:106080000300814207D280B56F46084600F085F8CC
:1060900080F0010080BD01220120C0F20E02914279
:1060A00008BF704701F1FF2202F5710202F1E0031F
:1060B000602B07D3F02A22BFA1F570234FF6FE72A2
:1060C000934200D27047A1F580110020914238BF61
:1060D0000120704780B56F4641F2BD0205214BF6A5
:1060E0006C7EC0F20102904238BF002101F1030C26
:1060F000C0F2040E00225EF82C30DB02B3EBC02F9E
:1061000098BF614601F1010C5EF82C30DB02B3EB65
:10611000C02F98BF614601F1010C5EF82C30DB0204
:10612000B3EBC02F98BF61465EF821304FEAC32C15
:10613000BCEBC02F38BF0122C3029C4508BF01320F
:106140005318092B5EF823100EEB830E4FEA5151C2
:1061500006D8DEF804204FEA525C1BB9002305E0A4
:106160004FF02B0C5EF8043C6FF35F53CA4312EB05
:106170000C020FD0C01AACF1010E4BF6BE3C00234E
:10618000C0F2040C1CF801201344834202D80131F0
:106190008E45F7D101F0010080BD80B56F464BF20E
:1061A000FC221B214BF6E05EC0F20102904238BF98
:1061B000002101F10D0CC0F2040E00225EF82C301B
:1061C000DB02B3EBC02F98BF614601F1070C5EF80C
:1061D0002C30DB02B3EBC02F98BF614601F1030CFA
:1061E0005EF82C30DB02B3EBC02F98BF614601F1A3
:1061F000020C5EF82C30DB02B3EBC02F98BF614677
:1062000001F1010C5EF82C30DB02B3EBC02F98BF1C
:1062100061465EF821304FEAC32CBCEBC02F38BF7B
:106220000122C3029C4508BF01325318342B5EF88B
:1062300023100EEB830E4FEA515106D8DEF80420EE
:106240004FEA525C1BB9002305E040F2B55C5EF8F2
:10625000043C6FF35F53CA4312EB0C020FD0C01A19
:10626000ACF1010E4BF2E72C0023C0F2040C1CF839
:1062700001201344834202D801318E45F7D101F049
:10628000010080BD80B56F4686B0904210D9CDE93F
:10629000000246F2836001A9C0F202000590CDE938
:1062A00003016846029044F63B40C0F2040024E03B
:1062B000914212D8884210D9CDE9000146F283609C
:1062C00001A9C0F202000590CDE9030168460290E1
:1062D00044F24340C0F204000FE046F28360CDE98F
:1062E0000012C0F2020001A90590039068460290D6
:1062F00044F6B2200491C0F2040002A91A46FFF746
:106300000DF980B56F4649000131FFF707F9D4D484
:10631000FEB506AFCDE90001694605480590CDE917
:10632000030101A8029002A90248FFF7F7F800BF95
:1063300083660200CD450400F0B503AF2DE9000FE0
:1063400089B09846034600794FF0010900284FF0C4
:1063500001006CD11D689A46D7F808B05B79A87A1D
:1063600000062DD40C464BF6E93193464BF6EC3241
:10637000C0F20401D5E90006C0F20402002B18BFE8
:106380001146F3684FF0030218BF02229847002815
:106390004BD1D5E900015A46CB68214698470028E1
:1063A00043D1D5E900010222CB684BF6EE31C0F2B1
:1063B00004019847C8BBBA6840462946904735E073
:1063C00073B9D5E900034BF6F036DB68C0F204067A
:1063D0000C4631461646032298472146324620BBDA
:1063E0000120D5E9003607F82D0CA7F12D00039008
:1063F0004BF6FC30C0F20400D5E90245069001A836
:106400000590CDE90745CDE90136FFF759FA60B9A6
:106410004BF6EE3101A8C0F204010222FFF750FA58
:1064200018B905A94046D84748B10120534618710C
:10643000184683F8059009B0BDE8000FF0BDDDE90E
:1064400005010222CB684BF6F331C0F204019847F4
:10645000ECE7014600794A79002A08BF704710B17D
:10646000012008717047D0B502AF08680C46817AE8
:10647000090608D4D0E900010222CB684BF6F731B7
:10648000C0F2040107E0D0E900010122CB684DF21F
:106490004811C0F2040198472146BDE8D040087178
:1064A0007047F0B503AF2DE9000788B0D0E900458B
:1064B0000646D5F80CA098462046D04720B10120CA
:1064C00008B0BDE80007F0BDB07AD7F80890000624
:1064D00015D44DF20F112046C0F20401012201250E
:1064E000D047014628460029EAD140463146C847F0
:1064F0000028E4D1D6E90040D0F80CA02CE04BF6FF
:10650000F5312046C0F204010222D04701460120A5
:106510000029D5D1A7F129014BF6FC3207F8290C47
:10652000C0F20402CDE90151D6E90201CDE906012C
:1065300004A905926A46404600940492C847002880
:10654000BDD1DDE904010222CB684BF6F331C0F284
:10655000040198470028B2D14DF210112046C0F234
:1065600004010122D047ABE7B0B502AF84B01C46AE
:106570000546D0E90003DB68984707F1080C0021C5
:106580008DF80C0002A89CE80C108DF80D10214627
:106590000295CDF800C0FFF7CFFE9DF80D209DF8C5
:1065A0000C10012A42EA010008BF5FEAC17115D14F
:1065B0000298817A090608D4D0E900010222CB684A
:1065C0004BF6F731C0F2040107E0D0E900010122E7
:1065D000CB684DF24811C0F20401984700F0010069
:1065E00004B0B0BDB0B502AF84B01C460546D0E9DA
:1065F0000003DB6898478DF80C0040F62F700021EF
:10660000C0F202008DF80D104AF24851009002A825
:10661000C0F20401082223460295FFF78DFE45F2E1
:106620005141BB68C0F20201062200914AF2645156
:10663000C0F20401FFF780FE9DF80D209DF80C10BC
:10664000012A42EA010008BF5FEAC17115D1029830
:10665000817A090608D4D0E900010222CB684BF602
:10666000F731C0F2040107E0D0E900010122CB6854
:106670004DF24811C0F20401984700F0010004B047
:10668000B0BDF0B503AF2DE9000F87B004684BF63D
:1066900051400D46C0F20400B4F57A7F38D349F278
:1066A0007F68A7F1260E002342F2107941F27B4A5F
:1066B0004FF0640BC0F298082146039502940A46F5
:1066C00041F25971CDF2B7110EEB0304A2FB011692
:1066D000043B42454FEA563101FB19261FFA86FC5E
:1066E0004FEA9C0505FB0AF54FEA554505FB1B667D
:1066F00030F81550E580B6B230F816602681DED845
:10670000DDE902450A33092906D80A46ACB915E085
:106710000A2321460929F8D98AB241F27B46920818
:10672000023B72436426520C02FB1611A7F12606A7
:1067300089B230F81110F15204B132B100EB4200CD
:10674000013BA7F126014078C854A7F12601C3F107
:106750000A0019440122CDE9001028460121002336
:10676000FFF794F907B0BDE8000FF0BD80B56F46A4
:1067700082B0D7F808C0CDF800C000F000F880B5AE
:106780006F468EB09446BA688C45CDE902C3049139
:1067900000F22A818B423AD89C4500F23681BCF146
:1067A000000F06D08C4504D210F90CE01EF1410F09
:1067B0003EDD63B38B422AD210F903C01CF1410FB6
:1067C00025DCA3F1010C10F90CE01EF1410F08DCEF
:1067D000A3F1020C10F90CE01EF1410FD8BFA3F198
:1067E000030C994200F0F98010F903E01EF1410F0B
:1067F00003DC01338B42F4D30B469C45CDE905C342
:1068000098BF8B423CD900926246FFF7AFFF46F239
:10681000836004A9C0F202000A910B9008A90990B4
:1068200003A8089045F2C520C0F20400FEF776FEEA
:10683000ACF1010E10F90E3013F1410F08DCACF190
:10684000020E10F90E3013F1410FD8BFACF1030E58
:10685000614500F0C28010F90C3013F1410F04DCE7
:106860000CF1010C8C45F3D38C46E645CDE905ECE3
:1068700098BF8C4537D9009272466346FFF776FF82
:106880008C450ED0BCF1000F04D010F90CE01EF1C5
:10689000410FB8DD8B4204D010F903E01EF1410F27
:1068A000B1DD9C4532D000EB0C0191F90030B3F121
:1068B000FF3FD8B255DC4B7800F01F0CE02803F006
:1068C0003F0E46D38B78F02803F03F0343EA8E1344
:1068D00045D3C8780CF0070100F03F0040EA831070
:1068E00040EA81403DE08E450ED0BEF1000F04D05D
:1068F00010F90E3013F1410FBDDD8C4504D010F9B5
:106900000C3013F1410FB6DDE64502D1104600F020
:106910004FF900EB0E0191F90030B3F1FF3FD8B20F
:106920003EDC4B7800F01F0CE02803F03F0E13D341
:106930008B78F02803F03F0343EA8E132ED3C878F8
:106940000CF0070100F03F0040EA831040EA81406C
:1069500026E04EEA8C1004E04EEA8C1020E043EA78
:106960000C30079046F68F20C0F2020008A90D9067
:1069700005A80C9046F62D20C0F202000B9007A847
:106980000A9046F28360C0F20200099003A80890C2
:1069900043F68D30C0F20400FEF7C0FD43EA0C3030
:1069A000079046F68F20C0F2020008A90D9005A8B6
:1069B0000C9046F62D20C0F202000B9007A80A901A
:1069C00046F28360C0F20200099002A8089043F6E4
:1069D0003B30C0F20400FEF7A1FD4BF6144208461E
:1069E000C0F20402FFF794FC46F2836004A9C0F2EF
:1069F0000200CDE9090108A90B9002A8089044F60D
:106A0000FE30C0F20400FEF789FD46F2836003A960
:106A1000C0F20200CDE9090108A90B9002A8089074
:106A200043F6C370C0F20400FEF778FDF0B503AF83
:106A30004DF8048D84B0D1E900460546D6F81080A3
:106A400027212046C04708B101201CE029686D4677
:106A5000284640F20112FFF70DF99DF80D0081283C
:106A600005D300992046C0470028EDD108E09DF8E5
:106A70000C20F368A918821A204698470028E3D111
:106A800020462721C04704B05DF8048BF0BDF0B567
:106A900003AF4DF804BD84B0054688680C468101FB
:106AA00007D4400116D428462146FFF7EAFD98B3E3
:106AB0003CE029684AF2284202A80726C0F20402F4
:106AC000334601F00F060909965DC654A3F101068D
:106AD000F6D10FE029684AF2B83202A80726C0F2C0
:106AE0000402334601F00F060909965DC654A3F16E
:106AF0000106F6D1591C4BF69A72C1F109011844EE
:106B0000C0F204020223CDE9000120460121012642
:106B1000FEF7BCFF002846D1D4E900010222CB6871
:106B20004BF69871C0F20401984708B101263AE08B
:106B3000A168281D8A0105D4490114D42146FFF714
:106B4000A0FD2FE001684AF2284202A80726C0F201
:106B50000402334601F00F060909965DC654A3F1FD
:106B60000106F6D10FE001684AF2B83202A8072602
:106B7000C0F20402334601F00F060909965DC654BF
:106B8000A3F10106F6D1591C4BF69A72C1F1090125
:106B90001844C0F204020223CDE90001204601217D
:106BA000FEF774FF0646304604B05DF804BBF0BD46
:106BB00080B56F4602464BF62440C0F204002B21FC
:106BC000FFF79FFB80B56F4684B0024646F6E9307A
:106BD000C0F2020001A90290781E019044F2C01098
:106BE000C0F20400FEF79AFC80B56F4608464BF6EB
:106BF000D071C0F204011822BDE88040FEF720BD2C
:106C000080B56F4684B0024646F62540C0F20200C9
:106C100001A90290781E019044F2C010C0F2040055
:106C2000FEF77CFC80B56F4608464BF25601C0F279
:106C300004012022BDE88040FEF702BD80B56F460A
:106C400084B0CDE9000145F2E540C0F2020002A99E
:106C500003906846029044F2C010C0F20400FEF7B0
:106C60005DFC80B56F4688B08DE80F0002A843F246
:106C70007E7CD7F808E045F20D54069045F2E540D9
:106C8000C0F20200C0F2040C0590684604A9C0F2EC
:106C900002040490604672460794FEF73FFC80B5FC
:106CA0006F4684B04AF228430DF1080E8C46072245
:106CB000C0F20403114600F00F0200099A5C0EF8BE
:106CC0000120A1F10102F5D1481C4BF69A72C0F1E6
:106CD00009007144C0F204020223CDE900106046AD
:106CE0000121FEF7D3FE04B080BD80B56F46024699
:106CF0004BF61950C0F204003321FEF70FFC80B5AB
:106D00006F4602464BF63250C0F204007321FEF784
:106D100005FC80B56F4602464BF66B50C0F204008E
:106D20003F21FEF7FBFB80B56F4602464BF68A50CB
:106D3000C0F204006121FEF7F1FB80B56F46024608
:106D40004BF6BA50C0F204004721FEF7E7FB80B5CE
:106D50006F4686B0CDE9001046F2836001A9C0F20B
:106D600002000590CDE903016846029043F6EA70FF
:106D700002A9C0F20400FEF7D1FB80B56F4684B0D3
:106D800003784BF6514CC0F2040C0A2B0DD329208A
:106D90005843020B642002FB1030C0B23CF81000D4
:106DA00027F8020C01201BB903E003201A4603B1A7
:106DB0003AB102F07F020138FB1E0CEB420252781E
:106DC0001A54C0F10302FB1E18440023CDE900024F
:106DD000084601210122FEF759FE04B080BD80B5AE
:106DE0006F4684B04AF2B833A7F1020EC2B28C46A5
:106DF0000120C0F20403014602F00F001209185CE2
:106E00000EF80100A1F10100F5D1481C4BF69A7271
:106E1000C0F103007144C0F204020223CDE9001066
:106E200060460121FEF732FE04B080BD80B56F469A
:106E300084B04AF22843A7F1020EC2B28C46012068
:106E4000C0F20403014602F00F001209185C0EF8AC
:106E50000100A1F10100F5D1481C4BF69A72C0F176
:106E600003007144C0F204020223CDE90010604621
:106E70000121FEF70BFE04B080BD80B56F4684B0E3
:106E80004AF2B8330DF1080E8C460722C0F2040313
:106E9000114600F00F0200099A5C0EF80120A1F1E2
:106EA0000102F5D1481C4BF69A72C0F109007144F9
:106EB000C0F204020223CDE9001060460121FEF772
:106EC000E5FD04B080BD80B56F46FEE780B56F4636
:106ED00080BDE0B502AF27F8020CB81E022100F019
:106EE000AFF98CBDB0B502AF07F02FF928462146A7
:106EF000BDE8B04000F0A4B9D0B502AF04460448E4
:106F0000FFF7E7FF2046BDE8D04000F09FB800BF84
:106F10000C000000D0B502AF044600F047F920464F
:106F2000FFF7D7FFBDE8D04000F08CBED0B502AF70
:106F3000044600F03BF92046FFF7CBFF00F082FE4D
:106F4000BDE8D04000F04EB9E0B502AF07F8010C43
:106F5000781E012100F074F98CBDD4D4FEB506AFC3
:106F6000CDE901010748049001A807490390781E64
:106F700003AA00F015F80548012100F061F906B0F8
:106F800080BD00BF916F0200C0410400E8BF040053
:106F900080B56F46D0E90002D268BDE88040104756
:106FA00080B56F4613460A460249BDE88040FEF7A9
:106FB000C3BA00BFECBF040080B56F460846114657
:106FC00000F03EF9002080BDBCB504AF0020802950
:106FD000019003D28DF8041001212FE01A4B0A46CC
:106FE000880963F39F12B1F5006F07D240F0C0002B
:106FF0008DF805208DF8040002211FE063F39F1037
:107000000C0B0025B5EB114F09D18DF8050044F0AC
:10701000E0008DF8062003218DF804000EE06FF0EB
:107020000F0545EA91418DF80410042163F39F1484
:107030008DF807208DF806008DF8054001A800F0B6
:10704000FFF80020BCBD00BFFEFFFF03E0B502AFAC
:10705000019001A8042100F0F3F88CBDE0B502AF67
:10706000CDE900016846082100F0EAF88CBDF8B5CA
:1070700004AF8DE80F006846102100F0E1F88FBDE5
:1070800080B56F4602480E21024AFFF73AF900BF69
:1070900004C0040014C00400F0B503AF4DF804BDF3
:1070A000104D04461049114EE86A00F00300022812
:1070B00008BF0E460021C8070CD105F11800214673
:1070C0000122B04700210028F5D0012804D1013465
:1070D0000121F0E706F06BBB054B01210122FFF710
:1070E000D1F800BFE8690320F570020025710200A5
:1070F00080C00400F0B503AF4DF804BD82B072B19A
:107100000569C368DE43EC1A04F2FF3488BFAC198A
:10711000BFF35F8F1CB1009400F00FF800E0002077
:1071200006F057B9DCB504AFC3684FF48064BFF311
:107130005F8F009400F001F8DCBDF0B503AF2DE9DE
:10714000000B8146B86814468846904238BF044612
:10715000E518B5F5806F0ED9D9F80400C3F580663F
:107160004146184432461CF043F8D9F8040008EBB5
:107170000601A21B04E0D9F8040041462246184447
:107180001CF036F8BFF35F8F6FF39F25C9F80C50E2
:107190002046BDE8000BF0BDE0B502AF06F083FB72
:1071A0008CBDE0B502AF06F07EFB8CBDE0B502AF52
:1071B00001F028FB0849CA784AB90122CA7008714F
:1071C000487918B900204A7106F06DFB8CBD034860
:1071D0003D21034AFEF7A2F998E6032024C00400EB
:1071E00044C00400B0B502AF124CE078E0B1A07921
:1071F00078B1072808D24FF0FF3101FA00F0E179A9
:10720000084300F07F0002E0793060F07F00FFF774
:10721000C8FF00200025FFF7C4FFE5802079E57056
:10722000BDE8B04001F024BB03483921034AFEF712
:1072300075F900BF98E6032054C0040070C0040034
:10724000F0B503AF2DE9800FDFF88C9000EB010B58
:1072500004464FF0010899F8066099F807A05C45CC
:1072600037D0651C14F8010BF1B207290BD378B1A4
:10727000FFF792FF013689F80660F0B28628EED15A
:10728000FF202C4608E078B1FFF786FF504612E059
:1072900006F1790060F07F00FFF77EFF4FF0000AF3
:1072A0000026A9F806A0DAE708FA01F040EA0A0089
:1072B00089F80700824601362C46F1B289F806604B
:1072C0000729CCD107264FF0000A2C460106C6D06C
:1072D000E2E706F074BC00BF98E6032080B56F4675
:1072E0000268CA61134650E8002F9A420AD1BFF3E0
:1072F0005F8F40E800133BB90123002BBFF35F8F82
:10730000EFD003E0BFF32F8F0023F6E7B2FA82F04D
:10731000400980BD80B56F460862FFF7DFFF00B10E
:1073200040BF80BD80B56F460146014880BD00BFAB
:1073300090C00400D0B502AF014619300123BFF35D
:107340005F8FD0E84F2FC0E8443F002CF9D1BFF346
:107350005F8F02B1D0BD086AFFF7C0FF0028F9D0E7
:1073600040BFD0BD80B56F4680BDD4D480B56F46D8
:10737000D1E900016822CB680149BDE88040184787
:10738000A0C004000168064A914204BF40687047EB
:1073900080B56F460348FFF7C9FDFFF771FE00BFD8
:1073A00090C004009A00000080B56F468A680068AB
:1073B000930105D4520108D4BDE88040FFF7DDBC3D
:1073C0000078BDE88040FFF731BD0078BDE880401F
:1073D000FFF705BDF0B503AF2DE9800F2C4C00265B
:1073E0002C4D4FF00108082E0CD055F8260030B176
:1073F00008FA06F0C5F80802204600F0E5FA013662
:107400000834F0E7E86FB8B34FF0000A0126C5F87A
:107410007CA00021244DBAF1080F2DD01E484FEA60
:107420004118013150F80A400AF1040AD4F82095B5
:107430000091CB46BBF1000F1AD09BFAABF0B0FA2B
:1074400080F120291AD204EB8100D0F8002722F421
:107450004032C0F8002741EA0800302813D205EB7B
:10746000C00006FA01F12BEA010B00F0ADFAE1E7EA
:10747000C4F820950099CEE706F0A1BB07481D216E
:10748000074AFEF73EFF074A3021FEF741FF00BFE3
:1074900088D903200061004008A5040018C1040039
:1074A00068C1040088C1040008D80320F0B503AF08
:1074B0004DF804BD1E4D2868012803D10020286026
:1074C00000F03EF8A86C012803D10020A86400F069
:1074D00037F8E86B012828D10020E86301F092F921
:1074E00004464FF48030C5F804024FF0FF30114DD0
:1074F000124EC5E90000104800F044F800F050F8C2
:10750000024605F10C000B4600F0ACFBAA68013204
:10751000AA6000F059F800283046EDD020465DF80A
:1075200004BBBDE8F04001F0A3B906F040B900BFCC
:1075300004110140186A032038C1040048C1040046
:10754000D0B502AF01F05EF90C494FF440040A696E
:1075500001320A61530A14EBC252D1E9001443F11B
:107560000003891A74EB03013EBF05494FF48032D2
:107570000A60BDE8D04001F07BB900BF186A032063
:107580000413014005498A681AB94FF0FF3088603A
:10759000704780B56F46FFF715FB00BF186A0320E0
:1075A00080B56F460648074A0069126800F001017D
:1075B00082EAC151420A11EBC05042F1000180BD84
:1075C000186A032004150140F0B503AF2DE9800FC0
:1075D000DFF88C808A46234C83464FF48039C8E913
:1075E00000BAFFF7DDFFB0EB0B024FF0000671EBC6
:1075F0000A0238BF012624D2C21C41F100032546ED
:10760000BBEB02047AEB030328BF5A46BBEB000036
:107610006AEB0101B0F540002C4622F07F4271F187
:107620000000C5F83C2214D2C4F80090FFF7B8FF60
:10763000023041F10001BBEB00007AEB0100D0D336
:107640000AE04FF4803060604FF0FF30C8E900007E
:1076500002E04FF480306060304606F002BF00BFA9
:10766000186A03200413014080B56F464FF0FF32C3
:10767000BDE8804000F000B8B0B502AF046802EA8F
:10768000010304EA02059D4201D10120B0BDE4439B
:107690001C421BD10E4C0125EFF3108372B6C4F8C7
:1076A00004512568ED07FCD061EA02010160BFF3D7
:1076B0004F8F2068C007FCD00020C4F80401206868
:1076C000C007FCD0002083F31088B0BD0220B0BDFD
:1076D00000E4014080B56F460648BFF34F8F064A6D
:1076E000016801F4E06111430160BFF34F8F00BFF7
:1076F000FDE700BF0CED00E00400FA0580B56F4621
:10770000C068D0F8C404810744BF052080BD41078C
:1077100044BF062080BDC0074FF0070008BF4FF0F0
:10772000FF3080BDF0B503AF4DF804BD82B0144604
:107730000A4605465CB1B2F1005F03D3A018B0F170
:10774000405F0FD3A868844203D9042014E00024CA
:107750000CE06E682146094823460090304601F04F
:1077600073F932460020B0EB144F05D1E868C0F839
:107770004425C0F84845FF2005F02BBE58C1040041
:1077800080B56F460849007801F5407120283CBF5C
:1077900040F21051C5F20001096800F01F0021FA03
:1077A00000F000F0010080BD1005005080B56F466C
:1077B0000078074906F060FC38BF4FF0A04141EA6D
:1077C0008000D0F8001721F44031C0F8001780BDC8
:1077D00000030050B0B502AFC4B22F2C17D8054635
:1077E0000E48D1E9001200EBC40000F00BF90C4880
:1077F00005F01F01202C38BF4FF0A04040EA810067
:10780000D0F8000710F4403018BF0120B0BD024A84
:1078100020463021FEF77CFD98C2040008D80320E2
:1078200000030050D0B502AF82680021C2F80015F5
:107830002349037B012B0DD14FF000430C46C2F8C6
:107840006035437B202B03F01F0338BF4FF0A0446B
:1078500006F0CAF9837B012B0DD14FF000430C4693
:10786000C2F86435C37B202B03F01F0338BF4FF0F1
:10787000A04406F0B9F9037C012B0DD14FF0004371
:107880000C46C2F86835437C202B03F01F0338BF39
:107890004FF0A04406F0A8F9837C012B0ED14FF0E5
:1078A0000043C2F86C35C07C06F0E6FB38BF4FF0F1
:1078B000A04101EB80000221C0F80017D0BD00BF3D
:1078C0000003005080B56F46FFF75AFF80F00100BB
:1078D00080BDD4D4F0B503AF2DE9000B1646894620
:1078E000044600F08FFF80461F48FFF74BFE3046EE
:1078F000FFF748FD0546806840B1D5E90001001B4F
:1079000071EB090025D3C5E9004914E01748C5E922
:107910000049D0F80C90C560D6E900100968884786
:107920000E46A968044611B1E868C968884705F1A0
:10793000080080E850020D4800F10C04FFF730FE0B
:10794000024620460B4600F08DF9FFF73DFE002869
:10795000F4D006488168013181604046BDE8000BE3
:10796000BDE8F04000F084BF08C10400186A03209D
:1079700080B56F460146D0E9002000230B601AB1A4
:107980005168BDE88040084780BDF0B503AF4DF8B1
:1079900004BD0668044686B16568954208BF8E42FC
:1079A00010D0096810468847C4E90001284671686C
:1079B0005DF804BBBDE8F0400847096810468847F9
:1079C000C4E9000105F0F3BEF0B503AF4DF8048D36
:1079D000054600F017FFD5E90046804600202860E4
:1079E0004CB1A16830468847D5E90010C5E900468A
:1079F00009B1C968884740465DF8048BBDE8F0408E
:107A000000F036BFF0B503AF2DE9000714468A46F3
:107A1000064600F0F7FED6E90059804600203060A7
:107A20001DB1A14508BF554510D0DAF80010204619
:107A300088470246D6E90030C6E900210BB1D96873
:107A4000884725B1E9684846884700E035604046E8
:107A5000BDE80007BDE8F04000F00ABF80B56F4602
:107A60008A68930105D4520108D4BDE88040FFF72D
:107A700084B90078BDE88040FFF7D8B90078BDE848
:107A80008040FFF7ACB9D4D480B56F460248BDE85A
:107A90008040FFF71EBA00BF01000000D0B502AF62
:107AA000841A71EB030402D3801A9941D0BD0448B3
:107AB000FFF730FAFFF7E8FFFFF794FBFFF7E0FA74
:107AC000A3000000B0B502AF0C460546FFF768FD05
:107AD0002A462346BDE8B040FFF7E0BFF0B503AF4C
:107AE0004DF804BD1C4615460646FFF759FD2A46CB
:107AF000234600F007F8C6E90001002030725DF867
:107B000004BBF0BDD0B502AF00248018594144F148
:107B10000002012A18BFD0BD02482821024AFFF7FF
:107B20008DF800BFA8C20400D0C20400F0B503AFB6
:107B30002DE9000F89B00D460646D2E90001144632
:107B4000CB6801222C4998470DF114098246002088
:107B50004FEACA71002D42D011B14FF0010A3AE04C
:107B6000A17AC00709060DD438B1D4E90001022278
:107B7000CB68254998470028EFD130462146FFF7CA
:107B80006DFF27E0D4E9008B40B91C494046DBF883
:107B90000C3001224FF0010A9847E0B90120CDE9ED
:107BA000018B07F82D0CA7F12D00039014480690C7
:107BB00001A80590D4E90201CDE907013046494604
:107BC000FFF74CFF0028C8D1DDE905010222CB6890
:107BD0000C49984782460136013D0120B8E709B1BA
:107BE000012005E0D4E900010122CB68074998474C
:107BF00009B005F02BBE00BF26D10400F4D004006C
:107C0000FCBB0400F3BB0400ECBB040028D104005F
:107C1000B0B502AF0446007A0D4658B1FFF7C0FC7C
:107C200002460B46D4E90001121A73EB010203D39A
:107C30000020B0BDD4E900012A46FFF74BFE012029
:107C40002072B0BD80B56F46FFF7AAFC43F609521B
:107C500005F096FD400A40EAC150490ABDE880405F
:107C6000FFF7FCB9F0B503AF2DE9800F98469146B8
:107C700006464FF0000B4FF0FF344FF0FF35D6F8BB
:107C800000A0BAF1000F2CD0DAE90001B9EB000234
:107C900078EB01020FD24FF0FF3380EA03024B4032
:107CA0001A43031B71EB05033CBF0D4604464AB162
:107CB0000AF11006E3E7DAE90210CAF808B009B1E0
:107CC00049688847DAF810003060DAF80810CAF816
:107CD00010B019B1DAF80C00C9688847CAF808B0C2
:107CE000CDE720462946BDE8080FF0BDF0B503AF4B
:107CF0004DF8048D8E690D4604461EB1D5F80880F6
:107D0000B04506D20020C4E90050C4E90200206159
:107D100013E0D5E90401CB6811469847B8FBF6F2A9
:107D2000E969B0FBF2F3216103FB1200704301FB30
:107D300003FCC4E90050C4E902C605F0CDBDF0B5AE
:107D400003AF4DF804BDD1E90234B2F1FF3F0CDDC1
:107D500004EB42064FF0FF35A64203EB420238BF68
:107D60002E469A4228BF154609E04FF0000CACEBB6
:107D70004202A61A38BF66469D1A38BF654632468B
:107D8000C0E90256002E18BF0122B21A2646002C66
:107D900018BF0126A41BD1E90016002D06EB5404E0
:107DA000A4EB520242602A461C4618BF0122AA1ABE
:107DB000002B18BF01241B1B01EB5301A1EB520147
:107DC000016005F0F4BCF0B503AF2DE9000F8BB0F6
:107DD00081464FF0FF300DF1080B019105900BF13A
:107DE000200502900BF11804D9E900010DF1040AF5
:107DF0004FF000080890084409900BF10C00CDF8F2
:107E0000288000902046F6F76BFD18B1411C18D071
:107E100006460AE02046F6F763FD0646013010D01C
:107E20002046F6F75DFD411C0BD0CDE902605046BF
:107E300029465A468DF8108000F017F80131E1D03C
:107E400010E0002008904FF0FF30029005980130BC
:107E500006D001A8009A294600F007F8013101D1A7
:107E6000D9F808000BB005F0F1BCF0B503AF2DE96F
:107E700000078246107A10BB1446D2E90026B242AF
:107E80001DD888464DF2FF79B2420DD2551C50469E
:107E900041464A4508BF4FF46045256000F014F89C
:107EA0004A1C2A46F0D00CE00120B242207206D1D2
:107EB00050464146324600F007F84A1C01D14FF0C7
:107EC000FF31BDE80007F0BDD0B502AF0368086818
:107ED000441C0C60934218BF4FF0FF331946D0BDCD
:107EE000B0B502AFCA68A2B18B6893B1D1E90014F2
:107EF0006FF00045AA4228BF2A4682FA84F2AB42BC
:107F000038BF1D4685FA81F380E81A00C0E90321D5
:107F1000B0BD14211AF09BFFB0BDD4D4B0B502AFF0
:107F200006F013F90548FEF7D4FF2CB115F8010B44
:107F3000FFF70AF8013CF8E7B0BD00BF15000000EC
:107F4000B0B502AF0546044805F0D5FF28462146E6
:107F5000BDE8B040FFF7E2BF0D000000F0B503AF91
:107F60002DE9000F8BB0D1E900562221D6F81090F0
:107F7000D0E900842846C847002840F0E180002C62
:107F800000F0B2800022002321460595CDE901963C
:107F90000394CDF8108008EB0106002018F800507B
:107FA000A5F17F0414F15F0F07D3222D18BF5C2DBC
:107FB00003D001308142F1D199E008EB000106962F
:107FC0001646884618F9012BD4B2B2F1FF3F22DCE5
:107FD0004D7804F01F0CE02C05F03F0512D38A7891
:107FE000F02C02F03F0242EA851510D3CA780CF05B
:107FF000070401F1040802F03F0242EA851242EA56
:10800000844408E045EA8C1401F1020803E045EAE3
:108010000C3401F10308C51807A821464FF00112DE
:10802000FDF728FE9DF828A09DF829B0ABEB0A09C2
:108030005FFA89F0012802D10699324640E003999F
:108040003246B542C0F084808D4200F281808A427F
:108050000CD022B10498805610F1410F78DD8D428A
:1080600004D00498405710F1410F71DD0498811835
:108070000298AA1AC6680598B047002860D1BBF1DB
:10808000810F04D307990598019A904705E007A846
:108090004A4600EB0A010598B047002850D1802CD1
:1080A00002D2012006990AE00699B4F5006F01D2C8
:1080B000022004E00420B4F5803F38BF03204219B9
:1080C000802C01D2012009E0B4F5006F01D202201A
:1080D00004E00420B4F5803F38BF03204319B1EB1E
:1080E00008017FF458AF03E00022002321E00B4495
:1080F000059D9A42DDE90196DDE9031898BF8B42A0
:1081000004D9174800904046FEF730FB8A4201D15F
:108110000A460EE022B118F9020010F1410FF0DD1D
:108120008B4201D10B4604E018F9030010F1410F16
:10813000E7DD08EB02019A1AF3682846984718B160
:1081400001200BB005F082BB28462221C847F8E782
:1081500002482B4600900498FEF708FBB0BF0400CD
:10816000C0BF04000548016919B94FF0FF31016132
:10817000704780B56F460248FEF724FD2C8A032025
:10818000E0C20400B0B502AF04464348FEF7A1FECA
:1081900004F13C00192814D904F181000E2821D9DA
:1081A00004F10E010D2900F229803C48DFE801F0BE
:1081B000076367313131313131613131656C4F489D
:1081C00062E0DFE800F00D26264C4E2646262644C7
:1081D0004A265052263E4854403C26262626264211
:1081E000374851E0DFE800F008232529211515154F
:1081F0001515151515152700294845E014F17000CF
:1082000041D014F169003CD014F1160001D13A4874
:108210003AE03F483F4DA8471F48A8473E48A84777
:108220002046FEF713FF00202EE021482CE01D48D9
:108230002AE01D4828E01F4826E01C4824E02C487E
:1082400022E0274820E029481EE02A481CE0204878
:108250001AE01E4818E0234816E01E4814E01948AA
:1082600012E0194810E01C480EE01C480CE01E48C3
:108270000AE0254808E0224806E0244804E02148B6
:1082800002E00E4800E00C48FEF723FE0020BDE8A7
:10829000B040FEF71EBE00BF14000000C801000081
:1082A000BD010000BE010000BC010000C3010000D0
:1082B000B4010000B8010000B7010000C1010000D6
:1082C000CC010000C6010000BB010000B5010000A8
:1082D000C0010000BF010000B1010000B2010000B8
:1082E000C7010000CB010000C9010000C50100006A
:1082F000CA010000B3010000B9010000B60100008E
:10830000B0010000C4010000BA010000C201000079
:10831000CD010000D36E02005F01000080B56F4602
:108320000C4600F011F8054606480E46FEF7F2FD31
:10833000711E2846FCF74EFD05F0E7FDFEF752FFE3
:10834000FEF79EFEA4000000D0B502AF04461AF06E
:10835000ABF8411C2046D0BDF0B503AF2DE9800F2E
:1083600000240A2900F2E8800546774ADFE801F098
:1083700039E4E4E4E40606E4E481E7004FF48078BD
:108380009146C2F88080BFF34F8FBFF36F8FFFF726
:10839000E9FE6E4E6E4806F138017064306986F869
:1083A0003D40013030612846C9F8008017F048FD93
:1083B000002840F1C18005466648FEF7ABFD28461F
:1083C000FFF7E0FEFEF70EFFC9F88080BFF34F8F86
:1083D000BFF36F8FFFF7C6FEC6E9094506F130000F
:1083E00055E04FF48070C2F88000BFF34F8FBFF3A9
:1083F0006F8FFFF7B7FE554C58486169002972D05E
:10840000D4F82CB0012945D1A269216A00918A4291
:1084100069D255494FF0020EE3694FF00A08514EF8
:108420004FF0000942F210758C464FF0010AC0F877
:1084300000E0C0F818808159C907FCD04261815919
:10844000C907FCD02B44C0F80090E361634507D313
:1084500002F58052009900238A42C4E9062342D2E1
:108460003F49C1F800A0D1F8001529445945DED391
:108470004BE04FF480709146C2F88000BFF34F8FFD
:10848000BFF36F8FFFF76EFE304844613030FFF767
:108490006FFA49E0D4E906EC0026D4F82080B8F160
:1084A000000F16D02E4901222E4B0260C558ED0751
:1084B000FCD05CF826504EF82650C558ED07FCD08D
:1084C0000A600136D1F8005529355D4538BF46456B
:1084D000EBD30CEB8603B8EB06010EEB86022162B0
:1084E000C4E9062311D1002101601E494258D20778
:1084F000FCD0022004F8480F4FF0FF3044F8240C61
:10850000A4F11800FFF734FA0CE0032004F8480F38
:1085100047F2305044F8040C012004F80B0CA4F18D
:108520001000606008488146084801690131016116
:108530004FF48070C9F80000204605F092BF06484D
:10854000FEF7F4FCFEF79CFD00E100E02C8A03201E
:10855000FF3F420F57000000A500000004E5014066
:1085600040800040FCFEFFFF094C0100DCB504AF79
:108570000246D1E900011268136803F13C04192C8A
:1085800014D903F181040E2C22D903F10E040D2C11
:1085900000F22B80DFE804F0077A7D343434343481
:1085A000348534347781CB685C4974E0DFE804F0CB
:1085B0000D2828585C284F28284B55285F632842EF
:1085C0005267453F282828282848CB68444972E04C
:1085D000DFE804F00821242A1E16161616161616B1
:1085E00016162700CB68364947E013F1700460D0B7
:1085F00013F1690459D0163302D1CB6846494AE0D9
:108600004C4BCDE900236B464B4AFCF795FFDCBD94
:10861000CB682F494FE0CB682A4916E0CB682A493E
:1086200013E0CB682B4910E0CB68284933E0CB68D6
:1086300037491EE0CB6832491BE0CB68334904E080
:10864000CB68344927E0CB6829490B2234E0CB685A
:1086500026490EE0CB682B4913E0CB68254901E0A1
:10866000CB682049082227E0CB681F491FE0CB6870
:1086700021490A2220E0CB6820490C221CE0CB686B
:1086800021490F2218E0CB68284904E0CB6824492F
:1086900001E0CB68234906220EE0CB68052224497D
:1086A0000AE0CB680322204906E0CB680B49072289
:1086B00002E0CB680849092202B0BDE8D040184763
:1086C000E4C30400D9C30400CEC30400C8C304003B
:1086D000BFC30400B4C30400ABC30400A4C30400BC
:1086E0009BC3040040A5040094C304008AC3040093
:1086F0007FC3040000A5040075C3040069C304001F
:108700005FC3040050C3040041C3040036C3040027
:108710002CC3040026C3040020C304001AC30400B1
:1087200014C304000EC304000BC3040005C30400FB
:1087300000C304003D8702001C4E0400F0B503AFE7
:108740002DE9FE0FD0F800E0A7F126080D46BEF196
:10875000000F704648BF4042B0F57A7F22D32849C7
:108760000024DFF898B042F210794FF0640A0395C4
:108770008C460346B0FBF9F000FB193508EB040109
:10878000043CAEB2B6FBFAF63BF81620CA8006FBF4
:108790001A5292B23BF812200A816345E9D8039D30
:1087A0000A3400E00A2409280DD981B26423B1FB00
:1087B000F3F2124902FB1300023C80B231F81000C0
:1087C00028F8040000E0024632B10C48013C00EBFE
:1087D0004200407808F80400C4F10A0008EB0401E4
:1087E00001220023CDE900106FEA0E00C10F2846D8
:1087F000FDF74CF907B0BDE8000FF0BD51BC040017
:108800007F969800F0B503AF4DF804BD154B587A2C
:10881000BFF35F8F08BBEFF310810122002472B613
:108820005A72114A022C06D052F8245003EB8406E7
:108830000134B564F6E70D4C0023022B06D054F842
:108840002350ED4342F823500133F6E7BFF34F8F37
:10885000BFF36F8FC90700D162B6002818BF01208F
:1088600004F0A8BF98E6032080E100E018A504000A
:10887000F0B503AF4DF804BDB8B90D49EFF3108062
:1088800000220C4B72B60C4C4A72022A0AD001EB41
:10889000820653F82250B66C26EA050544F82250A9
:1088A0000132F2E7C00700D162B604F080BF00BF1A
:1088B00098E6032018A5040000E100E080B56F46AB
:1088C0000A460146002006F07DF800EAE07080BD0F
:1088D00080B56F460C46FFF737FD054606480E4645
:1088E000FEF718FB711E2846FCF774FA05F00DFB25
:1088F000FEF778FCFEF7C4FBA9000000026872B91D
:108900000279022A02D10171002104E0514011F0E4
:10891000010118BF0C21002202600846704780B593
:108920006F460148FEF74EF900C4040080B56F465B
:108930000248BDE88040FFF747B800BFD0D9032008
:1089400080B56F4601F12002BDE8804018F07ABB87
:10895000F0B503AF2DE9FF0BD1E900540C220068FC
:108960001749D4F80C90D0E900862846C847E0B9EA
:10897000D6E90001CDE9000106F10C011148CDE96D
:1089800005012146079006F1080004900E48039067
:1089900068460E4A029002AB2846FCF7CDFD20B98E
:1089A0000B4928460222C84718B1012008B005F03B
:1089B00057BBD8E9002328462146FCF7BDFDF5E763
:1089C0009CBF040083660200E554020000530400CB
:1089D000A8BF0400FEB506AF134972B60A78DAB92B
:1089E00001220A7000901148FEF794FA1048FEF731
:1089F00070FA10480290684601900F48049001A850
:108A00000E490390781E03AAFEF7CAFA0C4801210A
:108A1000FEF716FCFEF7E6FB0A48016821F4802108
:108A2000016000DEFEDE00BFD8D90320B0000000E8
:108A30000700000020C40400916F0200C041040040
:108A4000E8BF040024ED00E0D0B502AF0C46994227
:108A500001BF11462246BDE8D0401AF0C9BBBA6832
:108A600020461946FEF773F9F0B503AF4DF804BD83
:108A700082B01C46B4EB810F034628BF8C00E01C7B
:108A80008508B1EB900F11D300F47F76B44212D871
:108A90000C482146009010461A462346FFF7D4FFA3
:108AA0002846214602B05DF804BBF0BD074B0E46D8
:108AB0000020294602E0044B002021463246FDF703
:108AC000E1FB00BF50C4040040C4040030C40400F3
:108AD000F0B503AF2DE9FE0F4FF0000A044680F811
:108AE0001AA042F60300A4F81B00881C0D4601F0F2
:108AF000E5FC0DF10409804609F101000E46132141
:108B00001AF034FA184B0121E87C03228DF8040096
:108B1000484603F03BFA2A88022327F81E2C4FF020
:108B2000020B124A0092A7F11E02FFF78DFFF51CFF
:108B30000F4B484603212A4603F028FA0D4A3346D4
:108B400004F058FDE01C494614221AF051FB4FF482
:108B5000407084F817A0A570657084F800B0208379
:108B600007B0BDE8000FF0BD30DD040040DD0400BB
:108B700050DD040060DD0400F0B503AF2DE900070F
:108B800098B007AD8146112204F0F2FD284601F0AD
:108B900095FC0DF1300805468A46142140461AF02E
:108BA00056F91B4B50464146142202F0D9FE194A91
:108BB000534605F0B7F9424602A992E8790014221B
:108BC0008C468CE8790002208DF8340008F107000B
:108BD0008DF836A08DF835A0CDF830901AF008FB4E
:108BE0004FF42050ADF84F004FF44030CDF84B001B
:108BF000484600F0FFF80D4608F1040100F006F9C0
:108C0000014604F06FFE484618B0BDE80007F0BD0D
:108C1000F8DC040008DD0400F0B503AF2DE9000F17
:108C20009DB005460846CDE900328A4600F0E2F8DC
:108C300004468B46008802214FF000088DF81B1077
:108C40004FF4285100F10209ADF80B108DF80A809D
:108C5000ADF80890ADF863108DF8628007AE02A9F8
:108C60003046FFF735FF2046314600F0CFF84FF48D
:108C700040708DF84880ADF860000098149001981D
:108C8000139012A9204600F0C1F84FF4285085F83F
:108C90000C8005F0DEFADBF80000A5F80A90013040
:108CA000A5F80890A5F80480C5F800A0CBF800004E
:108CB0001DB0BDE8000FF0BDF0B503AF2DE9000F0A
:108CC0009DB0054608460192894600F093F8044697
:108CD0008A46008802214FF0000B8DF81B1042F6E7
:108CE000012100F10208ADF80B108DF80AB0ADF8C3
:108CF0000880ADF863108DF862B007AE02A9304667
:108D0000FFF7E6FE2046314600F080F84FF4407051
:108D10008DF848B0ADF860000220149001981390CF
:108D200012A9204600F072F842F6012085F80CB036
:108D300005F08FFADAF80000A5F80A800130A5F8EE
:108D40000880A5F804B0C5F80090CAF800001DB06E
:108D5000BDE8000FF0BDD4D4F0B503AF2DE9000F8E
:108D60009BB005460846884600F044F8044689460C
:108D7000008802210DF1140B8DF8131042F6A62184
:108D8000002600F1020AADF80310ADF85B10694649
:108D900058468DF80260ADF800A08DF85A60FFF7D4
:108DA00097FE2046594600F031F84FF440708DF898
:108DB0004060ADF85800012012900D48119010A9A4
:108DC000204600F023F842F6A6202E7305F041FA63
:108DD000D9F80000A5F80AA00130A5F808A0AE80D7
:108DE000C5F80080C9F800001BB0BDE8000FF0BD59
:108DF000ECD104000146006808B905F074B980B5EB
:108E00006F460148FDF7DEFE80C40400F0B503AFF5
:108E10002DE9000B8CB005680E2D0AD804462C20D5
:108E200005FB00402C2204301AF0E2F9681C206097
:108E300004E091F81AE0BEF1FF0F03D1681C0CB0FA
:108E400005F00EB90B460DF10408B3E875021B31AD
:108E5000C446ACE8750211221888ACF8000008F18D
:108E60001B008DF81EE01AF0C3F904482B21009076
:108E700042460348034BFDF7F4FE00BF60C5040003
:108E80006AD30400F4C4040080B56F4600F006F80D
:108E900000680A68013A0A6080BDD4D401460068BF
:108EA0006FF0004290423FBF421C084604C070472A
:108EB00080B56F460148FDF7A3FE00BF70C40400F3
:108EC000D1E900239A4205D10B7ADB0702BF0221C8
:108ED00001707047D0B502AF04F073FCC0E90034F4
:108EE000501C821E18BF02460A60D0BDB0B502AF4A
:108EF00004F03BFB1DB104F08AFA013DFAE7B0BD76
:108F000004490A680AB904F02FBC80B56F46FDF722
:108F100059FE00BF30E0032004490A680AB904F092
:108F200023BC80B56F46FDF74DFE00BF28E103204E
:108F3000D0B502AF04F0DDFE02D10C7AE40708D010
:108F400005F050F8B2F10803846018BF13460B60B7
:108F500001230360D0BDB0B502AF04F006FB1DB124
:108F600004F055FA013DFAE7B0BDD4D404490A68CB
:108F70000AB904F0F9BB80B56F46FDF723FE00BFC8
:108F8000C0E10320D1E900239A4205D10B7ADB0727
:108F900002BF0221C1707047F0B503AF4DF804BDA8
:108FA00000230B72531C02EB82021C1F18BF1C46CD
:108FB0000C6001EB82010C3191E87C007CC05DF813
:108FC00004BBF0BDB0B502AF04F0CFFA1DB104F0A0
:108FD0001EFA013DFAE7B0BDB0B502AF04F0C5FA24
:108FE0001DB104F014FA013DFAE7B0BDB0B502AF0F
:108FF00004F0BBFA1DB104F00AFA013DFAE7B0BD76
:1090000004490A680AB904F0AFBB80B56F46FDF7A2
:10901000D9FD00BF80E40320D0B502AF04F069FEA3
:1090200002D10C7AE4070CD00B721346002A18BF49
:1090300001330B6001EBC20101230A69097B8260E5
:1090400001710360D0BDB0B502AF04F08EFA1DB15E
:1090500004F0DDF9013DFAE7B0BDD4D404490A6853
:109060000AB904F081BB80B56F46FDF7ABFD00BFC8
:1090700078E50320D1E900239A4205D10B7ADB077A
:1090800002BFFF2101707047D0B502AF04F099FB19
:10909000002AC0E9003418BF01320A60D0BDD4D420
:1090A000F0B503AF2DE9000FA7B00290180CADF892
:1090B00078300E468DF87A001CA800F10801B868D7
:1090C000934600224FF0000A032A04D08B5C013241
:1090D0004AEA030AF8E700F08BF807AD0446884631
:1090E000142104F0DDFE4048414600902846224607
:1090F0004346FFF7A9FC30460696FFF77BFE049136
:10910000064604881CAD05F11A00594611221AF0D2
:109110006FF80DF13009594609F102001122CDF81E
:1091200014B01AF065F80DF1440BA01C03904946E9
:10913000ADF8300058468DF843A0FFF7C9FC304623
:109140005946FFF763FE002400201AF04C0F08BFB9
:1091500003208DF889005FEA8A704FF0000058BF45
:1091600003208DF8880041F202108DF87280ADF86E
:109170007000E81C07A914221AF03AF801202946C9
:109180008DF887003046FFF741FE1AF0300F10D0FF
:1091900042F602108DF88A40ADF88B0013481C90FF
:1091A0003046ADF888401CA9FFF730FE0646012482
:1091B000FFE704991122029D04F0FFFA059905F1D9
:1091C0000C001AF015F80399002C85F81DA008462C
:1091D00018BF3046688106982981EE80AC802860EF
:1091E00027B0BDE8000FF0BD60C40400030002001A
:1091F000016812293CBF0430704780B56F46024BAE
:1092000000201122FDF73EF870C50400F0B503AF51
:109210004DF804BD82B0044600208DF806008AB2E5
:10922000ADF8040001A903280AD0451CD3090A544B
:1092300007D0D2B242F080020A5428461A46F2E71A
:10924000032504F07DFB01D9022006E001A9304688
:109250002A4619F0CDFF05F044F904F0BAB8D4D489
:10926000D0B502AF04460648FDF733FE0549E0B22B
:1092700051F820000078BDE8D040FDF765BE00BF82
:10928000CE01000090E40400F0B503AF2DE9800F9B
:1092900004461C481C4EB04794F87400FDF754FE79
:1092A00094F87500FDF750FEDFF860804046B04747
:1092B0001748B04704F1100001F0F2FF4046D4E92E
:1092C00000B5D4E9029AB0471248B047584629463B
:1092D0004A46534602F02EF80020B0470020B0471F
:1092E0004046B0470C48256BB04704F1340029468E
:1092F000FEF714FE00203146BDE8080FBDE8F0403F
:10930000084700BFD8010000D36E0200140000001F
:10931000270200002F020000DE010000F0B503AFBD
:109320004DF804BD82B006461D480068C00531D125
:109330001D481E49F5F7C0F90546007C0C4601287A
:1093400004D105F108016846FFF7BAFD686FE0B186
:10935000297C29B1F0B2022817D01548FDF728FC66
:10936000D5E9021205EBC203C3E90560501C821E59
:1093700018BF0246EA60914204BF0120287404F03D
:109380000AF805F12400FFF7B1FD04F07DFA02B000
:1093900004F00DBA0348FDF7C9FDFDF771FE00BFEB
:1093A00004ED00E0B1000000A8DF0320C0C4040009
:1093B00040C50400F0B503AF2DE9800F3C4C824658
:1093C0003C4A0028DFF8E480254618BF454610686F
:1093D000C0055DD1286800285FD14FF0FF302646D8
:1093E00028605FEACA7918BF4646307BC00709D0BB
:1093F0002046BAF1000F18BF40469346B830FEF73A
:10940000B7FA5A46002021467060BAF1000F18BF23
:1094100041460873886004F065FA1168C90537D1C0
:10942000D8BB4FF0FF30BAF1000F2860204618BFBC
:109430004046027B002142BB04F10D022346B9F1F4
:10944000000F1CBF08F10D024346D3F808C00CEB17
:109450008C0642F8161002EB4602118151600CF1A5
:109460000101B1F1100218BF0A469A605968914291
:1094700004BF01210173BAF1000F18BF444604F183
:10948000B000FEF775FA2868411C296004F097BB0C
:109490000948FDF74BFDFDF7F3FD0848FDF73AFDE0
:1094A00001F0CAF8FDF79EFEFDF7EAFD28DE032075
:1094B000E8DE032004ED00E0B1000000C70000007A
:1094C000B0B502AF0468A318042B04D90020042B04
:1094D00088BF0120B0BD0434002AF7D011F8015B29
:1094E000013A0555E51E05600134F5E7F8B504AF0E
:1094F00003900A4603A908230548CDE90031054930
:10950000054B029010460322FDF72EF804B080BDF3
:10951000ADD1020048C6040038A50400BCB504AFB4
:10952000044617480068C00524D11748FFF7E8FC37
:109530001648D0F8EC100C293FBF0268D0E902357C
:10954000C4E90035A0603FBF0131C0F8EC10511CE8
:10955000016038BFBCBD0168A7F109020E4B0131A3
:1095600001600020B52107F8090C0948009009485E
:10957000FDF777FB0348FDF7D9FCFDF781FD00BF40
:1095800004ED00E0B100000090C4040030E00320CE
:1095900038C6040080C50400D4C4040080B56F46FA
:1095A0000078074A074B002818BF13464FF01902EE
:1095B00018BF182204F006FBBDE88040604700BFDA
:1095C0002DC7040014C704000C490968C9050ED151
:1095D0000C49022281F85D0091F85C0081F85C2062
:1095E000012818BF7047D1E918104968084780B5AD
:1095F0006F460348FDF79AFCFDF742FD04ED00E0DD
:10960000B100000098E60320F0B503AF4DF8048DDB
:10961000804604F0B8FD00F5107090E87C1088E8F2
:109620007C1004F0C2FA5DF8048BF0BDD0B502AF37
:10963000034600686FF00044A0420FD2013018606A
:10964000D0B2814281BF4FF45E7110FB013008300F
:10965000194688BFD0BD044AFCF75AFE0148FDF701
:10966000CFFA00BF50C50400B0C40400F0B503AF8A
:109670004DF804BD82B0044616480068C00524D1E8
:10968000164D17492846F5F717F8026D062A03D933
:1096900000200023002503E0531C0365D0E90003EC
:1096A0000E6801360E60072A3FBF29C402B05DF87C
:1096B00004BBF0BD07F8110CA7F111020948BA214B
:1096C00000900948094BFDF7CCFA0348FDF72EFC42
:1096D000FDF7D6FC04ED00E0B1000000C8E5032072
:1096E00090C4040028CF04006CCE0400D4C404004D
:1096F000DCB504AF13490968C9051DD113490A68CF
:10970000BAB98A6E092A3FBF00230B60D1E902343F
:10971000C0E900343FBF8160501C8866DCBD00207A
:109720000E4B04F091FAB7210A4800900A48FDF761
:1097300098FA0748FDF746FA0348FDF7F7FBFDF7EF
:109740009FFC00BF04ED00E0B1000000F8E303203F
:1097500090C4040090C90400D8C80400D4C4040014
:10976000F0B503AF4DF804BD82B00446164800685A
:10977000C00524D1164D17492846F4F79DFF426FC6
:10978000062A03D900200023002503E0531C436769
:10979000D0E900030E6801360E60072A3FBF29C4D6
:1097A00002B05DF804BBF0BD07F8110CA7F111027F
:1097B0000948C32100900948094BFDF752FA0348B4
:1097C000FDF7B4FBFDF75CFC04ED00E0B100000028
:1097D000A8DF032090C404002CCB040068CA040056
:1097E000D4C40400DCB504AF13490968C9051DD110
:1097F00013490A68BAB90A6B022A3FBF00230B60FB
:10980000D1E90234C0E900343FBF8160501C0863D5
:10981000DCBD00200E4B04F017FABD210A48009071
:109820000A48FDF71EFA0748FDF7CCF90348FDF793
:109830007DFBFDF725FC00BF04ED00E0B10000005A
:1098400090E2032090C4040094CD0400D4CC040022
:10985000D4C40400DCB504AF13490968C9051DD19F
:1098600013490A68BAB9CA6C022A3FBF00230B60C9
:10987000D1E90234C0E900343FBF8160501CC864A4
:10988000DCBD00200E4B04F0DFF9BA210A4800903D
:109890000A48FDF7E6F90748FDF794F90348FDF794
:1098A00045FBFDF7EDFB00BF04ED00E0B10000005B
:1098B00040E6032090C4040000C8040045C704002B
:1098C000D4C40400D0B502AFD1E900329A4208D125
:1098D0000C7AE40705D104210022C0E9001281605E
:1098E0000FE00C3101EBC3049A42046005D9042156
:1098F000D21AC0E90121002203E0C3F10803C0E944
:109900000131C260D0BDD4D4F0B503AF4DF804BD71
:1099100082B00D460181090C817222480268D2058D
:109920003BD1224A958091710068C00535D120480D
:109930002049F4F7C1FE064690F860000C46012865
:1099400004D106F158016846FFF794FB306DF8B179
:1099500096F8601029B1E843000619D01648FDF7C3
:1099600027F9D6E91612002A06EBC20325F07F4537
:10997000C3E9195018BF0132F265914204BF0120BA
:1099800086F8600004F00EFB06F10800FFF7AEFA5F
:1099900003F07AFF02B003F00ABF0348FDF7C6FAEE
:1099A000FDF76EFB04ED00E0B10000002C8A0320FF
:1099B000C8E50320C0C4040040C5040080B56F465C
:1099C0000248FDF7B3FAFDF785FE00BF590000001D
:1099D000D0B502AF04460C480068C0050ED10C4853
:1099E000FFF73CFB0B48816C11B10121617003E072
:1099F000012160608164002103F050BF0348FDF73E
:109A000095FAFDF73DFB00BF04ED00E0B10000005A
:109A1000A0C4040078E50320D0B502AF04460D4889
:109A20000068C00511D10D48FFF76AFA0C48D0F85C
:109A3000F010042902D90121617004E00131C0F85D
:109A4000F0106060002103F029BF0348FDF76EFAB3
:109A5000FDF716FB04ED00E0B1000000A0C4040017
:109A600030E00320B0B502AFD1E9684502220270B0
:109A7000C0E90245D1F8AC45D1F89021D1F8983130
:109A8000D1F84014C0F816407D246143090B81824F
:109A900002FB04F1090B418203FB04F1090B018273
:109AA000B0BDD4D4F0B503AF2DE9800F8146007866
:109AB000DFE800F00670454738A3A56EB243A7273C
:109AC00003F0A5FF7D48FDF704FA99F80100FDF7C2
:109AD0003BFA7B48FDF7FDF96A4E99F80200012830
:109AE00040F0B9800120B047774804F070F9204673
:109AF000B0477648FDF7EDF9754850F82500007835
:109B0000B1E00B20FDF720FA5A48FDF7E2F95A4878
:109B1000FDF7DFF94D4615F8010F022840F0878068
:109B2000002073E00420FDF70FFA09F10100BDE801
:109B3000080FBDE8F040FBF769B9092062E0022098
:109B400060E0DFF840810320C0474F484F4EB047E8
:109B50004F4899F80440B0474E4850F82400007828
:109B6000C0474D4899F8024099F80350B04728463D
:109B7000C0474A48B0474A4850F824000078C047D8
:109B800099F80100BDE8080FBDE8F04000F050BBB7
:109B9000072037E003F07FFE42483C4DA84799F884
:109BA0000E00FDF7D1F94048A8474048A847DFF824
:109BB00008A1A7F11E0B00260C2E1CD03C4809EB77
:109BC000060595F80580FDF784F908F00100FDF71A
:109BD000BBF938482C79FDF77CF95AF82400007855
:109BE000FDF7B2F96888022127F81E0C5846FDF7E8
:109BF00027FB0436E0E703F0E2BF052006E006207D
:109C000000E00A20FDF7A0F999F80100BDE8080F6F
:109C1000BDE8F040FDF798B90820FDF795F9B9F8CF
:109C20000200BDE8080FBDE8F040FDF752B903F0AF
:109C300032FE124899F80340FDF74BF9104850F8EE
:109C400024000078FDF780F92846BDE8080FBDE83C
:109C5000F04000F0D1BA0020B0471A4804F0B7F83D
:109C60002846B04720463146BDE8080FBDE8F04021
:109C7000084700BFD0010000F3010000E30100002D
:109C800000E50400496F0200E5010000D36E020008
:109C9000E6010000F0E40400E1010000DF01000043
:109CA0000CE50400D701000008000000CF0100000F
:109CB000DA010000DD010000DCE40400D501000051
:109CC000D3010000D4010000DB010000D10100003D
:109CD000D0E40400D0B502AF04460D480068C005CA
:109CE00011D10D48FFF742F90C48D0F8C8100329EC
:109CF00002D90121617004E00131C0F8C810606030
:109D0000002103F0CBBD0348FDF710F9FDF7B8F9CA
:109D100004ED00E0B1000000A0C40400C0E1032095
:109D2000F0B503AF2DE9F00701EB020C4B1D924695
:109D30008146002200260020CDF804C0052A15D057
:109D40001446924514D00D5705F07F02B2400736F5
:109D50001043621C002DF1D41144042C009136D123
:109D6000EAB20F2A33D9FF20052605E0052601E0D7
:109D7000042663460093FF2000213202C3B292B250
:109D8000FF2B0DD0DDE900544DB11143C04341EA32
:109D90000302000604D0281B0021504410E02202D8
:109DA0006FF0010000EB1220C0B20B2804D2504922
:109DB00051F82020012103E0100A0121C0B2032242
:109DC000C9E90012C9F80800BDE80F07F0BD0C286A
:109DD00000F287804B1EDFE800F01C070707070929
:109DE0002D40263915071F000021C6E703200390E8
:109DF0006846029002A8DDF7BAFF03F02DFC36D1C9
:109E0000FF2069E061452FD0981C00900E780A2051
:109E1000B2E700210020B0E7614525D00E78981CFC
:109E200000900C20A8E761451ED0981C00900E7889
:109E30000820A1E7022003906846029002A8DDF7FF
:109E400096FF03F009FC20D1FF203AE061450BD0DA
:109E5000981C00900E7809208EE7614504D0981C6C
:109E600000900E78072087E7FF20042684E7C007CC
:109E70003AD002A8DDF77BFF81B24FEA1128C1B2C8
:109E800002290FD1FF20464626E0C0072ED002A8A7
:109E9000DDF76DFF81B2C2B2090A022A0DD1FF209F
:109EA0000E460EE0C0071FD002A8DDF760FFC1B26A
:109EB000022909D180B2060AA2E7C00716D0080419
:109EC000063000F47F0158E7C1070DD000F47F4051
:109ED00040EA0800000405304FF6FF7120EA010156
:109EE0004BE7FF200E2647E70E2689E70E26ABE755
:109EF00018E50400D0B502AF044600780421142808
:109F000088BFA0F11501C8B2DFE800F0031A1012F3
:109F1000051C00201AE00420FDF716F8204600F08A
:109F200019F8E01C00F016F8A0790FE0022000E01C
:109F30000320FDF709F8601CBDE8D04000F00AB826
:109F4000012003E00520FCF7FFFF6078BDE8D0406A
:109F5000FCF7FABFD0B502AF04460448FCF7B9FFDE
:109F60002046BDE8D04000F003B800BFEE0100007D
:109F7000B0B502AF04460078DFE800F00B322029CC
:109F80001A515E306C1E6A181C5C16240D43606EFC
:109F90004F00002064E01020FCF7D6FF43486478AF
:109FA000FCF797FF424834E00E2008E00B2057E012
:109FB000042052E00C2050E009204EE00220FCF783
:109FC000C3FF09E00F20FCF7BFFF60784FE004F00B
:109FD00044F8A07800F0FAF8607827E007203CE029
:109FE00003F059FC33486578A478FCF772FFDDB3C1
:109FF000012D40D103F04FFC3548FCF76AFF35488E
:10A0000007E01120FCF7A0FF26486478FCF761FF09
:10A01000254850F82400007822E014201DE0052097
:10A02000FCF792FF6078FCF78FFFA078BDE8B040A6
:10A0300000F052B80D2010E006200EE01220FCF7D0
:10A0400083FF17486478FCF744FF04F0010007E041
:10A050000A2005E0082000E01320FCF775FF607877
:10A06000BDE8B040FCF770BF03F0D1FC2046BDE86E
:10A07000B04000F0ABB803F041FF0F48FCF729FFF8
:10A0800064B1812C06D0822C06D0832C14BF0C48DE
:10A090000C48C0E70D48BEE70B48BCE70748BAE7E5
:10A0A000E9010000E201000084E60400E001000094
:10A0B00014E60400EA010000EF010000203E040065
:10A0C00028DD040038D4040060D30400ECD104007F
:10A0D000F001000044E50400F0B503AF2DE9FC0BEE
:10A0E00004463548FCF7F5FE3448FCF7F2FEE7205D
:10A0F000DFF8D0908DF81700E0B2C009DFF8C0801B
:10A100008DF81600E6208DF81500C4F380108DF848
:10A110001400E5208DF81300C4F340108DF81200F0
:10A12000E4208DF81100C4F300108DF81000E32036
:10A130008DF80F00C4F3C0008DF80E00E2208DF8FA
:10A140000D00C4F380008DF80C00E1208DF80B00A9
:10A15000C4F340008DF80A00E0208DF8090004F0F7
:10A1600001008DF80800684600F108050120002470
:10A1700005EB4401082C13D0013411F8022B012AFD
:10A18000F8D1C00711F8016C04BF4046FCF7A1FEEE
:10A190004846FCF79EFE304600F018F80020E7E73E
:10A1A0000948FCF796FE002006B0BDE8000BBDE8AC
:10A1B000F040FCF78EBE00BF14000000F801000064
:10A1C000F5010000FE010000F9010000D0B502AF6A
:10A1D00004460748FCF77DFE84F080000549C0B2C4
:10A1E00051F820000078BDE8D040FCF7ADBE00BFBC
:10A1F000ED010000A0E60400D0B502AF0446094816
:10A20000FCF767FE2078012806D103F044FB0748DD
:10A21000FCF75FFE601C00E003480078BDE8D0401A
:10A22000FCF792BE0E000000203E04001500000066
:10A23000D0B502AF04460448FCF74BFE04F0010021
:10A24000BDE8D040FCF780BEF4010000F0B503AFDC
:10A250002DE9000B04462148DFF88490C847207898
:10A26000FFF73AFFDFF87C8065784046C8471E4814
:10A27000C84705F001001D4EB047C5F34000B04788
:10A28000C5F38000B047C5F3C000B047C5F3001068
:10A29000B0470020C8474046A478C8471448C8477C
:10A2A00004F00100B047C4F34000B047C4F380009D
:10A2B000B047C4F3C000B047C4F30010B047C4F3C4
:10A2C0004010B047C4F38010B047E009B047002009
:10A2D0004946BDE8000BBDE8F0400847F201000028
:10A2E000D36E020014000000F6010000496F020066
:10A2F000F7010000B0B502AF0546044803F0FBFDCE
:10A3000028462146BDE8B040FCF7A8BEEC0100009D
:10A31000D0B502AF04460448FCF7DBFD2046BDE89B
:10A32000D040FFF7E7BD00BFF1010000F0B503AF7B
:10A330004DF804BD42184FF0EE31114B90420DD054
:10A340000478614008243CB183EA5105CE0708BF78
:10A350004D08013C2946F6E70130EFE7C84360B1FC
:10A360004FF0FF3252FA80F2FD2A07D96FF0010058
:10A37000484003D10348FCF71BFC012003F01ABA44
:10A38000783BF682A8D10400B0B502AF6FF00101AE
:10A3900041F62E224B1C002102290DD0445C634063
:10A3A00008243CB1C3F34E05DB0718BF5540013C00
:10A3B0002B46F6E70131EFE7D843190408BF4FF603
:10A3C000FE70B0BDD0B502AF0068054A007852F803
:10A3D0002040044A03F00CFABDE8D040184700BF03
:10A3E000ACEA0400A0EA0400D0B502AF0448054C72
:10A3F000A0470548A04700202146BDE8D0400847B7
:10A4000014000000D36E02005E010000B0B502AF80
:10A4100043F609520023A0FB024001FB02050D4A4E
:10A420002046294618F0F0FE000404216FF0F05297
:10A43000121BA94138BF40F20120010604BF000CE5
:10A44000B0BD0548FCF766FDFFF7CEFFFCF7CAFE7E
:10A45000FCF716FE00E20400C8000000F0B503AFF0
:10A460004DF804BD82B00546D0E90130834201D1E8
:10A47000002009E02A68461C0C46064903F06DF9E5
:10A4800021B104700220AE6002F0A3BF024A02F0C4
:10A490008EFF00BFCCD10400ECDA0400814205D36A
:10A4A00099429FBF0244091A10467047D0B502AFC7
:10A4B000BC681A462346FBF7E5FED4D480B56F4648
:10A4C00010F8011B014A52F8211080BDB8EA0400BF
:10A4D000E0B502AF1346024612F8010B80B1012825
:10A4E00001BF0C480090084619460FBF04230848D6
:10A4F000009008461CBF19461023FEF7A5FA8CBD34
:10A5000005480090084619460223FEF79DFA8CBDC7
:10A510000CD70400FCD60400ECD60400F0B503AF61
:10A520004DF804BD82B00546D0E90130834201D127
:10A53000002009E02A68461C0C46064903F00DF984
:10A5400021B104700220AE6002F043BF024A02F063
:10A550002EFF00BFCCD1040018DD0400F0B503AF1E
:10A560004DF804BD82B00446D0E901300D46191AF9
:10A57000022901D200250FE02268861C084903F059
:10A58000ECF8084A02230092A7F1120227F8125CA5
:10A590000225FEF759FAA660284602F01ABF00BF4E
:10A5A000CCD1040070DD0400F0B503AF4DF8048D8C
:10A5B00005460868A0BB0C464FF0FF3132F8020B8D
:10A5C0004FF6FF782160217C49B140451DD025F828
:10A5D000020B1146362203F0CBF800201DE0E6689E
:10A5E000C6EBC60104EBC101088301F11A00114654
:10A5F000362218F0FDFD701CC11E18BF0146A06870
:10A60000E160884204BF0120207404F1C000FDF71E
:10A61000AFF92068A5F800800130206003F05CB934
:10A620000448FCF777FC00F007F8FCF7DBFDFCF7CB
:10A6300027FD00BFC7000000D0B502AF0448054C9D
:10A64000A0470548A04700202146BDE8D040084764
:10A6500014000000D36E02005D0100000246006895
:10A6600028B94FF0FF31104602C01146704780B53F
:10A670006F460846FCF7A6FAF0B503AF2DE9000FC8
:10A68000ADF5377D13919046D0F808110891D0F8B8
:10A690000C110791D0F810110691D0F81411059102
:10A6A000D0F818110491D0F81C110391D0F82011A2
:10A6B0000291D0F824110191D0F828111591D0F809
:10A6C0002C111491D0F830111291D0F8341111914D
:10A6D00000F594710091002109921690414580F097
:10A6E0000D85D0F80041402CC0F0C18315984FF083
:10A6F000060E1091C21C14990D92619241F1000353
:10A70000129A851C119E41F1000410F1010CCDE953
:10A710005D10089841F100080A934B93059B6592E0
:10A720006492CDE96222069A329033924D904F9214
:10A7300045903B90049846923D92029A0799CDE944
:10A740000B48CDE95B8698462C9393463F938A4607
:10A750003193019BCDE90E5CCDE95FC505462D9097
:10A7600094462E923792134A30934C9341903590F1
:10A77000114844933A93114B4A964E96CDE951466F
:10A780000E462F91399103993891509147914091FC
:10A790000B49569236935A90349155923E93599064
:10A7A0003C91CDE94213CDE95322CDE95700CDE9E3
:10A7B000481307E07465206B6E642033322D627994
:10A7C00065787061BEF1000F00F0538356982C99A4
:10A7D000CDF88C8042184A98259582EA000330987B
:10A7E000289300EB3340309048402C90329902EB94
:10A7F00030583498299643186198CDF888A083EA98
:10A8000000042D982E9A00EB3445CDF890C085EACF
:10A8100001063399CDF8ACE003EB36504A9080EA5C
:10A82000344A5A9BCDF870B005EB3A602D9080EA1F
:10A83000365436984618659808EB7465704002EBFC
:10A84000304C8CEA010E06EB3E51369181EA3042E3
:10A850002F984B99034485EA326683EA010B3899B5
:10A8600001EB3B4980EA0900349003EB305383EA63
:10A870003B404B9009EB30602A9000EB364038901B
:10A8800080EA7461329105EB3154569484EA364083
:10A890002F904FEA30640CEB3260279080EA3E50F4
:10A8A000659403EB7061289B309C81EA3A6288EAE8
:10A8B0003343269304EB3363289303EB3243309303
:10A8C00083EA7060339001EB30505A9080EA324056
:10A8D0002E9031994FEA30606190559842184E9809
:10A8E00082EA00033A98209300EB334E8EEA01008F
:10A8F000319002EB3058DDE93B10379A43186098ED
:10A9000083EA0004359800EB344585EA010603EB41
:10A9100036504E9080EA344905EB3960359080EA34
:10A92000365CDDE93D104618649808EB7C657040A4
:10A9300002EB304A409A8AEA010B06EB3B513E910A
:10A9400081EA30445999399885EA34660B1851994F
:10A95000594002EB314250403C9003EB305383EAC4
:10A960003140519002EB3060219000EB3640409036
:10A9700080EA7C613B9105EB3151559181EA36408B
:10A9800039904FEA30610AEB34601E9080EA3B5008
:10A99000649103EB7061209B81EA396288EA33435A
:10A9A0001D930EEB33631F9303EB32433D9383EA16
:10A9B0007060379001EB3050599080EA32403A9005
:10A9C0003F9A4FEA3060609054988118529881EA1B
:10A9D000000344981B9300EB334E8EEA0200449030
:10A9E0001C9A01EB30584599429843185F9883EAC6
:10A9F0000004419800EB344585EA0106469903EBD3
:10AA00003650529080EA344905EB3960209080EA54
:10AA1000365C43984618639808EB7C65704002EBFF
:10AA2000304B479A8BEA010A06EB3A51439181EA8F
:10AA300030445899229885EA34660B185B9959403E
:10AA400002EB31425040429003EB305383EA3140F5
:10AA50005B9002EB30601C9000EB3641479181EA3D
:10AA60007C6145910BEB34601A9005EB31515491A8
:10AA700081EA3641419180EA3A504FEA316163916F
:10AA800003EB70621B9982EA396388EA31411991BC
:10AA90000EEB31611B9101EB3341469181EA70600D
:10AAA0003F905C9902EB3050589080EA33402290FE
:10AAB000239A4FEA30605F905398104480EA010374
:10AAC0004C99179301EB3341189151404D9A4C9199
:10AAD00000EB315B48985E99104480EA01052599A6
:10AAE00001EB354686EA020100EB31505C9080EACA
:10AAF000354A06EB3A60259080EA31554F994998DE
:10AB00000BEB756E4618629886EA0002249800EBFB
:10AB1000324989EA0108509906EB3850499080EA99
:10AB200032445798299A8EEA346609EB346900EB6F
:10AB3000020C5D988CEA000301EB334181EA0200CC
:10AB400048900CEB305282EA33405D9001EB306C60
:10AB500089EA38510CEB3640509080EA75604D9090
:10AB600002EB71620EEB3050539080EA3640299030
:10AB700082EA3A644FEA3060629017988BEA304379
:10AB8000189800EB336505EB34404F9080EA716014
:10AB900024902A9902EB3050579080EA3440239059
:10ABA0004FEA30605E90349881EA30514A9800EB69
:10ABB0007162269882EA3064279800EB34402A902C
:10ABC00080EA71602790289902EB3050349080EA37
:10ABD000344026904FEA30604A902C9881EA3051F8
:10ABE000369800EB71624B9882EA30642D9800EB46
:10ABF00034402D9080EA71602C90219902EB305006
:10AC0000369080EA344018904FEA30604B903C9880
:10AC100081EA30514E9800EB71621D9882EA3064EF
:10AC20001E9800EB3440289080EA716021901F99B3
:10AC300002EB30503C9080EA34401E904FEA306086
:10AC40004E90319881EA30513E9800EB71625198F4
:10AC500082EA3064359800EB3440359080EA7160C8
:10AC600031901C9902EB30503E9080EA344A4FEA12
:10AC70003A605190429881EA3051529800EB7162EB
:10AC8000199882EA30641A9800EB34401F9080EAE9
:10AC900071601D901B9902EB3050429080EA344B5A
:10ACA000209A4FEA3B605290449881EA3051439891
:10ACB00000EB71665B9886EA306002EB30485D9A83
:10ACC00088EA716E06EB3E51439181EA30445C990B
:10ACD0004FEA34605B9048988CEA305001EB706C1E
:10ACE00049998CEA336309EB334989EA70660CEBC6
:10ACF0003650489080EA334C259B4FEA3C6009EB84
:10AD00003C6C5C904C9885EA305001EB706181EAB4
:10AD1000326203EB324585EA706301EB33504990B0
:10AD200080EA32402E9A4FEA306105EB30655D9142
:10AD300085EA3350309901EB3261339A309181EAE0
:10AD400032512F9A4FEA71613391389901EB326198
:10AD5000329A389181EA32513A9A4FEA71613291CE
:10AD60003D9901EB3261379A3A9181EA3251399A31
:10AD70004FEA71613D91409901EB32613B9A4091FC
:10AD800081EA3251229A4FEA71613B91469901EB77
:10AD900032613F9A449181EA3251419A4FEA71619E
:10ADA0004691479901EB3261459A479181EA3251C8
:10ADB000239A4FEA716145914F9901EB3261249AD0
:10ADC0004C9181EA3251299A4FEA71614F91509921
:10ADD00001EB32614D9A509181EA3251189A4FEA53
:10ADE00071614D912D9901EB32612C9A2D9181EA7F
:10ADF0003251269A4FEA71612C912A9901EB326106
:10AE0000279A2E9181EA3251319A4FEA71612F913E
:10AE1000359901EB3A61359181EA32511E9A4FEA38
:10AE200071613191289901EB3261219A379181EA60
:10AE300032514FEA7161399108EB3461419181EAF5
:10AE40003E51DDF8ACE04FEA70684FEA71618CEA80
:10AE500036503F91AEF1010E1F994FEA706601EB3B
:10AE60003B6B1D998BEA31514FEA716AAAE4169E39
:10AE70002EE156987590369874905A98739034983D
:10AE80007290559871903E98709059986F903C9838
:10AE90006E9054986D9043986C9058986B9042982F
:10AEA0006A90539869904998689057986790489825
:10AEB00066902C988590339884902F988390329840
:10AEC0008290319881903D98809039987F903B98FE
:10AED0007E903F987D904698009ACDE97BA045985A
:10AEE000CDE979804F98CDE977604D98769030988C
:10AEF00095902E989490389893902D9892903A9897
:10AF000091903798909040988F9035988E90449873
:10AF1000CDE98CB047988B9041988A904C98CDE9B8
:10AF200088C00DF5267C5098CDE986504A98A590AA
:10AF30006598A4904B98A3906198A2904E98A19088
:10AF40006498A09051989F9060989E9052989D9080
:10AF500063989C905B989B905F989A905C9899906E
:10AF6000629898905D9897905E9896901698D0F811
:10AF700008115C91D0F80C115B91D0F810115A9126
:10AF8000D0F814115991D0F818115891D0F81C111B
:10AF90005791D0F820115691D0F82411559192E88C
:10AFA0003A008CE83A001599149A043142F10002F3
:10AFB000CDE91421C0E94A1211991298B490CDE953
:10AFC000B001CDE9AC010A98B3900D98B2900B98FE
:10AFD000AF900E98AE900C98B5910021AB900F9861
:10AFE000AA9040296DD00DF5167C0DF5267816989F
:10AFF0005CF8013058F8014000EB810204EB030BD0
:10B0000066AC651868686590A8686490E8686390A5
:10B0100076AB5E1870686290B0686190F06860907E
:10B0200086A8461864585B5870685F90B0685E9058
:10B03000F0685D900CEB0100D0E901A9D0F80CE0BC
:10B0400008EB0100D0E9018CC56886A8589E4058DD
:10B050001031C2F830B0304410625C98184410616E
:10B0600029485D9B2044106005EB0E00D0630CEB7B
:10B070000900906308EB0A00506355981844D062A9
:10B0800056985E9B1844906257985F9B1844506294
:10B090005998609B1844D0615A98619B18449061FC
:10B0A0005B98629B184450611848639B1844D060B9
:10B0B0001748649B184490601248659B1844506080
:10B0C0008FE7169E0024DDF824801099C6F8004111
:10B0D00008460D46139942460E4B00F086F802468C
:10B0E0000B4606EB8400C4F14001FDF7BDFC204493
:10B0F000C6F8000129443046FFF7F0BA0DF5377D58
:10B1000002F0D8BA6E642033657870617465206B84
:10B11000322D6279DCDA0400B0B502AFADF53A7DCC
:10B12000002400BAB99008BA8DF810400394CDE914
:10B130000144BC68B89010BAADF81140240CB79027
:10B1400018BA8DF81340B6905DA8041DB6A9204624
:10B15000F9F79AFC05AD21464FF4B07203F042F9BD
:10B1600001A928460A4600F011F89DF81300BDF821
:10B17000111041EA00400DF53A7DB0BDDCB504AFD9
:10B1800002F06CFD0623FFF789F9DCBDF0B503AFD3
:10B190004DF8048D90B06C460D46064620462021A1
:10B1A000904617F054FE2046294600F00EF808ADF0
:10B1B000314622462846F8F7E5FF4046294602F088
:10B1C000F3FA10B05DF8048BF0BDD0B502AF86B0D5
:10B1D00001AB0022102A03D08C5C9C540132F9E7A9
:10B1E00001A902F0E1FA06B0D0BD824221BF0B18DE
:10B1F000111A1846704780B56F461146FBF742F8A2
:10B20000F0B503AF4DF804BD88B06E460D46044658
:10B210003046202117F01BFE284631462022FFF73A
:10B220002BFA304616F0A2FD0028F5D069462046DC
:10B2300002F07FFB08B05DF804BBF0BD824221BF85
:10B240000B18111A1846704780B56F461146FBF768
:10B2500019F8D4D4B0B502AF064B02F05DFE19B1B7
:10B260006A1CA260027800E00122B1FA81F0114666
:10B270004009B0BDA0D20400B0B502AF074B02F048
:10B280004BFE022902D240F20110B0BDA91CA16000
:10B2900001784078090441EA0060B0BDA0D2040002
:10B2A000F0B503AF2DE9000704461B481B4DA84726
:10B2B0001B48A84704F1100000F054F81948A847AB
:10B2C0001948D4E9009AD4E90268A8474AEA080074
:10B2D00049EA0601084315D002F0DDFA0E4C20467B
:10B2E000A8471248A8472046A8471148A8474846FB
:10B2F000514632464346FBF7BAFE0020A8470020DD
:10B30000A84701E002F083FB0020BDE80007BDE88C
:10B31000F040FBF7DEBD00BF14000000D36E02005A
:10B320001C0200002A0200000E0000002E02000095
:10B3300060010000F0B503AF4DF8048D04460848E5
:10B34000984615460E46FBF7C4FD204631462A4670
:10B3500043465DF8048BBDE8F040FBF788BE00BFB4
:10B3600013000000F0B503AF2DE9800F0646124828
:10B37000124988471248114996F8008096F80190C2
:10B3800096F802A096F803B03479767988470D4D87
:10B390003046A8472046A8475846A8475046A847E1
:10B3A0004846A8474046A84700200449BDE8080F82
:10B3B000BDE8F040084700BF14000000D36E020053
:10B3C0003002000045510200F0B503AF4DF804BD56
:10B3D00084B00D460446D1E900010922CB68184922
:10B3E000984700218DF808008DF8091004F11A0320
:10B3F0001448042214490195009001A8134DA84750
:10B40000217EA7F11203124E033918BF012107F85C
:10B41000121C104908220096A847617EA7F111036B
:10B42000033918BF012107F8111C0B4908220096A7
:10B43000A847FBF70EF804B05DF804BBF0BD00BFF1
:10B4400064DE040089B40200B8820400396302009B
:10B450005DB4020028A5040010A5040080B56F4665
:10B4600000780A4600281DBF0649104604220449F8
:10B4700004BF10460522BDE88040FAF7E1B800BFDE
:10B48000AABF0400AC820400F8B504AF0A4610F865
:10B49000011B39B101290DD102900E48009002AB79
:10B4A0000D4904E001900D480D49009001AB104694
:10B4B000062206E0039005480549009003AB1046BC
:10B4C0000722FAF7EEFF04B080BD00BFE5B402002A
:10B4D000BCDE0400F7B40200B6DE040009B50200C9
:10B4E000B0DE040080B56F460A4600681021BDE852
:10B4F0008040FCF71BBB80B56F460A4600680421FC
:10B50000BDE88040FCF712BB80B56F460A46006874
:10B510000221BDE88040FCF709BBD4D4D0B502AF0E
:10B5200004460448FBF7D5FC04F00100BDE8D04018
:10B53000FBF70ABD12010000D0B502AF0446044873
:10B54000FBF7C7FC2046BDE8D04000F003B800BFC1
:10B550000B020000D0B502AF04460078DFE800F02F
:10B56000114B303C265E6A43792A6E2428622237CA
:10B570001A546C815C607F832E2C891885877B52DE
:10B580007D0002F044FA6078BDE8D040F9F75ABC7B
:10B590001B206FE01020FBF7D7FC3848BDE8D040F7
:10B5A000FBF797BC0E2065E00B2063E0042061E010
:10B5B0000C2044E009205DE019205BE0182059E0F0
:10B5C00002F09CFC6078BDE8D04000F059B80F2034
:10B5D000FBF7BAFC606838E002F03FFD6078BDE838
:10B5E000D04000F05BB80720FBF7AEFC601CBDE864
:10B5F000D040F9F7FDBB02F04EF96078BDE8D040CD
:10B60000FFF78CBF1F2035E01120FBF79DFC608801
:10B61000BDE8D04000F070B814202BE0052029E0F0
:10B62000152027E00D20FBF78FFC6078BDE8D040A7
:10B6300000F054B8062002E012201BE00A20FBF7BD
:10B6400083FC6068FBF702FDA068BDE8D040FBF713
:10B65000FDBC08200EE01E200CE020200AE0162091
:10B6600008E0132006E0172004E01C2002E01D2063
:10B6700000E01A20BDE8D040FBF766BC17020000CE
:10B68000D0B502AF04460448FBF723FC2046BDE8D2
:10B69000D040FBF759BC00BF01020000B0B502AFBB
:10B6A00004460948094DA8470948A8470948E1B296
:10B6B000094A50F8210052F82110F9F78BFB0020BD
:10B6C0002946BDE8B040084714000000D36E0200D0
:10B6D0003202000008EB0400C4EA0400D0B502AF57
:10B6E00004460448FBF7F5FB04F00100BDE8D04038
:10B6F000FBF72ABC0C020000D0B502AF0446064896
:10B70000FBF7E7FB0549A0B251F820000078BDE83F
:10B71000D040FBF719BC00BF160200004CEB040040
:10B72000D0B502AF04460548FBF7D3FBE068FBF752
:10B730008DFC2046BDE8D04000F002B811020000A8
:10B74000D0B502AF04460648FBF7C3FBA068FBF781
:10B750007DFCD4E90001BDE8D040FCF7F1BB00BF9F
:10B7600012020000D0B502AF04461148FBF7B1FB4E
:10B7700014F8010B48B1012812D102F08CF80D48E1
:10B78000FBF7A7FB2046042106E002F040F90A4837
:10B79000FBF79FFB20460221BDE8D040F9F748BEE9
:10B7A00002F0ACFB2046BDE8D040F9F721BB00BF5A
:10B7B000180200001100000010000000B0B502AF38
:10B7C0000546104802F097FBA81EE9B2022938BFCF
:10B7D0000220C0B2DFE800F00210040E00200CE0EE
:10B7E00002F08CFB284600F00FF82046BDE8B04080
:10B7F00000F00AB8032000E00120BDE8B040FBF7EC
:10B80000A3BB00BF0D020000D0B502AF0446044840
:10B81000FBF75FFB04F00100BDE8D040FBF794BBF1
:10B8200007020000D0B502AF04460448FBF751FB05
:10B830000FCCBDE8D040FBF71ABC00BF13000000DE
:10B84000F0B503AF2DE9000F91B000900DF10409A0
:10B85000886809F11005D1E900640DF1240A4FF060
:10B86000000804EB001B5C4519D00020102803D011
:10B87000215C02F03BF8F9E748463146FFF7A5FCAA
:10B88000009950464A46C5E90088C5E90288F8F79C
:10B8900079FC3046514601F087FF1034E3E711B0E0
:10B8A00001F008BFB0B502AF86B013460446D1E937
:10B8B0000120101A984202D2002020710DE00848A1
:10B8C0000968009002A800F00DF802AB00250FCB2C
:10B8D000C4E9011504F10C012CC1206006B0B0BD13
:10B8E00010D30400D0B502AF9A4221BFD21ACC18AF
:10B8F00080E81A00C26028BFD0BDBA681321014891
:10B90000F9F70CFE61D30400F0B503AF4DF8048DD8
:10B9100082B00446D0E901308846191A914201D21A
:10B9200000200BE0154622684619054901F015FF75
:10B93000044A2B4601F05EFE0220A66001F0F5BF2E
:10B9400020D3040030D3040080B56F46D0E9001244
:10B950008068024BBDE8804000F002B840D304008C
:10B96000DCB504AF02F0C5FD009300202346FEF7CE
:10B9700095FDDCBD80B56F46D0E900128068024BB2
:10B98000BDE88040FFF731BC50D30400D0B502AF12
:10B99000044600F09FF8074901EA800140293EBFB4
:10B9A000201D8908D0BD044B043104204022FAF741
:10B9B00069FC00BFFCFF03007CD40400F0B503AFBA
:10B9C0004DF804BD0C46064600F084F805463046A6
:10B9D000FFF7DCFF8C423FBF50F824000C4901EA1E
:10B9E000850151FAA0F13FBF6FF0FF0202EA104259
:10B9F0001144C0F3C0303FBF01EB400004305DF89C
:10BA000004BBF0BD014A2046FAF782FC3CD4040096
:10BA1000FCFF0300F0B503AF4DF804BD0C4605462E
:10BA200000F058F806462846FFF7B0FF631C8B422B
:10BA30003CBF00EB8300428808488B4228BF320C91
:10BA4000214600EA86001044061D2846FFF7B6FF8F
:10BA5000301A38BF00205DF804BBF0BDFCFF0300C6
:10BA600080B56F4601F07FFF4022BDE88040FFF7C0
:10BA7000BCBBD4D4F0B503AF4DF804BD0C460646AC
:10BA800000F028F805463046FFF780FF8C423FBFA4
:10BA900050F824000A4901EA850151FAA0F13FBF9C
:10BAA0006FF0FF0202EA1040084404303CBF5DF82A
:10BAB00004BBF0BD014A2046FAF72AFC4CD404002E
:10BAC000FCFF0300DCB504AF02F0C8F84023FEF72A
:10BAD000E5FCDCBD80B56F46006880BDF0B503AF06
:10BAE0004DF804BD0C46FFF751FFF1B1A3B20A4671
:10BAF0000021012A0ED901EB5204A2EB520200EB05
:10BB0000840610F82450767866F30E259D4298BF7F
:10BB10002146EEE710F8212000EB8100407860F329
:10BB20000E229A4203D1012004E0002101E038BF37
:10BB3000013100205DF804BBF0BDD4D4B0B502AF34
:10BB40000D460446FFF722FF8D4219D200EB850017
:10BB500090F90100002805D420462946BDE8B040F0
:10BB6000FFF758BF20462946FFF784FF3F280BD830
:10BB70001CBF205AB0BD074A40204021FAF7C8FB3D
:10BB8000024A2846FAF7C4FB014AF6E78CD40400BF
:10BB90009CD40400ACD40400F0B503AF4DF8048D80
:10BBA000044608B200281BD42046FFF797FF01285F
:10BBB00016D120460E46FFF701FF0C4B21464022CE
:10BBC000FFF73CFB0546884620463146FFF7B6FFA7
:10BBD0000146404505D9064B00204246FAF752FB84
:10BBE000002528465DF8048BF0BD00BF5CD404003E
:10BBF0006CD40400D0B502AF0446FFF76BFF0649D2
:10BC0000064B01EA8001043101EB10422046FFF7A8
:10BC100059FF17F0ABF9D0BDFCFF0300E8D30400D7
:10BC2000F0B503AF4DF8048D984615460E46044610
:10BC3000FBF7B6FCD7E90223FBF764FFC4E90C016C
:10BC400000201149C4F84E1041F20801A4F8520036
:10BC500084F848000220C4F84A1084F8380084F8B8
:10BC600029003068D6F80310C4F83A00C4F83D1033
:10BC70002868D5F80310C4F8410084F8498061644D
:10BC80005DF8048BF0BD00BF0003081080B56F465F
:10BC900002F0ABFB002818BF012080BDF0B503AF58
:10BCA0002DE9C00790F8805100F5B878164689460E
:10BCB000C5F110048246A2422ED975B1244B284604
:10BCC00002F0E1F8234A234601F08EFE5046414639
:10BCD000012200F04CF8361BA14416F00F054FEA84
:10BCE000161208BF10254FF0FF3008BF00EB1612E8
:10BCF00009EB02141AB15046494600F038F8164BC9
:10BD0000284641461022FFF72BFE144A2B4600928C
:10BD10002246FCF799FE10E00A4B284602F0B3F8E1
:10BD2000094B02460C46114630462246FFF718FEE4
:10BD3000064A334601F058FE35448AF88051BDE882
:10BD40000C07F0BD70D2040080D2040090D2040031
:10BD500030D2040040D2040050D2040060D204006B
:10BD600080B56F460A46BDE88040FFF70FBAF8B5C8
:10BD700004AFCDE9021200F5B071019101A9FFF7FE
:10BD80005FFD8FBD80B56F460A780D2A06D00E2A5A
:10BD900006D10431BDE88040F5F782B8FF2100E00C
:10BDA000FE21017080BD80B56F460A78102A0ED042
:10BDB000112A09D0122A1EBFFE21017080BD043154
:10BDC000BDE88040F5F76CB8FF21017080BD40F6FA
:10BDD0000371018080BDD4D4BFB506AF0446B868F6
:10BDE00003900878CDE901230FF20402DFE800F0A8
:10BDF0000210050ED1E9010105E08B78C81C114A3B
:10BE0000194600F073F801AA02AB09E00E200CE01D
:10BE10004D888A68AA420FD3486801AA02AB294616
:10BE200000F014F8019919B107206070012001E0B9
:10BE3000606000202070BFBD034B00202946FAF748
:10BE400021FA00BF7CD604006CD60400F0B503AF25
:10BE50002DE9F80FD2F8009092460C4689452AD277
:10BE6000D3E9001698461C4BA4EB0905B54228BF40
:10BE700035468346284632460491FFF771FD174B3D
:10BE80002246CDE9021048465946FFF7D7F98D42C0
:10BE90001AD80246124800902B46DDE90210FCF742
:10BEA000D3FD104B284604993246FFF79EF9C8E9A6
:10BEB0000001002002E0A9EB04000025CAF8000000
:10BEC000284605B001F0C2BC074B0C4600202946AD
:10BED0002246FAF7D7F900BF8CDA04009CDA040096
:10BEE000BCDA0400CCDA0400ACDA0400152938BF4F
:10BEF000704780B56F46134600201422FAF7C2F946
:10BF0000F0B503AF4DF8048D82B0064600781546B3
:10BF10008846022815D0012819D1B3689D4213D84C
:10BF2000726829461748002400900020FEF7B6FAF0
:10BF3000154A2B4601F05EFB7078012808BF75801A
:10BF400017E07078854205D901240D2111E0012404
:10BF500003210EE0094BF01C00212A46002400F0CA
:10BF600015F8074A2B4601F045FBF07D012808BF74
:10BF7000B570204602B05DF8048BF0BDCCD604004D
:10BF8000DCD60400ACD60400BCD60400DCB504AF9B
:10BF900001F064FE1423FEF781FADCBD09B3F0B5AD
:10BFA00003AF2DE9800F0A6801F1100A009200F139
:10BFB0001002D1E901E8D1F80C909AE8781882E8EB
:10BFC0007818009AC0E9002E91F8282091F82910DD
:10BFD000C0E9028980F82820BDE8080FBDE8F040DC
:10BFE00000E0022180F829107047D4D4DFB506AFF5
:10BFF000D0E9001204460D4B01A8F2F79BFBDDE9E6
:10C0000001010022490019B100F8022B0239FAE7B8
:10C01000039801F057FC064904F10800FEF71EFBE7
:10C020000C46FBF7A5FC01F02FFCDFBDBCD40400DF
:10C03000CCD4040080B56F4601F095FC4022BDE8E9
:10C040008040FFF78DBCF0B503AF2DE9F00BBD6864
:10C0500004460E4668798DF80A00B5F8031000F022
:10C06000C0004028ADF808102AD102A80321984644
:10C07000914600F029F89DF80A004A46BDF80810DC
:10C08000434641EA0040009020463146FFF744F81D
:10C09000ADF80C00000C8DF80E0003A8032100F091
:10C0A00013F8A8782988BDF80C2041EA00409DF8D3
:10C0B0000E1042EA0141081AB0FA80F0400900E08F
:10C0C000002004B001F0CCBFF0B503AF2DE9FC07B0
:10C0D00080461B4800904E0802A8894641463246D9
:10C0E0003346FFF7FFFB17483246009008EB090084
:10C0F000DDE9025AA0EB590102A83346FFF7F2FB33
:10C100004FF0FF3000EB590CDDE9023100266046AC
:10C11000441C0AD0B2450BD08C450ED2AC5D1A5CE3
:10C12000AA5501361C540138F2E706B001F072BC82
:10C13000064A50465146FAF7EBF8034AFAF7E8F890
:10C14000B0D20400C0D20400E0D20400D0D2040077
:10C1500090F83E11022901D102200EE0FEB506AF93
:10C1600000F1200101A800F013F89DF80400FE384A
:10C1700018BF012006B0BDE880406FF0010151FA00
:10C1800080F1B1FA81F14909084300F001007047DC
:10C1900080B56F4691F8C820022A03D1BDE88040DF
:10C1A000FFF7F0BDBDE88040FFF7FDBDF0B503AF80
:10C1B0002DE9C007D0E90165824608468846741B10
:10C1C000FEF77CF98C4201D2002013E001EB050957
:10C1D000DAF8002009483346009028464946FEF721
:10C1E0005DF901F066FE40461A46FEF771F902203D
:10C1F000CAF80890BDE80C07F0BD00BFDCD1040010
:10C20000F0B503AF4DF804BD82B08A88838A046913
:10C210005A400B6863401A4306D1827D8B795A409D
:10C22000D20701D1012010E0D0E90045D0E9022376
:10C2300045EA030044EA0206304305D00091204657
:10C240002946FFF700FF00E0002001F0C2B8F0B57A
:10C2500003AF2DE9C00705460C4655F8103F51F8CD
:10C26000102FAE885A408B8873401A4304D1AA79A4
:10C270008B795A40D20732D0D0E900A8D0E90269C0
:10C2800048EA09004AEA060210431DD000915046D0
:10C29000414632464B46FFF7D6FE00BB0FCC41EA83
:10C2A000030C40EA020454EA0C041AD080EA0A049F
:10C2B000564044EA060C81EA080683EA090434433E
:10C2C00054EA0C0407D10AE00FCC41EA030440EA27
:10C2D0000206344305D00095FFF7B5FE08B10120F2
:10C2E00000E00020BDE80C07F0BDD4D4B0B502AF2B
:10C2F000044601F108000649F2F7EDF900F11005D6
:10C30000C069E0602CCD08682CC401380860B0BD5D
:10C31000ECD50400D0B502AF0C4607490830F2F75F
:10C32000CBF90122D4F8033002722268C0F8092048
:10C33000C36001F042FAD0BD0CD60400F0B503AFE3
:10C340002DE9F80F824601F108003049F2F7B4F9FF
:10C35000D0E904658946D0E9064B45EA0B014FF068
:10C36000000846EA0402114347D08DF8068000F524
:10C37000A470ADF8048001A90322FEF77DF99DF8B1
:10C380000610012022465B4660F39F118DF80610CF
:10C39000C8B2BDF8041041EA00400090304629467A
:10C3A000FEF7BAFEADF80800000C8DF80A00032174
:10C3B000ADF810800622CDF80C8003AC144B20465B
:10C3C000FEF7DCFE134A0323009201AAFCF73CFBB4
:10C3D000114B204600210322FEF7D0FE0F4A032313
:10C3E000009202AAFCF730FBBDF810004FF00108E4
:10C3F000AAF805000398CAF80100D9F800008AF8E5
:10C4000000800130C9F8000001F0BCB81CD604005F
:10C41000F0D1040000D2040010D2040020D20400A5
:10C42000B0B502AF0C686FF00045AC423FBF631C73
:10C430000C4644F8083BC0E900423CBF8160B0BDF7
:10C440001846FAF7DDFBD4D4F0B503AF2DE9F80FA9
:10C4500099461B4B804602A8FFF7E2FF029C54F866
:10C46000280900EB400005010DB304F1400B4946DB
:10C470005846FFF7ECFE303D30340028F4D02068F9
:10C4800008F110050190D4E901E9D4F80CA09BE86B
:10C490004F1085E84F100198C8E9000E94F8290064
:10C4A00094F82810C8E9029A88F8281000E00220C1
:10C4B00088F82900049801F0C5FA01F063B800BFBC
:10C4C0003CD60400F0B503AF2DE9000F8BB0044655
:10C4D00004A80D4600F070F8049801282ED0DDE97C
:10C4E000059605F11001DDE9078A04A800F064F85B
:10C4F0000498012822D0DDE905504FF480710390A3
:10C50000DDE907B00290204616F0E6FD0399002011
:10C51000C4E9471B0299C4F824114021C4E942969A
:10C52000C4E9448AC4F81851C4F80011C4E94A00A7
:10C53000C4E94C000BB0BDE8000FF0BD05980990B0
:10C540000448069900900448044B0A9109AA2B213B
:10C55000FAF787FB70DE04006AD3040098D3040066
:10C56000F0B503AF4DF804BDA2B011AD0E460446C0
:10C57000402101F095FC05F120012846324614F0D7
:10C5800040FD01AE2946402201F0B6F8284631466A
:10C59000FCF7D6F9691C204601F0CBF92846314654
:10C5A000FCF7CEF904F1200005F1210101F0C1F9F9
:10C5B00022B05DF804BBF0BDD0B502AF0446043034
:10C5C00001F0F2F800202060D0BDD4D4DCB504AF77
:10C5D0000C4601F0E6FA09220549984700218DF83A
:10C5E000040068468DF805100094F9F732FFDCBDB1
:10C5F000C3DE0400F0B503AF4DF804BD82B00D46B4
:10C600000446D1E90101EA68401A904201D2FE20B5
:10C6100022E02846FEF730FE0646C00705D0F005AA
:10C620004FF00D0058BF042011E0E8682946821E33
:10C63000684600F015F8009919B1019A330CFF20F3
:10C6400005E09DF804100420002918BF0D20C4E95E
:10C6500002120121A3806170207002B001F0A7B81E
:10C66000F0B503AF4DF804BDD1E90164331B93422B
:10C6700003D200210160017108E0A51808D2B5427B
:10C6800006D80B688D601919C0E9001201F08FB847
:10C69000024B204629463246F9F7F4FD4CD70400F8
:10C6A00080B56F460178DFE801F002020406806879
:10C6B00080BD407880BD408880BDBCB504AF0446D5
:10C6C0008888ADF8040008688D79062100906846D6
:10C6D000FFF7FAFCBDF80400A4F8050000982570E7
:10C6E000C4F80100BCBDD4D480B56F46D0E90012B7
:10C6F0008068024BBDE88040FEF7A0BD5CD7040017
:10C7000080B56F460278FF2A0CD10279082A2ED80C
:10C710000221DFE802F033052725050523232A003F
:10C7200001692BE0B2F10A0198BF002131B1012962
:10C730001CBF012080BD8068033080BD0A2A1FD83D
:10C740000221DFE802F006061B161B190D1D1D1D38
:10C750000D000130FDF7B2FE04310FE0C1680DE0BD
:10C7600004210BE00069411C08E0002106E000699B
:10C77000E2E78068811C01E0C068811D481C80BD23
:10C7800002480F21024AF9F7BCFD00BFBCD90400E2
:10C79000CCD90400F0B503AF2DE9000F89B00446F1
:10C7A0000020CDE90312059003AD2846FEF752FDA7
:10C7B0000E4601F00101C00703D06170FE20207019
:10C7C000C1E1E1B903A8FFF78FFF0546F0B21E28CB
:10C7D00043D00A46522842D1012A00F0ED81002AB6
:10C7E00000F0ED81DFF87C3402202946B5F80080A6
:10C7F000FEF724FD05460A460E0A0B202EE006A889
:10C8000095E80E000EC0701EC0B2012645080E2D20
:10C8100000F2A6810822DFE815F00F006F005F002C
:10C820004D00540077007E00A3018E00A400A301F8
:10C83000A301A3018500450006A8FEF70BFD0E46E7
:10C84000C00740F08D8106A8FEF716FD0546C0071B
:10C8500000F08A81C5F3002682E10C2062E1B01E5F
:10C86000C0B241080F2900F270810920DFE811F001
:10C870001000F200C6009C00BA0002016D01150113
:10C8800044016D012B0195006D016D016D01530196
:10C89000002A00F09781012A00F0A88195F8009005
:10C8A0000420A8E006A8FEF7E7FC8046C0073FD1B9
:10C8B00001256DE0DDE90680012208994FF00009AD
:10C8C0004FE006A8FEF7C6FC0E46C00740F04881C0
:10C8D0005FFA86FC042238E006A8FEF7BBFC0E4691
:10C8E000C00740F03D81701EC0B2012800F23781C0
:10C8F0005FFA86FC022228E006A8FEF7BDFCC1070D
:10C900002AD0C0F300262BE103A8FFF7EDFE8046F6
:10C910000846062205E003A8FFF7E6FE8046084623
:10C9200007221EE006A8FEF7A7FC8046C0072ED00F
:10C93000C8F3002614E106A8FEF78CFC0E46C007DB
:10C9400040F00E815FFA86FC05224FF00009DDF809
:10C9500018800798089904E04FEA10694FEA104ED2
:10C9600000225FFA8EF3454643EA092304F10C0ED8
:10C9700025818EE80310FF2020704FEA1860E072D6
:10C980004FEA1840E38066712271A072DBE0002557
:10C9900006A8FFF7A9FEFF22E8E7002A00F01481AD
:10C9A00095F800B00820B6E0002A00F00F81012AB7
:10C9B00000F01E81022A40F22B81032A00F035810B
:10C9C0002888062A698800F0EA80142A40F0C58089
:10C9D0006E8A4FF0020BD5F80630D5F80A20D5F84C
:10C9E0000E80DEE0002A00F0F380012A00F00281D0
:10C9F00095F80090022095F801A04DE0002A00F083
:10CA0000E980012A00F0F880022A40F20381032A1B
:10CA100000F00D81042A40F21281052A00F01281F3
:10CA2000A87829460290E878A14B0602687901901F
:10CA3000062001F0E2FC95F804B0FEF7FFFB024689
:10CA4000029888460199304340EA0B4040EA01656C
:10CA5000052050E0002A00F0BF80012A00F0CE80BF
:10CA6000022A40F2D980032A00F0E38095F8009072
:10CA700006200EE0002A00F0B180012A00F0C080FC
:10CA8000022A40F2CB80032A00F0D58095F800906E
:10CA90000A2095F801A06D883DE0002A00F0A080F2
:10CAA000012A00F0AF80022A40F2BA80062A69D03B
:10CAB000032A00F0CC80142A4FD18E4B042015217C
:10CAC0001422F9F7DFFB002A00F08C80012A00F025
:10CAD0009B80022A40F2A680032A00F0AE806A4BB7
:10CAE0000420294601F089FC6E88FEF7A7FB024668
:10CAF0008846072035460EE0002A75D0012A00F04E
:10CB00008580724B0220294601F077FCFEF796FBE8
:10CB100005460A4603205FFA89F14FEA184341EAC5
:10CB20000A21160A2070300CA4F80960C4F810C05D
:10CB3000E381A4F80C8022726560618084F801B002
:10CB4000E072C4F814E000F06DBC6C48FAF7E2F94A
:10CB50003046F8F7F7FAFAF745FB012002E0012624
:10CB600006F00100607029E6DDE906120898394BED
:10CB7000FEF764FB002968D090F800E04FEA154802
:10CB80000322EEE628884FF0000BB5F802E095F896
:10CB9000049095F805A04FEA004C0020BBE74FF049
:10CBA000000BC6EA004C1FFA81FE95F804900120A4
:10CBB00095F805A01D46AEE7284A00F017FD284A63
:10CBC00000F0F5FB3E4AFBE72B4AF9E7434AF7E75B
:10CBD000404AF5E7334AF3E72E4AF1E7234AEFE705
:10CBE000424AEDE7264AEBE7374AE9E7334AE4E70A
:10CBF000394AE2E7364AE0E7294ADEE7244ADCE739
:10CC0000194ADAE7384AD8E71C4AD6E72D4AD4E76A
:10CC1000334A08E0244A06E01F4A04E0144A02E0CE
:10CC2000334A00E0174A01F06CF92E4A10E0224A1C
:10CC30000EE01A4A0CE00F4A0AE0144A08E01B4AC8
:10CC400001F001F91B4A01F010F9034AB8E72A4A3A
:10CC500000F080FEA0D20400E8DC0400FCD904004F
:10CC6000ECD904000CDA04008CD904007CD904004F
:10CC70009CD90400ACD904006CD904002CD9040060
:10CC80001CD904003CD904005CD904004CD9040030
:10CC9000ECD80400DCD80400FCD804000CD9040053
:10CCA0007CD804006CD804008CD80400ACD80400F4
:10CCB000CCD80400BCD804009CD804005CD8040084
:10CCC0004CD804002CD804001CD804003CD8040024
:10CCD0000CD80400FCD70400CCD70400BCD7040057
:10CCE000DCD70400ECD704007CD704006CD7040028
:10CCF0008CD70400ACD704009CD704006700000068
:10CD0000F0B503AF2DE90007C4B08246494825902D
:10CD10000DF18809484888462490494647481C46F2
:10CD20002390164646482290104600F0ABF806F1D4
:10CD3000200548B343482590434824904348239016
:10CD40004348229006F1100022A900F09BF8D8B1C8
:10CD500040482590404824904048239040482290E5
:10CD600022A9284600F08EF870B13E4825903E4832
:10CD700024903E4823903E48229006F1300022A99C
:10CD800000F080F800284FD13046214600F080F8AE
:10CD900030B104F12001284600F07AF8002843D190
:10CDA00002AC402101F06BFB324A20462021FFF704
:10CDB00041F9314A202300923246FBF745FE2F4AC3
:10CDC00020462021FEF74CFE2D4A202301F0AAF830
:10CDD000042021468DF8880009F10100402216F058
:10CDE00007FA34AC402101F04AFB04F1200120464F
:10CDF0004A46412314F039F9B0B112AC34A94022AB
:10CE000000F0AFFC22AD202101F04AF804F120032C
:10CE100028464146224614F0FAF80AF10100294654
:10CE200000F087FD012000E000208AF8000044B0F7
:10CE300000F0F0BDE9F9A5B95E2C83A7F297BE2CEE
:10CE400020B003D20E359DE6CC030148ACF4FDDBE7
:10CE5000EFF491115A52155C63329ABF652AEB6D5B
:10CE6000DC809C491589D28B741C8ED08FED3024C8
:10CE7000766345C21CDA04002CDA04003CDA0400B4
:10CE80004CDA040080B56F4601F0AFFA00F0A0BDA7
:10CE900080B56F46202215F0CDFA00F099BDD4D4AC
:10CEA000F0B503AF4DF8048D92B004460AA80D46C4
:10CEB0002021164615F0CBFF1F2E29D90DF10808A9
:10CEC0002946202200F075FE144B202029463246C8
:10CED000FEF7B4F90246124800900AAD0B46202135
:10CEE0002846FBF7B1FD40462021FFF7EDF8284624
:10CEF0002021FFF7E9F82046414600F01AFD04F131
:10CF00002000294600F015FD12B05DF8048BF0BD3D
:10CF1000044B002020213246F9F7B4F96CDA040002
:10CF20007CDA04005CDA0400F0B503AF2DE9F80FF9
:10CF300016C84FF000083CB1601E904229D22C2345
:10CF400000FB03102C3001E0002408462C23A7F13D
:10CF50002D0902FB03154FF4205A42F6010BA8429B
:10CF600017D000F11A06494607F82D8C304627F8ED
:10CF70002CAC00F014F870B93046494607F82D8CF7
:10CF800027F82CBC00F00BF828B906F11200013488
:10CF9000E5E74FF6FF74204605B000F057BC80B5BA
:10CFA0006F4602780B789A421CBF002080BD013189
:10CFB000013022B1012A07D10968006801E009881F
:10CFC0000088401A00F004BDBDE88040FFF75ABF5A
:10CFD00080B56F4601784278807840EA012040EAC7
:10CFE000024080BDD0B502AF02780AB90A780AB112
:10CFF0000520D0BD8278520702D48A78520702D524
:10D000004278032A01D10220D0BD4B780FF20A01E9
:10D01000022001EB8304DFE803F0030C1110090088
:10D020000120022A38BF02200021D0BD064807494E
:10D0300001E007480749805C895CD0BD901E012152
:10D04000B0FA80F04009D0BD8BEB040086EB040001
:10D0500081EB04007CEB0400F0B503AF2DE9800FF9
:10D060008246FBF7CFFBDFF864B08046184958468C
:10D07000FDF7F4FA00220024B2F5FC5F11D0264639
:10D080001346855C0134FC32012DF5D100240244A5
:10D0900000EB0309C4546FF0FA0050B1145401308E
:10D0A000FBE700F08AFB4046FBF7E2FB4FF0000B8A
:10D0B00008E000F082FB4046FBF7DAFB09F10100D3
:10D0C000CAE90160CAF800B000F079BDA86A03207F
:10D0D00000D3040080B56F46C00718BF80BD02486A
:10D0E000BDE88040F9F722BFCA000000F0B503AFE9
:10D0F0004DF804BD0C460646FBF784FB0E49054679
:10D100003046FDF7ABFA202C3FBFC4EB841201235D
:10D1100000F8223008683FBF0130086028465DF8FB
:10D1200004BB3CBFBDE8F040FBF7A2BB034A20466E
:10D130002021F9F7EDF800BFF0D204003CD704003D
:10D1400080B56F46062A3CBF002080BD0278437838
:10D15000D0F80200C1F8020002200B704A7080BDB6
:10D16000052A08D90A78052A07D24B784BB1012B3A
:10D1700003D1012306E0022101E04FF48171018017
:10D1800070470023B0B502AFCC78072C01D3102C28
:10D1900003D94FF481710180B0BD8D788988C47046
:10D1A0008570427003708180B0BDD4D480B56F4665
:10D1B000084603490222BDE88040F8F741BA00BFA3
:10D1C000CCDE0400C6F84C0B02F59070C6F8482B74
:10D1D000C6F86C0BC6F8701B70479DF81300E07022
:10D1E000BDF811009DF82310DDE90565A4F80100E4
:10D1F000BDF82100079A9DF82030ADF80C008DF89D
:10D200000E102374C4E90165E260A4F81100E17412
:10D2100070479DF82080DDF81C90BDF821009DF836
:10D220002310DDE90552ADF80C00A4F811004846C2
:10D230008DF80E10E17441460292EFF757BB44F8A7
:10D24000390004EBC900416009F10100C8F8000091
:10D2500070470446154654F8049B0E468046214606
:10D260004FEAC90070470020A14686F8750B4FF4BD
:10D270009070B6F8BA1170470722C1F18F0182434E
:10D28000012301EBC101C00803FA02F2109B002C3C
:10D2900019440B5C23EA020570471C9944F2D8102C
:10D2A00008441D99EDF76EB895E80E0030460EC0A3
:10D2B0002046D8F7F1BF0C9806F534652946026878
:10D2C00070471C9944F2D9100B228BF83055084452
:10D2D0002146DBF8205515F08BBF2B98B0F868205D
:10D2E000406ED0E90001D8F7DABC0020A14686F8EC
:10D2F000750B4FF4907070472374C4E90165E260C8
:10D30000A4F81100E17470471C9944F2D810084445
:10D310001D9970470146012000294FF00101704717
:10D320000C9806F64845294602687047DDF83882B1
:10D3300018F1020070478DF840005846FEF7E4BA35
:10D34000DDF87C2A9DF8800ADDF8781A70473146AE
:10D350008DF841000222D9F808007047DAF8180069
:10D360002146F9F7D7BF81F8480D00200D9981F8C3
:10D37000400D20027047759BDDF8D101CDF87B315F
:10D380005E905E98704794F8442304F1180004F509
:10D390005175002A7047D5E90001013041F10001C3
:10D3A000C5E9000170471022304615F021BF00206A
:10D3B0000021F8F7ADBFD9E9023182B21846F0F783
:10D3C00045BFBDF819909DF818B09DF81BA0D8F77F
:10D3D000CBBE02B05DF804BBF0BD0A460838083188
:10D3E00053689D4270474FF4847215F077B8E2FBA2
:10D3F000030143F60952002315F006BFC1F8400BA4
:10D400000D98C0F8446B0D9EC6F8485B7047F4E871
:10D41000021049680847029884F810806560C4E9E2
:10D420000209704709B0BDE8000FF0BD05210020DA
:10D430008AF8F813210666F317418AF8F00341EAE7
:10D4400005210AF57E700531CAE97C18DDF8748083
:10D45000CAF8F801704785F8602096E80E000EC003
:10D46000514605F1480090E81C005046AA461CC1F0
:10D47000FEF76ABA92A895E84C0001464CC1DBF869
:10D48000201590E82C0000202CC41A9CDDE91865BA
:10D490008BF84005CBF83C15704702996FF00100FE
:10D4A00008607047012200212A720202002870479A
:10D4B0004168019A01394160114370474FF45E7130
:10D4C000DDE90102514370471F99FD20DDF8ACA052
:10D4D000087070470C9806F534684146026870473A
:10D4E000D8F800000130C8F80000704707B0BDE868
:10D4F000000FF0BD1C9A044641F289709AF8D05191
:10D5000010440722DAF8E061DAF8B08115F022BDA4
:10D510001322204615F06CBE1022284615F068BE76
:10D52000D0E90001D8F7BBBB062100208AF8E81338
:10D53000310289B28AF8E00364F317410AF57A7080
:10D540000631CAE97815CAF8E80170470BF10801FD
:10D550002246F7F7DFBB114630462A4615F048BE93
:10D560000DF59F680DF55C7970470446056800204D
:10D5700001C47047CDE9000404F1280594F8500077
:10D580000028704705B0BDE8000FF0BDDDE9CA0115
:10D590004FF00408DDF884B088427047D8F80020C6
:10D5A00028462146E5F7E8BC08F10500611C132276
:10D5B00015F01EBE1C9A044641F27970DAF8B0519B
:10D5C00010440E22DAF8D06115F0C4BC0BB0BDE8EF
:10D5D000000FF0BD1022204615F00ABECBF83C55D6
:10D5E0000020DDE919548BF8400570470120012126
:10D5F000F8F78EBE00924246FBF726BA206801304B
:10D6000020605DF804BBF0BD00230422042000214B
:10D61000704701EB4101002C059303EB810106915A
:10D6200002EB42010390029400EB810004907047EA
:10D6300019F1010048F10001CBE9000130680099BF
:10D64000013030600120087000200199704701EB23
:10D65000800100221C927047C0F30726C1B2022944
:10D660007047CDE92B100BF5107CBBF85803294609
:10D670002A902D959CE87D007DC109F11800704726
:10D680000020279B8AF870001498AAF86C0016985E
:10D69000CDF85C80CAF86000CAF8504070471C9909
:10D6A00041F25870DAF8B0510C18DAF8BC11204683
:10D6B000FCF7D8B9BDE8000FF0BD1AF101004BF13D
:10D6C0000001C8E9000128680299013028600120A2
:10D6D0000870002070473869102200BA6990786994
:10D6E00000BA6890B86900BA6790F86900BA6690A5
:10D6F0007047132215F07CBD304615F079BD8DF8CA
:10D7000041003146E01C8DF8400058460222FEF7E9
:10D71000FBB8D9F800000130C9F80000704702EBEF
:10D72000C101039000EBC3007047DAF8000001303C
:10D73000CAF80000704790E838000A46012038C255
:10D74000704707B0BDE8000FF0BDD1E90012FAF74D
:10D750001CB91322701D15F04BBD00913146FCF72A
:10D760009DBE204615F044BD4FF0FF300860704765
:10D77000284615F03DBD00F55E70A1F55E7170475D
:10D78000A0FB020301FB023170470D6804462868C4
:10D7900000287047DDF860A00DF59F6870470168AC
:10D7A00042688368C0687047102215F021BD5DF89B
:10D7B00004BBF0BD5DF804BBF0BD08680130086033
:10D7C000704700230B7201EBC203D3E903347047A7
:10D7D00028883146ADF8410058468DF84090FEF754
:10D7E000E5BCD1F800A08446DAF8000000287047B4
:10D7F00052F82020D1E90001CB68214670470298F9
:10D80000DDE90412C4E90112007870470FCB41EA48
:10D81000030440EA02052C43704701EBC20203EB0C
:10D82000C404C0E90034C0E90212D0BDFF208DF865
:10D83000F80405208DF8FC047047D9F80010013970
:10D84000C9F8001006B0BDE80007F0BDBDE8000F44
:10D85000F0BD28683146CDF8410058468DF840802B
:10D86000FEF7A4BC012041468DF8310204F11200FC
:10D87000B62215F0BDBC0BF580700BF1DC01202247
:10D88000CBF8FC5015F0B4BC206801302060704724
:10D89000BDE8000BF0BD0120F9F756BB217001680F
:10D8A00001310160D0BD07F8010C781EF9F7F4BB17
:10D8B000606204F12800D4F79BB8404621465346E5
:10D8C000F6F70ABB01680131016070472846F3F79B
:10D8D00093BB4046FDF730BE5DF8048BF0BDB0222F
:10D8E00015F086BC2868013028607047325C5140D2
:10D8F00031540130704784F8440304F11800C4F82F
:10D90000402304F5517584F8453370476FF00100EA
:10D910000860704702EBC101059000EBC300002CCA
:10D920000792089106900194704702B05DF8048B4D
:10D93000F0BD202215F05CBC05F1080114F0CEBD4D
:10D94000D4E90160801B8542704781B200F47F02F8
:10D950000229704703200321F8F7DABCC0F307223D
:10D96000C1B2022970471346024608461146704765
:10D9700014460546EDF78CBB5146289511F85F0F0C
:10D980001D9127391791002129941B917047DDF8CB
:10D990000C92BDF80AA2704702EB716282EA33640E
:10D9A000704718C80A4618C201238AF8283003882D
:10D9B0008078138090707047D0E90001FBF736BE85
:10D9C000A7F1680240463146CDF800A0FBF768BBDE
:10D9D000B0FA80F0400980BDC10D1BEB402041F141
:10D9E0000001002315F010BC00924A46FBF72CB84A
:10D9F000DBF8FC000BF58074002100688BF82C111B
:10DA0000CBE94904704700203146F8F73BBC0020C1
:10DA1000F9F79ABABDE80007F0BD2846F7F7CCB988
:10DA20002146E5F7A9BA2046D8F736BC6FF00100C9
:10DA300028607047D8F80800102870479DF800004B
:10DA4000012870470168013901607047C6F8741CED
:10DA50004FF49071C6F8500C0220C6F8702C704735
:10DA60000023FAF73BB8C6F8740C4FF49070C6F870
:10DA7000540C0220C6F8701C704786F87D0C4FF4D9
:10DA80009070C6F8540C012086F8400B7047409007
:10DA9000DBF81C0041901198129900F001031098D6
:10DAA00070474846F7F7C0B900F47F410022B1F54E
:10DAB000807F4FF000034FF002017047279B002248
:10DAC00085F89920169AC5F89420CAE91F01704775
:10DAD0000D46F9F74DBF2946EEF790BB06F1080257
:10DAE00011940DF1240A07CA0EAB07C30EAD70479F
:10DAF0005846F7F7F7BB01208DF8CE01BBF86C0351
:10DB0000ADF8CC01DBF8680370470020114601F83E
:10DB1000140F029151F8108C41F80C8C70470020C2
:10DB2000CDE929B98AF82000DAF80000CAF8140013
:10DB300070475368D3F81026D3F81436F9F7E2BFCC
:10DB4000B2FA82F2520910435DF804BBF0BD90E8CE
:10DB50004C00404629464CC1D8F73CBC0190B868FF
:10DB6000894600904046D9F74DB802460B4611460B
:10DB700030461A46FEF70EBE0C98056806F5AC70E6
:10DB80002946FAF745B8BDF84C105046DDE914486F
:10DB9000FCF7E4BC68304FF0FF3111FA82F6FBF776
:10DBA0007DB9D1E90001CB68704708680138086089
:10DBB0007047404615F01CBBC26808461047BDE8D8
:10DBC000080FF0BDD1E90001D1F80CC0194670472B
:10DBD000D0E90012013142F1000270471290DAF8E8
:10DBE0004C109AF85020704704EB83030224C3F8CA
:10DBF0000047704700F10802019201AA00927047A5
:10DC00002D1A64F10000BBEB05017047DDF87B10B5
:10DC10000C221E981A9170470FCB12BA00BA09BA9B
:10DC20001BBA70471F9903202070FD2008707047B1
:10DC30000C9806F53464214602687047C4F8000267
:10DC40000120B8F1000F70470860A7F1090207F83A
:10DC5000090C70470130CAF8000070470446009371
:10DC60000846114622467047B02214F037BC9DF892
:10DC7000D0B1BBF1FF0F7047D6F8080BC6F8401BB8
:10DC8000C6F8440BC6F8485B704796F8B91106F51C
:10DC9000346286F8491DD6F8081B70471C9941F27A
:10DCA00064500844704775999DF8D0610029704709
:10DCB0008DF8F804DAF828107047DAF82810DAF846
:10DCC00038207047C8E900312868049A013028607C
:10DCD000D2F80C807047DDE902129DF81000C4E90B
:10DCE000161284F860007047034603F8012B8B423C
:10DCF0007047D1E900240023A242704794E86E00E7
:10DD000048466EC0704794E86E0040466EC070474B
:10DD100000900846114601AB70470A68013A0A6054
:10DD200024A996E838000A4638C270478046012088
:10DD3000B8F1000F704720EE020A20EE010ABDEE96
:10DD4000C00A10EE100A704705F108008399169179
:10DD5000BDF80AA29DF809927047DAE915161691E6
:10DD6000BAF85C10149100211B91704781F83900BA
:10DD70004FF49070C1E9033003F5907070470020B4
:10DD8000CDE924582690062000901EA824A97047AB
:10DD90000020CAF8CC418AF8C4030220CAE9710500
:10DDA00070471C9941F274500844F3F784B91C99E8
:10DDB00041F254500844F3F770B9DDF83C90F9682B
:10DDC0004A46F0F70AB943F6095215F01DBA99F818
:10DDD000035099F80440F9F77CB8316828460847A1
:10DDE0009DF878019DF8B211D7F73BBEFD2089F868
:10DDF0000000704708F10600B022183115F0F8B99C
:10DE000095F8080195F80911FDF7D8BC04F148060A
:10DE100051463046ECF784BD1946F1F779BD0068EC
:10DE2000D0E90012704705F1D00152462046D4F7E0
:10DE300020B9DDF860A020465146D4F763B803202E
:10DE400084F85000BCBD04200421F8F761BA1E46D6
:10DE50009246D8F787BE9DF8980301287047603630
:10DE60005146AC192046FEF7F2B905200521F8F716
:10DE70004FBA1D9A0C1828462146ECF733B90620F4
:10DE80000621F8F745BA41461022FDF7AEB94FF02A
:10DE9000C07240F66613F9F735BE2846F2F746BA67
:10DEA000284614F0D4BFC0F8401300F51C70F9F7F1
:10DEB0005FBD02460B46114670479DF86800FF287B
:10DEC0007047D0E90001F0F7C1B952460423EDF7DD
:10DED00051B829463246F7F7EBB9584631468DF826
:10DEE0004080FEF763B930468B46D8F7E0BA30463B
:10DEF0002346F2F729BB0C46F8F7EBBF0220F9F7EF
:10DF000023B802200221F8F703BA2046F7F728B910
:10DF10000130B72215F06CB9044690E82600284677
:10DF2000FDF78CB900922A46FAF78EBD0092524650
:10DF3000FAF78ABDDDF834B001208BF820018BF8A8
:10DF40002C017047D6F84C0190F82910013180F867
:10DF500029107047DDE902018842704794F8452393
:10DF600004F1180004F24535002A7047A4F8DD00DA
:10DF7000002060662069C4F8D8007047994202EB1F
:10DF8000C3007047D4E90201013041F10001C4E946
:10DF90000201704700688AF828100AF11D01CAE9D9
:10DFA00008017047D6E90001013041F10001C6E9DE
:10DFB0000001704710984192069A409411443F9195
:10DFC00012997047A9F101052C24DAF8002005FB0D
:10DFD000048470479B1A61F10001BAEB03047BEBE8
:10DFE000010470470B7201EBC20301321C691B7BF9
:10DFF000037170473068214601303060032028707B
:10E0000001207047286802990130286003200870B9
:10E0100001207047012086F8610F86F8450F86F8C9
:10E02000360F70470020DAF8B411CAE97110CAF847
:10E03000CC01704700208BF85C08DBF82005CBF89A
:10E040005808704700208BF84005DBF82005CBF816
:10E0500038057047C4E90021B0BD0320F8F774BF4C
:10E06000BDE8000BF0BD2946FFF740B82046F2F7A7
:10E070005DB92046F2F768BA202800F01F0070470B
:10E0800043E80025002D704753E8005F002D7047DE
:10E090009DF83001FF28704784F8283022627047CD
:10E0A000DAF80000406870479DF8F80201287047D0
:10E0B0009DF80862FD2E7047406800F2646070476A
:10E0C0009AF81C00C0077047D0E900125046FBF7D1
:10E0D0009BBA06F5AA702946E4F720B904F144007A
:10E0E0004146E4F779BF4FF0FF32084604C070475D
:10E0F0004A4630462946DFF7B9B809F110004146D3
:10E10000E7F77CBD0068D0E90010096808478DF882
:10E1100068062846EFF736B81D9802682046F1F7E2
:10E1200025BC406800F5B560FCF798BA10609068AF
:10E13000431C936080BD1A4616915046E4F73EBEDC
:10E1400027F8680C504614F082BE054608460C4677
:10E15000F8F77CBF504621464246FDF7D5BB2F9AC3
:10E160002D9B5946EEF7B6BC5846CDF808B1F7F7E7
:10E17000B9B830464146BDE80007F0BD0846114633
:10E180005822F8F77FB8084611461A46FBF74EBAF0
:10E1900004F120002946ECF76DBC04F12000414653
:10E1A000FDF7FABC00F8014B6860FF20B0BD8DF8A8
:10E1B000C8072046EEF7E6BF204649462A46F2F752
:10E1C00016B90BF592705146F1F7A2BB1B9A0228C3
:10E1D000DDF86910704700220AF5E87307C3CAF832
:10E1E000DC21704731880180B17881707047C6F8B2
:10E1F000400BC6F8441B70471C9941F22C50D8F8CC
:10E2000000200C18704796F8BA01204796F8B9011B
:10E21000204743F608500021002370479DF8D001A5
:10E2200021F0FF017047D6F84C1191F82900704792
:10E2300075999DF8D04120F0FF0500297047759928
:10E240009DF8D051002970475FFA80FBBBF1000FA9
:10E250007047A5F80D000220687770478DF8F80424
:10E2600008F101002146B72270474FF0FF310268E4
:10E2700011FA86F1914270479DF8800ADDF8781A0C
:10E28000DDF87C2A7047D4E90001C4E90501C4E93E
:10E2900002017047D1E90101C4E901017047DAF8D0
:10E2A00028108DF870037047092214F0A1BF9DF863
:10E2B0001882B8F1FF0F70470024042104230022C4
:10E2C0007047D0E901236065981A84F8645070475C
:10E2D000199DF8F71FBEC2B2022A6FF0010252FA6E
:10E2E00080F27047C82214F0F9B80646D0E9003130
:10E2F00001227047BBEB0500CDF878067047D8F8CF
:10E3000008000968C9057047C0F30725C1B2022992
:10E310007047C8B2D1B2199202EB002002297047AF
:10E320009DF8B8819DF8B901B8F1FF0F7047C0435F
:10E3300000064FF0020070471998B02200F1080162
:10E34000704724A90F9E084696E82C002CC0704701
:10E3500081F4404142F82010704708F10100B0FB01
:10E36000F2F101FB120070479DF810B0BBF1FF0FF6
:10E3700070470FCB41EA030540EA02063543704778
:10E380004C909DF87C01779A8DF834017047DBF84A
:10E390005002DBF85312CDF8CB11704722F0070C76
:10E3A000D1E9001270477090080C8DF8C6019BF8F7
:10E3B0006703704760F35F08CDF810807047B2EBD9
:10E3C00008004FF000017047119A0228DDF8411053
:10E3D0007047484614F00CBF4846F2F708B8284684
:10E3E000D7F70CBE284614F029BE102214F022B82C
:10E3F00091E81C001CC00120704795F8009095F82A
:10E4000001A070478BF894060BF58B60CBF83005B4
:10E4100070474046D7F7F2BDDDE992129DF85002F1
:10E4200070470021FAF76ABA01214FF0040BC007C8
:10E430008DF8291370470C18583004F118037047F1
:10E440005046FCF78BB8FE202070B0BDCDE912011C
:10E45000002014907047304614F0F0BD3046F2F7BB
:10E4600073B8BDE8080FF0BDDDE91363DDE9115CA9
:10E470007047204614F0E2BD2046F6F7D5BC204692
:10E4800014F0E5BC2046D3F767BA2046FEF715B96D
:10E490000446086890460B79D0E9001270470020C6
:10E4A0003F9000202E9070470020A56384F84C0018
:10E4B0007047DDF8C807023070479DF8D001FF288B
:10E4C00070470139416000687047769ABDF8D08185
:10E4D000704741680139416070479DF8F854FF2D3D
:10E4E000704770196060FF2070479DF87053FF2DD2
:10E4F000704714460A4601467047FF208DF83002E7
:10E50000704730680130306070470220D6F8082B21
:10E5100070470446087AC0077047002040F2011295
:10E520007047D4D4064B074ADB7802604FF442723E
:10E530008280C3710822002382710372704700BF7A
:10E54000D8E7032061A30300064B074ADB7A026089
:10E550004FF4B0728280C3710822FF23827103726C
:10E56000704700BFD8E70320199203002DE9F3415B
:10E57000C41D002824F00704064614BF20460020CE
:10E5800000F08EFF071E04DA6FF00B0002B0BDE84A
:10E59000F081364DE988A8886B7A2A7A03310330F6
:10E5A00089B280B201F020F90028EDDBA978EB7880
:10E5B0003C440334002E194424F0030400FB01F111
:10E5C00014BF2046002001F023F920440EB9002892
:10E5D000DADBEA7A0446B2B1EB7B697C1344194476
:10E5E000FF29D1D80330002E20F0030414BF2046A9
:10E5F0000020AA89C9B201F0A9F90028C4DB0444AB
:10E600000EB9002CC0DB012000F040FFB0B1A97BA7
:10E61000A1B195F82A3033B340234FF48172073407
:10E62000002E24F0070414BF2046002003F086F8D3
:10E630000028A9DB04440EB9002CA5DBAB7AF3B1AA
:10E64000EB7AABB10734002E24F0070414BF204648
:10E650000020A97A08F034FC002895DB044476B940
:10E66000002C0CDA90E725232822D8E7D8E70320EE
:10E67000012000F00BFF10B1AB7B002BE2D1734BFC
:10E680001B6893B1A97D81B10334002E24F00304EB
:10E6900014BF20460020EA7D98470028FFF674AF9B
:10E6A000044416B9002CFFF66FAF694B1B688BB1A1
:10E6B000297C79B10334002E24F0030414BF2046D2
:10E6C000002098470028FFF65FAF044416B9002CDD
:10E6D000FFF65AAF5F4B1F68AFB1697C99B12B7DD4
:10E6E00000930334002E24F0030414BF20460020BE
:10E6F000EB7CAA7CB8470028FFF646AF044416B965
:10E70000002CFFF641AF072000F0C0FE98B1A97DB4
:10E7100089B10334002E24F0030414BF20460020E6
:10E720002A7E01F0E7FA0028FFF62EAF044416B95E
:10E73000002CFFF629AF95F82300B6FA86F77F097B
:10E74000A0B16B7FA97E033424F00704194444F080
:10E7500004043B462246C9B201F032FB0028FFF612
:10E7600013AF044416B9002CFFF60EAF95F8241031
:10E7700000294CD004F10708002E28F0070814BF28
:10E7800040460020EA8C01F0B5F8041EFFF6FCAE0E
:10E790004444002E3ED1002CFFF6F6AEA97F00299E
:10E7A00045D095F82230002B41D02A8C0734002E1A
:10E7B00002F1240224F0070814BF4046002092B260
:10E7C00001F098F80028FFF6DFAE404416B90028A3
:10E7D000FFF6DAAE2B7FA97E033020F0070040F071
:10E7E0000404194495F822003B462246C9B201F0C0
:10E7F000D9FA0028FFF6C8AE044486B9002CFFF60B
:10E80000C3AEEB6AF3B1C6B1EC620020BEE6002EE7
:10E81000C4D08846E98C40460EF030FCBEE72A8C16
:10E82000A97F083292B240460EF02EFCE9E7002E96
:10E83000E7D0002211461046F6E728343FF5A4AE93
:10E840002046A3E6002EE0D1FAE700BFC4F2032081
:10E85000C8F20320CCF203201FB572B6194B1D6B12
:10E86000EDB9BFF34F8F1849184BCA6802F4E06244
:10E870001343CB60BFF34F8F00BFFDE72346B2FBCE
:10E88000F6F25C1C002AF9D104AEDCB256FA83F32E
:10E8900003F80C2C0A2234B901A8A847E1E7024684
:10E8A00000230A26EDE7631E04AEDCB256FA83F3BA
:10E8B000B0FBF2F602FB1600303003F80C0C3046C9
:10E8C000E9E700BFD8E7032000ED00E00400FA0507
:10E8D00013B5124C2389ADF80030E388ADF804304D
:10E8E0006846A388ADF8023005F010F918B1FA2196
:10E8F0009C20FFF7B1FF207D05F024F908B1FD2130
:10E90000F6E7E07C05F018F908B1FE21F0E794F88D
:10E9100028000CF01FFC02B010BD00BFD8E7032098
:10E9200008B500F0DBFA05F0E5F9FFF7D1FF0020AC
:10E9300008BDD4D438B5054600283DD011F030FCD0
:10E9400010B94FF0FF3038BD0EF0C4FFB0F5FA7FBC
:10E95000F7D81B4C25631B2500212A4604F10F0024
:10E9600084F83410217084F82A10E16211F00AFF53
:10E970000123A370E370E372A3742376F7230321CA
:10E9800008202384FB2302222172A072A1731F207E
:10E990004921E3840A23A580E5806272A081E174A5
:10E9A000E27584F82830EFF3108472B601F018FA9B
:10E9B00004B962B60020C6E76FF01500C3E700BFD8
:10E9C000D8E7032038B51446002840F0C480634DD2
:10E9D00095F83430032B00F0BB80B9B112B96FF059
:10E9E000150038BD0139172900F2B580DFE801F0C4
:10E9F0000C1D20366069873C6C6F814248565B8DE8
:10EA0000909FA2A596B3B3A81378AB700020FFF730
:10EA1000ADFD0028B7BF0123022385F834306FF025
:10EA20000B00A8BF85F83430DBE71378EB70EDE717
:10EA30001379002BD3D05379002BD0D01288FB2A26
:10EA4000CDD863881B3B9BB2E02BC8D81A2AC6D905
:10EA500023686B60424BA2889A80D7E71378EA7BE1
:10EA60009342BCD3EB72D1E71378EA7A9342B6D8DB
:10EA7000EB73CBE71378EA7A9342B0D86B74C5E7AF
:10EA80001378002BABD05378013BDBB2F82BA6D820
:10EA900013886B82334B92789A70B7E71078687559
:10EAA0000CF0E0FAB2E71378002B98D02B76ADE7A4
:10EAB000012000F0EBFC237808B1012B8FD9AB7358
:10EAC000A4E71388AB81A1E71378AB759EE7072015
:10EAD00000F0DCFC10B92378012B80D9072000F06E
:10EAE000D5FC18B12378002B3FF479AF2378EB7570
:10EAF0008CE71378082B3FF672AF2B7486E71388E8
:10EB0000FF2B3FF66CAFAB7280E713786B767DE737
:10EB100013780E2B3FF663AFAB7677E72368124A84
:10EB2000C5F81E3063685360238913816EE713783C
:10EB3000EB766BE713786B7768E713782B7765E7ED
:10EB400013785A1E092A3FF64AAF85F828305DE748
:10EB50004FF0FF3045E76FF02C0042E7D8E7032085
:10EB6000DCE70320EAE70320F6E70320F8B50D46CB
:10EB7000064630B329B311F0070422D1124F97F89B
:10EB80003430012B02D16FF00B00F8BD032B02D102
:10EB90004FF0FF30F9E701F061F90028F8D028467E
:10EBA000FFF7E4FC0028EEDB0CF0DAFA3046F96AF5
:10EBB00005F08EF8FFF78CFE032387F834302046EB
:10EBC000E3E76FF01500E0E7D8E7032010B5074C46
:10EBD00094F83430032B03D105F08CF806F09AFD3D
:10EBE00001F02CF9002084F8340010BDD8E7032090
:10EBF00008B505F037F8BDE808400249032000F0E9
:10EC00003DBC00BF49E5020008B505F03FF8BDE88E
:10EC100008400249022000F031BC00BF25E5020097
:10EC200004F09EBF04F0AABF04F0ABBF38B50546A0
:10EC30000C4600F067F930B13E2D04D12046BDE806
:10EC4000384000F0A3B938BD37B50446204606F079
:10EC500099FD022805460FD004280DD123788A2B70
:10EC60000DD0942B21D0204600F038F8A1782078E0
:10EC7000FFF7DCFF0028E9D0284603B030BD0521AE
:10EC80003E20FFF7D3FF0028EDD1E378227901A9D8
:10EC900043EA02236846ADF8003004F027FF00285D
:10ECA000D4D053210820FFF7D7FD1A213E20FFF7CB
:10ECB000BDFF0028D7D16379A27943EA0223ADF8DA
:10ECC00004306946112301A88DF8063004F040FF96
:10ECD0000028BBD06521E5E706F030BC10B503780D
:10ECE000813B04461A2B35D8DFE803F0353B474B10
:10ECF000556D730E6741818761777B8D9BB5C0CE63
:10ED0000E0E6ECF234DAD400292000F03FF930B12B
:10ED10003E232370222363702923A3701AE00A2064
:10ED200000F034F93E23237018B11F2363700A23C7
:10ED3000F3E70123A37013236370E37903F0010366
:10ED4000E371D4F81A30C4F80E30E38B638294F880
:10ED50002030237510BD3E23037004234370142319
:10ED6000DBE73E2303700A2343700323D5E73E23EA
:10ED700003700D2343700523CFE70523237004237D
:10ED800007E05A2000F0BEF808230028F6D05A22E7
:10ED900022706370DEE75B2000F0B4F818B15B23EB
:10EDA00023700623F5E7302323700323F1E73E2386
:10EDB00003700B2343700723AFE73E230370062342
:10EDC00043700C23A9E71323037083789B0001335E
:10EDD000DFE7572303700223DBE73E2303700D2395
:10EDE0009BE73E23037001234370112395E73E23E5
:10EDF00003700623437012238FE73E230370092319
:10EE00004370132389E73E230370242000F0BEF8EB
:10EE100018B12423A3701423BBE70E23A37010237F
:10EE2000B7E73E230370252000F0B0F8227B20B125
:10EE300025230B32A37062708CE70F23A37002F1BD
:10EE40000803637004F10B0104F108000232BDE80D
:10EE5000104011F057BC3E230370262000F096F8B6
:10EE600018230028D6D02622A27092E73E230370F2
:10EE70002A2000F08BF818B12B2363702A234CE76B
:10EE80001D236370192348E73E2303700723437053
:10EE90001A2342E7FF2303700D23437080233CE7CE
:10EEA000FF23037029234370812336E73E23037039
:10EEB0000C234370232330E73E2303700E2343705B
:10EEC00037232AE73E2303700A234370352324E7C0
:10EED0003E230370FE2343702B231EE7074B4FF0A6
:10EEE000FF3141F6FF72C3E9001205490022C1E972
:10EEF00000221F21C3E90212704700BF808A03204D
:10EF000010E803203F280CD801380B4BC0F3421205
:10EF100000F01F0053F8223023FA00F000F0010047
:10EF20007047FF2806D04038C0F34212034B00F070
:10EF30001F00EFE701207047808A032010E80320BC
:10EF40000146074B006849681A4603C240F48C2208
:10EF50001A6041F0107242F4FF625A60002070475C
:10EF6000808A03200246034B0068516803C30020D7
:10EF7000704700BF10E803200246034B0068516849
:10EF800003C30020704700BF888A03200138064B66
:10EF9000C0F3421203EB820300F01F009B6823FAC8
:10EFA00000F000F001007047808A032008B510B916
:10EFB0006FF0150008BDFFF78FFE0028F8D0002085
:10EFC000F8E710B50C4648B141B1FFF73DFE002807
:10EFD00020700CBF6FF02200002010BD6FF01500F4
:10EFE000FBE7D4D4F0B50C88C37C0288A5B2C4F387
:10EFF0000E0404F118060233865B1A44334497B2B8
:10F0000013FA82F3013B4288B3FBF7F313FB074388
:10F010009BB29A42044A93BF22EA05032A40134353
:10F020009BB20B80F0BD00BF0080FFFFF8B5941CC1
:10F030000C446343B3F5004FA8BF4FF0FF330E46B7
:10F0400010F00301054617469CB203D0B0211420EE
:10F05000FFF702FCB4F5004F01D9B121F7E7142204
:10F06000043011F08FFBEF746C802E80F8BD38B542
:10F070000388C48805898B42C4F30E0203D2D121D0
:10F080001420FFF7E9FB84EA0503C3F30E030BB971
:10F09000AC4206D102F118030122C1528274184415
:10F0A00038BD1846FCE7023101444A43B2F5004F2F
:10F0B000A8BF4FF0FF3290B21B3020F00300B0F534
:10F0C000004F34BF00B24FF0FF30704740881B3014
:10F0D00020F00300B0F5004F34BF00B24FF0FF3016
:10F0E00080B2704738B503888B4203D2F7211420D1
:10F0F000FFF7B2FB857C65B1C388C3F30E031833F9
:10F10000C25A8A4207D3C152811DFFF76BFF002309
:10F110008374284638BD0025FBE70346F0B59E887A
:10F12000DD88B4B2A54200F11800C6F30E0616D071
:10F130005F89DD7C845B3D4402353544E41B284413
:10F140000D88A4B2A54288BF0C805989B1FA81F11B
:10F150004FEA511188BF25461170DD81F0BD0025B1
:10F160002846FAE7F8B58288C389002604460D468A
:10F1700092B20E60CBB1C2F30E02418918328718E9
:10F180000B44825A9BB29342438104D94FF4A2713B
:10F190001420FFF761FB04D1011DFFF723FF468117
:10F1A0002F600023E3810120F8BD1846FCE7838827
:10F1B00002899BB29A42014602D00831FFF712BF82
:10F1C00070478388C0889BB2C31A58425841704721
:10F1D000828873B5C48895B2AC42C2F30E0202F1C4
:10F1E000180212D04189C689835A314499420EDBF4
:10F1F0000DF10601ADF80650FFF7F4FEBDF806006C
:10F20000001B18BF012002B070BD0020FBE70120E9
:10F21000F9E770B5C488068984EA0602C2F30E02D3
:10F220000346C4F30E0518300AB9B4420FD19C89C5
:10F230001A880CB1465B921B914207DCDA7C2C44A5
:10F240000232224410440A461A8270BD002210463F
:10F25000FAE7F8B5038A002B38D08B4236D3C4883E
:10F26000858900F11803C4F30E041E1995B91D55C4
:10F27000757085891E5B0D44ADB23144858119538B
:10F28000D2B1811DFFF7AEFE0023838100230382EC
:10F290000120F8BD1E5BAE4204D04FF4F67114207D
:10F2A000FFF7DAFAC57C878A2644023535445E19B1
:10F2B0005F53857DB570DCE7C27C254402322A4469
:10F2C00099189B5A83828B788375DFE70020E0E7EB
:10F2D0008388C2889BB29A4206D0428922B9C3F37E
:10F2E0000E0318331844704700207047C37C023364
:10F2F000C8187047C37C0233C81A70470230704781
:10F3000038B58388C2889BB29A4207D045892DB907
:10F31000011DFFF767FEC581012038BD0020FCE715
:10F3200003881380C388C3F30E03183303440B60B0
:10F33000808970474A1E062A08B50346084604D845
:10F340004FF4D1711520FFF787FA094A914202D98B
:10F3500040F2A311F6E711B903B1196008BD2BB152
:10F360001B680022C3E901211A1D1A600430F5E769
:10F37000FAFFFF7F0368002223B9C0E90132031DB1
:10F380000360704759681B680A44F5E7072970B5A0
:10F39000034604D84FF4EC711520FFF75DFA0068BE
:10F3A000C0B144681A688C42064610D0106860B933
:10F3B00001F10805AC420DD3546850501868651A25
:10F3C000541800686560505002E01346E9E714687D
:10F3D0001C60304670BD0023C1E9003203680B6039
:10F3E0000160704730B590B18478B1FBF4F304FB51
:10F3F000131300EB430252898A4201D1D8B230BDC7
:10F40000C27822B900F10803D0B2844201D8FF20AB
:10F41000F5E733F8025F8D4202F10102F4D1EEE725
:10F420008278038805324B4303EB4203184470474C
:10F4300010B5114B00EB41041A786389B3FBF2F36A
:10F4400003FB0223013A1A44B2F5706F0279807807
:10F4500028BF00231A440B18B2FBF0F100FB112166
:10F460005B1AB3FBF0F100FB113313446FEA434323
:10F470006FEA5343638110BD18E80320024B03EB8E
:10F4800080035960704700BF18E80320034B03EB6B
:10F4900080035868003818BF0120704718E803201F
:10F4A0002DE9F04F10F0070A85B0054604D040F270
:10F4B0006F111720FFF7D0F9544F07F14C06B146F2
:10F4C0000446B0464FF0010B57F8043B8DF80BA0F3
:10F4D0003BB101A898479DF80A30082B01D9F521C6
:10F4E000E7E79DF80B1041BB05B131604F4506F1D0
:10F4F0000406E9D1002D70D0DFF81491002289F8BC
:10F5000000209646122758F827A0013FBAF1000FB5
:10F5100056D09AF804609AF802C0FF2E61D039469E
:10F520000023481C39D19C44BCF1FF0F40D90AB1DB
:10F5300089F800E04FF49A71BBE79DF80AC0604675
:10F54000022838BF02204B1D5A0004EB4303441E1F
:10F550002344BDF808406444013CCCF1000C04EAAB
:10F560000C044042B4F5803F03EA000302D340F2AA
:10F5700005119EE775B19A1A32609170148082F875
:10F5800003B09DF80C001071019810814FEA104CE7
:10F59000A2F806C004FB0134A8E758F8210028B1FE
:10F5A00090F804B0B34504BF80781B180139B8E760
:10F5B000DBB2E6458AF804303CBF5FFA8CFE0122DC
:10F5C0007B1CA0D10AB189F800E0122640F6FF6A40
:10F5D00058F82670B7B9013EFAD2601B05B0BDE8F5
:10F5E000F08F0023E5E707EB41033846A3F80AA0B4
:10F5F000FFF71EFF09F10109BB785FFA89F18B4221
:10F60000F1D8E8E74FF00009F6E700BF1CE8032057
:10F6100018E8032038B54FF6FF730380184B03EB4F
:10F6200081030246186DA8B184780379B3FBF4F125
:10F6300004FB1133DBB2194600EB4105B5F90A5062
:10F64000002D0EDB0131B1FBF4F504FB1511C9B23D
:10F650008B42F1D1002038BD6381BDE83840FFF70F
:10F66000DFBE00EB41046389C3F30E031380C2784D
:10F67000002AF1D14FF4E5711720FFF7EDF800BF34
:10F6800018E803201C4B03EB810370B51C6D054685
:10F6900044B3030404D54FF4EC711720FFF7DCF8F2
:10F6A00001462046FFF79EFEFF28014604D0204673
:10F6B000BDE87040FFF7B4BEA078B5FBF0F300FBE7
:10F6C0001353DBB219460A1D04EB4206B6F9026079
:10F6D000002E09DB0131B1FBF0F200FB1211C9B2BF
:10F6E0008B42F0D1002070BD8B4201D00023E3702B
:10F6F00004EB42025580DAE718E80320094B03EBDC
:10F70000810310B51C6D01462046FFF76BFEFF28F4
:10F71000014604D02046BDE81040FFF781BE00201E
:10F7200010BD00BF18E80320F8B5104B03EB8103B0
:10F7300007461C6D01462046FFF754FEFF2805468C
:10F7400011D0E288238953EA024606D001462046BA
:10F75000FFF766FE01463846B04720462946FFF7C8
:10F7600067FE0020F8BD0520FCE700BF18E8032075
:10F7700038B50E4B827903EB82030446186D08B945
:10F78000052038BD8278E1799142F9D24B1CE371B2
:10F7900000EB41035D89B3F90A30002BF3DBA58050
:10F7A000FFF73EFE20600020EBE700BF18E80320D3
:10F7B00037B50024CDE9004405468DF806006846BB
:10F7C000ADF80440FFF7D4FFBDF8044008B103B022
:10F7D00030BD29462046FFF7A7FF0028EFD040F2B2
:10F7E00035211720FFF738F870B50D4609211E4660
:10F7F000FFF759FC3246044609212846FFF753FC1F
:10F8000040EA04031B0454BF00194FF0FF3070BDE1
:10F8100070B5044610F003000E4603D04E211820A8
:10F82000FFF71AF8FFF786FD054624B10348314675
:10F830000460FFF77FFD284670BD00BFB4E80320D9
:10F840002DE9F14FDFF870B09DF828A09DF82C90BD
:10F850001E46DBF8003007460D4690461BB9602176
:10F860001820FEF7F9FF524609214046FFF71BFC1E
:10F870004A4684B209213046FFF715FC14FA80F19C
:10F88000DBF80000FFF782FD386018B9286001B08E
:10F89000BDE8F08F04442C60386853464146092285
:10F8A000FFF7C4FB28684B460922314601B0BDE88A
:10F8B000F04FFFF7BBBB00BFB4E8032070B50E46A6
:10F8C0000446FFF703FC05463046FFF7FFFB044BF9
:10F8D0002A1821461868BDE87040FFF77CBD00BFBC
:10F8E000B4E80320024B186808B1FFF743BD704726
:10F8F000B4E80320D31D23F0070370B5083390B19B
:10F9000010F0070403D058212220FEF7A5FF046061
:10F91000C280818000F108040A464FF6FF75013A63
:10F9200092B2AA4203D103FB01F0083070BD066811
:10F93000266004601C44F2E7EFF3108372B602689D
:10F940000A60016003B962B67047D4D41F2AF8B5C3
:10F95000044613460ED89200033222F00303B3F597
:10F96000803F2DD2184DACB1A00710D068210920DE
:10F97000FEF772FFFF2B4FEA420204D9FF339A428F
:10F98000A8BF1A46E8E77C2AB8BF7C22E4E72970C2
:10F990006C602B8122F003022823120403FB01F088
:10F9A00001276B68120C0025EEB2B14200D8F8BDF9
:10F9B00014B126181F705E60104401352833F3E738
:10F9C0004FF0FF30F3E700BFB8E8032070B5154AE9
:10F9D000157853680021C8B2854203D8BA2109209E
:10F9E000FEF73AFF1C46184614F8286B01310EB991
:10F9F0002346F0E700219970128999610124D961A9
:10FA000059685C70920803F11E0403F1260524F87E
:10FA1000022FA54243F8041F1144F8D1002343618B
:10FA2000037070BDB8E80320012303707047D4D47D
:10FA30000A4B1B89B3F5FF7F4FEA930006D25A08A1
:10FA40009B1A9BB2984238BF18467047B3F5EE6FC9
:10FA500001D8FF22F4E740F27263F3E7B8E803202D
:10FA60004B782DE9F04106460C4602F0040702F0FF
:10FA7000FB05E3B1A5BBFF23A3707B0804EB57078D
:10FA80003A7D032A02D1022D18BF0133E218012169
:10FA9000117503F10C0104EB8303002224F81120FB
:10FAA0005B68A2703360B2803046BDE8F081002D03
:10FAB000E1D101234B701D4B8D611B89CD6101F19B
:10FAC0001E0249689B08204604F1260C22F8023FDA
:10FAD000944540F8041F1944F8D100236361CAE734
:10FAE000D1F80480142200216170A01810F04AFEA1
:10FAF0000E4B1B89B3F5FF7F0FD25A089B1A9BB29E
:10FB000008EB0301C4F804802384A1606284C4F874
:10FB10000C80A3842161E284ADE7B3F5EE6F4FF072
:10FB2000FF02EBD940F27263EAE700BFB8E80320B6
:10FB3000F8B50C4684F001046400054611461E46E3
:10FB4000E4B2FF23837003191B7D012B06D0631CD5
:10FB5000DCB250FA83F31B7D012B0AD105EB44077D
:10FB60003B8B3A8C9819904205DD2C4400233B8353
:10FB700023750020F8BD05EB840432466068184404
:10FB800010F082FE3B8B1E443E830023AB700120AD
:10FB9000F0E781F00101490010B5C9B2FF2383707D
:10FBA00043181C7D012C07D10C3120F811200222B2
:10FBB0001A750023837010BD0131CBB250FA81F168
:10FBC0000C7D012C05D10C3320F8132002230B757A
:10FBD000EFE74FF499710920FEF73EFE30B502467B
:10FBE000837803F0FF00F3B9137D022B19D0537D06
:10FBF000022B15D10346012089B1D5180C330024FE
:10FC00002C7522F81340131803241C7502EB800393
:10FC10005B680B6000F10C0332F813308B8001201D
:10FC200030BD0123E8E70020FAE730B503468278CB
:10FC300002F0FF00E2B99A7D022A17D0DC7D022C87
:10FC400013D1032281B11D190C340020287523F82B
:10FC5000140098180324047503EB82000C324068EA
:10FC600033F8123008608B80012030BD0324E9E7AF
:10FC70000020FAE7037D012B01D1008B7047437D03
:10FC8000012B0CBF408B00207047837D012B01D1DD
:10FC9000808B7047C37D012B0CBFC08B0020704749
:10FCA000838B23B9C08B003818BF01207047012017
:10FCB0007047027D022A01D1008B7047437D022BE1
:10FCC00001D1408B7047032AF6D0032BF9D00020D6
:10FCD0007047827D022A01D1808B7047C37D022B41
:10FCE00001D1C08B7047032AF6D0032BF9D0002036
:10FCF0007047D4D42DE9F84305460C46F72005217A
:10FD00009146FFF7D0F9061E21DB1DB914FB06F062
:10FD1000BDE8F88315F0030703D098211920FEF7FA
:10FD20009BFDDFF83080C8F81050A8F81460BBB213
:10FD30009C42EBD9B8F81450D8F810004B4607FB9A
:10FD400005000522F721FFF771F90137EFE74FF0C2
:10FD5000FF30DDE7CCE803202DE9F04106460698A8
:10FD60009DF81C70984643070D46114602D010F0CE
:10FD7000030003D025214C20FEF76EFD4FF48B725B
:10FD8000FFF7B8FD002F06AB044600FB08F10CBFDF
:10FD900018460020FFF7CEFA17B9069B33602C6097
:10FDA000BDE8F08107B5CDE900230B4603490246C3
:10FDB000081DFFF7D1FF03B05DF804FBE4E8032062
:10FDC00013B5064CCDE900230B46024604F10801A9
:10FDD00004F10C00FFF7C0FF02B010BDE4E80320FF
:10FDE000134B012200214FF0FF309A60C3F800123C
:10FDF000C3F80803C3F80015C3F804259A60C3F8D4
:10FE00000803C3F80015C3F804250A490A4A03F594
:10FE100080334FF40040C3F80825C1F88000BFF3D9
:10FE20004F8FBFF36F8FC1F88001C3F8082570476B
:10FE300000F0004000E100E00000F63FFFF7D0BF17
:10FE4000024B02681A600020704700BFF4E80320EC
:10FE5000014B1B68184700BFF4E80320024B1868E9
:10FE6000003818BF01207047F4E803208C469B231C
:10FE700000B50CF8033B054B8E4607CBCEF80300CC
:10FE8000CCF80410CCF808205DF804FB04E903204A
:10FE900070B51B4E736A93F8A84005460CB1012853
:10FEA0000DD0012912D8F36A2846984770B196F808
:10FEB000300058B964B9012D1FD0204670BD338D74
:10FEC0001A07EED596F82A30002BEAD0012070BD33
:10FED000002DF3D1308D83070AD40028F6D196F88F
:10FEE0003130002BEAD196F8320080F0010070BD6D
:10FEF00096F82A0080F0010070BD308DEDE700BF5C
:10FF0000F8E8032010B5154C0CF086FA0CF0D8FD7B
:10FF1000A36BA08E00219847237E93B9A18E606ABF
:10FF200007F05AF9636AB3F8AA0006F073FF236C6E
:10FF300094F8301094F83C009847002384F844303B
:10FF400010BD94E8070004F10C0383E8070004499E
:10FF500004F1190005F040FDE0E700BFF8E80320D8
:10FF60006DFE0200034B93F8443003B97047FFF76E
:10FF7000C9BF00BFF8E8032008B5094B93F8442037
:10FF8000022A07D1DA7A42F00102DA72BDE80840AB
:10FF9000FFF7B8BF40F257312720FEF75DFC00BFE6
:10FFA000F8E8032010B41E4942788C6C2378D20004
:10FFB00002F0080203F0F30313438278920002F088
:10FFC00004021343C278120102F0100203F0EC03A2
:10FFD0001343027802F0030213432370B1F8543044
:10FFE00063700223A1F84C308C6C007923784201B5
:10FFF00023F0200302F020021343012823700CD1C8
:020000023000CC
:100000004B6A93F8BA2093F8BB30032A08BF00224A
:1000100003F01F0343EA8213A3705DF8044B70479B
:10002000F8E80320F0B5194CA56D83B04DB3636EAD
:100030003BB3B4F868306B702B782F4601F00301A6
:1000400023F003030B4307F8033B0646B4F868208C
:10005000616E384610F018FC0DF1020201A9E06E45
:10006000E5656766FFF75CF90198FFF747F9034616
:10007000B4F86810E06E33600122FFF7EAF803B0CD
:10008000F0BD40F6C4012720FEF7E6FBF8E80320A8
:10009000F8B5254C656A276F2A7D95F82111E7652B
:1000A0004FF48173A4F8603094F87430064603EB83
:1000B000820308B9FF2B17D018460BF021FC2B7DCB
:1000C0005BB3A06F0BF0D8FFA16FE06D0CF0C4FC28
:1000D000AEB1B5F8E0000BF0CBFB00200CF04AF914
:1000E000022384F84430F8BD95F820018842E3D11A
:1000F000002AE6D138460BF0BFFF0CF0E1FC95F882
:100100002131B5F8E420033B012B8CBF00202820CF
:10011000104480B20CF020F8DBE7E06D0BF0ACFF90
:100120000CF0CEFCD4E700BFF8E803202DE9F04F37
:10013000C44C666A87B096F8201138B9327D94F8BD
:10014000743003EB8203FF2B00F0F180FF200BF0F3
:10015000D7FB676A002304938DF814308DF80930BB
:10016000ADF80A303B7A062B00F21B81DFE813F072
:100170007B00E600610061001901070007000DF136
:100180000A0103A804F078F9002800F0F680039D26
:10019000002D00F0F2800122062384F87D20BDF8B6
:1001A0000A203B72002A5CD0E91CA4F85420216587
:1001B000B7F80920A564022BADF811206AD0053BE1
:1001C000012B66D80B780322022B8DF8102000F04B
:1001D000A180D4F88000FEF7FBFF0546002840F020
:1001E000C780236D1B781B2B00F0EB8000238DF85C
:1001F0001430F37C84F8315004A823B1B4F854309F
:10020000002B40F08A80FFF7CDFEA06C0BF034FF8E
:100210000CF056FCB6F8E2000BF02AFB01200CF0C3
:10022000A9F8012384F8873084F8443007B0BDE88A
:10023000F08FB7F81031D4F88000ADF80A300DF126
:1002400009020DF10A01FEF768FF0546002800F0DB
:100250000781BDF80A20012384F87D303B7A002A0B
:10026000A2D11146A1E794F87C30A7F810310DF126
:100270000A0103A8ADF80A3004F0FEF8E8B1039DC6
:10028000DDB10122052384F87D203B72BDF80A20F0
:1002900088E701238DF81030D4F88000FEF798FF2E
:1002A0000546074600285ED104F000F980F00105FC
:1002B000EDB28DF813503B4699E7636A93F851808D
:1002C000B8F1000F5ED1D4F880000DF10A010DF1F4
:1002D0000902FEF722FF0546002853D09DF809A029
:1002E000BAF1000F74D1BDF80A30002B5ED10123A2
:1002F0003B7284F87D300023A4F854302365B7F8AE
:100300000930A564ADF8113001238DF81030B8F133
:10031000000FC1D000252B4669E7FFF743FEA06F11
:100320000BF0AAFEA16CA06F0CF05AFB72E796F8D6
:1003300021318B427FF40AAF37460BE7424BA3646F
:100340000023A4F854302365B7F80920D4F88000BE
:10035000ADF8112001238DF81030FEF739FF054666
:1003600007460028A0D001238DF8133000233EE774
:1003700001238DF81330236D34E740F2D25127204A
:10038000FEF76AFA4FF00008002301223A722E4A63
:10039000A4F854302365ADF80A30A264B7F80930E8
:1003A000B0E740F2DC512720FEF756FA00232B80FD
:1003B000AB700122032384F87D203B72BDF80A2034
:1003C000F0E607F1BA0001210BF0E0FA01230EE795
:1003D0002946D4F88000FEF78DFFFEF78FFF0368F3
:1003E000D0F804B053EA0B0281462FD1BDF80A20A1
:1003F000002389F8003089F8013089F8023089F843
:10040000033089F8043089F8053089F8063089F816
:100410000730002A3FF46BAF9DF809100029C5D0C2
:10042000297801F00301012906D0BB7501210223BF
:100430003B7284F87D10B7E6032384F87D103B728D
:10044000B2E600BFF8E803207CE9032001930DF039
:100450001FFC019B83427BEB0101C7D2D04693E78F
:1004600040F2C3512720FEF7F7F900BF2DE9F04F06
:10047000A94C656A94F844208BB005F1A803069353
:10048000022A4FF00003CDE9083340F06D82E36D9E
:10049000032293F8009088465978A4F86810134412
:1004A000636609EA02030646A4F8602007934FEA50
:1004B000291AC9F3001B002800F0B180002940F080
:1004C000C5816B7AA28EA1650133DBB283EA990103
:1004D00042F4007211F00107A28640F0D5802A7A1A
:1004E000A2B1032A6B7200F2FF81012A0ED0D4F868
:1004F000800008A9FEF736FE002800F03F822B6F2F
:1005000001332B676B6F43F100036B67636A002154
:10051000297293F8A8304BB16B793BB1238D697187
:1005200043F0100323851020A36B9847A38E43F458
:100530000063A3862B7D0027C9F3C009002B40F080
:10054000AA80AB7A03F00102914500F0E980A36D27
:10055000002B00F09C810AF0010A84F832A0B8F167
:10056000000F40F0C4804FF0000994F88A10012079
:10057000FFF78EFC82468046002800F04E810BF08B
:100580004BFFD146A38E5A0607D4A36B002140200F
:100590009847A38E43F04003A38687B1EB884BB9FD
:1005A000636A93F8A8302BB1B4F80530B4F807208B
:1005B000134304D0B4F809300133A4F80930002EF5
:1005C0005CD0B4F8053000220133A4F8053084F87B
:1005D0008A20524806F00CFC089830B1FEF78EFED7
:1005E00000220272069905F0D9F9099B33B1002265
:1005F0001A720C220998069905F094F9B9F1000FC6
:1006000070D1A38E1B0607D4A36B49468020984760
:10061000A38E43F08003A3860BB0BDE8F08F2B7D43
:10062000002B40F0108194F88A30013384F88A302E
:10063000A38E43F48063A38695F82131033B012BFD
:1006400004D905F091FB074600285AD00BF026F993
:100650000328A76D00F0FF80002F00F086800AF0CD
:10066000010A84F832A0B8F1000F51D00BF0D4FE8B
:10067000A78E17F040074FF0010986D0B4F8073075
:100680000133A4F80730A4E72B7D3746C9F3C0092E
:10069000002B3FF456AFB4F868308BB9AB7A03F057
:1006A000010291457FF453AF0133AB72079B032BDB
:1006B00000F02A81A26D002A7FF44DAF914657E0E9
:1006C0000CF01AFA0328FBD002280BD000287FF484
:1006D00038AFAB7A03F0010399457FF438AF0123BB
:1006E00084F83C30FFF70EFC0BB0BDE8F08F0BF048
:1006F00093FEA38E5A0636D5002F00F01A81B1461C
:100700004CE7A36D002BAAD1B4F8682081462FE0F6
:100710004FF000094F4628E7F8E803201CE90320C2
:10072000B4F86820002ABFD00798411E012938D9A3
:1007300001330328AB7200F0E780AB6F0133AB6786
:10074000EB6F43F10003EB67A36D002B7FF403AF66
:1007500099460DE00BF060FE079909A8FFF762FCCF
:10076000A38E5B06C8D4B1460FE7B4F86820B9463B
:10077000002A14BF4FF0000B0BF0010B84F832B0CD
:10078000B8F1000F40F0098194F88A100120FFF7BA
:100790007FFB8046002840D00BF03EFE4FF0010961
:1007A000F0E6A38E95F8149043F48053A3860BF0E3
:1007B00075F8032894F8883007D1B9F1000F0CBF01
:1007C0001F221B22934228BF1346B4F86820A16D54
:1007D0009A4200F2B080002900F0B88094F8893085
:1007E000002B4CD1AB6F0133AB67AB7A03F1010344
:1007F000AB72EB6F0AF0010A43F1000384F832A0F8
:10080000EB67B8F1000FA5D194F88A100120FFF72B
:100810003FFB814600289DD1B046EB7C002B3AD1AE
:10082000002095F82021B5F8E0100BF075FA0020B3
:10083000FFF77CFCB8F1000F3FF4A4AE079909A8BC
:10084000FFF7F0FB9EE60CF097F9ECE6E06EFEF7A2
:10085000E0FC014635E6B4F868201B2A94BF4FF04F
:1008600000094FF00109002F82D00AF0010A84F834
:1008700032A0B8F1000F7FF4F9AE474675E6A36BDE
:10088000002120209847A36D002B7FF464AEB4F8BC
:10089000682099466CE7636A95F82A0193F8A820C6
:1008A00095F82031013BDBB2B2FA82F28000032BD3
:1008B000D5E91CAB4FEA5212C0B205F1800105F137
:1008C000900C60D8CDE9002C4FF0010E4FF0000CD9
:1008D000CDE904CE4FF0FB0C039352465B46CDF8B6
:1008E00008C00BF0CDFF9BE7053A012A41D803F081
:1008F000D1FD00284CD0238D43F0080323853946D1
:10090000A36B08209847FAE5A38E264943F4805349
:10091000A386238D012043F0010323852871A36B57
:100920009847AB6F0133AB67EB6F43F10003EB67A5
:100930000DE6B14645E694F8303043F0100384F8F4
:10094000303000297FF407AE894611E7002A14BF32
:100950004FF0000B0BF0010B84F832B0C146B8F138
:10096000000F7FF419AF0FE740F6AD112720FDF718
:1009700073FF40F2B3712720FDF76EFF40F2D47190
:100980002720FDF769FF40F225410620FDF764FFAF
:1009900040F2DE712720FDF75FFF0BF03DFDC14601
:1009A000F0E500BF5CE903202DE9F0413E4C94F8EE
:1009B0004430012B86B06CD1666A5FFA83F83379D4
:1009C00005460F4673B1238D002143F004032385B0
:1009D0003171A36B04209847636A93F8A8300BB178
:1009E00086F80580337A052B06D005B9DFB906B045
:1009F000BDE8F041FFF786BA238D2C4943F002038E
:100A000023850220A36B9847636A93F8A830002BD4
:100A1000EBD0236D1B78A3F10203B3FA83F35B09D8
:100A200084F82A30E1E729462846FFF731FA002802
:100A3000DDD1337D676A63B997F82121B7F8E210F9
:100A400001200BF069F9002006B0BDE8F041FFF786
:100A50001FBB97F8213197F8A82094F874C0013B88
:100A6000003ADBB218BF0122032BD6E91E0106F1C2
:100A7000800406F1900611D8009202460120CDE9CB
:100A80000335CDE9016C0B46059021460BF0F8FECD
:100A9000D2E740F60C112720FDF7DEFE40F225419B
:100AA0000620FDF7D9FE00BFF8E8032048E903203F
:100AB00010B50C4C0C4A94F844300C49116023B129
:100AC0004FF4B1712720FDF7C7FE03F0FF02227635
:100AD00006F07AFB03F026F9206703F027F9A067F8
:100AE00010BD00BFF8E80320D0F203200C0E030075
:100AF00010B5074A92F8443013B10C24204610BDBB
:100B000003F0FF04147606F05FFB204610BD00BF23
:100B1000F8E803202DE9F043A54C87B094F8446031
:100B20009DF838C0002E40F03981002900F0368150
:100B3000002A00F03381002B00F03081054606F0DA
:100B4000FF002364A163E26284F889C084F8300066
:100B500084F88A0084F83C0084F887002085A08609
:100B600084F8310084F8320084F87D0084F82A008B
:100B7000A0642065A4F85400E0656066A4F86800ED
:100B800065620AF067FF0BF09BFF95F928010AF0F8
:100B9000B3FFD5F8D460D5F8CC000AF0B3FF3046E7
:100BA0000BF04EFA95F825000AF0B6FFB5F8E030E4
:100BB000672B40F28980B5F8E230672B40F28480E1
:100BC000636A93F8A860002E00F0868093F80733DC
:100BD000002B40F0A08006F071FA95F8212100F179
:100BE000890101200BF084F8724B18680BF02EFA83
:100BF000AB7BD5E93012243B072BC4F88010E266AA
:100C000040F28C80EB7B243B072B40F28780B5F8C9
:100C1000F230B5F8F80095F82011984228BF184630
:100C2000042908BF032104F035F8024695F8F400C2
:100C300095F8F030904228BF104680B2984268D2B2
:100C400095F8211184F87C3005F1E80004F045FFA7
:100C500095F821112F7DB5F8FC60032908BF042108
:100C600004F018F8002F51D0864228BF0646F6B28D
:100C700084F8886005F078F8002851D1636A84F818
:100C8000746093F8A830002B3AD02B7D002B4ED106
:100C90000120FFF7FDF9636AD3F8E8010BF024FAAD
:100CA0000023C4E90033A360D5F82431E888B5F8FF
:100CB000AA1095F825206080218022710BB10122B5
:100CC0001A6007B0BDE8F0830AF0D8FD636A93F8B4
:100CD000A860002E7FF47AAF06F0F0F995F8202195
:100CE000354B33F8123001463046344E03F5FA7373
:100CF000A6FB036301EB931166310AF0F9FF73E77A
:100D0000EA7C72BB0120FFF711FAC9E7043080B218
:100D1000AAE7C3B294E70AF07FFE5CE71B238FE7E4
:100D200005F028F8B04238BF3046C6B2A6E795F8BD
:100D30002131013BDBB2032BD5E91E0105F1800710
:100D400005F190022FD8CDE90263019200260246F8
:100D500001200B4605903946009004960BF090FD5B
:100D600096E795F8206195F82A01013EF6B28000D9
:100D7000032ED5E91C89C0B205F1800105F190026E
:100D800011D8CDE90363012605960096FB26019252
:100D90004B46424602960BF073FDB3E74FF42071C9
:100DA0002720FDF759FD40F225410620FDF754FDAF
:100DB000F8E80320D0F20320ECED0400D34D6210DC
:100DC000FFF7A0B8014B93F887007047F8E80320BD
:100DD000064A938E13F4C06F03F4805103D092F847
:100DE0007D0000B17047080B704700BFF8E8032092
:100DF000024B93F83500C0F3C0007047F8E80320B9
:100E0000014B93F88A007047F8E8032079FF02004D
:100E10006D040300A909030065FF020090F8DE20BD
:100E200012B902F0FF00704710B5363882B00C4698
:100E300001F0C0F98F230420237002B010BD00BF61
:100E400070B5002857D0437A0D460446BBB340899D
:100E50000021FEF753FC002852D0B0F8AA00002170
:100E6000FEF762FC002850D194F8546094F8A63044
:100E70002BB194F8A7301E43002384F8A6302046F7
:100E800001F098F9B3072CD12B46882203F8032BE5
:100E900004F109022934166850689168D2F80CC030
:100EA000C3F80CC01032A2421E605860996003F172
:100EB0001003F0D1117819700022AA7170BD036D72
:100EC000D0F80E20C3F8AD20428AA3F8B120437BAE
:100ED000026D03F0FD03003B18BF012382F8AC3024
:100EE000C2E726F00406002284F85460114620462A
:100EF00001F072FBC8E740F206313220FDF7ACFC8E
:100F000040F212313220FDF7A7FC40F215313220B9
:100F1000FDF7A2FC90F83E00003818BF0120704792
:100F2000036D10B58BB102224272B3F8AA10418151
:100F30004FF6FF73FF2204460385064980F82720F9
:100F400004F002FD0023236510BD40F26131322020
:100F5000FDF782FC410E030003683BB1064A03F132
:100F60006C011360536951601B68184710B540F657
:100F700077113220FDF770FC84E9032010B5104C86
:100F8000606800F065FC637B9BB9D4E90030002207
:100F90004FF0010C80F804C003F16C00A3F8792134
:100FA00083F87B2100F0DCFB2068BDE8104001F0F5
:100FB0002BBB0BF043F90AF01FF900236373E4E73E
:100FC00084E9032090F8400000F0FD00003818BFCD
:100FD000012003F0C7BA00BF38B500F14201044652
:100FE00090F8400000F0FD00003818BF012084F8A0
:100FF000410003F07FFA94F84030023BDBB2012B52
:1010000094BF0123002384F8483000D938BD03F091
:10101000E3FC05460CF0EEFC094BE5FB030194F8FC
:101020004830C4E92001002BF0D0002003F07CFD03
:101030000028EBD140F621213220FDF70DFC00BF46
:1010400040420F00F0B5D0F8C8409DF814E094423B
:1010500003D190F840208A4201D00020F0BD1EF05C
:10106000020190F8454120D10D460A468618013507
:1010700096F87C61F71E012F00EB820788BF314391
:1010800053F82260D7F8CC2002F1200C98BF41F031
:1010900004016645EAB2E0D1A242E7D90EF00500AC
:1010A000401AB0FA80F04009F0BD0025AC46294650
:1010B0002A46861800EB820296F87C61D2F8CC2092
:1010C000F71E012F9CBF0CF1010C5FFA8CFC02F1A2
:1010D000200253F82C708CBF314341F004010CF115
:1010E0000106BA4205F101055FFA86FCB5D1EAB204
:1010F000A242DED9D2E700BF012938B5044610D09C
:1011000094F854309B0704F16C051AD1284600F07E
:1011100027FB0023A4F8793184F87B3184F8703000
:1011200038BD0A4D6B7B002BEAD00BF087F80AF034
:1011300063F800236B7394F854309B0704F16C053B
:10114000E4D0284600F084FBE0E700BF84E90320F8
:10115000A03002F04BBE00BF0149363004F018BC8D
:101160001D0E030010B5012104460020FEF7C6FA4B
:1011700020B3627880F85420217811F001021CBF5E
:10118000012280F87C214907034603D5024403214C
:1011900082F87C11A27883F84020E27883F8552009
:1011A00002F0FD02B2FA82F2520983F84A20227953
:1011B00083F84920627983F8572010BD40F6CB218F
:1011C0003220FDF749FB00BF10B504466C3000F03B
:1011D0003FFB0023A4F8793184F87B3184F8703028
:1011E00010BD00BF08B501210020FEF787FA28B125
:1011F00090F89400003818BF012008BD40F64A312D
:101200003220FDF729FB00BF2DE9F04705468CB0E1
:101210000E4600200121FEF771FA002800F07482CA
:101220000446A83000F0D0FF002846D094F854308F
:10123000042B42D0AF6A002F00F06981B74B9F4268
:101240007AD0043B9F4277D002F07AFD07F13B0948
:10125000804602A9484600F0B5FBEB7AB8F1000FD2
:1012600000F0D580DC0606F10D0100F1FD81002FB4
:1012700000F058829DF80830022B00F0538295F858
:101280003230E522484604F07EF895F832300446C4
:101290002344484685F8323004F06DF895F83290D2
:1012A000A9EB0009B9FA89F94FEA5919B8F1000F09
:1012B00048D104F11802D2B2B8E02046FFF72AFE66
:1012C00007460028B6D1AB6A954C0BB304F1080869
:1012D00004F10C0601E0AB6AD3B1A96A0B68AB62FA
:1012E00041450F704F708F70CF70F4D0B142F2D083
:1012F0002068FEF721FB231DD3E84F3F0133DBB20B
:10130000211DC1E8423F002AF5D1AB6A002BE4D190
:101310002068A5F10801FEF70FFB231DD3E84F3F1E
:101320000133DBB2211DC1E8423F002AF5D14FF461
:101330000073ADF804305EE002F002FD8146002843
:1013400070D00024EB7ADA0640F1EC815807AA7AD3
:10135000697B03D5E87EFE2800F05A8104F10A0378
:1013600013FB02F3023373703E2333700223717157
:10137000F270B370D5F80E30C6F806306B8A738100
:10138000347334442B7E6373EB7A13F0080100F05E
:10139000E780634C04F1080804234745337178D192
:1013A0003379022262F34613AA6A33716AB1EFF30A
:1013B000108272B6AB6A1968A962002A00F0C68072
:1013C00000221A705A709A70DA702068A5F108012C
:1013D000FEF7B2FA231DD3E84F3F0133DBB2211DE4
:1013E000C1E8423F002AF5D102274FF004088DF8EA
:1013F00004808DF805709DF804209DF805300020CC
:1014000062F3070063F30F200CB0BDE8F087D80645
:1014100006F11C0100F11E8127B19DF80830022B56
:101420007FF42DAF182200244FF001098E23337072
:10143000AB7AF37013FB02F302337370D5F80B3001
:10144000D5F80F20D5F81310D5F817003061736068
:10145000B260F160D5F81B30D5F81F20B26173611E
:1014600095F814A095F8158002F0A8FC0AF1FF3356
:101470008A05DBB256D5032B00F24F8186F80DA00A
:10148000B8F1000F64D1F476254C04F10808474503
:1014900086D004F10C0A57456BD0002F00F09180E4
:1014A000B9F1000F2AD0AB6A63B1EFF3108272B6C4
:1014B000AB6A1968A96202B962B600221A705A7042
:1014C0009A70DA7020683946FEF736FA231DD3E8A1
:1014D0004F3F0133DBB2211DC1E8423F002AF5D165
:1014E000AB6A85F83220434500F0C780534500F0D1
:1014F000E8809DF80830022B00F0A58033790122A6
:1015000062F34613337101274FF004086FE702F0CE
:1015100017FC05F1330980469BE600BFA8E90320CC
:101520009CE90320032B00F20181834AD35C73738F
:10153000B8F1000FA7D008F1FF385FFA88F8B8F1CA
:10154000030F00F2F38012F8088006E062B637E776
:1015500008F1FF33032B00F2E08086F80E8092E75B
:1015600003F00302032A49D0590749D501233371F7
:101570008AE7AB6A63B1EFF3108272B6AB6A19689F
:10158000A96202B962B600221A705A709A70DA70B3
:101590006B7D83BB327963F3461232714FF00408DE
:1015A0002068A5F10801FEF7C7F9231DD3E84F3FD6
:1015B0000133DBB2211DC1E8423F002AF5D10227E9
:1015C00015E795F80B8018F010083FF410AF337949
:1015D000206867F34613A5F108013371FEF7ACF9F3
:1015E000231DD3E84F3F0133DBB2211DC1E8423F49
:1015F000002AF5D1F8E64FF00008D1E7317143E752
:10160000022A25D0002A40F08480032333713BE76F
:101610001301023373703E2333700B23B370012325
:101620007171F2703371D5F80E30C6F806306B8ADE
:1016300073813073EB69C6F80D302B8CA6F811302E
:101640002B7EF37420E7337923F0680333715AE774
:10165000327119E79DF818400846224605990FF0A7
:1016600013F94FF0010924E69DF818400846224678
:1016700005990FF009F9C14664E63379022262F355
:101680004613AA6A337162B1EFF3108272B6AB6A85
:101690001968A96202B962B600221A705A709A706B
:1016A000DA702068A5F10801FEF746F9231DD3E89A
:1016B0004F3F0133DBB2211DC1E8423F002AF5D183
:1016C00092E6337962F34613AA6A337162B1EFF39B
:1016D000108272B6AB6A1968A96202B962B60022BA
:1016E0001A705A709A70DA702068A5F10801FEF736
:1016F00023F9231DD3E84F3F0133DBB2211DC1E89D
:10170000423F002AF5D16FE64FF4F1713320FDF727
:10171000A3F8A4213320FDF79FF84FF4EA7133209A
:10172000FDF79AF85B213320FDF796F84FF43F71EF
:101730000620FDF791F800BF94EB0400343270B539
:1017400092B204461E460D46FEF7D4F824B1034B70
:101750001C601D745E741D7170BD00BF9CE9032088
:1017600038B503684BB39A6A52BB596A054629B328
:1017700001F10800154C834208BF2A602068FEF77B
:10178000DBF8231DD3E84F3F0133DBB2211DC1E855
:10179000423F002AF5D12B687BB12068A3F10801F4
:1017A000FEF7CAF8231DD3E84F3F0133DBB2211DFA
:1017B000C1E8423F002AF5D12A6038BD034CECE76E
:1017C00040F28D113320FDF747F800BF9CE903205C
:1017D00070B505680646F5B11B491C4C284604F057
:1017E000FEF80023E360EFF3108272B6AB6A23B316
:1017F000E96A04F10C030B60EB6202B962B633686C
:10180000596A29B101F10805AB421AD100236B6274
:101810000023336070BD696A0029F9D00B4C206841
:10182000FEF78AF8231DD3E84F3F0133DBB2211DB9
:10183000C1E8423F002AF5D1E8E704F10C03AB62AE
:10184000DAE71D46EBE700BF091203009CE903201D
:1018500070B50668002E3CD0716A0546002939D063
:1018600001F108039E421E4C0DD02068FEF764F87B
:10187000231DD3E84F3F0133DBB2211DC1E8423FB6
:10188000002AF5D12B68002272625A7D8AB10022AB
:10189000A260EFF3108172B69A6AF2B1D86A114A67
:1018A0000260DA6201B962B62846BDE87040FFF70F
:1018B0008FBF2068A3F10801FEF73EF8231DD3E88F
:1018C0004F3F0133DBB2211DC1E8423F002AF5D171
:1018D0002A6070BD024C3346D7E7024A9A62E0E7BD
:1018E0009CE90320A4E9032038B5C3780C4613F023
:1018F0003F0160D00378C3F380136374054603F09F
:1019000015FCA0742B796370E878830923702B7918
:1019100013F0010146D14FF0050C4FF00B0E62465B
:10192000616013F002011CBF05EB0C017246A1605F
:10193000590744BF0132D2B213F0080104D002F1BA
:10194000020CA9185FFA8CF2616113F0100104D047
:1019500002F1030CA9185FFA8CF2A16113F02001C7
:1019600004D002F1120CA9185FFA8CF213F04003B4
:10197000E16102D0AB180132D2B200F03F00236225
:10198000031D9B1A13F0FF0114BFAB180B466362D3
:101990006B78013B1B1ADBB2237453B10A44154424
:1019A000E56038BD4FF00B0C691D4FF0110E62461B
:1019B000B6E7E36038BD20462822BDE838400EF087
:1019C000E1BE00BF70B5037803F00F06072E2BD0E1
:1019D000C3F380134B740C46054603F0A7FB0122AA
:1019E00002FA06F313F05503A0740CD00023E91C8F
:1019F000C4E9011362706B78063BDBB223748BB1D0
:101A00000935E56070BD964208D103216A18237438
:101A10000935C4E901256170E36070BDC4E9013393
:101A200063702374E36070BDBDE87040FFF75CBF76
:101A3000F0B5D0F81011D0F8C86090F8455189B1D0
:101A400000210C460B4600EB83030131D3F8CC2078
:101A5000CBB22032AB421444F5D9A6420CBF0220CF
:101A60000120F0BD8C460F4600EB81010CF1010C0A
:101A7000D1F8CC405FFA8CF104F1200EA9427744F2
:101A8000F2D90721BE42A6FB011423D0D0F8C070C2
:101A900011EB070CD0F8C47044EB0704D0F8CC70FD
:101AA00025B3D0F8D010012D0F4407F1400703D023
:101AB000D0F8D40020300744BE4205D0624573EB15
:101AC000040417D30120F0BD624573EB040411D266
:101AD0000320F0BDD0F8B07011EB070CD0F8B47053
:101AE00044EB0704D0F8CC70002DDAD12037BE4289
:101AF000E4D1E9E70220F0BD08B540F28A312120A7
:101B0000FCF7AAFE38B50446FF2380F8153100F52E
:101B10008C7528460CF026F8284604F5A4750CF0C0
:101B200035F828460CF01EF828460CF02FF8002156
:101B30002046FFF7E1FA94F816313BB1D4F80831AA
:101B400053B104F1E80005F089FA09E0D4F8100176
:101B500010B1D4F808319BB104F1E80005F0F8F9B0
:101B6000002384F8153194F8160110F0FF0018BF17
:101B70000C2084F81631C4F8103184F8143138BDC3
:101B800000F5EC7005F0E4F9E6E700BF022910B5B6
:101B90002AD013D8012934D1044608460AF0B8FDEA
:101BA0001A4A00F52343A133A2FB0323D4F81021E2
:101BB000980900F2792002B1400010BDCB1E012B24
:101BC0001FD840F2BF33084640F29174032918BF72
:101BD0001C460AF09DFD0D4B00F52340A130A3FBF0
:101BE000003004EB901010BD08460AF091FD074B41
:101BF00000F52340A130A3FB0030800900F2611002
:101C000010BD40F217119E20FCF726FED34D621046
:101C10002DE9F04104460BF0EDFED4F81021D4F884
:101C2000C87005460E4694F84501002A46D04FF08C
:101C3000000C6146634604EB83030CF1010CD3F8FE
:101C4000CC205FFA8CF3203283421144F3D98F42C7
:101C50000CBF0227012738460BF0BEFF312829D9D7
:101C6000411CD4E936325AD0C118914228BFD01A4B
:101C7000D4F8A830D4F8AC205B1B62EB0602012B31
:101C800072F1000152DB00219842914160DA41F289
:101C90008836864228BF06460BF0ACFEC5F17405B7
:101CA0000544B54206D8394630460BF0C1FF05461B
:101CB000002854D100252846BDE8F08194461346FB
:101CC00004EB83030132D3F8CC10D3B2203183422A
:101CD0008C44F5D907236745D4E92C1EA7FB0338AC
:101CE0002FD0D4F8C02013EB020CD4F8C42048EB5A
:101CF0000208D4F8CC20D8B1D4F8D03001281A4446
:101D000002F1400203D0D4F8D400203002449742BC
:101D100011D061457EEB080818D301279BE7D61A3E
:101D200041F288339E4228BF1E46B5E70026B3E73E
:101D300020329742EDD161457EEB080806D2032799
:101D400089E711EB030C4EEB0808D2E7022782E784
:101D500041F28832934228BF13461E469CE70BF09F
:101D60004FFED4F8E020D4F8D830B018D4F8DC20F6
:101D7000C4F8E00033449342C4F8D83004BFD4E937
:101D80003A23C4E930230BF037FE94E72DE9F04FF6
:101D900004468BB0052900F26B81DFE811F02100C9
:101DA00009003200D20069010C002046FFF7D4F987
:101DB0000BB0BDE8F08F90F8153163B9B0F87A3107
:101DC000C3F30C03002B00F04A8190F87831033BF9
:101DD000012B40F26A810BB0BDE8F04FFFF7CEB89F
:101DE00090F8153103F0FF05002B00F0B4800121BD
:101DF000FFF782F90AF070F80BB0BDE8F04F0CF075
:101E000027BFB0F87A31C3F30C03002B40F02D81CB
:101E10000BF0F0FDD4F8CC70804694F845018B4669
:101E200007F1200150B1012304EB83020133D2F802
:101E3000CC20DBB2203283421144F5D9D4F8C8500B
:101E40008D4200F0D280D4E93A365A19A8EB030348
:101E5000B3FBF5F305FB03F346F100069B18A3EB78
:101E6000080246F10006F62A4FF0000900F244810C
:101E7000ED1846F10006CDF8049094F87C11204648
:101E8000FFF784FED4E92AA1BAEB050361EB060251
:101E9000012B814672F10000C0F2A58000209F4214
:101EA000904100DB1F46D4F8CC3003939F4228BFFB
:101EB0001F4604238DF81930C4E92E563346C4F862
:101EC000D890C4F8DC702A4620460291FFF7B0FD96
:101ED000019B8DF81800CDF81490BBB30299012333
:101EE000BAEB080A61EB0B019A458DF8103071F1DD
:101EF0000003C0F24981AE48002350458B4180F277
:101F0000D280D4F81031D4F8C810002B00F01F8113
:101F10004FF0FF32154690457BEB0503C0F0AD80D6
:101F20000891B9453FF641AF04A904F58C700CF057
:101F3000A9FE00287FF43CAF40F273712120FCF72A
:101F40008BFC0BB0BDE8F04F0AF080BACDE9085623
:101F50008DF81030E5E70BF09BFED4F8E830B0EBDD
:101F6000030CC4E92C0100F1208194F84561D4F8F8
:101F7000C87004940795002E00F00881BCFBF7F2AE
:101F800007FB0233C21A294628462B4604EB83037B
:101F9000D3F8CC3003F1200E724503D3203A013040
:101FA000D21AC0B20131CBB29E42EFD2B4F87A312C
:101FB00084F84401C3F30C038DF82000002B6CD18E
:101FC000BC4534BF0125012304A88DF818508DF8B5
:101FD0002130FEF7C1FFD4F8D800E738C4F8E0009C
:101FE0000BF00AFDE4E600275DE7D4E92A126FF062
:101FF00000439A4208BFB1F1FF3F78D094F84431D2
:102000002344204693F87C11FFF7C0FD18F1F70335
:1020100008934BF10003054605900026099304A898
:1020200040F202438DF81060ADF818300CF09EFEBF
:10203000002800F0B580089AD4F8A83009999B1AB6
:10204000D4F8AC2062EB01025B1B62F10002002AB3
:102050004DDA0123374645465E4601930DE7FFF70B
:10206000D7FD00287FF4A4AEB5E6FFF7ADF8CFE6C4
:102070004FF4E5712120FCF7EFFBB2EB08026FF0A3
:10208000010165EB0B0500239142AB410146FFF4D2
:1020900047AF904228BF114642E7D4F8403105933C
:1020A0000325002390E750462BE790F87031002B72
:1020B0007FF491AE012180F8701144F236500BF09C
:1020C000B7FD00283FF487AE0BF09AFCD4F8D83067
:1020D000D4F8E02044F2365003441044C4F8D83019
:1020E000C4F8E0000BB0BDE8F04F0BF085BC012355
:1020F00045465E460193C0E694F87C112046FFF702
:1021000045FDD4F8C850D4F8E810D4F8B83005909C
:102110005A1AD4F8EC30B2FBF5F205FB02F2521871
:1021200043F1000304212046089209938DF8191009
:102130008DF81090FFF77CFC29468DF8180004A854
:1021400002F07AFDDDE90856CDF8049095E6039E8D
:1021500094F84551203655B1012304EB8302013335
:10216000D2F8CC20DBB22032AB421644F5D907229C
:102170008E42A1FB02250BD0D4F8C030D218D4F87F
:10218000C43045EB0305C6E60020BAE628460DE755
:10219000D4F8B030D218D4F8B43045EB0305BAE621
:1021A00040F296412120FCF757FBFFF7A5FC00BF4A
:1021B0000040420F90F8143103F0FF020BB91046B3
:1021C0007047FFF79FBC00BF90F86C00003818BF45
:1021D0000120704770B584B090F81431002B5DD1A8
:1021E00003F0FF020B780392CDE9012213F0010204
:1021F00003F0040421D08D680195002C3DD04FF0F0
:10220000010CCE6880F845C14968C0F8F810203D3F
:10221000C0E9321540F27121A0F8FC10990702962E
:102220003AD50DEB820300EB820559682039531C27
:10223000C5F8CC10BCB904B070BD24B940F2BE21C1
:102240002120FCF709FBCD6880F845214968C0F8DA
:10225000C810C0F8F81013F0020340F27121019584
:10226000A0F8FC10DDD10DEB830200EB8303526874
:10227000203AC3F8CC2004B070BD80F845414968CD
:10228000C0F8F810203DC0E932159B0740F27121DB
:10229000A0F8FC10C5D4CEE71346CBE740F2A52149
:1022A0002120FCF7D9FA00BFD0F8102142B190F8F4
:1022B000143103F0FF020BB910467047FFF722BC40
:1022C0000C221046704700BFF8B50D4606460021A7
:1022D000D5F8E00104F08CFEB04205F5EC77044639
:1022E00013D00146384604F051FE002333623CB15E
:1022F00094E80E005B1842F10002C5E97632F8BDA1
:1023000000231A46C5E97632F8BD8368D5F8E02186
:10231000934208D2816931B10146384604F036FE55
:1023200000232362E4E7934238BF1346F269376221
:10233000B360002AE4D00ECA5B1842F10002C5E97E
:102340007632F8BD2DE9F04F8BB090F81421002AB9
:1023500040F00A8104460D4602F0FF03FF2280F898
:10236000142180F8153190F8456180F84431194600
:10237000184604EB83030131D3F8CC20CBB22032D2
:10238000B3421044F5D9D4F8C830984200F0BE806A
:10239000D4F8CC30002E00F0B280D4F8D020012E3A
:1023A000134403F1400303D0D4F8D4202032134463
:1023B000C4F8F0300BF01EFBD4F8CC7094F84561F3
:1023C00007F1200856B1012304EB83020133D2F850
:1023D000CC20DBB22032B3429044F5D910F5FA6636
:1023E00041F10009D4F8C8B004F0F8FD8246514626
:1023F00004F1E800039004F0C9FDD4F8101111B104
:102400000398FFF761FFC3450CBFD4F8F080D4F800
:10241000C880BAF1000F7CD0DAF80800DAF8003092
:10242000DAF80410C01841F10001CDE90069424614
:1024300004F0F8FD80456ED3861949F10009D4F8FF
:10244000C82002F2CF730344B3FBF2F302FB03F3A1
:10245000F31AC4F8E83069F10003C4F8EC30002D39
:102460004FD0ADB242F2107132464B46E5FB01232C
:10247000C4E92A2394F87C112046FFF787FBD4F89F
:10248000A830D4F8AC209B1B62EB0902012B72F13F
:10249000000C0546D4E93A0142DB9F424FF0000CA4
:1024A0007CEB020CA8BF1F46D4F8CC30C4F8D8503F
:1024B0009F4228BF1F460423C4E930018DF819301C
:1024C000C4E92C694B46C4E92E69C4F8DC70324675
:1024D0002046FFF7ADFA0023BD428DF8180008969C
:1024E0000595CDF824908DF8103033D804A904F563
:1024F0008C700CF0C7FB90B30BB0BDE8F08F2033AD
:1025000056E74FF0FF326FF00043B1E741F28833F6
:102510004EE7504693E740F24D312120FCF79CF9FD
:1025200004230027C4E930018DF81930C4E92C696F
:10253000C4E92E69C4F8D8503246C4F8DC7020468D
:102540004B46FFF775FACDE908698DF81800059537
:102550008DF810704FF41F712120FCF77DF940F2C7
:102560007D212120FCF778F940F267212120FCF73A
:1025700073F900BF38B590F81431DBB90D4619B3C3
:1025800004460246134900F58C700CF075FB1149A6
:10259000224604F5A4700CF06FFBC4F810516B7B5D
:1025A00003F0FF015BB984F816112046BDE83840FE
:1025B000FFF7C8BE4FF423712120FCF74DF940F21C
:1025C00093212120FCF748F940F28D212120FCF7CE
:1025D00043F900BF8D1D030038B5024604460D4681
:1025E00000F58C7007490CF047FB04F5A470054911
:1025F00022460CF041FB29462046BDE83840FFF753
:10260000A1BE00BF8D1D03002DE9F04F87B090F8EB
:102610001531002B40F0C480044603F0FF0B0BF093
:10262000E9F994F845115B460133DAB29142FBD2E5
:10263000D4F8C830D4F8E820D4F8EC70861AB6FB89
:10264000F3F603FB06F6B61800F1F705A5EB060551
:1026500047F10007AB4294BFA5EB030AAA46002945
:1026600000F0E780D4F8CC3003F12002524505D8C1
:10267000AAEB0303A3F1200A4FF0010B01291DD09F
:10268000D4F8D03003F12002524507D8AAEB030357
:102690000BF1010BA3F1200A5FFA8BFB02290DD08D
:1026A000D4F8D43003F12002924507D3AAEB0303F8
:1026B0000BF1010BA3F1200A5FFA8BFB04EB0B0378
:1026C000204693F87C11FFF761FA04EB8B0350442A
:1026D000D3F8CC808045D94669D3A8EB0A08B8F175
:1026E000000FC0F2B180D4F8E830D4F8B020D4F8AC
:1026F000EC10AD1947F10007D21A4FF0000600F1B7
:102700009C80D4F8C800B2FBF0F200FB02F2D218B1
:1027100041F10001C4E93A21AA1A002AC0F28D80D1
:1027200004EB0903204693F87C11FFF72FFAD4F845
:10273000A830D4F8AC205B1B62EB0702012B72F1CE
:102740000001824647DB04EB89094FEAE8719845AE
:10275000D9F8CC60C4F8D8009141A8BF9846464546
:1027600028BF464604238DF80930C4E92E573B465E
:10277000C4F8DC602A462046FFF75AF90023B24528
:102780008DF808000495CDF804A005978DF8003069
:1027900037D8694604F58C700CF074FA002858D0CC
:1027A00009F09AFB07B0BDE8F04F0CF051BA94F86D
:1027B0004521D4F8C8305A452DD90BF1010BAB4255
:1027C0005FFA8BFB3BD904EB8B03D946D3F8CC8063
:1027D00008F1200583E70423C4F8D8008DF80930F8
:1027E000C4E92E57C4F8DC602A463B462046FFF772
:1027F0001FF9CDE904578DF80800CDF804A08DF835
:1028000000602046FEF7A8FC09F066FB07B0BDE8B3
:10281000F04F0CF01DBAAB420DD85A00B5EB430F88
:1028200038BF1546FFF45BAF40F245412120FCF76D
:1028300013F88B4642E71D4651E7FFF75DF94FF469
:1028400085612120FCF708F840F24E412120FCF779
:1028500003F840F25A712120FBF7FEFFF0B5070C98
:10286000A7F5AA42144B543A012A03EA90231FD930
:1028700027F4004042F6AA22801A18BF0120002245
:10288000162116461F2487EA060562EA050501356A
:1028900010D0DD03ADB245EA5606E503ADB201390D
:1028A00045EA52024FEA53034FEA5404EBD1F0BD1C
:1028B0000020E4E70020FAE7E0FF3F0000F0FD0021
:1028C000003818BF012070472DE9F041B0F86A7058
:1028D000B0F86C50164671B308F09AFB022104461A
:1028E00002F0D8F902218046204602F0D3F947458C
:1028F00028BF4746BFB21B2F38BF1B27FB2F28BF5F
:10290000FB27854228BF0546ADB21B2D38BF1B25CE
:10291000FB2D28BFFB25B4F5A47F38BF4FF4A4746A
:10292000B4F5296F28BF4FF429647780F580B4800F
:102930003481BDE8F08105F0F9FACFE7304BF0B50E
:10294000B0F86C70B0F86A601D890C461146DA88E0
:10295000974228BF1746964228BF16461B2E85B0C1
:102960002ED0B5F5A47F2DD040F648039D4201AA94
:1029700028BF1D46FFF7A8FFBDF80A30BB4228BF9D
:102980003B46E380BDF80C30AB4228BF2B46238189
:10299000BDF80630B34228BF33466380BDF8083027
:1029A000AB4228BF2B46A380FF232370E3881B3B49
:1029B0009BB2E02B08D940F209513920FBF74CFFBC
:1029C0001B2FCED105B0F0BD63881B3B9BB2E02B23
:1029D00002D940F20B51F0E72389A3F5A4739BB20F
:1029E00040F64812934202D940F20D51E5E7A38820
:1029F000A3F5A4739BB29342E4D940F20F51DCE7F4
:102A000044EA032007B50023CDE9003303238DF802
:102A100006306846FCF7ACFE08B1002004E00098E0
:102A200005F0C6FC0028F4D003B05DF804FB13B534
:102A300001210020FCF762FEC0B901210846FCF725
:102A40005DFEF8B9FFF7DEFFA0B9062301906C46E2
:102A500000908DF806302046FCF78AFEC0B10023B6
:102A60000093636007238DF806301FE0A830FFF75E
:102A7000ABFB10B1012002B010BDFEF7B3FB002884
:102A8000DBD0F7E7A830FFF79FFB0028DAD0F1E7AB
:102A90000098403004F03CFA0028DCD0EAE7009BC4
:102AA000586F503004F034FA0028E4D12046FCF787
:102AB0005FFE0028F3D00020DDE7D4D4F7B5002373
:102AC000CDE9003304460E4617466846FCF750FE33
:102AD00008B100201AE0009DA542F6D03046FFF76D
:102AE000EDFE05F1AD0395F8AC20394601F01CFD73
:102AF0000028EAD095F8B32094F8B30005F1B403A8
:102B000004F1B40101F010FD0028DED003B0F0BDE7
:102B1000054A516A11F8030B02F11D03C0F380103E
:102B2000127F01F001BD00BF84EF03200138C0B265
:102B3000032808B504D94FF43F710620FBF78CFE3B
:102B4000014B185C08BD00BFB4EB04000138C0B2F3
:102B5000032808B504D94FF43F710620FBF77CFE2B
:102B6000014B185C08BD00BF0CEC04000138C0B27A
:102B7000032808B504D94FF43F710620FBF76CFE1B
:102B8000014B185C08BD00BFE8EC040010B504461A
:102B90000A48FEF7E7FA20460949FFF71BFB2046E3
:102BA000FEF710FA38B12046FEF716FA2046FEF777
:102BB000CFFA002010BD1220FCE700BF78EA032006
:102BC00080EA032038B5044606F04AFBD8B1204617
:102BD00005F0EEFB08B9002038BD204605F07EF870
:102BE0000546204605F026F978B9002DF3D0B5F852
:102BF000AA000221FCF798FD0028ECD041F6D6216E
:102C00003920FBF729FE4220E6E70C20E4E7F0B587
:102C100087B0054602A9008802F0BCF804460028E7
:102C20007CD1029B93F86A21029ED11E4A424A41FE
:102C30008DF8062096F8A820002A72D1DA7B222A85
:102C400072D19DF8062082F0010293F862308DF86F
:102C500007209B0603D49DF80730002B68D0EB8833
:102C60001B3B9BB2E02B65D82989A1F5A4739BB2CD
:102C700044F2481083425DD86B881B3B9BB2E02B2B
:102C800058D8AA88A2F5A4739BB2834252D8B1F552
:102C9000296F51D8B2F5296F4ED8FF2786F82F71CA
:102CA0009DF80630002B41D1029B93F8A810B1FA91
:102CB00081F103AA06F1A8004909FFF705FE6A8819
:102CC000BDF81230BDF81410B5F806C0934228BF05
:102CD000134640F64800A6F83431BDF80E30AA88F5
:102CE000814228BF0146634528BF6346A6F83031BC
:102CF000BDF81030834228BF03462889834228BF8D
:102D000003468A42A6F83231134628BF0B46A6F87E
:102D1000363186F82E71002386F82F31204607B011
:102D2000F0BD1A6892068CD422468EE73A24F2E768
:102D30001A24F3E71224F1E71124EFE710B5032179
:102D40000020FCF7DBFC044670B90321FCF79AFC79
:102D5000044620B940F225313920FBF77DFD034BB5
:102D600093F96C1006F01CFA204610BD44EA0320CB
:102D700010B50446FFF746FE58B901210020FCF7C4
:102D8000BDFCD0B901210846FCF7B8FCD8B9012038
:102D900009E000F0D5FF68B1FFF7D0FF044606F068
:102DA000F5FB08B1002010BD204606F0EBFB002823
:102DB000E3D0F7E7002CE0D1F4E7A830FFF704FAFE
:102DC0000028DFD0EEE7A830FFF7FEF980F0010021
:102DD000C0B2E8E7014B5888704700BF44EA0320BF
:102DE000006890F8A8303BB190F8E23123B100239D
:102DF00080F8E23105F0B0B87047D4D4044BD87BEA
:102E0000C0F3400080F0010000F00100704700BFF7
:102E100044EA032010B501F053FB01F017FD00F068
:102E2000EBFF02F081FC04F05DF802F08BF808F093
:102E300041F9012000F07EFF184B194C194A00217E
:102E400019604FF01B13C4E900234FF4A473A3606F
:102E50004FF479432361144BA4F8641058686063FD
:102E60001B89A181102204F13C0084F83210E17327
:102E700023870DF087FC012304F15A0042F21072FF
:102E8000C4E9102284F83C30637508F02DF904F190
:102E90004C00BDE8104008F04DB900BFD4F203204B
:102EA00044EA032003021B00B4EB0400044B41F688
:102EB0004C521B21C3E9062299731A62FFF7AABF7D
:102EC00044EA0320F7B53B4DAB69C0F8E8302B7CF2
:102ED000003B18BF012380F8293100F1A807364BC9
:102EE000C0F8C8300446384605F020F8064600F021
:102EF00065FF830654BF1B236B88A4F8123158BFAB
:102F00001A462E4BA97B1B6848BFAA88A4F8142137
:102F100084F8F010A4F8F26023B194F92811B4F801
:102F2000AA009847264B1B681BB12649B4F8AA0093
:102F300098472549384600F08CFF0123A4F8DE307D
:102F4000224B1B681BB1B4F8AA0000219847204B04
:102F50001B681BB1B4F8AA00002198471D4B1B68E1
:102F600013B1B4F8AA0098471B4B1B6813B1B4F80F
:102F7000AA009847AB886A886978019129780091FE
:102F8000033303329BB292B204F1C40104F1C000D6
:102F9000FCF756FCD4F8C03023B940F2E2413920A6
:102FA000FBF75AFCD4F8C43013B940F2E341F6E71A
:102FB00003B0F0BD44EA032000093D00E4F2032021
:102FC000DCF2032068EA03204EEA0320F4F2032037
:102FD000E8F20320ECF20320F0F203202DE9F341A4
:102FE00004460E4606F03CF9002800F09680204684
:102FF00006F0D0FA40B1B6F80130013B7F2B03D97F
:10300000122002B0BDE8F081204606F0C7FA08B9E8
:103010000C20F6E7204605F0CBF90028F8D1204631
:1030200006F080F880460028F2D1204606F046F9E6
:103030000028E5D0B6F80170F17842F2107320460E
:103040005F4306F092FA04213078FCF757FB062123
:1030500005463078FCF752FB2DB140B141F67621A0
:103060003920FBF7F9FB18B390F8E58005462C4EA4
:103070003368EBB14035284603F059FFC0B128460C
:1030800003F046FFA0B9B8F1000F07D0254B284642
:103090001B68984760B141F68A21E1E7224933680D
:1030A000096A42462846984710B141F68F21D7E772
:1030B000204606F067FA014638B93A46204604F041
:1030C00011FE40B341F69821CAE702210DF1060036
:1030D000FCF7A0FA054608B90D2092E7BDF80610E6
:1030E00001F0B6FE2946204606F0E0FB2846FFF731
:1030F000E9FE3A462946204604F0F4FD024610B1A6
:1031000041F6B421ACE7084B9B6E23B105F59771EE
:1031100005F1A8009847002073E7422071E700BF3F
:10312000D8F20320E0F2032044EA0320074B018891
:103130009A88914207D3B0F8032091B219B1A3F84D
:103140006420002070471120704700BF44EA03202C
:10315000024B1B6803B118470C207047D4F20320C0
:1031600010B5044603F0C4FE2070002010BD10B559
:103170000378012B044601D9122010BDFFF757FC3C
:1031800060B92078FFF79AFB01280DD004F11703EE
:10319000E21D611CBDE8104001F068BB01F008FCB5
:1031A0000028EED00C20E8E7A37903F0C003C02B81
:1031B000E2D1EBE710B50378012B04460AD8FFF7FC
:1031C00036FC48B9214611F8010BFFF777FB01F0F7
:1031D000C9FB38B9122010BD01F0EAFB0028F1D07C
:1031E0000C20F8E70020F6E708B5008801F0E6FBC0
:1031F00000280CBF3020002008BD38B50546FFF779
:1032000016FC044638B92878003818BF012001F0B0
:10321000C9FB204638BD0C20FCE708B5FFF707FCCA
:1032200018B901F0AFFB002008BD01F0C1FB002878
:10323000F7D00C20F8E708B50821FCF709FE0020BC
:1032400008BDD4D4034B5A8802801B7883700020B9
:10325000704700BF44EA032010B501460446002031
:1032600001F048F908B92060A080002010BD10B519
:1032700004460120FFF77CFD28B10120214601F022
:1032800021F9002010BD0C20FCE7D4D473B583785D
:103290001A2B064608D8042B04D9334A22FA03F322
:1032A000DB0705D412251AE0292B01D03B2BF9D1DD
:1032B0003088B0F5706FF5D2694601F06BFD88B9C2
:1032C000009B93F82C2102F0FF05C2B9B27883F875
:1032D0002D21FF2283F82C216846FFF781FD284627
:1032E00002B070BD30880921FCF708FA04460028B6
:1032F00037D0B0F8AC0101A901F04CFD08B10C25A4
:10330000EDE7B4F8AE010821FCF7F8F920B94FF465
:1033100004613920FBF7A0FA03781BB994F8C8318F
:10332000032BECD1019B93F84221002AE7D194F8BA
:10333000F02102F0FF05002AE1D1B4F8B021A3F892
:10334000442194F8B82183F84621027D83F847216F
:10335000B27883F8482184F8F021FF2283F84221D3
:10336000BDE70225BBE700BF20003804FFF74FBCD4
:1033700037B508800D4601A901F00CFD044640B99F
:10338000019810F8A81FB1FA81F12A464909FFF700
:103390009BFA204603B030BD10B50446FFF747FB4B
:1033A00058B92078FFF78AFA611CE27901F012FC23
:1033B00080F001004000C0B210BD01F0F9FA002811
:1033C000EFD00C20F8E7D4D42DE9FF410646007871
:1033D000012813D17378012B03D9022B0CD1B388A8
:1033E00053B17288B2B1B388A3B10A214A434FF4F2
:1033F000A0614B439A420DDB12247AE00028FBD1F6
:103400000121FCF77BF90546002840F08E8040F64C
:103410009A5107E001210020FCF770F9054620B918
:1034200040F63F513920FBF717FAB388002B76D1CD
:10343000FDF770FD002874D195F81431002B72D17E
:103440002846FFF7A3FB04460028D5D101210846F2
:10345000DFF82C81FCF752F998F81410074619B1DF
:1034600010B940F65B51DDE798F834200023CDE930
:10347000023312F001031CBFD8F844000290520737
:1034800041BF04AA02EB8303D8F8482043F8082C74
:10349000002941D097F81431002B3DD07388DBBB55
:1034A00098F834300093D8F8402098F8361002ABE2
:1034B0003846FDF7C7FD78B33846FEF7F5FE07F14D
:1034C0004003064605F14002683753F8041B42F8F2
:1034D000041BBB42F9D12846FFF758FB024610B146
:1034E00040F682519EE70C2E07D101462846FFF791
:1034F00073F8204604B0BDE8F08116B140F68B5158
:1035000090E798F83530296D43F0040385F854307E
:103510002846FFF72FF8ECE7B2887188E6E7112418
:10352000E7E73A24E5E70C24E3E7FEF743FE044629
:103530000028DED195F8543095F8A62022B195F8F0
:10354000A720134385F8A600053B012BD1D82B6D8E
:1035500013B940F6AA5165E701210846FCF7CEF8F9
:103560004FF4C072294606460DF08EF9002386F806
:1035700094300423316D86F854303046C9E700BFDB
:1035800044EA032010B50446002000F0D3FB204697
:10359000BDE81040FFF718BF07B503788DF800307D
:1035A00043788DF8013068460023ADF80230ADF85D
:1035B0000430FFF709FF03B05DF804FB73B5062381
:1035C0000025CDE900558DF806306846FCF7D0F8A7
:1035D00008B1002610E0009D95F8CD30802BF4D086
:1035E00095F8E560002EF0D095F83131002BECD144
:1035F00095F8CC30002BE8D101210020FCF77EF8B3
:10360000044620B941F2BB213920FBF725F9A83047
:10361000FEF7DAFD224B1B7D73B3E0B194F8543012
:10362000053B012B17D82046FEF73EFE054610B19C
:1036300041F2C621E8E72046FDF772FC94F85430C9
:1036400023F0040384F854302A4629462046FEF726
:10365000C3FF00250DE001210846FCF74FF80446A2
:1036600010B941F2D221CFE7A830FEF7ADFD60B925
:103670000C25284602B070BD28B9002EF8D0FF23D3
:1036800085F8CC30E5E7002EF9D12046FEF70CFE98
:1036900005460028EDD12046FDF742FCE9E700BFD2
:1036A00044EA032073B5054601A9008801F094FBA4
:1036B000064620B9019C94F8A8301BB10C26304670
:1036C00002B070BD94F8823203F0FF0633BB94F869
:1036D0006230DB0724D5D4F8A430002BEED1D5F826
:1036E0000230C4F87832D5F80630C4F87C326B89E1
:1036F000A4F8803204F51A7205F10C031C3553F856
:10370000041B42F8041BAB42F9D10C2104F51570DF
:10371000FCF79EFBFF2384F88232D0E73A26CEE7FF
:103720001A26CCE730B589B003466A4600F1180581
:1037300018685968144603C40833AB422246F7D1CF
:103740001868206002236846ADF81C30FFF7AAFF16
:103750001E220446002168460DF054F8204609B0A8
:1037600030BDD4D4F7B50678EF2E04460F4603D902
:103770001226304603B0F0BD90F901204378002AAC
:10378000F6DB82789207F3D113F010001DD19D066D
:1037900003F0030216D5002AEAD11907E8D42179EB
:1037A000E278E57942EA0122617942EA0142A179AF
:1037B00041EA0521257A41EA05418A42D8D81F2AE3
:1037C00012D8D5E7032AE8D1D2E713F0600FCFD1A2
:1037D00003F00702052A05D003F00F010D22CA40AD
:1037E000D207C5D51D07DAD5627A013A062ABFD8B5
:1037F000A27A032ABCD813F0040302D1023A012AA8
:1038000003D8E27A012AB3D813B9A37C032BAFD82B
:10381000237DF8B1012BABD1237E012BA8D818B39F
:103820006378D90702D500F04DFA20B36378227D82
:1038300003F01803082B2ED1022A1CD10321304695
:10384000FBF75CFF054660B304F0B2FD002834D0FE
:103850000C268EE7022B8BD0A37D013B022B87D851
:10386000E37D0F2BD8D983E700F0B2FA820707D4A3
:10387000237D022B01D111267BE7A37D022BFAD0F9
:1038800000F0A6FA4307CBD4237D032BF3D0A37D0E
:10389000032BC5D1EFE7022AD0D0237F002BCDD058
:1038A000E9E703213046FBF7EDFE0546002843D04B
:1038B000224B93F96C1005F073FC0021304607F0A1
:1038C000BCFB28BB284605F05AFE21463870E07440
:1038D000284605F055FDE37E0646002B3FF449AF30
:1038E00000287FF446AFE96C02466846FCF7B8F85A
:1038F000E86C32460121FCF74CF9E96C6846042279
:10390000FCF7AEF8E86C32463146FCF742F930E796
:10391000403003F00CFB0028D4D0637813F0330F51
:103920007FF426AF296AA67D284605F046FEFFF7FC
:10393000FDF88642C6D08BE707261AE744EA032043
:1039400030B50279042A8BB003464FD84088B0F5D1
:10395000804F4BD82649114400248A7C4D7BADF81A
:10396000004042F0100242EA4502CD7D097F8DF809
:10397000084042EA850242EAC10202F01F028DF8C5
:103980000020BDF80020ADF809201A888DF80B2022
:103990008DF80E00120A000A8DF80C208DF80D40EB
:1039A0008DF80F008DF810405A7B8DF811205A7950
:1039B0008DF812209A79D3F807008DF81320B3F808
:1039C0000B209B7B8DF81A307F2305908DF81B30E0
:1039D00069464FF0011302A8CDE90734ADF818206D
:1039E0008DF82440FFF7BEFE0BB030BD1220FBE780
:1039F000B4EB040037B50446FFF7A0F923781F2B7A
:103A0000054618D8C16C04226846FCF729F82246FE
:103A1000E86C12F8013B0021FCF78AF868B1EC6C05
:103A20002046FCF732F9002102462046FCF7B1F8A7
:103A3000002003B030BD1220FBE70720F9E737B5BF
:103A40000446FFF77BF923781F2B054618D8C16C75
:103A500000226846FCF704F82246E86C12F8013BA5
:103A60000121FCF765F868B1EC6C2046FCF702F91F
:103A7000012102462046FCF78CF8002003B030BD3F
:103A80001220FBE70720F9E773B50546FFF756F963
:103A9000002604468DF8046005F07CFD2B788DF837
:103AA0000760C001012BADF8050005D101A9204632
:103AB000FFF794FA02B070BD2BB9204602B0BDE802
:103AC0007040FFF77FB81220F4E710B5044634F8D1
:103AD000020B0880022180B2FBF710FE20B12146C4
:103AE000BDE8104007F0E2B9022010BD008808B51B
:103AF0000880022180B2FBF701FE20B1BDE808403A
:103B0000002107F0D3B9022008BDD4D402780346BF
:103B100072B1427862B142881A2A09D982881A2A77
:103B200006D9044A006810609B8893800020704783
:103B30001220704744EA0320014B5874002070475C
:103B400044EA0320014B98740020704744EA0320A4
:103B5000024B1B6803B1184711207047F8F203208D
:103B600008B5052000F0F2F807F044FA014B024ACC
:103B70009A6608BD44EA03203D290300082000F0AE
:103B8000E5B807F043BA10B5044604B910BD236880
:103B900098476468F9E703680BB9016070471A46F3
:103BA0005B6813B18A42FAD170478A4218BF5160EC
:103BB000704708B504F05AF905F0CAFA20B140F28E
:103BC00063119320FAF748FEBDE808400320FBF795
:103BD000EFBD08B50220FBF7EBFD0020FBF7E8FD89
:103BE000FBF780FE00F024FCFCF782FF20B140F2DE
:103BF00043119320FAF730FE08BDFFF7EABF08B57E
:103C0000FFF7D7FF06F0D8FB20B14FF4BC7193202B
:103C1000FAF722FE08BD08B505F004FB04F058F9D8
:103C2000BDE8084005F0A4BA08B500F009FCFCF7AF
:103C30003FFF0220FBF7BCFDBDE808400020FBF77A
:103C4000B7BDD4D408B5064B01221A7105F0F2FABB
:103C500006F0BAFBFFF7E8FFBDE8084001F08ABDB7
:103C6000B4EA032010B5064C064904F10800FFF73A
:103C700092FF04F10C000449BDE81040FFF78BBF30
:103C8000B4EA0320E48A0320EC8A032010B5094C2F
:103C9000094904F10800FFF77EFF04F10C00074911
:103CA000FFF779FF04F110000549BDE81040FFF768
:103CB00072BF00BFB4EA0320F48A0320FC8A032009
:103CC000048B0320014B1879704700BFB4EA03202E
:103CD00038B5074C0D4601F009FDA0682560FFF7D7
:103CE00052FFFFF7E3F802F07BF80123237538BD9C
:103CF000B4EA032010B50A4CE068FFF744FF2069DE
:103D0000FFF741FFFFF786F8202000F033F8262068
:103D100000F030F8292000F02DF80023237510BDA5
:103D2000B4EA032000487047C9EA032000487047FE
:103D3000CBEB0320014B83F819027047B4EA032050
:103D4000014B93F819027047B4EA0320C2080749EF
:103D500000F0070001238340885C03438B5404492F
:103D60000B78934238BF13460B707047988A032034
:103D7000CEEC032010B50F4BC40803EBD002012199
:103D800000F0070001FA00F0195D21EA0001195561
:103D900009490B78A34205D1002012F8014914B15A
:103DA00000B10B7010BD002BFAD0013BDBB201203B
:103DB000F3E700BF988A0320CEEC0320014BD3E940
:103DC00000017047988A032000487047A08A0320AA
:103DD000054B1868C0F3C022C0F30020400040EA41
:103DE000820040F001007047988A0320012303807D
:103DF00040F201134380704708B509F06BFD084A93
:103E0000002332F82310814205D302EB830293781A
:103E1000044A137008BD01330C2BF2D10023F7E7DD
:103E2000DCEB0400CFEC0320024B1878072828BFF6
:103E300007207047CFEC032009F04CBD0B468922C8
:103E400003F8032BD0F80920C1F80320427B1A7134
:103E5000704738B50D460446FFF7BAFF2B78002BA4
:103E600008BF034684F874306B78002B08BF034604
:103E700084F875306B88A4F8763038BD2DE9F04FA2
:103E80000468984694F8633094F80FA043EAD3038B
:103E90000F46D90785B0164604F1A80902D4BAF135
:103EA000260F5FD194F8A850002F55D1FFF790FF4F
:103EB0008DF80B00002E51D1FFF78AFF2B4B8DF8A8
:103EC0000C00D3F800B0BBF1000F0CD0AAF1260211
:103ED000534253410093284603AB0DF10B02494670
:103EE000D847054630B99DF80B3013B19DF80C004A
:103EF00028B90925BAF1260F2AD10020034694F8E3
:103F0000292132B19B0700F002002DD560B30220B9
:103F10000346FF2284F8392194F8382102F0FF0586
:103F2000F2B99DF8382084F83B0184F8382184F8F0
:103F30003A31A4F83C8103A948468DF80C708DF8FD
:103F40000D60ADF80E80FFF784FF002384F839314F
:103F5000284605B0BDE8F08F3846A9E73046ADE702
:103F60003A25F2E71A25F3E70925F1E7FCF20320E9
:103F700037B58B78046803F0070384F819314B7860
:103F800003F0070384F8183126230546E37394F8F9
:103F9000393113BB94F83831012B1ED094F82131FC
:103FA00094F81821D91E012998BF04239A42B4F825
:103FB0001E3118D194F8202194F81901D11E01293D
:103FC00098BF04229042B4F81C110CD1022284F84C
:103FD0003821A4F83A11A4F83C31284603B0BDE8D2
:103FE000304001F030BF022094F81D2194F81C11DC
:103FF00000902846FFF742FF0028EED04FF466718C
:10400000AE20FAF729FCD4D410B50468B4F8AA306D
:1040100084F87E11A4F87F3194F82001FEF796FD14
:1040200084F8810194F82101FEF790FD84F8820163
:10403000034904F27510BDE8104001F0CDBC00BF8B
:104040003D3E030038B5036893F83831012B044630
:104050000D4602D11E21FFF7D7FF2368002083F809
:10406000380165B1182283F8992009229A7393F8D0
:104070004A3093B940F25B41AE20FAF7EDFBDA7BB0
:10408000243A072A03D8DD73204601F0EEFE2046CD
:104090001821BDE8384001F018BF38BD08B50368E5
:1040A0009A7B22B14FF4E671AE20FAF7D5FB2422B9
:1040B0009A7308BD034610F0010007D19A0704D493
:1040C00013F0040018BF03207047022070472DE949
:1040D000F34B0546104616461F46FFF7EBFF834697
:1040E0000846FFF7E7FF46EA01044BEA04040443ED
:1040F000E4B2003CDDF828800190894618BF012415
:10410000FFF766FE064018BF5E46FFF761FE95F8B2
:104110002021019B10EA090118BF1946B24214BFC1
:104120003346002388F8003095F821218A4208BFE1
:1041300000210B4388F801100AD1EB88013FFF1AD8
:10414000BFB247F6FD739F428CBF002404F0010408
:10415000C6B995F82001FEF7F9FC03280ED195F8B1
:104160003831012B0AD1B5F83C2195F82031012ACC
:104170000AD1042B0AD0042388F80030204602B06C
:10418000BDE8F08B032EE9E7032BF7D00323F3E719
:10419000032906D101280AD104215180138001206E
:1041A0007047042903D1012801D00321F5E700203D
:1041B0007047012807D0022805D0033801288CBF9A
:1041C00000200120800070472DE9F0410C6894F830
:1041D0003A22D31E012B05460F462DD894F82031E4
:1041E000D91E012928D8D31A18BF012394F83B02FD
:1041F000FFF7DFFF06460BBB1046FFF7DAFF8046EE
:1042000094F89F306BB948EA060313F0FF0306D019
:10421000204601F06BFE3B68DB8803449BB2A4F8A8
:104220003832B4F83832EB701B0A2B71AE7085F857
:1042300001800520BDE8F0810023D7E74FF000089A
:10424000DEE770B50568EC7BA4F12406072E024674
:104250000B4615D994B9AD7B292D11D04D786E0739
:1042600006D08D786D0703D0FFF782FE204670BD23
:10427000BDE870401978104601F027BE0124F5E72B
:104280002024F3E72DE9FF47046894F80EA0AAF173
:1042900025030E4659425941052A054639D1E37B8B
:1042A000272B3BD104F10F0796F8019096F8028076
:1042B00009F0070908F0070809F1FF3308F1FF3298
:1042C00003EA090302EA0802134321D14046FFF73B
:1042D000F1FE70B394F8203198422AD094F83A2134
:1042E00018EA020F14D0BAF1250F22D094F8192140
:1042F00018EA020F1DD1464A0138013B52FA80F0FC
:10430000DBB2032B00790FD81A441379834210D9FA
:10431000284604B0BDE8F047FFF794BEBAF1250F78
:1043200074D104F10E07BFE74FF4DD710620FAF7F0
:1043300093FA4846FFF7BEFE40B194F8213183421C
:1043400004D094F83B3119EA030FE1D0B6F80360CA
:1043500003AB00932046334642464946FFF7B7FE7B
:104360002C6878BB94F83831012B28D1E38894F875
:104370002011B4F83C0104F53472FFF709FF06463A
:10438000D0B901462846FFF73FFE2B6883F8386115
:104390003E702B6803F10F02974201D10022DA73BD
:1043A0002B6803F10F0297422CD1284601F05DFDE6
:1043B000002004B0BDE8F0872C23A373E9E784F85C
:1043C0003801E6E7E388A4F8D062013EF61AB6B2F7
:1043D00047F6FD739E4206D9282384F831302846DB
:1043E00002F020F8DCE7E37B0D2B02D00A3B012B27
:1043F00001D82A23F1E7BDF80C30A4F8D2322923E2
:104400003B70CDE7002283F84A20D1E70220D0E7B5
:104410000CEC040008B50368DA7B262A05D022B12B
:1044200040F2D351AE20FAF717FA2722DA7308BD0B
:10443000024B002283F832209A867047D2EC032088
:10444000FFF7F6BF044B93F83220012A1ABF03602E
:1044500001200020704700BFD2EC0320054B93F8E9
:104460003210012902461DBF012083F832009A86CE
:1044700000207047D2EC0320054B024693F832002F
:1044800020B1136009B19B8E0B800120704700BFE3
:10449000D2EC0320044B93F8320000229A8610B12C
:1044A00083F8322001207047D2EC0320034B93F8AD
:1044B0003200B0FA80F04009704700BFD2EC032010
:1044C0007047D4D450B90A4A1346012003F8010BAF
:1044D0000868C2F801008A889A807047012805D1CF
:1044E000034B0A689A608A88D8719A81704700BF26
:1044F00008ED032050B90B4B187888B1D3F8012090
:10450000B3F805300A608B8001207047012806D17E
:10451000044BD87920B19A680A609B89F3E70020A0
:10452000704700BF08ED032030B542401C78087882
:104530005D7860404C786C4020449D788C786C406D
:104540002044DD78CC786C4020441D790C795B796F
:1045500049796C4020444B4018441044B0FA80F034
:10456000400930BD10B9044B18787047012806BFC8
:10457000014BD8790020704708ED0320F7B50023E0
:104580008A888DF80600ADF8042008680B4A8DF87B
:104590000730019D1478014602F5A872D8B2844212
:1045A00001D8082008E052F8087F5668AE4208BFDC
:1045B0008F4203F10103F1D103B0F0BD18ED0320E8
:1045C00030B5094B01465C78002203F20113D0B2EA
:1045D000844201D8082005E013F8015F8D4202F102
:1045E0000102F4D130BD00BF18ED032002460020C7
:1045F0000139C9B2FF2900D17047535C83F0010330
:104600000344D8B2F4E7D4D4F8B52D4C6378013B19
:10461000DBB22218834292F80251637030D01A0143
:104620000101961C8F1C2644274406F1100C56F8F5
:1046300004EB47F804EB6645F9D18232823122441B
:10464000214402F1100652F8047B41F8047BB24287
:10465000F9D1E118221891F8026182F80261062668
:104660007343704303F5857300F58570E618E358CE
:1046700023502718B388BB8091F83A3182F83A3139
:104680002846FFF79DFF082818D12378013BDBB2AD
:104690009D42237012D02B3304EBC30393E8030035
:1046A00005F12B0204EBC20282E803002078FFF739
:1046B00087FF08281CBF241884F80251F8BD00BFEA
:1046C00018ED0320F0B5254D95F8984189B02246A4
:1046D00005F2991168460CF0D7F821466846FFF7B5
:1046E00085FF0446B8B300EB4001C9B202A8FBF74E
:1046F000AFFB631E95F8A161DBB2012495F8981118
:1047000005E0721CB2FBF1F001FB1022D6B206F1FB
:1047100020020DEB020010F8202C002AF1D103EB4F
:1047200043012031694406EB46022A4411F8187C03
:1047300082F8A27111F8177C11F8161C82F8A37187
:1047400082F8A41100F8204C013BAA19DBB2FF2B20
:1047500082F89941D2D109B0F0BD00BF18ED032015
:1047600070B5064688B00C46002A4ED0294A92F809
:10477000A131D01890F8991119B9FF212820FAF722
:104780006BF803EB43011144013391F8A251E5703A
:1047900091F8A35191F8A41161710021257180F85D
:1047A000991192F89811B3FBF1F001FB103382F8E4
:1047B000A13192F8C23123B9174902F5DD7001F039
:1047C000EAF8657905F03F0545F0400565710D2271
:1047D000002168460BF0D6FFE3788DF80F3023797F
:1047E0008DF80E3004AA0423694630468DF80D502A
:1047F0000BF0B8FD9DF81F3023709DF81E306370DC
:104800009DF81D30A37008B070BD03216018FBF740
:104810001FFBD6E718ED0320C5460300044B5A786A
:10482000824286BF1B1893F84A010020704700BFE0
:1048300018ED0320044B5A78824286BF1B1893F868
:1048400042010020704700BF18ED0320064B0022F4
:104850004FF461711A8083F8C32183F8C421A3F84F
:10486000C61183F8C221704718ED03202DE9F047E7
:104870008246894617469846FFF780FE0828054677
:10488000064603D0FFF79CFE082860D1324C6378BF
:10489000072B5ED8082D15D12678731C072E2370A0
:1048A00003D96C212820F9F7D7FF06F12B02D9F89C
:1048B000000044F8320004EBC203B9F804209A80E7
:1048C00083F806A065786B1C290163704B1C07F107
:1048D0001002234412F8010D03F8010FBA42F9D176
:1048E000813108F11003214413F8012D01F8012F43
:1048F0009845F9D11021404600F092F92544102145
:1049000085F84201384600F08BF985F80261667837
:1049100085F84A010023114885F83A313146FFF7FE
:1049200065FE0128054607D80D483146FFF75EFEB3
:10493000002818BF0135EDB284F8985100252846AB
:1049400084F8A151FFF7BEFE2846BDE8F08712208B
:10495000FBE70720F9E700BF18ED03205AEE03201C
:1049600062EE032008B5FFF709FE082807D0FFF71D
:1049700027FE082803D0FFF747FE012008BD0020CE
:10498000FCE7D4D410B5064B5878013840B2002863
:1049900000DA10BDC4B22046FFF736FE601EF5E710
:1049A00018ED0320014B83F8C301704718ED032075
:1049B000014B93F8C301704718ED0320431E9BB2CF
:1049C0004AF2B71293429DBF024BA3F8C6010120E1
:1049D0000020704718ED0320014BB3F8C601704763
:1049E00018ED032008B5FFF7C9FD082803D0BDE87E
:1049F0000840FFF7E5BD08BD30B50A4B5C7884423E
:104A00000ED9184490F802012B3003EBC004A579AD
:104A10000D7053F830001060A3889380012030BDE2
:104A20000020FCE718ED032008B506F00FFC18B1D4
:104A3000BDE8084006F032BC082008BD0246074821
:104A400010B590F8C34124B1417821B1023006F08D
:104A50009DFB204610BD0C46FBE700BF18ED032070
:104A60002DE9F74F2F4C9A4663788342804689465A
:104A700056D9231893F8425185F00105F9B193F8FE
:104A80004A31E3B945F002070135BAF1000F18D1F8
:104A9000FA070AD5062101FB084104EB081052462B
:104AA00001F585718230FFF75BFEBB0734D504EB5F
:104AB0000810524649460230FFF752FE2CE02F46BE
:104AC000E3E794F8A1614FF0010B002DE0D0A319AA
:104AD000019393F8991199B90092DAB101F050F964
:104AE00006EB46012144019B81F8A2014FEA102CFC
:104AF000009A81F8A3C1000C81F8A40183F899B150
:104B000094F898310136B6FBF3F103FB1166F6B267
:104B1000013DDAE747F00407384603B0BDE8F08FFF
:104B20000027F9E718ED0320F8B5184C064648B3FE
:104B3000617804F5A170FFF759FD94F89851074684
:104B4000294604F29910FFF751FD2D1AEDB2AF423C
:104B50001AD800256278EBB29A4201D80120F8BD3C
:104B6000E21892F842215AB9062101FB034104EBF5
:104B70000313324601F5857103F18200FFF7F0FD62
:104B80000135E7E70546E5E70020E8E718ED0320F3
:104B9000074B5A78824209D91A1892F842212AB949
:104BA000062202FB003000F5857070470020704738
:104BB00018ED0320064B5A78824281BF1B1893F8E8
:104BC0003A01B0FA80F0400998BF0020704700BF5A
:104BD00018ED0320F8B50E46074606213046154667
:104BE00000F01EF8044670B10C4B0022587803F216
:104BF0003913D1B2884202D801242046F8BD03F807
:104C0000015F0132F5E731463846FFF7EBFE082831
:104C1000F3D0024B034483F83A51EDE718ED03203B
:104C200001440023884203D1B3FA83F0400970475E
:104C300010F8012B1343F5E7F8B5D0E904760546E3
:104C40000C460AF093F818B952212920F9F704FE0E
:104C5000E4B1D5E90423D21B63EB0603012A73F107
:104C600000014FF0000113DB6FF001009042994109
:104C700001DA5C21E9E7631E1344B3FBF4F35C4300
:104C8000E41946F10006C5E904461C462046F8BD75
:104C90000C46FBE7022905D13C281BD980100F38B0
:104CA00080B27047CB1E012B0FD804290CBF96236E
:104CB0004FF4167303F5BC730CBF102240229842C8
:104CC00008D9C01A90FBF2F0EAE7702802D9C010A8
:104CD0000E38E5E700207047022908B5034614D0D6
:104CE00005D8012909D0E7212920F9F7B5FD0339B5
:104CF0000129F8D840F6A66008BD40F6C41040F27D
:104D0000E242002B08BF1046F6E740F6C410F3E776
:104D1000034B80F880101B680BB140881847704720
:104D200000F3032010B5029C801A7E388842226866
:104D300094BF091A491A02EB510222601A6801292C
:104D4000A2EB51021A6094BF0020012010BD69B18E
:104D5000A0F57A7241F270739A4207D84FF47A73D1
:104D6000B0FBF3F000F5506080B2704740F2E243D0
:104D7000B0FBF3F0F8E7D4D40B2808B504D940F21F
:104D800029112920F9F768FD014B33F8100008BDFF
:104D900014EC040038B50C4600210546FAF7AEFCC9
:104DA000206048B902212846FAF7A8FC2060B0FA32
:104DB00080F04009400038BD0020FCE70368587BC4
:104DC000C0B293F830302BB900F0FB00003818BFA8
:104DD000012070470020704710B50C46FFF7DAFF3E
:104DE00038B92046FFF7EAFF80F001004000C0B26A
:104DF00010BD0220FCE7D4D4036830B50024D3F8FA
:104E0000C800A3F84040B3F8444042F21075444350
:104E1000B4FBF1F4A3F844404C1E05FB0242B2FB84
:104E2000F1F2A3F84220094AB2FBF1F20132A3F8F1
:104E300048209A8F05FB02445A6BB4FBF1F45043AF
:104E40009C63B0FBF1F0586330BD00BF005A6202B2
:104E500038B54FF4427204460D4600210BF092FC27
:104E60006FF0360284F86320042284F864206FF027
:104E70003B0284F865206F2284F86620032284F8C0
:104E80006720002284F868206FF07F0284F8692090
:104E90002B2284F86220FE22012384F89E207F22A8
:104EA000E375E27284F8A830A4F8AA5038BDD4D4CF
:104EB00013B540F6B8338387B0F8D220D0F8C810C5
:104EC0000190044601A8FFF797FF0C4B1B68062BC7
:104ED00001D001330FD10A4B1B68063B08330AD9B6
:104EE000D4F8CC00FDF7BAFC80F00100C0B284F821
:104EF000070302B010BD0020F9E700BF78F70320D8
:104F00007CF70320054B1B7833B9054B1A681B79D6
:104F1000026003710120704700207047E0EE03201B
:104F2000A88A0320054BFF221A70054A0168116008
:104F30000179117100221A70704700BFE0EE032062
:104F4000A88A032007B5064A1068009012798DF8E8
:104F500004206846FFF7E6FF03B05DF804FB00BFDE
:104F6000A64B0400C2B292FAA2F2030A93FAA3F388
:104F70001B0E100E40EA0320704770B50131C9B214
:104F80000530002210F8013F8B4216D310F8054C73
:104F90000023012505FA03F626421CBF01F1FF316B
:104FA000C9B269B10133082BF4D10132D2B2052A5A
:104FB000E8D19B214620F9F74FFCC91AC9B2F4E7A2
:104FC00003EBC200C0B270BD0B6870B5C0F8013011
:104FD0000B7903F01F03437100230446C372054697
:104FE000461D15F8010F00F015FF6871E37AB54210
:104FF0001844E072F5D170BD70B581EA11418CB2F0
:105000000546C17A032682EA0400FFF7ABFF013EA2
:1050100000EB0010221816F0FF0690B2F5D14440C4
:105020002522B4FBF2F302FB1343C3F3C4022A4468
:10503000D8B2567803F00703012202FA03F31E42A6
:1050400007D161432846C1F30741BDE87040FFF72F
:1050500094BF70BDF8B590F822506B1E242B044607
:1050600003D9E1214620F9F7F7FBDAB1C07D00282A
:1050700043D194F8243094F8231002FB0132252305
:10508000B2FBF3F103FB1123DBB204EBD30284F890
:105090002430117E03F007060122B240114202D0F3
:1050A00084F82530F8BDB3FBF5F205FB123301336C
:1050B00003F0FF0304F11C0111F8012F9A4219D3E8
:1050C00011F8055C0022012606FA02F72F4208D0EB
:1050D000013B13F0FF0304D102EBC00284F825204A
:1050E000E0E70132082AEFD10130C0B20528E3D150
:1050F000D721B7E79B1ADBB2F6E7E288496A04F1E9
:105100001700FFF779FF84F82500CBE703788901C2
:1051100023F0400301F040010B4303707047037814
:1051200003F07F0343EAC113037070470078C0099E
:1051300070471F2A38B50546144603D9A8212A20EE
:10514000F9F78AFB093006340BF09EFB6C7038BD12
:105150001F2A38B50546144603D9CA212A20F9F773
:105160007BFB093006340BF08FFB6C7038BD037885
:1051700003F00F03032B02463ED0052B42D1C37F21
:1051800090F82000034392F82100034392F8220094
:10519000034392F8230000F01F00184333D05378E4
:1051A000222B2FD1B2F81930B1B1B3F5506F13D90A
:1051B00040F607518B4225D8B2F81B30B3F5FA7F81
:1051C00020D2B2F81D000A3880B240F676439842E9
:1051D0008CBF002001207047991F89B240F67A40A9
:1051E00081420FD8917D481E07280BD8994209D2D9
:1051F000B2F817109942DEE74078A0F10C0358424C
:105200005841704700207047C37813F03F035DD0CA
:1052100007295BD8DFE801F0040B1E29343F4A550B
:10522000037913F0010F0CBF0020052070470279AD
:1052300012F002004BD0052002F0010202EB420204
:1052400000EB42000729C0B241D1021F9A42C8BFF9
:1052500000207047027912F0040038D0052012F0C7
:10526000020F1CBF0630C0B2E6E7027912F0080058
:105270002DD0052012F0040F1CBF0130C0B2EEE7A4
:10528000027912F0100022D0052012F0080F1CBF86
:105290000230C0B2EEE7027912F0200017D00846C3
:1052A00012F0100F1CBF0330C0B2EEE7027912F00B
:1052B00040000CD0052012F0200F1CBF1230C0B2ED
:1052C000EEE702795006F5D50620F4E70020704796
:1052D00070B50C46064611461D4624B94FF41F71A1
:1052E0002A20F9F7B9FAFFF78FFF10B940F27D21B4
:1052F000F6E7031F2B443F2B02DD40F27E21EFE750
:105300002A4621463044BDE870400BF0BDBA30B5A6
:10531000C1F38003C1F380142344C1F3001404EBF0
:1053200044042344C1F3401404EBC404C1F3400516
:1053300003EB4403C1F300042C4404EB4404C1F325
:10534000C0052C44134403EB440313F0FF031CBFBC
:1053500001330171C17818BFDBB221F03F0103F0C6
:105360003F042143C170591C41701AB104339B1A88
:10537000013AC25430BD4378C278013B02F03F028B
:10538000981AC0B27047F8B5174606460D4619463A
:10539000FFF7F1FF441AE4B2BC4228BF3C464DB1CE
:1053A000F27802F03F02043211443144224628468A
:1053B0000BF06AFA2046F8BD0346084671B13F2B50
:1053C0000BD8074AD35C03F07F02914205D08CBF13
:1053D0000120002000EAD31070470120704700BF71
:1053E0002CEC04001B2A08B504D940F299312A207C
:1053F000F9F732FABDE808400BF046BA8388A1B14C
:10540000B3F5506F11D940F6075293421BD8C388A9
:10541000B3F5FA7F17D200890A3880B240F6764396
:1054200098428CBF0020012070479A420BD8B3F5F8
:10543000486F08D84278511E072904D89A4202D2F0
:1054400042889A42E2E700207047013001F12003D0
:1054500051F8042B40F8042B9942F9D10B880380B2
:10546000704738B515460446FFF7EFFF2B68C4F8C0
:1054700023306B68C4F8273038BD2DE9F04F85B074
:10548000884603A99DF8384001931546FFF782FC32
:10549000814618B9039E2DB901237375012005B00B
:1054A000BDE8F08FD6F8C0A029465046F9F7DFFDD9
:1054B000074608B90020F2E7FDF78CFC8542F9D8D1
:1054C00039465046F9F712FF727DA0F80190002A84
:1054D00018BF4FF0020880F8008083463846F9F77D
:1054E0000DFF0746DCB1B6F8E640C4B108F082FA19
:1054F00040F271225443241841F1000179603C606C
:1055000001992A460BF103000BF0BEF929465046DB
:10551000F9F7E8FD28B983212B20F9F79DF92146F9
:10552000ECE7039B93F8A83033B103A8FDF758FCD0
:10553000039B0022A3F8DA210023AEE7437837B5B6
:10554000C3F301120446032A03D8DFE802F0050E74
:105550001D05002003B030BD057803F00F000023C7
:1055600000936288231D022107E0057803F00F00F5
:10557000002300936288231D012145EA0020FFF7E4
:105580007CFF60B10120E5E7FEF71EFC03685B05C8
:10559000DFD56078257800F00F000123E0E700F008
:1055A000D7F9EFE71A230B7001234B708B7070470C
:1055B000FF230B7002234B7083238B70014B1B78EE
:1055C000CB707047E4EE03202DE9F84FD0F804804B
:1055D000D8F81C6030460C46F9F77AFE054620B92B
:1055E0004FF4AA711020F9F737F901463046F9F760
:1055F0007DFEB5F800B01FFA8BF7824617B94FF45D
:10560000AC71EFE7224B1B6800F10309D3B998F89E
:10561000023098F8032023706378A4F802B002F0F7
:105620000F0223F00F03134323F0C00363709AF8B3
:10563000003003F00303012B0FD0022B0DD04FF4E9
:10564000BB71CFE7B8F802003A464946984705468D
:105650000028DCD12846BDE8F88F627863F3051294
:1056600062703046F9F74CFE054610B94FF4C07130
:10567000B8E7FB2F02D940F28F11B3E73A4649460B
:10568000201D0BF001F93046F9F791FDE2E700BF6C
:1056900004F3032038B5134C10220021201D0BF019
:1056A00071F801252574102204F10803002104F18A
:1056B0001400C4E901330BF065F884F8205004F1BC
:1056C0001803C4E90533084A00236362A36284F81F
:1056D0002C30C4F82D30C4F8313084F835301360E4
:1056E000A36338BDE4EE032004F3032010B5084C97
:1056F0002378FF2B04D040F299111020F9F7ACF871
:105700000AF092FE2070BDE81040FFF7C3BF00BF53
:10571000AD8A032010B5034C20780AF09FFEFF23CA
:10572000237010BDAD8A0320FFF7B4BF014B18787A
:105730000AF0A4BEAD8A032010B521B940F2A92118
:105740001020F9F789F84A600B72EFF3108472B6F3
:10575000031D0B6042681AB1127A012A08BF036068
:1057600003681960016004B962B6BDE81040FFF734
:10577000DDBFD4D4014B024A1A6070470CF30320FA
:10578000C95503002DE9F341DFF89481054608F17E
:105790001407D8F80830D8F81840227A012A22D104
:1057A000D8F8382052B1137A1BB9BF211020F9F76D
:1057B00053F8D8F83840C4B9002093E01A7A012A87
:1057C000FAD0544A1C46EFF3108172B65068006854
:1057D000506001B962B6A34208BFC8F83840237AC6
:1057E0001BB9EE21E2E73A46EDE7267AF6B2052349
:1057F0002372731E0B2B7ED8DFE803F07A06233664
:10580000773F4E3F3F3F3F6B636813B94FF40371DF
:10581000CCE72046294698470420EFF3108272B661
:10582000237A052BD9B24FF0000369D12372D8F83F
:105830003810A14201D1C8F83830002A45D162B6EB
:1058400043E0636813B940F21521AFE729462046CB
:1058500098470346C3F30723012BADF80400C0B2F9
:105860003ED0022BD9D129E0636813B940F21D2143
:105870009CE7204698470020CFE7274B1B68002B6A
:10588000F9D06068324629469847A6F10A02534289
:1058900053415B000420E4E763680BB9FE2185E710
:1058A00086222A7001225988AA706A71002298699A
:1058B000A5F80310AA71F9F77AFC0420D8F838305B
:1058C000A34202D10023C8F8383000283FF461AF6A
:1058D00008E0124B29461B6820469847034668B9E2
:1058E000267298B102B0BDE8F0814FF415715DE702
:1058F00040F257215AE740F25A2157E70220DDE7EC
:1059000011B940F27B2151E7184696E7002B7FF44E
:1059100040AF51E7E8EE032008F303200CF3032027
:10592000E4EE032010B51346027A22B140F20231B0
:105930001020F8F791FF0A46BDE8104001460148E3
:10594000FFF7FABEE8EE03200222FFF7EBBFD4D444
:10595000044890F82C301BB903492430FFF7F4BFFA
:10596000704700BFE4EE0320A55503000346064838
:1059700090F83C203AB190F8352022B900F82D3B40
:105980000249FFF7E1BF7047E4EE0320B155030081
:105990000322FFF7C7BF0422FFF7C4BF10B50A46B2
:1059A000037A23B140F20A311020F8F755FF01467F
:1059B000BDE8104001480723FFF7BEBEF8EE032004
:1059C0001346027A0AB1037270470A46014601483B
:1059D000FFF7B2BEE8EE03200222FFF7F1BF032279
:1059E000FFF7EEBF8D230B7030F8AF3CA1F803300A
:1059F00030F8653CA1F8053030F8613CA1F807307B
:105A000030F8633CA1F8093030F85F3CA1F80B3066
:105A1000704708B5CB1E012B04D8800100F57470C7
:105A200080B208BD012902D10E30C000F8E702297A
:105A300002D10F308000F3E74FF40C710620F8F725
:105A40000BFF30B587B004460D46FDF7D7F980B39C
:105A500034F8B84C69462046FDF78AFC18B1FB21A2
:105A60002C20F8F7F9FEBDF80630ADF80E30BDF881
:105A70000830ADF81030BDF80230ADF8123003A890
:105A8000BDF80430ADF80C40ADF81430FDF76EFCF5
:105A900010B14FF48271E3E7ADF80C009DF80C30C3
:105AA000002063F307009DF80D3063F30F2007B06B
:105AB00030BD2B46992203F8032BD4F80920C5F8F2
:105AC0000320D4F80D205A60B4F811201A81042361
:105AD000ADF80C30E2E740687047033901298CBF0C
:105AE000C08A4FF42960704770B590F878608D884F
:105AF0000C89033E012E04D943B11678033E012ED2
:105B000004D8B5F5296F38BF4FF4296590F879604E
:105B1000033E012E04D943B15378033B012B04D833
:105B2000B4F5296F38BF4FF42964CB884A88A0F8B0
:105B30006020A0F86430A0F86250A0F8664070BD04
:105B40008383BDF8003001834283C38370471B22E7
:105B500000290CBF4FF4A4734FF429634FF01B11BD
:105B600082840284028502F1A472C0E90521C16029
:105B7000C3844384C3838383438203827047034681
:105B8000F0B5B3F85810B3F8642093F87940B3F83F
:105B90005C50B0F84E70B0F85200914228BF1146E8
:105BA000B3F86620A3F84E10033CAA42E4B228BF23
:105BB0002A46012CB3F8544087BFB3F85660154607
:105BC0004FF429664FF429658C4238BF0C46B24227
:105BD00038BF32468F42A3F85250A3F85440A3F87E
:105BE000562026D1401B18BF0120B3F86020B3F81F
:105BF0005A10B3F84C50B3F85040914228BF1146A8
:105C000093F87820033A012A15D9B3F85E20B3F847
:105C10006260B24228BF32468D42A3F84C10A3F80E
:105C200050200BD1944218BF40F0010000F0010059
:105C3000F0BD0120D9E74FF42962EDE70120F5E737
:105C40000149FFF7C9BE00BFE55903000B8BA2F85D
:105C50000B304B8BA2F80D308B8BA2F80F30CB8B17
:105C6000A2F809000249A2F811301046FFF790BED1
:105C7000435A030038B5CB1E012B044610D9C58BFF
:105C8000438C9D4228BF1D46207AFFF7C2FE6389E0
:105C9000AB4228BF2B46984238BF184680B238BD69
:105CA0004FF42965F0E72DE9F84307460E46808951
:105CB0009DF82080194614469946FFF7AAFE4946EA
:105CC00005463846FFF7D6FF854228BF05464146C0
:105CD000B88AA8F10308FFF79CFEB8F1010F8CBF4A
:105CE000FA8A4FF4296290420346ADB228BF1346A8
:105CF000A01D15FA83F330441844BDE8F88313B5AA
:105D0000828F0346403049B9598F93F87940009407
:105D100093F87830FFF7C7FF02B010BD198FF4E792
:105D200070B50C46154619464BB9068FFFF7E7FFCD
:105D300028443044A04294BF201A002070BD468FF2
:105D4000F4E738B50D4611460446FFF7D8FF28445E
:105D5000606438BD01F19C0383423DBF9C38401A0A
:105D6000400800207047D4D4014B1878704700BF1A
:105D700021EF0320014B1878704700BFAE8A032043
:105D8000094AD2E90003434083EAB01181EA432182
:105D90004FEAF3435360054B116058434FEAF060FC
:105DA00000EB8000704700BF24EF0320BB79379ED3
:105DB000094AD2E90003434083EAB01181EA432152
:105DC0004FEAF3435360054B116058434FEAF060CC
:105DD00000EB8000704700BFB08A0320BB79379E7C
:105DE00010B50A4C09480821FAF732F8D4E9003214
:105DF0001343F7D0064CFFF7DBFF2060FFF7D8FF17
:105E0000236860601843F6D010BD00BFB08A03203D
:105E100024EF032000F05503400800F05500034430
:105E200003F033009B0803F03303034403F00F0037
:105E300000EB13107047036800229A7383F84A201E
:105E4000A3F846207047026892F8A8302BB9A2F850
:105E50004E30012382F8503070470023A2F84E30B4
:105E600092F8503001335BB2F4E708B5026892F85B
:105E7000A83013B982F8503008BD92F85030013B79
:105E80005BB2002B82F85030F6DA52214A20F8F744
:105E9000E3FC08B5036883F89B1083F89A20352249
:105EA000DA73FFF7D0FF002008BDA0F10A03042B2E
:105EB00009D9A0F14703012B05D9243807288CBF45
:105EC000002001207047012070470268136810B558
:105ED00013F0080408D143F00803136082F8981007
:105EE000FFF7B1FF204610BD0120FCE7D0F8C82025
:105EF00041F64B539A429CBF4AF6C873B3FBF2F388
:105F0000B0F8D020B0F8DE0088BF0623134410FBA1
:105F100003F080B27047D4D4174B184A9A60184ADD
:105F20005A60184A1A60184A9A62184ADA62184A7D
:105F3000DA60184A9A61184A1A63184A1A62184AAB
:105F4000DA64184A9A64184A5A62184B184A9A60D6
:105F5000184A5A62184ADA62184A1A61184A5A618B
:105F6000184A9A61184A1A63184A9A64184ADA64F5
:105F7000184A9A63704700BF10F303207964030046
:105F80009F640300CB65030035680300316903009B
:105F90007168030043690300FD6C0300396A030064
:105FA000F96B03001B6C0300956A030010F40320D7
:105FB0008F640300BF6B0300616903001169030074
:105FC000816903009D690300A16D03005F6C0300FC
:105FD0004B6C0300A96B0300044B054A5A65054B43
:105FE000054A1A65054A5A65704700BF10F3032039
:105FF0004571030010F403202F7103006F7103003B
:10600000054B064A9A65064A1A66064B064A9A6581
:10601000064ADA65704700BF10F3032043420300CD
:106020008542030010F403209D4003001544030043
:10603000F7B5054601A80F46FEF704FA20B94FF45C
:10604000AA615120F8F708FC0198322200210AF0D9
:1060500099FB019C26463F2F06F8037F43D83F2F2C
:1060600044D8DFE817F046004C006C0075008D0046
:106070005C015C019A00B3009E005C015C01A3001E
:10608000AF00B30043004300B7005C015C01CC00EB
:10609000CC00E300E300EA00430043005C01EF00B2
:1060A000FC00000104010B010D010F0111011B0196
:1060B00025013C013E01430043002D0146014401FE
:1060C00043004300430043004300430043004300B8
:1060D00043004300430043004300430048014A019A
:1060E000430040014201FF2F00F00D8140F2445176
:1060F000A7E72946304600F0CDFAC0B9BBE02E68CC
:10610000D6F83032636096F834322372286890F8FB
:106110009F3033B9FFF7EAFE2B68DB881844A6F8F6
:106120003602B6F8363263721B0AA3720820FEF7F5
:1061300095F9002840F0F58040F2575181E72B682F
:1061400093F8A82052BB93F82D3123710220EEE77B
:106150002B68D3F878226260D3F87C22A260B3F86F
:106160008022A281D3F85822C4F80E20D3F85C22F2
:10617000C4F81220D3F89030C4F816301720D6E7B0
:106180002A68D2F8F6316360D2F8FA31A3602B683E
:10619000D3F89430E3600D20C9E72B6893F8A03062
:1061A000D3E73146284600F0E1FCA6E7112323712E
:1061B000592363710023A3713923E37110232372E0
:1061C0000620B4E72B6893F89A30BEE7304600F01B
:1061D000BBFC92E72B6893F8A82052B993F8A02053
:1061E0003AB193F89D20227193F89C30637103209B
:1061F0009DE793F89B20227193F89A30F6E72B687D
:10620000B3F80C212271120A6271B3F8A220A271B4
:10621000120AE271B3F808212272120A6272B3F80C
:10622000A030A3721B0AE372092080E72B6893F861
:106230003A21227193F83B31D8E729463046FDF7E1
:10624000C3FF5AE72B680F21B3F8AA00F9F756FAF3
:1062500000F15B013046FFF7F8F8232067E730468E
:1062600004F030FF49E7304604F035FF45E72E4B98
:106270001B68002B43D140F24951E2E62B4BF7E774
:106280002B4BF5E72B4BF3E72B4B1B68002BF2D086
:1062900023202A4631469847042048E7264B1B68AE
:1062A000002BE8D02A4631462420984705203EE7B7
:1062B000214B1B68002BDED02A4631462520F4E70F
:1062C0002B680F21B3F8AA00F9F718FA00F17D0244
:1062D00000F15B013046FFF7C4F82B2027E7174B8E
:1062E000C6E7174BC4E7174BC2E7174BC0E7174B7E
:1062F000BEE7174BBCE7174BBAE7174BB8E7294681
:1063000030469847F9E62B68304693F8C722D3F811
:10631000C812FFF767F82B6893F8C702EDE6012073
:1063200005E703B0F0BD00BF10F5032018F503200A
:1063300014F503201CF5032020F503202CF5032081
:1063400030F5032034F5032038F5032024F503202D
:1063500028F503203CF5032040F503203F289ABF91
:10636000024B53F820000020704700BF10F30320B9
:106370003F289ABF024B53F820000020704700BF0F
:1063800010F4032030F8023CF7B5B0F88260044600
:106390000D4673B1012268468DF80020ADF801600A
:1063A000ADF80330FCF7D4FE18B195216320F8F75F
:1063B00053FA194B1B6813B1A4F128009847174BE7
:1063C0001B680BB130469847832300272B70AF70B2
:1063D000A5F80360637AD4F89C006B71F8F7F1FEBE
:1063E00008B9BA21E2E739463046F9F79DF90221AA
:1063F0003046F9F799F918B9094B1B6803B198476A
:106400004FF4017303F00402002062F307001B0A3B
:1064100063F30F2003B0F0BD44F5032048F50320DB
:106420004CF50320F7B50568D5F8C06004464FF673
:10643000FF770DF102010DF101023046ADF8027057
:10644000F8F76BFE01A93046F8F78CFE48B10198C9
:10645000F8F754FF2168A83100220272FFF79EFA74
:10646000E7E7044905F1280003B0BDE8F040FFF775
:106470008FBA00BF8563030003681A7C073A012ABC
:1064800081BF4A785A7407221A7400207047026844
:10649000137C073B012B84BF08231374704770B52E
:1064A0000268D57BE5B9CB88D688A2F8D032013B0B
:1064B0009B1B9BB247F6FD76B34206D9282382F890
:1064C0003130FFF7AFFF284670BDD1F80130C2F878
:1064D000D2324B7982F8D63203680A22DA73F2E7B5
:1064E0000125F0E72DE9F74F0646894690460193CE
:1064F000FFF7FCFCD6F8F471044657B90023C8F83E
:106500000030F38823449CB2019B1C8003B0BDE89B
:10651000F08F00F015FD0028F0D1D6E97632D6F8DC
:10652000C8C00CFB04FE1EEB030ED7E902130B449C
:10653000D7E9001542F100025B1845F100057345EB
:1065400075EB020114D2BEEB03016FF0010B62EB9D
:10655000050A8B4570EB0A0A03D23D215620F8F755
:106560007BF93869471E3944B1FBF0F1E0FB013596
:10657000B3EB0E0365EB02056FF001029A424FF098
:106580000002AA4101D24821E8E7B3FBF9F209FB76
:106590001233B3FBFCF291B20CFB1133C8F800309C
:1065A000F3881C441444A4B2AEE70B46822203F8DD
:1065B000032BD0F80920C1F80320D0F80D205A6031
:1065C000427C1A720023CB70704770B50368DD7B84
:1065D00006460C46002D5BD193F829110622204671
:1065E000FEF70CFF014628B921783046BDE870401F
:1065F000FFF76BBC32686389D088A2F8D032013BC8
:106600001B1A9BB247F6FD70834207D9282382F8F4
:1066100031303046FFF706FF284670BDA3886FF47F
:1066200050601818062895BFA3F5506340F2E24168
:106630004FF47A704B4398BF4343C2F8D83288BFB7
:1066400029466378C1B103EB830303EB83039B000B
:10665000A2F8D2326388C1B164214B43C2F8D4326C
:10666000E388A2F8DC322389A2F8DE32002382F824
:10667000E4320D23D373CFE7C3EB431003EB800366
:1066800003EB83035B009BB2E2E740F2E241E4E705
:106690000125C1E7F8B50D6804460F46D5F8440258
:1066A00095F82911FEF753FB6FF45062821892B2ED
:1066B000B5F83E322071062A4FEA102060718BBF78
:1066C00040F2E2426422B3FBF2F3B3FBF2F36370F5
:1066D000B5F84832A3714FEA1323E371B5F84A3293
:1066E00023724FEA13236372386890F89F308CBF8F
:1066F000002601263BB9D5F8441205F50F7305F5C0
:106700001072FFF7EFFEB5F83C32A3721B0AE3727A
:10671000D5F8403246B16422B3FBF2F3A370C3F361
:106720000723E3700C20F8BD40F2E242F4E70B4689
:10673000842203F8022BD0F80920C1F80220D0F8F7
:106740000D205A6070470B46852203F8022BD0F8C3
:106750000920C1F80220B0F80D209A807047D4D4E7
:10676000F0B5044685B00D46FF2600F8E96C10F838
:10677000EA3CF3B1174F3B781BB162211F20F8F7B9
:106780006BF80C21381DF9F763FB3E70002304F809
:10679000E93C2A468A2302F8033BD4F80930C5F8BD
:1067A0000330D4F80D305360D4F81130936005B045
:1067B000F0BD01A80C21F9F74BFBA4F51573039A62
:1067C0001A6001AB03CB44F8F20C44F8EE1C04F859
:1067D000EA6CDBE72CEF032010B5054C23782BB9CE
:1067E0000C21201DF9F734FBFF23237010BD00BFDF
:1067F0002CEF0320024690F8FE31BBB990F8FF3130
:1068000003F0FF010BB100207047094B18780028F6
:10681000F9D01970D968C2F89410043303CBC2F8C8
:10682000F601C2F8FA11FF2382F8FE310120704709
:106830002CEF032038B50368DC7B054634B1113CEE
:106840000F2C8CBF01240824204638BD1A7D002A55
:10685000FAD0D3F8A4302BB9FFF7F5FA2B68112240
:10686000DA73F1E7BDE838400C220A21FFF711BBCB
:1068700038B50268D37B04460D463BB1132B05D0D7
:10688000113B0F2B8CBF0120082038BDD2F8A4305B
:10689000ABBB92F8523013B92046FFF7D4FA226806
:1068A000D5F80B30C2F8EE31D5F80F30C2F8F2311E
:1068B0002368D5F81320C3F89020B3F8AA20A3F8D2
:1068C000F122D5F80120C3F8F322D5F80520C3F84A
:1068D000F7222368B5F80920A3F8FB2223680025D6
:1068E00083F8B85183F8FE512068084900F53A70E2
:1068F000FFF72AF823681622DA732846C5E72046F0
:106900000C22BDE838400321FFF7C3BA61670300DA
:1069100008B50368DA7B162A04D040F253211F2001
:10692000F7F79AFF012283F851201822DA7308BD85
:106930000368DA7B122A03BF13220020DA730220D5
:10694000704710B50368DB7B1C2B044606D1FFF7AC
:106950008CFA23682022DA73002010BD0220FCE7A5
:1069600008B50368DA7B112A04D040F27E211F208B
:10697000F7F772FF012283F851201222DA7308BD63
:1069800008B50368DA7B182A04D040F28A211F2058
:10699000F7F762FF1C22DA7308BDD4D410B5036880
:1069A000DA7B202A044604D040F29D211F20F7F70D
:1069B00053FF93F85220B3F8AA00002183F8511036
:1069C00082B1C3F8C31183F85210A3F8C7110D495F
:1069D000A3F8C40103F5DD70FEF7B6FF23680022BB
:1069E000DA7310BD0121A3F8B30183F8B51183F860
:1069F000B221054983F8B921A3F8B62103F2A91001
:106A0000EAE700BF476703002F6703003E230B70D0
:106A10000C234B7004238B70D0F80930C1F803307D
:106A2000D0F80D30C1F80730B0F81130A1F80B30B4
:106A3000C37C4B737047D4D438B5046894F8A8501D
:106A40001DB9E37B23B101201AE02368DB07FAD4E8
:106A5000D1F801200D4BD1F8051013400C4AC4F8B1
:106A60006230C3F307630A4043F00803C4F86620AA
:106A700084F86530FFF7E7F91DB90423E3730020BC
:106A800038BD236843F001032360F8E72FC904F7FA
:106A90006FDB008038B503689A7B042A34D1D1F8C3
:106AA0000120D1F80550C3F86220C2F3076242F01A
:106AB000080283F8652000229A7383F84A2002684E
:106AC000C3F8665092F8A8204C1C0AB983F83F21FD
:106AD00093F84021B2B993F88B2102F0FF008AB9F4
:106AE000B3F8AA2083F88C01A3F88D21D1F80120F6
:106AF000C3F88F2162680549C3F8932103F283101C
:106B0000FEF722FF002038BD0120FCE70D6A0300DC
:106B1000036893F8402112B1094B1B68184793F89A
:106B20008B215AB9B3F8AA20A3F88D211A2205495E
:106B300083F88C2103F28310FEF706BF704700BF75
:106B400050F503200D6A030010B50446FDF736F931
:106B5000044A054B02400B40C4F80120C4F805303C
:106B6000092010BD2FC904F76FDB008037B50C4634
:106B70000568FDF723F90A4A0A4B0A4095F86210A6
:106B80000192034000930B408DF800306B4603CB1D
:106B9000C4F801000920C4F8051003B030BD00BFDF
:106BA0006FDB00802FC904F708B503689A7B1AB120
:106BB000CF211C20F7F750FE04229A7308BD08B5B8
:106BC000036893F8A82032B9DA73A3F84E20BDE821
:106BD0000840FFF74AB91A68D10703D4DD211C2009
:106BE000F7F73AFE22F001021A60F0E787230B70F4
:106BF00030F8A63C4B807047036893F8A8109A7B46
:106C000049B9052A01BF002283F83E2083F84A20B3
:106C10009A73002070470F2AF4E738B5046894F897
:106C2000A85045B9E37B4BB9FFF70DF945B90223ED
:106C3000E373002038BD23685B07F5D50120F9E731
:106C4000236843F004032360F3E7036893F8A82064
:106C50001AB11A6822F004021A60FFF706B908B5E3
:106C600003689A7B1AB172214B20F7F7F5FD93F870
:106C7000A820002A14BF0F2205229A7308BD10B560
:106C8000D0E90D42A24206D30B8DC98E05334B438A
:106C9000121B934202D3012380F83E3010BDD4D49E
:106CA00038B5DB04154604D5037D13B100234363D7
:106CB00038BD446B01344463FFF7E1FF836B9C42B2
:106CC000F6D30023436303492846BDE83840FEF766
:106CD00083BE00BFED6B03000C230B7008234B70C9
:106CE00000238B70B0F85630A1F80330437A4B7113
:106CF0004389CB8083890B817047D4D470B50468F5
:106D0000A37B94F8A860012B054607D01EB9E37B4E
:106D100023B1012038E023689807FAD494F853305F
:106D20009A0713D44A7884F85D204A88A4F85E2034
:106D30008A88A4F86020D80743F0020284F8532020
:106D40000FD5164904F15400FEF746FE94F853306F
:106D5000D90710D4CEB9E37B43B153214020F7F7D4
:106D60007BFD94F83E31002BEBD1EFE70123E37379
:106D70002846FFF768F8A37B012B4FF0000304BF00
:106D8000A37384F84A30002070BD23689A0701D5A8
:106D90005821E3E743F002032360E9E7D96C0300DD
:106DA00010B5046894F853309A070CD4A37B1BB138
:106DB00077214020F7F750FD0122A27384F84A2082
:106DC000A4F8463010BD94F8A8303BB9E37B0BB96A
:106DD000FFF74BF8002384F83E31F3E723689B0765
:106DE000F8D5FFF742F8236823F002032360F1E7A8
:106DF00070B50568044604F03BF9054BE8721B6862
:106E000001461BB12046BDE87040184770BD00BF69
:106E100058F50320024B1B6803B11847704700BFA9
:106E200054F5032010B50B794C790A68012843EA20
:106E3000042108BF41F48031104610BDF0B51F4D4C
:106E40002B78002414709BB1013B6D68DBB21E1BD4
:106E5000012E0FDC05EBC40655F8347076688E42BF
:106E600008BF874227D0B84271EB060612D21470D1
:106E70000020F0BD1E19771005EBC70E55F837C07E
:106E8000DEF804708445C6F347068F412CBF3346B5
:106E90003446DCE705EBC30455F8335064688C4294
:106EA00008BF854206D0A84271EB040428BF013315
:106EB0001370DDE71C4614700120DAE74CEF032065
:106EC00010F0070208B503D063214820F7F7C4FC8F
:106ED00018B1034B197258601A70C80008BD00BF82
:106EE0004CEF0320014B00221A7070474CEF032037
:106EF000014B187A704700BF4CEF032007B5FFF72E
:106F000091FF0DF10702FFF799FF03B05DF804FB55
:106F100090F838300BB90020704790F83830012BCA
:106F2000F9D090F83800073818BF0120704790F862
:106F30003830012BDAB201D0FFF7EABF10467047B4
:106F4000024B1879003818BF012070475CEF03200E
:106F500030B50D4AFF231371D0E9065373B1D0E960
:106F600002140C44D9689D612144D960816939B10A
:106F7000CB610023C0E90633137130BD1560F5E71E
:106F8000002BF6D0D960F4E75CEF032010B5124A6D
:106F9000FF231371C16189B91368836103B1D8619B
:106FA0001060C1690023C36099B1CB687BB184686C
:106FB000A3420AD230213720F7F74EFC8B69886153
:106FC0008361002BEDD0D861EBE71B1BC36000236E
:106FD000CB600023137110BD5CEF0320034B1B68D3
:106FE000002003B9704718469B69FAE75CEF03205D
:106FF0000B4B00221B6830B504464FF0FF3510469E
:1070000023B911B9002808BF104630BDDA68A24282
:1070100003D3AA423CBF154618461A469B69EFE7C0
:107020005CEF032030B585B01546089BC01A099B5C
:1070300061EB0304002C214602DA404264EB440178
:1070400003AB00932A4602AB09F0FCFA002C03982C
:1070500001DA00B1281A05B030BDD4D470B50F4C98
:10706000FF232371036A1BB181689D68A94203D283
:10707000E5213720F7F7F0FBC2698669DA619E6186
:1070800052B193619A691AB1D361C26811444A1B23
:10709000DA600023237170BD2360F3E75CEF032007
:1070A00007B5002301A8019309F0D8FC019810F05E
:1070B000030018BF012003B05DF804FB10B5FFF713
:1070C000EFFF002814BF1424002409F0A1FC404263
:1070D00000F01400204410BD73B50C46B1F8051043
:1070E0001A29054621D9B4F80730B3F5A47F1CD37B
:1070F000B4F801201A2A18D9B4F80340B4F5A47FD3
:1071000013D30068009400F1A806E830FEF718FDDC
:1071100030462C68FEF733FD10B9012002B070BD77
:1071200004F25910FEF78CFDF7E70020F6E708B5EA
:1071300003689A7B1AB12621A320F7F78DFB212241
:107140009A7308BD38B50568AB7B213B022B04461A
:107150000BD8FFF7C1FF18B12068062100F074FFBB
:10716000002085F84A00A87338BD0120FCE70268BA
:107170001368D90610B5044603D4B821A320F7F745
:107180006BFB990601D5B921F8E723F010031360D2
:10719000FEF76BFE20680621BDE8104000F054BFEA
:1071A000FF230B70074A0D234B7082238B701368EB
:1071B000C1F803305368C1F807309368C1F80B3049
:1071C000704700BF62EF032002481622002109F039
:1071D000D9BA00BF62EF0320F8B51C4D6B7D0446A1
:1071E0009BB390F8A83023BBD0E97676FFF766FF13
:1071F00094F82021164B33F8123066304FF47A722F
:1072000003F23F63B3FBF2F3DB1946F100061B18F0
:10721000B4F8AA202A8046F100066B60AE60E388CD
:107220006B8005F10C000B49BDE8F8400222FEF727
:10723000C7BB4B0609D5B0F8AA302B80D0F87832FE
:107240006B60D0F87C32AB60E9E7F8BD62EF0320F9
:10725000ECED0400A171030038B5054605F058FABD
:1072600000F55F4341334FF47A72B3FBF2F4FFF75A
:1072700025FF033D00F1BE03012D8CBF0020282017
:107280002344184438BD10B5044690F87900FFF740
:10729000E3FF012201462046BDE81040FEF751BD44
:1072A000094B53F8203070B503F523430C461646BE
:1072B000A1334FF47A72B3FBF2F505F021FA3444AE
:1072C0002C44204470BD00BFD8ED04002DE9F04FE0
:1072D0008FB09A4600230A9390F821310793044611
:1072E00088460692FCF7A8FD814694F82B01FDF72D
:1072F00043FD8144FFF7E2FEE37B472B1FFA89F948
:1073000000F160063FD00D2B3DD0A37BA3F14701D8
:107310004B424B410393069B002B7CD1637B032B99
:1073200079D1039B002B62D0B4F8D03243455ED1B3
:10733000D4F81832C4F80832D4F8C830B4F8EC21C4
:10734000C4F80C32B4F88A321344C4F81032204620
:1073500003F0DCFD94F829513DB1D4F8D85241F640
:107360004B539D428CBF0025012594F8E43263B94C
:10737000D4F8C820D4F8D8329A421ED0B4F8AA0063
:1073800003F0BFFE19E00123C4E7B4F8AA0003F03C
:10739000B5FE20B940F242713020F7F75DFAB4F83B
:1073A000E032A4F8DE30B4F8E2328381B4F8D032AF
:1073B00043810025013B0382C58194F82A31002BCB
:1073C0005DD1002D5CD1D4F8D432C4F8D830B4F8F3
:1073D000D232A4F8DC30D4F8D832C4F8C830D4F8AB
:1073E000DC32C4F8D030022384F82A516373A17BC5
:1073F000292954D0A1F12C0251425141E27B292A82
:1074000000D041B1B4F8D032A8EB03031B0402D47E
:10741000204602F053FFB4F888B294F82131089363
:10742000A8EB0B0B0FFA8BFB04F51673BBF1000FE7
:107430000493BFBFD4E99C23C4E9A023002384F8AC
:107440002B32B8BF0123E788B8BF0493D54BA8BF40
:10745000CDF810A0A8EB07071B783FB2B8BFBB461A
:1074600013B106F02BFAE0B90025637B032B00F281
:107470002582DFE813F081009B01DA00BF013DB1F6
:107480004FF04D13C4F8E0300023A4F8E4309AE73D
:107490004FF09613C4F8E030A4F8E45093E70121CC
:1074A000ACE7B4F80032012BDED9637B022BDBD0D2
:1074B00094F82A32002BD7D194F82A31002BD3D15B
:1074C00094F82B01FDF758FC637B00F5C869012B8C
:1074D0001FFA89F941D1A37CD4F8D850032B34D1B9
:1074E000D4F80C322B444946D4F80C02099306F028
:1074F000A9F9D4F80852099BD4F81022C4F808025C
:10750000451B49461846554306F09CF9D4F81432F9
:10751000C4F81402C31A4946D4F8C8001D4406F042
:1075200091F9B4F8EC31D4F810223B44A3EB0B03EF
:107530009B1AD4F81822013B821A02FB035501233F
:10754000C4F8180284F82A328FE794F8211194F8CD
:10755000E501FDF7C1FB4319C5E7D4F8C80049466A
:1075600006F070F9B4F8EC51D4F818323D44A5EBAC
:107570000B05C31A5D43E2E794F8211194F8E50185
:10758000FDF7AAFB0746D4F8D8004946384406F070
:1075900059F94946C4F81402D4F8C80006F052F963
:1075A0000BA9C4F818020CA804F046FF0B9B00932B
:1075B000D4E9A001DDE90C2306F026FA814604F1A6
:1075C000A800FFF760FED4F88C3294F82101D4F8BB
:1075D000D8B00A9305F09CF80A9BD4F81412203B0B
:1075E0005B445B1A9B1B3B44A3EB090300F5234060
:1075F0004FF47A72A130B0FBF2F01B1A0A93B4F880
:10760000DC3094F821013031324603EB4101FFF7C1
:1076100047FED4F88C220A9B9B1A2230DA2BC4F83E
:107620001C025CD840F2C741B6E6D4F8D830D4F892
:107630000C024946184406F005F94946C4F81402FC
:10764000D4F8C80006F0FEF8C4F8180204F1A80047
:10765000FFF719FED4F8D830D4F80C721F44B4F8F0
:10766000EC31002B40F09A80BAF1000F00F09680C8
:1076700094F8210105F04CF8D4F81412D4F87832BB
:1076800094F821217F1A203F1F44D4E99CBC464B2B
:1076900053F82220A7EB0B074FF47A7302F2E7327C
:1076A000B2FBF3F21744BF1B00F52340A130B0FB3F
:1076B000F3F03F1AD4F80832D4F8102294F82101DC
:1076C0000A9702FB0311B4F8DC30303103EB4101BF
:1076D0003246FFF7E5FD0123C4F81C0263730A9BE1
:1076E000D4F818225B1BD4F8C8500A937E3DAD1A1B
:1076F000D4F81C22AD1B954228BF1546002284F801
:107700005822D4E9A021D21841F10001C4E99A21FC
:10771000C4F8E85104F1E800FEF7DDF9042384F829
:107720006132D4E99A232844C4E9A023C4F85C0256
:10773000A4F8888202F004FF20B1D4F85C321E3332
:10774000C4F85C32B4F8D831A3EB08031BB2002BA9
:10775000D4BF00220122520084F86022039A002A3A
:1077600040F0AF80BAF1000F40F0AE80637B002B99
:1077700000F0C780D4F8C810D4F8183204F5167099
:10778000C91AFDF759FA80B2002800F0BA80189B98
:1077900003B1188001200FB0BDE8F08FD4F81412A7
:1077A0007F1A87E778EF0320D8ED0400D4F8180299
:1077B000D4F8C830B4F8EC21D4F810121B1A0BFB23
:1077C00003F30A93D4F814323A44D4F80872521AE4
:1077D0003033013A07FB0133B4F8DC1000FB02330D
:1077E00001EB430194F821013246FFF759FDC4F83B
:1077F0001C0274E7D4F8C83003FB0BF30A93BAF108
:10780000000F1CD0B4F8EC21CAB984F82B22D4F8AC
:107810001892B4F8ECC109FB1B3E049BCDF828E09C
:1078200073B3BCF1000F2BD1D4E99E32D4E99C0193
:10783000984271EB020208D340F20E51ACE594F885
:107840002B22002A7FF44BAFE1E70799364A52F822
:107850002120D4E99C01CDE904010498203B1B1AA6
:1078600002F2E7314FF47A7B02F52342B1FBFBF1E0
:107870000B44A132B2FBFBF29B1A9B1B73440A938D
:10788000674409FB07F730377F00089832463946CE
:10789000FFF706FDC4F81C02D4F8C80041F64B53AC
:1078A00098423FF61CAF0AAB0093324604F50773CB
:1078B0003946FDF737FA84F82B0210E740F22651DB
:1078C0006AE5BAF1000F1CD0B4F8000218B3B4F89E
:1078D000021294F80422A4F8021201FB0222904240
:1078E00001F101050DDD002B0BDD002384F8603272
:1078F000A4F80252FEF744FA00F00700013084F8C1
:10790000040204F5167104F50C7007F0BBF920B9F8
:1079100040F2765140E50146DBE7069B83F0010328
:1079200084F82832002036E7D8ED0400F0B504468C
:1079300085B018B9A5213020F6F78EFF052900F291
:10794000CB80DFE801F003C42A25C9BF90F82832B4
:10795000C288A3B1B0F82632934208BFB0F8DC3138
:107960009A1AA0F8DE21E380D4E99A232046C4E9DC
:107970009C2302F037FD94F84C3005B0F0BDB0F810
:1079800024329B1AA0F8DE31B0F824329BB2EAE729
:1079900005B0BDE8F04004F059BD06F02BF8D4E97D
:1079A0009C23801A61EB0301012871F1000302DAC4
:1079B00040F20161BFE76FF0010383424FF0000323
:1079C0008B4102DA40F20261B5E7D4F8C8300BB15E
:1079D000B0FBF3F3E07BB4F8262247280ED0A17B5E
:1079E000463901290AD90D2808D0E1880B449BB2F9
:1079F000D11A0D0443D501339BB242E00132A4F801
:107A00002622B4F88A32E588344F0133A4F88A324A
:107A1000B4F842301D44B4F84030013DED1AADB227
:107A200003AE3B685BB1B4F826120139002289B27B
:107A300020469847B4F826321844A4F82602B4F831
:107A400026126B1A18042CD4002300961A462046DE
:107A5000FFF73CFC012890D1B4F82622B4F8D811E5
:107A6000BDF80C301344521A12049BB204D5EA1A22
:107A700012F4004F18BF0B46A4F82632D1E70132AA
:107A800093B2A4F8263294F82932002BB9D1B4F875
:107A9000DC31B4F82622934204BF0133A4F8263225
:107AA000AFE7A37C0394002B14BF08233E2330468A
:107AB00084F83130FEF7B6FC204602F049FD002381
:107AC00063735AE705B0BDE8F040F9F779B9437B35
:107AD000042BF4D0C6212EE7CB212CE75CF5032044
:107AE00013B500234373A0F888321A460093194651
:107AF0000446FFF7EBFB20B140F2E7113020F6F728
:107B0000ABFE01236373C4F81002C4F80802A4F8A2
:107B10002602A4F8240284F82902E388A4F88A0241
:107B2000013BE38002B010BD2DE9F8430E46044648
:107B300018B9D3213020F6F78FFE052900F2A7806F
:107B4000DFE801F00376413DA52E06F0A1F8C4E977
:107B50005001204601F0A2FED4F83401CB3805F0E4
:107B60004BFF204601F016FD054600BB01462046AE
:107B700001F07BFB00F1E506D4F83401B04209D2F4
:107B8000301A322838BF3220032106F051F860B194
:107B900005F036FFC4F83461204601F095FE45B18A
:107BA0002046BDE8F84301F090BE0125F2E700252C
:107BB000F2E7D4E95023C4E94A23BDE8F883BDE8DD
:107BC000F84304F043BC01F076FB042384F8393118
:107BD0008146884605F00EFF07220F46A9FB0231B9
:107BE00002FB0811D4E94A525B1941EB0205D4F8B3
:107BF00010213AB159EA080204D0984277EB050205
:107C000028BF012684F83861D4E95226121A66EB9F
:107C1000070694F8581139B9012A76F100010BDAF8
:107C2000204601F055FE03E0012A76F10006F7DB5D
:107C3000002384F85031C0E7984277EB05010FD25A
:107C400059EA08080CD01B1A65EB07019A4276EB3B
:107C5000010005DB012B71F10000A4BF1A460E469E
:107C60000C490123914284F851314FF0000384F80C
:107C70003031B341B8BF0A4604F1E80004F5987109
:107C800007F0ACF8002898D140F2B26152E7EF213A
:107C900050E700BF0040420FF8B50D46D0F8101174
:107CA0000023D0E9506780F81431044681F8E521BB
:107CB00080F85031D0F81001FDF7FAF8D4F810012F
:107CC000C0E99C67C0E9A067C0F88C52FFF708FFC5
:107CD00004F002F9BDE8F84006F0BABFD0F8100190
:107CE0007047D4D42DE9F84304460E46154690F863
:107CF000503103F0FF07002B40F0948000F1E808BA
:107D000039467822404608F03DFD47492246404624
:107D100006F0B2FFC4F81061FF2384F8503166B159
:107D2000FEF746F800F00700013086F804023F49EC
:107D3000324606F50C7006F09FFF40F202434FF00A
:107D40000009A4F8383184F8309105F0CDFD00F138
:107D50009E06204601F01EFCB6B20146C0B3FCF7F9
:107D60006BF800F1280189B2284605F06BFD284424
:107D7000C4F8340105F03EFE301841F10001C4E9B9
:107D80005001012084F81401A4F8269001F09EFE11
:107D9000E53D2D1AC4F818514FF0FF356FF0004142
:107DA000D4E95023C4E952510025C4E94823C4E969
:107DB0004A2384F8515142F2107204F598714046FA
:107DC00007F00CF838BB40F2B9113020F6F744FD4B
:107DD000204601F04AFADFF85890E530C4F8340143
:107DE000B9F8020048B1E08C38B1FDF7E1FFB9F80D
:107DF0000230B0FBF3F202FB1300064405F0FAFD7B
:107E0000361841F10001C4E95061002DC4D0AD190C
:107E100041F10001C4E72946204601F085FD3846BE
:107E2000BDE8F8830C27FAE7297B03002D790300CE
:107E300078EF032038B5044690F850319BB1FF230A
:107E400080F85831012101F06FFD94F8503153B1A1
:107E500004F1E805284605F085FE284605F096FE63
:107E6000002384F85031002038BDD4D4F0B500236D
:107E700085B0CDE9003303238DF806306846F7F767
:107E800077FC88B1114E012333710023CDE9023311
:107E900002238DF80E3002A8F7F76AFC044638B1C9
:107EA0000023337105B0F0BD0098FFF7C3FFE5E78D
:107EB000029D6B7B002BEED005F50C77384605F064
:107EC00051FE384605F062FE6C73E4E778EF03205C
:107ED000054B002201215A7119701A7142F2107279
:107EE0005A80FFF7C3BF00BF78EF032008B590F8B2
:107EF000582142B990F8142142B1D0E94631994253
:107F000002D901F0E5FC0022104608BD0122FBE782
:107F100008B503F0C9FC044B9A6882422ABF18795D
:107F2000002080F0010008BD78EF032010B5044662
:107F3000FFF7C4F8226A236C9A4228BF1A4600F55C
:107F4000C1711046FDF706FFB0F5296F28BF4FF449
:107F5000296080B210BDD4D4F0B5044685B090F845
:107F60004C3003F0FF05002B6AD1437B032B67D114
:107F700005F040FDD4E99C23801A61EB0301012840
:107F800071F100035CDB6FF00103834275EB0101CB
:107F900004DA40F2AA513020F6F75EFCD4F8C8208B
:107FA000E3880AB1B0FBF2F2013313449BB2A4F8A8
:107FB0002432B4F82422B4F8DC319B1A1BB2002B13
:107FC0003EDD04F50C7005F0CDFD002838D0FF2310
:107FD00084F82932B4F84230E5881A4E1D44B4F8CA
:107FE0004030013DED1AADB20DF10E0733686BB1B3
:107FF000B4F824120139002289B220469847B4F817
:10800000243210FA83F39BB2A4F82432B4F8243259
:10801000EB1A1B0414D4B4F8241200970023012295
:1080200089B22046FFF752F9012809D1B4F8243269
:10803000BDF80E2012FA83F39BB2A4F82432D5E7E0
:1080400005B0F0BD5CF503202DE9F3470446062991
:1080500000F20481DFE811F007008600750083005C
:1080600089008E00FC00D0E99C01D4E99E23904257
:1080700071EB030354D294F82A32002B50D0637B67
:10808000032B4DD1FFF71AF894F821A18146FBF795
:10809000D3FE064694F82B01FCF76EFE064494F8D6
:1080A0002B01FCF769FED4E99C23D4F87872D4F84C
:1080B000E85180465046BF1A04F022FB694A52F844
:1080C0002A20A5F1600302F52342A1324FF47A7110
:1080D000B2FBF1F29B1AA3EB09031B1A09F1890900
:1080E00009EB5309B6B2603B08F5C86873431FFA41
:1080F00088F8B3FBF8F360335A08A9EB53039F42A7
:1081000002D391444F4501D905F0DEFBD4F8C800F5
:10811000314605F097FB0023C4F8180284F82A3290
:10812000514B1B7903F0FF025BB90092B4F8DC11EC
:1081300001232046FFF7CAF828B140F2CE61302073
:108140002AE00423637303F0C7FE06F081FDE28892
:10815000A4F826220023A4F88A3284F8293202B037
:10816000BDE8F08703234373F9E703F0A5FBC4E9F7
:108170009E01F4E700F1A8081121B0F8AA00F7F772
:10818000BDFA002862D094F82131022B5CD005D8CA
:10819000012B08D0DC21B420F6F75EFB033B012B5A
:1081A000F8D81E3000E00A30858894F82101DFF805
:1081B000B890C31E012B8CBF00272827FFF74CF86F
:1081C0006E30A842D4F8182234BF2B1A0023D4F8FA
:1081D000C85099188D4284BFAD1AED1A99F8053030
:1081E00007F1DC0798BF002523B9D4F8E8309D4299
:1081F00028BF1D4604F1E800D4F8E861FDF76BFCE8
:108200000644022005F0E8FCAD1B25EAE575854231
:1082100028BF05460221284605F00AFD10B105F0E9
:10822000EFFB2E4401233A4631464046FDF778FDE8
:10823000D4F8E831C9F80800D4F8C800184402B0EE
:10824000BDE8F04705F0D8BB1430ADE79625ACE7A4
:10825000A83002B0BDE8F047FFF715B840F29C71B6
:108260006DE700BFD8ED040078EF0320012A70B558
:1082700006460D4614460BD0022A0ED08AB903F0EA
:1082800013FB224601462846BDE87040FFF704BDB7
:1082900003F00AFBC6F88C0270BDD0F88C120122E4
:1082A000F1E740F2C3713020F6F7D6FA70B5044614
:1082B00021B1012978D040F2D37172E000F0FBFFC8
:1082C00094F8513105460E46DBB150EA010318D04F
:1082D000D4E94832D4E95001C01A61EB02013346B7
:1082E0002A4608F0BBF905FB01F300FB0633A5FBAA
:1082F00000021344D4E94821121843EB0103C4E9F6
:108300004823E08C30B1FDF73BFDE38CB0FBF3F28A
:1083100002FB1300D4E94832ED1846EB02062D1893
:108320004FF0000346F1000640F20242C4E948560D
:10833000C4E9505684F83031A4F8382184F851311A
:1083400094F8583103F0FF01DBB9D4E952026FF021
:1083500000439A4208BFB0F1FF3F18D02046D4E94D
:10836000505600F082FFD4E95232E5305B1B62EBDD
:1083700006021B1A62F10002002A08DA204601F008
:10838000A7FA03F0A9FDBDE8704006F061BC04F552
:10839000987104F1E80006F075FC0028F1D14FF463
:1083A000E0613020F6F758FA002380F81431E8E74E
:1083B00090F85001003818BF012070470B46812209
:1083C00003F8032BB0F80920A1F80320C27A9A70B1
:1083D00070470B468C2203F8032BD0F80920C1F814
:1083E0000320D0F80D205A607047D4D4044B1A787B
:1083F000012AD0B203D01878831E584258417047E2
:1084000084EF03200D4B33F811300239C9B2022931
:1084100010B598BF0A4C4FF47A7203F2E733B3FBFE
:10842000F2F300F1FF3298BF34F811104FEAC21294
:1084300088BFF021134400FB013010BDECED0400B7
:10844000B0EC0400F0B5D928054628BFD925303551
:10845000BDF81460ADB2FF2D06F0020728BFFF255E
:1084600016F00106044601F5A57023D11FBB002BB1
:1084700000F0CB80911EC9B202299ABF7F4D35F81A
:10848000111040F648010844D92C40F28380D93CB1
:10849000951EA4B2EDB2F721002B00F0D680022D7C
:1084A00004F1F604B4FBF1F400F2CC80744B33F821
:1084B00015306DE0EFB1911EC9B202299BBF714D1D
:1084C00005EB41014FF41471C9880144D01E012805
:1084D00039D801F614409830002E3CD0023AD2B27E
:1084E000022A9BBF674B03EB4203C0235B8A1844FD
:1084F00050E053B1911EC9B202299BBF614D05EBFB
:10850000410140F648018989DFE7032A06D1691D48
:1085100009B24FF4C87505EB8111D6E7042A06D1DC
:10852000691D09B24FF4BF7505EB0111CDE7022AB1
:108530000BBF05F10B0105F10A0109B209B20CBF2D
:108540008900C900C1E7022A14BF4FF4B070B420FB
:108550009C310844BFE7F3B1911EC9B202299ABF0A
:10856000494D35F8111040F64801D92C084411D96D
:10857000D93C951EA4B2EDB2F72163B3022D04F1EC
:10858000F604B4FBF1F45DD83E4B03EB45031B8BC3
:1085900003FB0400F0BDF12C214628BFF121032A82
:1085A00006D1133109B24FF4C87505EB8111DCE730
:1085B000042A06D1133109B24FF4BF7505EB01113E
:1085C000D3E7022A0BBF1931183109B209B20CBF27
:1085D0008900C900C9E7022DB4FBF1F3DBB23BD837
:1085E0002A4931F8151001FB0300C3EB4311C3EB1B
:1085F000C103E41AA3B2002BCCD00833032A9BB2E8
:108600002DD19B0103F21A4371E7032A07D10535E7
:108610002DB24FF4C87101EB8515284434E7042AC4
:1086200006D105352DB24FF4BF7101EB0515F4E706
:10863000022A0BBF0B350A352DB22DB20CBFAD008F
:10864000ED00EAE740F69213A2E7022DB4FBF1F346
:10865000DBB201D80E49C4E740F69211C3E7042A01
:1086600003D11B0103F5467341E7022A0BBF9B00B0
:10867000DB0003F5BB7303F5CD7338E7BCEC0400F6
:10868000C8EC0400B0EC0400BCEC0400C8EC04002E
:10869000C8EC040010B5294B5A6AD2F80F30C0F864
:1086A000CC30537D117D1B0443EA0123D17C0B4365
:1086B000C0F8D430B2F819306FF450615918062957
:1086C0008DBF40F2E241A3F550634FF47A714B4302
:1086D00096BF4B430021012180F82A11C0F8C83011
:1086E000937DF9B103EB830303EB83039B00A0F8B5
:1086F000DC30B2F81730F1B164214B43C0F8D83008
:10870000B2F81B30A0F8D030B2F81D30A0F8D2304B
:1087100092F8243003F01F025B0980F8232080F8D0
:108720002B3110BDC3EB431403EB840303EB830332
:108730005B009BB2DBE740F2E241DEE784EF03201F
:10874000074A0346506AD3F86920C0F80320B3F8FB
:108750006D20A0F8072093F86810FCF7D7BC00BF85
:1087600084EF03208B88F7B513F0180506460C46F6
:108770001FD1086820B940F2EA312D20F6F76CF8D5
:1087800001F074F9217C677CFFF73CFEA38800931D
:1087900001462B463A463046FFF754FED4E9022301
:1087A000BB30824273F100032CBF0120002003B0D4
:1087B000F0BD0120FBE738B50B46882203F8032BF8
:1087C0000C4600F10902293052F8041B43F8041B3F
:1087D0008242F9D112781A70A5880123A37102216F
:1087E0002846F6F78BFF58B1E3784BB102212846B3
:1087F000F6F79AFF20B140F233212D20F6F72CF83E
:1088000038BDD4D4D0F8803073B50BB101221A60D2
:108810004388DB0727D50023CDE90033134E056AD3
:1088200002238DF80630FF2333776846F6F7A0FF62
:10883000C8B9009CA542F8D095F8B32094F8B300CD
:1088400005F1B40304F1B401FBF76EFE0028ECD08F
:1088500094F8AC303377D4F8AD30C6F81D30044B03
:10886000B4F8B1209A8002B070BD00BF84EF03203D
:10887000A1EF032038B5084D044600F16901062335
:10888000686A0022FCF724FD94F86810686ABDE865
:108890003840FCF73BBC00BF84EF032070B50446B2
:1088A0000D46173019461646FCF78EFB84F820510A
:1088B00084F82151FF2384F82231E91E01298CBF5D
:1088C0000021012104F1E800FDF741F9314604F1EE
:1088D000A800FCF71DFA94F82A31002B14BF4D2391
:1088E0009623A4F8E230A4F8E0300023A4F8E430A2
:1088F00070BDD4D470B504460E466588407F15F02F
:108900000401134618BF04F177013246FCF7A8F8BA
:108910004107054621D4C2070BD5012384F86830EE
:10892000607FFCF735F90368C4F869308388A4F8E0
:108930006D30AB0701D4012070BD094B586AD4F8E3
:108940007730012184F87610C0F80930B4F87B3014
:10895000A0F80D30FCF7E3FBEDE70020ECE700BFEB
:1089600084EF032010B50446084694F8D8306BBB5A
:10897000237884F8D930082904F1DB0216D004F1F9
:10898000DA01FCF739F820B94FF477612D20F5F7BB
:1089900063FF94F8DA3043F0020384F8DA3004F12C
:1089A000D0000B49BDE81040FCF7CEBF094B586A18
:1089B000034613F8031BC1F3801184F8DA10D0F8D2
:1089C0000310C4F8DB109B889380E8E710BD00BF5C
:1089D000D383030084EF032070B504460E4615468A
:1089E000FBF7AEF998B9237884F8C030637CA4F81B
:1089F000C16084F8BF500BB194F8483084F8C3309C
:108A000004F1B6000249BDE87040FCF79DBF70BD9F
:108A1000558E030038B5B0F848301B4D0133C3F311
:108A20000E03A0F848302B7B04462BB103F006FC64
:108A300002F0E2FB00232B7300232B7094F88930A3
:108A40002BB101212046BDE83840FFF72FBC637CE5
:108A5000C3B1B4F848209A4214D301212046FFF74D
:108A600025FC6388DB0748BF236A204644BFB3F870
:108A7000AA104322BDE838405CBF43224FF6FF7185
:108A8000FFF7AABF0021DDE784EF032010B5FFF751
:108A9000ADFC064C28B1237B1BB103F0CFFB02F0E9
:108AA000ABFBA06ABDE81040FFF7B4BF84EF032022
:108AB0002DE9F0410746FFF799FC054620B940F63D
:108AC00082412D20F5F7C8FE214CA26A166A0EB12C
:108AD00096F829611FB3616A11F8097B02F16903F5
:108AE000F80992F86820FBF71FFDC0B1606A3146B3
:108AF000FCF73DFB98B1A56AFFF778FC10B940F68A
:108B00005C41DEE72378E26A03F180435269013B6E
:108B1000284652F8233007F00F0198470546237B7B
:108B20001BB103F08BFB02F067FB7DB1A06AFFF77E
:108B3000DDF930B103F032F9E36ABDE8F0419B683A
:108B40001847A06ABDE8F041FFF764BFBDE8F081B7
:108B500084EF0320074A0346906A03B909B9FFF777
:108B600059BF1378D26A03F180431269033B52F86C
:108B70002330184784EF03202DE9F043032985B003
:108B80000546174607D14388980723D4002420467A
:108B900005B0BDE8F083428890F88830D107DBB299
:108BA000F4D5002BF2D14FF00108DFF8D49099F8FA
:108BB0000C60C6B1FBF738FF0828387016D002AA3F
:108BC0000DF10701FBF718FF38B940F6F7612D20CA
:108BD000F5F742FE4FF00208E7E79DF8070002A90B
:108BE000FEF78CF906463B78082B08D1D9F82410FB
:108BF00011F8030BC0F38010FEF780F90646D9F890
:108C0000241095F86F2011F8030B05F17003C0F3E1
:108C10008010FBF789FCD9F82410044611F8030BE7
:108C2000C0F38010FBF7DEFE8146FBF7C3FF40B1C7
:108C3000B9F1080F1BD04846FBF7F0FD80F00103A7
:108C4000D8B23A78082A14D01CB96C7FA21A5442C0
:108C500054416A8853079AD4002897D176B9EC7C9E
:108C6000444518BF002C0CBF012400248FE70020CE
:108C7000E7E780F001022240D4B2EAE7344686E713
:108C800084EF032070B50D46044691F82911D5F8FC
:108C9000C8001646FCF75BF8B5F8D030A4F8AE3043
:108CA000B5F8D230A4F8AC00A4F8B03095F82B3168
:108CB00084F8B230237F04F1A00273B394F86830D3
:108CC000012B2AD194F86E3003F0C003402B24D13D
:108CD000D4F86930C4F8A030B4F86D309380236ABA
:108CE00093F8AC2084F89920082E03F1AD0004F12C
:108CF000A601D3F8AD3004F19A0219D0C4F8A63019
:108D000083888B80304604F19901FBF775FE40B9EA
:108D100040F6E2312D20F5F79FFD0023C4F8A03086
:108D2000DCE794F8993043F0020384F8993070BD81
:108D3000C4F89A30838893800023C4F8A6308B80CF
:108D4000F5E7D4D42DE9FF4108230DF107020521F1
:108D500004468DF80730FFF70FFF054620B90025C0
:108D6000284604B0BDE8F081F9F7D2FE0646002897
:108D7000F5D1344F216A7A6A91F817C010460DF187
:108D8000080810F8033BC3F3401303EA0C03CB7548
:108D9000D2F80330C1F8AD308388A1F8B130114664
:108DA000D4F820C011F81F3BC3F380138CF8AC300B
:108DB000D2F81F000B79029060468DF80C30FFF757
:108DC00069FC94F91220206A43460121FFF766FDF1
:108DD000216A84F89560B1F8AA30A4F89630FF2390
:108DE00084F8B3304FF6FF739DF80720A4F8B43031
:108DF0002046FFF747FF144904F18C00FCF7A4FD5F
:108E0000FAF79EFF60B9236A1049B3F8AA20A4F8C4
:108E1000CD20DB7D84F8CF3004F1C400FCF794FD55
:108E2000236A0022B3F8AA102046FFF7D5FD084BAD
:108E30001B6800223A70002B92D0206A2146984786
:108E40008EE700BF84EF0320B7870300BD830300D4
:108E500064F503200B468B2210B503F8032BD0F8E2
:108E60000920C1F80320427B1A71CB78A3B130F8F6
:108E7000B43C1B0710D4B1F8054002212046F6F798
:108E80003DFC48B102212046F6F74EFC20B140F2ED
:108E900076212D20F5F7E0FC10BDD4D4032973B55D
:108EA000044604D0052927D0012002B070BD082354
:108EB0000DF107028DF80730FFF75EFE0028F3D0B2
:108EC000237C23B19DF807102046FFF74BFD0F4D83
:108ED0006B6A062204265A701E702046FFF730FC8B
:108EE000686A94F85C20A16DFCF732F9686A2E700C
:108EF00003F0C2F80020D8E7054B1B68002BF9D01F
:108F0000984780F00100C0B2CFE700BF84EF032094
:108F100060F50320F8B504460F4619B300F130059B
:108F2000284600F08CFDA0B963881A072ED5284684
:108F300000F09CFD0646284600F081FD301AC0B2C4
:108F400000F0C4FD474A536803442846536000F0CC
:108F500052FD284600F054FD02F0DEFD2179252067
:108F600002F0CEFC3F4E94F87620706A0023037026
:108F700043706388103B0D2B64D8DFE803F05F6318
:108F80005B0C634063636363636363402046BDE8D7
:108F9000F840FFF73FBD06234370202303702046AF
:108FA000FFF7CEFB638823F008039BB2152B05D097
:108FB00094F85420216D706AFCF7BBF8706A03F0D6
:108FC0005BF8032321793370002002F0B3FD0546DE
:108FD00007B9B06063881B0704D500F054FD054451
:108FE000C4F81C516388103B0D2B36D8DFE803F022
:108FF00038352F2F352F353535353535352F0C2371
:1090000043700346212103F8091B52B1D4F877209D
:10901000C0F80920B4F87B209A800121FCF77FF882
:10902000BDE7226FC0F80920B4F874209A8094F844
:109030006F10F3E7062303704370B0E70223037059
:109040000623F9E740F259612D20F5F705FC217957
:109050000120BDE8F84003F023B940F6F541F3E7FD
:10906000F8BD00BF84EF032038B54388102B0446B9
:1090700004D1BDE838400121FFF74CBF0B4D2B7BDD
:1090800023B102F09BF8402003F0CCF8686A02F0AC
:10909000F3FF608810F0040002D1217903F000F999
:1090A000002003F059F801232B7038BD84EF032012
:1090B0000121FFF72FBFFFF7FBBFD4D4024B0121E3
:1090C000986AFFF727BF00BF84EF032010B5144C48
:1090D000237B1BB103F0B2F802F08EF8A06AFEF712
:1090E00005FFA16A18B14B8803F0180323B9BDE846
:1090F00010400846FFF78EBCFFF778F920B940F61C
:1091000086312D20F5F7A8FB2378E26A03F180432E
:10911000D268013BBDE8104052F82330084618479A
:1091200084EF032008B590F894300BB1012008BDFE
:1091300090F8CC30002BF9D190F8BE3003F0FF004E
:10914000002BF4D0FAF7FCFD80F00100C0B2EEE78E
:1091500010B50648037803F0FF042BB924222146FA
:1091600007F010FB204610BD0C24FBE784EF032022
:1091700010B50A4C00232370FAF7D4FD6062FFF7A4
:10918000E7FF20B14FF442712D20F5F765FBE36A4C
:1091900013B940F20B31F7E710BD00BF84EF032095
:1091A00030B54FF4B07285B004460D46002107F08B
:1091B000E9FAFF2323701323638042F21073E384E0
:1091C000F6F704FC00220146E0646846F6F748FC26
:1091D000E06C00220121F6F7DCFCE16C0422684619
:1091E000F6F73EFC0022E06C1146F6F7D2FC04F1E3
:1091F0003000A57400F0E4FB02A8FBF783FE20B961
:109200004FF449712D20F5F727FB02A904F1360030
:10921000FBF7DAFE05B030BDFF23C86C0B70F6F724
:1092200003BCD4D4014B024ADA62704784EF0320B6
:1092300040990300044B054A1A60054B054A1A6021
:10924000054B064A1A60704760F50320458D030000
:1092500064F503206D82030068F50320D1950300B7
:109260000078FF3818BF01207047F7B5044630304A
:109270000E4600F0FBFB6188CA06074605D528228A
:1092800000F004FC6D3003B0F0BD8B07E06C0FD52F
:10929000F6F71FFD217905463846FFF7B3F86388D6
:1092A00000930146627933462846FFF7CBF8E9E799
:1092B000F6F7FFFCEEE7D0E9020170472DE9F04137
:1092C000067DB31EDBB2012B06F0FD068CBF4FF00E
:1092D00000084FF00108371E18BF0127012B044674
:1092E0001AD800F1700190F86F00FBF77BFB054680
:1092F00063889B0617D4082D10D186B3FAF720FD9A
:10930000B8BBE37E93B3D4F81530C4F86930B4F831
:109310001930A4F86D3006E00825E9E72846FBF788
:1093200089FA0028E9D1657784F81C8084F8687090
:10933000FBF752FB054604F05DFB104B0022E5FBFA
:109340000301C4E9180184F8762011462046FFF78E
:10935000D1FA60B940F2A3412D20F5F77DFA04F16E
:1093600069013046FBF7C6F80028DCD10020BDE8D3
:10937000F08104F169010120F4E700BF40420F00D1
:109380002DE9F04F07460C4605460FCF9DB010AEB5
:109390000FC60FCF0FC697E80F000DF1200886E823
:1093A0000F0040466E7900F00BFBA37A277D0393F4
:1093B0002378049363787A1E03F07F0A022AD14649
:1093C00000F28380D90603D4A67D731E022B7CD8BD
:1093D000637E03F0FD03012B02D1032F08BF042796
:1093E000A37E03F0FD03012B02D1032E08BF042648
:1093F000617A404600F0EBFA237D227F022B08BF02
:10940000617D02F1010206BF0131C9B20121D2B270
:10941000404600F0DEFA1AF0080F6CD1404600F02A
:1094200025FB6378DA06834654D4F6F701FB394608
:1094300082465846FEF7E6FFCDF80090014601232C
:1094400032465046FEF7FEFF2179E37843EA0123D6
:10945000617940F2712243EA014300F524705343DD
:10946000B0FBF2F05043984239D84FF0000B94F81B
:1094700018A00793A37C05930AF1FF33D3F1000AE8
:10948000E86C4AEB030AF6F714FC0690E86CF6F772
:1094900020FC0699079B814238BF014688B268B319
:1094A00008A90A910AA90C930693ADF82C90CDF85F
:1094B00034B08DF838708DF83960FFF753F9069B9A
:1094C000E0B945201DB0BDE8F08F40F21231062012
:1094D000F5F7C2F92822494600F0D8FAB4E7E17955
:1094E000A37943EA0123217A43EA014353438342A8
:1094F00028BF0346B9E700239B46B8E7CDE9123BF6
:10950000059B8DF85330049A039B8DF844708DF8B9
:1095100045608DF850A08DF854308DF84020ADF89E
:10952000429010AF0FCF2E460FC60FCF0FC697E851
:109530000F0086E80F0098E803002863A986E37A05
:1095400003F0FD03003B18BF012385F86F30E3688B
:109550002B67238AA5F87430E27D95F8463062F3D4
:10956000071385F846300020ACE74FF40043A0F81D
:10957000483043881D2B08BF00214174704790F983
:1095800012007047408800F0010070478078C0F3F7
:10959000400070478078C0F3C000704710B5448821
:1095A000C06CE30654BFC4F340040024F6F778FB14
:1095B00084F001042043C0B210BD4079C31E012BCA
:1095C00005D8B1F81E31012B14BF032004207047C9
:1095D0002DE9F04385B008230DF10702052104466B
:1095E0008DF80730FFF7C8FA002879D0F9F790FA1C
:1095F000002875D13C4D206AFFF74CF86B6A02AF2A
:10960000D3F81F0093F8232002903A71226AD3F80E
:109610000310C2F8AD10B3F80710A2F8B1101B7810
:10962000206AC3F3801380F8AC30304B1B6813B151
:10963000012221469847D4F82080686A98F8AC90B7
:109640000E234370C378082603F03F03C370002243
:109650004FF003010670FBF75AFE2046FFF70AF9A8
:10966000686A4946FBF75BFD0623012208F1AD015C
:10967000686AFBF72DFE6179FF2002F041F9686A04
:1096800002F0FAFCD4F8208020464146FFF795FF0F
:1096900094F9122001463B464046FFF7FFF8216A45
:1096A0009DF80720002384F89530B1F8AA30A4F87B
:1096B0009630FF2384F8B3304FF6FF73A4F8B4302C
:1096C0002046FFF7DFFA236A2E70B3F8AA20A4F829
:1096D000CD20DB7D84F8CF30012005B0BDE8F083DC
:1096E0002046FFF797F9F7E784EF032064F503209E
:1096F00010B50446FCF744FBC0F30B00A042F9D0C0
:1097000010BDD4D42DE9FF41564F3A78044602F0FB
:10971000FF0312B90278FF2A04D140F6DD112D2093
:10972000F5F79AF87B60FB817B7380F889304E4BAC
:1097300000934E4B01934E4B0293FB6A68465B6865
:10974000039302F083FC02F085F902F077FD01F04B
:1097500053FD484802F0D6F904F13005464802F0BE
:109760006FFC284600F047F9284600F049F902F05E
:10977000D3F92179252002F0C3F894F9120002F000
:10978000BBF904F15001E06CF6F728FA04F1580136
:109790000646E06CF6F749FA8046002E3AD094F877
:1097A0002430BBB3B4F94850ED43ED0F237F13B918
:1097B00063885B0709D5D4E918126FF000439A4219
:1097C00008BFB1F1FF3F2FD1ADBB94F88B301BB96F
:1097D00046EA0806F6B2AEB1638813F0100511D15F
:1097E000606CC0F30B20FFF783FF94F8463084F8D9
:1097F000450023F00F03C0F30320034384F84630F1
:1098000084F88B50786A0330FBF718F9387304B08A
:10981000BDE8F081B8F1000F04D094F82550002D78
:10982000C0D1C3E74546C1E704F0E4F8D4E9182302
:1098300090429941C8D3012229462046FFF75AF8A1
:1098400050B1FBF7C9F8054604F0D4F80B4BE5FB23
:109850000301C4E91801B8E7002DB6D040F61C2179
:109860005DE700BF84EF0320CD900300B18A0300C1
:10987000558B0300D6BE898E5555550040420F00CA
:1098800010B50446FFF73EFF20460021FFF742FBDC
:109890002046BDE81040FEF7B5BFD4D4024B986215
:1098A000DB6A1B68184700BF84EF032090F868301C
:1098B000016281F8B330D0F86930C1F8B430B0F843
:1098C0006D30A1F8B83070477047FFF7A3B8D4D413
:1098D00043881A0710B5044612D5036A11493C2281
:1098E00080F89520B3F8AA30A0F89630FF2380F8CE
:1098F000B3304FF6FF73A0F8B4308C30FCF724F887
:109900006388DB0743BF236A3C22B3F8AA103C22DA
:1099100058BF4FF6FF712046FFF75EF8FF2384F82B
:10992000893010BDB787030080F888107047D4D401
:10993000B190030069900300B79003009D8E03006F
:10994000819803008D8A0300BD90030030990300C5
:10995000349903003C9903008278034612F0010019
:1099600002D0D978C90710D5900702D5D9788907D0
:109970000AD512F0040008D0D878C0F3800080F037
:1099800001008000C0B2704702207047C0F340025F
:10999000C0F38003134400F001001844704702280C
:1099A00008B507D0042807D0012807D039212E2078
:1099B000F4F752FF262008BD2720FCE72520FAE710
:1099C0000023C0F802300123437003707047817098
:1099D000704710B54270017080781446FFF7D6FFCB
:1099E00010FB01F010FB04F2FE2A03DD5C212E20A7
:1099F000F4F732FF10BD0023C37043710371704749
:109A000010B50446FFF7A8FF637962780133DBB233
:109A10009A4263710FD1E378A1780343DBB2994294
:109A2000E37008BF23794FF0000208BF0133627171
:109A300004BFE2702371BDE81040FFF7B0BF38B536
:109A400001468078FFF7A2FF0446C8784D78FFF7FB
:109A50009DFF0A790B789B1A13FB05F34A7913FBD8
:109A600004F39B1A00FB1530C0B238BD08B501469F
:109A70008078FFF78BFF4B780A7813FB02F313FB18
:109A800000F0C0B208BD40F2EF2070470138022854
:109A900008B503D9C4212F20F4F7DEFE13290A4BA1
:109AA00005D811290CD8102907D0D221F3E71529A0
:109AB000FBD103EB4003D88801E033F8100008BD68
:109AC00003EB40039889FAE7D2EC040040F25A33E2
:109AD000584370472C4A38B5948803461C43402BA2
:109AE0001068948004D10421BDE83840FEF7ACBA78
:109AF000802B01D10521F7E703F00304032C04D1E7
:109B000040F6A4313120F4F7A7FEDD0706D50C6836
:109B100091602478062C1AD00B2C22D09C0711D5EA
:109B20000C6821781173072929D00B2922D0052927
:109B300008D1C17B182905D100240025C0E91E45A4
:109B4000012101759B0644BF0823537338BDC47BB4
:109B50001C2CE3D100240025C0E91C450124C47459
:109B6000DCE7C47B122C01BF0024C474012480F8FC
:109B70005240D3E7C17B1129E4D10021E1E76178AC
:109B800080F8A010DEE700BFB4EF03200C4A517B41
:109B9000034689B910683BB9B0F81011B0F8F42049
:109BA000914209D8FEF7B4B993881B0706D5007C0B
:109BB000083818BF01207047002070470120704707
:109BC000B4EF032073B504460068036813F0300F48
:109BD0000D4649D1B1F805101A2904D9B5F8073056
:109BE000B3F5A47F06D22978204602B0BDE87040C4
:109BF000FCF76BB9B5F801201A2AF4D9B5F803605F
:109C0000B6F5A47FEFD30096E830FBF799FF174B2A
:109C10009A8892070DD51B7B142B0AD122681368F2
:109C200043F0100313602046FCF70DF9002002B04A
:109C300070BD23689A7B212AF0D093F82F31002B36
:109C4000ECD1236893F82E31002BE7D123681A68F2
:109C5000B3F8AA0042F020021A6003F1E80103F50C
:109C6000B172FBF7F3FFDEE70120E0E7B4EF03207A
:109C700008B50368DA7B182A04D040F27E513120FF
:109C8000F4F7EAFD1E22DA7308BD08B590F89E309D
:109C9000FE2B04D040F66F113120F4F7DDFD0023D8
:109CA00080F89E1080F89F3012B9A0F84E2008BDB1
:109CB000A0F84630012380F84A30F8E708B5036879
:109CC000DA7B352A05D10022DA73BDE80840FCF7BB
:109CD000CCB8182A02D11E22DA7308BD40F2935183
:109CE0003120F4F7B9FD037D63B9C37BA3F1100202
:109CF000032A07D990F8520028B1202B8CBF0020EE
:109D00000120704701207047037D63B9837BA3F175
:109D10001002032A07D990F8520028B1202B8CBFDB
:109D200000200120704701207047D4D42DE9F8436A
:109D3000854D06462C68002840F0C480AB88190782
:109D400046D594F89E302A2B16D00CD81C2B13D055
:109D5000222B18D094F89E30FE2B20D140F2FB51DC
:109D60003120F4F779FD3C2BF4D1784B1B68002BA4
:109D7000F0D028469847EDE7002384F84131724837
:109D8000FCF759F8E6E784F84201714B1B68002B99
:109D9000F5D004F5A17104F1A4009847EFE7FE2384
:109DA00084F89E30E37B1E2B06D10027664884F89A
:109DB0005170FCF75AF8E773A37B242B2AD0372B7A
:109DC00030D0237C082B02BF0223AB7384F89E3073
:109DD000AB88DA074FD5D5F80080A96898F80F301E
:109DE000D1F80090113B0F2B99F800700BD8BB1ED7
:109DF000DBB2092B00F2A68040F2333222FA03F3E1
:109E0000DB0740F19F8009793846FBF7D5FA88B91E
:109E1000394680E0E37B243B072B94BF2B2325238B
:109E2000A373CEE7012384F8C5320023A37384F81B
:109E30004A30C6E7012F01D9162F4ED198F80E00EF
:109E4000FCF733F840B198F80E30242B04D0252BC2
:109E500034D12B2388F80E303846FCF77FFA0346BE
:109E6000002849D1FF2FD3D12B69002B51D02B686B
:109E7000012283F8C622AB88580704D5227C072A22
:109E800004BF0122AA7399074CD5287B2B680122B5
:109E90000D2883F89F2042D011284CD007284CD0A1
:109EA000FCF766FA034600283AD12A7BFF2A46D1FE
:109EB0002A683721917382F8C40233E0162F14BF49
:109EC000022620266B7B1B0704D5E37B113B0F2B5F
:109ED00098BF08263046BDE8F883112F15D005D865
:109EE000072F14D00D2FB7D11A4B05E0142FB3D183
:109EF000194B1B68002B8BD0AA681348127949466E
:109F000098470028B7D00646DCE7144BF4E7144B1B
:109F1000F2E799F800100C48FBF7D7FFF1E7114B77
:109F200009489847AB88DA06CCD5E37B0A2BC9D120
:109F30000B23E373C6E70C4BF2E70C4BF0E740F260
:109F4000EE510DE70826BDE7B4EF0320B4F503207A
:109F500090F5032065A1030070F50320B1A1030073
:109F6000CDA10300719C0300BD9C0300719F030001
:109F700010B503689A7B93F8A010092A08D193F8CA
:109F800099208A4204D100229A7383F84A2010BD96
:109F90001A6812F0080406D022F00802BDE810404A
:109FA0001A60FBF762BFFF2904D137229A7383F846
:109FB000C442ECE74FF4AF613120F4F74DFC38B503
:109FC00013680E3814460D469A7B09283ED8DFE800
:109FD00000F0053D3D3D0F3D183D3D27042A05D1CC
:109FE0002046FBF728FF2046FCF792FD002038BDF5
:109FF0000F2AFBD1002220461146BDE83840FCF76D
:10A00000FBBD212AF2D12046FBF715FF002DEDD034
:10A01000226892F8623023F0200382F86230E5E78C
:10A02000DA7B272AE2D10025DD732046FBF71DFFEE
:10A03000236893F83831012B03D129462046F9F7DC
:10A04000E3FF2368002283F83821CFE740F2622142
:10A050003120F4F701FCD4D4002908BF1F212628A1
:10A0600070B50346144639D81C2806D8A0F10E0353
:10A07000DBB2092B1CD9002070BDA0F11D02092AFA
:10A08000F9D801A050F822F019A1030077A003002D
:10A0900077A0030029A1030077A0030077A00300A5
:10A0A00003A1030003A1030003A1030037A10300E0
:10A0B00001259D4040F25126354015D1082BDAD1BB
:10A0C0001668B37B252B14D12046F9F79DFF86F83F
:10A0D00038510023B37386F84A30CCE73B2832D09E
:10A0E0003E28C8D1194B27E0BDE870400021FFF79A
:10A0F00066BF2B2BBFD1F37B243B072BE9D92A2149
:10A10000E2E7134A1568002DB5D00A4620461946E5
:10A110002B46BDE8704018470E4B1B68002BAAD099
:10A120000A461D212046F4E70B4B1B68002BA2D0EA
:10A130000A462021F6E7094B1B68002B9BD02046DE
:10A14000BDE870401847064BF6E700BFA0F50320B6
:10A1500074F5032080F5032088F5032094F503208F
:10A16000BCF50320024600684978837B212B15D07B
:10A170000CD8042B14D00F2B14D0C07B272815D05B
:10A18000332B0CBF2620FE20FFF766BF2B2B03D0FE
:10A190002D2B09D0252BF0D11620F5E71420F3E75D
:10A1A0000E20F1E71220EFE72320EDE71720EBE781
:10A1B000024600680B4690F8621041F0040180F8F6
:10A1C000621099785878FFF747BFD4D470B54B78B0
:10A1D0000268262B04465CD01DD81D2B957B54D0DD
:10A1E0000FD8A3F10E02D2B2092A08D8012101FA30
:10A1F00002F640F25120064220D1082A24D0002045
:10A2000070BD232BFBD12D2DF9D1254B1B68002BC5
:10A21000F5D09847F3E73E2B3DD005D82B2B3CD00B
:10A220003B2BECD11F4BF1E7FF2BE8D11E4B1B69F9
:10A23000002BE4D0012382F8C632E0E7224618461C
:10A24000BDE87040FFF7BBBE252D01D02B2DD6D128
:10A250002046FBF7F0FD2368DA7B262ACFD093F85F
:10A26000632022F0010283F86320226892F86330B1
:10A2700023F0080382F863301A212046F9F7C4FE60
:10A280002368002283F83821B9E7362DB7D1074B70
:10A29000BCE7074BBAE7074BB8E7074BB6E700BF89
:10A2A00078F50320C0F50320B4EF032084F50320E4
:10A2B00098F50320A4F50320ACF503202DE9F3471E
:10A2C00090F8D28290F8D36204460D46B8F1000FA0
:10A2D0003BD190F82071002E39D194F821A184F857
:10A2E000207184F821A1FF2384F822311A4B1B68C6
:10A2F00004F1A80913B1394648469847174B1B6823
:10A3000023B101943A46514601A8984794F8383150
:10A31000012B02D058EA060603D0237B43F0010349
:10A3200023734846FBF72BFC18B1237B43F0020351
:10A33000237306212046FDF787FE002384F8383179
:10A340003DB1A37302B0BDE8F0874746C3E7B2460C
:10A35000C5E7E573F6E700BF7CF50320B0F5032001
:10A3600038B50C460546D1E93001F5F7A7FA637B0D
:10A370003BB104F50C74204603F0F4FB204603F0D7
:10A3800005FC0D212846F5F7CFF90E212846F5F7F3
:10A39000CBF910212846F5F7C7F90F212846F5F724
:10A3A000C3F911212846F5F7BFF928461221BDE867
:10A3B0003840F5F7B9B9D4D4024B0020C3E9040002
:10A3C000704700BFB4EF032008B5054B0022C3E976
:10A3D0000422FBF7A1FDBDE80840FCF7FDB900BF72
:10A3E000B4EF032073B5514D002604462860AE80BB
:10A3F0006E73AE73FF2380F84C30B0F8DA31002B67
:10A4000000F0828090F89E30FE2B7DD190F82C31A8
:10A41000002B79D0037C073B012B75D990F82D31A7
:10A42000A0F8446080F8A03002210122FFF72DFC43
:10A4300084F8E26102212846FBF7FAFDB4F8DE1148
:10A44000B4F8E021B4F8DE30013989B2B1FBF3F39E
:10A450001344A4F8E031B4F840300B44A4F8403081
:10A460002046FFF740FC10B1636B0B446363B4F804
:10A47000DA31012B9CBF0133A4F8DA31002609B18F
:10A4800084F8E661E37B84F8E2610A3B012B0FD894
:10A49000E388B4F8D0229B1A190409D404F2D2211B
:10A4A00004F11700FAF790FDE673FF2384F84B30B0
:10A4B000B4F8DE2104F1A8012046FAF7CBFDE37BD6
:10A4C0001B491C4A113B0F2B8CBF00230123009317
:10A4D0002868194BF6F71EFB696911B1287E01F057
:10A4E00083FE2C68237BDA0703D510480021F9F797
:10A4F0008BFD237B9B0703D504F25910FBF7A0FBD0
:10A500000023237302B070BD94F89E10FE2901D081
:10A51000064891E7094B1E68002E8FD003F0B8FB68
:10A5200002460B460148B04788E700BFB4EF03205E
:10A53000D59A03008D9B030069A50300C4F5032091
:10A54000024B1869003818BF01207047B4EF032090
:10A550000022C281827490F84C3013B10221FDF7C1
:10A5600073BD0321FBE7D4D42DE9F04FDFF85C86FF
:10A570000F46B8F80410D8F800408D0556BFB4F85F
:10A5800040200023013287B0814646BFA4F8403006
:10A5900084F8E631A4F840202046FFF7A4FB38B148
:10A5A0000B4604F5A87204F1A8012046FCF778FBDD
:10A5B000B8F8043003F4C06333B1A37C002B00F07F
:10A5C000A080032B00F0A380A27CB8F80430012AFD
:10A5D00003D1180544BF0222A274B9F1000F40F064
:10A5E0004C8159065DBFB4F80022013292B24A464E
:10A5F000A4F8002203F00A020A2A0FD198F80C20CE
:10A60000022A0BD123F008033846A8F80430FFF7DC
:10A610008DFB08233843C7B2A8F804303846FFF74B
:10A6200085FBD8F810303843C7B2002B50D0142225
:10A63000002101A806F0A6F894F8210102F068F8BC
:10A64000054694F8210102F05BF805F5FA754FF420
:10A650007A73B5FBF3F5B4F8AA30ADF804300544CD
:10A66000E38894F82911D4F8C800ADF80830ADF8A3
:10A670000A50FAF76CFB94F8C632ADF8060033B115
:10A68000D8F808301A689B8804928DF814309DF829
:10A690000C3094F8C52262F300038DF80C3001A849
:10A6A000D8F810309847049A002384F8C63284F80A
:10A6B000C5326AB194F8C43253B9A37B372B07D0A3
:10A6C0009DF8143023B11178FF2924D11B2B29D9EF
:10A6D000D8F8006096F89E30FE2B49D1002F47D164
:10A6E000337C073B012B43D996F82C3113B396F8F2
:10A6F0002D31A6F8447086F8A030012202213046A0
:10A70000E4E10121A1742046FDF79EFC5CE70223F1
:10A71000A3740121F7E70729DAD1022BD8D15178A8
:10A72000FF29D5D1012184F8C412C4F8C82284F8C5
:10A73000C732CDE796F80FA0AAF1100A5FFA8AFA9D
:10A74000BAF1100F40F255813368DA0702D53A4664
:10A750000921D4E79D0740F1EE803A460C213046AE
:10A76000FFF793FA96F8533043F0010386F853301D
:10A77000B4F8E03194F8E3510133A4F8E031002D4E
:10A7800000F0FA82F6F734FB10B10023A4F8E031B0
:10A79000B4F8AA0000F0B2FCA37CB4F8DE60012B90
:10A7A000824640F22883237C082B40F0FD82B4F8D7
:10A7B0004030022B40F21F83B4F842500135ADB255
:10A7C000E388DFF818B42B44A4F8D831DBF8003064
:10A7D000002B00F01483012E40F21183F6F7F8FAF3
:10A7E000DBF80030E18802462046984700F1010B73
:10A7F0001FFA8BFB94F8E431002B3AD1012D38D9A4
:10A80000E37B0BB10B2B34D1A37B93BB237C83BBAA
:10A81000A37C022B2DD194F8E63153BBD4F8C000B1
:10A82000F4F7CFFC28B394F89E30FE2B21D1B4F876
:10A83000DA31012B1DD9B4F8E021B4F8D0309A42B6
:10A8400017D2BAF1000F02D0BAF80E1089B99B1ACC
:10A850009BB2013DADB2B5FBF6F59D4228BF1D464A
:10A8600016FB05B6003D18BF01251FFA86FB84F8CC
:10A87000E251E3889B44A4F8DCB1B8F80430D8F87E
:10A8800000505E065FBFB5F8EC31B5F8DE219B18CD
:10A890009BB248BF0023A5F8EC3195F82C311BB9C9
:10A8A0002B7C073B012B06D8B5F84430B5F8DE21E8
:10A8B0001344A5F8443095F84A1031B1B5F8463044
:10A8C000B5F8DE211344A5F8463095F95020002A4A
:10A8D000C1BFB5F84E30B5F8DE011B18A5F84E30F3
:10A8E00095F831306BB9B9F1000F40F0CF8298F88C
:10A8F0000E30022B40F0868295F8A030062B18BF50
:10A90000162395F8302022B9B04885F83130FBF78E
:10A9100089FD2846FFF71CFEAD4B1B681BB1AD4AF5
:10A92000204611689847002384F84C3007B0BDE8F2
:10A93000F04FF9F7AFBD580702D53A461321DEE6CE
:10A94000190706D596F8983086F8A0303A460721C0
:10A95000D5E61A0602D500221B21D0E613F03002FC
:10A9600038D096F82F31002B60D196F82E31C3B134
:10A97000F37B292B06F1A80006F5977106F2D22287
:10A9800026D0B37BA3F129056B426B41FBF7ACF8F2
:10A99000336823F0200343F010033360002386F86C
:10A9A0002E313368DA0641D506F1A800FBF7E7F847
:10A9B00018B106F25910FBF743F9B6F80A31A6F8B8
:10A9C000A030B6F80E31A6F8A2300022152196E686
:10A9D0000123DBE713F0400101D024218FE613F4BB
:10A9E000807202D00A461E2189E6DB041ED52C2186
:10A9F00085E6D8F80050EB7B182B36D011D8112BF8
:10AA000026D0162B28D0B37B002B72D1F37B103BC2
:10AA1000102B76D996F83E30002B72D001221221ED
:10AA20006DE6202BEFD13A46062113E0D8F800005E
:10AA3000C37B352B48D006D8262B4AD02F2BE2D10A
:10AA40000022202142E04E2BDDD100223C213DE0BE
:10AA50003A460B21284639E02846FBF7CBFE002872
:10AA60003FF486AE00220421F4E795F8C032012BB2
:10AA700007D13A4605212846FFF707F985F8C07245
:10AA800076E695F8C032022BD9B27FF471AE95F814
:10AA9000523053B1062385F8A0303A462846FFF7D6
:10AAA000F4F8002385F8C032EAE7D8F8003040F225
:10AAB0000632A3F89A2095F8623013F0040F3A4654
:10AAC0000CBF0D211121E9E700221121FFF7DDF86C
:10AAD0004EE690F83831022B02D100221721F5E71B
:10AAE00090F83831012B8ED190F83931002BF4D009
:10AAF00089E7092B05D196F8993086F8A030012214
:10AB000025E7BAF1100F7FF633AED8F8005095F86C
:10AB10000EA0BAF1000F40F0C48095F83F313BB170
:10AB200001220E212846FFF7B0F885F83FA1A7E7DC
:10AB300095F83E3183B195F853A01AF0030B0BD171
:10AB400001220C2128464AF0010AFFF79EF885F8F9
:10AB500053A085F83EB193E795F8403173B195F86D
:10AB60006930DB0902D001222B2173E71A4B1B68E5
:10AB7000002B00F096801548984792E095F82E310A
:10AB800083B395F82F316BBBEB7B292B05F1A80024
:10AB900005F5977105F2D22222D0AB7BA3F12906ED
:10ABA00073427341FAF7A0FF002385F82E3101228A
:10ABB00014212846FFF769F8B5F80A31A5F8A03046
:10ABC000B5F80E31A5F8A230D2E500BFB4EF0320EE
:10ABD0008CF50320B88A0320ACF503209CF50320F4
:10ABE0000123DFE795F83831012B6ED195F8393123
:10ABF000002B6AD1E87BA0F12403072B65D995F8D7
:10AC000020114B1EDBB2032B09D895F82121DFF868
:10AC100098C2013AD2B2032A1CF803E004D94FF4D7
:10AC20003F710620F3F718FEBEF1020F95F83A3196
:10AC300014D0BEF1030F13D0BEF1010F04D1012BCC
:10AC400014BF002301236BB9A0F14703012B28D9BE
:10AC50000A38042825D901221621FBE6022BEFE74A
:10AC6000042BF1D11CF8022095F83B31022A24D0A4
:10AC7000032A24D0012AE7D1012B14BF002301238A
:10AC8000002BE1D0EB88B5F83C0105F53472F9F7FB
:10AC90007FFA8246B0B901467F48F9F7B5F985F8E1
:10ACA00038A1B37B002B7FF463AD96F8C432002B40
:10ACB0003FF45EAD0122FF2121E5022BDDE7042BED
:10ACC000E0D0C1E72C23AB7352E595F8423113B1C4
:10ACD00001222221BEE695F8413143B16F4B6E4807
:10ACE0001B689847FE280146DBD00122B2E695F8A2
:10ACF0004A3113B101221D21ACE695F84B3113B155
:10AD000001222621A6E695F8CC3213B101223E217C
:10AD1000A0E695F84C319BB1D8F800301021B3F87B
:10AD2000AA00F4F7EBFC03699B0706D55C4B5A4875
:10AD30001B68984701223B218CE65A4B1B681AE797
:10AD400095F84E314BB195F8393133B9EB7B243B53
:10AD5000072B02D9012223217CE695F84D31012BE6
:10AD600005D1002385F84D310122252172E695F8A1
:10AD70004D31022B95D1F4E7F6F724F808B1A4F889
:10AD8000E051F6F73DF800283FF402AD94F8E631C3
:10AD90000133DBB2022B84F8E63182BF0023A4F832
:10ADA000E03184F8E631F3E494F83E3013B1A37B4C
:10ADB0000F2B20D1B4F84250B4F840300135ED1AD1
:10ADC0002046B100A5EB8605FEF78DFFA8B1A36B69
:10ADD000626B01339B1A5B1A9D42A8BF1D46BAF1F4
:10ADE000000F05D0BAF80E30043B9D42B8BF1D4697
:10ADF000012D3FF7E4AC0125E2E42B46ECE74FF0F0
:10AE0000010BF7E4012B08D16B7C002B7FF479ADAB
:10AE100000212846FDF718F97EE55FB1F80633D426
:10AE2000390733D4BA0633D4BB0733D14FF4316179
:10AE30003120F7E639B1B5F84610B5F848309942F7
:10AE400001D322235DE5002A05DDB5F84E20B5F8D3
:10AE500048309A42F5D2B5F84420B5F842309A42CB
:10AE600009D2AA7CB5F8403052B1B5F842209A42D6
:10AE7000CED8082345E595F82C31002BE1D1F0E739
:10AE8000052BC5D93E233CE51E233AE53D2338E595
:10AE9000232336E52A2334E5B4EF03206CF50320A1
:10AEA000B8F50320C0F50320E4EC040038B50446EF
:10AEB0000846E37B162B09D0A3F1180253425341F5
:10AEC00094F8C02222B10C25284638BD0123F7E7AB
:10AED000002BF8D094F8F03203F0FF05002BF2D1EC
:10AEE00090B194F8FE3123B940F66C313120F3F77C
:10AEF000B3FC052304F1800204F5F77105F032FA82
:10AF0000012384F8C032DFE70223FAE773B5044671
:10AF10000190D4F8C830D0F8D802984214D1D4F8AF
:10AF2000DC62D4F8D030F61A18BF012694F8E43267
:10AF3000002B3FD0B4F8AA0000F0E0F830B940F69A
:10AF400068513120F3F788FC0126EFE7B4F8E022DE
:10AF5000B4F8DE309A421AD1B4F8E23282899B1AF0
:10AF600018BF0123A57B472D15D0E27B472A10D0BF
:10AF70000025B4F8DE22D4F8D81201A8F9F73CFF76
:10AF800095B30023A3730323A37402B070BD012300
:10AF9000E8E73343ECD0154B1B6813B940F6735107
:10AFA000CFE7A5F1470255424FF0000101A85541F6
:10AFB0009847DEE7002EDBD0B4F8AA3094F82911C8
:10AFC000A4F8A131F9F7C3FEB4F8DC32A4F8A53136
:10AFD000B4F8DE32A4F8A3010549A4F8A73104F2BD
:10AFE0009710FAF7F9FCC3E7E573CCE7A8F503205F
:10AFF000AB65030008B5FAF7EFFF024B024A1A608F
:10B0000008BD00BF70F50320C59B0300FAF7F8BF29
:10B0100010B50446FCF752F8226A236C9A4228BF06
:10B020001A4600F59F711046FAF794FEB0F5296FA5
:10B0300028BF4FF4296080B210BD70B50D460421C1
:10B040000646F4F75BFB044648B906213046F4F7A0
:10B0500055FB20B115B190F8E53003B90446204600
:10B0600070BDD4D4014B1874704700BF60F003204A
:10B0700007B57F230DF107008DF8073001F0ECF8DC
:10B0800003469DF9070053B1094B5B785B4240FAD8
:10B0900083F0142806DC10F17F0F05DB40B203B00B
:10B0A0005DF804FB1420FAE76FF07E00F7E700BFBD
:10B0B000CEF00320024B00221A705A70704700BF76
:10B0C000CEF003201D2310B503700446F8F7ACFE44
:10B0D0006070022010BD1E2310B503700446F8F7FF
:10B0E000A3FE6070022010BD012343800380002373
:10B0F0008380C3804FF44863038170470E21F4F7C7
:10B10000FDBA73B501A90546F9F744FE044618B126
:10B1100021215420F3F7A0FB2846019EFFF7EEFF04
:10B1200030B10123A6F8DE30848144810482C481D9
:10B1300002B070BD3C2303804FF4FA4343800123E7
:10B14000C38083800023038143814FF4486383815C
:10B150007047D4D4014B1870704700BFD0F0032063
:10B1600008B500F04BFB00F0CDF800F005F8BDE8A5
:10B17000084001F07DBBD4D4034B00214FF4805232
:10B180001970A3F801207047D4F0032070B506466B
:10B19000022014460D4600F0C3F8064B01221A7037
:10B1A000054B033CC3F81045C3F80865C3F80455C4
:10B1B00070BD00BFD4F0032000F0004008B50220AD
:10B1C00000F0AEF809480A4B0A494FF0010C80F82C
:10B1D00000C000224FF40000C3F80021C3F804218E
:10B1E000C3F80821C1F8040508BD00BFD4F003204E
:10B1F00000F0004000F00140114B1A786AB1114A8A
:10B2000011494FF40000C2F80805D1F800213AB9FD
:10B210001021002099705A701870002000F080B83A
:10B22000D1F80421002AF3D0D1F8082122B9D1F8AD
:10B2300000140122C9B2ECE710210022E9E700BFA7
:10B24000D4F0032000F0014000F0004008B5114B9D
:10B250001A7892B1104AC823D2F8001141B1D2F83D
:10B26000040120B1D2F80801B0FA80F0400908BD0D
:10B27000013B13F0FF03EFD102E05878022804D11C
:10B280000620FAF773FB002008BD431E58425841C0
:10B2900008BD00BFD4F0032000F000400A4B1A782C
:10B2A0007AB10A4BD3F800214AB1D3F8042132B164
:10B2B000D3F808211AB9D3F80004C0B2704710209F
:10B2C00070479878704700BFD4F0032000F000402A
:10B2D00008B50A4BD3F80025032A04BF01229A605F
:10B2E0000022C3F80025C3F8002501F0E9FB044B58
:10B2F0004FF40002C3F8082508BD00BF00F000406D
:10B3000000F00140054B4FF40042C3F88020BFF32A
:10B310004F8FBFF36F8FFFF7DBBF00BF00E100E08F
:10B3200010B50446FFF7D4FF012C06D0022C0CD038
:10B3300054B18C213D20F3F78FFA0B4B0222C3F856
:10B3400000250A4AC3F8142510BD074B0322C3F891
:10B350000025064AC3F8142503F580334FF4000294
:10B36000C3F80425F0E700BF00F00040D7F0032049
:10B37000EFF3108272B60F4B93F8451011B9C2B9B2
:10B3800062B670475B78012B10D0022BF7D1830790
:10B39000F5D40948094B10B401210024C0F84045F8
:10B3A000196102B962B65DF8044B70474107E6D4F3
:10B3B000EFE77047E8F103200080004000100040F4
:10B3C00010B504463948631E0472072B68D8DFE8BD
:10B3D00003F0494E5358675D6204354B0F22C3F8A2
:10B3E00010258389B3F5166F3ABFA3F6381343F4DB
:10B3F0008072A3F516622E4B01F07F01C3F8082579
:10B400000022C3F85415C3F81C21D3F80022082CDD
:10B4100042F488724FF0FF0180F82F10C3F8002229
:10B420000ABF40F2022140F20311224AC3F8341548
:10B4300018BF40F25B62C3F838251F48214601F06F
:10B4400059FC204601F0F6F91C4B1B68062B08D06E
:10B45000013306D0164AD2F8683543F4C023C2F847
:10B46000683510BD124B0322C3F81025B9E7104B05
:10B470000422C3F81025B4E70D4B0522C3F81025AC
:10B48000AFE70B4B0622C3F81025AAE7084B0022B2
:10B49000C3F81025A5E7064B0122C3F81025A0E745
:10B4A00040F645513E20F3F7D7F900BFE8F10320FD
:10B4B000001000402110010015F2032078F703204E
:10B4C00030B5364C431E83B02072072B5CD8DFE8C2
:10B4D00003F03D42474C5B515604314B0F22C3F8F9
:10B4E0001025A3892E4DB3F5166F3ABFA3F6381376
:10B4F00043F48073A3F51663C5F8083501F07F03A4
:10B50000C5F8543594F9092001AB01F027FD9DF8E9
:10B51000050005F0CDFA00283BD19DF904001F4934
:10B5200001F0FEF8237A1D48082B07BF1D4B40F29F
:10B53000022240F2031240F25B63C5F83425C5F8DD
:10B54000383503B0BDE8304001F07ABB144B03221C
:10B55000C3F81025C5E7124B0422C3F81025C0E735
:10B560000F4B0522C3F81025BBE70D4B0622C3F88D
:10B570001025B6E70A4B0022C3F81025B1E7084BA7
:10B580000122C3F81025ACE740F645513E20F3F701
:10B5900063F940F2E3513E20F3F75EF9E8F103204E
:10B5A00000100040211001002DE9F043061E83B079
:10B5B00014BF0220042000230F4690468DF804009B
:10B5C0008DF8063002F066FB01284FF0FF3088BF8F
:10B5D00000208DF8050001A805F002FA002840F0CF
:10B5E000E0807A4D012385F8453002F013FA0446D5
:10B5F0000028FAD0764B4FF40022C3F80825002E1D
:10B6000041D195F82A304FF0010985F80190002BBF
:10B6100054D095F82C30002B5BD16E4B6E4A33F82A
:10B6200018106E4B01F5FA71A3FB0131684BA7EBC3
:10B630009111C3F8AC252B6A694A6A4F95F82B0023
:10B6400043F400232B622B691944614BC2F8401567
:10B65000C3F8A875012785F82A704FF40027C3F8AE
:10B660000475002854D095F82C00002843D05E487B
:10B67000C3F8AC05D2F84031002B49D00024204655
:10B6800003B0BDE8F083012E40F0908095F82A3099
:10B6900002226A70002B6AD095F82C3023B34E4BEF
:10B6A0000022C3F81C21D3F8002242F48872C3F8A8
:10B6B0000022FF23394685F82F30BCE7A97A40469F
:10B6C000FFF7FEFE95F82C30002BA6D0424BC3F8B6
:10B6D0000090464B33F81810404B01F5FA71A3FB6C
:10B6E0000131A7EB9111A6E7394B414AC3F8AC25CC
:10B6F000A7F129019FE7384BD3F8002242F001025D
:10B70000C3F80022D3F8503503F0F603022BB5D06E
:10B71000334B0122DA64D3F84C358B42AEDAEB8935
:10B72000952B0BD9002E2DD0324B2931D9601846DC
:10B73000314905F0ABF9431C012B41D801A805F0B4
:10B740005BF9002837D16B789DF80420012B0BD0D2
:10B75000022B94D1930792D421491F4B0020012240
:10B76000C1F840051A618AE7520788D4F4E7A97A3C
:10B770004046FFF725FE95F82C30002BB4D0164B31
:10B780005E608CE71B4B2831D96018461A4905F0DA
:10B7900077F9431C012BD1D940F2C2613E20F3F767
:10B7A0005BF840F65C313E20F3F756F840F6340182
:10B7B0003E20F3F751F840F69F313E20F3F74CF866
:10B7C00040F2CC613E20F3F747F800BFE8F10320D8
:10B7D00000F00140ECED040000100040D34D621079
:10B7E00000800040408100400810004000EE04004E
:10B7F00004100040C48A032040ED0400482210B524
:10B800000021174804F0BEFF164801F041FA164B1C
:10B810001A68102A13D80123934013F4A2341BD1C1
:10B8200013F4045F0BD011484022FF2104F0AAFF5B
:10B830004FF08043C3F8084EC3F8104E10BD0B48BC
:10B840003822FF2104F09EFF4FF080430022C3F80E
:10B85000082EC3F8102E10BD04482422F1E700BFC3
:10B86000E8F1032015F2032078F70320000E0040D2
:10B87000014BD881704700BFE8F10320024B012241
:10B8800083F82C20704700BFE8F10320024B0344EB
:10B89000187E00F51660704740ED0400014B187FDC
:10B8A000704700BFE8F10320024B98691B69C01A7A
:10B8B000704700BFE8F1032010B50D4A0D4B117F12
:10B8C0005469126903EB8103A41A186C0A4B0B4AE2
:10B8D00053F8213003F2F313A2FB0323241AA4EB41
:10B8E000931402F0D5F9201841F1000110BD00BFFA
:10B8F000E8F1032040ED0400D8ED0400D34D6210C0
:10B90000FF2808B531D81B4B01391885072922D8E3
:10B91000DFE801F0041D16162104041A164A4FF43C
:10B920004031164B084340F00070C3F81425C3F8AB
:10B930001805D3F8503503F0F703032B10D008BDDA
:10B940000F4A4FF44031ECE70E4A0021E9E70E4A76
:10B950004FF44031E5E74FF44F713E20F2F77CFFA2
:10B9600040F256313E20F2F777FF40F2CB213E20E5
:10B97000F2F772FFE8F10320080110000010004008
:10B980000801906308000006080110011E4AD2F861
:10B99000003223F0020343F4801310B5C2F80032E2
:10B9A0001A4C1B4BC4F8A03503F5DE431C33C4F816
:10B9B000A4354FF48023C4F804350378032B1DD13C
:10B9C0004378144C0129D2F81415606803F03F0342
:10B9D00021F4702143F40C3340F0030043F420734E
:10B9E00008BF41F400216060C2F81415C2F80009D4
:10B9F000C2F81039012384F8443010BD40F2AB3155
:10BA00003E20F2F729FF00BF0010004000F0014087
:10BA10002C110040E8F103200B4B1B68062B02D0D1
:10BA2000013300D07047094B1B68063B0833F9D936
:10BA3000074AD2F8743723F0807323F0010343F0F0
:10BA40008073C2F87437704778F703207CF70320BF
:10BA500000100040224B2DE9F0410227C3F880700E
:10BA6000BFF34F8FBFF36F8F01F0CCFF044602F09E
:10BA70000FF91C4D001B1C4C00264FF001082061E3
:10BA8000C5F8FC6FC5F8FC8F01F07CF8174AC5F8C3
:10BA90003085107C40F20122C5F85026C5F80072AE
:10BAA00005F02EF8124A1349A683A661668584F82C
:10BAB0002C6084F84460C2F80415D5F80019084BCE
:10BAC0006160A26CC3F880719621E1811021C5F8F4
:10BAD00004131F6002B19047BDE8F04104F0C4BFF9
:10BAE00000E100E000100040E8F10320C48A0320D8
:10BAF00000F001400000020C014B5872704700BF7B
:10BB0000E8F10320034B020E0002C3F82425C3F81A
:10BB10001C05704700100040044B054A0344907216
:10BB20001B7E03F516639381704700BF40ED040050
:10BB3000E8F10320F0B5674C94F82B3083B0002B6C
:10BB400000F0B380002814BF02220422002305461F
:10BB50000F468DF804208DF8063002F09BF801287E
:10BB60004FF0FF3088BF00208DF8050001A804F0D9
:10BB700037FF002840F09480574A84F82C000123B6
:10BB800084F8453084F82A30D2F8003243F00103BB
:10BB9000C2F8003201F03EFF0028FBD0002D58D043
:10BBA000012D0AD04D4BD3F84C65E389952B21D953
:10BBB0004FF4DA613E20F2F74FFE0223A17A637060
:10BBC0003846FFF7FDFB6378022B7DD1434B424A99
:10BBD000DD645560D3F84C65E389952B0AD9404A5A
:10BBE000404906F129031046D36004F04FFF0130AD
:10BBF000012864D801A804F0FFFE00285AD1637818
:10BC00009DF80420012B1DD0022B08D1930706D4E8
:10BC1000324A314B0021C2F8401501221A612369D2
:10BC2000F61A1DB106F1290003B0F0BD2E4B2F4AC4
:10BC300033F8173003F5FA73A2FB032306EB9310D6
:10BC400003B0F0BD5207E3D52369F61A002DE9D100
:10BC5000ECE70123A17A63703846FFF731FC637883
:10BC6000012B18D11D4A1C49D3640B60E389D2F81B
:10BC70004C65952BBED91A4A1A4906F1280310467D
:10BC8000D36004F0FDFE01300128B3D940F2C26157
:10BC90003E20F2F7E1FD4FF4E9613E20F2F7DCFDD2
:10BCA00040F65C313E20F2F7D7FD40F206713E20AF
:10BCB000F2F7D2FD40F69F313E20F2F7CDFD40F283
:10BCC000CC613E20F2F7C8FD40F251713E20F2F700
:10BCD000C3FD00BFE8F103200010004000800040D9
:10BCE000C48A032040ED0400ECED0400D34D621043
:10BCF00008B5FFF759FC00B108BD054B0549012205
:10BD0000C1F840051A610220BDE80840F9F72EBECF
:10BD10000010004000800040F8B51D4D6B7F8BB3D4
:10BD200004461646084654B1012C1BD00020296950
:10BD30003246411A2046FFF737FC40B1F8BD012BCF
:10BD4000AF69297F16D000F0F3FC3844EFE7114BC0
:10BD500011490122C1F840051A610220BDE8F840EE
:10BD6000F9F704BE012BAF69297F07D000F014FD5D
:10BD70003844DCE700F0FEFC3844D8E700F0E6FC8D
:10BD80003844D4E740F6C1013E20F2F765FD00BF1C
:10BD9000E8F103200010004000800040F0B5474A61
:10BDA000474F484C484ED2F8045302214FF0FF3021
:10BDB00083B00023C2F80803C7F88011C2F800124C
:10BDC0004FF46021C6F84035C4F80815D2F8501574
:10BDD0003E4CC9B205F01005638584F82C3000296B
:10BDE00038D1E389952B04D96378012B5CD0022BE1
:10BDF00050D0324E36480027C6F81071394600F050
:10BE00004BFF94F844302780EBB1D6F800322D4A2E
:10BE100084F8447023F4801343F00203C6F8003220
:10BE20004FF48023C2F80835D6F81425636822F44D
:10BE30007022C6F8142523F00303264A6360C6F86F
:10BE40000039C6F810291DB11C4B1022C3F8042379
:10BE500003B0F0BD01218DF80700C2F81031116167
:10BE60009DF807304BB90CE09DF80730013BDBB281
:10BE70008DF807309DF807301BB1D2F81031002B38
:10BE8000F2D09DF80730002BABD140F6FF013E20E9
:10BE9000F2F7E2FC04F006FE01300128A9D940F6D1
:10BEA00017113E20F2F7D8FC04F0F6FD013001280E
:10BEB0009FD940F611113E20F2F7CEFC0010004051
:10BEC00000E100E000F0014000800040E8F10320C4
:10BED00015F2032080320200264B10B50022264CBA
:10BEE000C3F84825C3F84425C3F84025C3F84C25BA
:10BEF000FFF754FF04F0BEFD94F8453023B104F081
:10BF000075FD68BB84F84500002004F07BFD60BB34
:10BF1000226A1A49174B42F0446242F40032C1F8D7
:10BF20000825174AE07002212062C3F848056061C5
:10BF3000C3F84405A061C3F84005C3F84C05C3F835
:10BF40004801C3F84401C3F84001C3F84C01C2F8EA
:10BF50008010BFF34F8FBFF36F8FC2F8801110BDF9
:10BF600040F2AE413E20F2F777FC40F2B1413E2074
:10BF7000F2F772FC00800040E8F1032000F001407D
:10BF800000E100E0F8B52B4C2378B3B188B9667FA7
:10BF9000E0895F1E18BF0127002E46D0012BA5693E
:10BFA000217F13D0012EA2783BD000F0F5FB411980
:10BFB00011E0BDE8F840FFF7F1BE94F82C20637063
:10BFC000E3701AB31C4AC2F84031F8BD012E21D0EB
:10BFD00000F0AEFB4119206994F82C300022091AB8
:10BFE0002280DBB1144BC3F84021A2783846FFF71A
:10BFF000DBFA0028E9D1114B0F490122C1F84005B5
:10C000001A610220BDE8F840F9F7B0BC628584F8F7
:10C010002C20F8BD00F0AEFB4119DCE784F82A3093
:10C02000E3E700F093FB4119D5E740F6C1013E205C
:10C03000F2F712FCE8F103200080004000100040FD
:10C04000014BC3F83C0570470010004010B5044692
:10C05000074804F0D7FC28B994E80F00054C84E8A1
:10C060000F0010BD40F668113E20F2F7F5FB00BF4F
:10C0700071B3030034F20320174B184A93F82A10C7
:10C08000C2F804054FF0010C83F82BC0586209B3C5
:10C0900093F82C3093B102F5F0321149114BC2F8EC
:10C0A000AC15D3F84031ABB10E490C4B0020012246
:10C0B000C1F8400503201A61F9F758BCD2F80032E4
:10C0C00043F00103C2F80032D2F8503503F0F60312
:10C0D000022BE9D0704700BFE8F1032000100040B8
:10C0E000081000400080004038B5174B19699A6964
:10C0F000084482421DD215490124DC704C64D1F8F9
:10C1000044250532824205D3114BD3F8042102B9EC
:10C110001C6138BD1A6A0F4C0025C1F8445142F425
:10C120008002C1F844054FF480011A62C4F8041576
:10C1300038BD0220F9F71AFC0449054B0020012202
:10C14000C1F840051A6138BDE8F1032000800040C5
:10C150000010004000F0014038B51F4C94F81DC09D
:10C16000217F227ABCF1010F0346E08923D000F041
:10C1700041FBA3691844834223D2184A0121E1708C
:10C180005164D2F844350533984205D8144BD3F89E
:10C19000042102B9196138BD236A12490025C2F889
:10C1A000445143F48003C2F844054FF480022362F3
:10C1B000C1F8042538BD00F0FFFAA3691844834292
:10C1C000DBD30220F9F7D2FB0449054B0020012202
:10C1D000C1F840051A6138BDE8F103200080004035
:10C1E0000010004000F00140C30003F1804303F55C
:10C1F000F83310B4084A094CC3F81025012202FA9A
:10C2000000F0226AC3F81415054B024322625DF860
:10C21000044BC3F80405704704110040E8F1032003
:10C2200000F00140044BC3F86005D3F8002242F04F
:10C230004002C3F80022704700100040054BD3F8BD
:10C240000022002122F04002C3F80022C3F860154A
:10C25000704700BF001000400F4AD2F81C314BB9A4
:10C260000E4A92F82F20FF2A17BF5242184602703A
:10C2700001207047D2F8483503F07F0300215B426C
:10C2800082B00370C2F81C11D2F81C310193019BDB
:10C29000012002B0704700BF00100040E8F1032009
:10C2A00030B5304C83B094F82C30A17020BB012203
:10C2B000227023B3237A99424ED12B4D94F9092051
:10C2C000D5F8003243F00403C5F80032084601AB4C
:10C2D000A17A00F043FE9DF8050004F0E9FB002878
:10C2E00035D19DF90400214600F01AFA204603B02A
:10C2F000BDE8304000F0A4BC022222700BB903B0AC
:10C3000030BD237A8B4227D1174A0128D2F8003258
:10C3100018D143F00803C2F80032144800F0EAFCD8
:10C32000207A00F087FA124B1B68062BE7D0013306
:10C33000E5D00D4AD2F8683543F4C023C2F8683519
:10C3400003B030BD43F00403C2F80032E5E740F229
:10C35000E3513E20F2F780FA40F6C7213E20F2F783
:10C360007BFA00BFE8F103200010004015F2032023
:10C3700078F7032010B5244C94F82C3082B0002BB1
:10C380003AD0224A94F808C0D2F8003201281BD0D3
:10C3900043F00403C2F80032D0B994F90920A17A1D
:10C3A00001AB604600F0DAFD9DF8050004F080FB6B
:10C3B00020BB9DF90400214600F0B2F9204602B0EE
:10C3C000BDE8104000F03CBC43F00803C2F8003266
:10C3D0000F48614600F08EFC207A00F02BFA0D4BDE
:10C3E0001B68062B08D0013306D0084AD2F86835FE
:10C3F00043F4C023C2F8683502B010BD40F2E351E7
:10C400003E20F2F729FA00BFE8F1032000100040B7
:10C4100015F2032078F70320054B064A0021C3F8E4
:10C420004015D2F85035DBB20BB1012313617047D0
:10C430000080004000100040034B93ED0E7B1B6C0E
:10C4400080ED007B0B607047E8F103202DE9F0419F
:10C4500001F0DCFAA44BA54C0122DA64D3F84C3588
:10C460002364C4E90E0104F1200104F12D0000F061
:10C470007FFC08B1BDE8F081E389952B054606D91C
:10C480006378012B00F0A780022B00F0AF80984862
:10C49000236AC0F808350021964BC0F8AC1521621C
:10C4A000D3F8002284F82B1022F48E7222F00102BD
:10C4B000C3F8002294F84420E2B1D3F8002284F8B3
:10C4C000441022F4801242F00202C3F800224FF41A
:10C4D0008022C0F80825D3F81415626821F4702171
:10C4E00022F00302C3F814156260C3F80029824ADF
:10C4F000C3F810297C4A6778D2F84815A16167779C
:10C50000D2F844157B4B61610026022FD3F80C0151
:10C51000D3F81011C3F80061C3F80C61C3F81061BF
:10C52000C3F80461C3F80861C3F86C610CD0012F33
:10C530003FD000299ED02378002B62D0FFF72EFC3D
:10C54000A36DBDE8F0411847E37813B1D2F8443148
:10C5500033BB002868D100298CD02378002BEDD183
:10C5600094F82C306070E070002B00F0AB805E4BD4
:10C57000C3F84001E4E71A0705D013F0F00F02D02A
:10C5800013F4706F5BD15B49C3F30442012AD1F805
:10C59000541454D1012952D0C3F34253022B4ED824
:10C5A0002378002B36D0FFF7F9FBE36CBDE8F041B0
:10C5B0001847237A237700285FD100293FF45AAF28
:10C5C0002378002B6AD0FFF7E9FB0021636D084652
:10C5D000BDE8F041184704F05FFA013001287FF60A
:10C5E00056AF40F611113E20F2F736F904F05AFA30
:10C5F000013001287FF64BAF40F617113E20F2F7CD
:10C600002BF994F82C106370E37000293ED0C2F827
:10C61000403195E794F82C206370E370002A39D0FC
:10C62000314AC2F84031C0E7344B1B68062B06D0B4
:10C63000013304D02F4BD3F85034D9019BD4237A43
:10C64000268D002B4BD0DA1E012A2FD9012700207E
:10C650002377FFF797FC274BD3F8000410F0010075
:10C6600006D0636A5B78B3428CBF002007F00100FC
:10C67000236D2946BDE8F04118473046FFF782FC9C
:10C68000636D39463046BDE8F0411847618584F84E
:10C690002C1055E7628584F82C2086E794F82C103E
:10C6A0006370E37091B1C2F840318EE7114BD3F85B
:10C6B000143413F006030DD0022B0ED000270125F1
:10C6C0000323C4E7608584F82C0039E7618584F88A
:10C6D0002C107AE703230127B9E70423B6E740F2D9
:10C6E0004D213E20F2F7B8F800800040E8F1032029
:10C6F00000F00140001000408032020078F7032073
:10C70000024B03EB8003186C704700BF40ED040040
:10C71000024B03EB8003586D704700BF40ED0400EF
:10C72000024BC0B2C3F80C05704700BF00100040B8
:10C7300010B504460846FFF7EBFF034AA2FB0020B2
:10C74000A4EB901010BD00BFD34D6210074A4FF408
:10C750007A7332F9112003FB00F000F2E730044B4A
:10C760001044A3FB0030800902387047C4ED040078
:10C77000D34D6210064B074A33F911104FF47A7308
:10C7800000FB03300844A2FB00208009704700BF73
:10C79000C4ED0400D34D621010B504460846FFF7FF
:10C7A000B7FF044A00F2E733023CA2FB0320A4EBEC
:10C7B000901010BDD34D621038B50C4C34F91110E7
:10C7C00004EB82041D4664690C4404F6B7344FF44C
:10C7D0007A7101FB004406491046A1FB0414FFF7DF
:10C7E0008FFFA40905352544284438BDC4ED040055
:10C7F000D34D621038B5054608461446FFF788FF4A
:10C800000A4B03EB8403024620465C69084B4FF455
:10C810007A7104F6B73401FB0544A41AA3FB04346F
:10C82000FFF76EFFA4090530204438BDC4ED0400B5
:10C83000D34D62100C4B1B68082B00D070470B4A7D
:10C840000338D2F84037012823F0004302D9C2F858
:10C850004037704723F47F4343F0004343F444439D
:10C86000C2F84037704700BF78F70320001000403F
:10C87000024B00221A705A709A70704744F20320DB
:10C880002DE9F04F83B005469DF83CA09DF830900F
:10C890009DF84080494C1E460120BDF83830019378
:10C8A0008B461746FEF73CFD05F00303DFF820E159
:10C8B00084F803A043EA0A4343F08073CEF80435BA
:10C8C000DBF80410DBF80820DBF80C30DBF80000A4
:10C8D00004F1040BDC46ACE80F00C4E905760D9BBF
:10C8E00084F81C90364A19685B68CEF808B5C4F81D
:10C8F00021301368C4F81D10062B08D0013306D070
:10C90000DEF81835019961F30703CEF818352D4B81
:10C910002D49C3F8081515F0FB0F16D0B8F1020F1A
:10C9200047D813680D2B1DD1284A294B12F808202F
:10C93000C3F82025012D1FD00123022D637084F838
:10C94000255023D903B0BDE8F08F2249C3F89815CC
:10C95000B8F1020FA1F1FC01C3F89C1529D81368A6
:10C960000D2B1FD0102BDFD0B8F1000FE2D04FF409
:10C97000BF713C20F1F770FF124B1749174AC3F8FB
:10C98000981584F82550C3F89C256570104B01223A
:10C9900000212270C3F80011C3F800121A6003B01E
:10C9A000BDE8F08F094A0A4B12F80820C3F8202589
:10C9B000C2E74FF4BA713C20F1F74EFF44F2032076
:10C9C00078F7032000F001400000020214EE04009A
:10C9D00000F0004000F10040501100400CF0004019
:10C9E0001A4A537870B563B3194BC3F80C15C3F8E2
:10C9F000100592F8255001249470B5B91278E2B16F
:10CA0000144AC3F804514FF40035C2F80455D3F862
:10CA1000006116B15C60C2F808550B7803704B7862
:10CA2000043343708B78837070BD00211470C3F899
:10CA30000411C3F800421C6070BD97213C20F1F73F
:10CA40000BFF4FF4D5713C20F1F706FF44F20320B1
:10CA500000F0004000F0014008B5144B5A7802B3D2
:10CA6000134AC2F80C151978C2F810054FF0010CE2
:10CA700083F802C089B10021C2F80411DB78023BBF
:10CA8000012B05D80B480323C0F85011C2F81C3500
:10CA9000094B0A4AC3F8042508BDBA213C20F1F726
:10CAA000DBFE4FF4DF713C20F1F7D6FE44F20320A9
:10CAB00000F000400010004000F0014000000202C1
:10CAC0000A4B1A786AB10A490A48C1F808050022D7
:10CAD000C1F89825C1F89C25C1F89825C1F89C2576
:10CAE0001A7000225A709A70704700BF44F20320F7
:10CAF00000F0014000000202F8B51B4B1B786BB33D
:10CB00001A4CD4F8043113BB194B0222C4F8042385
:10CB10001F691A6942F010021A61D4F8043107F053
:10CB2000100753B9134E4FF40045C6F8805103F077
:10CB30003DFDD4F80431002BF7D027B90C4A136916
:10CB400023F010031361094B0222C3F80823074B9B
:10CB5000D3F80004003818BF0120F8BD4FF4F2717B
:10CB60003C20F1F779FE00BF44F2032000F00040C2
:10CB700000ED00E000E100E0014B01229A60704707
:10CB800000F000402A4A1368062B10B51DD001336F
:10CB90001BD0284C284BC4F8783703F09BFF38B1E2
:10CBA0004FF08053D3F83033591C18BFC4F84C37BA
:10CBB0004FF010231B6E5A1C06D01E49D1F88C254D
:10CBC00063F31742C1F88C2510BD1C490B68063B66
:10CBD000083320D91748D0F83C3723F0004323F01E
:10CBE000FF0343F0004343F09603C0F83C3713685B
:10CBF000062B0DD10B68063B0833CAD90D4AD2F873
:10CC0000403723F47F4343F4B053C2F84037C0E7C2
:10CC10000133EFD0BDE70748D0F83C3743F48063D9
:10CC2000C0F83C371368062BD4D00133D2D0B0E71C
:10CC300078F70320001000402C0000897CF70320C7
:10CC4000104B1B68062B02D0013300D070470E4BEF
:10CC50001B68063B0833F9D9027A0C4B0B49D3F811
:10CC60008835022A4FF0805223F4FE43D2F8202365
:10CC70000CBFC2F30662C2F3062243EA0223C1F8E4
:10CC80008835704778F703207CF7032000100040B8
:10CC900045F6FF7343807047D1B1154AD2F83C374F
:10CCA00023F0004323F0FF0343F0004343F07D03F0
:10CCB000C2F83C37D2F87C3723F0004323F07003EE
:10CCC00043F0004343F06003C2F87C374170704783
:10CCD000074BD3F83C2722F00042C3F83C27D3F897
:10CCE0007C2722F00042C3F87C274170704700BFC8
:10CCF000001000401C4B1B68082B00D07047033904
:10CD000001290FD9194BD3F83C2722F00042C3F870
:10CD10003C27D3F87C27002122F00042C3F87C276F
:10CD200041707047114A0121C2F80413D2F83C3710
:10CD300023F0004323F0FF0343F0004343F07D035F
:10CD4000C2F83C37D2F87C3723F0004323F070035D
:10CD500043F0004343F06003C2F87C374170D16375
:10CD600011640170704700BF78F703200010004085
:10CD700003460078002863D0F0B5744AD2F8044125
:10CD8000D2F810512C4383B05BD1D2F80051002D62
:10CD900066D0C2F8004101245461FF240094009C35
:10CDA0002CB908E0009C013C0094009C1CB1D2F816
:10CDB0001C41002CF6D0009A002A00F0C180634A82
:10CDC000DD78D2F8484504F07F04A542C0F08C809D
:10CDD0005E4A9C7001230024C2F81C41C2F808334B
:10CDE000136493635A4B594C01228025C4F80453B1
:10CDF0001A64D3F84025D3F8446502F56A52183214
:10CE000096424BD9D3F8402502F51C52103200252A
:10CE1000C3F8402504F5F034C3F84051A3F5DF43CF
:10CE20004C4AC4F8A8256C3BC4F8AC354FF4002339
:10CE3000C4F804350B6843F400230B6003B0F0BD65
:10CE4000704780244449C2F80843B5FA85F04FF48E
:10CE500000240022C1F8084540091A7003B0F0BD53
:10CE6000D2F848455F7804F07F049C70C2F81C51EA
:10CE7000DE7837BBA642D2F8742544D894B20F2C82
:10CE800002D9B2F5003F3ED3304B01221A649A63B7
:10CE90002E4BD3F81C310193019BA3E72E490022AE
:10CEA0004FF40026C3F84025C3F84021C4F80853C6
:10CEB000C1F80865C3F84021C4F80853C1F80865F3
:10CEC000CCE7A642E4D2D2F83C4724F00044C2F8B2
:10CED0003C47D2F87C4724F00044C2F87C475D70A0
:10CEE000012313649363D3E7D2F83C5725F0004540
:10CEF000C2F83C57D2F87C5725F00045C2F87C5761
:10CF000000225A7064E7114CD4F83C2722F000420A
:10CF100022F0FF0242F0004242F07D02C4F83C27BA
:10CF2000D4F87C2722F0004222F0700242F0004246
:10CF300042F06002C4F87C2701225A702264A7E7FD
:10CF40004FF4EE71AF20F1F787FC00BF00100040F6
:10CF5000008000404081004000F001402DE9F04F8A
:10CF6000454C85B0054698460E46174600F094F8A5
:10CF70002378AB42814602D16378B3423CD0082D7E
:10CF80001BD18DF80F70BB464FF0040A3046FEF7F8
:10CF90007DFC00210346009152465846414603F06D
:10CFA0008DFDB8F8003025706670A380A071A77061
:10CFB00084F8039005B0BDE8F08F05F1FF3ABAF1AF
:10CFC000060F50D8DFE80AF0044235284F04040069
:10CFD0000DF10F033A463146002000F063F80028B7
:10CFE00046D19DF90FB0BAF1060F3CD8DFE80AF040
:10CFF00011382B1E3B11110094F90230BB42BED1F7
:10D00000E3788342BBD1A38894F90600A8F80030E6
:10D01000D0E74FF0000AB9E70DF10F033A46314669
:10D02000032000F03FF89DF90FB008BB4FF0030A52
:10D03000ACE70DF10F033A463146022000F032F81A
:10D040009DF90FB0A0B94FF0020A9FE70DF10F0351
:10D050003A463146012000F025F89DF90FB038B965
:10D060004FF0010A92E740F289410620F1F7F4FB04
:10D070004621A920F1F7F0FBDC8A0320014B186060
:10D08000998070476CF20320024BD86019745A8261
:10D09000704700BF98F20320014B187D704700BF16
:10D0A000C8F50320042810B511D883B104280CBF9B
:10D0B00010242824A1420AD2064C54F8200018B1AA
:10D0C00041568A42A8BF0A461A70002010BD6FF070
:10D0D0001500FBE7C8F5032030B50346114890F969
:10D0E0001C209A4219DD90F924209A4217DA9A1AE4
:10D0F000846AA05C0C4A15569D420DD00E32002960
:10D1000018BF01309442C0B206D129B1013BDBB255
:10D11000012B01D80130C0B230BD0D20FCE700204A
:10D12000FAE700BFC8F5032022EE040008B5054B5E
:10D1300093F91C30984203DAFFF7CEFF024B1B56DF
:10D14000184608BDC8F5032022EE040008B5184BA8
:10D1500093F82C20FAB9012283F82C20154A126882
:10D16000A2F10800082803D813490141C90709D5CD
:10D17000911F092910D9013212D04FF4DF717420A8
:10D1800002F08AFF0D4A9A62D8221A6283F824209C
:10D1900008229A611A7708BD094A0A41D207ECD4DD
:10D1A000084A9A62D8221A6283F824200422F0E7FF
:10D1B000C8F5032078F70320DEFEFFFF5DEE0400D4
:10D1C000EEFCFFFF30EE0400C0B208B520B94FF00E
:10D1D000804301221A6008BD4D21B52002F05CFF9A
:10D1E00010F0FF0008B508D14FF0804301225A60CB
:10D1F000C3F80001034B187008BD7C21B52002F074
:10D200004BFF00BFF5F50320014B01221A70704758
:10D21000F5F5032008B548B94FF08043D3F8003145
:10D2200013B9044B187808BD0120FCE7C221B520D2
:10D2300002F032FFF5F503200020FFF7EBBF4FF0BF
:10D240008043D3F8080400F0010070474FF080439A
:10D25000D3F8140400F0010070474FF08043D3F876
:10D260001C0400F0030070474FF08042D2F81834DD
:10D27000D2F81824C3F3004302F00302824214BF21
:10D28000002003F001007047044B1868062818BFFF
:10D29000B0F1FF3F0CBF01200020704778F703205A
:10D2A00008B5094B1A680A2A02D1084B1B6823B13A
:10D2B000FFF7EAFF08B9082A04D14FF080430222A1
:10D2C000C3F8342C08BD00BF78F703207CF7032097
:10D2D000014BD889704700BFF8F50320014B9889AE
:10D2E000704700BFF8F5032010B5EFF3108472B655
:10D2F000064B03441A7C0132D2B21A741B7C012BF8
:10D3000001D1FFF761FF04B962B610BDF8F5032043
:10D310000020FFF7E9BFD4D410B5FFF7F9FFFFF7FE
:10D320008BFF4FF08044084940B1FFF7B9FF01235C
:10D33000236104238B740023CB7410BD03238B74EF
:10D340000123C4F80433F6E7F8F5032010B5EFF332
:10D35000108472B6094B03441A7C22B940F257215B
:10D360006D2002F099FE1A7C013AD2B21A741B7C2D
:10D370000BB9FFF735FF04B962B610BDF8F503200D
:10D380000020FFF7E3BF0020FFF744BF024B987C6B
:10D39000003818BF01207047F8F5032073B51B4D06
:10D3A0006B7D63B9286A00F00300FFF75DFF30B1C1
:10D3B000EFF3108372B6AA7C1AB103B962B602B059
:10D3C00070BD0122AA7403B962B64FF080430822EF
:10D3D000C3F808234FF42073ADF80630BDF80640BB
:10D3E000A4B2631E9BB2ADF80630002CF6D14FF00C
:10D3F00080460748C6F80C4102F0FAFF85F8254040
:10D40000FFF78AFF0823C6F80433D8E7F8F50320AE
:10D410001CF603202DE9F347484C237D002B00F038
:10D420008A800323ADF804304FF08043D3F80051D5
:10D43000F5B9D3F80481B8F1000F09D04FF080435B
:10D440000022C3F804210222C3F80823FFF7A6FF35
:10D4500094F825603A484FF08047F6B2D7F80C812F
:10D4600002F0CAFF48B340F243316D2002F014FECF
:10D4700000258DF804500122D3F80481C3F8082355
:10D480000DF10409271DA61C19F8010B03280AD069
:10D49000337843B13B684FF0000A86F800A013B11F
:10D4A0009847C7F800A06B1C022B07F1040706F190
:10D4B00001064FF00105E7D1BDE745B1A37C032B81
:10D4C00005D10423A374FFF7EBFE01233B61B8F100
:10D4D000000F1FD04FF080430022C3F80C21A37C23
:10D4E000042B02D040F26931BFE7164B1A680A2AB2
:10D4F00002D1154B1B6823B1FFF7C6FE08B9082AF5
:10D5000004D14FF080430022C3F8342C0223A374CB
:10D51000FFF736FF4EB1002384F82530A37C022BA1
:10D5200001D1FFF7F9FEFFF72BFF054802B0BDE878
:10D53000F04702F070BF02B0BDE8F087F8F50320B5
:10D540001CF6032078F703207CF7032010B5054C68
:10D55000206A00F00300FFF787FE0028F8D00020C3
:10D5600010BD00BFF8F50320F8B5054650B10278AC
:10D57000042A07D8437842B9013B1F2B02D883788D
:10D58000212B07D96FF0150075E0002BFAD18378B5
:10D59000002BF7D17B4B0127C3F88070BFF34F8F6F
:10D5A000BFF36F8F4FF08046C3F88071764C0B232A
:10D5B000C6F808330023C6F80031C6F80431C6F8AF
:10D5C0000C3123746374AB88E381FFF738FE08B134
:10D5D00027702774D6F80C24D6F80C34D20303D560
:10D5E000DF0701D5FFF710FE4FF4AF63A3812B785F
:10D5F000A978637500222262A175E274042B4DD8CC
:10D60000DFE803F005033A484A0001232362FFF7ED
:10D610001DFE00284DD0FFF720FE236A03F0030310
:10D62000984246D1AB79002B3DD1FFF78FFFA37D08
:10D630006BB12B785BB9FFF7FFFD054602F09CFE4E
:10D640006FF00043002D00F09980C4E906034FF00D
:10D650008043D3F80C24D3F80C34D20303D5DB0772
:10D6600001D5FFF7D1FD474A01230020A07423759F
:10D67000C2F880311360F8BDFFF74AFE4FF08043D7
:10D68000D3F80C14D3F80C24CE03F9D5D007F7D572
:10D690000223BBE73D4BB9E73D4BB7E740F21E51D4
:10D6A0006D2002F0F9FC4FF080430222C3F80423FE
:10D6B000BDE74FF080430122DA600022C3F8042165
:10D6C000226AC3F81825334A1368A3F10E01012911
:10D6D00004D90A2B02D0FFF7D7FD48B14FF0805391
:10D6E0004FF08041D3F84432C3F34233C1F83C35A4
:10D6F0001368A3F10E02012A04D90A2B02D0FFF706
:10D70000C3FD20B14FF080430122C3F84C254FF0F8
:10D71000804301229A600222C3F80423AA79002AD6
:10D7200085D1D3F80423910702D440F2D141B7E761
:10D73000194A1669116941F010011161D3F80431D9
:10D7400006F010060BB902F033FF4FF08047D7F810
:10D75000043183B1FFF7FAFE26B90F4A136923F0AB
:10D76000100313614FF080430222C3F80823002204
:10D77000C3F804215BE702F019FFE8E7C4E90630CB
:10D7800065E700BF00E100E0F8F5032001000200BA
:10D790000100030078F7032000ED00E010B50D4C08
:10D7A00004F1240002F028FE48B9A37C022B01D129
:10D7B000FFF7B2FDBDE81040074802F02CBE074A53
:10D7C000012384F82530BDE81040C2F80031FFF78E
:10D7D0009FBD00BFF8F503201CF6032000E100E028
:10D7E00038B5164C20780023237508B9FFF7F8FCEC
:10D7F000A37C042B0ED14FF080450020FFF734FDB1
:10D8000018B1D5F80C31002BF7D04FF0804300222F
:10D81000C3F80C2100232374A3746374084B012202
:10D82000C3F88020BFF34F8FBFF36F8FC3F8802101
:10D830004FF080430B22C3F8082338BDF8F50320CE
:10D8400000E100E010B501B3F0B14FF0FF33104A32
:10D850001C46E0FB0134944203D9DB216F2002F027
:10D860001BFC1A0D42EA0432C3F30F10094B00EB04
:10D8700002404FF22444B2FBF4F103FB1100B0FB71
:10D88000F4F040EA0140013010BD0846FCE700BF5B
:10D890003F420F00000024F4014B9B68184700BF73
:10D8A00020F60320014BDB68184700BF20F6032059
:10D8B000014B1B69184700BF20F60320014B1B6A70
:10D8C000184700BF20F60320014BDB69184700BF53
:10D8D00020F60320034B1A790AB9FFF7F9BC988D9B
:10D8E000704700BF20F60320034B1A790AB9FFF7EF
:10D8F000F5BC988A704700BF20F60320024B1B79C5
:10D900000BB9FFF74BBD704720F60320014B9B6915
:10D91000184700BF20F6032010B5144C2379A3B19B
:10D92000636A9847002806DB94F82E3023B1012360
:10D9300084F83030002010BDFFF7E8FF0028F6DA49
:10D9400040F28D116F2002F0A7FB094BA361094B38
:10D95000E361094B2362094BA360094BE360094B68
:10D960002361FFF701FE0028E1D0E4E720F6032061
:10D970004DD503009DD703008DD3030011D30300C1
:10D9800081D3030087D3030010B50A4C23795BB120
:10D9900094F8303053B1A36A9847002806DA4FF460
:10D9A000E2716F2002F078FBFFF71AFF002384F882
:10D9B000303010BD20F6032008B5074801F04CF8C0
:10D9C000054800F02FF801F099FA01F07BFA00F019
:10D9D00039FB012008BD00BF54F6032008B501F053
:10D9E0001DF801F02FFB01F00BFBBDE8084000F033
:10D9F00045BB00BF01F084BC103001F04DB800BF42
:10DA000001F062B801F0B4BD01F07CBE01F08EBE41
:10DA100001F072BD01F0F0BC08B52721032002F02F
:10DA20003BFB00BF024B186000221A719A607047DE
:10DA30005CF6032070B582B01E4C2379012B11D007
:10DA4000DAB2022A0BD1A0680DF1070100F02EFB1B
:10DA50000023A36023719DF8070002B070BD012070
:10DA600002B070BDA0680DF1070100F015FBA568BC
:10DA70006B7DDB07ECD5AB7F042BE9D001F068F8B8
:10DA800006460028E4D001F069F82A69B3682E68D8
:10DA90006D68961945F1000500220A3342F1000233
:10DAA0001B1842EB0102B342AA41D1D3A06800F097
:10DAB0009FFCCDE75CF60320837F0BB1002070470D
:10DAC00010B50A684B688C68D1F80CC0C0F80CC05F
:10DAD0008460026043600A694B694361012402610A
:10DAE0008477054B1A792AB998601C7100F0C6FF3B
:10DAF000204610BDFFF790FF5CF6032070B504468A
:10DB000082B00D4601F024F8A37F012B17D02B68BB
:10DB10006A68A9680646E868E060A1602360626000
:10DB20006A692B69626101222361A2770DF1070105
:10DB3000204600F0B1FA2EB1012002B070BD0020E5
:10DB400002B070BD024B0421186802F02FFBF3E70E
:10DB50005CF60320024B0621186802F027BB00BFC9
:10DB60005CF6032010B5084B1A7952B90446986048
:10DB700002221A7100F082FFA07FB0FA80F0400903
:10DB800010BDFFF749FF00BF5CF6032038B5837F67
:10DB9000C3B1044609E0A37F042B09D0A37F012B66
:10DBA00011D002F003FDA37F63B1A37F032BF2D159
:10DBB000EFF3108572B6204600F0D6FA05B962B6CA
:10DBC000A37F2BB938BD4FF48271032002F064FAB1
:10DBD000FF21032002F060FA70B5054600F0B8FF9F
:10DBE00008B3044600F0BAFFA4680346E41841F104
:10DBF000000628463346224600F08CFBA04271EB1B
:10DC000006034FF000050CD3001B6FF0010361EB1E
:10DC10000601834275EB010100D370BD4FF0FF3068
:10DC200070BD284670BD40F22911032002F034FA7D
:10DC30002DE9F04104460F4600F08AFF10B38568D5
:10DC4000002362195B41064613B10020BDE8F08154
:10DC500000F084FF2A1841F100033846A51843F16B
:10DC6000000800F057FBA84271EB0801EDD301F06A
:10DC700047FB00F033FAB368377523440120B360E3
:10DC8000BDE8F0814FF4A371032002F005FA00BF54
:10DC900000F064BF08B500F05BFF08B1007D08BD6F
:10DCA00040F29B11032002F0F7F900BFF8B50369B9
:10DCB000002B4ED1044601F023FB05460E46FFF72C
:10DCC000F7FD78B3D4E90003643546F10006A842B5
:10DCD00073EB060223D3C4E90003EFF3108672B698
:10DCE00000F036FF054698B100F038FFAB6800221F
:10DCF0000B3342F100021B1842EB0101D4E9000290
:10DD0000834271EB02053CBF03461146C4E9003172
:10DD100006B962B62046BDE8F84000F091BB28463F
:10DD20003346D8E7FFF7E0FD074600F025FFB8428D
:10DD30002168626838BF3846963546F100064019BA
:10DD400046F10003884273EB02053CBF08461346C8
:10DD5000C1E74FF4D171032002F09EF91C4B186803
:10DD6000A0B350E9063130B550F8104C13F10A0257
:10DD7000036841F100011519A0F1180041F1000CF0
:10DD80001BB922E014D31B68FBB153E90621AA4258
:10DD900071EB0C0419D290F814E013F8044C74459C
:10DDA000F0D19C88B0F81CE0A4EB0E042404EAD562
:10DDB00053F8100C0A3241F100018518A3F1180044
:10DDC0001B6841F1000C002BDFD130BD704700BF54
:10DDD00068F6032070B5264D00236B60EFF31081C9
:10DDE00072B6AA686A60AB60EB6009B962B66A682D
:10DDF00072B3204C00269379032BA2F1180028D08F
:10DE0000136873B39A79042AA3F118038446A646CB
:10DE10000FD1818B9A8B521A12049A6944BF0CF16C
:10DE2000180E184642B19C46A2F118039A7F042AA4
:10DE3000EFD09B7F032B16D1DEF800201368CEF8BD
:10DE400000300221C368867798476A68002AD2D1D9
:10DE500070BD116852F80C3C9671696001219847B9
:10DE6000F3E7A646EAE763219F2002F015F900BF19
:10DE700068F603206CF603202DE9F04F6F4B046821
:10DE80001B68456883B08283427D0646894602F05E
:10DE90000102002B00F0CB80A3F1180C002A6ED0F9
:10DEA000DCE90001844275EB0107644A2FD39CF83A
:10DEB0001420337D9A421BD8DCF808301B1841F13E
:10DEC000000113F10A0E41F10007744575EB0702DA
:10DED00080F0A8803269121945F10000964577EB71
:10DEE000000801D2724638469A428841C0F08280CA
:10DEF000DCF818300CF11802002B00F09180A3F12F
:10DF0000180CDCE90001844275EB0107CFD21F46F3
:10DF10006346B068001945F10008002B44D0CDE9F4
:10DF20000027CA46D3E9007110F10A0C48F100023B
:10DF3000674571EB020245D21A7D96F814C09445EC
:10DF400019D39A68D21941F1000112F10A0941F17D
:10DF5000000E4C4575EB0E0745D237693F1945F168
:10DF6000000CB9457EEB0C0B01D24F46F4469742AC
:10DF70007CEB010C3DD39B6923B3183BD2E7DCE972
:10DF80000001844275EB01012C4A0CD3DCF81830F7
:10DF90000CF118023BB1A3F1180CDCE9000184423A
:10DFA00075EB0101F2D21F46334643F8187F136028
:10DFB000FFF7D4FE864210D0002389F8003003B06A
:10DFC000BDE8F08FDDE900273346D14643F8187FDE
:10DFD0001360FFF7C3FE8642EED1012389F80030BB
:10DFE00003B0BDE8F08F2746AC4697427CEB010CAE
:10DFF000C1D2D146114A0423B37791680023337606
:10E000007376B376F37606F118020C4B69B1DB68D0
:10E010001A600B4B09491878CA6002F02FFACBE757
:10E020001F4676E7224628465EE79A60F1E712B976
:10E030001746024AB8E7014A1F466AE768F6032016
:10E040000C8B032010B50A4C2378FF2B0AD109480A
:10E0500002F0EAF9084B207000221A609A60DA6038
:10E060001A8210BD4FF48D719F2002F015F800BF89
:10E070000C8B0320D5DD030068F6032010B5054C9A
:10E080002078FF2800D110BD02F0E8F9FF232370AB
:10E0900010BD00BF0C8B0320034B1A8A02F1010C48
:10E0A000A3F810C0FFF7E8BE68F6032038B50446B1
:10E0B0000D46FFF753FE0346E31AB3FA83F35B09F9
:10E0C00005482B7004F1180102F096F810B10023F6
:10E0D000A377012038BD00BF68F603202DE9F04387
:10E0E0001F4E34686CB34FF000083546C6464FF0FB
:10E0F00004092346246853F8187C53F8082CD219D5
:10E1000053F8147C47F1000C82427CEB010C1AD2CC
:10E110002A6812682A6083F80690B26883F800E0E3
:10E1200083F801E083F802E083F803E07AB1F26853
:10E130001360F3604FF00108002CDAD1B8F1000F42
:10E1400007D1BDE8F0831D46002CD2D1F6E7B360BD
:10E15000EFE7044BBDE8F043187802F08FB900BF39
:10E1600068F603200C8B032070B5154EB368054686
:10E1700000F11801BBB1B368002423B913E01A6899
:10E180001C4682B113469942F9D10CB1AA692260AA
:10E19000B268914204BF1B68B360F36899420AD029
:10E1A0000023AB7770BD074802F026F80028F9D0AD
:10E1B0000023AB77F6E70023F460AB77F2E700BF0C
:10E1C00068F603206CF603202DE9F843484E3468C6
:10E1D000002C00F087804FF000080F460546B1463E
:10E1E00041464FF0040E2346246853F8180C53F8A8
:10E1F000082C121853F8140C40F1000CAA427CEBC6
:10E20000070C69D2D9F800201268C9F8002083F8F9
:10E2100006E0B268197059709970D970002A5FD001
:10E22000F2681360F3604FF00108002CDBD1B8F105
:10E23000000F03D02F4B187802F020F93368002B21
:10E2400050D053E90612A94272EB070053F8100CA4
:10E250003CBF29463A46A3F1180C0A304FF000049F
:10E260001B6844F10004091842EB04021BB92DE0BD
:10E2700016D81B6853B353E90604884274EB020EA8
:10E2800024D29CF8148013F804ECF045F0D1B3F8D4
:10E2900004E0BCF81C80AEEB080E1EF4004FE8D082
:10E2A000854277EB040E294638BF014653F8100C1F
:10E2B0003A46A3F1180C38BF22461B68091842F1F0
:10E2C00000020A3142F10002002BD4D10CF11803F4
:10E2D00073616046BDE8F8839946002C83D1A6E7B8
:10E2E000B3609FE700239C4673616046BDE8F883F6
:10E2F00068F603200C8B032010B5054C616920469D
:10E3000001F07AFF18B1606900231838636110BD0D
:10E3100068F603201C49096839B3A1F1180C9CF870
:10E32000141081421DD870B5DCE9004112F10A05D4
:10E3300043F1000EAC4271EB0E0620D2DCF8106007
:10E34000341941F10001AC4271EB0E0115D2DCF839
:10E35000181071B1A1F1180C9CF814108142F6D874
:10E36000E2E7DCF818100029D7D14FF0FF30014662
:10E3700070474FF0FF30014670BD2C467146B4F136
:10E380000A0041F1FF3170BD68F6032010B5837FAC
:10E39000022B06D0837F012B02D0837F042B1DD15B
:10E3A00010BD437D13F0020313D103210E4A817780
:10E3B0009468037600F1180143768376C3765CB1E6
:10E3C000D3681960094BD160BDE81040187802F09D
:10E3D00055B80023837710BD9160F3E74FF4FF71C8
:10E3E0009F2001F059FE00BF68F603200C8B03202C
:10E3F00070B5114D00F1180604463146284601F06B
:10E40000FBFE98B10423A377AA68002323766376E2
:10E41000A376E37642B1EB681E60084BEE60187895
:10E42000BDE8704002F02AB8AE60F6E74FF4027122
:10E430009F2001F031FE00BF68F603200C8B032003
:10E440002DE9F04F066983B0002E6ED1D0E900159A
:10E450008368077DEFF3108472B6DFF8D8C0DCF86C
:10E460000020002A52D0BCF8108013F10A0E46F1A9
:10E470000006CDE90008183AB046D2E9003611EBA3
:10E480000E0A45EB08099A4579EB060C3DD38B4201
:10E4900076EB050C27D3106910EB030C46F1000B4B
:10E4A000D4457BEB090B34BF4FF0010C4FF0000C4F
:10E4B000BCF1000F13D092F814C0BC452DD034BF6E
:10E4C0004FF0010C4FF0000CBCF1000F07D013F11E
:10E4D0000A01936846F10005591845F10005926953
:10E4E0009AB1183AC9E7906813F10A0C46F100098D
:10E4F00010EB0C0C49F10009614575EB090934BFBB
:10E500004FF0010C4FF0000CD2E7009804B962B64E
:10E51000C0E9001503B0BDE8F08FB2F81CC0019847
:10E52000ACEB000CCCF3C03CCEE740F227219F209F
:10E5300001F0B2FD68F60320024B0521186801F0D6
:10E5400035BE00BF80F60320054B586810B1C36884
:10E550000521184710B54FF41B71B02001F09CFD48
:10E5600080F603202DE9F0471646002B55D0D3E95D
:10E5700000894B4C804579EB0103A38A3CBF804660
:10E5800089466433B8EB000569EB01070022AB4212
:10E590002261BA41C4E9028916DBA36903F2A3131D
:10E5A0009D4277F1000769DA3E4AC4F82880404668
:10E5B0004946C4F82C9000F0C7FD3B4A052384F877
:10E5C00030303260BDE8F087627F237F1AB19A074E
:10E5D0001ED40022627703F0010AA36903F2A31399
:10E5E0009D4277F100072EDABAF1000FDCD0A08A45
:10E5F0002C4AB8EB000069F10001C4E90A0100F0FF
:10E60000A3FD0623284A84F830303260BDE8F08745
:10E61000236A01209847237FDBE7214C637F2BB1DE
:10E62000237F9B0702D5236A012098470025657741
:10E6300001F000F9FFF736F92B461C4A84F8303018
:10E640003260BDE8F08701F0F5F8FFF72BF9A08AFA
:10E65000A369BAF1000F01D0984215D8B8EB0300B6
:10E66000104A69F10001C4E90A0100F06DFD0223BE
:10E670000D4A84F830303260BDE8F08701F0DAF8F6
:10E68000FFF710F9A369E9E7B8EB0000054A69F163
:10E690000001C4E90A0100F057FD034A01238EE797
:10E6A00080F6032039E50300F5E70300EDE90300F8
:10E6B00002392DE9F04104292DD8DFE801F00309E2
:10E6C000292C0C00164A137F003B18BF01235377F7
:10E6D0000020BDE8F081044600F002FD00F010FECD
:10E6E0000E460746FFF770FD0D4D80466868FFF740
:10E6F0004DFE224638463146434600240026002778
:10E70000C5E902676C60FFF72DFF0220BDE8F081CC
:10E71000FFF790F9DCE740F21721B02001F0BCFCD4
:10E7200080F603202DE9F84F2E4C637FA7698046C1
:10E7300083BB94F81C9019F0010934D100F0E0FD7E
:10E7400010EB070B41F1000A05460E4658465146AC
:10E75000FFF73AFDA8B3D0E900329B457AEB0201FE
:10E760001BD30023204AA56228463146C4E902BAD9
:10E77000E662236100F0E8FCB9F1000F18D0A38A2B
:10E780001A4A9F4216D0022384F83030C8F800207D
:10E79000BDE8F88F4FF00009D0E7DD1B9B4662F122
:10E7A00000069246DDE7A38A9F4238BF1F46C5E7B1
:10E7B0000E4AE8E7012384F83030C8F80020BDE8AD
:10E7C000F88F637F2BB1237F9B0702D5236A01203B
:10E7D00098470023064A84F830306377C8F8002051
:10E7E000BDE8F88F80F6032039E50300F5E7030064
:10E7F000EDE90300023970B50546032900F2EB800C
:10E80000DFE801F006024508754B002283F831204D
:10E81000002070BD724C94F830301A1F012A40F26B
:10E820009F8000F06DFDA26A2369801A9842B8BFEC
:10E83000184694F830302061022B7FD0237FD9070F
:10E8400040F1C480607F002840F0C080236A984770
:10E850000123637794F83020022AD4E902034BD0D5
:10E86000012A70D02269323843F1FF31101841EB90
:10E87000E2715C4AC4E90A0100F066FC94F83030A9
:10E88000062B0CBF0523042384F83030C0E7544C1A
:10E8900094F83030042B0FD8022B25D8013B012BE4
:10E8A00000F28F80FFF7C6F80028B1D000F016FD07
:10E8B0002846FFF737FF15E0053B012B00F281806A
:10E8C000FFF7B8F80028A3D000F008FD00F018FD0D
:10E8D00006460C46FFF778FC2A460346214630469A
:10E8E000FFF740FE022070BDFFF7A4F800288FD08C
:10E8F000012384F831308BE7227FD2070ED5627F67
:10E9000062B9A18A374A401A63F10001C4E90A01D9
:10E9100000F01AFC032384F8303079E72169314A8A
:10E92000323843F1FF33401843EBE171C4E90A0187
:10E9300000F00AFC042384F8303069E700F072FF2D
:10E94000FEF7AAFF86E7A169264A401A63F1000193
:10E95000C4E90A0100F0F8FB022384F8303057E7DD
:10E96000042B94F8316019D0002EAFD1FFF7C4FC0E
:10E970000028ABD06060C4E90D6600F0A5FB6068BC
:10E98000022383773146C3689847D4E90201FFF731
:10E99000A5FB154B84F830602B60A3E700F052FF15
:10E9A0000028E1D100200021FFF70EFC08B1FFF79D
:10E9B0001FFD00F03FFFFEF775FF2846FFF7B2FE90
:10E9C00090E74FF4CD71B02001F066FB40F2B31137
:10E9D000B02001F061FB40F2F111B02001F05CFBCE
:10E9E00080F6032039E50300B1E60300032910B5E2
:10E9F00006D801290AD840F25D11B02001F04CFB85
:10EA00000429F8D10446FFF715F808B9002010BD15
:10EA10002046FFF787FE022010BD00BF10B5EFF3C0
:10EA2000108472B60A4B0B4A19680968914202D0E9
:10EA300004B962B610BD93F83030033B012BF7D810
:10EA400000F0F8FEFEF72EFF00F048FCF0E700BFF4
:10EA500080F60320F5E7030010B5064A064C026075
:10EA60000023206084F830302377FEF73DFF5130DB
:10EA7000A06110BDEDE9030080F6032010B5EFF3AF
:10EA8000108472B6034B0421186801F08FFB04B99F
:10EA900062B610BD80F6032008B5094B5A684AB12A
:10EAA000D3E902218018BDE80840064A41F100017F
:10EAB00000F04ABB40F27221B02001F0EDFA00BF35
:10EAC00080F6032049E5030008B5064B5B681BB1DF
:10EAD000BDE8084000F002BC4FF41E71B02001F008
:10EAE000DBFA00BF80F6032008B5054B5A680AB16F
:10EAF000586308BD40F27E21B02001F0CDFA00BF7E
:10EB000080F6032008B5054B5A680AB1986308BD22
:10EB10004FF42171B02001F0BFFA00BF80F603204E
:10EB2000044B9B6B03B1184710B540F28A21B0200B
:10EB300001F0B2FA80F60320044B5B6B03B1184777
:10EB400010B54FF42471B02001F0A6FA80F603202E
:10EB5000014B5868704700BF80F6032008B5054B8D
:10EB60005A6812B1D3E9020108BD40F29B21B020DE
:10EB700001F092FA80F60320034B187F10F0010099
:10EB800018BF988A704700BF80F60320054B1B68AA
:10EB90001BB1D3E908200421104710B5722145208C
:10EBA00001F07AFAC0F60320054B1B681BB1D3E9CC
:10EBB00008200321104710B56C21452001F06CFAA4
:10EBC000C0F603202DE9F04104460D4679B9174FF0
:10EBD0003B683BBB16483C60FFF786FF1548FFF7D4
:10EBE00091FFFFF755F8637D5B07064605D4D4E92E
:10EBF00008302946BDE8F0411847FEF703FF2036EC
:10EC0000361A7E6000F0F8FB0028FBD00A4B002289
:10EC1000C3F8A8252946C3F8AC25D4E90830BDE8D7
:10EC2000F04118478621452001F036FAC0F603204E
:10EC3000A9EB03008DEB030000F00140024B002222
:10EC40001A601A81704700BFC0F60320704700BFEA
:10EC500008B5074B1A683AB10648D0600021196020
:10EC6000BDE80840FEF776BFB921452001F014FA4F
:10EC7000C0F60320C5EB0300C0E9081220220021E2
:10EC800001F080BD30B587B04B7A00220D46059269
:10EC9000CDE900220492C3F3800282F001024FF01A
:10ECA000000162F3820104462A78287A8DF8151053
:10ECB0008DF8140069682B4802910390002A40D116
:10ECC000D5E904209DF815C01CF0040FCDE9002003
:10ECD00028D19DF815202449C3F340035B0043F07D
:10ECE000010322F0030213438DF815304B68C3F380
:10ECF00008038BB1103B5BB2002B1CDB03F16043BC
:10ED000003F5614393F800335B092BB9694620464C
:10ED1000FEF7F4FE07B030BD69462046FEF7CCFE94
:10ED200007B030BD203A01F1200140F1FF300092E0
:10ED300002910190CDE703F00F0319440B7D5B09AD
:10ED4000E3E72B690493FEF755FE9DF815305B074A
:10ED5000CDE9000104D5029A6B7A20320292B8E71D
:10ED60006B7AB6E7C5EB030000ED00E010B5037861
:10ED700086B0B3B990ED047B04464068217ACDE9B2
:10ED800002036846CDE904338DED007B8DF8141045
:10ED9000FEF78CFFDDE900230120C4E9042306B05F
:10EDA00010BD4FF4AB71452001F076F908B50A4B60
:10EDB0001B6863B15B7D5B0705D5FEF769FF2030FB
:10EDC00041F1000108BDBDE80840FEF761BF4FF406
:10EDD000EE71452001F060F9C0F6032030B50C78E3
:10EDE00087B07CBB4B7A05940C7A8DF81440C3F342
:10EDF000800E174C4D6803948EF0010ED1E904414A
:10EE00004FF0000C6EF3820C1CF0040FCDE90041B2
:10EE10008DF815C0029507D0203C05F1200541F181
:10EE2000FF310094029501919DF815400492C3F3BF
:10EE3000400363F3410469468DF81540FEF73CFE3C
:10EE400007B030BD40F21F21452001F025F900BF79
:10EE5000C5EB030070B4EFF3108672B617490D7856
:10EE6000ADB1174BD3F80445D3F848314FF6FF72D4
:10EE700094421FD0E3B147F6FE739C4218D84B680A
:10EE8000013306B962B6C0E9004370BC70470C4A52
:10EE9000D2F80445D2F8043153B14B6801334B60CA
:10EEA000C2F80451D2F80445D2F80431002BF4D151
:10EEB0004B68E6E7002BFBD11C46F9E7F8F6032088
:10EEC00000B0004010B50A4C002222742277094B92
:10EED000094801215960C3F84025C3F840214FF487
:10EEE00000221961C0F8082501F018FB206210BD4E
:10EEF000F8F603200080004000F001403749384B0D
:10EF0000F0B44D6A374C002201204A605860986086
:10EF1000C3F80843C3F84843C3F80421C3F84021A9
:10EF2000C3F84421C3F84821002D55D02E4C2F4E54
:10EF3000C4F8A8652E4AC4F8AC55C4F85C394FF43F
:10EF40000023C4F804350523C2F840351060D2F818
:10EF50004031002BFBD02448002301244FF400252E
:10EF6000C0F808555460D460C2F84031C2F840354A
:10EF7000C0F8A835C0F8AC35C0F8AC350B7833B361
:10EF800091F82840184816491A4E1B4DE30003F12A
:10EF9000804303F5F8330122A2404FF6FF774FF488
:10EFA0008024C0F80825C1F84443C1F84875C1F869
:10EFB0000443C3F81065C3F81455C0F804250F4B7B
:10EFC0004FF40062C3F88021F0BC1A607047044B14
:10EFD0000222C3F80423F2E71860CFE7F8F6032013
:10EFE00000B000400200070000F0014040810040F6
:10EFF0000080004048B1004008B0004000E100E05F
:10F000000D4B0E4A30B4012000210D4C58604FF4D6
:10F010000025C3F84015C3F840114FF48071186102
:10F02000C4F80855C2F88011C2F88010BFF34F8FA2
:10F03000BFF36F8F30BC70470080004000E100E0FC
:10F0400000F0014030B41B4A1B4C1C4D1C480023EF
:10F050000121636051609160C2F80853C2F84853BF
:10F06000C2F80431C2F84031C2F84431C2F8483124
:10F070002278C0F8A835C0F8AC3572B194F82820D1
:10F080009140D20002F1804202F5F832C2F8103508
:10F09000C2F81435C0F8081523700A4B4FF400620B
:10F0A000C3F88021C3F88020BFF34F8FBFF36F8F69
:10F0B00030BC704700B00040F8F6032002000700A3
:10F0C00000F0014000E100E0044B4FF080411A6A7B
:10F0D0000123C1F808351360704700BFF8F603201C
:10F0E00010B4144C1449154A0023C4F8A835012063
:10F0F000C4F8AC354FF0FF3448600861C1F80843EC
:10F100000F4891684FF48074C0F8804141B10D49B7
:10F110004FF48030C1F808031374C1F84031936094
:10F12000126A5DF8044B4FF080410023C1F80835A6
:10F130001360704700F0014000800040F8F60320A3
:10F1400000E100E000B00040F0B55A4CA36883B085
:10F15000002B40F09F802578A260002D5CD1564B9B
:10F16000994200F29C80430F544E554F43EAC1012F
:10F17000A6FB0132C0F34F33920B03EB014307FBB5
:10F180001233A6FB03639B0B43EA02434D4A02FB87
:10F190001300420B48F2376101FB02F2120C43F6F6
:10F1A0000957494907FB120000FB01F1490D43F6DD
:10F1B000085601EB422207FB0161B0EB512F88BFDB
:10F1C00001320026002D41D01F0C1B049D186846FB
:10F1D00047F10007FFF73EFEDDE90032053346F157
:10F1E00000064FF48031E2FB01369D4277EB0606C4
:10F1F00047D32A0C4FF6FF71ADB242EA0742002D09
:10F2000008BF0D4631494FF48030C1F84055E260E7
:10F21000C1F8040303B0F0BD2D4B994244D8430D0F
:10F22000264E274F43EAC121A6FB0132C0F34F13FC
:10F23000920B03EB014307FB1233A6FB03639B0B0B
:10F2400043EA0243234A02FB1300A2E71F0A1B06FC
:10F250009E18684647F10007FFF7FCFDDDE9003224
:10F26000053345F100054FF08071E2FB01359E4208
:10F2700077EB050505D3320E42EA072226F07F45DB
:10F28000C0E7FF232374144B4FF40062C3F800213E
:10F2900003B0F0BD40F2F921052000F0FDFE4FF46F
:10F2A0009471052000F0F8FE40F22311052000F0D3
:10F2B000F3FE00BFF8F60320FF7F841E83DE1B43AE
:10F2C000000024F40080841E6F0C010000B0004098
:10F2D0007F841E0080841E0000E100E0064B9A68D7
:10F2E0004AB106494FF48032C1F8082300221A744B
:10F2F000C1F840219A607047F8F6032000B0004042
:10F3000070B4EFF3108572B6364C207820B3364BCC
:10F31000D3F80425D3F848614FF6FF739A4252D0D0
:10F3200043F60951C2F3080301FB03F3500A01FB42
:10F3300000F003F5807300EB53200021002E45D030
:10F3400047F6FE739A4241D86368013325B3274AD2
:10F3500070BCE3FB02017047234AD2F80435D2F8AF
:10F36000041111B3636801336360C2F80401D2F879
:10F370000435D2F804110029F4D143F6095CC3F333
:10F380000802580A0CFB02F202F580730CFB00F035
:10F3900000EB532063681DB962B62278002AD6D1EB
:10F3A000134AE3FB020170BC704743F60956C3F3EE
:10F3B0000802580A06FB02F306FB00F003F580730F
:10F3C00000EB5320E6E71EB10A4800216368BDE761
:10F3D000636815B928462946DEE7044A30463146B7
:10F3E000DFE700BFF8F6032000B0004080841E0075
:10F3F0000080841E61841E0070B4EFF3108072B62A
:10F40000384A15780DB3384BD3F80455D3F8486112
:10F410004FF6FF739D4256D043F60954C5F30801D9
:10F4200004FB01F16B0A04FB03F301F5807103EBAC
:10F4300051230024002E49D047F6FE718D4245D855
:10F440005168013108B3294824E02749D1F804352F
:10F45000D1F804414CB3536801335360C1F80451EF
:10F46000D1F80435D1F80441002CF4D143F6095CFD
:10F47000C3F308010CFB01F15B0A01F580710CFB81
:10F4800003F303EB5123516818B962B610780028D2
:10F49000D9D11748E1FB0034D2E90C128B429441D8
:10F4A0002CBF0120002070BC7047C3F3080143F655
:10F4B00009555B0A05FB01F105FB03F301F58071BA
:10F4C00003EB5123DFE71EB10A4B00245168B9E773
:10F4D000516810B903460446D7E70448334634461A
:10F4E000D8E700BFF8F6032000B0004080841E007B
:10F4F0000080841E61841E00194B1A4810B5012239
:10F5000000214FF400245A60C3F84015C3F840119D
:10F510001A61C0F80845D3F8040520F00300C3F8C9
:10F520000405D3F8080540F003001021C3F80805CE
:10F5300091FAA1F1B1FA81F109290CDC0A48C3F86A
:10F5400010154FF48074DA60C0F8804104605A608E
:10F55000DA601A6010BD054840F29F3100F092FD5C
:10F560000080004000F0014000E100E098EE04005F
:10F570002DE9F047DFF888815C4E012100234FF42C
:10F58000002284B0C8F80410C8F84035C8F84031EB
:10F59000C8F81010C6F80825D8F8042522F0030290
:10F5A000C8F80425D8F8082542F00302C8F8082551
:10F5B000102292FAA2F2B2FA82F2092A00F39180A2
:10F5C000C8F810254A4A4B4FC8F80C104FF4807009
:10F5D000C2F880011060484AC8F80410C8F80C103E
:10F5E000C6F8A8253A78C6F8AC8502A8002A56D0F5
:10F5F000019306E00123C6F808A5C8F80430C8F84E
:10F600000C30FFF727FCDDE90243019D4FF4002A8F
:10F610004FF48039C6F804A5E3FB0945FFF71AFC4F
:10F62000DDE902320199E2FB0931A94208BFA34298
:10F63000E0D1013443F60952C4F3080345F1000553
:10F6400002FB03F3210EC4F34E2441EA052102FB21
:10F6500004F02D0E03F5807300EB53204C016B0179
:10F66000641A43EAD16363EB0506B201A3011B1BD5
:10F6700042EA946262EB0602D20042EA5372DB0075
:10F680005B1845EB0205E903DA03801841EA5341B0
:10F6900041F10001C7E90C0104B0BDE8F087019217
:10F6A00006E00123C6F808A5C8F80430C8F80C30F5
:10F6B000FFF7D0FBDDE90243019D4FF4002A4FF034
:10F6C0008079C6F804A5E3FB0945FFF7C3FBDDE934
:10F6D00002320199E2FB0931A94208BFA342E0D1FD
:10F6E000A7E7064840F29F3100F0CCFC00F0014053
:10F6F00000E100E0F8F6032000B1004098EE0400BD
:10F700000080004010B5029C201841F10001801AD1
:10F7100061EB0301B0F1004F71F1000100DA10BD9F
:10F7200040F2A931052000F0B7FC00BF70B4EFF340
:10F73000108572B6364C207820B3364BD3F80425AA
:10F74000D3F848614FF6FF739A4252D043F60951FD
:10F75000C2F3080301FB03F3500A01FB00F003F5B9
:10F76000807300EB53200021002E45D047F6FE7336
:10F770009A4241D86368013325B3274A70BCE3FB42
:10F7800002017047234AD2F80435D2F8041111B3AC
:10F79000636801336360C2F80401D2F80435D2F81B
:10F7A00004110029F4D143F6095CC3F30802580A96
:10F7B0000CFB02F202F580730CFB00F000EB53200F
:10F7C00063681DB962B62278002AD6D1134AE3FBDA
:10F7D000020170BC704743F60956C3F30802580A89
:10F7E00006FB02F306FB00F003F5807300EB5320E9
:10F7F000E6E71EB10A4800216368BDE7636815B9F2
:10F8000028462946DEE7044A30463146DFE700BF96
:10F81000F8F6032000B0004080841E000080841EA3
:10F8200061841E00024B0122C3F84423704700BFCD
:10F8300000B00040024B0122C3F84823704700BFCC
:10F8400000B0004008B5FEF733F830B9074A936BB3
:10F850000133312B936304D808BD044B00229A6313
:10F8600008BD40F2F531052000F016FCF8F6032043
:10F8700010B53F4C237882B0002B55D03D4BD3F8C8
:10F88000042352035BD43B4BE168D3F80423D00339
:10F8900034D5D3F84031002B30D0636899425DD81D
:10F8A00000232374334AA168C2F840314FF48030FA
:10F8B000C2F80803002955D0A36088472D4BA169E1
:10F8C000D3F80423920324D5D3F844310BB36368EF
:10F8D0008B423FD300222277264B6169C3F8442133
:10F8E0004FF40030C3F8080300293BD08847214B70
:10F8F000D3F840310193019B02B010BD6268237CB4
:10F90000002BCDD19142D9D91A4B0022C3F8402106
:10F91000D4E76268237F002BDCD18A42E7D2154B03
:10F920000022C3F84421E2E7124AD2F80411002968
:10F93000A9D0C2F80431636801336360A3E7D3F848
:10F940004821002A9FD00022C3F848216368013370
:10F95000636098E7237F002BE1D0BBE7237C002B7B
:10F96000D2D09DE740F23741052000F095FB00BF63
:10F97000F8F6032000B00040034610B3007888B9C1
:10F980001A79012A1ED85A79012A1BD89A680E4979
:10F99000643A8A4216D8D8680C4B98422CBF002093
:10F9A0000120704701280CD11A79012A09D85A7907
:10F9B000012A06D8DA680449643A8A4201D898686C
:10F9C000EAE70020704700BF3C8601000040420F7C
:10F9D00008B500230B8581F82A300B6A0921984766
:10F9E00028B103781BB1E9216A2000F055FB08BD5E
:10F9F000436A19444162A1F15000FDF7FDBFD4D420
:10FA000070B50446FDF7F6FFD4E90632656A503357
:10FA100042F100025B1942F1000205F5DF6540F298
:10FA2000F966B5FBF6F55B1942F1000283428A41A3
:10FA30000ED294F82A30052B03D0B3216A2000F0AF
:10FA40002BFB0A21236A94F858009847B621F5E762
:10FA5000044C236813B1984700232360BDE870402D
:10FA6000FFF7F6B834F7032070B504460D4639B9F0
:10FA7000012380F85930FFF7C3FF0226304670BDDE
:10FA80000E78032E70D801A353F826F07BFA0300FA
:10FA90009DFA030007FB0300BFFA03004868C7286C
:10FAA00001D80026EAE70421FEF7C2F80028F8D0C2
:10FAB000FDF7A6FF69682046FFF79AFFDEE790F89A
:10FAC000286006BB4D682846FFF756FF00284BD03C
:10FAD0002B78D3B9012121702B796A79003B18BFAB
:10FAE0000123002A14BF042202222272AA6843F0D2
:10FAF00004036F326260EA6863720323226184F850
:10FB00002A3084F829102046B5E794F82A30052BCE
:10FB100004D040F293116A2000F0BEFA26702B79CF
:10FB20006A79003B18BF0123002A14BF0422022275
:10FB30002272EA6843F004036F3263726260D4E9B0
:10FB40000632A9685B1842EBE172C4E9043204236F
:10FB500084F82A30214604F13000FFF793F800289A
:10FB6000D1D140F29511D6E7012384F85930CAE784
:10FB7000F8B5044620B940F2AD116A2000F08CFAC5
:10FB800090F85850052900F2CA80DFE801F003839D
:10FB90004668727C90F82A30033B012B02D94FF45F
:10FBA000DC71EAE7052380F82A30002380F8593019
:10FBB0000378EBB12378012B27D1FFF7F7F894F8FE
:10FBC000286063686362C4E906010EBBFDF720FF8D
:10FBD00031462046FFF70CFF236A314628469847F6
:10FBE00001462046FFF740FF022840F09B80F8BD09
:10FBF000FDF700FF06460F46FFF7D8F81F3647F11E
:10FC0000000786428F41F3D3D4E7D4E90401D6E755
:10FC10002046BDE8F840FFF7F3BE90F82A30DA1E20
:10FC2000012A02D940F2ED11A7E790F828202AB165
:10FC300021462846BDE8F840FFF7CABE042B18BF8E
:10FC4000012180F82A10036A0521284698470028D8
:10FC5000CDD00378002BCAD04FF400718DE790F817
:10FC60002A30052B02D040F2062186E7036A0221E2
:10FC7000B4E790F82A30052B02D04FF403717CE7EB
:10FC8000036A0121AAE790F82A30052BC0D040F280
:10FC9000122172E790F82A30052B07D090F829201E
:10FCA0000AB1032B02D040F2172166E794F828200E
:10FCB000002ABDD194F8593083B1022384F82A3048
:10FCC00084F85920236A08212846984700288ED0B6
:10FCD0000378002B8BD040F223214EE794F82920A3
:10FCE00062B184F82930214604F13000FEF7CAFFE2
:10FCF00000287FF47CAF4FF40A713EE7022384F8BA
:10FD00002A300721236A2846984700283FF46FAF1E
:10FD10000378002B3FF46BAF40F22F212DE74FF417
:10FD20000D712AE70128236A0CBF0421032155E73E
:10FD300070B500F0EDF8002405462646E0B2854295
:10FD400000D870BD00F0EAF80134068580F82A601A
:10FD5000F4E7F8B504460D4600F0DAF80027064649
:10FD6000F8B2864204D8082D0CD96FF0150008E0CF
:10FD700000F0D4F890F82A300137002BF0D04FF083
:10FD8000FF30F8BD2CB129462046BDE8F84000F010
:10FD9000D1B821462046F8E72DE9F84388460746C2
:10FDA00058B300F0B5F84FF0000904465FFA89F641
:10FDB000B44203D86FF00B00BDE8F883304600F082
:10FDC000ADF890F82A5009F10109002DEED1304626
:10FDD00000F0A4F80A490585044680F82A5080F806
:10FDE000586002463030FEF747FF0123276284F84F
:10FDF0002A30284688F80060DEE76FF01500DBE760
:10FE000071FB030010B5044600F088F8014688B184
:10FE100090F828308BB990F82A3073B1013B012B50
:10FE200004D82046FFF7D4FD002010BD012380F840
:10FE30002830F9E76FF00100F7E76FF02200F4E7F0
:10FE400070B50D4600F06AF8044600284CD090F8D2
:10FE50002A60731E012B4DD8002D48D02846FFF78D
:10FE60008BFD002843D02B780BBB012323702B790B
:10FE70006A79003B18BF0123002A14BF0422022222
:10FE80002272AA686F3243F004036260EA6822615A
:10FE90006372032384F82A30214604F13000FEF710
:10FEA000F1FE50BB40F2C1216A2000F0F5F8022EAD
:10FEB00020D1002323702B796A79003B18BF0123DE
:10FEC000002A18BF04262672EA6843F004036F3242
:10FED00063726260D4E90632A9685B1842EBE17292
:10FEE000C4E904320423D5E76FF0010070BD6FF060
:10FEF0001500FBE76FF02200F8E70020F6E7D4D406
:10FF0000024B00221A601A71704700BF38F70320B5
:10FF1000014B1879704700BF38F70320044B1A795A
:10FF2000824283BF1B68602202FB003000207047C2
:10FF300038F703200A4610F0030110B50AD1074C28
:10FF40002271206008B9002010BD60235A4300F0E0
:10FF500019FCF8E76FF00D00F6E700BF38F7032053
:10FF6000BFF34F8F0549064BCA6802F4E0621343A2
:10FF7000CB60BFF34F8F00BFFDE700BF00ED00E097
:10FF80000400FA05094B01225A604FF0FF32C3F812
:10FF90000823074B4FF48042C3F88020BFF34F8FF4
:10FFA000BFF36F8FC3F88021704700BF00E00040AF
:10FFB00000E100E0094B01225A604FF0FF32C3F824
:10FFC0000823074B4FF48052C3F88020BFF34F8FB4
:10FFD000BFF36F8FC3F88021704700BF00C000409F
:10FFE00000E100E0084B0022C3F8FC2F0122C3F817
:10FFF000FC2F064B0222C3F88020BFF34F8FBFF3C4
:020000024000BC
:100000006F8FC3F8802170470010004000E100E0CE
:1000100038B5184C237863B3FDF7E0FCEFF3108597
:1000200072B600236360FEF711FEFDF7ADFCFFF72B
:10003000D9FFFFF7BFFFFFF7A5FF94F90830002BAA
:100040000DDB5A09012103F01F03994002F120033F
:10005000094A42F82310BFF34F8FBFF36F8FFFF7AA
:100060004FFF064B064AC3F8082505B962B60023C0
:10007000237038BD40F7032000E100E000F00140AC
:10008000000008C008B572B6024B5B6803B1984720
:10009000FFF766FF40F703201FB572B6134B5D688C
:1000A00095B9FFF75DFF2346B2FBF6F25C1C002A10
:1000B000F9D104AEDCB256FA83F303F80C2C0A2211
:1000C00034B901A8A847ECE7024600230A26EDE769
:1000D000631E04AEDCB256FA83F3B0FBF2F602FB09
:1000E0001600303003F80C0C3046E9E740F70320E7
:1000F000F8B51F4E337805460C461746A3BB00F0F3
:1001000001FAFDF723F877603472FFF76BFFFFF712
:1001100051FFFFF737FF174B002D14BF2846184635
:10012000FDF7FAFB0546E8B9FEF788FDFDF7E6FBAB
:10013000FFF7FEFDFDF740FC18B9B8211120FFF7CD
:10014000ABFF002C0CDB04F01F026409A40004F1D7
:10015000604404F5614401239340C4F88031236076
:10016000012333702846F8BD4FF0FF35FAE700BF92
:1001700040F703208EEE0400074B93F90830002B64
:1001800009DB5A09012103F01F03994002F14003E2
:10019000024A42F82310704740F7032000E100E0D4
:1001A000014B1878704700BF40F70320F8B503797A
:1001B00004461BB11B219D20FFF76EFF467901719C
:1001C00026B901234371217909B96171F8BD276806
:1001D00026712046B84702280546F4D1032120465F
:1001E000B84708B12F21E6E72368294620469847FB
:1001F0000028E8D03021DEE70346006800B97047E8
:100200008842F9D102681A607047D4D4F0B5284DFD
:10021000284C294F83B02E780136F6B2D5E84F3FEF
:100220000133DBB2C5E8423F002AF7D10123636006
:10023000C4F80021C4F80421EFF3108272B6C4F8A8
:100240000405236052B962B608E0D4F804314BB912
:100250002B789E4206D13B69DB0613D4D4F80031DB
:10026000002BF2D0D4F80431002BD4D12A78B2423A
:10027000D1D10322C4F80031C4F80431C4F80823F2
:1002800003B0F0BD0D4B03214FF48042C4F80413BA
:10029000C3F88021D4F80031002BDFD1D4F8043129
:1002A000002BDBD1019000F081F90198D6E700BF67
:1002B00049F7032000E0004000ED00E000E100E02D
:1002C00070B51446DA078CB01D4686468C4633D589
:1002D000C36842681BBA0093CB681BBA0493836857
:1002E0001BBA019303681BBA03938B6812BA1BBA3B
:1002F000029205934A680B6812BA1BBA6E460692C0
:1003000007933046FFF782FFAB070DD5DDE90A10F2
:10031000DDE9083200BA09BA12BA1BBA206061607E
:10032000A260E3600CB070BD08AD0FCD20606160CD
:10033000A260E3600CB070BDDEF80410DEF80820A7
:10034000DEF80C300068EE46AEE80F00DCF8000086
:10035000DCF80410DCF80820DCF80C306E46AEE85F
:100360000F00CEE710B5002482B0CDE90044FFF7BE
:10037000A7FF02B010BD00BF1A4B4FF4805270B5FA
:10038000C3F88020BFF34F8FBFF36F8F164C174D0C
:100390000021C4F80011C3F880212E692B6943F0B5
:1003A00010032B610123C4F8043306F01006236008
:1003B000D4F800319BB11EB92B6923F010032B61D7
:1003C0000123D4F808056360C4F808330023C4F897
:1003D0000031044B4FF48052C3F8802170BD00F00F
:1003E000E5F8E5E700E100E000C0004000ED00E0D6
:1003F0000346002018707047EFF3108272B603783E
:100400000121DBB2017002B962B6012B0CBF6FF0A3
:10041000220000207047EFF3108372B600220270B2
:1004200003B962B6002070470B4938B5042301EBCD
:10043000C302157905F0FF042DB1013BF7D240212D
:100440006920FFF729FE41F83300012154719471AE
:100450001171D8B238BD00BF4CF70320042808B58D
:1004600003D947216920FFF717FE034B03EBC003B5
:1004700000221A7108BD00BF4CF70320042808B5FC
:1004800003D950216920FFF707FE094B03EBC00099
:100490000379012B01D05121F4E7437982790133AB
:1004A000DBB29A4218BF4371BDE80840FFF764BE53
:1004B0004CF7032038B5114D052495F8281005EBAD
:1004C000C1031A79012A09D158799A79904205D045
:1004D0005A79D2B29A7155F83130984795F8283048
:1004E0000133DBB2052B04F1FF3428BF002314F0E5
:1004F000FF0485F82830E0D138BD00BF4CF7032059
:10050000FFF7D8BF4FF08052034BD2F8301119607B
:10051000D2F834215A60704778F70320084B1B68E3
:10052000083B082B0AD840F2211222FA03F313F0F9
:10053000010F044B044818BF184670470248704723
:1005400078F7032000E701400C050040144B1B68BE
:10055000062B03D0013301D020BF7047EFF310808A
:1005600072B6104A1369116941F0100111610E4908
:10057000D1F80021D1F804110A4303F0100300D090
:1005800040BF20BF00BF00BF00BF00BF23B9054A66
:10059000136923F01003136100B962B6704700BFFE
:1005A00078F7032000ED00E000E100E0FFF7CEBFA8
:1005B000FFF7CCBF914270B53FD2B2FA82F33BB1A4
:1005C000C3F1200420FA04F49940214398409A4052
:1005D000150CB1FBF5FC05FB1C1E4FEA0E4E030C7F
:1005E00084B20EEB10401FFA82FE0CFB0EF6864220
:1005F00006D9361A964294BF01260226ACEB060CA9
:1006000003EB01430CFB1233B3FBF5F005FB103396
:1006100004EB034400FB0EFEA6454FEA0C4C09D93F
:10062000AEEB040E964594BF4FF0010E4FF0020E54
:10063000A0EB0E0040EA0C0070BD73219620FFF77E
:100640002BFD00BF70B51D4604461646FFF7B2FFEE
:10065000049B286000FB16441C6070BD2DE9F84324
:100660001C4652EA040349D0074615460E4684B993
:10067000914204D2FFF79EFF2146BDE8F883214650
:100680003046FFF797FF04462A46384604FB1561BB
:10069000F0E74FF00108B4FA84F908FA09F3A3FB74
:1006A000021220FA08F003FB042240EAC67026FA80
:1006B00008F1FFF77FFFC9F11F0230FA02F34FF094
:1006C000000C08D140461946AF42A6413CBF18462F
:1006D0006146BDE8F8835A1E61466CEB0C0C05FBC5
:1006E0000CFE02FB04EE18461346A5FB0228BA1ABC
:1006F0000EEB080766EB07061746E5E7A6219620EE
:10070000FFF7CAFC431A934228D382B370B5541E34
:10071000052C2DD95C1E022C84460B4628D922F0CC
:10072000030596084C1953F804EB4CF804EBA3426C
:10073000F9D1AA4200EB050CA2EB05040DD011F88B
:10074000262000F82620012C07D05A788CF80120AA
:10075000022C02D09B788CF8023070BD8B180244BA
:1007600013F801CD02F801CD9942F9D170477047D5
:1007700001390244034611F8014F03F8014B93423B
:10078000F9D170BD10F0030FC9B2034607D0BAB358
:1007900003F8011B13F0030F02F1FF32F7D170B51C
:1007A000032A01EB012404EB04441ED9161FB508EB
:1007B000032E05F1010521D94FEA550E03EBCE0EAC
:1007C0009C46CCE900440CF1080CF445F9D115F035
:1007D000010F04D025F0010503EB85052C6026F000
:1007E00003060433334402F0030232B1012A1970C4
:1007F00003D0022A597018BF997070BD1D46EDE7ED
:10080000704700BF10F0030FC9B2034607D0CAB348
:1008100003F8011B13F0030F02F1FF32F7D170B59B
:10082000032A01EB012404EB044420D9161FB50868
:10083000032E05F1010523D94FEA550E03EBCE0E29
:100840009C46CCE900440CF1080CE645F9D115F0C2
:10085000010F06D025F00105C5EB8575A3EB8505D5
:100860002C6026F00306043302F00302334432B155
:10087000012A197003D0022A597018BF997070BDEF
:100880001D46EDE7704700BF844641EA000313F0C0
:1008900003037DD1403A51D3F0B4F0C9F0C0F0C9A0
:1008A000F0C0F0C9F0C0F0C9F0C0403AF5D2F0BCD9
:1008B00044E0403A42D300BF51F8043B40F8043BC7
:1008C00051F8043B40F8043B51F8043B40F8043B2A
:1008D00051F8043B40F8043B51F8043B40F8043B1A
:1008E00051F8043B40F8043B51F8043B40F8043B0A
:1008F00051F8043B40F8043B51F8043B40F8043BFA
:1009000051F8043B40F8043B51F8043B40F8043BE9
:1009100051F8043B40F8043B51F8043B40F8043BD9
:1009200051F8043B40F8043B51F8043B40F8043BC9
:1009300051F8043B40F8043B403ABDD2303211D369
:1009400051F8043B40F8043B51F8043B40F8043BA9
:1009500051F8043B40F8043B51F8043B40F8043B99
:10096000103AEDD20C3205D351F8043B40F8043B69
:10097000043AF9D2043208D0D2071CBF11F8013B67
:1009800000F8013B01D30B8803806046704700BF2D
:10099000082A14D38B078CD010F0030389D0C3F13D
:1009A0000403D21ADB071CBF11F8013B00F8013B1E
:1009B000FFF47FAF31F8023B20F8023B79E7043ABD
:1009C000D8D3013A11F8013B00F8013BF9D20B787A
:1009D00003704B7843708B7883706046704700BF1C
:1009E000014B1B681B681847108B0320014B1B68C9
:1009F0005B681847108B0320014B1B689B681847E6
:100A0000108B0320014B1B681B691847108B0320B8
:100A1000034B1868034BC01A18BF0120704700BF72
:100A2000108B0320480A040000280CBF6FF015004B
:100A30000020704700207047072303700020704794
:100A40000020704700207047290A0400350A04007E
:100A5000390A0400410A0400450A0400014B1B68DE
:100A60001B681847188B0320014B1B685B681847ED
:100A7000188B0320014B1B689B681847188B0320B9
:100A8000014B1B681B691847188B0320014B1B681F
:100A90005B691847188B0320014B1B689B6918473B
:100AA000188B0320014B1B68DB691847188B032048
:100AB000014B1B689B6A1847188B032030B4044C09
:100AC0009DF8085024680295E468A44630BC60474D
:100AD000188B0320014B1878704700BFF4F70320F0
:100AE000801A00F3070038B540B20D4659B21446DB
:100AF000FCF71CFB002328706B70204440B238BD0B
:100B000010B500220C49134640FA02F4E40744BF32
:100B1000CA545C1C02F1010248BFE3B2042AF3D1BB
:100B2000054AFF24D118032B01D9107110BD0133E0
:100B300001F8014BDBB2F6E700F803200023036065
:100B400070477047002070474FF0FF3070474FF0FC
:100B5000FF30704770474FF0FF30704700207047FC
:100B6000002070470023037070479DF8003000227A
:100B7000FFF7B6BF4FF0FF307047002070474FF0CF
:100B8000FF3070474FF0FF30704770473D0B040057
:100B9000430B0400450B04006B0B0400490B0400DD
:100BA000750B04004F0B04007F0B0400550B040071
:100BB0008B0B0400610B0400650B0400570B040051
:100BC0005D0B04007B0B0400850B04002DE9F04F46
:100BD000ADF2CC4D136800AFDB4303F0010807F121
:100BE000080A78608B4650461146424601F01AFCCE
:100BF0006B494FF4806207F1C80002F0FFFA4FF032
:100C00001F0909F101056E0907F10803F21C05F03F
:100C10001F0553F82240721DEC4053F82220EA4091
:100C20006400920002F0040204F002041443721CF7
:100C3000B9F11F0F53F8222022FA05F202F0010247
:100C400044EA020476D107F5996303EB8414A4F512
:100C500000740FCC07F1680CACE80F000FCCACE8C7
:100C60000F000FCCACE80F0094E80F008CE80F00E9
:100C7000DFF830C1BCE80F0007F1A8040FC49CE8FE
:100C80000F0084E80F00B31D5AF8233023FA05FC47
:100C9000B31C0CF0010C5AF82340331DEC405AF8F9
:100CA0002330EB4064009B0003F0040304F00204D3
:100CB0001C435AF82630EB4003F001030CF1FF3CD3
:100CC0001C4384EA0C0407F5996304F0070403EB62
:100CD0008414A4F580640FCC07F128050FC50FCC50
:100CE0000FC50FCC0FC594E80F0085E80F0007F182
:100CF00048010CF00102084601F096FB0123002296
:100D000007F1280107F1680001F009FAB9F10109BA
:100D1000BFF477AF786807F16802594601F00BF924
:100D200042465946584601F07FFB07F2CC47BD4684
:100D3000BDE8F08F07F16801084601F024F97B6AED
:100D400023FA05FE0EF0010E0EF1FF3E84EA0E04BA
:100D500007F5996304F0070403EB8414A4F5007409
:100D60000FCC07F1280CACE80F000FCCACE80F005B
:100D70000FCCACE80F0094E80F008CE80F0007F1EF
:100D800048010EF00102084601F04EFB012300224B
:100D900007F1280107F1680001F0C1F973E700BF0E
:100DA000C0EE0400C0F204002DE9F04FADF22C4D6E
:100DB00000AF8946D7F8501478600C68E44307F117
:100DC000080804F001044046924622461D4601F000
:100DD00029FB98F8003007F1280603F00F03337061
:100DE00030460122D31002F0070158F8233090F862
:100DF00000C08900CB4003F00F03D943090101F083
:100E00001001ACEB010100F8011B013243F00103BA
:100E1000402A0370E6D107F594785246C4460AF199
:100E2000200E10685168634603C3083272459C4621
:100E3000F7D12B4603F1200C07F5A4751868596803
:100E40002A4603C2083363451546F7D1DFF8F4C0DC
:100E5000BCE80F0007F5B4750FC59CE80F0085E8E6
:100E60000F00414607F5727001F08DF845464FF0CE
:100E7000010AAB466035602207F57271284602F020
:100E8000BDF900231A46594628460AF1010A01F025
:100E900046F9BAF1080FECD196F93F3023F0010181
:100EA00001EB630108EB4111602207F1680002F0D9
:100EB000A5F94FF03E084FF0600A042507F16801DC
:100EC000084601F060F8013DF8D116F908B04FEA84
:100ED000DB72C2EB021282F00F01CBF10000104076
:100EE00001EA0B01014307F5856349080AFB01315B
:100EF0006022A1F5407107F1C80002F07FF907F107
:100F0000E80108464FEADB7201F08EFA2B462A46CA
:100F100007F1C80107F1680001F001F9B8F1010813
:100F2000CBD2786807F16802494601F004F82246FE
:100F30004946484601F078FA07F22C47BD46BDE81D
:100F4000F08F00BFC0F204002DE9F04383B002AF80
:100F5000054618463C6A0E469146984600F0A1FCAC
:100F600028B9002420460437BD46BDE8F08320465A
:100F700000F097FC0028F4D04146284600F072FCAF
:100F80002146304600F06EFC3146284600F032FF24
:100F900004460028E5D0CDF8009033462A46314675
:100FA0002846FFF701FFDDE7F0B5002355088C1850
:100FB00000AF02449D4200D1F0BD11F803C014F807
:100FC000016D02F801CDC6540133F3E72DE9F0417C
:100FD000054600AF10460C46904600F0C7FE064698
:100FE00060B1424621462846FFF7F0FD29462846D3
:100FF00000F044FC2146204600F040FC3046BDE8AD
:10100000F08180B400AFBD4680BCFFF7DFBFB0B554
:1010100092B002AF00930546134638460A4607F1E0
:101020002001FFF791FF044640B13946384600F0F1
:1010300025FC202239462846FFF7B6FF20464037D8
:10104000BD46B0BDB0B5042300AF0446154600F858
:10105000013B2022FFF7A8FF2022294604F12100AE
:10106000BD46BDE8B040FFF79FBF2DE9F041202B02
:1010700090B0064600AF0C461546984601D80020B1
:101080002FE02022691CFFF78FFF00F00AFC0028E8
:10109000F5D02A78042A02D05308032B25D1B8F1C1
:1010A000410FECD1202205F121012046FFF77CFF02
:1010B00000F0F7FBA8B12B785A08032A03D1226865
:1010C0005340DB07DBD43146384600F0CBFB2146EA
:1010D00007F1200000F0C6FB07F12001384600F0C0
:1010E00089FE4037BD46BDE8F081012BC7D1B8F17C
:1010F000210FC4D102F00102314620464037BD46DF
:10110000BDE8F04100F0C2BE2DE9F04F044615469F
:101110000E46482100F02CF895E8075F092720CEFD
:10112000C0B4002394E8C000E5FB6063E5FB617395
:10113000C0C494E8C000E5FB6263E5FB6873C0C40B
:1011400094E8C000E5FB6963E5FB6A73C0C494E8FA
:10115000C000E5FB6B63E5FB6C73C0C42668E5FB70
:101160006E3648C4243CC0BC013FD8D1BDE8F08FE6
:10117000002200230CC00839FCD1704700B502EEF4
:10118000102A91EC084A3CCA5AEC140AA2FB0061EE
:10119000A3FB007CE2FB6A7147EC106AA4FB0086AB
:1011A000E3FB6A81A5FB0097E4FB6A91E5FB6A1704
:1011B00050EC15EAE2FB6E8CE3FB6E9CE4FB6E1CCC
:1011C000E5FB6EC7E2FB6096E3FB6016E4FB60C6DE
:1011D000E5FB606749EC118A5EEC16AA4FF0000946
:1011E000E2FB6A19E3FB6AC9E4FB6A69E5FB6A7919
:1011F0004FF0000AE2FB6ECAE3FB6E6AE4FB6E7A14
:10120000E5FB6E9A17EE108A4FF0000EE2FB68E6DF
:10121000E3FB6876E4FB6896E5FB68A617EE908A28
:101220004FF0000BE2FB687BE3FB689BE4FB68ABE1
:10123000E5FB686B12EE102A10323CCA14EE108ADD
:101240000020E2FB681002EE101AE3FB68C0E4FB2A
:1012500068E0E5FB680714EE908A0021E2FB68C1B4
:1012600002EE90CAE3FB68E1E4FB6801E5FB681766
:1012700015EE108A4FF0000CE2FB68EC03EE10EA6A
:10128000E3FB680CE4FB681CE5FB68AC15EE908A98
:101290004FF0000EE2FB680E03EE900AE3FB681EBF
:1012A000E4FB68AEE5FB686E58EC160AE2FB6019D9
:1012B00004EE101AE3FB609AE4FB60A6E5FB60B65F
:1012C000E2FB6897E3FB68A7E4FB68B7E5FB6867A8
:1012D00058EC170AE2FB60ACE3FB60BCE4FB606C1B
:1012E000E5FB607CE2FB68BEE3FB68E6E4FB686765
:1012F000E5FB687C47EC366A07EE90CA51EC100AB1
:1013000053EC112A55EC124A57EC136A14EE108A6A
:101310004FF0000C1B184C41554146414F4158EBD2
:10132000000859EB01095AF1000A5BF1000B5CF16E
:10133000000CF618674158EB020859EB03095AEB09
:10134000020A5BEB030B5CF1000C3F1A78EB01081F
:1013500079EB02097AEB030A7BF1000B7CF1000CBC
:1013600052EC361A17EE903A1EEB0C0051F10001C8
:101370004FF0000C5CF1000C58EB050859EB060926
:101380005AEB040A5BEB050B6041694152EB0C021E
:1013900053F100034FF0000C5CF1000C5AEB070A0C
:1013A0005BF1000B7041794172417B415CF1000CB3
:1013B000BBEB040BA841B141BA4173F100037CF1CE
:1013C000000CB8F1FF3879F1FF397AF1FF3A7BF17F
:1013D000000B70F1000471F1000572F1010673F168
:1013E000FF376CF1000C18EB0C0059EB0C015AEBB9
:1013F0000C025BF1000354F1000455F1000556EBBB
:10140000DC7657EB0C0700BD00B5A0FB009AA0FBF3
:1014100001BC1BEB0B0B4FF0000EEEFB6EAB4AEC6E
:10142000109A4FF00008E0FB628C58EB0808E1FBD3
:10143000618BA0FB039AE1FB629C59EB0909EEFB6F
:101440006E9B49EC118A4FF00009E0FB649AE1FBC6
:10145000639C59EB0909E2FB629B02EE109AA0FB28
:101460000598E1FB649AE2FB639C59EB0909EEFBEA
:101470006E9B02EE909A4FF00009E1FB6598E2FB4B
:10148000649CE0FB669A59EB0909E3FB639B03EE5E
:10149000109AA0FB0709E1FB660AE2FB650CE3FB7F
:1014A00064084041EEFB6E0BE1FB6798E2FB669A35
:1014B000E3FB65C95CEB0C0CE4FB64BCE2FB6798E6
:1014C000E3FB66A90022E4FB65A25AEB0A0AEEFBE5
:1014D0006ECAE3FB6728E4FB669259EB0909E5FB5A
:1014E00065A90023E4FB6738E5FB66325B41EEFB50
:1014F0006E93E5FB678258EB0808E6FB6638AEFBA7
:101500000E45E6FB67426441EEFB6E485241E7FB45
:10151000678252EB0E0248EC364A07EE902A52ECF4
:10152000101A57EC118A55EC126A13EE104A4F410B
:10153000564155EB08054C4150415BEB010B5CEB10
:10154000020C5AF1000A59F100095EF1000EE4198B
:1015500070415BEB080B5CEB070C5AEB080A59EB8C
:1015600007095EF1000E401A7BEB020B7CEB080CC6
:101570007AEB070A79F100097EF1000E58EC367A11
:1015800017EE902A13EB0E0157F100074FF0000EF3
:101590005EF1000E5BEB050B5CEB040C5AEB060AEC
:1015A00059EB050971416F4158EB0E0852F10002E9
:1015B0004FF0000E5EF1000E5AEB000A59F10009DF
:1015C0006141474158EB040842415EF1000EB9EB1E
:1015D0000609A941A74178EB000872F100027EF1EB
:1015E000000EBBF1FF307CF1FF3C7AF1FF3479F162
:1015F000000971F1000677F1000578F1010A72F136
:10160000FF387EF10007C0195CEB070154EB0702BD
:1016100059F1000356F1000455F100055AEBD77655
:1016200058EB070700BD91E8F807B2E803181B1A4A
:101630008C4175EB0B0576EB0C0692E8031887419D
:1016400078EB010879EB0B097AEB0C0A7BEB0B0BBF
:1016500013EB0B0054EB0B0155EB0B0256F100039F
:1016600057F1000458F1000559EBDB765AEB0B07F4
:10167000704792E8FC03B1E8011C121853EB0A030F
:1016800054EB0B0455EB0C0591E8031846414F4110
:1016900058EB0B0859EB0C095FF0000A5AEB0A0AE9
:1016A000B2F1FF3273F1FF3374F1FF3475F10005CD
:1016B00076F1000677F1000778F1010879F1FF393A
:1016C0007AF1000A12EB0A0053EB0A0154EB0A020A
:1016D00055F1000356F1000457F1000558EBDA7696
:1016E00059EB0A0770472DE90041FFF78DFEDDF841
:1016F0000080B8F10108CDF80080F6D1BDE8008186
:101700002DE90042FFF7EFFFFFB46946089AFFF7A3
:1017100035FD09B000BD2DE9FF414FF00108E94654
:10172000FFF7EEFFFFB4FFF76FFEFFF76DFEFFB4AC
:10173000694608AAFFF722FD0DF1200888E8FF009E
:101740004FF004080DF12009FFF7DAFFFFB44FF066
:101750000808E946FFF7D4FFFFB44FF01008E94648
:10176000FFF7CEFFFFB44FF020080DF1A009FFF7FF
:10177000C7FFDDF8C080B8F1000F28D14FF0800816
:10178000E946FFF7BDFF4FF02008E946FFF7B8FF35
:101790004FF010080DF12009FFF7B2FF4FF00808D5
:1017A0000DF14009FFF7ACFF4FF004080DF180097F
:1017B000FFF7A6FF4FF004080DF16009FFF7A0FF47
:1017C0008DE8FF00694628AAFFF7D8FC09E04FF032
:1017D00060080DF1A009FFF793FF4FF05E08FFF7D7
:1017E00082FF31B000BD0018494152415B41644164
:1017F0006D4176417F414FF0000858EB0808B0F189
:10180000FF3071F1FF3172F1FF3273F1000374F1B7
:10181000000475F1000576F1010677F1FF3778F1E4
:10182000000810EB080051EB080152EB080253F1DD
:10183000000354F1000455F1000556EBD87657EB40
:10184000080770470300000000000000FFFFFFFFD3
:10185000FBFFFFFFFEFFFFFFFFFFFFFFFDFFFFFF9F
:10186000040000002DE9F14FAFF22802FFF786FCDB
:101870005DF8048B88E8FF00BDE8F08F2DE9F14F9B
:10188000002200230CB40CB40CB401220CB46A4640
:10189000FFF774FC08B05DF8048B88E8FF00BDE832
:1018A000F08F2DE9F04190E8FE015FF0FF30091A5A
:1018B0008241834174F1000475F1000576F1000660
:1018C00077F1010778EB00088041C00FBDE8F08197
:1018D000FE9BDFEE85FD2F01216C1ADF52051943B7
:1018E000FFFFFFFFFEFFFFFFFFFFFFFF0000000005
:1018F0000100000000B50FF2504A9AE8005CB0EB1E
:101900000A0071EB0B0172EB0C0273EB0E0374F126
:10191000FF3475F1FF3576F1000677F1FF3778F186
:10192000000869EB09090AEA090A0BEA090B0CEA43
:10193000090C0EEA090E10EB0A0051EB0B0152EBF9
:101940000C0253EB0E0354EB090455EB090556F159
:10195000000657EB090758F1000800BD2DE9F14FCB
:101960009BB08A4609A81C31AFF29C02FFF7CCFB62
:10197000684612A9F4A2FFF7C7FB9AE8FF01BDE889
:10198000001EB0EB090071EB0A0172EB0B0273EB66
:101990000C03BDE8005E74EB090475EB0A0576EBF9
:1019A0000B0677EB0C0778EB0E08FFF7A3FFFFF7AA
:1019B000A1FF12B05DF8049B89E8FF00BDE8F08F3D
:1019C0002DE9F14FFFC94FF00008FFF793FF5DF8D5
:1019D000048B88E8FF00BDE8F08F2DE9F14F8C46BD
:1019E00092E8F00FBCE80F000019694172417B4199
:1019F0009CE8F00054EB080455EB090556EB0A0689
:101A000057EB0B075FF0000858EB0808FFF772FF71
:101A1000FFF770FF5DF8048B88E8FF00BDE8F08FEA
:101A200000232DE9F847044691E8EA072DE9EA0783
:101A3000002102B492E8EA072DE9EA0792B068466D
:101A400012A91BAAFFF760FB20466946FFF786FF35
:101A500024B0BDE8F0872DE9F841012400250026D7
:101A600001274FF01F0E431E4FEAC27C2CEA0303EE
:101A7000DB174FEAD3785840C01A01FB03FC9943A7
:101A8000E2FB081CE2FB632C04FB03FC9C43E6FB2B
:101A9000084CE6FB636C05FB03FC9D43E7FB085C1D
:101AA000E7FB637C12F0010C01300CFB01F3D21850
:101AB0005208ECFB0468ECFB057824196D19BEF1A3
:101AC000010ED0D108BCF0C3BDE8F0812DE9F04F84
:101AD00000EA4004E4176040001B01EA4105ED17ED
:101AE0006940491B40CA576A74407D406C4020C31E
:101AF0000EB4B2E8EA0F614063406540664067405B
:101B000088EA040889EA04098AEA040A091BA3414D
:101B1000A541A641A74178EB040879EB04097AEBCB
:101B2000040A84EA0B04A0FB011E0022A2FB02BCF3
:101B3000E0FB632EE0FB65BEACFB0C35E0FB663ED4
:101B4000E0FB675EACFB0C67E0FB686EE0FB697E68
:101B5000E0FB6ACE00FB04EE11BC2834B4E80003BD
:101B60004FF0000AE0FB681AE0FB692A491852416D
:101B7000B4E80203E0FB61ABE0FB68B3E0FB69356E
:101B80005AEB0A0A5BEB0B0B5B4194E81203E0FB98
:101B90006156E0FB6467E0FB687CE0FB69CE6D4169
:101BA00076417F415CEB0C0C7EEB0E0E6FEA0E0E65
:101BB00002BCA1E8040CA1E8E850BDE8F08F00BF2A
:101BC0002DE9F04F00EA4004E4176040001B01EAF1
:101BD0004105ED176940491B40CA176A74407D40B2
:101BE0006C4020C30EB492E8EE0361406240634053
:101BF00065406640674088EA040889EA0409091BD1
:101C0000A241A341A541A641A74178EB040879EB85
:101C10000409A4415FEAD47E4FF0000CDFE94AAB2F
:101C2000EEFB6A1CEEFB6B2CDFE949ABEEFB6A3C7A
:101C3000EEFB6B5CEEFB646CEEFB647C4FF0000A29
:101C4000EEFB6A8CEEFB649CAAFB0ABEA0FB01AE15
:101C5000ABFB0B1CE0FB62BEE0FB631EACFB0C238A
:101C6000E0FB652EE0FB663EACFB0C45E0FB674EFF
:101C7000E0FB685EE0FB69CE41BC2436B6E80003B9
:101C80000027E0FB68A7E0FB69B7B6E80003E0FBCC
:101C90006817E0FB6927B6E80003E0FB6837E0FB64
:101CA0006947B6E80003E0FB6857E0FB69C7BE443C
:101CB00024480AFB00F00026DFE92389E0FB68A640
:101CC000E0FB69B6BBEB080BDFE9218AE0FB681695
:101CD00071EB0901E0FB6A264FF0FF39E0FB693642
:101CE000E0FB69460027E0FB6756E0FB69C6E7FBBF
:101CF00067E672EB080273EB0A0374EB090475EBF9
:101D000009057CEB070C7EEB090EBE41DFE90E09ED
:101D1000F60FE6FB607BE6FB691BE6FB682BE6FB48
:101D20006A3B7042E6FB604BE6FB605B4FF00008ED
:101D3000E6FB68BCE6FB60CE40BC80C6A6E83E1869
:101D4000BDE8F08F4FBC00EE512563FCC2CAB9F369
:101D5000849E17A7ADFAE6BCFFFFFFFFFFFFFFFF62
:101D600000000000FFFFFFFF000000002DE9F04F22
:101D700090E8FE0151EA0200184320432843304313
:101D8000384350EA080013D0AFF24400B0E8001E18
:101D9000B1EB090172EB0A0273EB0B0374EB0C0459
:101DA0000FC885418E41974178EB03088041C00FF1
:101DB000BDE8F08FDFBDC42962DF9CD89030847805
:101DC000CD05F0ACD62E21F7AB20A2E53448870430
:101DD0001D0630DC030000000000000000000000D1
:101DE000FDFFFFFFFFFFFFFFFFFFFFFFFCFFFFFF08
:101DF000020000002DE9F14FFFC9FFF705FBFFB41A
:101E00000898FFC8FFF700FBFFB46946AFF23C0239
:101E1000FFF709FC8DE8FF0010996A46FFF7AEF95D
:101E20008DE8FF0008A96A46FFF7FDFBAFF27C08CA
:101E3000B8E8001E90EA090002BF91EA0A0192EA9E
:101E40000B0293EA0C0398E8001E01BF94EA090410
:101E500095EA0A0596EA0B0697EA0C074FF0000090
:101E600008BF012011B0BDE8F08F00BFFFFFFFFFEA
:101E7000FFFFFFFFFFFFFFFF00000000000000006A
:101E80000000000001000000FFFFFFFF2DE9F54FFB
:101E900088B06846FFF7E6FC9DE8FF00FFF7B4FA5C
:101EA000FFB46946AFF2D402FFF7BDFB8DE8FF0037
:101EB00008A96A46FFF762F98DE8FF006946AFF2AC
:101EC0000C12FFF7D6FB8DE8FF004FF00108FFF77B
:101ED00022FC0DF1200888E8FF00FFF795FABDE825
:101EE000000F98EA000802BF99EA01099AEA020A7B
:101EF0009BEA030BBDE8000F01BF98EA040899EACA
:101F000005099AEA060A9BEA070B18BF00200FD1C1
:101F100068466946FFF7B2FC009BDDE9080103F063
:101F200001024A406946AFF2BC0300F05EFA0120AC
:101F30000AB0BDE8F08F2DE9F74F4032FFCA4FF0ED
:101F40000008FFF7E8FBFFB4FFF75EFAFFB408A94B
:101F50006A46FFF713F90DF1200888E8FF0069468B
:101F6000129AFFF70BF9DDF8408088E8FF00129A1B
:101F700008A92032FFF702F9DDF8448088E8FF0065
:101F800013B0BDE8F08F2DE9F34F4031FFC9FFF7E3
:101F90003BFAFFB40999203101F12002FFF7EEF876
:101FA000DDF8208008F1400888E8FF0009996A46BA
:101FB000FFF75FFBFFB4119908AAFFF734FB0DF19F
:101FC000200888E8FF0008A96A46FFF7D7F80DF156
:101FD000200888E8FF004FEAC07810EBE87051EB6A
:101FE000E87152EBE87253F1000354F1000455F12B
:101FF000000556EBD87657EBE8775FEA37075FEADC
:1020000036065FEA35055FEA34045FEA33035FEAC8
:1020100032025FEA31014FEA30008DE8FF0008A983
:102020006A46FFF726FB0DF1200888E8FF00FFF75E
:10203000EBF98DE8FF0011982030FFC8FFF7E4F9B5
:10204000DDF8408008F1200888E8FF00FFF7DCF9A0
:10205000FFB4DDE9180100F12002FFF78FF8DDF889
:10206000608008F1200888E8FF00FFF7BCFBDDF87E
:10207000608088E8FF0008A94246FFF7D4FADDF83F
:10208000608088E8FF00424602F12001FFF7CBFAAA
:102090000DF1200888E8FF0010A908AAFFF76EF8E4
:1020A0000DF1400888E8FF0010A96A46FFF7BBFA67
:1020B000DDF8608008F1200888E8FF001AB0BDE86C
:1020C000F08F00B5B1E8E01FA0E8E01FB1E8E01F25
:1020D0008AB14FF0000E5442651B74EB060674EB98
:1020E00007077EEB08087EEB09097EEB0A0A72EB14
:1020F0000B0B74EB0C0CA0E8E01F23B991E8E01F78
:1021000080E8E01F0AE00024A4FB045AE643E7430A
:102110004FF0FF386FF0010980E8F80700BD2DE9A6
:10212000FF4F00F1400494E8F00F2C4334433C434C
:1021300054EA080454EA090454EA0A0454EA0B0471
:1021400004D1FFF7BEFF04B0BDE8F08FFBB940310A
:10215000FFC9FFF759F9FFB408996A46FFF70EF86F
:10216000DDF8208088E8FF00099940316A46FFF7D2
:1021700005F88DE8FF00089920316A46FEF7FEFF5A
:10218000DDF8208008F1200888E8FF0000E088B032
:1021900008994031FFC9FFF737F9FFB411996A4632
:1021A000FEF7ECFF0DF1200888E8FF0010994031A0
:1021B0006A46FEF7E3FF8DE8FF00119920316A4679
:1021C000FEF7DCFF8DE8FF00109908AAFFF72BFA55
:1021D000DDF8408088E8FF00FFF716F9FFB4189A91
:1021E00002F14001FEF7CAFFDDF8608008F1400807
:1021F00088E8FF001B9951B9199940314246FEF712
:10220000BDFFDDF8608008F1400888E8FF001899FC
:102210006A46FEF7B3FFDDF8608088E8FF000143FF
:102220001143194321432943314351EA070001B4C3
:102230001999203109AA1B9B13B1FFF71AFA01E083
:10224000FFF7F1F9DDF8648008F1200888E8FF0065
:102250005DF8048B01431143194321432943314362
:10226000394351EA08010BD118B09DE80F00FFF780
:1022700028FF0098014604B0FFF785FEBDE8F08F07
:1022800010A96A46FEF77AFF0DF1400888E8FF00C2
:1022900018982030FFC8FFF7B7F88DE8FF0008A9AD
:1022A000189AFEF76BFF0DF1200888E8FF006946D9
:1022B000189AFFF7B8F9DDF8608088E8FF0010A8E9
:1022C000FFC8FFF790FA8DE8FF0018996A46FFF7FC
:1022D000AAF9DDF8608088E8FF0010A9189AFFF7D6
:1022E000A2F98DE8FF00189920316A46FEF746FFF3
:1022F0008DE8FF001A98694608AA10B1FFF7B9F9EE
:1023000001E0FFF790F9DDF8608008F1200888E827
:10231000FF001CB0BDE8F08F2DE9F34F88B001F14C
:102320004001FFC9FFF770F8FFB40843104318439A
:10233000204328433043384353D0109908A8FFF76F
:1023400091FA08A96A46FEF719FFDDF84480B8E85B
:10235000001E90EA090002BF91EA0A0192EA0B020C
:1023600093EA0C03B8E8001E01BF94EA090495EA59
:102370000A0596EA0B0697EA0C074FF0010031D0E8
:10238000AFF23C6090E8000F109850B3FFC810EB1C
:10239000080051EB090152EB0A0253EB0B0354F115
:1023A000FF3455F1FF3556F1000657F1FF3718D2CB
:1023B000B0F1FF3871F1FF3872F1FF3873F10008A6
:1023C00074F1000875F1000876F1010877F1FF3823
:1023D00007D20DF1200888E8FF0000221092414644
:1023E000ACE7002012B0BDE8F08F2DE9F041C2F15A
:1023F00001080826FF1BB1E81010B3E82040A541F2
:10240000A8FB0447E2FB65477EEB0C0EA8FB0CC75C
:10241000E2FB6EC7A0E81010A6F1020606B1EAE7DB
:10242000BDE8F081024BE0E7AFF2C053DDE700BF4B
:10243000481D0400002A04BF00207047F0B503AF18
:102440002DE9000BA2F1010CC2F1000E0023CC5CBF
:10245000C55CA54224D19C451ED001EB030800EBCE
:10246000030998F8014099F80150A54218D10EEBE4
:102470000306B41C10D098F8024099F80250A54207
:102480000ED1F41C08D098F8034099F80350A542E7
:1024900006D104339A42DAD10020BDE8000BF0BD2A
:1024A000281BBDE8000BF0BD80B56F4601460078E3
:1024B00060B100200A18537853B1937853B1D378A0
:1024C00053B112790430002AF4D180BD002080BDC0
:1024D000013080BD023080BD033080BD042A09D3A5
:1024E000D0B502AFA2F1040E6FEA0E0313F00C0F89
:1024F00006D123E00B4684466046194600F03CB8FE
:102500000B46844653F8044B1EF00C0F4CF8044B5A
:1025100009D04B6843600EF00C03042B07D1083A36
:102520000831083008E072466046194606E08B68BC
:102530000C3A83600C310C3084460B46BEF10C0F14
:1025400014D384460B461868103ACCF80000032ACE
:102550005868CCF804009868CCF80800D86803F1F3
:102560001003CCF80C000CF1100CECD8BDE8D040F6
:102570006046194600F000B8F0B503AF2DE9000F32
:1025800089B08046102A21D3C8F1000000F0030A68
:1025900008EB0A03984537D2AAF1010644460D46D6
:1025A000BAF1000F1FD00D46444615F8010BBAF1E1
:1025B000010F04F8010B16D04878BAF1020F88F821
:1025C00001000AD18D1C08F102040CE0C4460CEB9A
:1025D00002039C45C0F0E3800BE1CD1C08F103042D
:1025E000887888F80200032E0ED32E1F251F16F8B8
:1025F000040F05F8040F70786870B078A870F07850
:10260000E870281D9842F2D1A2EB0A0B01EB0A04F4
:102610002BF0030214F0030003EB020C63D04FF025
:102620000009C0F10406049208AACDF820900244E3
:10263000F5071EBF257815704FF00109B60744BF96
:1026400034F8096022F80960251A05941C1D089ABF
:102650004FEAC00E6445CEF10004CDE902045BD21E
:1026600043424646CDF800B001EB030804F0180BD6
:10267000019608EB0A0506EB0A0422FA0EF1D5F8DA
:10268000049009FA0BF21143224642F8081B6245F6
:1026900044D2A96829FA0EF301FA0BF0184304F1A9
:1026A0000C03634560603CD2D5F80C9021FA0EF023
:1026B00009FA0BF10843106004F11000604535D2AF
:1026C0002A6929FA0EF0103608F1100802FA0BF107
:1026D0000843186006EB0A03181D6045C9D308EBD0
:1026E0000A05914623E0634552D22146086843F823
:1026F000040B63454CD2486843F8040B63453EBF66
:10270000886843F8040B634542D2C868103143F827
:10271000040B6345EAD33BE091460AE00435231DF0
:1027200005E0083504F10803894600E00C35DDE9D1
:1027300000B8029800228DF81C20012807F8262CEA
:102740000ED107AE002400200599C90713D0291D1A
:10275000085C307017F8260C9DF81C2000040BE074
:102760006879A7F126062A798DF81C200402022038
:102770000599C907EBD10020204329FA0EF1104337
:10278000039A02F018029040DDE90424084318601F
:10279000A1180BF003020CEB02039C4529D2561E34
:1027A00012F0030012D00A46654612F8014B0128C8
:1027B00005F8014B0CD04A7802288CF801201DD175
:1027C0008A1C0CF10205032E04D212E065460A466B
:1027D000032E0ED3111F2A1F11F8040F02F8040F45
:1027E0004878507088789070C878D070101D9842E2
:1027F000F2D1404609B0BDE8000FF0BDCA1C0CF193
:10280000030588788CF80200032EE3D2F1E7F0B5D7
:1028100003AF2DE9000F8EB08346401A90422AD2B2
:1028200001EB020A0BEB0209102AC0F00C8209F03E
:10283000030429F00306C4F1000C4E45079660D24C
:10284000A4F1010E002C45D0D0464B4618F8010DDE
:10285000012C03F8010D3FD0D0464B4618F8020D6D
:10286000022C03F8020D1FBFD04618F8030D4B468B
:1028700003F8030D30E0102A25D3CBF1000000F05F
:10288000030A0BEB0A039B4580F01681AAF10106AF
:1028900058460D46BAF1000F00F0FD800D4658462F
:1028A00015F8014BBAF1010F00F8014B00F0F3806D
:1028B0004878BAF1020F8BF8010040F0E6808D1CD9
:1028C0000BF10200E7E0DC460CEB02039C45C0F094
:1028D0002A8252E24B46D046079EBEF1030F10D328
:1028E000A8F10400C57803F8015C857803F8025C60
:1028F000457803F8035C10F8045903F8045D9E4220
:10290000F0D3A2EB040E0AEB0C052EF0030015F039
:102910000303A6EB0008C0F100000690059510D057
:10292000A5EB030A0020CDF808E04FEAC30E012B07
:102930008DF8300007F8260C04932FD10CAD00233E
:1029400039E0B04580F07781AAF11001ACF10402C2
:1029500001EB0C0309EB0C00DD6840F8045C09EBAB
:102960000205A84580F067819C6840F8084C2C1F40
:10297000A0453FBF5B6840F80C3CA5F108039845B3
:1029800080F0598151F80C30A9F11009103940F844
:10299000103C09EB0C008045DAD34CE19AF80000BA
:1029A000ED079AF801308DF8300001D100250AE0DA
:1029B000A7F1260502201AF80000287017F8265CF7
:1029C0009DF830002D0445EA032308F10406034373
:1029D0000798CEF1000486424AD2049804F0180801
:1029E000CDF80CB0101A0D18ACF10400CDE90004BC
:1029F00005EB0C0B03FA08F05BF804AC2AFA0EF1B5
:102A0000014309EB0C0040F8041CACF1040109EB94
:102A100001039E4230D25BF8082C0AFA08F122FA30
:102A20000EF4214340F8081C191F8E4228D25BF88F
:102A30000CAC02FA08F12AFA0EF2114340F80C1C11
:102A4000A3F108018E4280F0CD805BF8103C0AFAB9
:102A500008F1A9F11009103D23FA0EF2114340F8D4
:102A6000101C09EB0C018E42C2D365449A46BDE0AE
:102A7000554601469A46BCE0009819460544B5E023
:102A8000009892462844051FB0E08878CD1C8BF84A
:102A900002000BF10300032E0ED32E1F043816F88C
:102AA000045F00F8045F75784570B5788570F57837
:102AB000C570051D9D42F2D1A2EB0A0201EB0A0985
:102AC00022F0030619F0030503EB060C62D0CDE9F2
:102AD00005620022C5F104040AA80A922844E60708
:102AE0001EBF99F8002002700122A40744BF39F8E4
:102AF000024084520A984FEAC50EA9EB0506CEF1B2
:102B000000081A1DCDF81C90624504955ED26A42F9
:102B1000CDF808808D185A4608F0180B039205EB83
:102B20000A0402EB0A0620FA0EF0D4F8049009FA1F
:102B30000BF10143304640F8081B604549D2A168BB
:102B400029FA0EF901FA0BF343EA0903736006F15F
:102B50000C03634540D2D4F80C9021FA0EF109FA27
:102B60000BF841EA0801016006F11000604580F0B1
:102B70009E80206929FA0EF11032103500FA0BF40C
:102B80002143196002EB0A03191D6145C7D355445F
:102B900081468EE0634580F0BE804946086843F870
:102BA000040B634580F0B780486843F8040B634525
:102BB0003EBF886843F8040B634580F0AC80C8686A
:102BC000103143F8040B6345E8D3A4E08146354651
:102BD00071E0251D331D6CE004F1080506F10803C2
:102BE000894666E000982844A0F10805DDF80CB09D
:102BF000019C049E0DA80023AA1900EB060C101FCF
:102C0000C6F104020D93D5071EBF03788CF800307F
:102C10000123920744BFC25A2CF803200D9804F0F8
:102C20001802079E0AFA02F220FA0EF0DDF808E018
:102C3000104341F8040CDDE9051006EB00090EF025
:102C4000030201EB000AA9EB0201494580F09580DF
:102C5000531E12F0030013D055464A4615F8016D75
:102C6000012802F8016D0DD055464A4615F8026D4F
:102C7000022802F8026D05D01AF8030D09F8030DB9
:102C800055464A46032B78D3A81E437802F8013CE8
:102C9000037802F8023C10F8013C02F8033C10F8FB
:102CA000023C043802F8043D9142EED365E004F1A1
:102CB0000C05DDE9028B049800228DF82420012800
:102CC00007F8322C0ED109A8002400260799C9075D
:102CD00013D0291D895D017017F8320C9DF824204E
:102CE00000040BE0687902262A798DF8242004027A
:102CF000A7F132000799C907EBD10020204329FA38
:102D00000EF1104308F01802DDF81C909040DDE948
:102D100005620843186009EB060102F003020CEBA0
:102D200002039C4529D2561E12F0030512D00A4612
:102D3000604612F8014B012D00F8014B0CD0487889
:102D4000022D8CF801001DD18A1C0CF10200032E0B
:102D500004D212E060460A46032E0ED3111F043837
:102D600011F8042F00F8042F4A7842708A78827094
:102D7000CA78C270021D9A42F2D158460EB0BDE820
:102D8000000FF0BD8878CA1C8CF802000CF103001B
:102D9000032EE3D2F1E780B56F4604290DD35FFA25
:102DA00082FC4FF001330CFB03FCA1F1040E6FEA2F
:102DB0000E0313F00C0F02D118E0034622E0034685
:102DC0001EF00C0F43F804CB08D00EF00C03C0F833
:102DD00004C0042B05D10839083006E071461846B6
:102DE00004E0C0F808C00C390C300346BEF10C0FEB
:102DF00008D303461039C3E900CCC3E902CC103331
:102E00000329F7D85818834220D2A1F1010C11F000
:102E1000030E0DD01946BEF1010F01F8012B08D0A9
:102E20005A70BEF1020F1ABF9A70D91C991C00E0AB
:102E30001946BCF1030F38BF80BD043901F8042FD7
:102E40000B1D8342CA708A704A70F7D180BD80B56D
:102E50006F46042905D30B1FDA4312F00C0F02D181
:102E60001AE0024624E04FF0000C024642F804CB80
:102E700013F00C0F08D003F00C02C0F804C0042AB1
:102E800005D10839083006E01946104604E0002252
:102E90000C3982600C3002460C2B09D30023024609
:102EA0001039C2E90033C2E9023310320329F7D8DE
:102EB0005018824221D2A1F1010C11F003030CD071
:102EC0004FF0000E114601F801EB012B0AD0022B46
:102ED00082F801E003D1911C04E0114602E00021D8
:102EE0009170D11CBCF1030F38BF80BD04390022A2
:102EF00041F8042F0B1D8342FAD180BD80B56F4687
:102F000093060BD44AB102F01F03524202F01F0293
:102F1000D84001FA02F21043D94080BD02F01F00F0
:102F200021FA00F0002180BD80B56F4693060BD4D6
:102F30004AB102F01F03524202F01F02994020FAE8
:102F400002F21143984080BD02F01F0100FA01F126
:102F5000002080BD80B56F46BDE88040FFF757BCBC
:102F600080B56F46BDE88040FFF751BCB0B502AFF9
:102F700010293FD3424202F003054219904220D269
:102F8000A5F1010C8DB1002386460EF8013B012D01
:102F900007D04370022D1ABF837000F1030E00F1B9
:102FA000020EBCF1030F04D20BE08646BCF1030F06
:102FB00007D3AEF10400002340F8043F041D9442FF
:102FC000FAD1491B21F003001044824210D20023A1
:102FD00042F8043B82420BD242F8043B82423CBF9F
:102FE00042F8043B824203D242F8043B8242EFD3D0
:102FF00001F00301421890421FD24B1E11F003044E
:103000000CD04FF0000C014601F801CB012C0AD086
:10301000022C80F801C003D1811C04E0014602E0CB
:1030200000218170C11C032B38BFB0BD081F0021D7
:1030300040F8041F031D9342FAD1B0BD042A09D3FE
:10304000D0B502AFA2F1040E6FEA0E0313F00C0F1D
:1030500006D123E00B46844660461946FFF78CBA3A
:103060000B46844653F8044B1EF00C0F4CF8044BEF
:1030700009D04B6843600EF00C03042B07D1083ACB
:103080000831083008E072466046194606E08B6851
:103090000C3A83600C310C3084460B46BEF10C0FA9
:1030A00014D384460B461868103ACCF80000032A63
:1030B0005868CCF804009868CCF80800D86803F188
:1030C0001003CCF80C000CF1100CECD8BDE8D0408B
:1030D00060461946FFF750BA80B56F46042905D3FC
:1030E0000B1FDA4312F00C0F02D11AE0024624E063
:1030F0004FF0000C024642F804CB13F00C0F08D03E
:1031000003F00C02C0F804C0042A05D108390830C5
:1031100006E01946104604E000220C3982600C30AB
:1031200002460C2B09D3002302461039C2E90033B2
:10313000C2E9023310320329F7D85018824221D253
:10314000A1F1010C11F003030CD04FF0000E114659
:1031500001F801EB012B0AD0022B82F801E003D128
:10316000911C04E0114602E000219170D11CBCF1D9
:10317000030F38BF80BD0439002241F8042F0B1D16
:103180008342FAD180BDD0B502AFB0FA80F20029F7
:1031900002F1200E18BFB1FA81FE0EF03F04C4F117
:1031A0002002B4F1200301FA04FC00FA04F420FA2E
:1031B00002F242EA0C0258BF00FA03F2C2F3C01353
:1031C00058BF002423EA122C230AA4B243EA026364
:1031D000084343EA04034FEA1224A4EBCE54A3EBC2
:1031E0000C0304F1BD4408BF140A04EBD370D0BD36
:1031F00080B56F46BDE88040FFF7BEB980B56F4629
:10320000BDE88040FFF7B8B910B584B002AC0094B7
:1032100000F004F8029A039B04B010BD80B56F461D
:1032200086B0844602A8CDE9002362460B4600F032
:103230000DF8D7F808C0DDE90201BCF1000F1CBF92
:10324000DDE90432CCE9003206B080BDF0B503AF51
:103250002DE9000BD7E902E8BEF1000F72D0B8F1FA
:10326000000F6FD1002B00F0FC80734580F00781C8
:10327000B3FA83F1BEFA8EF6711A01F1200608BF87
:103280001F26C6F1200508FA06F10EFA06F82EFAF6
:1032900005F52943B6F1200506F01F0658BF0EFAC2
:1032A00005F14FF0010505FA06FC4FF0000558BF87
:1032B0004FF0000808E0224633464FEA181444EA6B
:1032C00001784FEA1C1C0909B2EB080463EB010604
:1032D000002E03D445EA0C0502D12DE014461E460B
:1032E0005FEA51034FEA3802A21A66EB0303002B90
:1032F00004D445EA5C05144602D11DE0224633465B
:103300004FEA980444EA8174141B63EB9106002E83
:1033100003D445EA9C0502D10EE014461E464FEA4E
:10332000D80242EA4172A21A66EBD103002BC2D442
:1033300045EADC051446C0D1B4FBFEF101FB1E4694
:10334000294392E00021002B00F08080B2EB0E06B2
:1033500073EB08067AD3B3FA83F1B8FA88F6711AD8
:1033600001F03F0601F01F01C6F1200408FA06F53E
:103370000EFA06FC2EFA04F42C43B6F1200558BFD1
:103380000EFA05F44FF0010505FA01F94FF00001BE
:1033900058BF4FF0000C08E032462B464FEA1C168F
:1033A00046EA047C4FEA19192409B2EB0C0673EBC8
:1033B000040507D441EA0901B6EB0E0275EB0802D9
:1033C00002D23AE016461D465FEA54034FEA3C0239
:1033D000B21A75EB030309D4B2EB0E0541EA5901A9
:1033E00073EB080516461D4602D226E032462B46F0
:1033F0004FEA9C0545EA8475561B63EB9405002D46
:1034000007D441EA9901B6EB0E0275EB080202D22D
:1034100013E016461D464FEADC0242EA4472B21A35
:1034200065EBD403002BB7D4B2EB0E0541EAD9010A
:1034300073EB080516461D46B0D24FF0000CC0E9EC
:10344000001CC0E90265BDE8000BF0BD4FF0000CA8
:1034500016461D46C0E9001CC0E90265BDE8000B28
:10346000F0BDB2FBFEF101FB1E264FF0000C002563
:10347000C0E9001CC0E90265BDE8000BF0BD0DD13C
:10348000B2FBF3F1002501FB13264FF0010CC0E95C
:10349000001CC0E90265BDE8000BF0BDB3FBFEFCFB
:1034A000BEF5803F0CFB1E351AD22904002541EAE7
:1034B0001241B1FBFEF303FB0EF14CEA134CC1EBDE
:1034C0001241C2EA0141B1FBFEF202FB1E1642EAC2
:1034D0000341C0E9001CC0E90265BDE8000BF0BD76
:1034E000B2EB0E0175EB080108D200211646C0E9C7
:1034F000001CC0E90265BDE8000BF0BD4FEAC871D1
:1035000041EA5E034FEACE794FF00048002108E01F
:10351000224635464FEA191444EA03794FEA18184F
:103520001B09B2EB090465EB0306002E03D441EA44
:10353000080102D12DE014462E465FEA53054FEAFA
:103540003902A21A66EB0505002D04D441EA5801A0
:10355000144602D11DE0224635464FEA990444EA5A
:103560008374141B65EB9306002E03D441EA980183
:1035700002D10EE014462E464FEAD90242EA4372C7
:10358000A21A66EBD305002DC2D441EAD801144635
:10359000C0D1B4FBFEF2002502FB1E461143C0E978
:1035A000001CC0E90265BDE8000BF0BD80B56F46A8
:0435B000FEE7D4D48A
:1035B8000000000000000100000000000000000002
:1035C80000000000000000000000000000000000F3
:1035D80000000000000000000000000000000000E3
:1035E80000000000000000000000000000000000D3
:1035F80000000000000000000000000000000000C3
:1036080000000000000000000000000000000000B2
:1036180000000000000000000000000000000000A2
:103628000000000000000000000000000000000092
:103638000000000000000000000000000000000082
:103648000000000000000000000000000000000072
:103658000000000000000000000000000000000062
:103668000000000000000000000000000000000052
:103678000000000000000000000000000000000042
:103688000000000000000000000000000000000032
:103698000000000000000000000000000000000022
:1036A8000000000000000000000000000000000012
:1036B8000000000000000000000000000000000002
:1036C80000000000000000000000000000000000F2
:1036D80000000000000000000000000000000000E2
:1036E80000000000000000000000000000000000D2
:1036F80000000000000000000000000000000000C2
:1037080000000000000000000000000000000000B1
:10371800433A5C55736572735C6C656D6F6E5C2EB5
:10372800636172676F5C72656769737472795C73E1
:1037380072635C696E6465782E6372617465732E5A
:10374800696F2D31393439636638633662356235CD
:103758003537665C74726F75626C652D686F73744B
:103768002D302E382E305C7372635C636F6D6D6123
:103778006E642E727300C0023A20C000433A5C5552
:10378800736572735C6C656D6F6E5C2E63617267D6
:103798006F5C72656769737472795C7372635C6974
:1037A8006E6465782E6372617465732E696F2D314E
:1037B8003934396366386336623562353537665C65
:1037C80072616E645F636F72652D302E362E345CC5
:1037D8007372635C696D706C732E727300433A5C2C
:1037E80055736572735C6C656D6F6E5C2E63617288
:1037F800676F5C72656769737472795C7372635C16
:10380800696E6465782E6372617465732E696F2DB5
:10381800313934396366386336623562353537662F
:103828005C656D62617373792D6E72662D302E3111
:10383800312E305C7372635C7370696D2E72730025
:10384800433A5C55736572735C6C656D6F6E5C7240
:103858006D6B5C726D6B5C7372635C6D61747269C5
:10386800782E727300433A5C55736572735C6C65AD
:103878006D6F6E5C2E636172676F5C7265676973EA
:103888007472795C7372635C696E6465782E6372B6
:10389800617465732E696F2D313934396366386305
:1038A80036623562353537665C74726F75626C6581
:1038B8002D686F73742D302E382E305C7372635CF4
:1038C8007064752E72730010617373657274696F1A
:1038D8006E20606C65667420C01020726967687419
:1038E80060206661696C65643A20C0090A20206C12
:1038F8006566743A20C0090A2072696768743A20BC
:10390800C000433A5C55736572735C6C656D6F6E8D
:103918005C2E636172676F5C726567697374727934
:103928005C7372635C696E6465782E63726174653A
:10393800732E696F2D3139343963663863366235D1
:1039480062353537665C626C6F636B2D62756666CF
:1039580065722D302E31302E345C7372635C6C6965
:10396800622E727300433A5C55736572735C6C65C2
:103978006D6F6E5C2E636172676F5C7265676973E9
:103988007472795C7372635C696E6465782E6372B5
:10399800617465732E696F2D313934396366386304
:1039A80036623562353537665C74726F75626C6580
:1039B8002D686F73742D302E382E305C7372635CF3
:1039C8006368616E6E656C5F6D616E616765722EAE
:1039D800727300433A5C55736572735C6C656D6F06
:1039E8006E5C2E636172676F5C726567697374726F
:1039F800795C7372635C696E6465782E6372617456
:103A080065732E696F2D31393439636638633662D0
:103A18003562353537665C6E72662D7061632D30A0
:103A28002E342E305C7372635C2E5C63686970732D
:103A38005C6E726635323834305C7061632E727336
:103A480000433A5C55736572735C6C656D6F6E5CB0
:103A58002E636172676F5C72656769737472795CF3
:103A68007372635C696E6465782E637261746573E2
:103A78002E696F2D313934396366386336623562A1
:103A8800353537665C74726F75626C652D686F7357
:103A9800742D302E382E305C7372635C63757273CC
:103AA8006F722E727300433A5C55736572735C6C67
:103AB800656D6F6E5C2E636172676F5C72656769B6
:103AC800737472795C7372635C696E6465782E6373
:103AD80072617465732E696F2D31393439636638B4
:103AE8006336623562353537665C74726F75626C41
:103AF800652D686F73742D302E382E305C737263A9
:103B08005C676174742E727300433A5C5573657216
:103B1800735C6C656D6F6E5C726D6B5C726D6B5C0B
:103B28007372635C646973706C61795C6D6F642E29
:103B380072730011737461727420627974652069FC
:103B48006E64657820C026206973206E6F742061CA
:103B5800206368617220626F756E646172793B20C0
:103B6800697420697320696E7369646520C00820D0
:103B780028627974657320C00B206F662073747295
:103B8800696E6729000F656E642062797465206923
:103B98006E64657820C026206973206E6F7420617A
:103BA800206368617220626F756E646172793B2070
:103BB800697420697320696E7369646520C0082080
:103BC80028627974657320C00B206F662073747245
:103BD800696E672900433A5C55736572735C6C655E
:103BE8006D6F6E5C2E636172676F5C726567697377
:103BF8007472795C7372635C696E6465782E637243
:103C0800617465732E696F2D313934396366386391
:103C180036623562353537665C73657175656E7405
:103C280069616C2D73746F726167652D382E302E43
:103C3800315C7372635C6974656D2E727300433A0C
:103C48005C55736572735C6C656D6F6E5C2E636139
:103C580072676F5C72656769737472795C7372639B
:103C68005C696E6465782E6372617465732E696F22
:103C78002D31393439636638633662356235353704
:103C8800665C74726F75626C652D686F73742D3025
:103C98002E382E305C7372635C7365637572697459
:103CA800795F6D616E616765725C63727970746F5C
:103CB8002E727300433A5C55736572735C6C656D64
:103CC8006F6E5C2E636172676F5C7265676973748F
:103CD80072795C7372635C696E6465782E63726175
:103CE8007465732E696F2D313934396366386336DC
:103CF800623562353537665C74726F75626C652D36
:103D0800686F73742D302E382E305C7372635C616B
:103D180074747269627574652E727300433A5C55E7
:103D2800736572735C6C656D6F6E5C2E6361726730
:103D38006F5C72656769737472795C7372635C69CE
:103D48006E6465782E6372617465732E696F2D31A8
:103D58003934396366386336623562353537665CBF
:103D68006465666D742D7274742D312E332E305C3B
:103D78007372635C6368616E6E656C2E7273004368
:103D88003A5C55736572735C6C656D6F6E5C726DD1
:103D98006B5C726D6B5C7372635C6576656E745C8C
:103DA800636F6E6E656374696F6E2E727300433A4B
:103DB8005C55736572735C6C656D6F6E5C2E6361C8
:103DC80072676F5C72656769737472795C7372632A
:103DD8005C696E6465782E6372617465732E696FB1
:103DE8002D31393439636638633662356235353793
:103DF800665C656D62617373792D6E72662D302E07
:103E080031312E305C7372635C74696D655F647206
:103E1800697665722E72730000433A5C5573657259
:103E2800735C6C656D6F6E5C2E636172676F5C723C
:103E3800656769737472795C7372635C696E6465D3
:103E4800782E6372617465732E696F2D3139343938
:103E58006366386336623562353537665C64626C32
:103E68002D302E332E325C7372635C6C69622E7255
:103E780073007372635C6C706D3030396D3336303B
:103E8800612E7273000F4174207061676520696E3E
:103E98006465783A20C0002F72757374632F3838C0
:103EA800643965313261653137386661623066621E
:103EB80035636330353061393464613835363835C7
:103EC8006434343965612F6C6962726172792F6369
:103ED8006F72652F7372632F7374722F6D6F642EF8
:103EE800727300433A5C55736572735C6C656D6FF1
:103EF8006E5C2E636172676F5C726567697374725A
:103F0800795C7372635C696E6465782E6372617440
:103F180065732E696F2D31393439636638633662BB
:103F28003562353537665C74726F75626C652D68FD
:103F38006F73742D302E382E305C7372635C70652D
:103F4800726970686572616C2E727300433A5C55D1
:103F5800736572735C6C656D6F6E5C2E63617267FE
:103F68006F5C72656769737472795C7372635C699C
:103F78006E6465782E6372617465732E696F2D3176
:103F88003934396366386336623562353537665C8D
:103F9800656D62617373792D73796E632D302E3878
:103FA8002E305C7372635C7075627375625C7075D9
:103FB800626C69736865722E727300156279746534
:103FC8002072616E67652073746172747320617406
:103FD80020C00D2062757420656E647320617420A2
:103FE800C00026636F70795F66726F6D5F736C696E
:103FF80063653A20736F7572636520736C696365D6
:10400800206C656E6774682028C02B2920646F6552
:1040180073206E6F74206D617463682064657374B7
:10402800696E6174696F6E20736C696365206C6575
:104038006E6774682028C0012900433A5C5573658F
:1040480072735C6C656D6F6E5C726D6B5C726D6BC0
:104058005C7372635C6576656E745C73706C6974AE
:104068002E7273007372635C72656E64657265723A
:10407800732E727300433A5C55736572735C6C659A
:104088006D6F6E5C2E636172676F5C7265676973D2
:104098007472795C7372635C696E6465782E63729E
:1040A800617465732E696F2D3139343963663863ED
:1040B80036623562353537665C656D626173737972
:1040C8002D73796E632D302E382E305C7372635CDD
:1040D8007075627375625C73756273637269626529
:1040E800722E727300433A5C55736572735C6C652B
:1040F8006D6F6E5C2E636172676F5C726567697362
:104108007472795C7372635C696E6465782E63722D
:10411800617465732E696F2D31393439636638637C
:1041280036623562353537665C74726F75626C65F8
:104138002D686F73742D302E382E305C7372635C6B
:1041480074797065735C7072696D6974697665738A
:104158002E727300433A5C55736572735C6C656DBF
:104168006F6E5C2E636172676F5C726567697374EA
:1041780072795C7372635C696E6465782E637261D0
:104188007465732E696F2D31393439636638633637
:10419800623562353537665C656D62617373792D9A
:1041A8006E72662D302E31312E305C7372635C7303
:1041B800616164632E727300C000433A5C55736595
:1041C80072735C6C656D6F6E5C2E636172676F5C99
:1041D80072656769737472795C7372635C696E6423
:1041E80065782E6372617465732E696F2D31393469
:1041F800396366386336623562353537665C7472A2
:104208006F75626C652D686F73742D302E382E3083
:104218005C7372635C74797065735C757569642E20
:104228007273007372635C72696768742E727300CC
:10423800433A5C55736572735C6C656D6F6E5C7246
:104248006D6B5C726D6B5C7372635C626C655C61F8
:1042580064762E727300433A5C55736572735C6CB6
:10426800656D6F6E5C2E636172676F5C72656769FE
:10427800737472795C7372635C696E6465782E63BB
:1042880072617465732E696F2D31393439636638FC
:104298006336623562353537665C62742D686369EA
:1042A8002D302E31302E315C7372635C7061726117
:1042B8006D2E727300433A5C55736572735C6C655E
:1042C8006D6F6E5C2E636172676F5C726567697390
:1042D8007472795C7372635C696E6465782E63725C
:1042E800617465732E696F2D3139343963663863AB
:1042F80036623562353537665C656D626173737930
:104308002D6E72662D302E31312E305C7372635CE7
:10431800726E672E727300433A5C55736572735CF4
:104328006C656D6F6E5C2E636172676F5C7265673A
:1043380069737472795C7372635C696E6465782EF4
:104348006372617465732E696F2D31393439636610
:10435800386336623562353537665C74726F7562FC
:104368006C652D686F73742D302E382E305C737227
:10437800635C636F6E6E656374696F6E5F6D616EAB
:10438800616765722E727300433A5C557365727388
:104398005C6C656D6F6E5C2E636172676F5C7265D5
:1043A8006769737472795C7372635C696E6465784B
:1043B8002E6372617465732E696F2D3139343963D8
:1043C80066386336623562353537665C74726F7588
:1043D800626C652D686F73742D302E382E305C73C7
:1043E80072635C6174747269627574655F73657217
:1043F8007665725C636C69656E745F6174745F7412
:1044080061626C652E727300433A5C557365727312
:104418005C6C656D6F6E5C726D6B5C726D6B5C7302
:1044280072635C73706C69745C626C655C706572F5
:104438006970686572616C2E72730016736C6963BB
:104448006520696E64657820737461727473206185
:104458007420C00D2062757420656E6473206174C9
:1044680020C000433A5C55736572735C6C656D6F70
:104478006E5C726D6B5C726D6B5C7372635C737097
:104488006C69745C626C655C6D6F642E727300435A
:104498003A5C55736572735C6C656D6F6E5C2E6308
:1044A8006172676F5C72656769737472795C737245
:1044B800635C696E6465782E6372617465732E69D6
:1044C8006F2D313934396366386336623562353574
:1044D80037665C7070762D6C69746538362D302EB1
:1044E800322E32315C7372635C67656E6572696324
:1044F8002E727300433A5C55736572735C6C656D1C
:104508006F6E5C2E636172676F5C72656769737446
:1045180072795C7372635C696E6465782E6372612C
:104528007465732E696F2D31393439636638633693
:10453800623562353537665C74726F75626C652DED
:10454800686F73742D302E382E305C7372635C6321
:104558006F6E6E656374696F6E2E727300433A5C9A
:1045680055736572735C6C656D6F6E5C2E636172FA
:10457800676F5C72656769737472795C7372635C88
:10458800696E6465782E6372617465732E696F2D28
:1045980031393439636638633662356235353766A2
:1045A8005C73657175656E7469616C2D73746F7277
:1045B8006167652D382E302E315C7372635C6D61D6
:1045C800702E72730020696E646578206F75742090
:1045D8006F6620626F756E64733A20746865206C2C
:1045E800656E20697320C012206275742074686536
:1045F80020696E64657820697320C000433A5C5571
:10460800736572735C6C656D6F6E5C2E6361726747
:104618006F5C72656769737472795C7372635C69E5
:104628006E6465782E6372617465732E696F2D31BF
:104638003934396366386336623562353537665CD6
:10464800656D62617373792D74696D652D302E35D2
:104658002E315C7372635C696E7374616E742E7252
:104668007300433A5C55736572735C6C656D6F6E6D
:104678005C726D6B5C726D6B5C7372635C73706C97
:1046880069745C7065726970686572616C2E7273AA
:1046980000433A5C55736572735C6C656D6F6E5C54
:1046A8002E636172676F5C72656769737472795C97
:1046B8007372635C696E6465782E63726174657386
:1046C8002E696F2D31393439636638633662356245
:1046D800353537665C6165732D302E382E345C7342
:1046E80072635C736F66745C666978736C69636522
:1046F80033322E7273002F72757374632F383864D7
:1047080039653132616531373866616230666235E4
:10471800636330353061393464613835363835642F
:1047280034343965612F6C6962726172792F636FF5
:1047380072652F7372632F666D742F6D6F642E729E
:1047480073002F72757374632F383864396531328A
:10475800616531373866616230666235636330356A
:104768003061393464613835363835643434396504
:10477800612F6C6962726172792F636F72652F7332
:1047880072632F736C6963652F6D6F642E7273008B
:10479800433A5C55736572735C6C656D6F6E5C2E25
:1047A800636172676F5C72656769737472795C7351
:1047B80072635C696E6465782E6372617465732ECA
:1047C800696F2D313934396366386336623562353D
:1047D8003537665C74726F75626C652D686F7374BB
:1047E8002D302E382E305C7372635C73656375727E
:1047F8006974795F6D616E616765725C7061697219
:10480800696E675C7065726970686572616C2E723A
:104818007300433A5C55736572735C6C656D6F6EBB
:104828005C2E636172676F5C726567697374727915
:104838005C7372635C696E6465782E63726174651B
:10484800732E696F2D3139343963663863366235B2
:1048580062353537665C74726F75626C652D686F8A
:1048680073742D302E382E305C7372635C736563FD
:1048780075726974795F6D616E616765725C70618C
:104888006972696E675C7574696C2E727300433A5D
:104898005C55736572735C6C656D6F6E5C2E6361DD
:1048A80072676F5C72656769737472795C7372633F
:1048B8005C696E6465782E6372617465732E696FC6
:1048C8002D313934396366386336623562353537A8
:1048D800665C656D6265646465642D68616C2D61F4
:1048E80073796E632D312E302E305C7372635C6980
:1048F80032632E7273002F72757374632F383864A5
:1049080039653132616531373866616230666235E2
:10491800636330353061393464613835363835642D
:1049280034343965612F6C6962726172792F636FF3
:1049380072652F7372632F736C6963652F69746571
:10494800722E727300433A5C55736572735C6C65C2
:104958006D6F6E5C2E636172676F5C7265676973F9
:104968007472795C7372635C696E6465782E6372C5
:10497800617465732E696F2D313934396366386314
:1049880036623562353537665C656D626173737999
:104998002D73796E632D302E382E305C7372635C04
:1049A8007075627375625C6D6F642E727300433A42
:1049B8005C55736572735C6C656D6F6E5C726D6B64
:1049C8005C726D6B5C7372635C6576656E745C6259
:1049D8006174746572792E727300433A5C5573651D
:1049E80072735C6C656D6F6E5C2E636172676F5C71
:1049F80072656769737472795C7372635C696E64FB
:104A080065782E6372617465732E696F2D31393440
:104A1800396366386336623562353537665C747279
:104A28006F75626C652D686F73742D302E382E305B
:104A38005C7372635C6174747269627574655F73C8
:104A480065727665722E727300433A5C55736572AF
:104A5800735C6C656D6F6E5C2E636172676F5C7200
:104A6800656769737472795C7372635C696E646597
:104A7800782E6372617465732E696F2D31393439FC
:104A88006366386336623562353537665C737461E0
:104A98007469635F63656C6C2D322E312E315C73E3
:104AA80072635C6C69622E7273001072616E676566
:104AB80020656E6420696E64657820C022206F7559
:104AC80074206F662072616E676520666F7220734E
:104AD8006C696365206F66206C656E67746820C0BA
:104AE80000433A5C55736572735C6C656D6F6E5C00
:104AF8002E636172676F5C72656769737472795C43
:104B08007372635C696E6465782E63726174657331
:104B18002E696F2D313934396366386336623562F0
:104B2800353537665C6465666D742D312E312E31EE
:104B38005C7372635C6C69622E727300433A5C55F5
:104B4800736572735C6C656D6F6E5C2E6361726702
:104B58006F5C72656769737472795C7372635C69A0
:104B68006E6465782E6372617465732E696F2D317A
:104B78003934396366386336623562353537665C91
:104B880074726F75626C652D686F73742D302E3872
:104B98002E305C7372635C6174742E727300FFFF55
:104BA800FFFF1F00433A5C55736572735C6C656D5B
:104BB8006F6E5C726D6B5C726D6B5C7372635C7351
:104BC800746F726167655C6D6F642E727300433A2F
:104BD8005C55736572735C6C656D6F6E5C726D6B42
:104BE8005C726D6B5C7372635C6576656E745C6D2C
:104BF8006F642E7273001173746172742062797419
:104C08006520696E64657820C027206973206F75F8
:104C180074206F6620626F756E647320666F7220F1
:104C2800737472696E67206F66206C656E6774684E
:104C380020C0001272616E676520737461727420FF
:104C4800696E64657820C022206F7574206F6620B5
:104C580072616E676520666F7220736C6963652088
:104C68006F66206C656E67746820C000433A5C55B7
:104C7800736572735C6C656D6F6E5C2E63617267D1
:104C88006F5C72656769737472795C7372635C696F
:104C98006E6465782E6372617465732E696F2D3149
:104CA8003934396366386336623562353537665C60
:104CB800656D6265646465642D696F2D302E372ECD
:104CC800315C7372635C696D706C735C736C69637F
:104CD800655F6D75742E727300433A5C5573657227
:104CE800735C6C656D6F6E5C2E636172676F5C726E
:104CF800656769737472795C7372635C696E646505
:104D0800782E6372617465732E696F2D3139343969
:104D18006366386336623562353537665C74726F40
:104D280075626C652D686F73742D302E382E305C6B
:104D38007372635C73656375726974795F6D616EB4
:104D4800616765725C70616972696E675C63656EE4
:104D58007472616C2E727300433A5C55736572739A
:104D68005C6C656D6F6E5C2E636172676F5C7265FB
:104D78006769737472795C7372635C696E64657871
:104D88002E6372617465732E696F2D3139343963FE
:104D980066386336623562353537665C62742D680D
:104DA80063692D302E31302E315C7372635C6C690F
:104DB800622E727300433A5C55736572735C6C655E
:104DC8006D6F6E5C2E636172676F5C726567697385
:104DD8007472795C7372635C696E6465782E637251
:104DE800617465732E696F2D3139343963663863A0
:104DF80036623562353537665C6465666D742D726A
:104E080074742D312E332E305C7372635C6C69625E
:104E18002E7273000F556E6B6E6F776E206572720F
:104E28006E6F3A20C000433A5C55736572735C6CD0
:104E3800656D6F6E5C2E636172676F5C7265676922
:104E4800737472795C7372635C696E6465782E63DF
:104E580072617465732E696F2D3139343963663820
:104E68006336623562353537665C73657175656EB4
:104E78007469616C2D73746F726167652D382E309B
:104E88002E315C7372635C6C69622E727300433AF4
:104E98005C55736572735C6C656D6F6E5C2E6361D7
:104EA80072676F5C72656769737472795C73726339
:104EB8005C696E6465782E6372617465732E696FC0
:104EC8002D313934396366386336623562353537A2
:104ED800665C6E72662D7364632D302E342E305CE2
:104EE8007372635C7364632E727300433A5C557328
:104EF8006572735C6C656D6F6E5C726D6B5C726D08
:104F08006B5C7372635C7761746368646F675C6E13
:104F1800726635322E727300433A5C55736572734C
:104F28005C6C656D6F6E5C2E636172676F5C726539
:104F38006769737472795C7372635C696E646578AF
:104F48002E6372617465732E696F2D31393439633C
:104F580066386336623562353537665C656D626121
:104F68007373792D73796E632D302E382E305C7300
:104F780072635C6D757465782E727300433A5C5584
:104F8800736572735C6C656D6F6E5C2E63617267BE
:104F98006F5C72656769737472795C7372635C695C
:104FA8006E6465782E6372617465732E696F2D3136
:104FB8003934396366386336623562353537665C4D
:104FC800656D62617373792D6E72662D302E313185
:104FD8002E305C7372635C6770696F74652E7273D0
:104FE80000433A5C55736572735C6C656D6F6E5CFB
:104FF800726D6B5C726D6B5C7372635C6576656E0B
:10500800745C696E7075742E727300433A5C5573E4
:105018006572735C6C656D6F6E5C2E636172676F31
:105028005C72656769737472795C7372635C696ECC
:105038006465782E6372617465732E696F2D3139DA
:1050480034396366386336623562353537665C7481
:10505800726F75626C652D686F73742D302E382EE3
:10506800305C7372635C686F73742E727300433ABA
:105078005C55736572735C6C656D6F6E5C2E6361F5
:1050880072676F5C72656769737472795C73726357
:105098005C696E6465782E6372617465732E696FDE
:1050A8002D313934396366386336623562353537C0
:1050B800665C706F7374636172642D312E312E33A8
:1050C8005C7372635C766172696E742E72730043EE
:1050D8003A5C55736572735C6C656D6F6E5C2E63BC
:1050E8006172676F5C72656769737472795C7372F9
:1050F800635C696E6465782E6372617465732E698A
:105108006F2D313934396366386336623562353527
:1051180037665C62742D6863692D302E31302E310C
:105128005C7372635C646174612E727300433A5CF1
:1051380055736572735C6C656D6F6E5C2E6361721E
:10514800676F5C72656769737472795C7372635CAC
:10515800696E6465782E6372617465732E696F2D4C
:1051680031393439636638633662356235353766C6
:105178005C74726F75626C652D686F73742D302E58
:10518800382E305C7372635C7061636B65745F703A
:105198006F6F6C2E727300433A5C55736572735C63
:1051A8006C656D6F6E5C2E636172676F5C726567AC
:1051B80069737472795C7372635C696E6465782E66
:1051C8006372617465732E696F2D31393439636682
:1051D800386336623562353537665C72616E645F96
:1051E800636F72652D302E362E345C7372635C6289
:1051F8006C6F636B2E727300433A5C557365727300
:105208005C6C656D6F6E5C2E636172676F5C726556
:105218006769737472795C7372635C696E646578CC
:105228002E6372617465732E696F2D313934396359
:1052380066386336623562353537665C656D62613E
:105248007373792D6E72662D302E31312E305C736A
:1052580072635C7573625C6D6F642E727300433A9F
:105268005C55736572735C6C656D6F6E5C2E636103
:1052780072676F5C72656769737472795C73726365
:105288005C696E6465782E6372617465732E696FEC
:105298002D313934396366386336623562353537CE
:1052A800665C62742D6863692D302E31302E315C56
:1052B8007372635C6576656E742E7273000F656E2B
:1052C80064206279746520696E64657820C027203F
:1052D8006973206F7574206F6620626F756E6473D2
:1052E80020666F7220737472696E67206F66206C17
:1052F800656E67746820C000C0013AC0013AC000FA
:10530800433A5C55736572735C6C656D6F6E5C2EA9
:10531800636172676F5C72656769737472795C73D5
:1053280072635C696E6465782E6372617465732E4E
:10533800696F2D31393439636638633662356235C1
:105348003537665C656D62617373792D6E72662D93
:10535800302E31312E305C7372635C7477696D2E38
:10536800727300433A5C55736572735C6C656D6F5C
:105378006E5C2E636172676F5C72656769737472C5
:10538800795C7372635C696E6465782E63726174AC
:1053980065732E696F2D3139343963663863366227
:1053A8003562353537665C686561706C6573732D79
:1053B800302E392E335C7372635C7665635C6D6F77
:1053C800642E727300433A5C55736572735C6C6546
:1053D8006D6F6E5C726D6B5C726D6B5C7372635C2F
:1053E800696E7075745F6465766963655C62617423
:1053F800746572792E7273007372635C7472616380
:105408006B706F696E742E727300433A5C557365E6
:1054180072735C6C656D6F6E5C2E636172676F5C36
:1054280072656769737472795C7372635C696E64C0
:1054380065782E6372617465732E696F2D31393406
:10544800396366386336623562353537665C74723F
:105458006F75626C652D686F73742D302E382E3021
:105468005C7372635C6C326361705C7361722E7220
:105478007300433A5C55736572735C6C656D6F6E4F
:105488005C2E636172676F5C7265676973747279A9
:105498005C7372635C696E6465782E6372617465AF
:1054A800732E696F2D313934396366386336623546
:1054B80062353537665C667574757265732D7574FB
:1054C800696C2D302E332E33345C7372635C6675D1
:1054D800747572655C6D617962655F646F6E652E67
:1054E800727300433A5C55736572735C6C656D6FDB
:1054F8006E5C2E636172676F5C7265676973747244
:10550800795C7372635C696E6465782E637261742A
:1055180065732E696F2D31393439636638633662A5
:105528003562353537665C6E72662D6D70736C2D1D
:10553800302E342E305C7372635C666C6173682E37
:10554800727300433A5C55736572735C6C656D6F7A
:105558006E5C726D6B5C726D6B5C7372635C6576AE
:10556800656E745C73746174652E727300433A5C83
:1055780055736572735C6C656D6F6E5C726D6B5C98
:10558800726D6B5C7372635C696E7075745F646571
:10559800766963655C726F746172795F656E636F5B
:1055A8006465722E727300433A5C55736572735C5E
:1055B8006C656D6F6E5C726D6B5C726D6B5C73723B
:1055C800635C696E7075745F6465766963655C6158
:1055D80064635C6E72662E727300433A5C55736541
:1055E80072735C6C656D6F6E5C2E636172676F5C65
:1055F80072656769737472795C7372635C696E64EF
:1056080065782E6372617465732E696F2D31393434
:10561800396366386336623562353537665C74726D
:105628006F75626C652D686F73742D302E382E304F
:105638005C7372635C73656375726974795F6D61BD
:105648006E616765725C6D6F642E72730000000096
:10565800493A040064000000460000002A000000E7
:105668001837040065000000240000002400000032
:105678009847040081000000BA0000002F000000D5
:105688009847040081000000700000000D00000031
:10569800E14C04007E0000003A0100002F000000E9
:1056A800E14C04007E0000006B0100002B000000AC
:1056B800E14C04007E000000920100003C00000064
:1056C800E14C04007E0000005803000019000000AF
:1056D800E14C04007E000000610300003600000079
:1056E8006D3904006D000000E70000002A0000008A
:1056F8000A39040062000000A20000002700000030
:10570800E255040072000000DB03000028000000DE
:10571800E255040072000000E50300000E000000DE
:10572800E2550400720000006C0300001D00000038
:10573800E255040072000000710300000E00000032
:10574800E255040072000000720300002D00000002
:10575800E255040072000000560300001D0000001E
:10576800E2550400720000005A0300001400000013
:10577800E2550400720000005B0300001D000000F9
:10578800E255040072000000380300001300000016
:10579800E2550400720000003803000039000000E0
:1057A800E255040072000000380300001C000000ED
:1057B800E255040072000000850300002800000084
:1057C800E255040072000000AD0300001100000063
:1057D800E255040072000000C60300001400000037
:1057E800E255040072000000C70300001D0000001D
:1057F8002B5B00000803000008000000E7EC010034
:10580800DDE90100FDEC010055EA0100A5EA01000F
:1058180001EC010041EB0100F5EA010079F8010013
:10582800C5F80100AE3A04006200000087030000DA
:1058380032000000AE3A040062000000B20300002B
:105848001300000000000000040000000400000035
:10585800C5A302006C40040010000000FF00000017
:10586800160000006C400400100000000101000058
:105878001000000000000000000000000000000010
:105888000000000000000000000000000000000010
:105898000000000000000000000000000000000000
:1058A80000000000000000000000000000000000F0
:1058B80000000000000000000000000000000000E0
:1058C80000000000000000000000000000000000D0
:1058D80000000000000000000000000000000000C0
:1058E80000000000000000000000000000000000B0
:1058F80000000000000000000000000000000000A0
:10590800000000000000000000000000000000008F
:10591800000000000000000000000000000000007F
:10592800000000000000000000000000000000006F
:10593800000000000000000000000000000000005F
:10594800000000000007C0000000000000000FE099
:10595800000000000000001CE00000000000000043
:105968001CFE001E00000000003FFFF87F00000042
:105978000001FFFFFFF3800000000FF0001FE1802F
:105988000000003F000001C180000000F800000096
:105998000180000001E00000000380000003800097
:1059A80000000700000007000000000F0000000EC4
:1059B80000000000060000001C00000F00070000A7
:1059C8000019F80007E00300000039FC0003F003A9
:1059D80080000031FC0000000180000030FC000065
:1059E8000001C0000030F000000000C0000070E0BE
:1059F80000000000E0000070E0000000006000000F
:105A080070E00000000070000070E0000000003846
:105A1800000070E00000000038000030E0000000E6
:105A2800001C000039F0000000000E00001FFC0000
:105A38000000000700001FBF000000000380000FE7
:105A48000E0000000003C00007800000000001C035
:105A58000001E00000000000E00000F0000000008D
:105A680000700000700000000000380000700000A6
:105A78000000001C00007000000000000E00007014
:105A88000000000000070000700000000000070090
:105A9800007000000000000380007000000000009B
:105AA80001C00070000000000001C000700000008C
:105AB800000000E00030000000000000E0003000BE
:105AC80000000000007000300000000000007000BE
:105AD8003000000000000030003800000000000026
:105AE80038003800000000000018003800000000EE
:105AF80000001800180000000000001C001800003A
:105B0800000000001C00180000000000001C001C21
:105B18000C00000000001C001C1C00000000000C11
:105B2800001C0C00000000000C000C0C01800C0094
:105B3800000C001C0C01803C00000C003C0C018097
:105B4800F800001C00FC0E0181E000001C3FEC0E78
:105B580003838000001CFFCE0E038700000018EFAF
:105B68000E0E030E00000038C00E0E031C000000CD
:105B780038E00E0E073800000070E00E0E07F8003F
:105B8800000070701C0E0FF8000000E03DF81E0FBA
:105B980038000001C01FF03C1F18000007800FEEFE
:105BA800F83F0000000F00007FF27F0000007E0039
:105BB800003FFFFF80001FF80000003FFFE07FFF6D
:105BC800E00000000700FFFFFC0000000000007F6D
:105BD800F8000000000000000000000000000000C5
:105BE80000000000000000000000000000000000AD
:105BF800000000000000000000000000000000009D
:105C0800000000000000000000000000000000008C
:105C1800000000000000000000000000000000007C
:105C2800000000000000000000000000000000006C
:105C3800000000000000000000000000000000005C
:105C4800000000000000000000000000000000004C
:105C5800000000000000000000000000000000003C
:105C6800000000000000000000000000000000002C
:105C7800000000000000000000000000000000001C
:105C8800000000000000000000000000000000000C
:105C980000000000000000000000000000000000FC
:105CA80000000000000000000000000000000000EC
:105CB80000000000000000000000000000000000DC
:105CC80000000000000000000000000000000000CC
:105CD80000000000000000000000000000000000BC
:105CE80000000000000000000000000000000000AC
:105CF800000000000000000000000000000000009C
:105D0800000000000000000000000000000000008B
:105D1800000000000000000000000000000000007B
:105D2800000000000000000000000000000000006B
:105D3800000000000000000000000000000000005B
:105D4800000C07F0000000C000003C1FF00007E056
:105D5800700000703C300007F8380000C0703380D5
:105D6800061C0C000180C03F80760E06000381C02F
:105D78007D80FE0703000301807880DE03030006B0
:105D88000300E0C0C7018180060301C0C0C3818150
:105D9800800C030100C0C08180C00C03000180C0DA
:105DA8000180C01802000180C00180C018020001F3
:105DB80080C001804018030003006001807FFC0759
:105DC8000003006001C3FFFF8E0006003000EFE013
:105DD80033F8000C0038007C603070001C001C0098
:105DE8007060303000700007F0E46020201FE00091
:105DF80003F9CE0006003F8000001F0C000600706B
:105E08000000000F00380000E0000000060FFFC08F
:105E180003E00000000C7FC7F802300000000DF01E
:105E2800003E00380000001F80000F00180000002E
:105E38001E000003801800000038000001C00C009C
:105E4800000070000000600C000000E0000000701E
:105E58000C000000C00001E0300C000001DF8000F1
:105E6800FC300C0000019FC0003C180C0000019F92
:105E7800C00000180C0000030F800000180C000080
:105E8800030600000018060000030E0000001807B3
:105E98000000030E00000018030000030C000000BF
:105EA80018030000030C00000018030000038E0014
:105EB800000030070000018F0000003007000001DB
:105EC800FFC00000600F800000F9E00000E019C08A
:105ED800000070600001C030C0000038000003807E
:105EE800E0E000001E00000F03C07000000FC000BB
:105EF8003C0F003800000DF803F03C001C00000CBB
:105F08003FFFC1F0000E00000F03F80FC0000700AC
:105F18000007F001FE000003000007FFFFF000008B
:105F2800038000070FFE00000001C000070000000A
:105F3800000000C00007000000000000E0000300AF
:105F48000000000000600003000000000000700076
:105F58000300000000000030000300000000000003
:105F68003800030000000000001800038000000053
:105F780000001800018000000000001C00018000E3
:105F8800000000001C00018000000000000C00015F
:105F98008100000000000C00018180000000000C5E
:105FA8000001C180000000000C0001C18030020027
:105FB800000C0001C180300F00000C0003C1C0704C
:105FC8003E00000C0007C0C0707800000C03FEC043
:105FD800C060E000001C07F8C0C061C000001C06DB
:105FE80060C0C0E3800000180600C0C0E7000000E1
:105FF800380600C1C0FE000000300700C1C1FE0025
:106008000000700383C1C1FE000000E001FF0383AC
:10601800C6000001C000FE4783C0000007800007DB
:10602800FF47E000001F000003FFFFF00001FC0035
:10603800000003FFF807FFF000000000F03FFFFF3B
:106048000000000000000FFE00000000000000003B
:106058000000000000000000000000000000000038
:106068000000000000000000000000000000000028
:106078000000000000000000000000000000000018
:106088000000000000000000000000000000000008
:1060980000000000000000000000000000000000F8
:1060A80000000000000000000000000000000000E8
:1060B80000000000000000000000000000000000D8
:1060C80000000000000000000000000000000000C8
:1060D80000000000000000000000000000000000B8
:1060E80000000000000000000000000000000000A8
:1060F8000000000000000000000000000000000098
:106108000000000000000000000000000000000087
:106118000000000000000000000000000000000077
:106128000000000000000000000000000000000067
:106138000000000000000000000000000000000057
:106148000000000000000000000000000000000047
:106158000000000000000000000000000000000037
:106168000000000000000000000000000000000027
:106178000000000000000000000000000000000017
:106188000000000000000000000000000000000007
:10619800000000000000000000000000000001E016
:1061A8000000000000000003F000000000000000F4
:1061B800073800000000000000061800000000007A
:1061C80000000618000000000000001F3800000052
:1061D800000000007FF000000000000000F3E00075
:1061E800000000000003C3000000000000000F07CB
:1061F800000000000000003E070000000000000052
:10620800780600000000000001E006000000000021
:10621800000780060000000000001F000E000000BC
:106228000000003C000C000000000007F8000C0013
:10623800000000001FFF000C00000000001807E02D
:106248000C00000000003000F81C00000000003FB7
:10625800E03C180000000001FFFE0FF800000000FD
:106268000FE03FC3F8000000001E0003FF380000E5
:1062780000007800007E1800000000E000000C1804
:1062880000000001C000000038000000038000008A
:1062980000700000000720001C006000000006FCE1
:1062A800001F80700000000EFE0007803000000014
:1062B8000C7E000000380000000C3C0000001800B4
:1062C80000000C300000001C0000000C70000000F2
:1062D8000C0000000C60000000060000080C6000C4
:1062E80000000700003F0C70000000030000738CE2
:1062F800F0000000018000CD8FBE00000001C0004A
:10630800DF9F7F00000000E000DDFBE000000000F0
:106318007000CFF7E0000000003800E73E70000092
:1063280000001C0073F838000000000E003FC03069
:10633800000000000600000030000000000300001C
:106348000030000000000380000030000000000161
:10635800C00000300000000000C00000380000004D
:106368000000E000001800000000006000001800B5
:10637800000000007000001800000000003000005D
:106388001800000000003800001800000000001885
:1063980000001800000000001800001C00000000A9
:1063A800001C00000C00000000000C00000C0000A5
:1063B8000000000C00000C18000000000C00000C8D
:1063C80018000000000C00000C18000000000C0071
:1063D800000C180601C0000C00000E1C0607C000C7
:1063E8000C00003E0C060F00000C000EFE0C0E1CEC
:1063F80000000C001FE60C0C3800001C0039860C4D
:106408000C700000180038060C1CE000003800185A
:10641800061C1FC0000030001C0E1C1FC0000070AE
:10642800000E7C1C3DC00000E00007F838784000F2
:1064380001C00001FEF07C0000078000003FF6FC70
:1064480000007F0000000F3FFE00FFF80000000082
:106458001F07FFFFC0000000000001FFC000000090
:106468000000000000000000000000000000000024
:106478000000000000000000000000000000000014
:106488000000000000000000000000000000000004
:1064980000000000000000000000000000000000F4
:1064A80000000000000000000000000000000000E4
:1064B80000000000000000000000000000000000D4
:1064C80000000000000000000000000000000000C4
:1064D80000000000000000000000000000000000B4
:1064E80000000000000000000000000000000000A4
:1064F8000000000000000000000000000000000094
:106508000000000000000000000000000000000083
:106518000000000000000000000000000000000073
:106528000000000000000000000000000000000063
:106538000000000000000000000000000000000053
:106548000000000000000000000000000000000043
:106558000000000000000000000000000000000033
:106568000000000000000000000000000000000023
:1065780000400000000000000000C0000000000013
:10658800000001800000000000000003000000007F
:1065980000000000030000000000000000030000ED
:1065A80000000000000003000000000000000001DF
:1065B800C00300000000000000E0018000000000AF
:1065C80000003800C00000000000001800C00000F3
:1065D800000000001800C00000000000001800C003
:1065E8000000000000003001C0000000000000E0D2
:1065F8000380000000000001C00F00000000000040
:1066080003001C0000000000000300300000000030
:1066180000000200600000000000000300600000AD
:106628000000000003806000000000000001C0308E
:106638000000000000000000300000000000000022
:106648000000000000000000000000000000000042
:1066580000000000000000000000F1FF80000000C2
:106668000001FFFFFFE00000000007FF0F00F0003F
:1066780000000006060C0030000000000C0C0FF0B3
:1066880018000000000C3C1FF038000000000C7ED1
:106698001C003C000000000C07FC007F000000000C
:1066A8000C7FFF0063800000000FFFFFF0F1C000C7
:1066B80000001FE03FFFF8C00000007E0001FF9CC3
:1066C800C0000000F000007C06C0000003C000000D
:1066D8001F07C00000078000000783C000000E00ED
:1066E800000001C18000001C00000000F1800000D3
:1066F80038000000007980000033F0003E003D8043
:10670800000077F8001FC00F80000067FC0007C07A
:1067180007800000E3FC00000007800000E1F000B3
:10672800000003800000C0C000000001800000C01D
:10673800C000000001C00000C0C000000000E00070
:1067480000C1C000000000E00000E1C0000000003F
:1067580070000061C00000000038000073E0000015
:1067680000001C00007FF8000000000E00003E3E04
:10677800000000000700001E1C000000000380004D
:106788000F000000000001C00007C000000000006A
:10679800E00001E00000000000700000E0000000E0
:1067A8000000380000E000000000001C0000E000CD
:1067B800000000000E0000E000000000000E0000D5
:1067C800E000000000000700006000000000000377
:1067D80080006000000000000180006000000000F0
:1067E8000001C00060000000000000C00070000050
:1067F80000000000E00070000000000000600030B1
:1068080000000000000070003000000000000030B0
:1068180000300000000000003800380000000000D0
:1068280000380038000000000000180018000000C0
:106838000000001800180000000000001C001C00E8
:1068480000000000001C001C0600000000000C00F6
:106858000C0600000000000C000C0600C000000040
:106868000C000C0600C00300000C000E0700C00F4F
:1068780080000C001E0701C03E00000C077E0701C7
:10688800C0F800000C0FF6070181E000001C1FC7CC
:10689800070183C000001C180707038700000018C1
:1068A8001C0707038E000000380C070703FE0000D2
:1068B80000380E070707FE00000070070E0F07CE0E
:1068C800000000E003FC0E0FC2000001E001FA3CEA
:1068D8000DC0000003C0003F7F1FC000000F000074
:1068E8001FFFFFE00000FE0000078FF07000FFF8B8
:1068F80000000000003FFFFF8000000000001FFFB5
:10690800F00000000000000000000000000000008F
:10691800000000000000000000000000000000006F
:10692800000000000000000000000000000000005F
:10693800000000000000000000000000000000004F
:10694800000000000000000000000000000000003F
:10695800000000000000000000000000000000002F
:10696800000000000000000000000000000000001F
:10697800000000000000000000000000000000000F
:1069880000000000000000000000000000000000FF
:1069980000000000000000000000000000000000EF
:1069A80000000000000000000000000000000000DF
:1069B80000000000000000000000000000000000CF
:1069C80000000000000000000000000000000000BF
:1069D80000000000000000000000000000000000AF
:1069E800000000000000000000000000000000009F
:1069F800000000000000000000000000000000008F
:106A0800000000000000000000000000000000007E
:106A1800000000000000000000000000000000006E
:106A28000000000000003FF000000000000000FF30
:106A3800FE00000000000003C3FF8000000000000B
:106A4800070FFBC000000000000C1C1CE000000049
:106A5800000018380E600000000000307806300092
:106A6800000000FFF0F807300000000FFFFFFFF301
:106A78001F0000001F003FFFFF3F8000003800009C
:106A88007FDFF9C000006000001CE1F0C00000607A
:106A980000000E7060C00000C00000073000C00099
:106AA80000C0000003FFFFC00000C0000003FFFF9C
:106AB800E00000C00000030018600000C0000003F0
:106AC8000018600000C00000030018600000C0004B
:106AD8000003F81FE00000C03E0007FC3FE0000094
:106AE800607F80063FF0E000007BFDC00E73E06031
:106AF80000003F9CF83CE0007000000E183FFFC00B
:106B08000030000006180FFF0000380000061800CB
:106B18000000001C00000618000000000C00000720
:106B28001C000000000E0000037E000000000700AB
:106B38000003F7C000000003800001E3C00000006C
:106B480001C00000F00000000000E0000078000034
:106B58000000007000001C00000000003800000E5B
:106B680000000000001800000C00000000001C00DD
:106B7800000C00000000000E00000C0000000000E7
:106B88000700000C00000000000380000C0000005B
:106B980000000180000C000000000001C0000E0091
:106BA8000000000000E0000E000000000000E0000F
:106BB8000E00000000000070000600000000000049
:106BC8007000060000000000003000060000000011
:106BD8000000380006000000000000180007000050
:106BE800000000001800070000000000001C00035F
:106BF8000000000000001C00030000000000000C62
:106C080000030300000000000C0003030000000064
:106C1800000C00038300000000000C0003830060E8
:106C28000600000C00038380601E00000C00078330
:106C380080607C00000C001F8180E0F000001C0FC9
:106C4800FD8180E1E000001C0FF18180C38000001D
:106C5800181CC18180C70000001818018181CE006E
:106C68000000381C018381FC000000700E03838340
:106C7800FC00000070070F8383FE000000E003FEA5
:106C8800070786000003C001FD8F07C000000780CA
:106C9800000FFE8FC000003F000007FFFFE0000369
:106CA800FC00000007FFF01FFFF000000001E03FBC
:106CB800FFFF0000000000001FFC000000000000B3
:106CC80000000000000000000000000000000000BC
:106CD80000000000000000000000000000000000AC
:106CE800000000000000000000000000000000009C
:106CF800000000000000000000000000000000008C
:106D0800000000000000000000000000000000007B
:106D1800000000000000000000000000000000006B
:106D2800000000000000000000000000000000005B
:106D3800000000000000000000000000000000004B
:106D4800000000000000000000000000000000003B
:106D5800000000000000000000000000000000002B
:106D6800000000000000000000000000000000001B
:106D7800000000000000000000000000000000000B
:106D880000000000000000000000000000000000FB
:106D980000000000000000000000000000000000EB
:106DA80000000000000000000000000000000000DB
:106DB80000000000000000000000000000000000CB
:106DC80000000000000000000000000000000000BB
:106DD80000000000000000000000000000000000AB
:106DE800000000000000000000000000000000009B
:106DF800000000000000000000000000000000008B
:106E0800000000000000000000000000000000007A
:106E1800000000000000000000000000000000006A
:106E2800000000000000000000000000000000005A
:106E3800000000000000000000000000000000004A
:106E4800000000000000000000000003800F0000A8
:106E5800000000000FE1DB0000000000000FE1F976
:106E68000000000000001C733B0000000000001F31
:106E7800FFBFC000000007E03FFFFEFC0000000F5E
:106E8800F9FF8FF67E0000001FDFE0033E67000079
:106E9800001FBF00033FC30000003E7C01E3F383F3
:106EA8000000003CFE07F9F3030000003BFFCFFCA5
:106EB8001E0700000036FFFFEE0C0E0000001FFC4E
:106EC8007FDF001C0000001FF83FBF001C0000000F
:106ED8001FF03F7FFFFE0000003BE03CDFFFFF00AC
:106EE8000000700019BFE00780000077E01B7F00FA
:106EF800078000006FF00EFE0003800000E7F80F27
:106F0800FE0003800000E7F007FC0001C00000C39A
:106F1800E000F00001C00000C38000000000E000B5
:106F280000C38000000000E00000E38000000000D3
:106F3800700000E38000000000380000638000005B
:106F480000003800006380000000001C000077C0CB
:106F5800000000000E00003FF800000000070000DD
:106F68001E7C000000000380001E180000000001C5
:106F7800C0000F000000000001E00003C000000096
:106F88000000F00001E00000000000780000700040
:106F9800000000003C00007000000000001C000021
:106FA8007000000000000E000070000000000007E4
:106FB8000000700000000000038000700000000066
:106FC8000003800070000000000001C00070000095
:106FD80000000000C00070000000000000E0003069
:106FE8000000000000006000300000000000007099
:106FF80000300000000000003000300000000000F9
:107008000038003800000000000038003800000098
:107018000000001800380000000000001C001800E4
:1070280000000000001C00180000000000001C0008
:10703800180000000000001C001C1C0000000000DC
:107048001C001C1C00000000000C001C1C00800020
:1070580000000C000C0C01801C00000C001C0C0132
:10706800807C00000C003C0E0180F800001C007CB5
:107078000E0381E000001C3FEE0E03878000001C19
:10708800FFCE0E038F00000018FF0E0E030E000047
:107098000038C00E0E071C00000038E00E0E07383E
:1070A80000000070E00E0E07F800000070701C1E53
:1070B8000FF8000000E03DF81E0F38000001C01F67
:1070C800F03C1F18000007800FEEF83F0000001F7B
:1070D80000007FF67F800000FE00003FFFFF800079
:1070E8007FF80000003FFFE3FFFFE000000007001B
:1070F800FFFFFC0000000000007FF000000000001F
:107108000000000000000000000000000000000077
:107118000000000000000000000000000000000067
:107128000000000000000000000000000000000057
:107138000000000000000000000000000000000047
:107148000000000000000000000000000000000037
:107158000000000000000000000000000000000027
:107168000000000000000000000000000000000017
:107178000000000000000000000000000000000007
:1071880000000000000000000000000000000000F7
:1071980000000000000000000000000000000000E7
:1071A80000000000000000000000000000000000D7
:1071B80000000000000000000000000000000000C7
:1071C80000000000000000000000000000000000B7
:1071D80000000000000000000000000000000000A7
:1071E8000000000000000000000000000000000097
:1071F8000000000000000000000000000000000087
:107208000000000000000000000000000000000076
:107218000000000000000000000000000000000066
:107228000000000000000000000000000000000056
:10723800000000000000000000000000003800000E
:107248000000000000003000000000000000007096
:1072580000000000000000046000000000000000C2
:107268003FFE00000000000000FFFF80000000005B
:107278000001C0E3C000000000000383D0E000006C
:107288000000000301F0700000000000030000305F
:1072980000000000000600003000000000000600AA
:1072A8000038000000000006000038000000000060
:1072B800060000380000000000060000380000004A
:1072C8000000060000300000000000070000300049
:1072D8000000000003000070000000000003000030
:1072E800600000000000038000E0000000000003D0
:1072F8008000C000000000000FC001C000000000B6
:10730800000EE0038000000000001C7FCF0C00008E
:107318000000001FFFFE3F0000000000FFFFFE7F8F
:107328008000000007F8003FE1800000001F800097
:1073380003C1800000007C0000008180000001F093
:107348000000000380000003C0000000038000006C
:107358000700000000070000000E00000000060003
:1073680000001C000006000700000019F00007E0FC
:107378000300000039FC0003F00380000031FC002A
:1073880000400180000030FC00000001C000003017
:10739800F800000000C0000070E000000000E000FD
:1073A8000070E00000000060000070C000000000F5
:1073B80070000070C00000000038000070C00000BD
:1073C800000038000030E0000000001C000039E038
:1073D800000000000E00003FF80000000007000059
:1073E8001FBF000000000380000F0E000000000314
:1073F800800007800000000001C00003E0000000DA
:107408000000E00000F000000000007000007000C4
:10741800000000003800007000000000001C0000A0
:107428007000000000000E00007000000000000660
:10743800000070000000000007000070000000005D
:107448000003800070000000000001C00070000010
:1074580000000001C00070000000000000E00030E3
:107468000000000000006000300000000000007014
:107478000030000000000000300030000000000074
:10748800003000380000000000003800380000001C
:107498000000001800380000000000001800180064
:1074A80000000000001C00180000000000001C0084
:1074B800180000000000001C00180C00000000006C
:1074C8000C001C1C00000000000C001C0C0000003C
:1074D80000000C000C0C01800C00000C001C0C01BE
:1074E800803C00000C003C0C0180F800000C007C83
:1074F8000E0181E000001C3DEC0E03838000001C9F
:10750800FF8E0E038700000018EF0E0E030E00001A
:107518000018C00E0E031C00000038C00E0E0738FD
:1075280000000030E00E0E07F800000070701C0E1E
:107538000FF8000000E03DF81C0F38000001C01FE4
:10754800F03C1F08000003800FEC783F0000000F9C
:1075580000007FF23F0000007E00003FFFFF800038
:107568001FF80000003FFFE07FFFE000000003007D
:10757800FFFFFC0000000000007FF000000000009A
:1075880000000000000000000000000000000000F3
:1075980000000000000000000000000000000000E3
:1075A80000000000000000000000000000000000D3
:1075B80000000000000000000000000000000000C3
:1075C80000000000000000000000000000000000B3
:1075D80000000000000000000000000000000000A3
:1075E8000000000000000000000000000000000093
:1075F8000000000000000000000000000000000083
:107608000000000000000000000000000000000072
:107618000000000000000000000000000000000062
:107628000000000000000000000000000000000052
:107638000000000000000000000000000000000042
:107648000000000000000000000000000000000032
:107658000000000000000000000000000000000022
:107668000000000000000000000000000000000012
:1076780000000000000000000000000000FE000004
:10768800000000000003FF80000000000000070168
:10769800C00000000000000C00E000000000000036
:1076A8001C0060000000000000180030000000000E
:1076B80000001820300000000000007E703000003C
:1076C80000000000E67030000000000000E600380E
:1076D8000000000000007E001C0000000000003CCC
:1076E800000F000000000000180003F00000000078
:1076F80000380019F8000000000030001E180000D3
:1077080000000030000618000000000030060630B7
:1077180000000000003006073000000000003003C1
:10772800833000000000003001FF6000000000000E
:107738003000FEE00000000000380001C00000003A
:1077480000001C00038C00000000001E00073F0022
:1077580000000000FF803E7F8000000007FFFFFF61
:10776800E3800000001F807FE7C1800000007C00EC
:1077780000008180000001F0000000038000000389
:10778800C000000003800000078000000007000020
:10779800000E000000000E0000001C00000600079C
:1077A8000000001DF00007C00700000039FC0007BA
:1077B800F00380000039FC0000E00380000031FC89
:1077C80000000001C0000030F800000001C0000007
:1077D80070E000000000E0000070E000000000E041
:1077E800000070E00000000070000070C0000000A1
:1077F8000038000070E00000000038000030E000B1
:107808000000001C000030E0000000000E00003FF7
:10781800F8000000000F00001FBF00000000070074
:10782800000F0F0000000003800007800000000028
:1078380001C00003C00000000000E00000F00000EC
:1078480000000070000070000000000038000070A8
:1078580000000000001C00007000000000000E0086
:10786800007000000000000E000070000000000022
:107878000700007000000000000380007000000096
:10788800000001C00070000000000001C00070008E
:107898000000000000E00070000000000000E000B0
:1078A8003000000000000070003000000000000000
:1078B80070003000000000000030003800000000B8
:1078C80000003800380000000000003800380000D0
:1078D800000000001800180000000000001C00183C
:1078E8000000000000001C00180000000000001C40
:1078F800001C0800000000000C001C1C0000000018
:10790800000C001C0C00000000000C000C0C018096
:107918000C00000C001C0C01803C00000C003C0C0E
:107928000180F800000C007C0E0181E000001C3F83
:10793800EC0E0383C000001CFFCE0E03870000007E
:1079480018EF0E0E030E00000038C00E0E071C00C4
:10795800000038C00E0E073800000070E00E0E0759
:10796800F000000070701C0E0FF8000000E03DF8F9
:107978001C0F38000001C01FF03C1F1800000380D6
:107988000FECF83F0000000F00007FF27F000000BE
:107998007E00003FFFFF80001FF80000003FFFE06F
:1079A8007FFFE00000000700FFFFFC000000000070
:1079B800007FF80000000000000000000000000048
:1079C80000000000000000000000000000000000AF
:1079D800000000000000000000000000000000009F
:1079E800000000000000000000000000000000008F
:1079F800000000000000000000000000000000007F
:107A0800000000000000000000000000000000006E
:107A1800000000000000000000000000000000005E
:107A2800000000000000000000000000000000004E
:107A3800000000000000000000000000000000003E
:107A4800000000000000000000000000000000002E
:107A5800000000000000000000000000000000001E
:107A6800000000000000000000000000000000000E
:107A780000000000000000000000000000000000FE
:107A880000000000000000000000000000000000EE
:107A980000000000000000000000000000000000DE
:107AA80000000000000000000000000000000000CE
:107AB8000000000000000000000000001FF00000AF
:107AC8000000000000FFFE00000000000001F01FA1
:107AD800000000000000078003800000000000068E
:107AE800000CC000000000000CC01C60000000007A
:107AF800001CFFFC300000000000187FFC3800006C
:107B080000000030601C1C000000000030C00C0C9D
:107B1800000000000070C00006000000000060C007
:107B280000070000000000600000030000000000E3
:107B380060000003E000000000E0000001F8000021
:107B48000000C0000001D800000000C0000000CC08
:107B580000000000C0000000CC00000000C00000D1
:107B680000F800000000C00000007800000000C01D
:107B78000000006000000000C0000000600000007D
:107B880000C00000403000000000C000006030006D
:107B9800000000C00000C03000000000C00000C0AD
:107BA8003000000000C00000C03000000000C0002D
:107BB80000C03000000000C00000003000000000DD
:107BC800C00000003800000000C0000000180000DD
:107BD8000000C00000000C00000000E00000000CE5
:107BE80000000000E00000000C0000000060000041
:107BF80003F80000000060000001F80000000060C9
:107C08000000001800000000600000000C000000E8
:107C180000600000000C000000006000000006008A
:107C2800000000600000000300000000E000000009
:107C38000380000000C000000001801F0000C00099
:107C4800000000C0FFE000C000000000E1C07800B4
:107C5800C18000000063001F00C1800000003600E2
:107C680001C0C3000000003E000260C30000000025
:107C78001C000330C7000000003C000C18C60000C0
:107C8800000038001E18CE0000000078001E0CEC22
:107C98000000000038000C0C7C00000000180000F8
:107CA8000C78000000001000000C300000000010EC
:107CB80000060C30000000007000060C30000000C8
:107CC800007000000C30000000007803001830003D
:107CD800000000380E00183000000000181C0030AA
:107CE80030000000001830006070000000000C3008
:107CF80001C030000000000C6007003000000000E8
:107D080006600E00307800000007600C0030F000BC
:107D1800000007E0380033C000000007E0700037BB
:107D28000000000006E3E00036000000000E3F609F
:107D3800003C000000000C3C30003C000000001C2F
:107D480007300038000000001803980038000000D1
:107D5800003800F000300000000070002000300003
:107D6800000000600000003000000000E00000009B
:107D78003000000001C00000003000000007800053
:107D88000000300000000F00000000300000003C40
:107D98000000000030000000F800000000383E003D
:107DA80003E000000000383FF87F80000000003842
:107DB80071FFFE000000000018E01FC00000000076
:107DC8000018C00000000000000019C000000000FA
:107DD8000000001F80000000000000000F000000ED
:107DE800000000000000000000000000000000008B
:107DF800000000000000000000000000000000007B
:107E0800000000000000000000000000000000006A
:107E1800000000000000000000000000000000005A
:107E2800000000000000000000000000000000004A
:107E3800000000000000000000000000000000003A
:107E4800000000000000000000000000000000002A
:107E5800000000000000000000000000000000001A
:107E68000000000000000000000000003E00670065
:107E7800E380E9808C80C980E380E380C9808C80BE
:107E8800E980E38067003E00000000000000000079
:107E980000000000000000000000110000000000C9
:107EA8000085002120082082000000020085147A45
:107EB800A408208A80000002008514A14A084047CF
:107EC8000800000400803EA04A00404A88000004E0
:107ED80000801470840040423E03E00800803E2980
:107EE8000A004040080000100080142949804040E2
:107EF80008000010000014F2A900208000300220C1
:107F0800008000224680208000200720000000001A
:107F18000000110000400200000000000000000006
:107F28000000000000000000000000000000000049
:107F380000000000000000000000000020873E1341
:107F4800E73E71C00008081C5188821208828A2006
:107F5800001004228A88843208048A220820022217
:107F680088808852C8048A271C43E10288811C53F0
:107F78002F0871E20880008488820290288888206F
:107F880000400108888402F8289088200023E2082D
:107F98005088221228908A220C10040023EF9C118A
:107FA800C71071C708080808000000000000000298
:107FB80010000000000000000000000000000000A9
:107FC80000000000000000000000000000000000A9
:107FD8000000000000000000708F1CF3EF9C89C3B4
:107FE800A282289C8944A24A0822888122822CA243
:107FF8008A24A04A0820888124836CA29A24A04A53
:10800800082088812882AAA2AA27204BCF20F8819D
:108018003082AAA2ABE4A04A08268881288229A235
:10802800B224A04A08228881248229A28224A24A52
:1080380008228889228228A27A2F1CF3E81C89C684
:1080480022FA289C00000000000000000000000048
:108058000000000000000000000000000000000018
:108068000000000000000000000000000000000008
:108078001C01C000F1CF1CFA28A28A2F9080420070
:108088008A28A22228A28A20908045008A28A02235
:1080980028A25141104048808A28A02228A2514194
:1080A80010404000F22F1C22252A20821020400078
:1080B800822A0222252A5084101040008229022296
:1080C800252A50841010400082A8A222222A8888DB
:1080D8001008400081C89C21C214888F9008400075
:1080E80000200000000000001C01C03E000000004D
:1080F8000000000000000000000000000000000078
:108108000000000020000000000000000000000047
:108118001008000803008000206000000008000824
:1081280004808081202000000008000804008000EE
:108138002020000001CF1C79C41CB18324234B1CD0
:108148000028A28A2F22C8812822ACA201E8A08B8D
:10815800E42288813022A8A20228A08A04228881E9
:108168002822A8A20268A28A241E88812422A8A202
:1081780001AF1C79C40289C92272289C0000000042
:10818800002200090000000000000000001C00069A
:1081980000000000000000000000000000000000D7
:1081A80000000000000000000603000000000000BE
:1081B800000000000820849C00000040000000002F
:1081C80008208AA200000040000000000820892240
:1081D800F1EB1CF228A28A2F882080028A2CA24266
:1081E80028A25221302060048A28184228AA222274
:1081F800082080088A280442252A2264082080084A
:10820800F1E8224A652A51A80820800080281C31FC
:10821800A214882F882080088020000000000220F7
:108228000603000080200000000001C000000000DC
:1082380000207F0038820400030000001F000000B7
:10824800000000000C00000004000000C77D0200D0
:10825800907E0400A8030000600000004E000000AB
:108268003C82040048820400060000000D00000063
:10827800000000000A0000000600000001000000E5
:108288000C000000010000005882040002020102F4
:108298002D2D00000000000042415345030000005E
:1082A80062746C6574727565060000004D70736CBD
:1082B8007575696446554E434275737920202020B0
:1082C8004F70656E52414953454C4F5745524D4F7B
:1082D80055534500A082040004000000CC8204002D
:1082E80005000000D182040005000000BC820400E3
:1082F80004000000D6820400050000000000000011
:108308000000000000000000000000000000000065
:108318000000000000000000000000000000000055
:108328000000000000000000000000000000000045
:108338000000000404800000000010040800000091
:108348000000000000040484808108C010080402B2
:108358000000000000020004048483E29120100859
:108368000412400000000004000404848492912058
:108378001010020A8100000000040004001FE481BC
:10838800212000100207010000000008000400047A
:10839800828040C00010020A810000000010000422
:1083A800000481C040C4001002124FE003F800101E
:1083B8000000001FE0A09128001002020100000048
:1083C8000020000000048091291000100200010024
:1083D80000000040000400048491292800080400DB
:1083E8000100C00030400004000483E210C400080B
:1083F80004000000C0003080000000000080000081
:108408000004080000004000000000000000000018
:1084180000000000000000008000000000000000D4
:108428000000000000000000000000000000000044
:108438000000000000000000000000000000000034
:108448000000000000000000000000000000000024
:108458000000000000000000000000000000000014
:108468000000000000000000000000000000000004
:1084780000000000000000000000000000000000F4
:1084880000000000000000001C04070FE023F8783B
:10849800FE1C0E00000000000038220C088020623C
:1084A8000080022211000000200080444114104086
:1084B80040A2010004412080000040004082412485
:1084C80000408122010004222083018080002002D4
:1084D800410400818223E170081C1183018103F8A3
:1084E8001004410401004420118808220E80000273
:1084F800000008084104020027F009041041008028
:10850800000100001010410404002020090410415B
:108518000080000083F820102204080840221088F8
:10852800102201030180400040001C3F9FC78021AA
:10853800E070101C1E030180200080100000000065
:1085480000000000000000000080000000000000A3
:108558000000000000000000000001000000000012
:108568000000000000000000000000000000000003
:1085780000000000000000000000000000000000F3
:1085880000000000000000000000000000000000E3
:1085980000000000000000000000000000000000D3
:1085A80000000000000000000000000000000000C3
:1085B80000000000000000000000000000000000B3
:1085C8000000000000000000000000001C041F0361
:1085D800C7C3F9FC38411F07C8240209047C220AD2
:1085E8001084242201004441040108440209048241
:1085F8004D0A10480412010082410401088403193D
:108608008482550A1088041201008041040109047B
:1086180002A9448255111F080413E1F0807F040168
:108628000A0402492482551F1088041201008E4151
:1086380004010D04020914825511104804120100A6
:1086480082410401088402090C824E2090480412D9
:108658000100824104110844020904822020908408
:1086680024220100444104110824020904821E2026
:108678009F03C7C3F90038411F0E0827F209047C7D
:1086880000000000000000000000000000000000E2
:1086980000000000000000000000000000000000D2
:1086A80000000000000000000000000000000000C2
:1086B80000000000000000000000000000000000B2
:1086C80000000000000000000000000000000000A2
:1086D8000000000000000000000000000000000092
:1086E8000000000000000000000000000000000082
:1086F8000000000000000000000000000000000072
:108708000000000000000000000003C001E00000BD
:108718007C0E1F07C7F209048241209FC204002073
:1087280020004211108820820904824120804202E0
:108738000020500041209048008209048222110044
:108748008202002088004120904800820888821414
:108758000A0102010021040042209087C082088893
:10876800920804020200802000007C209F002082E2
:10877800088892080404020080200000402092002B
:108788002082085092140408020040200000402271
:10879800910020820850922204100200202000003C
:1087A8004011108820811050AA4104100200202096
:1087B8000000400E9047C080E0204441041FC200E2
:1087C8001020000000004000000000000000000031
:1087D80003C001E001FE00000000000000000000EE
:1087E8000000000000000000000000000000000081
:1087F8000000000000000000000000000000000071
:108808000000000000000000000000000000000060
:108818000000000000000000000000000000100040
:108828000000000000000000000000000000000040
:108838000800000000000000000000000000000028
:10884800000004000000000000000000000000001C
:1088580000000000000010000010003800400C016B
:108868008803800000000000100000100044004051
:108878000000080080000000000010000010004404
:1088880000400000080080000000001F1787C3D1C7
:10889800F0407A5E1C03884083B1787C00009848D9
:1088A8002432084084610400888082498482000060
:1088B8009048041209F08441040089008249048226
:1088C800001F90480413F840844104008B0082493B
:1088D80004820020904804120040784104008C80F3
:1088E80082490482002198482432084080410400CB
:1088F800884082490482001E9787C3D1F0407C419A
:108908001F008823E209047C00000000000000002A
:108918008200000880000000000000000000000045
:108928000000820000088000000000000000000035
:10893800000000007C0000070000000000000000AC
:10894800000000000000000000000000000000001F
:10895800000000000000000000000000000000000F
:1089680000000000000000000000000000000000FF
:1089780000000000000000000000000000000000EF
:1089880000000000000000000000000000000000DF
:10899800000000E0838000000000000000000000EC
:1089A8000000000001008040C43800000000010001
:1089B8000000000000000100804124440000000085
:1089C80001000000000000000100804118825C0ED8
:1089D8009387C7E209048241109FC10080400002CA
:1089E80062118C482102090482221080860080309E
:1089F80000044120884801020888921409010100F6
:108A08008040000841208807C102088892080902AE
:108A18000100804000104120880021020850921473
:108A280009040100804000106211880821121850C2
:108A3800AA2206080100804000005C0E8807C0E1F9
:108A4800E8204441061FC0E08380001040008000F9
:108A5800000000000000040000008000000040004A
:108A6800800000000000000024000000000000005A
:108A78004000800000000000000018000000000016
:108A880000000000000000000000000000000000DE
:108A98000000000004830400980700009000000014
:108AA8006C0000003C8204004882040009000000B9
:108AB80012000000000000000D0000000900000086
:108AC800010000000F00000001000000000000008D
:108AD8009C8A0400020201021A4804007B0000007C
:108AE8009E0000000E0000001A4804007B000000F1
:108AF800750000000E0000001A4804007B0000000A
:108B0800840000000D0000001A4804007B000000EB
:108B180084000000190000001A4804007B000000CF
:108B2800850000000D0000001A4804007B000000CA
:108B3800850000002A0000001A4804007B0000009D
:108B48008D0000000D0000001A4804007B000000A2
:108B58008D0000001D0000001A4804007B00000082
:108B6800B60000000D0000001A4804007B00000059
:108B7800C2000000050000001A4804007B00000045
:108B8800C30000000C0000001A4804007B0000002D
:108B9800C30000001300000076616C7565566563BC
:108BA8003A3A66726F6D5F69746572206F766572A6
:108BB800666C6F776B53040061000000B30500001A
:108BC8001E000000DD3B040068000000AF0000004C
:108BD80064000000DD3B0400680000003A0000006B
:108BE80030000000DD3B0400680000004500000084
:108BF8002B000000DD3B040068000000810000003D
:108C080031000000DD3B0400680000009B0000000C
:108C18002C000000DD3B040068000000920000000A
:108C2800410000006D3904006D000000C400000020
:108C380029000000DD3B040068000000610100001D
:108C480026000000DD3B0400680000001101000060
:108C58002E000000DD3B0400680000002301000036
:108C680026000000DD3B0400680000004A01000007
:108C780013000000DD3B0400680000004A0100000A
:108C8800270000006D3904006D000000DE040000BC
:108C9800270000006D3904006D000000DF040000AB
:108CA800190000006D3904006D000000F304000095
:108CB8002D0000006D3904006D000000DC04000088
:108CC8006D000000904304007F000000DE010000FA
:108CD80017000000E25504007200000017040000AD
:108CE8002E000000E2550400720000001804000085
:108CF8002D000000E2550400720000002504000069
:108D080024000000E2550400720000002604000060
:108D18002D00000013500400620000001D04000034
:108D28002D00000013500400620000008B020000B8
:108D3800050000001350040062000000AF010000AD
:108D48006A00000013500400620000008002000066
:108D580005000000DD3B0400680000004B02000035
:108D68003B000000DD3B0400680000004E020000EC
:108D78002D000000135004006200000025050000CB
:108D880005000000DD3B04006800000070020000E0
:108D98003D000000DD3B0400680000007C0200008C
:108DA8003D00000013500400620000004A05000066
:108DB8000500000013500400620000006F05000069
:108DC8003800000013500400620000006B06000029
:108DD8003C0000001F430400700000001504000060
:108DE8003E0000001F43040070000000240400003F
:108DF800160000001F43040070000000DF0300009D
:108E0800050000006545040067000000BF00000081
:108E18002D0000006545040067000000CC0000003C
:108E28002C0000006545040067000000D000000029
:108E38002D0000006545040067000000D000000018
:108E48003D000000F3640000080100000800000075
:108E58003D0802006545040067000000920100001B
:108E6800260000006545040067000000B30100000B
:108E7800260000006545040067000000E3010000CB
:108E88003900000065450400670000000102000089
:108E980025000000BC3C040067000000000400003E
:108EA8001C000000BC3C040067000000B104000086
:108EB8001C000000BC3C040067000000F003000038
:108EC8001C000000D64B040027000000D80000005A
:108ED80042000000AC4B0400290000002F000000F5
:108EE80068000000AC4B0400290000006801000085
:108EF8001D00000038420400250000007800000032
:108F0800500000006A4604002E00000030000000F7
:108F1800030000001044040032000000F0000000CC
:108F2800500000001044040032000000A7000000B8
:108F380003000000726D6B00104404003200000052
:108F4800B80000004300000000000000040000001A
:108F580004000000A1AC01001D0501000000000094
:108F68000400000004000000D1AC0100A5050100C8
:108F7800000000000400000004000000B1AC010083
:108F88004D0501000000000004000000040000007E
:108F9800C1AC010077050100616C6C2066757475C1
:108FA80072657320696E2073656C65637421207720
:108FB80065726520636F6D706C657465642C2062E2
:108FC8007574206E6F2060636F6D706C65746520BA
:108FD8003D3E602068616E646C6572207761732025
:108FE80070726F76696465646A4604002E0000003A
:108FF8006D000000110000006A4604002E00000009
:109008006C00000028000000204F040063000000EE
:10901800500000001F000000135004006200000010
:10902800170100001800000013500400620000003F
:109038001A01000027000000E25504007200000039
:10904800C902000028000000000000000400000021
:1090580004000000E1AC010051070100000000001D
:10906800040000000400000081AD010009110100A6
:10907800000000000400000004000000F1AC010042
:10908800A107010000000000040000000400000027
:1090980001AD01001D0901000000000004000000EE
:1090A8000400000011AD0100950A01000000000055
:1090B800040000000400000021AD0100450C01007F
:1090C80000000000040000000400000031AD0100B1
:1090D800750C0100000000000400000004000000FE
:1090E80041AD01009F0C01000000000004000000D9
:1090F8000400000051AD0100D10C01000000000087
:10910800040000000400000061AD0100D50E01005C
:1091180000000000040000000400000071AD010020
:10912800010F0100113B040029000000EA000000C3
:10913800010000000000000004000000040000001E
:1091480091AD0100BD120100000000000400000004
:1091580004000000A1AD0100A5140100CD530400D6
:109168003200000062000000010000002B420400F1
:109178000C0000007F000000010000002E4E0400DB
:109188006700000011010000560000002E4E040088
:1091980067000000CD0000002C0000002E4E0400E7
:1091A80067000000C4000000610000002E4E0400AB
:1091B80067000000DD0000001C0000002E4E0400C7
:1091C8006700000066000000310000002E4E040019
:1091D80067000000300100002D0000002E4E040042
:1091E800670000004D0000004B0000002E4E0400F8
:1091F80067000000AD0000002D0000002E4E0400A6
:1092080067000000B1000000110000002E4E0400AD
:109218006700000039000000460000002E4E0400E0
:1092280067000000FC00000055000000EB3E040051
:10923800680000004200000005000000EB3E04004A
:10924800680000007300000010000000EB3E0400FE
:1092580068000000730000003A000000EB3E0400C4
:1092680068000000730000001C000000EB3E0400D2
:10927800680000007A00000010000000EB3E0400C7
:10928800680000007A0000003B000000EB3E04008C
:10929800680000007A0000001C0000001837040075
:1092A80065000000290000002B00000000540400A5
:1092B800110000006A00000039000000005404009A
:1092C80011000000B0000000420000004D490400F9
:1092D80068000000B3000000270000006A46040090
:1092E8002E00000058000000280000007D40040007
:1092F8006F00000025000000340000006D390400F4
:109308006D000000850000003A0000000200010026
:109318006D3904006D0000004B02000039000000A8
:10932800113B040029000000760100004100000004
:10933800113B0400290000007E01000041000000EC
:10934800113B0400290000006701000044000000F0
:10935800113B0400290000008301000046000000C2
:10936800113B0400290000006201000048000000D1
:10937800113B0400290000006B0100004A000000B6
:10938800113B040029000000710100004C0000009E
:10939800113B040029000000970100005200000062
:1093A800113B0400290000009D010000540000004A
:1093B800113B0400290000008F0100005800000044
:1093C800113B040029000000890100005F00000033
:1093D800113B040029000000390100001E000000B4
:1093E800113B0400290000004D010000200000008E
:1093F8000853040062000000680100003900000002
:1094080008530400620000006802000071000000B8
:1094180008530400620000006C02000032000000E3
:10942800CD53040032000000A300000046000000F5
:10943800CD53040032000000C30000004C000000BF
:109448005C41040063000000FC00000038000000DC
:109458005C41040063000000DC0000002300000001
:10946800EB5404005F000000EA0000005D0000000B
:10947800EB5404005F0000002F01000051000000C1
:10948800EB5404005F0000004A0100005700000090
:109498001350040062000000150100001E000000C7
:1094A800964E04005C00000099030000560000007E
:1094B800904304007F000000C80100001B0000006A
:1094C800904304007F0000002E0200001B000000F3
:1094D800904304007F000000F00100001700000026
:1094E800904304007F000000F701000027000000FF
:1094F800904304007F000000F901000019000000FB
:10950800904304007F000000F901000021000000E2
:10951800904304007F000000090200001B000000C7
:10952800904304007F000000A50100001B0000001C
:10953800E255040072000000C70200005500000058
:109548001350040062000000CD0100000500000077
:109558001350040062000000E7010000050000004D
:109568001350040062000000BF0100002D0000003D
:1095780013500400620000003D02000005000000D6
:1095880013500400620000003D0400007700000052
:10959800AC4B040029000000930100004C000000BF
:1095A800AC4B0400290000009D0100006A00000087
:1095B800AC4B040029000000860200002E000000C9
:1095C800AC4B0400290000005D02000028000000E8
:1095D800AC4B0400290000001B0200001900000029
:1095E800AC4B040029000000A70100000F00000098
:1095F800DD3B040068000000F30100002F000000BC
:10960800E537040062000000D601000054000000A5
:10961800E537040062000000DB01000042000000A2
:10962800E537040062000000DC0100001C000000B7
:10963800E537040062000000C90100006300000073
:10964800E537040062000000AC0100007200000071
:10965800E5370400620000001A020000450000001F
:109668007555040039000000220100003E0000008A
:109678001350040062000000BF060000050000004F
:109688001350040062000000C80600001700000024
:1096980013500400620000008E0700002D00000037
:1096A800135004006200000010080000470000008A
:1096B800844F0400640000005D0200002B000000DD
:1096C800844F040064000000710200002F000000B5
:1096D800844F0400640000006C02000033000000A6
:1096E800EB3E0400680000006E0100004700000027
:1096F8001F430400700000008A0000003D000000C5
:109708001F430400700000003303000056000000EF
:109718001F43040070000000BD000000430000006B
:109728001F43040070000000CE0200004500000046
:109738001F430400700000008F0200006400000056
:109748001F43040070000000DC0200004900000014
:109758001F43040070000000C20000004700000022
:10976800AE3A040062000000D30000004900000087
:1097780065450400670000009C0300005B000000D2
:10978800654504006700000058030000260000003B
:109798006545040067000000DB0000005000000081
:1097A8007A3E040012000000ED00000026000000D0
:1097B8007A3E040012000000FA0000002B000000AE
:1097C8007A3E040012000000C000000045000000BE
:1097D8007A3E040012000000B80000003E000000BD
:1097E8007A3E040012000000DE0000002D00000098
:1097F8007A3E040012000000D5000000230000009B
:10980800AF55040032000000390000003B000000A2
:10981800AF55040032000000630000001300000090
:10982800AF55040032000000800000002500000051
:10983800AF550400320000007C0000003400000036
:10984800AF550400320000007C0000001D0000003D
:10985800AF55040032000000850000002D00000014
:109868001350040062000000640800001A000000A1
:1098780013500400620000005D0800005B00000057
:10988800844F0400640000007E0200002A000000EB
:10989800844F040064000000780200002B000000E0
:1098A800844F040064000000900200002F000000B4
:1098B800844F0400640000008A02000033000000A6
:1098C800FC44040068000000B80200004B000000DF
:1098D800FC440400680000005B0200003100000046
:1098E800FC440400680000004E0200003A0000003A
:1098F800FC44040068000000600200003C00000016
:10990800AE3A040062000000E303000021000000FA
:10991800AC4B0400290000003B0000004B00000095
:10992800AC4B040029000000500000004300000078
:109938002B4204000C0000009900000025000000E4
:109948002B4204000C000000F3000000550000004A
:109958002B4204000C000000F4000000330000005B
:109968002B4204000C000000F90000002C0000004D
:109978002B4204000C000000FA0000002E0000003A
:109988002B4204000C000000FB0000003200000025
:10999800964E04005C000000A904000005000000C9
:1099A800964E04005C000000B90400002600000088
:1099B800964E04005C000000B80400007600000029
:1099C8004D490400680000000F0100001B00000062
:1099D8004D49040068000000DE0000001B00000084
:1099E8004D49040068000000FD0000001B00000055
:1099F8004D49040068000000160100001B0000002B
:109A0800964E04005C000000BE0400000500000043
:109A1800AF55040032000000090000000A000000F1
:109A280010440400320000007A0000005A000000D0
:109A3800964E04005C00000032050000050000009E
:109A4800964E04005C00000034050000050000008C
:109A5800964E04005C00000035050000050000007B
:109A6800D64B040027000000940000002F000000DF
:109A7800964E04005C000000DE04000005000000B3
:109A8800964E04005C0000003E0500000500000042
:109A9800D64B0400270000009D00000033000000A2
:109AA8007A3E0400120000003F0100001E00000082
:109AB8007A3E040012000000450100001F0000006B
:109AC800964E04005C000000C10400000500000080
:109AD800964E04005C000000C2040000050000006F
:109AE800964E04005C000000E903000065000000D9
:109AF800964E04005C000000FF03000078000000A0
:109B08004838040024000000140100002900000067
:109B180008530400620000004B0300006F000000BF
:109B2800EB5404005F000000C00200005800000071
:109B3800AF550400320000000F00000001000000D3
:109B480048380400240000006B01000033000000C6
:109B58004838040024000000870100001A000000B3
:109B6800EB5404005F000000CD0200004E0000002E
:109B7800EB5404005F000000D10200005500000013
:109B880075550400390000001000000001000000B5
:109B9800964E04005C0000001A0500000500000055
:109BA800964E04005C0000001B0500000500000044
:109BB800964E04005C0000001D0500000500000032
:109BC800964E04005C0000001E0500000500000021
:109BD800964E04005C0000001F0500000500000010
:109BE800964E04005C0000002805000005000000F7
:109BF800964E04005C0000002905000005000000E6
:109C0800964E04005C0000002A05000005000000D4
:109C1800964E04005C0000003005000005000000BE
:109C2800964E04005C0000003105000005000000AD
:109C380000540400110000004C0000000100000066
:109C48001044040032000000330000004800000007
:109C58004838040024000000E0010000260000004D
:109C6800E537040062000000DF0200004100000048
:109C7800964E04005C000000FC0400000500000093
:109C8800964E04005C000000FE0400000500000081
:109C9800964E04005C000000FF0400000500000070
:109CA800844F0400640000005F03000042000000CD
:109CB800844F0400640000006F03000046000000A9
:109CC800844F0400640000006B0300004A00000099
:109CD800964E04005C00000000050000050000002E
:109CE800964E04005C00000002050000050000001C
:109CF800964E04005C0000000F05000005000000FF
:109D080096480400670000002D000000560000007F
:109D18006368756E6B2073697A65206D757374203E
:109D28006265206E6F6E2D7A65726F00000000000C
:109D380000000000010000006D7302000000000038
:109D480008000000040000005D7F02004D617020E3
:109D5800636F6E666967206D757374206265206332
:109D68006F72726563740000654504006700000047
:109D78002300000017000000605374617469634396
:109D8800656C6C6020697320616C72656164792010
:109D980066756C6C2C2069742063616E2774206270
:109DA8006520696E697469616C697A656420747785
:109DB8006963652E514A04006000000054000000E9
:109DC8000D0000006D3904006D00000085000000E2
:109DD800230000006D3904006D000000D000000071
:109DE800260000006D3904006D000000DA00000054
:109DF80024000000504455006D3904006D00000037
:109E080049030000260000006D3904006D000000C1
:109E18005D030000280000006D3904006D0000009B
:109E280093040000240000006D3904006D00000058
:109E3800970400002D0000006D3904006D0000003B
:109E48009C0400002E0000006D3904006D00000025
:109E5800F4020000280000006D3904006D000000C5
:109E68001A0300002A0000006D3904006D0000008C
:109E78003C0300001C0000006D3904006D00000068
:109E8800420300001C0000006D3904006D00000052
:109E980031030000180000006D3904006D00000057
:109EA80071030000260000006D3904006D000000F9
:109EB800750300001C0000006D3904006D000000EF
:109EC80081030000260000006D3904006D000000C9
:109ED80082020000220000006D3904006D000000BD
:109EE80089020000310000006D3904006D00000097
:109EF80046020000370000006D3904006D000000C4
:109F080047020000400000006D3904006D000000A9
:109F1800470200004A0000006D3904006D0000008F
:109F2800610200002C0000001254040067000000C9
:109F38002500000021000000125404006700000002
:109F4800250000004B0000006D3904006D00000082
:109F580006050000170000006D3904006D000000C0
:109F68000605000009000000E24904006E00000038
:109F7800C902000021000000E24904006E00000050
:109F8800C90200002D0000001F43040070000000FB
:109F980093040000300000001F430400700000001C
:109FA800940400001C0000004D49040068000000F3
:109FB800780100004B0000004D49040068000000D3
:109FC8007E010000370000004D49040068000000D1
:109FD800980100002C000000E25504007200000007
:109FE800AE00000022000000E255040072000000EC
:109FF8009E00000014000000E255040072000000FA
:10A008009E0000001A000000E255040072000000E3
:10A018009F0000001B000000AE3A04006200000030
:10A028007D0100003900000053445500050004007C
:10A03800060000001350040062000000BE03000088
:10A048002A00000013500400620000009301000081
:10A058004A0000001350040062000000B70200002C
:10A06800340000001F430400700000007F0200005D
:10A07800300000001F43040070000000540200007C
:10A08800240000001F43040070000000600200006C
:10A09800300000001F43040070000000A10200000F
:10A0A800290000001F43040070000000DD010000CB
:10A0B800300000001F430400700000008A00000008
:10A0C800260000001F43040070000000F302000097
:10A0D800290000001F430400700000000C0100006C
:10A0E800270000001F4304007000000094020000D5
:10A0F800240000001F4304007000000097020000C5
:10A10800290000001F430400700000001A0200002C
:10A11800240000001F430400700000001D0200001E
:10A12800300000001F43040070000000D50000004C
:10A13800270000001F430400700000008B0100008E
:10A14800240000001F43040070000000900100007C
:10A15800300000001F430400700000008E00000063
:10A168002A0000001F43040070000000AE03000036
:10A178002D0000001F430400700000009C00000038
:10A188002D0000001F430400700000008201000041
:10A198001C0000001F430400700000008C02000037
:10A1A800260000001F4304007000000000010000AA
:10A1B80027000000CD530400320000009500000085
:10A1C80012000000CD530400320000009800000087
:10A1D80019000000CD530400320000009D0000006B
:10A1E8000F00000076500400600000002F000000FF
:10A1F8001C00000076500400600000003F000000D2
:10A208001C00000076500400600000004F000000B1
:10A218001C00000076500400600000005F00000091
:10A228001C00000076500400600000001F000000C1
:10A238001C0000009F51040060000000E5000000C1
:10A248003B0000009F51040060000000BF000000B8
:10A2580015000000496E73756666696369656E74FA
:10A268005370616365496E76616C696456616C759B
:10A2780065000000FE4804004E000000E4050000F0
:10A28800250000006D380400610000002300000074
:10A298001E0000007555040039000000860000000B
:10A2A800110000007555040039000000830000000B
:10A2B800110000004D61796265446F6E6520706F12
:10A2C8006C6C65642061667465722076616C756576
:10A2D8002074616B656E00007A5404007000000001
:10A2E800640000001F000000005204006500000028
:10A2F800A30100000A0000000052040065000000ED
:10A30800B40100000A000000506173736B65794561
:10A318006E7472794661696C65644F6F624E6F74D2
:10A32800417661696C61626C6541757468656E74CB
:10A3380069636174696F6E526571756972656D657F
:10A348006E7473436F6E6669726D56616C7565469F
:10A3580061696C656450616972696E674E6F7453A8
:10A368007570706F72746564456E63727970746924
:10A378006F6E4B657953697A65436F6D6D616E6475
:10A388004E6F74537570706F72746564556E737028
:10A3980065636966696564526561736F6E00000084
:10A3A8004861726477617265204661696C7572658F
:10A3B80030313233343536373839414243444546F3
:10A3C80024000000240000005000000040000000AD
:10A3D8005365637572697479205265717565737414
:10A3E800496E76616C69644368616E6E656C496438
:10A3F8005370736D4E6F74537570706F72746564BB
:10A408000000000000000000000000000000000044
:10A418004661696C6564546F46696E616C697A65FA
:10A4280030313233343536373839616263646566C2
:10A438005265706561746564417474656D70747398
:10A4480050616972696E6720526573706F6E7365CB
:10A4580044484B6579436865636B4661696C65641C
:10A46800496E76616C6964506172616D657465727C
:10A47800734E756D65726963436F6D706172697350
:10A488006F6E4661696C65644272456472506169B9
:10A4980072696E67496E50726F677265737347654C
:10A4A8006E65726174696F6E4E6F74416C6C6F7714
:10A4B80065644B657952656A6563746564436F6E5C
:10A4C80074726F6C6C6572426C65486F7374486324
:10A4D800694863694465636F64654174740000008A
:10A4E80053656375726974794E6F74466F756E64DF
:10A4F800546F6F204C617465454E4554444F574E18
:10A5080000000050000300507772697461626C6546
:10A5180002090000000000000000003F000000BF2A
:10A528007265616461626C6500600040060000004D
:10A538005F70726976617465454E4F54434F4E4E55
:10A548006578706563746564556E65787065637465
:10A558006564446174614C656E67746861637475A1
:10A56800616C43616E6E6F74436F6E737472756362
:10A57800744761747456616C7565436F6E6669677C
:10A5880046696C7465724163636570744C69737471
:10A598004973456D707479556E6578706563746537
:10A5A8006447617474526573706F6E73654D616C46
:10A5B800666F726D65644368617261637465726920
:10A5C800737469634465636C61726174696F6E4921
:10A5D8006E76616C696443686172616374657269FF
:10A5E800737469634465636C61726174696F6E4406
:10A5F800617461436F6465634572726F7245787404
:10A60800656E6465644164766572746973696E67C2
:10A618004E6F74537570706F72746564496E7661AD
:10A628006C6964557569644C656E677468416476D5
:10A638006572746973656D656E744C3263617043DD
:10A648006F6E6E6563744572726F724E6F436861A8
:10A658006E6E656C417661696C61626C65496E7697
:10A66800616C696453746174654F75744F664D65A8
:10A678006D6F72794E6F74537570706F7274656414
:10A688004368616E6E656C436C6F73656454696D85
:10A69800656F75744E6F5065726D69747344697334
:10A6A800636F6E6E6563746564436F6E6E65637425
:10A6B800696F6E4C696D697452656163686564475A
:10A6C800617474537562736372696265724C696D03
:10A6D800697452656163686564416C726561647927
:10A6E800496E5573654F746865724E6F5265736F26
:10A6F8007572636573496E73756666696369656EBD
:10A708007441757468656E7469636174696F6E49C4
:10A718006E73756666696369656E74417574686F92
:10A7280072697A6174696F6E456E63727970746963
:10A738006F6E4B6579546F6F53686F7274496E739F
:10A74800756666696369656E74456E63727970745F
:10A75800696F6E496E76616C6964536F7572636573
:10A76800496453636964416C7265616479416C6CD6
:10A778006F6361746564556E61636365707461626B
:10A788006C65506172616D657465727300000000DC
:10A798000400000004000000F1F9010000000000BE
:10A7A800040000000400000089FD0100995A00001F
:10A7B80008000000040000003B1102002F110200F5
:10A7C8006D3C0200496E76616C696453697A650074
:10A7D800543F04006E000000350100002B0000000B
:10A7E8004F75744F66426F756E6473556E616C6910
:10A7F800676E65646B530400610000002806000062
:10A808003C0000004174744572726F72436F646556
:10A81800546F6F4C6F6E6700994604006400000027
:10A8280014050000090000009946040064000000B7
:10A83800890400001200000099460400640000002A
:10A84800890400003D0000009946040064000000EF
:10A858003801000029000000994604006400000047
:10A86800480100002D000000994604006400000023
:10A878004D0100002D00000099460400640000000E
:10A8880053010000290000009946040064000000FC
:10A89800B8030000050000009946040064000000A9
:10A8A800B903000005000000994604006400000098
:10A8B800BA03000005000000994604006400000087
:10A8C800BB03000005000000994604006400000076
:10A8D80053000000220000009946040064000000B4
:10A8E8004A000000280000009946040064000000A7
:10A8F8004B00000028000000994604006400000096
:10A908004C00000028000000994604006400000084
:10A91800310000001D00000099460400640000009A
:10A928003200000022000000994604006400000084
:10A93800370000002E000000994604006400000063
:10A94800380000002E000000994604006400000052
:10A95800390000002E000000994604006400000041
:10A968003A0000002E000000994604006400000030
:10A97800350000002E000000994604006400000025
:10A98800240500000500000099460400640000004A
:10A99800C20400000500000099460400640000009D
:10A9A800C30400000500000099460400640000008C
:10A9B800C40400000500000099460400640000007B
:10A9C800C50400000500000099460400640000006A
:10A9D800C604000005000000994604006400000059
:10A9E800C704000005000000994604006400000048
:10A9F800C804000005000000994604006400000037
:10AA0800C904000005000000994604006400000025
:10AA18000F0300000E0000009946040064000000C7
:10AA2800100300000E0000009946040064000000B6
:10AA3800110300000E0000009946040064000000A5
:10AA4800120300000E000000994604006400000094
:10AA5800130300000E000000994604006400000083
:10AA6800140300000E000000994604006400000072
:10AA7800150300000E000000994604006400000061
:10AA8800160300000E0000005E4204005E00000095
:10AA9800A501000001000000D75004005D0000007F
:10AAA8006B00000025000000D75004005D00000086
:10AAB8006F00000020000000665204005E000000E5
:10AAC800B100000001000000604D04005C000000BF
:10AAD800A300000025000000556E6B6E6F776E2096
:10AAE80048434920436F6D6D616E64556E6B6E6FA0
:10AAF800776E20436F6E6E656374696F6E2049646C
:10AB0800656E746966696572506167652054696D20
:10AB1800656F757441757468656E7469636174698D
:10AB28006F6E204661696C75726550494E206F7270
:10AB3800204B6579204D697373696E674D656D6F3C
:10AB4800727920436170616369747920457863651F
:10AB580065646564436F6E6E656374696F6E2054D7
:10AB6800696D656F7574436F6E6E656374696F6E3A
:10AB7800204C696D69742045786365656465645324
:10AB8800796E6368726F6E6F757320436F6E6E6552
:10AB98006374696F6E204C696D697420546F20412D
:10ABA80020446576696365204578636565646564F6
:10ABB800436F6E6E656374696F6E20416C72656178
:10ABC800647920457869737473436F6D6D616E6441
:10ABD80020446973616C6C6F776564436F6E6E6552
:10ABE8006374696F6E2052656A6563746564206476
:10ABF800756520746F204C696D69746564205265B1
:10AC0800736F7572636573436F6E6E656374696F96
:10AC18006E2052656A6563746564204475652054C6
:10AC28006F20536563757269747920526561736F1B
:10AC38006E73436F6E6E656374696F6E2052656ADA
:10AC480065637465642064756520746F20556E6152
:10AC5800636365707461626C652042445F4144447B
:10AC680052436F6E6E656374696F6E2041636365EE
:10AC780070742054696D656F7574204578636565D7
:10AC8800646564556E737570706F72746564204680
:10AC9800656174757265206F7220506172616D65AF
:10ACA8007465722056616C7565496E76616C69646D
:10ACB8002048434920436F6D6D616E642050617276
:10ACC800616D657465727352656D6F746520557337
:10ACD8006572205465726D696E6174656420436F96
:10ACE8006E6E656374696F6E52656D6F746520442E
:10ACF8006576696365205465726D696E6174656413
:10AD080020436F6E6E656374696F6E20647565208D
:10AD1800746F204C6F77205265736F75726365731B
:10AD280052656D6F74652044657669636520546566
:10AD3800726D696E6174656420436F6E6E656374CD
:10AD4800696F6E2064756520746F20506F77657227
:10AD5800204F6666436F6E6E656374696F6E20542C
:10AD680065726D696E61746564204279204C6F6309
:10AD7800616C20486F7374526570656174656420F6
:10AD8800417474656D70747350616972696E67207F
:10AD98004E6F7420416C6C6F776564556E6B6E6F87
:10ADA800776E204C4D5020504455556E7375707019
:10ADB8006F727465642052656D6F746520466561B5
:10ADC8007475726553434F204F66667365742052DD
:10ADD800656A656374656453434F20496E74657290
:10ADE80076616C2052656A656374656453434F20CD
:10ADF800416972204D6F64652052656A65637465A8
:10AE080064496E76616C6964204C4D5020506172C3
:10AE1800616D6574657273202F20496E76616C6967
:10AE280064204C4C20506172616D65746572735575
:10AE38006E737065636966696564204572726F72C6
:10AE4800556E737570706F72746564204C4D502028
:10AE5800506172616D657465722056616C7565200C
:10AE68002F20556E737570706F72746564204C4C2A
:10AE780020506172616D657465722056616C7565EC
:10AE8800526F6C65204368616E6765204E6F742051
:10AE9800416C6C6F7765644C4D5020526573706FD0
:10AEA8006E73652054696D656F7574202F204C4C46
:10AEB80020526573706F6E73652054696D656F7588
:10AEC800744C4D50204572726F72205472616E73CB
:10AED800616374696F6E20436F6C6C6973696F6E20
:10AEE800202F204C4C2050726F636564757265206A
:10AEF800436F6C6C6973696F6E4C4D5020504455AC
:10AF0800204E6F7420416C6C6F776564456E637278
:10AF1800797074696F6E204D6F6465204E6F742070
:10AF280041636365707461626C654C696E6B204B3C
:10AF380065792063616E6E6F742062652043686175
:10AF48006E67656452657175657374656420516FC9
:10AF580053204E6F7420537570706F727465644916
:10AF68006E7374616E7420506173736564506169A7
:10AF780072696E67205769746820556E6974204B32
:10AF88006579204E6F7420537570706F72746564A4
:10AF9800446966666572656E74205472616E736189
:10AFA8006374696F6E20436F6C6C6973696F6E515F
:10AFB8006F5320556E61636365707461626C6520C0
:10AFC800506172616D65746572516F532052656A84
:10AFD80065637465644368616E6E656C20436C617B
:10AFE8007373696669636174696F6E204E6F74204C
:10AFF800537570706F72746564496E7375666669AF
:10B008006369656E742053656375726974795061FC
:10B0180073736B657920656E7472792063616E63F2
:10B02800656C6564206F72206661696C6564506147
:10B0380072616D65746572204F7574204F66204D7E
:10B04800616E6461746F72792052616E67655265D2
:10B058006643656C6C20616C7265616479206D75FE
:10B068007461626C7920626F72726F776564436F86
:10B078006D6D616E6420616E642F6F7220706172F5
:10B08800616D6574657220696E76616C6964526F72
:10B098006C65205377697463682050656E64696EC7
:10B0A80067526573657276656420536C6F742056B9
:10B0B800696F6C6174696F6E526F6C652053776944
:10B0C800746368204661696C6564457874656E646C
:10B0D800656420496E717569727920526573706F65
:10B0E8006E736520546F6F204C617267655365639A
:10B0F8007572652053696D706C652050616972695D
:10B108006E67204E6F7420537570706F727465642B
:10B1180020427920486F7374486F737420427573A6
:10B1280079202D2050616972696E67436F6E6E6574
:10B138006374696F6E2052656A6563746564206420
:10B14800756520746F204E6F205375697461626C49
:10B1580065204368616E6E656C20466F756E64434A
:10B168006F6E74726F6C6C65722042757379556E70
:10B1780061636365707461626C6520436F6E6E65B0
:10B188006374696F6E20506172616D657465727366
:10B198004164766572746973696E672054696D6578
:10B1A8006F7574436F6E6E656374696F6E20546556
:10B1B800726D696E617465642064756520746F20B2
:10B1C8004D4943204661696C757265436F6E6E65C3
:10B1D8006374696F6E204661696C656420746F20C2
:10B1E80062652045737461626C6973686564202FB9
:10B1F8002053796E6368726F6E697A6174696F6ED5
:10B208002054696D656F7574436F6172736520436F
:10B218006C6F636B2041646A7573746D656E74201E
:10B2280052656A6563746564206275742057696C39
:10B238006C2054727920746F2041646A757374208D
:10B248005573696E6720436C6F636B204472616746
:10B2580067696E675479706530205375626D6170E7
:10B26800204E6F7420446566696E6564556E6B6E1A
:10B278006F776E204164766572746973696E6720B2
:10B288004964656E7469666965724C696D69742094
:10B29800526561636865644F7065726174696F6E49
:10B2A8002043616E63656C6C656420627920486F29
:10B2B80073745061636B657420546F6F204C6F6EAC
:10B2C80067546F6F204561726C79496E7375666655
:10B2D800696369656E74204368616E6E656C73009E
:10B2E80002060407010101140100012602320203CB
:10B2F8000137081B04060B00013C02650E3B0231B6
:10B30800020F011C0201010B052205ED01080202D2
:10B3180002160107010103040209020202040801DE
:10B3280004020105021902030106040202160107BC
:10B3380001020102010202010105040202030301E4
:10B348000704010107110A03010901030116010796
:10B3580001020105020A0103010302010F04020CA4
:10B36800070701030108020202160107010201058D
:10B3780002090202020307030402010502120A027B
:10B38800010603030104030201010102030203038E
:10B39800030C040503030104020106010E15050D43
:10B3A8000103011701100209010301040702010347
:10B3B80001020204020A071601030117010A010526
:10B3C800020901030104070205030104020A01033B
:10B3D8000C0D01030133010301060410021A0103D5
:10B3E8000112031801090101020703010406010102
:10B3F8000108060A02030C3A041D25020101010591
:10B40800011801010117020501010107010A0204DF
:10B418002048012404270124010F010D25C601013C
:10B4280005010200010402070101010402290104C7
:10B4380002210104020701010104020F013901047C
:10B4480002430220031A0656020602000359071691
:10B45800091809140C0D010301020C5E020A060A00
:10B46800061A0659072B05460A1F010C040C04018D
:10B47800032A02050B2C041A060B033E0241011D88
:10B48800020B060A060E022E020C144D01A6083CF9
:10B49800030F033E052B020B082B050002060226AC
:10B4A80002060208010101010101011F0235010F15
:10B4B800010E02060113020301090165010C021BBA
:10B4C800010D03220E210F8C0400160B150002003B
:10B4D800052D01010501023807020E1809070107A9
:10B4E800010701070107010701070107017E221A69
:10B4F80001590CD61A5001560267052B015E0156F8
:10B50800093001000337090014B808DD143C030AA8
:10B5180006380846080C06740B1E034E010B04215E
:10B528000137090E020A0267181C0A0602060206FB
:10B5380009070107013C047E020A06000C170431C2
:10B548000400026A26070C05051A0105010101021B
:10B5580001020100202A06330113010404050187B2
:10B56800020101BE030602060206020303070107E1
:10B578000A05020C011A01130102010F020E227BB7
:10B588000503042D0358010D03012F2E821D0331DD
:10B598000F1C0424091E052B051E0125040E2A9ED6
:10B5A800020A06240424042808340B0C010F01079E
:10B5B8000102010B010F0107010203340C000916F7
:10B5C8000A081806012A010945060201012C010290
:10B5D8000301021701480809301301020521031B62
:10B5E800051B263804140232010205080103011D57
:10B5F8000203040A070907402027040C0936031D23
:10B60800021B051A07040C07504937330D33072E60
:10B61800080A0626031D0802D01F012A0103020298
:10B6280010060809212E082A161A261C1417094E76
:10B63800042409440A010219070A063501120827D9
:10B64800096001140B12012F3E0701010104010FCB
:10B65800010B063B050A060401080202021601074F
:10B6680001020105010A020202030201060105079F
:10B67800020703050B0A010102010126010A010163
:10B6880002010104010A010208021D5C01051E48AD
:10B69800080AA636022622450B0A060D133A060AA0
:10B6A80006141C1B020F0417B93C64530C08020152
:10B6B80002080102011E0102020C090A4608022EB4
:10B6C800020B1B4808530D49070A560858220E0A50
:10B6D8000609012D010E0A1D03200216010E490755
:10B6E8000102012C030101020109080A06060102F0
:10B6F800012501020106070A062C040AF61907119A
:10B708000129031D55010F320D00666F01050BC499
:10B7180000630D000A000500003A0000071F010A37
:10B728000451010A061E02060A460A0A0107011503
:10B738000513003AC65B051902192C4B0439071189
:10B7480040050B0709002920617300040107010265
:10B7580001000F011D0302010E040800006B050D16
:10B768000309070A020800FD030006170F110F2E30
:10B77800021709743CF60A2702C215467A140C14FB
:10B788000C570919875501470102020102020204F8
:10B79800010C010101070141010402080107011C14
:10B7A80001040105010103070100020002000F0561
:10B7B800010F001F0606D507011102070102010546
:10B7C800053E2101702D030E020A0402001F113AE2
:10B7D8000501002AD62B0401C01F01160802E00744
:10B7E80001040102010F01C50210294C040A0402D8
:10B7F80000444C3DC204011B010201010201010A7F
:10B808000104010101010601040101010101010313
:10B81800010201010201010101010101010101020D
:10B82800010102040107010401040101010A0111D7
:10B838000503010501113402002C04640C0F020FEA
:10B84800010F01250AAE381D0D2C040907020E064A
:10B858009A000311030D03DA060C04010F0C0438D7
:10B86800080A0628081E020C04020E092700080E02
:10B87800020D030B033901010410020C040A07939B
:10B88800016700002000020002000F000000000015
:10B898000500000000700007002D010101020102EF
:10B8A8000101480B30151001650702060202010468
:10B8B80023011E1B5B0B3A09090118040109010346
:10B8C80001052B033B092A1801203701010104084F
:10B8D800040103070A021D013A01010102040801DB
:10B8E80009010A021A0102023901040204020203D0
:10B8F80003011E0203010B023901040501020401C0
:10B908001402160601013A010102010408010703A5
:10B918000A021E013B0101010C0109012801030172
:10B92800370101030503010407020B021D013A0157
:10B93800020201010303010407020B021C0239027F
:10B9480001010204080109010A021D01480104015C
:10B95800020301010801510102070C0862010209F2
:10B968000B0749021B0101010101370E0105010204
:10B97800050B0124090166040106010202021902ED
:10B98800040310040D01020206010F010003000464
:10B998001C031D021E02400201070801020B0901D7
:10B9A8002D03010175022201760304020901060331
:10B9B800DB0202013A010107010101010208060A3E
:10B9C8000201302E020C1404300A040326090C026A
:10B9D80020040206380101020301010538080202A9
:10B9E8009803010D0107040106010302C640000186
:10B9F800C32100038D016020000669020004010ACA
:10BA080020025002000103010401190205019702F6
:10BA18001A120D012608190B01012C03300102042A
:10BA28000202020124014306020202020C0108017B
:10BA38002F01330101030202050201012A02080154
:10BA4800EE010201040100010010101000020001C3
:10BA5800E201950500030102050428030401A5027B
:10BA68000004410500024D06460B31047B01360FE8
:10BA7800290102020A033104020207013D032405D9
:10BA880001083E010C0234090101080402015F03A8
:10BA98000204060102019D01030815023902010191
:10BAA80001010C0109010E0703054301020601010A
:10BAB80002010103040301010E02550802030101FA
:10BAC8001701510102060101020101020102EB0105
:10BAD8000204060201021B025508020101026A0162
:10BAE80001010208650101010204010500090102C2
:10BAF800F5010A040401900402020401200A280640
:10BB080002040801090602032E0D0102C601010301
:10BB18000101C907010601015216020701020102CB
:10BB28007A0603010102010701014802030101012C
:10BB380000020B023405050317010001060F000C73
:10BB4800030300053B0700013F0451010B020002FB
:10BB5800002E021700050306080802071E049403B6
:10BB68000037043208010E011605010F0007011104
:10BB78000207010201056401A00700013D04000459
:10BB8800FE02F30102010702050100076D070060CC
:10BB980080F000AD0100010001000200025505001F
:10BBA800051A05311000010010EF01A0014F09002E
:10BBB800040008000000AD0100061601C0013101B3
:10BBC80000025001000100051A053105010A0001B3
:10BBD800F90300010F0100100004000800011E60B5
:10BBE80000207B202C203A20207B0A2C0A280A20BF
:10BBF8007D000000000000000C00000004000000B0
:10BC0800C1580200295A0200755A02009F3E0400DA
:10BC18004B000000E50100001400000063616C6C3B
:10BC2800656420604F7074696F6E3A3A756E77720A
:10BC38006170282960206F6E206120604E6F6E65EC
:10BC4800602076616C75653D3D3030303130323082
:10BC580033303430353036303730383039313031B0
:10BC680031313231333134313531363137313831A0
:10BC7800393230323132323233323432353236328E
:10BC88003732383239333033313332333333343374
:10BC9800353336333733383339343034313432345A
:10BCA8003334343435343634373438343935303540
:10BCB8003135323533353435353536353735383530
:10BCC800393630363136323633363436353636361E
:10BCD8003736383639373037313732373337343704
:10BCE80035373637373738373938303831383238EA
:10BCF80033383438353836383738383839393039D0
:10BD080031393239333934393539363937393839BF
:10BD180039617474656D707420746F206469766914
:10BD28006465206279207A65726F617474656D70DC
:10BD38007420746F2063616C63756C617465207422
:10BD480068652072656D61696E64657220776974D3
:10BD58006820612064697669736F72206F66207A43
:10BD680065726F617474656D707420746F20646996
:10BD7800766964652077697468206F766572666C89
:10BD88006F77617474656D707420746F2063616C73
:10BD980063756C617465207468652072656D61698E
:10BDA8006E6465722077697468206F766572666C58
:10BDB8006F77606173796E6320666E602072657359
:10BDC800756D656420616674657220636F6D706C53
:10BDD8006574696F6E00000078030000300520006C
:10BDE8000E076001491220039D16A028161FA02DDA
:10BDF8002A24A037742B603DF42CE03D8DA4203E0E
:10BE08002CA6A044A4D720456EFAA04BD0FD604CC8
:10BE18003707A14E9A23E15B902F618556344186FE
:10BE2800FB43A1864746E186006121870068418778
:10BE3800396A8187406DA187D68C818AF0AFE18C01
:10BE480023B1818DFCB2618E00BCA18F00CCC18F63
:10BE5800B4CE0191A6D66191CCD761998CDAA1991B
:10BE680000DFE19990E2819AD0E4C19D71EC819E56
:10BE780000F041A2D9F641AB58FA61AE0000E2B138
:10BE8800E0A682B41EB8A2B4AECEE2B4E1EB22B50D
:10BE98005EEE62B500F8A2B51EFAC2B50000E3B5C1
:10BEA8004B1303B67A3423B6FEFF63B6FEFF94B68F
:10BEB8000003000083042000910560005D13A000CA
:10BEC8001217201F0C20601FEF2C602B2A30E02B4C
:10BED8006FA6A02C02A8202D1EFB202E00FE603687
:10BEE8009EFFA036FD012137010A6137240D213854
:10BEF800AB0EA1392F18213AF31E214B4034A15320
:10BF08001E61E154F06A61554F6FE1559DBC615661
:10BF180000CF615765D1A15700DA215800E0A15937
:10BF2800AEE2215BECE4E15CD0E8615D2000EE5E0E
:10BF3800F0017F5F4F0300001C0660005F11A00046
:10BF4800B417E0000B2020016431A00100FE60025C
:10BF5800A0BCA10273D1A1030000EE0300102E04BF
:10BF680000105F0400060000900860000E186001D1
:10BF78000B20E001FFFE2002BD1021033034A10395
:10BF8800A0BC210473D161040100AE048000FF0449
:10BF98002E2E307870616E69636B65642061742041
:10BFA8003A0A66616C736500FE4604004B000000A7
:10BFB800850B000026000000FE4604004B00000030
:10BFC8008E0B00001A00000052656643656C6C20F9
:10BFD800616C726561647920626F72726F776564F3
:10BFE800FF00000000000000000000000100000049
:10BFF800B96F0200C96F0200A16F02006578706C0A
:10C00800696369742070616E69630000E94A04001D
:10C018005A00000081010000050000006465666D9B
:10C0280074206C6F676765722074616B656E20722F
:10C0380065656E7472616E746C790000BD4D0400A4
:10C048005E000000AD0000000D0000006465666D34
:10C05800742072656C65617365206F7574206F66F6
:10C0680020636F6E74657874BD4D04005E00000037
:10C07800E20000000D000000243D04006200000002
:10C08800290000001F00000025730200357302001C
:10C09800357302006573020042757379202D2054B0
:10C0A8006F6F206D616E7920696E7374616E636560
:10C0B80073206F662074686973207461736B2061E4
:10C0C800726520616C72656164792072756E6E6943
:10C0D8006E672E20436865636B2074686520607006
:10C0E8006F6F6C5F73697A656020617474726962DE
:10C0F800757465206F6620746865207461736B2E93
:10C10800B63D040069000000AC01000033000000E7
:10C11800617373657274696F6E206661696C6564BA
:10C128003A206E203C2033327573697A650000002E
:10C13800B63D040069000000480100002E00000020
:10C14800B63D0400690000004A0100002A00000012
:10C158000853040062000000DC0000001800000022
:10C16800DB3904006D000000EE3600000D00000011
:10C17800BD420400610000002C0100001F00000007
:10C18800844F040064000000F60000001100000065
:10C198000202020202020202020202000000000081
:10C1A8000000000000000000000000000000000087
:10C1B8000000000000000000020200000000000271
:10C1C8000000000000000000000000000000000067
:10C1D8000000000000000000000000000000000057
:10C1E8000000000000000000000000000000000245
:10C1F8000000000000000000000000000000000037
:10C208000000000000000000000000000000000026
:10C218000000000000010000000000000000000015
:10C228000000000000000000000000000000000006
:10C2380001000000000000000000000000000000F5
:10C2480000000000000000000000000000000000E6
:10C2580000000000000000000000000000000000D6
:10C2680000000000000000000000000000000000C6
:10C2780000000000000000000000000000000000B6
:10C2880000000000000000000000000000000000A6
:10C29800844F0400640000005102000009000000FF
:10C2A8006F766572666C6F77207768656E2061645B
:10C2B80064696E67206475726174696F6E20746F4B
:10C2C80020696E7374616E74044604006500000092
:10C2D800BF0000000E000000EB5404005F000000E7
:10C2E800D301000023000000EB5404005F000000AD
:10C2F800DF0000000F000000455045524D454E4FED
:10C30800454E5445494F454E4F4D454D4541434394
:10C318004553454641554C5445494E56414C454177
:10C328004741494E4550524F544F54595045454E38
:10C338004F50524F544F4F50544550524F544F4EF8
:10C348004F535550504F525445534F434B544E4FF3
:10C35800535550504F5254454F504E4F54535550CB
:10C36800504541464E4F535550504F525445414405
:10C378004452494E555345454E4554554E524541F4
:10C38800434845434F4E4E52455345544549534300
:10C398004F4E4E4554494D45444F5554454E4F42D6
:10C3A80055465345484F5354444F574E45494E50B0
:10C3B800524F47524553534543414E43454C4544DC
:10C3C800454E4F4B4559454B45594558504952459F
:10C3D80044454B45595245564F4B4544454B4559A5
:10C3E80052454A4543544544964E04005C000000BB
:10C3F8008303000056000000964E04005C00000015
:10C40800D203000039000000744C04006C000000E6
:10C41800280000000B0000000000000004000000DD
:10C428000400000051890200843704006000000005
:10C438005C00000040000000843704006000000039
:10C448005C0000004F00000084370400600000001A
:10C458005C0000001A000000BC3C040067000000FB
:10C46800640300001E000000BC3C040067000000DC
:10C47800D40100001F000000BC3C0400670000005D
:10C48800DB010000230000004D49040068000000A3
:10C498005E0000001F0000004D4904006800000015
:10C4A8007E0000001F0000001F4304007000000011
:10C4B80086000000320000004D49040068000000BA
:10C4C800CB0000001B00000000000000000000007E
:10C4D80001000000010000009D950200000000001E
:10C4E8000000000001000000ED94020000000000C0
:10C4F8002C00000004000000C9B302000004000082
:10C5080000000000000000000B005352ECD10400B2
:10C518000100000057445420616C72656164792001
:10C528006163746976650000F34E04002C00000016
:10C538001A000000470000004D4904006800000090
:10C5480067010000280000001F430400700000007D
:10C558008600000023000000BC3C040067000000C7
:10C56800B0010000290000006B4404002B0000000B
:10C578003F000000120000004661696C6564207489
:10C588006F20637265617465207375627363726985
:10C5980062657220666F72204B6579626F617264A2
:10C5A8004576656E742E205468652027737562730E
:10C5B80027206C696D697420686173206265656EF7
:10C5C8002065786365656465642E20496E637265CD
:10C5D8006173652027737562732720666F722074F4
:10C5E800686973206576656E7420696E206B65795D
:10C5F800626F6172642E746F6D6C205B6576656E18
:10C60800745D20286F7220235B6576656E742873CD
:10C61800756273203D204E295D20666F7220637518
:10C6280073746F6D206576656E7473292E00000033
:10C63800E94F040029000000180000000100000074
:10C648005744544661696C656420746F2063726551
:10C6580061746520737562736372696265722066BE
:10C668006F72204C617965724368616E67654576C3
:10C67800656E742E205468652027737562732720B1
:10C688006C696D697420686173206265656E2065E8
:10C69800786365656465642E20496E6372656173AD
:10C6A800652027737562732720666F722074686926
:10C6B80073206576656E7420696E206B6579626F8C
:10C6C8006172642E746F6D6C205B6576656E745D47
:10C6D80020286F7220235B6576656E7428737562F7
:10C6E80073203D204E295D20666F72206375737438
:10C6F8006F6D206576656E7473292E004B550400A6
:10C708002900000009000000010000004D6178695F
:10C718006D756D5375627363726962657273526584
:10C7280061636865644D6178696D756D5075626C9B
:10C7380069736865727352656163686564466169A7
:10C748006C656420746F206372656174652073750D
:10C75800627363726962657220666F7220436861F2
:10C768007267696E6753746174654576656E742E79
:10C778002054686520277375627327206C696D697A
:10C788007420686173206265656E206578636565ED
:10C798006465642E20496E63726561736520277332
:10C7A8007562732720666F722074686973206576D6
:10C7B800656E7420696E206B6579626F6172642E94
:10C7C800746F6D6C205B6576656E745D20286F7282
:10C7D80020235B6576656E742873756273203D202F
:10C7E8004E295D20666F7220637573746F6D2065C6
:10C7F80076656E7473292E00B64904002B0000007C
:10C8080018000000010000004661696C656420742E
:10C818006F206372656174652073756273637269F2
:10C8280062657220666F72204D6F64696669657211
:10C838004576656E742E205468652027737562737B
:10C8480027206C696D697420686173206265656E64
:10C858002065786365656465642E20496E6372653A
:10C868006173652027737562732720666F72207461
:10C87800686973206576656E7420696E206B6579CA
:10C88800626F6172642E746F6D6C205B6576656E85
:10C89800745D20286F7220235B6576656E7428733B
:10C8A800756273203D204E295D20666F7220637586
:10C8B80073746F6D206576656E7473292E000000A1
:10C8C800E94F0400290000005E000000010000009C
:10C8D8004661696C656420746F2063726561746574
:10C8E800207375627363726962657220666F722065
:10C8F800536C65657053746174654576656E742E06
:10C908002054686520277375627327206C696D69E8
:10C918007420686173206265656E2065786365655B
:10C928006465642E20496E637265617365202773A0
:10C938007562732720666F72207468697320657644
:10C94800656E7420696E206B6579626F6172642E02
:10C95800746F6D6C205B6576656E745D20286F72F0
:10C9680020235B6576656E742873756273203D209D
:10C978004E295D20666F7220637573746F6D206534
:10C9880076656E7473292E004B550400290000004B
:10C9980033000000010000004661696C6564207482
:10C9A8006F20637265617465207375627363726961
:10C9B80062657220666F7220506F696E74696E6767
:10C9C8004576656E742E20546865202773756273EA
:10C9D80027206C696D697420686173206265656ED3
:10C9E8002065786365656465642E20496E637265A9
:10C9F8006173652027737562732720666F722074D0
:10CA0800686973206576656E7420696E206B657938
:10CA1800626F6172642E746F6D6C205B6576656EF3
:10CA2800745D20286F7220235B6576656E742873A9
:10CA3800756273203D204E295D20666F72206375F4
:10CA480073746F6D206576656E7473292E0000000F
:10CA5800E94F0400290000006900000001000000FF
:10CA68004661696C656420746F20637265617465E2
:10CA7800207375627363726962657220666F7220D3
:10CA8800436F6E6E656374696F6E5374617475730A
:10CA98004368616E67654576656E742E20546865D7
:10CAA80020277375627327206C696D69742068612B
:10CAB80073206265656E2065786365656465642EBC
:10CAC80020496E63726561736520277375627327E9
:10CAD80020666F722074686973206576656E7420AD
:10CAE800696E206B6579626F6172642E746F6D6C0C
:10CAF800205B6576656E745D20286F7220235B6508
:10CB080076656E742873756273203D204E295D200A
:10CB1800666F7220637573746F6D206576656E74C9
:10CB280073292E00873D04002E0000000A00000033
:10CB3800010000004661696C656420746F206372AF
:10CB480065617465207375627363726962657220CA
:10CB5800666F72205065726970686572616C436FA8
:10CB68006E6E65637465644576656E742E205468D0
:10CB78006520277375627327206C696D6974206856
:10CB88006173206265656E206578636565646564B8
:10CB98002E20496E63726561736520277375627311
:10CBA8002720666F722074686973206576656E74D5
:10CBB80020696E206B6579626F6172642E746F6D87
:10CBC8006C205B6576656E745D20286F7220235B30
:10CBD8006576656E742873756273203D204E295DF5
:10CBE80020666F7220637573746F6D206576656E4D
:10CBF8007473292E42400400290000000A00000036
:10CC0800010000004661696C656420746F206372DE
:10CC180065617465207375627363726962657220F9
:10CC2800666F7220426174746572794164634576F7
:10CC3800656E742E205468652027737562732720EB
:10CC48006C696D697420686173206265656E206522
:10CC5800786365656465642E20496E6372656173E7
:10CC6800652027737562732720666F722074686960
:10CC780073206576656E7420696E206B6579626FC6
:10CC88006172642E746F6D6C205B6576656E745D81
:10CC980020286F7220235B6576656E742873756231
:10CCA80073203D204E295D20666F72206375737472
:10CCB8006F6D206576656E7473292E00B649040081
:10CCC8002B0000000E000000010000004661696CA6
:10CCD800656420746F206372656174652073756282
:10CCE8007363726962657220666F722043656E7441
:10CCF80072616C436F6E6E65637465644576656ECC
:10CD0800742E2054686520277375627327206C6918
:10CD18006D697420686173206265656E206578634B
:10CD280065656465642E20496E637265617365206C
:10CD380027737562732720666F7220746869732081
:10CD48006576656E7420696E206B6579626F6172B5
:10CD5800642E746F6D6C205B6576656E745D20283B
:10CD68006F7220235B6576656E7428737562732015
:10CD78003D204E295D20666F7220637573746F6D58
:10CD8800206576656E7473292E0000004240040009
:10CD98002900000013000000010000004661696CD2
:10CDA800656420746F2063726561746520737562B1
:10CDB8007363726962657220666F722057706D5571
:10CDC80070646174654576656E742E2054686520BC
:10CDD800277375627327206C696D697420686173A5
:10CDE800206265656E2065786365656465642E20DC
:10CDF800496E6372656173652027737562732720B6
:10CE0800666F722074686973206576656E74206930
:10CE18006E206B6579626F6172642E746F6D6C2021
:10CE28005B6576656E745D20286F7220235B65767E
:10CE3800656E742873756273203D204E295D2066E7
:10CE48006F7220637573746F6D206576656E747389
:10CE5800292E00004B55040029000000170000008F
:10CE6800010000004661696C656420746F2063727C
:10CE78006561746520737562736372696265722097
:10CE8800666F722042617474657279537461747547
:10CE9800734576656E742E20546865202773756215
:10CEA8007327206C696D69742068617320626565F9
:10CEB8006E2065786365656465642E20496E6372CB
:10CEC800656173652027737562732720666F72200A
:10CED80074686973206576656E7420696E206B6569
:10CEE80079626F6172642E746F6D6C205B65766514
:10CEF8006E745D20286F7220235B6576656E7428DA
:10CF080073756273203D204E295D20666F72206321
:10CF18007573746F6D206576656E7473292E0000C5
:10CF2800B64904002B0000002400000001000000A6
:10CF38004661696C656420746F206372656174650D
:10CF4800207375627363726962657220666F7220FE
:10CF58005065726970686572616C4261747465725B
:10CF6800794576656E742E2054686520277375623E
:10CF78007327206C696D6974206861732062656528
:10CF88006E2065786365656465642E20496E6372FA
:10CF9800656173652027737562732720666F722039
:10CFA80074686973206576656E7420696E206B6598
:10CFB80079626F6172642E746F6D6C205B65766543
:10CFC8006E745D20286F7220235B6576656E742809
:10CFD80073756273203D204E295D20666F72206351
:10CFE8007573746F6D206576656E7473292E0000F5
:10CFF80042400400290000001B000000010000005E
:10D008004661696C656420746F206372656174653C
:10D01800207375627363726962657220666F72202D
:10D028004C6564496E64696361746F724576656EB8
:10D03800742E2054686520277375627327206C69E5
:10D048006D697420686173206265656E2065786318
:10D0580065656465642E20496E6372656173652039
:10D0680027737562732720666F722074686973204E
:10D078006576656E7420696E206B6579626F617282
:10D08800642E746F6D6C205B6576656E745D202808
:10D098006F7220235B6576656E74287375627320E2
:10D0A8003D204E295D20666F7220637573746F6D25
:10D0B800206576656E7473292E0000004B550400B8
:10D0C800290000002500000001000000CD1D2D1ED4
:10D0D800272A4C4142434445464748494A4B4D4E0E
:10D0E8004F505152535455565758595A0A0B0C0D14
:10D0F8000E0F101112131415161718191A1B1C1FCE
:10D108002021222324252628292B2C2E2F3031328A
:10D11800333435363738393A3B3C3D3E3F405B5C2B
:10D128005D5E5F606162636465666768696A6B6CAF
:10D138006D6E6F707172737475767778797A7B7C9F
:10D148007D7E7F808182838485868788898A8B8C8F
:10D158008D8E8F909192939495969798999A9B9C7F
:10D168009D9E9FA0A1A2A3A4A5A6A7A8A9AAABAC6F
:10D17800ADAEAFB0B1B2B3B4B5B6B7B8B9BABBBC5F
:10D18800BDBEBFC0C1C2C3C4C5C6C7C8C9CACBCC4F
:10D19800CECFD0D1D2D3D4D5D6D7D8D9DADBDCDD2F
:10D1A800DD3B040068000000CA0100002800000000
:10D1B800436C6F7365645061727469616C4F70651C
:10D1C8006E000000493A0400640000003B000000C3
:10D1D80027000000493A04006400000051000000E4
:10D1E8002700000001000000463C04007500000014
:10D1F8007E00000010000000463C0400750000009E
:10D208007E00000017000000463C04007500000086
:10D218007F00000010000000463C0400750000007C
:10D228007F000000170000000A39040062000000B7
:10D23800A4000000180000000A3904006200000081
:10D24800A4000000200000000A3904006200000069
:10D25800AE000000140000000A390400620000005B
:10D26800AE0000001A0000000A3904006200000045
:10D278009D000000180000000A3904006200000048
:10D288009D0000001F0000000A3904006200000031
:10D298009D00000025000000493A040064000000D9
:10D2A800840000001D0000004A4704004D000000F3
:10D2B800F50300001C0000004A4704004D00000070
:10D2C800F60300001C0000004A4704004D0000005F
:10D2D800FA030000200000004A4704004D00000047
:10D2E800FA0300002B00000035510400690000001B
:10D2F8005A000000230000003551040069000000B6
:10D308005300000023000000493A040064000000B4
:10D31800230000002D000000493A040064000000CA
:10D328003000000016000000493A040064000000C4
:10D338003000000038000000493A04006400000092
:10D348007200000017000000493A04006400000061
:10D358005900000017000000026D6964203E206C2F
:10D36800656E63616C6C65642060526573756C747E
:10D378003A3A756E77726170282960206F6E206165
:10D388006E2060457272602076616C7565000000E1
:10D39800000000000800000004000000CDC50200E5
:10D3A800904304007F000000310000000C000000E2
:10D3B800904304007F0000003300000015000000C7
:10D3C800904304007F000000330000001E000000AE
:10D3D800904304007F000000330000002400000098
:10D3E800904304007F00000072000000110000005C
:10D3F800904304007F0000004A0000001500000070
:10D40800904304007F0000004A0000002200000052
:10D418009847040081000000310200001900000054
:10D4280098470400810000003B020000270000002C
:10D4380003000000904304007F000000F800000093
:10D4480015000000904304007F000000F200000077
:10D4580015000000904304007F0000002201000036
:10D468001B000000904304007F0000002201000020
:10D4780032000000904304007F000000E900000033
:10D488001E000000904304007F000000100100000F
:10D498000C000000904304007F000000120100000F
:10D4A80021000000904304007F00000012010000EA
:10D4B800320000001350040062000000F200000077
:10D4C800230000001350040062000000F500000073
:10D4D8001400000013500400620000000B0100005B
:10D4E8002800000013500400620000001101000031
:10D4F8000D0000001350040062000000FA00000054
:10D508002300000013500400620000000201000024
:10D5180014000000904304007F0000007101000027
:10D5280011000000904304007F000000710100001A
:10D5380017000000904304007F0000007501000000
:10D5480011000000904304007F00000075010000F6
:10D5580018000000436C69656E744174745461620C
:10D568006C6520627566666572206F766572666C9A
:10D578006F770000904304007F0000004C0100001A
:10D588000E000000904304007F00000053010000DB
:10D5980020000000904304007F00000056010000B6
:10D5A8000D000000904304007F0000007B01000094
:10D5B800200000000A39040062000000BC000000DE
:10D5C80014000000E2550400720000008E04000000
:10D5D8000E000000E255040072000000C1020000C5
:10D5E8000E000000E2550400720000000203000073
:10D5F80014000000E255040072000000D10300008E
:10D6080024000000E255040072000000AE02000091
:10D6180014000000E2550400720000000803000036
:10D6280024000000E255040072000000B702000068
:10D6380020000000E255040072000000DD02000036
:10D6480014000000E255040072000000A602000069
:10D6580024000000E2550400720000002C030000C2
:10D6680014000000BC3C0400670000004A010000F0
:10D6780023000000BC3C0400670000004E010000CD
:10D6880023000000BC3C04006700000020010000EB
:10D6980042000000BC3C04006700000021010000BB
:10D6A80047000000BC3C0400670000006701000060
:10D6B8001A000000BC3C040067000000670100007D
:10D6C80038000000BC3C040067000000790100003D
:10D6D8001A000000BC3C040067000000790100004B
:10D6E80038000000C2410400680000005700000034
:10D6F80028000000C2410400680000005800000033
:10D7080028000000C2410400680000005900000021
:10D7180029000000C24104006800000072000000F7
:10D7280016000000C24104006800000072000000FA
:10D738001C0000003551040069000000350000009D
:10D7480009000000493A0400640000008E0000004F
:10D7580021000000493A0400640000009D00000018
:10D7680013000000444B0400610000002203000085
:10D7780025000000444B0400610000002203000063
:10D788003C000000444B040061000000230300003B
:10D7980023000000444B0400610000002303000044
:10D7A8003A000000444B0400610000002803000018
:10D7B80027000000444B040061000000350300000E
:10D7C80025000000444B0400610000003503000000
:10D7D8003C000000444B04006100000036030000D8
:10D7E80023000000444B04006100000036030000E1
:10D7F8003A000000444B04006100000048030000A8
:10D808001F000000444B04006100000048030000B2
:10D8180036000000444B0400610000004D03000086
:10D828001F000000444B0400610000004D0300008D
:10D8380036000000444B0400610000004E03000065
:10D8480024000000444B0400610000005303000062
:10D858001C000000444B040061000000530300005A
:10D8680033000000444B040061000000570300002F
:10D8780025000000444B040061000000570300002D
:10D888003C000000444B0400610000005803000005
:10D8980023000000444B040061000000580300000E
:10D8A8003A000000444B04006100000059030000E6
:10D8B80021000000444B04006100000059030000EF
:10D8C80038000000444B0400610000005A030000C7
:10D8D80029000000444B04006100000064030000BC
:10D8E80025000000444B04006100000064030000B0
:10D8F8003C000000444B0400610000006503000088
:10D9080023000000444B0400610000006503000090
:10D918003A000000444B0400610000006D03000061
:10D928001F000000444B0400610000006D0300006C
:10D9380036000000444B0400610000006E03000044
:10D948001F000000444B0400610000006E0300004B
:10D9580036000000444B0400610000007203000020
:10D9680024000000444B040061000000760300001E
:10D978001D000000444B0400610000007B03000010
:10D988001F000000444B0400610000007B030000FE
:10D9980036000000444B0400610000007C030000D6
:10D9A8001F000000444B0400610000007C030000DD
:10D9B800360000006E6F7420696D706C656D656E61
:10D9C80074656400444B040061000000DD0200003F
:10D9D80012000000444B040061000000190300001D
:10D9E80012000000444B0400610000009E03000088
:10D9F8001F000000444B0400610000009E0300006B
:10DA080036000000444B0400610000009F03000042
:10DA180024000000463C040075000000AF0100002F
:10DA28000E000000463C040075000000AF01000035
:10DA380015000000463C040075000000B00100001D
:10DA48000E000000463C040075000000B001000014
:10DA580015000000463C040075000000FC010000B1
:10DA680021000000463C040075000000FD01000094
:10DA780021000000463C040075000000FD01000084
:10DA88000B000000BC3C04006700000040010000DF
:10DA980012000000BC3C04006700000040010000C8
:10DAA8002C000000BC3C040067000000400100009E
:10DAB80037000000BC3C0400670000004001000083
:10DAC80018000000BC3C0400670000004101000091
:10DAD8001F0000009F51040060000000E5000000E6
:10DAE80054000000444B0400610000009A0000004C
:10DAF80009000000537563636573734F75742D6F68
:10DB0800662D62616E642064617461206E6F74209A
:10DB1800617661696C61626C6541757468656E7483
:10DB280069636174696F6E20726571756972656D7C
:10DB3800656E7473206E6F74206D6574436F6E66C6
:10DB480069726D2076616C756520646F6573206EEF
:10DB58006F74206D617463684465766963652064D9
:10DB68006F206E6F7420737570706F72742070619F
:10DB78006972696E67456E6372797074696F6E2039
:10DB88006B65792073697A65206973206E6F7420DC
:10DB98006C6F6E6720656E6F756768536563757225
:10DBA800697479206D616E616765722070726F7437
:10DBB8006F636F6C20636F6D6D616E64206E6F7440
:10DBC80020737570706F7274656450616972696EE4
:10DBD80067206661696C65642064756520746F20D0
:10DBE800616E20756E73706563696669656420721D
:10DBF8006561736F6E50616972696E6720666169ED
:10DC08006C65642064756520746F20726570656149
:10DC180074656420617474656D7074734448206B16
:10DC2800657920636865636B2076616C756520642F
:10DC38006F6573206E6F74206D617463684E756DC7
:10DC48006572696320636F6D70617269736F6E20AE
:10DC580076616C75657320646F206E6F74206D61DA
:10DC680074636850616972696E6720696E207072AA
:10DC78006F67657373206F7665722042522F454433
:10DC8800524C696E6B206B65792067656E657261B1
:10DC980074696F6E206661696C6564446576696352
:10DCA800652072656A65637465642064697374725B
:10DCB800696275746564206B657944657669636526
:10DCC800206973206E6F7420726561647920746FA7
:10DCD800207065666F726D2070616972696E670089
:10DCE800444B040061000000A10000001A0000007D
:10DCF800BC3C040067000000E00000000E000000CB
:10DD0800BC3C040067000000E00000001C000000AC
:10DD1800ED4004006E0000002F0000000900000024
:10DD28000405060708090000BC3C04006700000061
:10DD38000F0100000E000000BC3C0400670000005A
:10DD48000F01000015000000BC3C04006700000043
:10DD5800100100000E000000BC3C04006700000039
:10DD68001001000026000000ED4004006E000000D5
:10DD7800360000000E00000050616972696E67206D
:10DD88005265717565737450616972696E67204375
:10DD98006F6E6669726D50616972696E6720526153
:10DDA8006E646F6D50616972696E67204661696C57
:10DDB8006564456E6372797074696F6E20496E662A
:10DDC8006F726D6174696F6E43656E7472616C20F9
:10DDD8004964656E74696669636174696F6E4964E4
:10DDE800656E7469747920496E666F726D617469C5
:10DDF8006F6E4964656E74697479204164647265F4
:10DE0800737320496E666F726D6174696F6E5369C2
:10DE1800676E696E6720496E666F726D6174696FAF
:10DE28006E50616972696E67205075626C69632013
:10DE38004B657950616972696E67204448204B656B
:10DE48007920436865636B4B6579707265737320DD
:10DE58004E6F74696669636174696F6E4174747238
:10DE6800696275746500000097440400640000004E
:10DE78004302000037000000213E04005800000063
:10DE8800520000000C000000213E04005800000071
:10DE98005200000012000000213E0400580000005B
:10DEA800530000001200000055756964313655753D
:10DEB800696433325575696431323853697A654516
:10DEC80072726F72282900000F0000001000000015
:10DED8000F0000000E0000000E00000016000000F9
:10DEE80016000000140000001C00000013000000D1
:10DEF80010000000120000001400000015000000CF
:10DF080080DD040048A404008FDD04009EDD0400C9
:10DF1800ACDD0400BADD0400D0DD0400E6DD040059
:10DF2800FADD040016DE0400D8A3040029DE04008C
:10DF38003BDE04004FDE0400240000002400000043
:10DF48002400000050000000400000008000000095
:10DF580081000000820000008300000084000000AF
:10DF6800850000008600000087000000880000008F
:10DF7800890000008A0000008B0000008C0000006F
:10DF88008D0000008E0000008F000000900000004F
:10DF9800910000009200000093000000940000002F
:10DFA800950000009600000097000000980000000F
:10DFB800990000009A0000009B0000009C000000EF
:10DFC8009D0000009E0000009F000000A0000000CF
:10DFD800A1000000A2000000A3000000A4000000AF
:10DFE800A5000000A6000000A7000000A80000008F
:10DFF800A9000000AA000000AB000000AC0000006F
:10E00800AD000000AE000000AF000000B00000004E
:10E01800B1000000B2000000B3000000B40000002E
:10E02800B5000000B6000000B7000000B80000000E
:10E03800B9000000BA000000BB000000BC000000EE
:10E04800BD000000BE000000BF000000C0000000CE
:10E05800C1000000C2000000000000000000000035
:10E0680000000000000000000000000000000000A8
:10E078000000000000000000000000000000000098
:10E08800C3000000C4000000C5000000C600000076
:10E09800C7000000C8000000C9000000CA00000056
:10E0A800CB000000CC000000CD000000CE00000036
:10E0B800CF000000D0000000D1000000D200000016
:10E0C800D3000000D4000000D5000000D6000000F6
:10E0D800D7000000D8000000D9000000DA000000D6
:10E0E800DB000000DC000000DD0000000000000094
:10E0F8000000000000000000000000000000000018
:10E108000000000000000000000000000000000007
:10E1180000000000000000000000000000000000F7
:10E1280000000000000000000000000000000000E7
:10E1380000000000000000000000000000000000D7
:10E1480000000000000000000000000000000000C7
:10E1580001000000020000000300000004000000AD
:10E16800050000000600000007000000080000008D
:10E17800090000000A0000000B0000000C0000006D
:10E188000D0000000E0000000F000000100000004D
:10E19800110000001200000013000000140000002D
:10E1A800150000001600000017000000180000000D
:10E1B800190000001A0000001B0000001C000000ED
:10E1C8001D0000001E0000001F00000020000000CD
:10E1D80021000000220000002300000024000000AD
:10E1E800250000002600000027000000280000008D
:10E1F800290000002A0000002B0000002C0000006D
:10E208002D0000002E0000002F000000300000004C
:10E21800310000003200000033000000340000002C
:10E22800350000003600000037000000380000000C
:10E23800390000003A0000003B0000003C000000EC
:10E248003D0000003E0000003F00000040000000CC
:10E2580041000000420000004300000044000000AC
:10E26800450000004600000047000000480000008C
:10E27800490000004A0000004B0000004C0000006C
:10E288004D0000004E0000004F000000500000004C
:10E29800510000005200000053000000540000002C
:10E2A800550000005600000057000000580000000C
:10E2B800590000005A0000005B0000005C000000EC
:10E2C8005D0000005E0000005F00000060000000CC
:10E2D80061000000620000006300000064000000AC
:10E2E800650000006600000067000000680000008C
:10E2F800690000006A0000006B0000006C0000006C
:10E308006D0000006E0000006F000000700000004B
:10E31800710000007200000073000000740000002B
:10E32800750000007600000077000000780000000B
:10E33800790000007A0000007B0000007C000000EB
:10E348007D0000007E0000007F00000000818283C5
:10E358008F0000000100020002000200020002001B
:10E368000200020002000200040000000300000096
:10E378000500000006000600100010000100100053
:10E388000A00100007001000010040001000010002
:10E3980007000000120000000F0000001A00000033
:10E3A800120000001300000011000000130000001C
:10E3B8001100000010000000110000001000000013
:10E3C8001700000016000000140000000B000000F9
:10E3D80004000000FCDA040010A3040022A30400D7
:10E3E80031A304004BA304005DA3040070A3040040
:10E3F80081A3040094A3040038A4040068A40400C2
:10E4080058A4040079A4040090A40400A6A404005D
:10E41800BAA40400C0820400070000000000000045
:10E4280010000000000000000B0000001A000000AF
:10E438001900000015000000160000000F00000081
:10E448001400000016000000FCDA040000000000C0
:10E45800F8A3040000000000F2A60400FDA60400D2
:10E4680017A7040030A7040045A704005BA7040011
:10E478006AA704007EA70400203E0400ECD1040033
:10E4880060D3040038D40400203E0400ECD104001A
:10E4980060D3040038D4040028DD040029DD04001A
:10E4A8002ADD04002BDD04002CDD04002DDD040032
:10E4B800F4D00400F5D00400F6D00400F7D004002E
:10E4C800F8D00400F9D00400203E0400ECD1040088
:10E4D80060D30400203E0400ECD1040060D30400A3
:10E4E80038D4040028DD0400203E0400ECD10400E8
:10E4F80060D3040038D40400203E0400ECD10400AA
:10E5080060D30400203E0400ECD1040060D3040072
:10E5180000000000010000000200000002000000EE
:10E5280002000000020000000200000002000000DB
:10E53800020000000200000002000000203E04006B
:10E54800ECD1040060D3040038D4040028DD0400B2
:10E5580029DD04002ADD04002BDD04002CDD040085
:10E568002DDD0400F4D00400F5D00400F6D004003A
:10E57800F7D00400F8D00400F9D00400FAD0040061
:10E58800FBD00400FCD00400FDD00400FED0040041
:10E59800FFD0040000D1040001D1040002D104001E
:10E5A80003D1040004D1040005D1040006D10400FD
:10E5B800D5D00400D7D0040007D1040008D1040046
:10E5C80009D104000AD104000BD104000CD10400C5
:10E5D8000DD104000ED10400D8D004000FD10400DE
:10E5E80010D10400D9D0040011D1040012D10400C4
:10E5F800D6D0040013D1040014D1040015D10400AE
:10E6080016D1040017D1040018D10400203E0400DC
:10E61800ECD1040060D3040038D4040028DD0400E1
:10E6280029DD04002ADD04002BDD04002CDD0400B4
:10E638002DDD0400F4D00400F5D00400F6D0040069
:10E64800F7D00400F8D00400F9D00400FAD0040090
:10E65800FBD00400FCD00400FDD00400FED0040070
:10E66800FFD0040000D1040001D1040002D104004D
:10E6780003D1040004D1040005D10400203E0400A5
:10E68800ECD1040060D3040038D4040028DD040071
:10E6980029DD04002ADD04004BD104004CD104001C
:10E6A8004DD104004ED104004FD1040050D10400D4
:10E6B80051D1040052D1040053D1040054D10400B4
:10E6C80055D1040056D1040057D1040058D1040094
:10E6D80059D104005AD104005BD104005CD1040074
:10E6E8005DD104005ED104005FD1040060D1040054
:10E6F80061D1040062D1040063D1040064D1040034
:10E7080065D1040066D1040067D1040068D1040013
:10E7180069D104006AD104006BD104006CD10400F3
:10E728006DD104006ED104006FD1040070D10400D3
:10E7380071D1040072D1040073D1040074D10400B3
:10E7480075D1040076D1040077D1040078D1040093
:10E7580079D104007AD104007BD104007CD1040073
:10E768007DD104007ED104007FD1040080D1040053
:10E7780081D1040082D1040083D1040084D1040033
:10E7880085D1040086D1040087D1040088D1040013
:10E7980089D104008AD104008BD104008CD10400F3
:10E7A8008DD10400000000000000000000000000FF
:10E7B8000000000000000000000000000000000051
:10E7C8000000000000000000000000008ED10400DE
:10E7D8008FD1040090D1040091D1040092D104009B
:10E7E80093D1040094D1040095D1040096D104007B
:10E7F80097D10400D4D0040098D1040099D1040022
:10E808009AD104009BD104009CD104009DD104003E
:10E818009ED104009FD10400A0D10400A1D104001E
:10E82800A2D10400A3D10400A4D10400A5D10400FE
:10E83800A6D10400A7D104000000000000000000D9
:10E8480000000000000000000000000000000000C0
:10E8580000000000000000000000000000000000B0
:10E8680000000000000000000000000000000000A0
:10E878000000000000000000000000000000000090
:10E888000000000000000000000000000000000080
:10E898000000000000000000203E0400ECD104004D
:10E8A80060D3040038D4040028DD040029DD040006
:10E8B8002ADD04002BDD04002CDD04002DDD04001E
:10E8C800F4D00400F5D00400F6D00400F7D004001A
:10E8D800F8D00400F9D00400FAD00400FBD00400FA
:10E8E800FCD00400FDD00400FED00400FFD00400DA
:10E8F80000D1040001D1040002D1040003D10400B6
:10E9080004D1040005D1040006D10400D5D00400C8
:10E91800D7D0040007D1040008D1040009D10400AD
:10E928000AD104000BD104000CD104000DD104005D
:10E938000ED10400D8D004000FD1040010D1040077
:10E94800D9D0040011D1040012D10400D6D004009B
:10E9580013D1040014D1040015D1040016D1040009
:10E9680017D1040018D1040019D104001AD10400E9
:10E978001BD104001CD104001DD104001ED10400C9
:10E988001FD1040020D1040021D1040022D10400A9
:10E9980023D1040024D1040025D10400DBD00400D5
:10E9A800DCD00400DDD00400DED00400DFD0040099
:10E9B800E0D00400E1D00400E2D00400E3D0040079
:10E9C800E4D00400E5D00400DAD00400E6D0040066
:10E9D800E7D00400E8D00400E9D00400EAD004003D
:10E9E800EBD00400ECD00400EDD00400EED004001D
:10E9F800EFD00400F0D00400F1D00400F2D00400FD
:10EA0800F3D0040026D1040027D1040028D1040043
:10EA180029D104002AD104002BD104002CD10400F0
:10EA28002DD104002ED104002FD1040030D10400D0
:10EA380031D1040032D1040033D1040034D10400B0
:10EA480035D1040036D1040037D1040038D1040090
:10EA580039D104003AD104003BD104003CD1040070
:10EA68003DD104003ED104003FD1040040D1040050
:10EA780041D1040042D1040043D1040044D1040030
:10EA880045D1040046D1040047D1040048D1040010
:10EA980049D104004AD10400060000000B00000020
:10EAA80004000000B8D10400BED10400C8820400EC
:10EAB8000200000004000000100000000700000031
:10EAC800200000001E000000230000001C000000C1
:10EAD8001D000000260000002F0000002B00000091
:10EAE8002700000020000000210000002600000090
:10EAF8001E0000001A0000001F0000002500000092
:10EB0800FCDA040016B0040003DB040021DB040077
:10EB180044DB040060DB04007DDB0400A3DB0400AD
:10EB2800D2DB0400FDDB040076B0040024DC040022
:10EB380045DC04006BDC040089DC0400A3DC040071
:10EB4800C2DC0400203E040000000000ECD10400F8
:10EB58000000000060D3040038D4040028DD04005D
:10EB680029DD04002ADD04002BDD04002CDD04006F
:10EB78002DDD040000000000000203010003010075
:10EB880000000000030100032526270001020303FB
:10EB98002804000090420000BE1100004C01000053
:10EBA800E80B0000860400000102030301020303CE
:10EBB8000101000207000102040100010000010137
:10EBC8000000010001000001000100000000000039
:10EBD800020B000001000B0002000A0005000900FA
:10EBE8000A000800140007001E0006003200050095
:10EBF8004B0004006400030096000200FA000100C4
:10EC0800F40100000102030302030001F401FA0009
:10EC1800960064004B0032001E0014000A00050034
:10EC2800020001000C0802170D0101020909010187
:10EC380006020918180301010909838385030201E3
:10EC4800230202240910040405050B0B040B2B1BDB
:10EC58001B159A9A1C021D16130501490D15050866
:10EC6800061B1B0F01010000FEFEFEFEFEFEFEFE5F
:10EC7800FEFEFEFEFEFEFEFEFEFEFEFEFE16FEFE94
:10EC8800FEFEFEFEFEFEFEFEFEFE1F1FFE26FEFE32
:10EC9800FEFEFEFEFEFEFEFEFEFEFEFEFEFEFEFE8C
:10ECA8003E3EFEFEFEFE3B3B60009006BE022C018F
:10ECB800D012CE0528049042BE1164005006AE0260
:10ECC8007205DA43081300010202A301B103BF056C
:10ECD800EF024906A309C505F50B25120102030336
:10ECE8000102030301020401020303002804904205
:10ECF800BE117205DA4308132C00D002CE0104407D
:10ED0800100028049042BE112C00D002CE01B4009D
:10ED1800500BEE0364005006AE02B400500BEE0335
:10ED28000102030328049042BE1128049042BE1138
:10ED3800010203030001020201000000101100405B
:10ED480000000000000000000000000000000000BB
:10ED58000406080A0C0E10121416181C1E20222471
:10ED680026282A2C2E30323436383A3C3E4042444B
:10ED780046484A4C4E021A50000000002800000085
:10ED880018000000500100005001000000000000C1
:10ED9800141E0000301100003C730000B45F000036
:10EDA800B80BD0076C396C390000000070170000F0
:10EDB800A00F00003C2800003C2800000000DC05F3
:10EDC800E803D41700000000000000000000000065
:10EDD80000000000141E00003011000060EA00006E
:10EDE80060EA000000002CA6E0A120A820A80000EE
:10EDF800000000000000000000003408E803280AB2
:10EE0800280A00000000000000000000E3A3C3007F
:10EE180001020005040008080000D8ECF0F4F8FC32
:10EE280000020304050607080000000000000000B7
:10EE380000000000000000000000000001010101C6
:10EE48000202020203030303040404040505050582
:10EE58000606060809000000000000000000000087
:10EE68000000000000000000000101010102020290
:10EE78000203030303040404040505050506060745
:10EE880008090A0B0C0D00100200FA00000000002F
:10EE9800647261676F6F6E2F6C6962732F7363683A
:10EEA80065642F7372632F73636865645F68616C50
:10EEB8005F7274632E630000E0440867C9A7D852E4
:10EEC8009DA268EFDC3BE3006173DB4B48283D0FF4
:10EED8004D30C59121C8225225FC73DF44296DEAC3
:10EEE8001BC85502550F4CA0A888E4EF97DCAC2945
:10EEF800DE60A5808F152EBE73E6132BEE1185FC00
:10EF080024ED03D1EE8DC5FFB8997EEA3A5222105E
:10EF1800178AFC4A39EA438F0B3DF3C5BC2D4E8F47
:10EF28008116AAD0FA99C03BF19DFF79417BBBFFBE
:10EF3800C4578BD59DE00D18A5CDD18B52074356EC
:10EF4800A5ED058E7F570718E99668959B699C097A
:10EF5800B5EFF0F13D09D6831C0697ED7EF15AEF27
:10EF68003C4C0D03B877B93539942249A275FA811A
:10EF78005DD3B6A07020A2F5F11CF87465534C81DE
:10EF88005B062001F7AF0BE3212613155612AE805E
:10EF98008807A836CBB8D216CA0BC5EC9746D1332A
:10EFA80021DDAE17B0DFA91966F7C3EDC7BC3F5224
:10EFB800FD5ACFB2DDE64D9C6D9F0DCFE6A90553F6
:10EFC80021B0A9812F173958CF87C675DDA4A7CCE2
:10EFD8002FE24B843E9BD536E9531A11627ECECA86
:10EFE800A1F363F0D443C891DA12A80DF0E577BF16
:10EFF80076317F439CAF640E7D5107CFBB68D5DB6C
:10F00800B93068BAA2FB1A2FA6C2C4E67C80B6152E
:10F01800EF6A96E4BCEAC791E6B6B2D61BEA6D7110
:10F028004B5BF819D1438C242A5E314A60FDDC160B
:10F038000B3D2BC703D3FD15D5DFB742F4F90BE41D
:10F048002A4F932DF38936670BF5A630B4BE148387
:10F058004EC66E97BCF27AD1F1DDE71E4F6CF639D9
:10F068003C37EA688BE1687F86B1D053F2C16651BC
:10F07800148FE57B01A6DD957430914256E35A0D55
:10F08800B142A548271B49552A7310B365A69C466B
:10F09800C14C1A5F521D59293F984FB86B5B6FE7F7
:10F0A800E1845F9F41EF7EBE89A1BA8096D40012A9
:10F0B8002C33EF181F557663F5544E7CC0CBE5B959
:10F0C800340E41E1171A3AC5254445EC3091193EF2
:10F0D8002E9000177EC929B0B6236478116EE62DEC
:10F0E800BE951AB414C92D2683B65104BD6A76514B
:10F0F800B16FBB85345FAD5579CB66901C4F4F0718
:10F108004EB9C830D61BB31AB37542D72F013F6D1D
:10F1180040CEDC9DB1D014A20A0565D174DFAE24BF
:10F128003EDCE5E0CE7EF195564422D9DA9CDA6AD7
:10F13800EA0ED62DD1B2AD1F9BFB0CE29130D8A3BD
:10F14800CBE076BA75C979AE6E8A85C888A5F2A56E
:10F1580068314A87F4A597E896F0487D40EFC1F6F4
:10F168002C135BC36B519C1FFD79C453910F04E1B1
:10F178004367F09D1F880E06510EA95272ADE00933
:10F18800960AC538A36EE6B77077997D05AD32ABA0
:10F19800CB715644E2FFEA0C99CC375D3C75BEDF73
:10F1A800D5A2FEE0CC68D095B67CD74DDACD371E17
:10F1B80088065355BBA4C588F144770C33F0133443
:10F1C800026781BC895CC023ACB592119AEE2223F8
:10F1D800BB803137A036160C0702DEBDD4F3E20F30
:10F1E800D87835C23A091A0EAD8E880CD1F0E506EA
:10F1F80060B6A252A585A29C643992CE9569E7DAD9
:10F2080093794CA33A4996CCE7D973EA44519BD1F8
:10F21800346E1E3163C2A50443A4A2D92BB3B57DB5
:10F228000C96FD2C33BD5437150F430A98CC5B0C54
:10F238007445A9D91F205156FE1804FC2189DDEB1D
:10F248003600E234395B013753A303DF8FCD4FCF4C
:10F2580016AB2CF1E1E62DDC14DF71D01ACC179C2B
:10F2680030554163A3E6C5D71EFBF368601630B579
:10F2780001932618C90BF7B50F1AEC79FDAE8D2D41
:10F28800979CB3CEFDD6BC3B951AF658FC5F57F554
:10F2980020B4F7ADC486D9DBB79EF3151488AA81CC
:10F2A8006C978DB9F5FCE26E7D712FCF5D47655483
:10F2B800D0BB6068C4D3248E0100000000000000A9
:10F2C80000000000FFFFFFFFFFFFFFFFFFFFFFFF42
:08F2D800FEFFFFFF0000000033
:10F2E00001FF6465666D74005345474745522052DF
:10F2F0005454000000000000010000000000000065
:10F30000E269032008F80320000400000000000068
:10F310000000000001000000FFFFFFFFFFFFFFFFF4
:10F3200000000000000000000000000000000000DD
:10F3300000000000000000000000000000000000CD
:10F3400000000000000000000000000000000000BD
:10F3500000000000000000000000000000000000AD
:10F36000000000000000000000000000000000009D
:10F37000000000000000000000000000000000008D
:10F38000000000000000000000000000000000007D
:10F39000000000000000000000000000000000006D
:10F3A0000000000000030000000000000100000059
:10F3B000000000000000000000000000000000004D
:10F3C000000000000000000000000000000000003D
:10F3D000000000000000000000000000000000002D
:10F3E000000000000000000000000000000000001D
:10F3F000000000000000000000000000000000000D
:10F4000000000000000000000000000000000000FC
:10F4100000000000000000000000000000000000EC
:10F4200000000000000000000000000000000000DC
:10F4300000000000000000000000000000000000CC
:10F4400000000000000000000000000000000000BC
:10F4500000000000000000000000000000000000AC
:10F46000000000000000000000000000000000009C
:10F47000000000000000000000000000000000008C
:10F48000000000000000000000000000000000007C
:10F49000000000000000000000000000000000006C
:10F4A000000000000000000001000000000000005B
:10F4B000000000000000000000000000000000004C
:10F4C000000000000000000000000000000000003C
:10F4D000000000000000000000000000000000002C
:10F4E000000000000000000000000000000000001C
:10F4F000000000000000000000000000000000000C
:10F5000000000000000000000000000000000000FB
:10F5100000000000000000000000000000000000EB
:10F5200000000000000000000000000000000000DB
:10F5300000000000000000000000000000000000CB
:10F5400000000000000000000000000000000000BB
:10F5500000000000000000000000000000000000AB
:10F56000000000000000000000000000000000009B
:10F57000000000000000000000000000000000008B
:10F58000000000000000000000000000000000007B
:10F59000000000000000000000000000000000006B
:10F5A000000000000100000000000000000000005A
:10F5B000000000000000000000000000000000004B
:10F5C000000000000000000000000000000000003B
:10F5D000000000000000000000000000000000002B
:10F5E000000000000000000000000000000000001B
:10F5F000000000000000000000000000000000000B
:10F6000000000000000000000000000000000000FA
:10F6100000000000000000000000000000000000EA
:10F6200000000000000000000000000000000000DA
:10F6300000000000000000000000000000000000CA
:10F6400000000000000000000000000000000000BA
:10F6500000000000000000000000000000000000AA
:10F66000000000000000000000000000000000009A
:10F67000000000000000000000000000000000008A
:10F68000000000000000000000000000000000007A
:10F69000000000000000000000000000000000006A
:10F6A0000100000000000000000000000000000059
:10F6B000000000000000000000000000000000004A
:10F6C000000000000000000000000000000000003A
:10F6D000000000000000000000000000000000002A
:10F6E000000000000000000000000000000000001A
:10F6F000000000000000000000000000000000000A
:10F7000000000000000000000000000000000000F9
:10F7100000000000000000000000000000000000E9
:10F7200000000000000000000000000000000000D9
:10F7300000000000000000000000000000000000C9
:10F7400000000000000000000000000000000000B9
:10F7500000000000000000000000000000000000A9
:10F760000000000000000000000000000000000099
:10F770000000000000000000000000000000000089
:10F780000000000000000000000000000000000079
:10F790000000000000000000000000000100000068
:10F7A0000000000000000000000000000000000059
:10F7B0000000000000000000000000000000000049
:10F7C0000000000000000000000000000000000039
:10F7D0000000000000000000000000000000000029
:10F7E0000000000000000000000000000000000019
:10F7F0000000000000000000000000000000000009
:10F8000000000000000000000000000000000000F8
:10F8100000000000000000000000000000000000E8
:10F8200000000000000000000000000000000000D8
:10F8300000000000000000000000000000000000C8
:10F8400000000000000000000000000000000000B8
:10F8500000000000000000000000000000000000A8
:10F860000000000000000000000000000000000098
:10F870000000000000000000000000000000000088
:10F880000000000000000000000000000000000078
:10F890000000000000000000010000000000000067
:10F8A0000000000000000000000000000000000058
:10F8B0000000000000000000000000000000000048
:10F8C0000000000000000000000000000000000038
:10F8D0000000000000000000000000000000000028
:10F8E0000000000000000000000000000000000018
:10F8F0000000000000000000000000000000000008
:10F9000000000000000000000000000000000000F7
:10F9100000000000000000000000000000000000E7
:10F9200000000000000000000000000000000000D7
:10F9300000000000000000000000000000000000C7
:10F9400000000000000000000000000000000000B7
:10F9500000000000000000000000000000000000A7
:10F960000000000000000000000000000000000097
:10F970000000000000000000000000000000000087
:10F980000000000000000000000000000000000077
:10F990000000000001000000000000000000000066
:10F9A0000000000000000000000000000000000057
:10F9B0000000000000000000000000000000000047
:10F9C0000000000000000000000000000000000037
:10F9D0000000000000000000000000000000000027
:10F9E0000000000000000000000000000000000017
:10F9F0000000000000000000000000000000000007
:10FA000000000000000000000000000000000000F6
:10FA100000000000000000000000000000000000E6
:10FA200000000000000000000000000000000000D6
:10FA300000000000000000000000000000000000C6
:10FA400000000000000000000000000000000000B6
:10FA500000000000000000000000000000000000A6
:10FA60000000000000000000000000000000000096
:10FA70000000000000000000000000000000000086
:10FA80000000000000000000000000000000000076
:10FA90000100000000000000000000000000000065
:10FAA0000000000000000000000000000000000056
:10FAB0000000000000000000000000000000000046
:10FAC0000000000000000000000000000000000036
:10FAD0000000000000000000000000000000000026
:10FAE0000000000000000000000000000000000016
:10FAF0000000000000000000000000000000000006
:10FB000000000000000000000000000000000000F5
:10FB100000000000000000000000000000000000E5
:10FB200000000000000000000000000000000000D5
:10FB300000000000000000000000000000000000C5
:10FB400000000000000000000000000000000000B5
:10FB500000000000000000000000000000000000A5
:10FB60000000000000000000000000000000000095
:10FB70000000000000000000000000000000000085
:10FB80000000000000000000000000000100000074
:10FB90000000000000000000000000000000000065
:10FBA0000000000000000000000000000000000055
:10FBB0000000000000000000000000000000000045
:10FBC0000000000000000000000000000000000035
:10FBD0000000000000000000000000000000000025
:10FBE0000000000000000000000000000000000015
:10FBF0000000000000000000000000000000000005
:10FC000000000000000000000000000000000000F4
:10FC100000000000000000000000000000000000E4
:10FC200000000000000000000000000000000000D4
:10FC300000000000000000000000000000000000C4
:10FC400000000000000000000000000000000000B4
:10FC500000000000000000000000000000000000A4
:10FC60000000000000000000000000000000000094
:10FC70000000000000000000000000000000000084
:10FC80000000000000000000010000000000000073
:10FC90000000000000000000000000000000000064
:10FCA0000000000000000000000000000000000054
:10FCB0000000000000000000000000000000000044
:10FCC0000000000000000000000000000000000034
:10FCD0000000000000000000000000000000000024
:10FCE0000000000000000000000000000000000014
:10FCF0000000000000000000000000000000000004
:10FD000000000000000000000000000000000000F3
:10FD100000000000000000000000000000000000E3
:10FD200000000000000000000000000000000000D3
:10FD300000000000000000000000000000000000C3
:10FD400000000000000000000000000000000000B3
:10FD500000000000000000000000000000000000A3
:10FD60000000000000000000000000000000000093
:10FD70000000000000000000000000000000000083
:10FD80000000000001000000000000000000000072
:10FD90000000000000000000000000000000000063
:10FDA0000000000000000000000000000000000053
:10FDB0000000000000000000000000000000000043
:10FDC0000000000000000000000000000000000033
:10FDD0000000000000000000000000000000000023
:10FDE0000000000000000000000000000000000013
:10FDF0000000000000000000000000000000000003
:10FE000000000000000000000000000000000000F2
:10FE100000000000000000000000000000000000E2
:10FE200000000000000000000000000000000000D2
:10FE300000000000000000000000000000000000C2
:10FE400000000000000000000000000000000000B2
:10FE500000000000000000000000000000000000A2
:10FE60000000000000000000000000000000000092
:10FE70000000000000000000000000000000000082
:10FE80000100000000000000000000000000000071
:10FE90000000000000000000000000000000000062
:10FEA0000000000000000000000000000000000052
:10FEB0000000000000000000000000000000000042
:10FEC0000000000000000000000000000000000032
:10FED0000000000000000000000000000000000022
:10FEE0000000000000000000000000000000000012
:10FEF0000000000000000000000000000000000002
:10FF000000000000000000000000000000000000F1
:10FF100000000000000000000000000000000000E1
:10FF200000000000000000000000000000000000D1
:10FF300000000000000000000000000000000000C1
:10FF400000000000000000000000000000000000B1
:10FF500000000000000000000000000000000000A1
:10FF60000000000000000000000000000000000091
:10FF70000000000000000000000000000100000080
:10FF80000000000000000000000000000000000071
:10FF90000000000000000000000000000000000061
:10FFA0000000000000000000000000000000000051
:10FFB0000000000000000000000000000000000041
:10FFC0000000000000000000000000000000000031
:10FFD0000000000000000000000000000000000021
:10FFE0000000000000000000000000000000000011
:10FFF0000000000000000000000000000000000001
:020000025000AC
:1000000000000000000000000000000000000000F0
:1000100000000000000000000000000000000000E0
:1000200000000000000000000000000000000000D0
:1000300000000000000000000000000000000000C0
:1000400000000000000000000000000000000000B0
:1000500000000000000000000000000000000000A0
:100060000000000000000000000000000000000090
:10007000000000000000000001000000000000007F
:100080000000000000000000000000000000000070
:100090000000000000000000000000000000000060
:1000A0000000000000000000000000000000000050
:1000B0000000000000000000000000000000000040
:1000C0000000000000000000000000000000000030
:1000D0000000000000000000000000000000000020
:1000E0000000000000000000000000000000000010
:1000F0000000000000000000000000000000000000
:1001000000000000000000000000000000000000EF
:1001100000000000000000000000000000000000DF
:1001200000000000000000000000000000000000CF
:1001300000000000000000000000000000000000BF
:1001400000000000000000000000000000000000AF
:10015000000000000000000000000000000000009F
:10016000000000000000000000000000000000008F
:10017000000000000100000000000000000000007E
:10018000000000000000000000000000000000006F
:10019000000000000000000000000000000000005F
:1001A000000000000000000000000000000000004F
:1001B000000000000000000000000000000000003F
:1001C000000000000000000000000000000000002F
:1001D000000000000000000000000000000000001F
:1001E000000000000000000000000000000000000F
:1001F00000000000000000000000000000000000FF
:1002000000000000000000000000000000000000EE
:1002100000000000000000000000000000000000DE
:1002200000000000000000000000000000000000CE
:1002300000000000000000000000000000000000BE
:1002400000000000000000000000000000000000AE
:10025000000000000000000000000000000000009E
:10026000000000000000000000000000000000008E
:10027000010000000000000000000000000000007D
:10028000000000000000000000000000000000006E
:10029000000000000000000000000000000000005E
:1002A000000000000000000000000000000000004E
:1002B000000000000000000000000000000000003E
:1002C000000000000000000000000000000000002E
:1002D000000000000000000000000000000000001E
:1002E000000000000000000000000000000000000E
:1002F00000000000000000000000000000000000FE
:1003000000000000000000000000000000000000ED
:1003100000000000000000000000000000000000DD
:1003200000000000000000000000000000000000CD
:1003300000000000000000000000000000000000BD
:1003400000000000000000000000000000000000AD
:10035000000000000000000000000000000000009D
:10036000000000000000000000000000010000008C
:10037000000000000000000000000000000000007D
:10038000000000000000000000000000000000006D
:10039000000000000000000000000000000000005D
:1003A000000000000000000000000000000000004D
:1003B000000000000000000000000000000000003D
:1003C000000000000000000000000000000000002D
:1003D000000000000000000000000000000000001D
:1003E000000000000000000000000000000000000D
:1003F00000000000000000000000000000000000FD
:1004000000000000000000000000000000000000EC
:1004100000000000000000000000000000000000DC
:1004200000000000000000000000000000000000CC
:1004300000000000000000000000000000000000BC
:1004400000000000000000000000000000000000AC
:10045000000000000000000000000000000000009C
:10046000000000000000000001000000000000008B
:10047000000000000000000000000000000000007C
:10048000000000000000000000000000000000006C
:10049000000000000000000000000000000000005C
:1004A000000000000000000000000000000000004C
:1004B000000000000000000000000000000000003C
:1004C000000000000000000000000000000000002C
:1004D000000000000000000000000000000000001C
:1004E000000000000000000000000000000000000C
:1004F00000000000000000000000000000000000FC
:1005000000000000000000000000000000000000EB
:1005100000000000000000000000000000000000DB
:1005200000000000000000000000000000000000CB
:1005300000000000000000000000000000000000BB
:1005400000000000000000000000000000000000AB
:10055000000000000000000000000000000000009B
:10056000000000000100000000000000000000008A
:10057000000000000000000000000000000000007B
:10058000000000000000000000000000000000006B
:10059000000000000000000000000000000000005B
:1005A000000000000000000000000000000000004B
:1005B000000000000000000000000000000000003B
:1005C000000000000000000000000000000000002B
:1005D000000000000000000000000000000000001B
:1005E000000000000000000000000000000000000B
:1005F00000000000000000000000000000000000FB
:1006000000000000000000000000000000000000EA
:1006100000000000000000000000000000000000DA
:1006200000000000000000000000000000000000CA
:1006300000000000000000000000000000000000BA
:1006400000000000000000000000000000000000AA
:10065000000000000000000000000000000000009A
:100660000100000000000000000000000000000089
:10067000000000000000000000000000000000007A
:10068000000000000000000000000000000000006A
:10069000000000000000000000000000000000005A
:1006A000000000000000000000000000000000004A
:1006B000000000000000000000000000000000003A
:1006C000000000000000000000000000000000002A
:1006D000000000000000000000000000000000001A
:1006E000000000000000000000000000000000000A
:1006F00000000000000000000000000000000000FA
:1007000000000000000000000000000000000000E9
:1007100000000000000000000000000000000000D9
:1007200000000000000000000000000000000000C9
:1007300000000000000000000000000000000000B9
:1007400000000000000000000000000000000000A9
:100750000000000000000000000000000100000098
:100760000000000000000000000000000000000089
:100770000000000000000000000000000000000079
:100780000000000000000000000000000000000069
:100790000000000000000000000000000000000059
:1007A0000000000000000000000000000000000049
:1007B0000000000000000000000000000000000039
:1007C0000000000000000000000000000000000029
:1007D0000000000000000000000000000000000019
:1007E0000000000000000000000000000000000009
:1007F00000000000000000000000000000000000F9
:1008000000000000000000000000000000000000E8
:1008100000000000000000000000000000000000D8
:1008200000000000000000000000000000000000C8
:1008300000000000000000000000000000000000B8
:1008400000000000000000000000000000000000A8
:100850000000000000000000010000000000000097
:100860000000000000000000000000000000000088
:100870000000000000000000000000000000000078
:100880000000000000000000000000000000000068
:100890000000000000000000000000000000000058
:1008A0000000000000000000000000000000000048
:1008B0000000000000000000000000000000000038
:1008C0000000000000000000000000000000000028
:1008D0000000000000000000000000000000000018
:1008E0000000000000000000000000000000000008
:1008F00000000000000000000000000000000000F8
:1009000000000000000000000000000000000000E7
:1009100000000000000000000000000000000000D7
:1009200000000000000000000000000000000000C7
:1009300000000000000000000000000000000000B7
:1009400000000000000000000000000000000000A7
:100950000000000001000000000000000000000096
:100960000000000000000000000000000000000087
:100970000000000000000000000000000000000077
:100980000000000000000000000000000000000067
:100990000000000000000000000000000000000057
:1009A0000000000000000000000000000000000047
:1009B0000000000000000000000000000000000037
:1009C0000000000000000000000000000000000027
:1009D0000000000000000000000000000000000017
:1009E0000000000000000000000000000000000007
:1009F00000000000000000000000000000000000F7
:100A000000000000000000000000000000000000E6
:100A100000000000000000000000000000000000D6
:100A200000000000000000000000000000000000C6
:100A300000000000000000000000000000000000B6
:100A400000000000000000000000000000000000A6
:100A50000100000000000000000000000000000095
:100A60000000000000000000000000000000000086
:100A70000000000000000000000000000000000076
:100A80000000000000000000000000000000000066
:100A90000000000000000000000000000000000056
:100AA0000000000000000000000000000000000046
:100AB0000000000000000000000000000000000036
:100AC0000000000000000000000000000000000026
:100AD0000000000000000000000000000000000016
:100AE0000000000000000000000000000000000006
:100AF00000000000000000000000000000000000F6
:100B000000000000000000000000000000000000E5
:100B100000000000000000000000000000000000D5
:100B200000000000000000000000000000000000C5
:100B300000000000000000000000000000000000B5
:100B400000000000000000000000000001000000A4
:100B50000000000000000000000000000000000095
:100B60000000000000000000000000000000000085
:100B70000000000000000000000000000000000075
:100B80000000000000000000000000000000000065
:100B90000000000000000000000000000000000055
:100BA0000000000000000000000000000000000045
:100BB0000000000000000000000000000000000035
:100BC0000000000000000000000000000000000025
:100BD0000000000000000000000000000000000015
:100BE0000000000000000000000000000000000005
:100BF00000000000000000000000000000000000F5
:100C000000000000000000000000000000000000E4
:100C100000000000000000000000000000000000D4
:100C200000000000000000000000000000000000C4
:100C300000000000000000000000000000000000B4
:100C400000000000000000000100000000000000A3
:100C50000000000000000000000000000000000094
:100C60000000000000000000000000000000000084
:100C70000000000000000000000000000000000074
:100C80000000000000000000000000000000000064
:100C90000000000000000000000000000000000054
:100CA0000000000000000000000000000000000044
:100CB0000000000000000000000000000000000034
:100CC0000000000000000000000000000000000024
:100CD0000000000000000000000000000000000014
:100CE0000000000000000000000000000000000004
:100CF00000000000000000000000000000000000F4
:100D000000000000000000000000000000000000E3
:100D100000000000000000000000000000000000D3
:100D200000000000000000000000000000000000C3
:100D300000000000000000000000000000000000B3
:100D400000000000010000000000000000000000A2
:100D50000000000000000000000000000000000093
:100D60000000000000000000000000000000000083
:100D70000000000000000000000000000000000073
:100D80000000000000000000000000000000000063
:100D90000000000000000000000000000000000053
:100DA0000000000000000000000000000000000043
:100DB0000000000000000000000000000000000033
:100DC0000000000000000000000000000000000023
:100DD0000000000000000000000000000000000013
:100DE0000000000000000000000000000000000003
:100DF00000000000000000000000000000000000F3
:100E000000000000000000000000000000000000E2
:100E100000000000000000000000000000000000D2
:100E200000000000000000000000000000000000C2
:100E300000000000000000000000000000000000B2
:100E400001000000000000000000000000000000A1
:100E50000000000000000000000000000000000092
:100E60000000000000000000000000000000000082
:100E70000000000000000000000000000000000072
:100E80000000000000000000000000000000000062
:100E90000000000000000000000000000000000052
:100EA0000000000000000000000000000000000042
:100EB0000000000000000000000000000000000032
:100EC0000000000000000000000000000000000022
:100ED0000000000000000000000000000000000012
:100EE0000000000000000000000000000000000002
:100EF00000000000000000000000000000000000F2
:100F000000000000000000000000000000000000E1
:100F100000000000000000000000000000000000D1
:100F200000000000000000000000000000000000C1
:100F300000000000000000000000000001000000B0
:100F400000000000000000000000000000000000A1
:100F50000000000000000000000000000000000091
:100F60000000000000000000000000000000000081
:100F70000000000000000000000000000000000071
:100F80000000000000000000000000000000000061
:100F90000000000000000000000000000000000051
:100FA0000000000000000000000000000000000041
:100FB0000000000000000000000000000000000031
:100FC0000000000000000000000000000000000021
:100FD0000000000000000000000000000000000011
:100FE0000000000000000000000000000000000001
:100FF00000000000000000000000000000000000F1
:1010000000000000000000000000000000000000E0
:1010100000000000000000000000000000000000D0
:1010200000000000000000000000000000000000C0
:1010300000000000000000000100000000000000AF
:1010400000000000000000000000000000000000A0
:101050000000000000000000000000000000000090
:101060000000000000000000000000000000000080
:101070000000000000000000000000000000000070
:101080000000000000000000000000000000000060
:101090000000000000000000000000000000000050
:1010A0000000000000000000000000000000000040
:1010B0000000000000000000000000000000000030
:1010C0000000000000000000000000000000000020
:1010D0000000000000000000000000000000000010
:1010E0000000000000000000000000000000000000
:1010F00000000000000000000000000000000000F0
:1011000000000000000000000000000000000000DF
:1011100000000000000000000000000000000000CF
:1011200000000000000000000000000000000000BF
:1011300000000000010000000000000000000000AE
:10114000000000000000000000000000000000009F
:10115000000000000000000000000000000000008F
:10116000000000000000000000000000000000007F
:10117000000000000000000000000000000000006F
:10118000000000000000000000000000000000005F
:10119000000000000000000000000000000000004F
:1011A000000000000000000000000000000000003F
:1011B000000000000000000000000000000000002F
:1011C000000000000000000000000000000000001F
:1011D000000000000000000000000000000000000F
:1011E00000000000000000000000000000000000FF
:1011F00000000000000000000000000000000000EF
:1012000000000000000000000000000000000000DE
:1012100000000000000000000000000000000000CE
:1012200000000000000000000000000000000000BE
:1012300001000000000000000000000000000000AD
:10124000000000000000000000000000000000009E
:10125000000000000000000000000000000000008E
:10126000000000000000000000000000000000007E
:10127000000000000000000000000000000000006E
:10128000000000000000000000000000000000005E
:10129000000000000000000000000000000000004E
:1012A000000000000000000000000000000000003E
:1012B000000000000000000000000000000000002E
:1012C000000000000000000000000000000000001E
:1012D000000000000000000000000000000000000E
:1012E00000000000000000000000000000000000FE
:1012F00000000000000000000000000000000000EE
:1013000000000000000000000000000000000000DD
:1013100000000000000000000000000000000000CD
:10132000000000000000000000000000FFFF0000BF
:1013300002000000FFFFFFFF0002000000000000AD
:10134000000000000000000000000000000000009D
:10135000FEFFFFFF00000000000000000000000092
:10136000000000000000000001010000000000007B
:1013700030750000000000000000000000000000C8
:10138000FFFFFFFFFF1F00001F0000000000000024
:101390007FFE0000E40700001D4000000000000088
:1013A0000000000000000000FFFFFFFF1FFF1B0008
:1013B000BAABBABA10101010A0354D00FF000000F3
:1013C000C409000000000000008000400000000090
:1013D000000000000C0000000000000000FF7F0083
:1013E00000000000173C030000000000B33B0300B6
:1013F00000000000453C030000000000FF3B03002C
:1014000000000000FB3B030000000000FF000000A4
:0C141000480A0400010000008C0B0400DE
:0400000300001101E7
:00000001FF
