:1010000008790320011100008D220200C1DD0300D8
:101010008D2202008D2202008D22020000000000BD
:101020000000000000000000000000008D2202000F
:101030008D220200000000008D2202008D2202009D
:1010400059110000C11100008D2202008D22020002
:101050008D2202008D22020071270200451200003D
:10106000911200008D2202008D2202003912000030
:101070008D220200CD1100008D2202008D2202007F
:101080008D220200492802008D2202008D220200DA
:10109000AD1100008D2202008D2202008D2202007F
:1010A0008D2202008D2202008D2202008D2202007C
:1010B0008D2202008D2202000000000000000000CE
:1010C0008D2202008D2202008D2202008D2202005C
:1010D0008D2202008D2202008D2202009D1200004E
:1010E0008D2202008D2202008D22020000000000ED
:1010F000000000008D220200000000008D2202008E
:1011000021F0C7F80E480F490022814201D004C0E7
:10111000FBE70D480D490E4A814202D008CA08C0BB
:10112000FAE70C484FF47001026842EA01020260DB
:10113000BFF34F8FBFF36F8F1EF00CF900DE00007E
:10114000489A032008F8032008790320449A0320D2
:10115000685B040088ED00E0B0B502AF38F0CCF970
:10116000104C206828B1002020600F48103021F07A
:1011700067FD606850B10C4D0020606005F1100003
:1011800021F05EFD05F1280021F05AFDA06838B17C
:101190000020A06004482830BDE8B04021F050BDD8
:1011A000B0BD00BF1C010040F8E6032080B56F46CB
:1011B0000248BDE8804021F043BD00BF70DC032041
:1011C00080B56F46BDE8804039F028BDF0B503AF6B
:1011D0004DF804BD154E0020306022F041FB144D47
:1011E0000446286DF0B94FF0FF302865E86D78B1FE
:1011F000296E88420CD0D6F808140170D5E9170181
:101200000130E865884204BF05F1540021F0ECFC90
:10121000286D0130286520465DF804BBBDE8F0402C
:1012200022F054BB034820F0ADFE00BF00D10040C7
:10123000F8E603203831040080B56F46BDE88040F1
:101240003AF088BBD0B502AF0F4C206930B1102006
:10125000C4F808020D48203021F0F2FC606830B17B
:101260000220C4F808020948203021F0E9FC206877
:1012700040B10120C4F8080204482030BDE8D04045
:1012800021F0DEBCD0BD00BF00710040F8E60320B5
:1012900080B56F46BDE8804039F0B4BCF0B503AF0F
:1012A0002DE9800F3A4D286858B13A4C0120C5F815
:1012B000080204F1100021F0C3FC04F1180021F031
:1012C000BFFCE86D38B14FF40000C5F808023148A2
:1012D000183021F0B5FCA86A38B14FF48060C5F829
:1012E00008022C48183021F0ABFCA86D28B1002072
:1012F000A8652848103021F0A3FC286EE8B3002030
:101300002866D5F86CA32348C5F86CA3BFF35F8F9C
:1013100050E8021F41EA0A0140E80212002AF7D110
:10132000DFF880804FF0000BDFF870900126BFF3EC
:101330005F8F5FEACB7020D13546072E1DD82E4631
:101340002AFA05F418BF0136E00707D0681E0828FE
:1013500015D209EBC000383021F072FCE81FB0FA5A
:1013600080F04FEA501BE003E3D5681E082808D23E
:1013700008EBC00021F064FCDBE727F048B9064A1F
:1013800000E0074A4FF0FF30082120F0A1F900BF2C
:1013900000710240F8E60320DC12040060E703203D
:1013A000EC12040070DA0320F0B503AF2DE9000F52
:1013B0009BB0D0E9014B814608460E46A4EB0B05D5
:1013C00025F0CCFF854201D2002073E23046D9F8E7
:1013D000005025F0C3FFDFF808152A46009100EB06
:1013E0000B015846234619F0A5FF3278FF2A1CD17D
:1013F0003279FF2A3BD127F076FC3089012812A8E8
:1014000014BF1B211D2123F0DFFEC0B2022840F0D3
:101410004882718912A823F0F7FEC0B2022840F07A
:101420004082D6E9031212A8C4E1B2F10A044FF0D7
:10143000000398BF1C46002C33D0012C46D127F066
:1014400052FC12A8522123F0BFFEC0B2022840F085
:101450002882B18912A823F0D7FEC0B2022840F03A
:101460002082D6E9011212A825F08EF834E0CDE9E9
:10147000090100200B90DFE812F009003601590045
:10148000160131006B0193013301A00109A803216A
:1014900023F09AFEC0B2022840F00382F18809A826
:1014A000F9E112AC0A2A0BC400F21482DFE812F050
:1014B0000B008D01A701AA01DA01BB01E3011202B1
:1014C000120212028A0112A8102180E127F00BFCFF
:1014D00012A81E2123F078FEC0B2E2E109A809217A
:1014E00023F072FEC0B2022840F0DB81746909A8C3
:1014F000214623F069FEC0B2022840F0D28127F0D5
:1015000022F812A8294625F0A3FE9DF84800FF28DE
:1015100040F0C68127F069F8C0B2022840F0C181CE
:1015200027F077FAC0B20228EBD0BAE109A805216A
:1015300023F04AFEC0B2022840F0B381357D09A8ED
:10154000294623F041FEC0B2022840F0AA81D6E924
:101550000220CDE90E2031698DF8445010910EAC77
:10156000401AE9B24FF0100A012908BF4FF0020AF1
:101570000AF102018842C0F09381204624F0BCFCAD
:101580000546C00740F09F8112A82146524625F02B
:1015900095FE1298002800F096811399022924D014
:1015A00004291AD0102928D1C2684FF00208818876
:1015B0000792C27AADF8681001680892827A0292A6
:1015C0005FFA81FC427A0392027A19910121049216
:1015D000C27980790592069012E0D0F800C04FF0F1
:1015E0000108CDF864C001210AE0B0F800C0012173
:1015F000ADF864C04FF0000802E0CDF8661000219D
:10160000002900F05A81079BA2460C93290C9DF8F3
:1016100060308DF83430089B8DF85430029B8DF883
:101620005330039B8DF85230049B9DF868008DF871
:101630005130059B9DF869209DF865E09DF8665046
:101640009DF867408DF85030069B8DF84D000C9842
:101650008DF84F308DF84E208DF84C408DF84B5062
:101660008DF84AE08DF849C08DF84880CDF85500D6
:1016700009AC204623F0C8FDC0B2022840F0118119
:1016800012A823F071FD27F0CFF820461A4624F067
:101690007BFFC0B2022840F00481DDE90F0154460F
:1016A0009DF844505CE709A8012123F08DFDC0B2EC
:1016B000022840F0F680717909A823F085FDC0B2B8
:1016C000022840F0EE80318909A823F09DFDC0B2C8
:1016D000022840F0E680B17909A823F025FDDCE07E
:1016E00009A80D215EE009A8072123F06DFDC0B215
:1016F000022840F0D68031690DF148080DF1240A26
:10170000D6E902201491CDE91220401A0428C0F035
:10171000C780404624F0F0FB0546C00740F0C0807B
:10172000404624F0E9FB0446C00740F0B980290C8C
:1017300027F0CBFAC0B2022840F0B380210C27F08A
:10174000C4FAC0B2022840F0AC80DDE91301DCE746
:1017500009A8112123F038FDC0B2022840F0A18071
:10176000746909A8214623F02FFDC0B2022840F079
:10177000988026F0E8FE12A8294625F069FD9DF81C
:101780004800FF2840F08C8026F02FFFC0B20228CE
:1017900040F0878027F03DF9C0B20228EBD080E00E
:1017A00009A80B2123F010FDC0B2022879D1D6E997
:1017B000021209A824F0E8FE6FE009A8132123F023
:1017C00003FD6AE012A80C2157E012A8082123F0BB
:1017D000FBFCC0B2022864D1718A12A823F014FD68
:1017E000C0B202285DD1B18A12A823F00DFDC0B2AB
:1017F000022856D1711C12A825F006FB4DE012A854
:101800000A2131E012A8122123F0DEFCC0B2022826
:1018100047D1718812A823F0F7FCC0B2022840D14A
:10182000D6E90112FFE512A8062123F0CDFCC0B2D3
:10183000022836D1718812A823F0E6FCC0B2022833
:101840002FD1B18812A823F0DFFCC0B2022828D122
:10185000F18812A823F0D8FCC0B2022821D1D6E921
:101860000212E0E512A8022123F0AEFCC0B2022869
:1018700017D171880EE012A8042123F0A5FCC0B294
:1018800002280ED1718812A823F0BEFCC0B2022833
:1018900007D1B18812A823F0B7FCC0B2022800D14A
:1018A0000220022806D1304625F058FD5844C9F8D8
:1018B000080002201BB026F0F3BD0798CDF85D00AC
:1018C00008988DF85C009DF860008DF8340017983A
:1018D0000C90E5E703480F21034A1FF0F2FE00BF1A
:1018E0005C3A04004C4204006C420400F0B503AFC3
:1018F0004DF804BD84B00446D0E901300D46191AF4
:1019000004290CD32268061D084926F084FCCDE981
:10191000020102A82946042219F0EAFC08B10020BD
:1019200001E00220A66004B026F0F8BC5CFC0300D5
:1019300080B56F460021017301490131016080BD0E
:10194000F8E6032080B56F4641F2683281501044BA
:101950000021017280BDD4D4E0B502AF1F49044616
:10196000002040F20112B0F57F5F2FD00D1800F576
:101970007F5005F1180353E8006F26B943E80026AD
:10198000002EF8D102E0BFF32F8FECE71448686215
:1019900005F128002146FFF7D5FF2046294620F013
:1019A0009DFE0025BFF35F8F54E8000F44E800510F
:1019B0000029F9D1BFF35F8F30B1C669C5614576A3
:1019C000416A88473046F7E720BFEBE705487A1EB3
:1019D00000902B210448054B20F023FBB09A0320F4
:1019E000D969010030040400FA3B0400200D040012
:1019F000F0B503AF2DE9000B94B00446F8680DF183
:101A00003C0826F0DDFD9DF83C00FF2803D040F6A1
:101A1000032020801DE0A7F14E0008F10401851C81
:101A200026F004FB02A82946861C26F086FA0BAD98
:101A3000314626F0FBFA27F019F82078FF2808D065
:101A400026F05EFE044820F049FC26F085FC20F0DC
:101A5000ADFD14B026F00CBDDB000000F0B503AF07
:101A60002DE9000FCDB0FE68D7F80880CDE91D2024
:101A700056F870AFD8F84400C346CDF8AB00C14665
:101A80005BF8410FD6F808E02A90D8F83D00129391
:101A900016917268F568D6F810C07369B169F46977
:101AA000CDF8CB0059F83A0F2192CDF870E01B9594
:101AB000CDF868C0199320911F94329032A88DE818
:101AC000120454460DF1F80ACDE9032E624605953D
:101AD0002AA9CDE90610A6F13001504617F0E8FE1C
:101AE00022A89AE82E002EC0429811904398109098
:101AF00044980F9045980E90306A1890706A17902D
:101B000008F14E00D6E90AA526F092F820F07F40B1
:101B1000CDE90A0B209800901F98CDE90104219887
:101B200003901C98CDE908A5049005461B98CDF8B4
:101B300054B005908346189806901798CDF84C90AD
:101B4000CDF830901494079026A822A91A9A199BD0
:101B50009146984617F0D0FD1D98102804D126A86C
:101B600016991DF005F930B11E99FF20087040F656
:101B7000033088805EE0D6E90C40D7F808A01D90BD
:101B8000B06B18900AF14800F66B26F051F820F07F
:101B90007F400A9013980B9015980C902098049011
:101BA0001F981899CDE905041D98CDE90816CDE9CF
:101BB000005BCDE9029807902AA822A9149A219BDC
:101BC00017F09AFDDDE92C01DDE92A23CDE90001BA
:101BD0003EAC204604F0E0FC9DF8F850FF2D0AD002
:101BE000611C32AC26F07CFA1E9E214626F008FBD2
:101BF0003571FF201DE00DF1C809211D09F1030514
:101C000026F014FA2EAE294626F097F9129C0DF113
:101C1000F8083246404621461CF099FB9DF8F850E2
:101C2000FF2D0AD01E9E08F1010126F0E9FAFF20DF
:101C3000357130704DB026F0A8BA9AF838000223FA
:101C40009AF84A100DF1F8089AF85020022801F08D
:101C5000030008BF012302F0030180F0010081F0BE
:101C6000010108430F990091B0FA80F00E994009E4
:101C7000CDE901132146DDE91032039040461CF006
:101C800099FB9DF82161022E09D198E86E00484623
:101C90006EC01E9E99E83E00301D3EC0A9E732ACE2
:101CA0003EA9292226F0D7FABDF826012146ADF833
:101CB00030012922DDF822014B903EAD26F0A4FA36
:101CC0005046294629223BF09CFE4B981E99CAF8A3
:101CD0002A00BDF83001AAF82E000A208AF82960EF
:101CE0000870A7E7102B7DD1F0B503AF2DE9000FE9
:101CF0009DB009908846F868137800F16006D2F824
:101D00000100D2F80540D2F8095043EA002C3969A5
:101D10002B0243EA1463240244EA1060D47BB2F835
:101D20000D20C6E900C042EA0442120242EA1562EE
:101D3000C6E9023218A803F05BF806F1300A1898D9
:101D400006F11003F66B1A9A08F07F041999DDF872
:101D50006CB0069283E80708A4F14002079131466F
:101D600008909AE8200650463BF006FDCDF8148016
:101D700080462846494622463BF0FEFCC4F140021C
:101D8000814650463146D7F80CA03BF00BFD0AF1D6
:101D9000200103910699402CCDE901BA009138BF8A
:101DA00049EA00082948002C08BFA84626F053FF3E
:101DB0000AA8DDE9073217F003FDDDE90C01DDE9D2
:101DC0000A23CDE9000118AC204604F025FB9DF85C
:101DD0006050FF2D0CD0611C0FAC26F081F9099EDC
:101DE00021461FE0FF21017040F6032181807047EA
:101DF000DDF814900FA8C61C211D1022D7F808800A
:101E000026F0D7F914AD314626F010F918AC41464A
:101E10002A4620461CF09BFA9DF86050FF2D09D001
:101E2000099E611C26F0ECF9FF20357130701DB061
:101E300026F0ABB9099C5146B02204F108003AF0F3
:101E40008BFF0620C4F804902070F0E7C0FFFF7FEE
:101E5000F0B503AF2DE9000B94B00446F8680DF11E
:101E60003C0826F0ADFB9DF83C00FF2803D040F66F
:101E7000032020801DE0A7F14E0008F10401851C1D
:101E800026F0D4F802A82946861C26F056F80BAD99
:101E9000314626F0CBF826F0E9FD2078FF2808D05F
:101EA00026F02EFC044820F019FA26F055FA20F00E
:101EB0007DFB14B026F0DCBADA000000F0B503AF09
:101EC0002DE9000F9FB08246880701D411206EE0F3
:101ED000D56B934605F108030FCB41EA030440EAB2
:101EE0000206344311BF8DE80F000020CDE9020047
:101EF000CDE9000016AE6946304604F07BFB9DF844
:101F00005840FF2C3CD111A8311D00F1030826F0E8
:101F100081FC0AAE414626F010F80DF158095946E9
:101F2000324626F0A5FE9DF85840FF2C30D1286897
:101F3000C10741D06968000A0A0E8DF83E200A0ADE
:101F400040EA0160ADF83C200E9016AE0EA9304676
:101F500004F09CFB9DF85840FF2C11D1311D4046E8
:101F600026F07CF91BAE414625F0E7FF05A859464F
:101F700032461CF0ECF99DF81440FF2CA6D00DE081
:101F800011AD711C132226F03FF905A8294602E085
:101F900005A809F10101013026F008F905A90AF1A7
:101FA0000500013126F002F9FF208AF804408AF882
:101FB00000001FB026F0E9B80524EFE7F0B503AF45
:101FC0002DE9000F8BB0044602A80E460021924670
:101FD00004F0F7F99DF80800FF281ED09DF80B10BB
:101FE000E170BDF809109DF81B20DDE903C5A4F8D8
:101FF0000110BDF81910059E9DF81830ADF81C10A1
:102000008DF81E202374C4E901C5E660A4F8111000
:10201000E27420700BB026F0B8B89DF818B0059D9A
:10202000BDF81900ADF8040059469DF81B008DF865
:1020300006002846DDE9038915F020FE02460B461E
:1020400006F1480011461A4625F0AAFEC0B2022841
:102050001CD1BDF804005146ADF829009DF80600DA
:102060008DF828B00995CDE907898DF82B0002ADD0
:1020700007AA28461CF06BF99DF80860FF2E10D0C7
:10208000601C691C26F092F82670C3E705204946BB
:10209000207040460BB0BDE8000FBDE8F04025F0D1
:1020A00055BEFF20B5E7D4D4F0B503AF2DE9000F3E
:1020B0009FB00D46B968069314460B901AA802F01B
:1020C00097FE1A9804F170061C9A05F07F0504F13A
:1020D000900B1B991D9B0FC60892A5F140020A9018
:1020E0009BE8400E50460991594607933BF044FB4C
:1020F0008046304649462A463BF03EFBC5F1400249
:102100008146504659463BF04DFB04F12001402DDD
:10211000CDE90241079901910899009138BF49EA38
:1021200000082448002D08BFB04626F094FD0CA8F6
:10213000DDE9093217F044FBDDE90E01DDE90C238E
:10214000CDE900011AAC204604F066F99DF868500C
:10215000FF2D0BD0611C11AC25F0C2FF0B9E214658
:102160001322701C3BF04DFC35701FE0DDF82C8015
:1021700011A8C51C211D25F059FF16AE294625F0D2
:10218000DCFE1AAC0699324620461CF0E0F89DF8B9
:102190006850FF2D07D008F10100611C26F006F8F9
:1021A00088F8005002E0FF2088F800001FB025F0FA
:1021B000ECBF00BFC0FFFF7FF0B503AF2DE9000FFC
:1021C000B5B016461D46CDE91210B046D6F83D0012
:1021D0000DF1A00C55F8702FCDF8A30058F83A0F68
:1021E000289056F8410FD5F808906B68D5F80CA0E8
:1021F000D5F810E0D5F814B0AC69E9692C90D6F8A0
:10220000030014921593CDF86C90CDF868A0CDF82A
:1022100064E0CDF860B017941691CDF8B3002CA807
:102220008DE800460DF18009CDE9051CA5F13001CE
:1022300007904846CDE903B417F03AFB1CA899E88B
:102240001E0005F1300B1EC02498119025981090A7
:1022500026980F9027980E90F01D9BE8100AD5F84D
:102260003CA025F0E5FC20F07F40CDE90A08DDE93F
:102270001A10CDE908BA0C96CDE900011998029020
:102280001898039017980490169805A981E81102F0
:1022900028A81CA9DDE9142317F02EFADDE928236C
:1022A0000DF18009DDE92A01CDE90001484604F07D
:1022B00073F99DF88060FF2E0ED02CAC09F101015E
:1022C00025F00EFF139D21461322681D3BF099FB5C
:1022D000FF202E71287051E0DDF84C802CA8C61C20
:1022E00009F1040125F029FE31AC314625F000FF4B
:1022F0000DF180091299224626F0BAFC9DF8804023
:10230000FF2C0BD008F1050009F1010125F04EFF6B
:10231000FF2088F8044088F800002FE005F1200B2A
:10232000464608F11804ED6A9BE8000D09F1070024
:102330001CA925F093FF0B20494606F8010B172234
:1023400025F037FF199804F12C012062189860627B
:102350001798A0621698E56381E8010D1198206036
:10236000109860600F98A0600E98E060149820614B
:10237000159860611B98A0611A98E06135B025F04E
:1023800004BFD4D4F0B503AF2DE9000F8BB00446E1
:102390000220ADF80A0001208DF808001E462C48E6
:1023A00088468DF80920039007A825F085FC079D35
:1023B000EDB3DDE9089BFB20D7F808A0CDE904B018
:1023C0000020069004A803A9FFF790FAC0B20228E3
:1023D0001CD104A802A9FFF789FAC0B2022815D1BE
:1023E000DDE90530191A02290ED3049A1949009122
:1023F000811C019118F09EFFCDE9070107A8314625
:10240000022218F075FFB8B1042004E0C0074FF0B5
:10241000040018BF0D200121207061702846494634
:102420000BB0BDE8000FBDE8F04025F08FBC1620D2
:1024300020700BB025F0A9BE019851460A9007A85C
:1024400080E8200A07AB2046424616F02FFFF0E74F
:10245000060005005CFC030091F8673301F5147277
:10246000012B12BF91F8561202F58C720121A0B116
:10247000D0B502AF9388B0F8154112686340D0F828
:10248000114162401A4390F817315940C90718BFEB
:102490000020002A18BF0020D0BD00207047D4D4EF
:1024A000F0B503AF2DE9000794B002AD8846814630
:1024B000482126F04AFAD8F80C404826334B2946E2
:1024C000482C38BF2646304648221BF036FF0546CA
:1024D000D8F808008A46214618F0F0FA8E4251D802
:1024E00003462B4800901A4628465146334621F0B1
:1024F000D9FA022C09D22D481FF0F0FE30461FF009
:10250000DFFE20F053F80A2019E09DF80800441E71
:10251000E5B20E2D12D22046A6F1010A15F000FEFA
:1025200080B282451BD109F1010002A948223BF08B
:1025300068FAC9F84C6089F8004008E0072089F87B
:102540000500032089F80400FF2089F80000D8E97D
:10255000000125F0FBFB14B0BDE80007F0BD0D48FD
:102560001FF0BCFE0C480D4CA0470D48A0470D487D
:102570000D4950F8250051F825101DF00BFE0020E4
:10258000A047BEE70A4B0A4625F086FF8CFD0300F4
:10259000ACFD0300D00000001400000099220200EE
:1025A000290200009847040060470400D1000000A1
:1025B0009CFD0300F0B503AF2DE9000F95B01C782A
:1025C0008046FF2C15D046481D4616468A4693F88D
:1025D00001B01FF083FE43481FF05EFE284623F043
:1025E000F9FD032C18BF4FF0080B1FF0DFFF192C6B
:1025F00005D1FF2088F8000015B025F0C6BDB6F85B
:1026000058430FA825F058FB0F98002848D0A7F191
:1026100043000094C51C0FA90C2225F0F5FDA7F17D
:1026200052002946C61C0C2225F0C3FD12AD3146CE
:102630000C2225F0E9FD02A82946042215F030FB02
:102640009DF80800DDE903549DF81860FF28DDF8C7
:10265000149026D14846314615F010FBE1B380F8BE
:1026600000B0304615F002FBCDE904904046CDE9BC
:10267000025402AD009A51462B4616F017FE98F808
:102680000000FF28B5D098E85E0028465EC01648D6
:102690001FF024FE284623F08FFD1FF087FFABE7D5
:1026A00016209DF80B1088F80310BDF809109DF84E
:1026B0001B20A8F80110BDF81910ADF804108DF812
:1026C000062088F81060C8E90154C8F80C90A8F8F2
:1026D000111088F813208DE7044A25F032FC00BF62
:1026E000C900000003020000CE000000CCFD030082
:1026F000F0B503AF4DF8048D92B00DF104080D460E
:1027000006461146404644221C463BF0D5F8B868C0
:102710002946009030464246234600F005F812B0A4
:102720005DF8048BF0BDD4D4F0B503AF2DE9000FF4
:10273000ADF29C6D189301F1780A1790DCAE91F818
:10274000C84006F1600B90460D46022C199132D11B
:102750000DF168092946C82248463AF0FDFA1520CD
:1027600028710E2028709DF8685098F800000C2DF4
:1027700000F2128306F17004DFE815F00D008C0101
:1027800042012801C9000A01DF010E037502C602D9
:102790000E03AB029700FF2804BF98F80C10002925
:1027A00000F02287411E0329C0F0B882002840F0C3
:1027B000EF8200F05ABF0DF50C792946C8221AAEF7
:1027C00048463AF0C9FA15209DF8301228711220B7
:1027D00028700F2998F8000000F2B68506F1600510
:1027E000DFE811F01000C20302039F04CF04B2051A
:1027F0007C03E0032204B205AB053205B205B20545
:10280000E6028903FF2804BF98F80C200A2A40F04A
:102810009B85D8F80800002802F09882199D0C22A8
:10282000D8F8041095F81901032808BF0822DDF82C
:1028300060A0DAF8383093F8700393F871330244EB
:1028400085F81A210C7813B1012185F818110DF5BE
:102850009F6858B195F81C0195F81D1140F00300D0
:1028600085F81C0141F0030185F81D111AA8514695
:102870001BF013FF9DF891000DF55C79022807D03D
:10288000600741F1C4829DF89000022801F0BF82E8
:10289000DCAC25F08EFF26F062FA01F01C8225F0F8
:1028A00013FC8DF8FC5401F0C7BAFF2804BF98F858
:1028B0000C10082940F02F82D8F80820002A02F0D6
:1028C0004382D8F804000478022C81F01A800DF5B8
:1028D0009F68062A42F22A82199A50F8011FDDF8F1
:1028E00060A0C2F811118188A2F8151192F8F910B0
:1028F00082F81741022900F0FB868188A2F8F410C3
:102900000068C2F8F00082F8F64000F0F1BEFF283F
:1029100004BF98F80C10022900F05186042800F238
:102920003E82DFE810F0E806FB01FB010500E80647
:102930000DF59F600DF59F6B00F1900519989022A1
:1029400000F1180158463AF007FADCAE09F101012E
:10295000112225F02EFC0024D8F80400C5E900045B
:10296000C5E904049DF87003C5E90244C007C5E940
:10297000064401F05B85DDF860A0721CB868002198
:10298000CDE900AB102302908CA8FFF7ABF9CBE1A7
:10299000FF2804BF98F80C10022940F0BC81199858
:1029A0000DF59F64B02200F1080120463AF0D4F9F9
:1029B000D8E90123A046DDF860A0B8681B99CDE9ED
:1029C00000A402908CA8FFF78DF9AFE1042800F273
:1029D000E887DFE810F090060500C707A30190061E
:1029E0009DF86900002801F07881199909F1180013
:1029F0001022D031CDE9001009F1020100F043BFEF
:102A0000FF2804BF98F80C10032940F08481199D19
:102A10004CA8702225F0F1FCDAF8000005F19801CD
:102A200016902022DAE901B9DAF80C60C6A83AF06B
:102A3000E8FF25F04BFD40F09A87D8F804000DF52B
:102A40009F6A169A5B461596D0F809101491D0F833
:102A50000110139101781291C17B11911899D0F84E
:102A60000550B0F80D0010905046CDE900965E4636
:102A7000FEF7BEFF9DF8F884B8F1FF0F01F07082F9
:102A80008CA80AF10101053025F090FB8DF8348205
:102A900000F0A8BFFF2804BF98F80C100B2940F0E5
:102AA0003A81D8E901120DF54678404625F026F81E
:102AB000DDF860A02022DAF82C10BEAC25F0CBFBAC
:102AC000DAF830104CAE402225F073FB0DF59F690B
:102AD000214642463346484624F040FF9DF8F8041C
:102AE000C00700F049879DF8FB0409F106018DF845
:102AF00006021222BDF8F9049DF8FC449DF8FD641D
:102B0000ADF804027CA83AF07CFF09F1180079A91D
:102B10000DF59F6A0CC80CC1007808704CA950468E
:102B200003F0C2FC9DF8F804FF2801F073820A202C
:102B300003258DF8710301F096BAFF2804BF98F8B9
:102B40000C10032940F0E78026F04AF8DCA83AF0A0
:102B500003F925F0BBFC40F01887D8F804001B9D52
:102B6000DBE90E98D0F801100278129505F07F0588
:102B700042EA0122CBF820201692D0F80930D0F892
:102B800005201C0244EA1264120242EA1161CBF8E9
:102B90002840CBF82410C5F140021591C17BB0F854
:102BA0000D00149440EA01404146000240EA136AD5
:102BB0004846CBF82CA0DBE90C643AF0F3FD139007
:102BC000304621462A463AF0D7FDA5F14002044698
:102BD000484641463AF0D0FD1399402D38BF44EAAB
:102BE0000100EF49002D08BF3046DCAA61F35F0009
:102BF000149B02F12001CDE9003ACDE902120490C4
:102C0000BEA8DDE9153216F0DBFDDBE900ACDDE93D
:102C1000BE648CEA0401DBE90289DDE9C03589EA9A
:102C2000050008438AEA060288EA030111430843C3
:102C300041F06780DBE904230DF59F64DBE90601C1
:102C4000CDE90001204603F00BFC9DF8F854DDF8B7
:102C500060A0FF2D01F0FA84611C4CAC25F040FA15
:102C60008CA821462EE0FF2804BF98F80C100329F9
:102C700051D125F0B5FFDCA83AF06EF825F026FC1E
:102C800040F08886D8F8040004F1100525F0DEFA3B
:102C90000EC5B968E061204602F0AAF8DDF860A030
:102CA000D4E90201D4E900230DF59F64CDE90001C8
:102CB00051462046FEF79CFE26F04DF801F0E581D6
:102CC0008CA8611C053025F071FA8DF8345200F0A3
:102CD00057BEFF2804BF98F80C1007291BD125F018
:102CE000F5FB40F07C86199890F8F900022808D08E
:102CF000D8F804000AF1680425F0A8FA0EC4CAF84E
:102D000074000C2000F06FBEFF2804BF98F80C1070
:102D10000C2900F0B085411E032936D28CA81AA9CF
:102D200025F04FFFDDF860A00DF59F689DF830029B
:102D3000FF2800F0E7840DF50C790DF59F60C8229F
:102D400049463AF009F89DF8F8040E2800F0E484AA
:102D5000199D0D2840F0008595F8F980B8F1020F13
:102D600000F0FA8495F81A0100F00300012802BF70
:102D700095F8200100F00300012800F02A8595F85D
:102D8000F8C04FF0020800F051BD002800F06B843D
:102D9000042804D100F0AFBCFF2840F0598498F813
:102DA0000C00042800F0F1830D28B7D000F0A3BC7C
:102DB000FF2804BF98F80C20072A40F0C58225F0B0
:102DC00085FB40F0A586199D95F8F900022808D0EA
:102DD000D8F804000AF1680425F038FA0EC4CAF8DD
:102DE00074000F2000F099BEFF2804BF98F80C2053
:102DF0000B2A40F0A982BEAE09F10401202225F081
:102E0000D8F9DDF864B00DF5467940220BF1240ABB
:102E1000484651463AF0F5FDD8E901124CAC20463F
:102E200024F06CFE0DF55C78314622464B46404658
:102E300024F094FD9DF87003C00700F071869DF8A2
:102E4000730308F106018DF8AA001222BDF8710380
:102E5000ADF8A800BDF874431AAE06F145003AF08B
:102E6000D0FD06F1570008F1180109223AF0C9FD1A
:102E700006F120004CA925F0BDFA3046514625F058
:102E8000B9FA28465021ADF8AB403AF063FD9BF803
:102E90000801811E38BF0221DDF860A0C9B20229F5
:102EA00001F032820DF55C79032941F04C820F204C
:102EB00025F04DFEDAF83820D6AEDCAC25F0CEFC9D
:102EC0009DF85853FF2D41F0E683E01D1AA925F027
:102ED00046FA09200DF59F6801F0F8BC98F80C102F
:102EE000FF2808BF022900F04E84DDE918A5FF285D
:102EF00000F0308275E2FF2804BF98F80C20082A01
:102F000040F02282D8F80820002A01F02187D8F862
:102F10000400DDE918A50478022C80F040860DF548
:102F20009F68062A41F2048750F8011F0DF55C796D
:102F3000C5F811118188A5F8151195F8F91085F8D3
:102F40001741022907D08188A5F8F4100068C5F858
:102F5000F00085F8F64095F822110DF59F60524675
:102F6000FEF7ACFF00F0A9BFDDE918A5FF2840F08F
:102F7000FB8298F80C100A2900F0DF85012940F047
:102F8000E981D8E90112DCA824F01AFF9DF870034A
:102F9000022840F0D4860A2025F083F801F08EBA8A
:102FA000C0FFFF7FFF2804BF98F80C20022A40F0E2
:102FB000CB81199DDCA8602225F01FFA9AE8500801
:102FC00005F188013022DAF80C901AA83AF019FDC0
:102FD00025F07CFA40F0F883D8F804000DF59878D5
:102FE000224633468D9D016816914168159181688E
:102FF00014911899C06813904046CDE900B9FEF7C6
:1030000027FF9DF830A1BAF1FF0F01F0B5800DF553
:103010009F6208F10101501D904625F0C7F8FF207E
:103020008DF8FCA401F0CCB8FF2804BF98F80C2060
:10303000032A40F08981199DDCA8B02225F0DDF932
:1030400025F044FA40F07B858D98DBE90EA900F06D
:103050007F04DBF83410A4F14002DBF83050159106
:10306000494614905046D8F8046016953AF084FB0F
:1030700015998046284622463AF07EFBC4F140026C
:103080001590504649463AF08DFBB368F568D6F87E
:1030900000907268DCA9039120310291402CCDE9A7
:1030A0001253CDE90035159938BF41EA000816984A
:1030B000002C08BF8046E34825F0CDFD90461AA8B5
:1030C0004A46434616F07CFBDBE900C1DBE90223FC
:1030D0001AAE1D9870CE69405840084386EA020136
:1030E00084EA0C021143084340F032861499DDF85B
:1030F00060A0CBE908980DF59F6813981329CBF8C9
:1031000028001298CBF82C0041F0DD81DCAB199D32
:103110000DF59F60514605F1D002FFF74DF800F024
:103120004BBDFF2804BF98F80C20022A40F00C8108
:1031300025F056FD1AA839F00FFE25F0C7F940F02A
:103140004383D8F8040025F081F885E80E00B968BB
:10315000E86005F1100001F04BFED5E90601D5E964
:103160000423CDE90001DCAC25F029FB25F0F7FDB7
:1031700040F09786E01D1AA925F0F1F8042000F030
:10318000E8BEFF2804BF98F80C20032A40F0DC803A
:1031900019980DF1680BB02200F10801584639F07A
:1031A000DBFD25F093F940F00F83D8F804000BF114
:1031B00020028168D0F80CA0D0F80490D0F80080EC
:1031C0000020CDE9001ACDE915214B46CDE9022BAF
:1031D00042460490C6A816F0F3FAD5E902E3DDE909
:1031E000C646DDE9C802D5E900C15A40714080EA0F
:1031F0000E0011438CEA04021043084340F0B585E9
:1032000005F11003169CC5E908890FCBC5E90A4AE8
:10321000159DCDF800B001AE86E82003CDE9044A43
:1032200016F00EFB199D044695F80801022841F09E
:10323000628185481FF052F825F022FB1FF0B6F995
:103240000DF59F601AAB39E3FF2804BF98F80C20F6
:103250000C2A79D1DCA8199C00F11005DCA804F136
:103260000801502239F078FDD8E9010105F1280B59
:103270000E902869139068691290A8691190E86906
:103280001090286A1490686A1590686B0F9004F586
:103290008F709BE8000B1691D5E90EA624F0C8FCB0
:1032A000D4F8142120F07F40D4F81111CDF8332147
:1032B0004C91D4F80D21D4F80A11CDF86B201A9155
:1032C000CDE908A60A904CA80B901AA80C90139868
:1032D000029012980390119804901098CDE9050B74
:1032E0000F98CDE900890790D6A8DCA9DDE9142361
:1032F00016F002FA1698102806D1D6A90E981BF0DF
:1033000037FD002800F03A854FF00B090325DDF862
:1033100060A00DF59F68BEA908F1060012223AF0E0
:1033200070FBFF208DF8FD948DF8FC540DF55C7951
:103330008DF8F804199D00F0C2BDFF2804BF98F86D
:103340000C20032A00F0A782FF280BD198F80C105C
:10335000DDE918A5042924D024F0A3FE0D2900F0EE
:1033600008810DE1DDE918A50539082900F2FC8086
:10337000DFE811F009003700FA00FA009200FA00C5
:10338000FA00DE00F700012800F0E28224F089FE56
:10339000022840F0F58040F60340ADF8FC0400F050
:1033A00091BDD8F808000DF55C79002801F0C884BB
:1033B000D8F80400047825481EF090FF601EC0B2C3
:1033C000102828BF0824204622F0A8FF1FF0EEF89E
:1033D00003208DF8FD448DF8FC040DF59F6800F086
:1033E00071BD032840F0C080DCAE05F118019022C9
:1033F000304639F0B1FC0020D8F80410CBE90C10AD
:103400003246CBE910100021CBE90E005346CBE940
:103410001200B8689DF8315200901AAC2046FEF7B1
:1034200043FE9DF86860FF2E00F092830DF59F68C3
:10343000611C08F1050024F0B9FE8DF8FC6400F071
:1034400036BD00BFC0FFFF7F3400000093000000C6
:10345000F81304002000000094000000D4000000D5
:103460001F000000D8000000DE000000D6000000B1
:10347000C7000000CF0000001E0000000969020024
:103480004C3E0400E0000000CA000000D300000031
:1034900064000000C5000000042865D105F10801A2
:1034A0001AADB022284639F057FCD8F8010008F1CF
:1034B000210416902022D8F80D002146D8F805B036
:1034C000D8F809A015904CAE24F073FE5FF8801078
:1034D00020461BF04DFC40B95FF88C1006F110003F
:1034E0001BF046FC002800F0AC8429460DF59879C5
:1034F0002031002099E860033346CDE90089CDE909
:1035000002112A460490DCAC204616F059F94CA86A
:1035100000F1100120461BF02BFC002800F09584E0
:10352000FF208DF8F80440F20340ADF8FC044DE1B3
:10353000D0B998F80100002800F08C835FF8EC0007
:103540001EF0D8FE95F823010DF59F68800700F165
:103550003C8695F822110DF59F605246FEF7AEFCB1
:103560002AE3002800F0E88124F09BFD01380228BE
:1035700006D20DF59F608CA925F023FB00F09DBCC1
:1035800015208DF8FC0400F09DBCD8F80800002838
:1035900001F0D883D8F8040004785FF844011EF0E5
:1035A0009DFE601EC0B2102828BF0824204622F0CD
:1035B000B5FE1EF0FBFF8DF8354203209CE024F0A1
:1035C00085FF40F08781D8F804108CACA01C24F053
:1035D00045FE19990DF59F6825F0C9F824F095FE70
:1035E000DDF860A004207DE118990DF59F60D8E911
:1035F00001A91BF052F89DF82105022819D00D20D1
:103600000DF59F688DF8F80418984346816A826B1F
:10361000DCAC25F0A3F99DF87003FF2809D025F054
:103620006FF85FF8C8011EF059FE24F095FE1EF0F9
:10363000BDFF0DF59F6051464A4624F0C1FB9DF841
:10364000F844022C40F0528124F0FBFD0A20BCE239
:10365000072D08BF042800F0CA81411E0329FFF48A
:103660005DAB002847D10A2D45D198F8010000280C
:1036700000F027815FF818021EF03CFEDDF860A024
:103680000DF59F680DF55C793DBB0DF59F645146C6
:1036900020461AF0B0FF9DF82155FF2D00F0FF865F
:1036A000DCAC0DF59F61292224F0D5FDDDF8220563
:1036B0002146199E29228890BDF82605ADF82402DE
:1036C00006F1D0003AF09DF98898C6F8FA00BDF8E6
:1036D000240286F8F950A6F8FE00199991F81D0108
:1036E000800700F1AC8291F82201800700F1428549
:1036F0000D2001F0E2B815208DF83402DDF860A04D
:103700000DF59F688CA808F10401043090E87C0056
:103710000E207CC18DF8F8040DF55C7908F10401E8
:1037200009F104001BF082FB0C2025F010FA4B4637
:10373000DAF838204CAC25F011F925F01AF90AD046
:1037400025F0A7FA5FF8E4021EF0C8FD484622F013
:1037500033FD1EF02BFF199D0DF59F61284625F0C6
:1037600030FA8CAC2946204623F03BF9FF208DF837
:1037700070039DF83002DCAEFE2818BF2646179D68
:1037800096E81F00DBE3DDE918A524F09FFE40F07A
:10379000CA80D8F804100DF59F6808F1020024F0E3
:1037A0005DFD0DF55C7905F1180109F1060024F0C5
:1037B000D6FD012049468DF8F90408F11200B62221
:1037C0003AF01FF9062039E324F086FD24F039FD94
:1037D00070E34CAE05F1D0045146304622461AF053
:1037E0008CFE25F0C6F810D00DF55C7A96E83E0008
:1037F00050463EC05FF8900325F0E0F9504605F1D1
:10380000D00422F0D9FC1EF0D1FE206805F1E00CB6
:103810001690AB4660681590D4E902AE4C469CE821
:103820006F006FC4DDE915209BF8F8C0CDE9E0AE6C
:103830000DF55C7ECDE9DE020EF118018DF871C345
:1038400099E87D00F1467DC10B2073468DF8700329
:1038500018988DF8A1838DF8A0C3816A826B4CAC57
:1038600025F07CF825F085F83FF475AF25F011FAC6
:103870005FF8080468E7199B09F10800D8E901120C
:10388000D033CDE900308CA8DDF860A05346FEF7B8
:10389000E5F8FFF749BA199DDCA8B02224F0ADFD88
:1038A00024F014FE40F04F81D8F8040024F0CEFC40
:1038B000FF90FCA80EC0DCAB0DF59F60DDF860A0AA
:1038C0004AE05FF854041EF015FD25F050FA40F66A
:1038D000037030E20520DDF860A08DF83402FF208F
:1038E0000DF59F688DF83002FFF722BA9DF8FA5463
:1038F0000DF59F68DDF860A0280700F160810320C6
:1039000063E15FF890041EF0E9FC20461CF0FAFD2C
:103910001EF04CFEDDF860A005200DF59F688DF8C7
:10392000340200F0C9BF05200DF59F688DF8FC0436
:10393000FF200DF55C7981E298F80100002800F085
:1039400096815FF8CC041EF0D5FC112000F044BC39
:1039500009F108030DF59F6005F1D0025146FEF70D
:103960002BFC27E140F60340ADF83402C6E640F6F2
:103970000320ADF8340235E040F60330ADF83402F0
:10398000FF200DF59F6800F098BF25F0F0F940F694
:103990000320D0E125F0EBF905208DF83402FFF784
:1039A000C1B99DF8690000287FF4F9A998F80C00C6
:1039B0000C287FF4F4A924F089FD40F0C186D8F8E2
:1039C00004108CACA01C24F049FC19990DF59F68DB
:1039D00024F0CDFE24F099FC032000F0B7BE0520B2
:1039E0008DF83402FF208DF83002FFF79BB9199C47
:1039F0000DF59879B02204F10801484639F0ACF988
:103A000008F121060DF5467A20225046314639F05C
:103A1000F8FFD8F801001690D8F809005FF8D01523
:103A20001490D8F80D0015903046D8F8055094F849
:103A30001EB122F061FF40B95FF8EC150AF11000E9
:103A400022F05AFF002800F0FB84CDE912B5C6AB86
:103A50000DF53E780FCB119000BAC19008BAC09016
:103A600010BA10914146BF9018BA0F920E93BE90B3
:103A7000DCAE30461CF0E8F90DF59F6400253146B8
:103A80004FF4B8722046CDF8DC54CDF8D854CDF8B8
:103A9000D454CDF8D054CDF86856CDF86C56CDF846
:103AA0007056CDF8745639F007FFDCAE21464FF45E
:103AB000C072304639F000FF09F120045FF84496E7
:103AC0003046202221468DF8F054C8473046214622
:103AD0002022C8470DF59F64304601228DF8F85426
:103AE0002146C847204631464FF4C27239F0E4FE01
:103AF0009DF878A604F5B8715FF87C361022504620
:103B00001AF0F7FD002966D000F8015B0139F9E7EA
:103B10000520199D8DF8FC04FF208DF8F80414E0B1
:103B200040F60330DDF860A0ADF8FC04FF208DF80E
:103B3000F80424F0B6FA5D46BFE101204CE305200D
:103B400024F07FFB08E124F0C7FBDDF860A031E042
:103B50000DF59F68E80700F0508109F1020024F09C
:103B600075FB8BE80E00CBF80C00DBE90601CDE914
:103B700000015146DBE904231AAC2046FEF768F940
:103B80009DF86850FF2D40F08E8108F10800DCA9F7
:103B900024F070FD0020CDF8FC04082088E15FF8D7
:103BA0001C071EF09BFB20461CF0ACFC1EF0FEFC2C
:103BB00024F092FB0DF59F680DF55C797DE19DF891
:103BC000FB64102E80F06E8206208DF835020320F3
:103BD0008DF8340296E5A7F13C060025204647F80B
:103BE0003C5C31468DF8785647E90E5547F8305C15
:103BF0001BF0A9FBA7F12C09314648461BF072F9CE
:103C000004F5B076102D09D06019013590F86011D7
:103C100090F87021514080F86011F3E7BAF1100F6D
:103C200040F06A8224F00DFBDDE912B50020102877
:103C300000F07B8219F8001024F0D3FBF7E7DAF8E4
:103C40003C4004F1080324F0FCFF00F08F8382ADB8
:103C50000FC590E35FF8D0071EF04CFB40F60370F1
:103C60000DF59F68ADF8FC040DF55C792AE10DF5C2
:103C70005C7824F023FD0DF168090D2043468DF892
:103C8000700348461AF010FC24F0D2FD0BD099E8DE
:103C90006E0040466EC05FF80C0824F08FFF24F0E1
:103CA0005BFB1EF083FCE00700F091825FF82008C8
:103CB0001EF020FBDCAC24F07CFD9DF870530DF56C
:103CC0009F680DF55C79FF2D00F0468524F0FCF926
:103CD0008DF8FC54F6E00120AFE019990DF59F68CE
:103CE00008F10700B022183139F08BFE0920414657
:103CF0008DF830028CA824F0C6FDDDF860A0FFF737
:103D00001AB85FF870089B461695354666461EF051
:103D1000E5FA5046314642464B4622F04BF9169B97
:103D2000284621465A4622F045F91EF03FFC25F070
:103D30001EF840F20340ADF83402FEF7F3BF9DF8E1
:103D4000721324F0AEF90A0700F1B2830320B5E341
:103D500024F077FA199D032004218DF8FC04FF203C
:103D60008DF8FD148DF8F80426E7DDF860A024F046
:103D700098F940F60340ADF8FC04E0E3DDF864B0E8
:103D800002260DF168089BF81A119BF820419BF858
:103D9000080101F0030104F0030481F0010102288D
:103DA00084F0010408BF01262143DDF860A0B1FAC8
:103DB00081F1D5E900234909D5E90205039151466E
:103DC0008DE8610040461AF0F5FA9DF8685008F158
:103DD00002019DF8699012229DF89160C6AC24F012
:103DE0003AFA022E40F0AD83BEA84ECCFF2D4EC055
:103DF000218801807FF48DAADBE308F10800DCA9AB
:103E000024F038FC0020CDF8FC04072050E0DCACA6
:103E1000514620461AF0EFFB9DF89953FF2D40F0D4
:103E2000CD830DF5987C94E86E0060466EC008F175
:103E300004009CE83E003EC0FF20199D8DF8F80468
:103E40003DE00DF5987999E860031AA800F1700437
:103E5000199890F81E01002804BF824683461699DF
:103E600008BF0146159A08BF0246C4E9081B04F1C1
:103E70003000B968C4E90AA280E86003DCA800F059
:103E8000B7FFDDE9DE01DDE9DC23C4E90023C4E995
:103E90000201CDE90001DCAC24F091FC24F05FFFCD
:103EA00052D00DF59F6824F00FF98DF8FC54FF20D7
:103EB0008DF8F8040DF55C79199D9DF8F804FF283C
:103EC00040F0908108F1040009F1040190E87C00C1
:103ED00012207CC14C46199D8DF8700308F1040036
:103EE000211D1AF0A3FF0C20DAF828108DF8F80431
:103EF0004346DAF838204CAC24F030FD24F039FD8C
:103F000009D024F0FDFBDFF8900E24F057FE24F0DA
:103F100023FA1EF04BFB1AACDCA9284624F051FE14
:103F20002046294622F06EFDFF208DF8F8049DF80A
:103F30006800FE2818BFA046179D98E81F001FC5FF
:103F40000DF29C6D24F021B9E01D1AA924F007FAA6
:103F50000A200DF59F6824F0DBFD39F052FDA9E73A
:103F6000DDE91010702241EA00484CA9DCA838F0C5
:103F7000F3FE139A28022946149DDDF858B040EA52
:103F8000126A1298C4E900B640EA0222280240EA06
:103F900011614FEA082040EA1568159D1392C4E9A3
:103FA000035220221291C4F80890C4E905A1C4F874
:103FB0001C80DCAC04F19000C6A939F022FD04F1AC
:103FC0002000129A8DE81108514643461398CDE916
:103FD0000369059515F034FC0446199890F808011A
:103FE000022840F00D83DFF8C00D1EF077F924F0B1
:103FF00047FC1EF0DBFA0DF59F64DCA9E01D24F000
:10400000AEF9092021468DF830028CA824F03BFC43
:10401000FEF788BE1694D6A800F102080AF1040142
:1040200024F0F8FB82A84146841C24F061F80DF5C9
:104030000878214624F0EEFB0DF55C79189942468C
:1040400024F016FE24F08BFE00F02B8399E85E002E
:1040500050465EC0DFF8540D1EF040F9504622F085
:10406000ABF81EF0A3FA8CA8DCA9053001311322AD
:104070000DF59F6839F0C5FCFF208DF834528DF89E
:104080003002DDF860A0FEF751BEE01DDCA924F08F
:1040900066F9092021468DF830028CA824F0F3FB44
:1040A000FEF742BEBDF8FC949DF8F9845FEA897082
:1040B00041BF199991F81C0140F0020081F81C01E0
:1040C0005FEA895040F13684DAF83C30D3E902E106
:1040D000D3E9042341EA030C4EEA020050EA0C0043
:1040E00000F01184CDF8F8E4CDF8FC14CDF80025EB
:1040F000CDF8043500F010BC16F80A00A7F12C0129
:1041000080F0800006F80A0040461AF0EBFEDDF869
:1041100060A00020DDE912B5102804D018F80010C6
:1041200024F05FF9F8E70DF59F680DF59F603146C3
:104130001BF009F90FCE00BAC19008BAC09010BAAE
:10414000BF9018BABE90C6A800F11001BEA822F018
:10415000D3FB0DF1380EDDF844C000289EE8104274
:1041600000F0768124F003FE40F20340ADF8340203
:10417000FEF7DCBD0B20A0E30DF59F6ADCA90AF178
:10418000080060220AF1680838F0E6FD169808F188
:104190000C01C8F8000030221598C8F804001498E3
:1041A000C8F808001398C8F81C90D04681E8510858
:1041B0000AF188001AA939F024FCCDF8FC54082033
:1041C0008DF8F804DDF860A074E60E2006E0DFF854
:1041D000B00B1EF08FF810200DF59F680DF55C797F
:1041E0008DF8F8044C460DF59F69DCA8C8224946B5
:1041F00038F0B2FD9DF8700312283FF46FAE1AAC90
:1042000011287FF489AE95F8F980B8F1020F04D136
:10421000DFF87C0B1EF06EF873E095F81A0100F0E1
:104220000300012802BF95F8200100F003000128D7
:1042300004D095F8F8C04FF0020831E04CAE05F11B
:10424000D00B514630465A461AF057F924F091FBEC
:104250000CD096E83E0048463EC0DFF82C0B24F018
:10426000ADFC484621F0A8FF1EF0A0F9DBF80000E5
:1042700005F1E00C16900DF1680EDBF804001490C7
:104280007446DBF808001590DBF80CA0AB469CE800
:104290006F006FC47446DDE9142116989BF8F8C0CE
:1042A000CDF804252246CDF8000509F1180E8DF849
:1042B000F9C4CDF80815CDF80CA592E87B008EE87E
:1042C0007B000B204B468DF8F80418988DF8298553
:1042D0008DF828C5816A826B4CAE24F009FD24F06C
:1042E00048FB0CD096E83E0048463EC0DFF89C0AEA
:1042F0001DF0F4FF484621F05FFF1EF057F91AAC9D
:10430000199D0DF59F6807E623F0CBFE002800F00D
:1043100026820A2024F01BFCDAF83820D6AEDCAC6A
:1043200024F09CFA9DF85853FF2D40F0B681A01D53
:104330001AA924F014F806202146ADF8F80408F173
:104340001200B622C4E208F107001AA9B0225D46A5
:1043500039F057FB03200DF59F628DF8F804501CCF
:1043600041469046B72239F04CFBA6E50020CDE946
:104370008400CDE982000DF59F6682A9304602F0E7
:1043800039F924F0E8FC46D14CA8311D00F10309AD
:10439000102224F06AFCD6AE494623F0CEFD0DF57E
:1043A0009F6851463246404619F0D1FF24F0D3FCB5
:1043B00040F06B812068C10700F074826168000AD8
:1043C0000DF59F660A0E8DF8F6210A0A40EA016093
:1043D0007C90ADF8F4217CA9304602F057F99DF8A5
:1043E000F8540DF59F68FF2D15D1311D484623F077
:1043F00035FFBEAE494623F0A0FD0DF59F64514642
:104400003246204619F0A3FF24F0A5FC40F01184A9
:104410001999FFF768B9711C4CAE132223F0C9FE3D
:10442000C6A81ECE1EC024F048FB3EE28CA80DF5A7
:104430009F61083024F01EF98D940520FFF7D3BA50
:10444000DDE9C6CE0DF59F68DDE9C894DDF860A012
:104450004CA8149E90301BF0010104BF0E460D467F
:10446000169A08BF0A46159B08BF0B4600F10C01BF
:1044700080E86400B022C0E9069408F1070081E8F2
:1044800008504CA939F0BDFA082041468DF8300299
:104490008CA80130B72239F0B4FAFEF747BC24F0FB
:1044A000F8FB49468CA891E87C0004307CC003E20C
:1044B0009DF873230F2A00F2BB8106208DF8FD04BE
:1044C0000320FFF75EB8B8684C1C00901AAEDCAA57
:1044D000214630465346FDF7E7FD9DF868500DF53F
:1044E0005C79FF2D24D108F10800DCA924F0C2F882
:1044F000CDF8FC449AE1DFF870081DF0EFFE24F0DF
:10450000BFF91EF053F8DDF860A009208DF87003A4
:10451000DD9424F0D3F84CAEDCAC24F09FF99DF888
:1045200030510DF59F680DF55C79FF2D00F0C981C4
:1045300008F10500711C23F039FE8DF8FC54FF20B2
:10454000A3E208F1140C16960DF59878BCE84F001C
:10455000C646AEE84F009CF800008EF80000BDF89B
:104560009600ADF80C02DDF8920082901AA94DCCAD
:104570008C46ACE84D0012222088ACF800000BF10C
:10458000D2008BF8D1908BF8D05039F03AFAB8E8D5
:104590003E000BF1E4003EC016998BF8F91098F834
:1045A000001001708298CBF8FA00BDF80C02ABF84D
:1045B000FE000C200DF59F68FEF7B8BE4CA8DCA9E4
:1045C000292239F01EFADDF89A03022DC690BDF8B3
:1045D0009E03ADF81C0300F0B0834CA9199C29225E
:1045E00004F1D00039F00DFAC698C4F8FA00BDF80D
:1045F0001C0384F8F9502546A4F8FE000D201DE4A4
:10460000DFF8A0071DF06AFE24F03AF91DF0CEFF96
:10461000DDF860A00920CDF8FC440DF59F6424F07E
:1046200043F82346DAF83820BEAE24F061FB9DF84B
:10463000F8520DF59F68FF2D00F04E818CA8711C7B
:10464000053023F0B3FD8DF8345235E14CA8211D1F
:10465000C61C23F072FCC6AC314623F049FD0DF5B3
:104660009F6651462246304619F071FE9DF8F84487
:104670000DF59F68FF2C00F03B818CA8711C053064
:1046800023F094FD8DF8344216E108F10101C6A82B
:1046900023F08CFD07E10DF59F6808F10500711C02
:1046A000EEE14CA9484623F0A5FE09F12004C6A975
:1046B000202223F0D0FD169812228DF8B303BDF806
:1046C0000402ADF8B0039DF806028DF8B20309F1BB
:1046D00045008DF8B4637CA939F093F909F15700CE
:1046E00079A9092239F08DF95846502139F032F96B
:1046F00019990DF59F6891F80801023838BF02201A
:10470000C0B2022800F0C581DDF860A0032840F0A7
:10471000F7810F200DF59F6523F0C6FF2B46DAF8D1
:104720003820D6AE24F0E4FA9DF85843FF2C40F030
:104730006582E81DDCA923F012FE07202946A5E6C4
:1047400005200DF59F688DF83402FF208DF83002AA
:10475000DDF860A0FEF7ECBA199D012040E506F1F6
:1047600090001690E44840F2FF18D7F808A04FF0E8
:10477000FF39834650461AF0C5FC044650460E46A3
:104780001AF0C0FCDD4D0023A0FB0502E1FB052370
:10479000A4FB0541A6FB056576184FF000014541D5
:1047A00052F1000253F1000024EA080341F1000134
:1047B000BBEB030379EB060379EB050379EB02020C
:1047C000D8D3169C0022DDF860A004F1100384E821
:1047D000070083E8070008218DF87013DA60E260B3
:1047E000DD9023F06BFFD6ACDCAB24F0B7F89DF87E
:1047F00058530DF55C79FF2D40F03D81B8680021DC
:104800000090DCAC1AAA534620460026FDF74CFC6B
:104810009DF870530DF59F68FF2D40F02E8108F133
:1048200008001AA923F026FFCDF8FC6407202CE12C
:1048300085F8201105F58F7185F81E0105F58C703E
:10484000BDF874339DF87143A5F8223185F8212114
:1048500085F81F4123F0F6F985F80801DFF8100507
:1048600085F809111DF03AFD23F08DFF1DF09EFE25
:10487000DAF82C104CA823F0BDFDDAF83010DCAECD
:10488000402223F096FC0DF168083146404601F0C5
:104890000BFE23F0CDFF00F07A810A2003248DF86F
:1048A00019039FE105250DF59F688DF834528CA8FA
:1048B0000530C6A923F07AFCFF208DF83002FEF700
:1048C00035BAE01D1AA923F04AFD052024F020F98D
:1048D00039F097F8FFF7F0BAA01DDCA923F03FFDEF
:1048E00003202146ADF830028CA81230B622D2E562
:1048F000129C132C40F08881F01DDCA923F02FFDC1
:1049000009203146C2E50020CDF80405CDF80005A8
:10491000CDF8FC04CDF8F804DFF868140DF59F60BD
:104920001AF026FA30B1199991F81D0140F00200F1
:1049300081F81D0119980C2180F82051054680F856
:104940001F8105F58C78A0F8229180F8216180F80C
:104950001E4190F81901032808BF0821DAF8380031
:1049600090F8702390F87133881885F81A0105F5CE
:104970008F7013B1012188F80010414623F062F9CD
:1049800085F80801DFF8340485F809111DF0A6FC4C
:1049900023F0F9FE1DF00AFE0DF59F60012101F0E4
:1049A00010FD24F0D8F93FD19DF80865DDF80445E5
:1049B000BDF80905ADF8180331469DF80B058DF8D3
:1049C0001A032046DDF8FC94DDF8005513F056F983
:1049D00023F02AFF40461A4623F0E2F9C0B202282B
:1049E00044D1CDF8F8940DF59F68BDF818030DF586
:1049F0005C79ADF8050551469DF81A0342468DF8DD
:104A0000070548468DF80465CDF80045CDF8FC54FF
:104A100019F09DFC24F0A3F959D10DF59F680120F0
:104A20008DF83002FEF787B99DF808259DF8FB0444
:104A30008DF88023DDF804258DF87303BDF8F904A3
:104A4000DF92DDF800259DF80B15ADF87103BDF878
:104A50000905DE92DDF8FC24ADF830018DF8321145
:104A6000DD928DF88313ADF881033BE0484623F0D7
:104A700072FF052536E00DF59F6808F10500611C01
:104A800023F094FBFF208DF8FC548DF8F804FFF719
:104A900013BADDF860A091F80901002800F0CE807B
:104AA0000A200DF59F6523F0FFFD2B46DAF838202C
:104AB000D6AE24F01DF99DF85843FF2C40F09E809F
:104AC000A81DDCA923F04BFC042029460AE799E83D
:104AD0005E0040465EC0BA481DF000FC23F03CFC7E
:104AE0001DF064FDDCA98CA80530013123F05EFBCC
:104AF0008DF83452FEF704BEFFC5FCFF40420F00A4
:104B0000B9680BF1100000F073F9DBE9060100252C
:104B1000DBE904238DE803020DF59F60CDE9034531
:104B200014F04EFEDDF804150DF59F68DDF8F8244D
:104B3000DDF8FC34DDF80005CBE90201CDE9000128
:104B40004046CBE9002301F067FC9DF8F844FF2CB8
:104B500063D182A808F10401C61C23F0EEF988ACE9
:104B6000314623F0C5FA0DF556795146224624F018
:104B70007FF89DF85843FF2C40F0808008F1070033
:104B8000DCA923F0ECFB02204146FFF784BABEA863
:104B900008F10401861C23F0D0F9D6A83146841C04
:104BA00023F0A6FA0DF502792146102224F05DF8D3
:104BB00051460DF5467A4A46504619F0C8FB9DF815
:104BC0001843FF2C40D09AE86E0040466EC06948FA
:104BD0001DF084FB23F0C0FB1DF0E8FCDDF860A0B5
:104BE0000DF55C79C6A90DF59F6808F10500013146
:104BF00023F0DCFA8DF8FC44FFF764B98CA8711C33
:104C0000053023F0D3FA4CE08CA8DCA9083023F05F
:104C100031FD601C8D9005204FE682AD08F1010149
:104C2000132223F0F1FAD6AE2946701C23F0BEFA07
:104C300030E0611CC6A823F0B9FA36E6DAF80000C5
:104C400098B3DAF8041049E008F103004CA923F006
:104C5000D1FB0DF59F64DCA904F12400402238F05B
:104C6000D0FE022041468DF8F804601C2322A046A5
:104C700038F0C7FEDDF860A0FEF79EBF99E86E0031
:104C800040466EC04C481DF029FB23F065FB1DF02B
:104C90008DFCD6AE8CA8711C053023F087FA0DF57B
:104CA0009F68FF208DF8344207E6BE682F4C414DC7
:104CB000D6F80001402807D33046002113F056FDF6
:104CC000D6F80001402846D2421C56F82000C6F80B
:104CD0000021A0FB0401A8421046EBD80BF14000D4
:104CE00000260BF13002CDF8FC14C0E900160DF5DA
:104CF0009F63C0E902660820C2E90016C2E90266A5
:104D000023F0D2FCDAF83820D6AD284619F0CCFBD7
:104D10009DF858438CA8FF2C05D10830DCA923F05E
:104D2000A9FC8D9677E70530691C6AE71B4B00E00C
:104D30000B4B012007211CF085FC0F481DF018F9D2
:104D4000144A06E01F4A04E0154A02E00B4A00E05C
:104D5000044A23F0F6F8164A40211CF0B9FC00BFC3
:104D6000DCFC0300CCFC03003600000040420F00D6
:104D700037000000DC000000BCFC0300ACFC0300BA
:104D8000CB000000F8130400DF000000D500000095
:104D9000E10000009CFC0300D7000000B83C0400C8
:104DA000A83C04003500000033000000DD000000D6
:104DB000381204007F3DF1FFD900000038000000E8
:104DC000D20000007CFC0300D0B502AF92B0BC68FA
:104DD0008DF81020FF228DF80420CDE902343A69C5
:104DE000FB68009201AAFDF79FFC12B0D0BDD4D49D
:104DF000F0B503AF2DE9FF07DFF8949000260D46CC
:104E00008046EA46CDE90266CDE900660F2E1ED83F
:104E1000D5F80041402C07D32846002113F0A6FC0A
:104E2000D5F80041412C2AD23046514610224B463B
:104E300019F05FFC02460B4605EB8400C4F140010B
:104E40001EF040FE2044C5F800010E44DEE704A831
:104E50009AE81E001EC004AB23F030FA1FBFA8E87A
:104E60000F0008B0BDE80007F0BD08481DF036FA95
:104E700004A821F017FB1DF099FB1DF0E5FA054B86
:104E80002046402140221CF0DDFB00BFE70000006F
:104E90006C43040028120400D0B502AF04460A484F
:104EA0001DF0FAF92078FF2806D023F03EFA2046BC
:104EB000BDE8D04021F080B923F0F8FA6068BDE881
:104EC000D0401EF08DB900BFFD010000D0B502AF8B
:104ED00004460A481DF0E0F92078012806D123F0A5
:104EE00024FA6068BDE8D0401EF07AB923F0DEFAFB
:104EF0006078BDE8D0401BF085B900BF0D0100000F
:104F0000F0B503AF4DF804BD044676481DF0C4F972
:104F10002578FF2D15D123F008FA78481DF0BCF94B
:104F20002579FF2D26D123F000FA79481DF0B4F938
:104F3000207A1DF0EDF960891DF0AEF9D4E9030186
:104F4000B5E0002000261DF0E3F967481DF0A4F944
:104F5000B5F10A0098BF3046E0B1012829D123F00D
:104F6000E4F963481DF098F9A0891DF095F9D4E99A
:104F700001019CE023F09AFA61481DF08DF9DFE809
:104F800005F00543233221505B415F0023F08EFA88
:104F9000E08811E023F08AFA56481DF07DF9DFE839
:104FA00005F0066A575C517A8C6096538E0000209B
:104FB00062E023F062FC4D485DF804BBBDE8F040C0
:104FC0001DF06AB904202DE023F057FC4D481DF078
:104FD00063F94D48257D1DF05FF9681E18BF01205B
:104FE0001DF096F915E023F0A7FC60791DF090F90B
:104FF00020891DF051F9A0795DF804BBBDE8F040AF
:1050000021F07EB9072018E023F08FF93F481DF00A
:1050100043F904F108005DF804BBBDE8F04021F05D
:10502000CFB905201DF074F904F108005DF804BB48
:10503000BDE8F04021F0B4B906201DF069F934E074
:10504000082048E0042004E009201DF061F98EE703
:1050500002201DF05DF96088AEE723F06DFC6088EA
:1050600083E707201DF054F960881DF015F9A0882A
:105070001DF012F919E001201DF04AF9608A1DF0B7
:105080000BF9A08A1DF008F9601C5DF804BBBDE8AF
:10509000F04021F0A7B905201DF03AF96088164DBF
:1050A000A847A088A847E088A847D4E902015DF88E
:1050B00004BBBDE8F0401DF05BBF062000E00A2005
:1050C0001DF026F960881DF0E7F8A08874E7082035
:1050D0001DF01EF960785DF804BBBDE8F0401DF0DE
:1050E00017B900BFFA0100000B020000FB0100002D
:1050F0001202000008020000992202000C020000C7
:105100000002000002020000110200000102000083
:1051100006020000D0B502AF044604481DF0BCF8FA
:105120002046BDE8D0401AF0A1B800BF140000002E
:10513000D0B502AF04460A481DF0AEF82088012819
:1051400009D123F0F2F807481DF0A6F86088BDE801
:10515000D0401BF011B80020BDE8D0401DF0D8B8F9
:105160000E0000000B010000D0B502AF0446044859
:105170001DF092F82078BDE8D0401DF0C9B800BFFE
:1051800015000000B0B502AF0546044823F06EFBE1
:1051900028462146BDE8B0401DF044B90200000099
:1051A000D0B502AF0F4AD268BFF35F8FA2B1526889
:1051B000012301441360002388420AD0D2F8004141
:1051C000002CFBD0C2F80031D2F8084500F8014BA2
:1051D000F2E701205060D0BD03481DF08BF81DF0B0
:1051E00033F900BFF8E60320AA000000F0B503AFD2
:1051F0002DE9000FB1B005468868002488460028D4
:105200008C6053D0D8E9046B0A90B868D8F80C10B9
:1052100000280895099153D03046594615F04EFCA8
:105220002BAC23F001FB20461A4622F0E1F82D9822
:105230000E3405900A222C98214606909DF8AD0068
:10524000BDF8B8A0BDF8AE509DF8AC90079017A877
:1052500038F0D7FBB9F1FE0F00F09E8117A9204668
:105260000A2238F0CEFB0598B9F1FF0F2D90069871
:105270002C900798ADF8B8A0ADF8AE508DF8AD0001
:105280008DF8AC9000F0948101220020B9F10A0F52
:10529000A9F10B0188BF52FA81F0002800F0BC8010
:1052A000012800F0C6804FF0000AC2E098F8041010
:1052B000D8F8000019F0A0FEAC60297128601AE14E
:1052C00030465946CDE9062315F0F8FB2BAE23F006
:1052D0007EF90DF15C0BB11C16229DF8ACA058466E
:1052E0009DF8AD9038F08DFBBAF1FE0F00F05981BA
:1052F000594611A87CC97CC01622098801805946EC
:105300008DF82D908DF82CA00BA8023038F079FB89
:10531000BAF1FF0F00F051818DF85D900BF10200A2
:105320008DF85CA011A91622162438F06AFB2BA870
:1053300022F0C2FC2B9D002D69D0DDE92CA1FB20C1
:105340000DF1AC0B0422CDE91D1000201F90584632
:1053500003911DA94FF0040921F0E4F82B9E9DF85C
:10536000B040002E00F0B4800BF105010DF1980B58
:105370001322CDE9045A584638F043FBDDF89B1060
:105380000DF18C0922910BF1070126980C22CDF822
:10539000850023F06AFCD8F8005098F804A0D5E9FD
:1053A00000018DF884405246209614F073F91FFADC
:1053B00080FB484621F014F9864B02460E468B4589
:1053C00028BF8B4611465846324618F0B6FFCDE945
:1053D00000012BA817AB0699079C4246A0479DF8F1
:1053E000AC00FF2800F08A80089E9DF8AF1006F1FF
:1053F0000805F171BDF8AD10A6F805102CAC3071A0
:105400001ECC1EC5DDE9045A002030606BE008990F
:10541000002008600C716AE0B9F10A0F3FF643AF53
:105420000120AA4600FA09F040F20C4108423FF47C
:105430003AAF3046594615F041FB002900F0C780CD
:1054400098F80450D8F800600DF15C080078ADF8C9
:1054500060A00DF12C0AF9682A468DF85D00032042
:105460008DF85E1031468DF85C005046434600F0E2
:10547000BDF89DF82C40FF2C0BD011AD0AF10101B5
:10548000132222F0C1FE089E294622F0B9FE002513
:105490001BE011A80AF10401C41C22F029FE0DF141
:1054A0002C0A21461022504638F0ABFA30462946E5
:1054B00019F0A2FD054608F103000C46514622F002
:1054C000CDFE089E414622F09BFE347135600EE011
:1054D00008990120487100200860E00718BF4FF0CC
:1054E0000D0981F804902846514622F02FFCDDE991
:1054F000091022F02BFC31B022F047BE089E2C98F8
:10550000012809D1DDE924212D98521A82420ED2B8
:105510004FF48270B08075E72846514619F06CFD53
:10552000002231713060B260DDE90401DDE70C1862
:1055300020A8D146AB4621461FF066FEDDE9045A9D
:10554000C0B2022816D120A804214FF004081FF091
:105550005BFEC0B2022816D1229849460444584640
:1055600019F04AFD039AC6E9025AC6E904243171CA
:105570003060BCE70121C00771714FF0040018BF13
:105580000D20307140E701217171C00718BF4FF045
:105590000D0886F8048037E713481CF09FFE079833
:1055A00003E00E481CF09AFE484620F0D7FE0AE0C1
:1055B0000C481CF093FE2BA803E007481CF08EFE5D
:1055C0000BA8FFF79DFC1CF0F1FF1CF03DFF044A07
:1055D00022F0B7FC30FE0300F2000000F7000000EC
:1055E00040FE0300F4000000F8000000F0B503AF37
:1055F0002DE9000F9BB0044615A8984691460E462B
:1056000022F05AFB159D002D64D016980DF1540B15
:105610000690FB2017990422CDE90710002005947D
:10562000042409905846CDE90369019107A920F0A7
:1056300079FFDDF854A09DF85890BAF1000F57D0CB
:10564000029510AC0BF1050122F04AFDDDF8431084
:105650000C2210980C91E11DCDF82D000DAE22F01A
:10566000A8FD8DF82C900BF10400CDF828A098E847
:105670003E003EC05946FF208DF854003046FBF7EF
:1056800093FEC0B2022828D10398049AD0E9000101
:1056900014F000F80F9D80B2A84238BF05460AA852
:1056A00029461FF0B1FDC0B2022816D10AA8042174
:1056B0001FF0AAFDC0B202280FD1059AFF2002995F
:1056C00010700C9851600699284491600199C2E9C4
:1056D000031019E01620207016E00121059AC0077A
:1056E0004FF00400517018BF0D20029D107007E0AC
:1056F0000599012048705FEAC97018BF0D240C702D
:105700000699284622F022FB1BB022F03EBDD4D4DD
:10571000B0B502AF1D490968C90532D11D4C2168D9
:1057200061BB4FF0FF31216094F83810012907D197
:10573000002184F83810216B002918BF0131216342
:10574000A16AC1B1D4E90C23002B04EBC305296481
:1057500085F83C0018BF013363639A4204BF0120FF
:1057600084F8380022F0E1FB04F110001EF00FFC79
:105770002068013000E000202060B0BD06481CF029
:1057800001FC03481CF0B6FD1CF05EFE04ED00E0D9
:10579000AE00000088E4032080340400B0B502AFFE
:1057A0001D490968C90532D11D4C216861BB4FF004
:1057B000FF31216094F84810012907D1002184F8B5
:1057C0004810216C002918BF01312164A16BC1B1BF
:1057D000D4E91023002B04EBC305296585F84C00A0
:1057E00018BF013363649A4204BF012084F8480063
:1057F00022F09BFB04F110001EF071FB20680130C9
:1058000000E000202060B0BD06481CF0BBFB034850
:105810001CF070FD1CF018FE04ED00E0AE0000006E
:10582000D0E4032080340400BFB506AF0168DFE890
:1058300001F0041F191B17252D1DD0E90101CDE929
:10584000010101A8039028481CF048FD27481CF0DE
:1058500023FD274903A81CF065FD1CF0A7FEBFBD72
:105860001E4806E01E4804E0174802E0174800E022
:105870001C4804B0BDE8B0401CF03CBD446816486C
:105880001CF02CFD20461CF01BFD18E0D0E9015453
:105890000F481CF023FD0F481CF0FEFCDFE805F06C
:1058A000020C0406002008E0022006E023F044F881
:1058B00020461CF0AFFD02E001201CF029FDBDE8F0
:1058C000BF401CF073BE00BFBF000000B600000068
:1058D000B8000000F7010000B2000000B1000000B5
:1058E000BD000000BE000000B50000001200000076
:1058F0008C17040080B56F4618B1BDE8804022F0D7
:1059000025BA80BD80B56F46016819B1BDE88040F9
:1059100000F0C4B880BD80B56F46C24312061CBFFC
:10592000BDE8804000F00EBD80BDD4D40168426B5C
:105930008A429EBF00210160704780B56F46024BCE
:1059400010460A461BF07EFECC17040080B56F4659
:10595000C0B2BDE8804036F0C7BAD4D4F0B503AFCA
:105960004DF804BD0A460646D0E9000113F0BEFC1E
:105970000C461349054606F576701FF0C5FC0E4629
:1059800095F85E13B1B1013985F85E13090604BFBD
:1059900095F85C13042905D023F0EDF922F0D2FC30
:1059A00022F0D7BC103041F20131A5F85C131DF094
:1059B0001BF9F1E703481CF09DFC1CF045FD00BFFE
:1059C00088110400EF00000080B56F460146406872
:1059D0004A7A00F5B7601AB1BDE880400FF089BD82
:1059E000097ABDE880400FF068BD80B56F4680BD84
:1059F000B0B502AF456865B10289006822F01CFFAE
:105A000038B10C46D0F84013294422F007FF22F0A9
:105A100099FCB0BDB0B502AF88B00446D0E906200D
:105A200043690020009002AD21462846FFF7DEFBC7
:105A30002846FFF767FF204608B0BDE8B04000F0F9
:105A400071B8B0B502AF88B00446D0E9062043690A
:105A5000012194F82000CDE9001002AD214628462E
:105A6000FFF7C4FB2846FFF74DFF204608B0BDE80E
:105A7000B04000F057B880B56F460178042907D0D0
:105A8000082918BF80BD0430BDE8804000F058B838
:105A900090F83A00BDE8804022F04CB9F0B503AF71
:105AA0002DE900078AB0D0F800A0044686680020DF
:105AB000A06036B304F10C000DF1140808F10801E0
:105AC00090E82C002CC194F80490DAE900014A46D1
:105AD0001EF008FD0A68B0F85803013A0A600AF59A
:105AE0007E71ADF8140068464246069612F012FE2A
:105AF000019840B1029922F029F909481CF0FAFBFB
:105B000001E094F8049050464946FFF727FFE1680A
:105B100000200AB0BDE80007BDE8F040FFF7EABE8C
:105B200068000000D0B502AF0446D0E90201FFF7DB
:105B3000E1FE21792068BDE8D040FFF70FBFD4D443
:105B400080B56F4602C8DFE801F002020206BDE838
:105B50008040FFF75FBFBDE88040FFF772BFD0B560
:105B600002AF13F0DBFC68B10C4690F86F13002213
:105B7000012980F86F2304BF00F51E701DF034F872
:105B800022F0E0FBD0BD80B56F4600F5B760002184
:105B9000BDE880400FF091BC80B56F4690F844108E
:105BA00031B1032918BF80BDBDE88040FFF70CBFAD
:105BB0003830F9E7B0B502AF04460025902D08D083
:105BC0006019017D032904BF043000F0EFFA183595
:105BD000F4E7B0BDD0B502AF044600F0A8FB04F175
:105BE0001800BDE8D04000F0A2BBD4D480B56F4609
:105BF0000548002101220160044942500168002942
:105C0000FCD00021016080BD14710040F4FEFFFF54
:105C1000D0B502AF0446006848B90020207323F0D5
:105C2000B6F8201D1CF0E0FF22F08CFBD0BD04482C
:105C30001CF054FB1FF056FB1CF0B8FC1CF004FCDD
:105C40009F000000F0B503AF2DE9000F89B0824638
:105C500030480068C00558D189463049104613F0D5
:105C600095FE0546D0E90046D0F8AC0005F1080BDA
:105C700088460138C5F8AC0058460FF0B3FB241A2B
:105C800066F10000BAEB040179EB000036D3E94677
:105C90005946484613F07AFABAEB0400049004D04F
:105CA000411E684619F0BEFA58B105AC99E84E009D
:105CB00020464EC0204615F09FFB10B122F05DFE3D
:105CC000F8E700206C46D5E90212914202D12A7C05
:105CD000D2070DD005EBC101896949B92046594663
:105CE00013F062FA9DF8000002280BD00120EAE7C9
:105CF000C0071CBF05F188001EF03FF922F08AF9A9
:105D000022F0F2B906481CF033F903481CF0F2FA0D
:105D10001CF09AFB04ED00E0AE000000440A040011
:105D2000BC0F040080B56F4609490968C9050AD14E
:105D3000094913F02BFED0F8B020013AC0F8B0208A
:105D400022F08FFA80BD03481CF0D4FA1CF07CFBD3
:105D500004ED00E0AE000000340A040080B56F4698
:105D600009490968C9050AD1094913F00FFED0F89D
:105D70000021013AC0F8002122F073FA80BD0348E7
:105D80001CF0B8FA1CF060FB04ED00E0AE0000006F
:105D9000340A040080B56F4608490968C90508D16E
:105DA000084913F0F3FD026C013A026422F059FA3B
:105DB00080BD03481CF09EFA1CF046FB04ED00E099
:105DC000AE000000340A040080B56F4690F88810D9
:105DD000032918BF80BD2C30BDE8804000F09BBA7D
:105DE00080B56F4690F8EC10032918BF80BD1830BD
:105DF000BDE8804000F00CB880B56F4690F8F81010
:105E0000032918BF80BD2430BDE8804000F000B8F1
:105E100080B56F4690F84410032908D0042918BFB4
:105E2000052909D14830BDE8804000F074BA4830F7
:105E3000BDE88040FFF7C8BF80BD80B56F46817F59
:105E40000339012988BF80BD2430BDE8804000F0BF
:105E500000B8D0B502AF044690F82700042818BF58
:105E6000D0BD04F13C0000F0F5F9E06A228ED0E9E3
:105E70000001BDE8D040FFF772BE80B56F46417C9F
:105E8000042918BF80BD4068BDE88040FFF7C0BE50
:105E9000D0B502AF044690F83500032809D0042895
:105EA00003D0052818BFD0BD03E004F1380000F08E
:105EB0009DF9002084F83400D0BDD0B502AF04466F
:105EC00090F83500032804D0042807D0052818BF0F
:105ED000D0BD04F1380000F009F803E004F1380007
:105EE00000F084F9002084F83400D0BD80B56F46FE
:105EF00090F85010063907290AD8DFE801F00A0F98
:105F00000904091409045430BDE8804000F076B853
:105F100080BD5430BDE88040FFF76EBF5430BDE80F
:105F2000804000F059B85430BDE8804000F07FB99F
:105F300080B56F4690F82010042918BF80BD24302A
:105F4000BDE8804000F09DB980B56F4690F87C10A8
:105F5000032918BF80BDBDE88040FFF7E9BFD0B579
:105F600002AF0446007A032804D0042804D16068F4
:105F7000FFF7D8FE00206072D0BDD0B502AF044656
:105F8000807C032804D0042804D12068FFF7E6FEB3
:105F90000020E074D0BDD0B502AF0446C07903281C
:105FA00004D0042804D12068FFF7F4FE0020A0717B
:105FB000D0BD80B56F4690F83410032907D004296E
:105FC00018BF80BD5830BDE88040FFF7E5BD5830B0
:105FD000BDE8804000F040B880B56F46017C0329E1
:105FE00007D0042918BF80BD1830BDE8804000F0FC
:105FF00092B91430BDE8804000F000B880B56F461B
:10600000017C042918BF80BD1830BDE8804000F035
:1060100082B980B56F46017F042918BF80BD20304A
:10602000BDE8804000F00CB880B56F4690F858107D
:10603000032918BF80BD0430BDE8804000F05FB97F
:1060400080B56F4690F85C10032918BF80BD0830FA
:10605000BDE8804000F053B9D0B502AF044690F8D7
:106060005C00011F042906D3032818BFD0BD04F12A
:106070006000FFF702FFE06B4068BDE8D040FFF72B
:1060800082BDD0B502AF044690F82000042806D1A6
:10609000E0690078FFF75AFC002084F82200D0BDA8
:1060A00080B56F4690F84010032918BF80BD0C30B2
:1060B000BDE88040FFF7E5BF80B56F4690F844101B
:1060C000032918BF80BD1030BDE88040FFF7D9BF5D
:1060D00080B56F46C0B2032818BF80BDBDE88040C0
:1060E000FFF784BD80B56F46017B042918BF80BDD2
:1060F0008068BDE88040FFF78BBD80B56F4690F8A3
:10610000A810032998BF80BDD0F89000BDE880405A
:10611000FFF77EBD80B56F4690F8D811032918BFF0
:1061200080BD0C30BDE88040FFF7B2BE80B56F4641
:1061300090F80012032918BF80BD1030BDE88040E0
:10614000FFF7BBBE80B56F4690F8E011032918BF7A
:1061500080BD0430BDE88040FFF7DCBF80B56F46EE
:1061600090F820100339C9B2032988BF80BD044AC2
:1061700052F821100844BDE88040FFF7D7BF00BFA8
:10618000B813040080B56F4690F820100339C9B2E7
:10619000042988BF80BD044A52F821100844BDE894
:1061A0008040FFF7C3BF00BFD047040080B56F46F3
:1061B000017B032918BF80BD0430BDE8804000F09A
:1061C00055B880B56F4690F82D1041B1032918BF1E
:1061D00080BDD0E90601BDE88040FFF78BBBD0E968
:1061E0000001BDE8804021F0B1BDD4D480B56F4638
:1061F00090F82C100339052918D8DFE801F00317AF
:10620000170D08123030BDE88040FFF702BF303074
:10621000BDE88040FFF7F2BE3030BDE88040FFF7B8
:106220000FBF3030BDE8804000F001B880BD80B5C0
:106230006F4690F86010052907D0062918BF80BD69
:106240006430BDE88040FFF7FBBE7430BDE880409D
:10625000FFF7C6BD80B56F4690F82510042918BF1A
:1062600080BD2830BDE88040FFF7C2BB80B56F46D7
:106270004179032918BF80BD0430BDE880401CF07F
:1062800021BC80B56F4690F8441039B1032918BF7E
:1062900080BD1430BDE88040FFF793BFD0E9010115
:1062A000BDE8804021F052BDD0B502AF044690F861
:1062B0008800032801D028B1D0BD04F14000FFF7C9
:1062C000E0FF18342046BDE8D040FFF7E7BB80B5BB
:1062D0006F4690F8A410032918BF80BD2430BDE894
:1062E0008040FFF731BE80B56F4690F894100329C7
:1062F00018BF80BD0430BDE88040FFF75BBC80B5AF
:106300006F4690F85010032918BF80BD0C30BDE8CF
:106310008040FFF7C5BE80B56F4690F8581003293E
:1063200018BF80BD1030BDE88040FFF7C5BE80B506
:106330006F46017D032918BF80BD0430BDE8804051
:10634000FFF734BF80B56F46C0B2072818BF80BDC5
:106350000846BDE8804021F0EDBC80B56F4680BDA9
:10636000B0B502AF051D0C4634B155E90101FFF788
:10637000C1FA013C1035F7E7B0BDB0B502AF051D5D
:106380000C4634B155E9010121F0E0FC013C103527
:10639000F7E7B0BDB0B502AF00F13A050C463CB12D
:1063A00015F83A0C15F8401BFFF7CCFF013CF6E757
:1063B000B0BDE0B502AFCDE9000101A968461AF011
:1063C0003BFAF0B503AF4DF8048D8EB0054608A832
:1063D000884621F071FC0898C0B1A7F1370008A9E0
:1063E000C61C0C2221F0E5FEA7F146003146C41C74
:1063F0000C2221F030FF0BAE21460C2221F0D9FEF9
:1064000028463146424611F04BFC01E01620287028
:106410000EB022F051B8D4D4F0B503AF2DE9000F7F
:1064200089B0044604A8022122F0E0F922F018FC09
:1064300002D021F002FD0FE021F01BFDFA681023CD
:106440000792BA680692054ACDE904A6009204AA0A
:106450001DF028FB21F0A4FD21F03CBE60FE0300EE
:10646000F0B503AF2DE9000F89B0044604A803215D
:1064700022F0BCF922F0F4FB02D021F0DEFC0FE0A8
:1064800021F0F7FCFA6810230792BA680692054AD1
:10649000CDE904A6009204AA1DF004FB21F080FDC2
:1064A00021F018BE70FE0300F0B503AF2DE9000F18
:1064B00099B003AE044620220D4621F07AFE05F184
:1064C00020010BAD202221F09FFE30460FF04AF84C
:1064D00028460FF047F814A80B21FFF772FF9DF82C
:1064E00050B0BBF1FF0F16D09DF85300E070BDF81F
:1064F00051009DF86310DDE91565A4F80100BDF8B1
:106500006100179A9DF86030ADF84C008DF84E1080
:1065100021F0DBFC33E09DF86080DDF85C90BDF895
:1065200061009DF86310DDE91552ADF84C00A4F848
:10653000110048468DF84E10E1744146029211F068
:106540009DFB114B82460E4620205146324617F0E5
:10655000F4FE0E4A2023009203AA1DF0A3FA0C4871
:106560004021009020205246334614F0E3FE094AB1
:10657000202300920BAA1DF095FA21F011FD84F85A
:1065800000B019B021F001BE80FE030090FE0300B0
:10659000A0FE0300B0FE0300F0B503AF2DE9000F2D
:1065A00089B0044604A80C2122F020F922F058FBFF
:1065B00002D021F042FC17E021F05BFC0246F868B3
:1065C0000A4B8C4607901146B86862460690102028
:1065D000CDE904A617F0B1FE054A1023009204AAE3
:1065E0001DF060FA21F0DCFC21F074BDC0FE030058
:1065F000D0FE0300F0B503AF2DE9FE0F044602A85C
:1066000088460721FFF7DDFE9DF808A0BAF1FF0FCD
:1066100016D09DF80B00E070BDF809009DF81B1026
:10662000DDE90365A4F80100BDF81900059A9DF89D
:106630001830ADF804008DF8061021F046FC1DE07E
:106640009DF81860DDF81490BDF819009DF81B1036
:10665000ADF80400A4F8110048468DF80610E17466
:106660003146DDE9035B11F009FB074A102321F0F5
:106670001DFD2674C4E9015BC4F80C9084F800A0E9
:1066800007B021F082BD00BFE0FE0300F0B503AF0C
:106690002DE9FF07044603A80D460821FFF791FEE8
:1066A0009DF80C00FF281ED09DF80F10E170BDF87A
:1066B0000D109DF81F20DDE90463A4F80110BDF85A
:1066C0001D10DDF818C09DF81C50ADF808108DF8AD
:1066D0000A202574C4E90163C4F80CC0A4F81110A1
:1066E000E274207030E09DF81C80069EBDF81D000D
:1066F000ADF8040041469DF81F008DF806003046B5
:10670000DDE9049A11F0BAFA09B30246A8790B46FA
:10671000002818BF0120107007210E4800900120AA
:1067200014F008FE0C4A062322F00AF8FF2084F831
:1067300010802070BDF80400A4F811009DF8060038
:10674000C4E9019AE660E07408B021F0B2BE034AE1
:1067500021F0F7FB00FF030010FF0300F0FE030031
:10676000F0B503AF4DF804BD054600780C46DFE8F0
:1067700000F00B512436186E7B4D9A208D151C7736
:10678000112D0E677F9E6A002046002180E0204682
:1067900010216FE06A7820460E2111E020460B217F
:1067A00076E06A782046042184E06A7820460C214D
:1067B00080E06A78204609217CE06A782046022140
:1067C0005DF804BBBDE8F04000F048BD6A782046A3
:1067D0000F215DF804BBBDE8F04000F04EBD20463F
:1067E00003210EF0FBFEC043000637D1A8782146F6
:1067F00000F0E2F80646C043000651D1D4E9010199
:1068000088422BD0697800F8011B65E06A78204641
:1068100007214FE0204601210EF0E0FEC0430006B4
:106820001CD1687802285AD001286CD12046012159
:106830000EF0D4FEC0430226000631D1A97820E034
:106840002046112116E06A782046142132E02046C5
:1068500005210EF0C3FEC043000631D002261FE022
:106860006A7820460D2125E06A782046062121E03D
:10687000204612210EF0B2FEC043022600060FD1C0
:10688000697820460EF0AAFEC04305E020460A21A2
:106890000EF0A4FEC0430226000608BF4FF0FF36EC
:1068A000304621F03BBD6A782046082102E06A7834
:1068B000204613215DF804BBBDE8F04000F0ECBCBD
:1068C000D4E901018842C9D06A7821F005FF6360EC
:1068D000C4D0A978417002306060FF26E0E720460E
:1068E000022102260EF07AFEC0430006D8D1A97814
:1068F0000029C6D081290AD082290AD0832914BF51
:1069000004210321BDE7AA782046002161E7012187
:10691000B7E70221B5E7D4D4B0B502AF0546007899
:106920000C460421142888BFA0F11501C8B2DFE885
:1069300000F0031A0F1306242046002115E020461C
:1069400004210EF04BFEC04300061DD00220B0BD56
:106950006A1C2046022102E06A1C20460321BDE891
:10696000B04000F06CBC204601210EF037FE22F052
:1069700063F908BF4FF0FF30B0BD6A7820460521AB
:10698000BDE8B04000F088BC28462146FFF7E8FE8D
:10699000C14309060FD1E81C2146FFF7E1FEC143C0
:1069A000090608D1D4E901018842CFD0A97900F8BD
:1069B000011B6060FF20B0BD80B56F4680F0800095
:1069C0000A460649C0B251F8201010460EF006FEE5
:1069D00022F032F908BF4FF0FF3080BDE4470400D9
:1069E000F0B503AF2DE9C00704460620CDE900103D
:1069F000684600F046FD22F010F901D101203BE08D
:106A0000C0074DD0684600F03CFD21F01CFD02D1CE
:106A10000120354630E0C00742D0684600F031FD25
:106A2000C0F30728C1B2022902D10120454623E064
:106A3000C00735D0684600F024FDC0F30729C1B275
:106A4000022902D101204D4616E0C00728D0684631
:106A500000F017FDC0F3072AC1B2022902D10120BC
:106A6000554609E0C0071BD0684600F00AFD21F03A
:106A7000E5FC07D101201546012125542170BDE810
:106A80000C07F0BDC0070BD065700021062015462D
:106A900084F805A084F8049084F80380A670ECE7DD
:106AA00001200E25E8E7E0B502AF014668460FF089
:106AB00091FD21F00FFD03D19DF8011001208CBD47
:106AC000019830B1012807BF0020012101200E21CB
:106AD0008CBD002100208CBDBCB504AF05466846C6
:106AE00021F02EFD21F0F6FC03D19DF80140FF209E
:106AF000C9E00198142800F20881DFE800F0C40B17
:106B00003A829B57B348AC33C4C441942C4F1F6F97
:106B1000A2BA7B00684621F013FD21F0DBFC40F0B7
:106B2000B9809DF80110FF24E0B2FF284FF001006A
:106B300008BF0C4608BF4FF0FF30A4E0684621F0C4
:106B4000FFFC21F0C7FC00F08280019C1B2C00F2AE
:106B5000D980102096E021F0F9FBC0070C464FF0D9
:106B60000E008CE021F0F2FBC0070C464FF009004C
:106B700085E021F0EBFBC0070C464FF002007EE001
:106B800021F0E4FBC0070C464FF00C0077E021F049
:106B9000DDFBC0070C464FF0070070E0284600F010
:106BA0004BF9C0070C464FF00F0068E00220CDE91A
:106BB0000050684600F065FC21F098FD49D0C00700
:106BC00000F0A080684600F05CFC21F037FC27D084
:106BD000C00700F097800520114654E0684621F078
:106BE000AFFC21F077FC32D0019C062C00F28A80A9
:106BF000112047E021F0AAFBC0070C464FF014001B
:106C00003DE00120CDE90050284600F015F90C4682
:106C1000C0071ED1684600F034FC21F00FFC52D1B1
:106C2000FF20002153E021F091FBC0070C464FF0FC
:106C30000D0024E021F08AFBC0070C464FF0040051
:106C40001DE0684621F07CFC21F044FC34D19DF825
:106C50000140FF2016E021F079FBC0070C464FF001
:106C600008000CE021F072FBC0070C464FF0060054
:106C700005E021F06BFBC0070C464FF0130018BF76
:106C80004FF0FF300021E2B2C0B2120242EA0141ED
:106C90000844BCBD019802283AD81ED001282AD148
:106CA000684621F04DFC21F015FC3FF43AAF019904
:106CB00033292DD8012437E7019850B1012821D17B
:106CC00012200124DEE7C0071CD021460320144611
:106CD000D9E7122000210024D5E7684621F030FCD6
:106CE00021F0F8FB3FF41DAF0198042810D80A49A1
:106CF0000224095C18E7284600F09EF800F0010025
:106D0000444211E7FF200E24BCE7FF200E24EFE6EB
:106D1000FF240E2108E700BFE44B0400F0B503AFE9
:106D20002DE9E00F044601A80D460FF053FC9DF835
:106D30000400012805D19DF80500FF216070217035
:106D400061E00298052871D8DFE800F0032F1723CF
:106D50000531152056E00320CDE9015001A800F0CF
:106D60007FFB20F07F460546C0B24FEA1628FE287A
:106D70002BD1FF2084F8018044E02846FFF7ACFEC9
:106D8000C14309061DD0A4F80100000CE0701720D3
:106D900038E02846FFF7A0FEC143090611D0A4F849
:106DA0000100000CE07018202CE016202AE021F0F1
:106DB000CDFAC00761704FF01A0018BF4FF0FF30D6
:106DC00020E0000A6070FF201CE0FF2830D001A8FE
:106DD00000F046FB20F07F4B8146C0B24FEA1B2AF1
:106DE000FE2803D1FF2084F801A00BE0FF281FD06C
:106DF00001A800F046FB81B2C2B2090A022A05D1FD
:106E0000FF2061702070BDE80E0FF0BDC0070FD0ED
:106E1000300C4FEA1B42A171627184F804A084F81F
:106E20000390A07084F801802570ECE70E2084E7C1
:106E300040F6FF602080E6E7E0B502AF0146684615
:106E40000FF0C8FB21F046FB03D19DF80110012093
:106E50008CBD0199DD2900F218810020DFE811F0D6
:106E6000DE00DE00DE00DE00DE00DE00DE00DE0032
:106E7000DE00DE00DE00DE00DE00DE00DE00DE0022
:106E8000DE00DE00DE00DE00DE00DE00DE00DE0012
:106E9000DE00DE00DE00DE00DE00DE00DE00DE0002
:106EA000DE00DE00DE00DE00DE00DE00DE00DE00F2
:106EB000DE00DE00DE00DE00DE00DE00DE00DE00E2
:106EC000DE00DE00DE00DE00DE00DE00DE00DE00D2
:106ED000DE00DE00DE00DE00DE00DE00DE00DE00C2
:106EE000DE00DE00DE00DE00DE00DE00DE00DE00B2
:106EF000DE00DE00DE00DE00DE00DE00DE00DE00A2
:106F0000DE00DE00DE00DE00DE00DE00DE00DE0091
:106F1000DE00DE00DE00DE00DE00DE00DE00DE0081
:106F2000DE00DE00DE00DE00DE00DE00DE00DE0071
:106F3000DE00DE00DE00DE00DE00DE00DE00DE0061
:106F4000DE00DE00DE00DE00DE00DE00DE00DE0051
:106F5000DE00DE00DE00DE00DE00DE00DE00DE0041
:106F6000DE00DE00DE00DE00DE00DE00DE00DE0031
:106F7000DE00DE00DE00DE00DE00DE00DE00DE0021
:106F8000DE00DE00DE00DE00DE00DE00DE00DE0011
:106F9000DE00DE00DE00DE00DE00DE00DE00DE0001
:106FA000DE00DE00DE00DE00DE00DE00DE00DE00F1
:106FB000DE00DE00DE00DE00DE00DE00DE00DE00E1
:106FC000DE00DE00DE00DE00DE00DE00DE00DE00D1
:106FD000DE00DE00DE00DE00DE00DE00DE00DE00C1
:106FE000DE00DE00DE000F011101030107011301C5
:106FF000E1000B010D01F300FF00FB000901F100AE
:10700000E700ED00EF00F700F900E3000501FD00E7
:107010000101E900E500DF00EB00F5008CBDE52192
:107020008CBDD2218CBDDF218CBDE4218CBDDA2149
:107030008CBDE3218CBDE6218CBDDB218CBDDC2128
:107040008CBDD9218CBDD5218CBDE7218CBDDD2126
:107050008CBDDE218CBDD7218CBDE1218CBDD6211C
:107060008CBDE2218CBDCF218CBDE0218CBDD02117
:107070008CBDD8218CBDD3218CBDD4218CBDCD211C
:107080008CBDCE218CBDD1218CBD01200E218CBDAB
:1070900080B56F4617F076FFC00701D0012080BD94
:1070A000C8B218B1012804D1012100E0002100205C
:1070B00080BD0120062180BDD0E901239A4204BF92
:1070C00002207047B0B502AF0C78154605F8014BA9
:1070D0009D4245600BD04C785470941C9C42446097
:1070E00005D089789170D11C4160FF20B0BD02208D
:1070F000B0BDD4D4F0B503AF4DF804BD84B00446A0
:107100000020ADF80C00CDE9010001A90A280DD03E
:10711000D5090A5445EA436555EAD31609D042F029
:1071200080020A54DB0901302A46EFE70A2501AA4A
:1071300006E00A4B01A90A2217F074FF02460D4629
:1071400021F0CFFA01D9022004E020F08EFF70195F
:107150006060FF2004B021F0E1B800BFF811040026
:1071600080B56F460EF03AFA21F066FD08BF4FF089
:10717000FF3080BDF0B503AF2DE9F80FE8460D46AE
:107180000646404613219B46914636F09EFAD7F8B4
:1071900008A0002013281BD0F1094FEAD91241EAB8
:1071A0004561ED0942EA4B6245EA496541EA02035D
:1071B00045EADB14234308F800600CD046F0800356
:1071C00008F800304FEADB1B01300E469146E1E73C
:1071D00013246A4606E00D4B6946132217F022FF7E
:1071E00002460C46DAE90150401B844201D90220D4
:1071F00008E011462846224636F003FC2819CAF852
:107200000400FF2005B021F04BB900BF08120400B4
:10721000F0B503AF4DF804BDD1E901320024062CCE
:1072200008D01D19954207D0065D013405F8016BA1
:107230004D60F4E7FF2000E0022021F06FB8B0B508
:1072400002AF21F0F7F8C04300061CBF0220B0BD1A
:1072500020462946BDE8B040FFF782BAB0B502AF7C
:1072600021F0E8F8C043000601D00220B0BDD5E906
:1072700001018842F9D021F0EABBB0B502AF21F09C
:10728000D9F8C04300061CBF0220B0BD20462946E5
:10729000BDE8B040FFF790BBB0B502AF21F0CAF82F
:1072A000C043000601D00220B0BDD5E901018842EB
:1072B000F9D021F0CCBBD4D4F0B503AF4DF804BD68
:1072C00082B00C46014600208AB28DF80600ADF867
:1072D000040001A9032809D0D3090A5409D0D2B265
:1072E00042F080020A5401301A46F3E7032501AA4E
:1072F00006E0094B01A9032217F094FE02460D4651
:1073000021F0EFF901D9022004E020F0AEFE70195F
:107310006060FF2020F040BED8110400B0B502AF7D
:10732000416851B105680139416021F00FF80C4600
:10733000C00704D02146FF240EE002240CE0E0B296
:1073400030B1012806D121F001F8C007F3D103E0E4
:10735000002101E0FF240921E0B240EA0120B0BD94
:10736000416899B1F0B503AF4DF8048D82B021F0BA
:10737000E6FC0321CDE90001684600F082F80546ED
:10738000C0B2022804D1A8B2040A11E0002070475C
:10739000E8071CBF019E002E09D0DDF800804046A2
:1073A00017F0F0FD0C46C00702D1012E05D10E24C6
:1073B000E0B20002023021F011BA404617F0E2FDBF
:1073C000C00701D00C46F3E7E0B2090641EA0040ED
:1073D00005F47F4108440130EDE7F0B503AF2DE936
:1073E000800F8046486878B3D1F8009000264FF0AF
:1073F000FF3400254FF0000B01384860092C1AD0EB
:10740000484617F0BFFD8A46C00716D10AF07F0034
:107410000021324636F0C6F905434BEA010B073628
:1074200001344FFA8AF00028E8D4092C10D15FFA11
:107430008AF002280CD34FF0050A00200221C8E987
:10744000001088F808A009E00020C8E9000005E065
:1074500000200121C8E90010C8E9025B21F0D7B87B
:10746000416861B180B56F4621F069FCFFF734FBDC
:10747000C2434FF6FE71120608BF084080BDFF20D0
:107480007047416869B180B56F4621F058FC17F02C
:1074900079FDC0074FF0010018BF0220BDE8804011
:1074A00000E0002040EA01207047DCB504AF04464C
:1074B0004868A0B1013848600968A7F10F00FFF7DC
:1074C0002DFC17F80F1C17F80E0CFF290AD017F81F
:1074D000092CA27157F80D2CC4F8022003E0FF20FC
:1074E0002070DCBDFE2160702170DCBD416869B395
:1074F000F0B503AF4DF804BD82B0046801394160B6
:10750000684621460FF066F820F0E4FF09D0019D9F
:10751000012D53D8684621460FF05CF820F0DAFFC1
:1075200017D19DF801004FF00071C0B2084301F07F
:107530004071B1F1007F02B05DF804BBBDE8F040DE
:1075400004BF4FF47F0161F31F2070474FF00070BC
:107550007047019E042E31D820460FF011F8C10764
:1075600003D04FF60171084005E0C0F300414942E5
:1075700081EA504000040122014662F30F014FF4FA
:10758000702202EA0022C00718BF911C01F003001C
:10759000022818BF01F07F4001F47F0210444FEA37
:1075A0001040C0D0C90709D0ADF800008DF80260C6
:1075B000BDF80110090241EA0561B6E70E20B2E705
:1075C000416871B180B56F4621F0B9FBFFF760FDEE
:1075D000C007BDE8804012BF012001F0010100207A
:1075E0007047002002217047DCB504AF04464868AC
:1075F00070B101384860096868460EF0EBFF20F072
:1076000069FF08D19DF80100022121602071DCBDD5
:1076100000202060DCBD01980121C4E90010DCBD20
:107620004168A9B180B56F4621F089FB0EF0A8FF33
:10763000C1070C4918BF4FF6017108400106BDE8AB
:10764000804008D04FF4702101EA0020022106E0BA
:107650000020002103E04FF6FF7188430121084319
:10766000704700BF0000FFFFF0B503AF2DE9000B2E
:10767000804691F851000C4620B1032823D03B48A6
:107680001AF03BFDD4E908562046D4F84C9020214E
:107690002663C4E90A9536F018F8082000216063D3
:1076A00005F10800B0423DD8082684F85010304A51
:1076B0002046314617F0DCFC0022C4E90E9084F825
:1076C0004820C4E9101504F138000DF097FC411C66
:1076D00032D1666B2EB3701E0022202A21D0A15C0D
:1076E000B1F1FF0318BF0123FF294FF0020118BFBA
:1076F0000121904208BF194601320229EDD00A4605
:1077000089B1201DE5881DF0A5FC80B2A84216D0E5
:1077100094F85000012110BB84F85010D4E90A9568
:10772000C5E700210022C8E902030120C8E90012D0
:1077300084F8510020F09CBE00220121F3E7A388C9
:10774000990723F00300194618BF011DD4E90B0265
:1077500008440830904204D902220121E3E70222C2
:10776000E1E7206801220021DDE700BF5CFF0300A4
:107770006CFF0300F0B503AF2DE9000B814691F8D3
:1077800051000D4620B103283BD03F481AF0B5FC0C
:107790002968D5E906C3A888EA6CA881A960AA620D
:1077A000C5E904C3A9B1D5E9082800F1030E2EF0FC
:1077B000030605F12C04083246C43244424546D83B
:1077C000B3420AD20EF4803205214FF0FF3E30461C
:1077D00048E000214FF0010E3BE0002085F850000A
:1077E000AEB1D5E904123046284BAC6AD5F83080EA
:1077F00016F0A3FD0022C5E90E4085F84820C5E932
:10780000101805F138000DF0F9FB411C23D1A989AE
:107810006A698A4234D328691DF0EEFBE96A88421E
:1078200005D095F8500070B901206E6BD6E74FF681
:10783000FF72D5E90410D5F808C020EA0202AB892E
:107840004FF0020E0EE0A968D5E904C3A8894FF0F5
:10785000000E002206E04FF6FF7120EA010200212F
:107860004FF0FF3E80B20126104385F85160C9E910
:1078700000E1C9E9020CC9F81030BDE8000BF0BD09
:10788000034B002019F0DEFE7CFF03009CFF030089
:107890008CFF0300F0B503AF2DE9F80F814691F896
:1078A00044000C469246DFE800F003D3D61B81B9B2
:1078B000CDE9029A04F1200694E80302A046D4E937
:1078C0000323E5692DC601200870002048F8489F71
:1078D000E66AC246256A0AF8880FC8E9015611E02F
:1078E000CDF80CA0A2461AF8D00FAAF1880820B152
:1078F000032827D058481AF000FCCDF80890D4E9A6
:107900001295266D04F1540B2021FF22584635F0C4
:1079100080FED9F800006065B9F80400A4F85800AA
:1079200027F81E0CA7F11E001DF094FBDDF808904F
:10793000A4F85A00002084F8CC000820C4E91D5B9C
:10794000C4E91F0604F17406039930460DF0E4FB08
:107950000546023007D103206FF001018AF80000CC
:10796000C9F8001070E020F07DFF21F008FA4046D1
:10797000FEF72AFA681C60D104F1240204F13005F4
:1079800007CA01F0030631F0030102F1080200EB1F
:1079900001034BC522641AD0DDF80CA0002384F843
:1079A000A030236AC4E91230C4E9141220F0FBFEAF
:1079B0000546023005D16FF00100C9F8000004202F
:1079C00042E020F04FFF681C37D1E66B01E0DDF8A4
:1079D0000CA0A6B304F1A4082021404635F075FEA2
:1079E000F01C20F00305202D01D9032029E01C4BB9
:1079F00030464146202216F0A0FCD4E90E23194E51
:107A000000961CF04FF8616B0020226C84F8A000F7
:107A10001144206AC4E91208C4E9145120F0C3FEDD
:107A20000546023005D16FF00100C9F800000520BD
:107A30000AE020F017FF681C01D0002001E04FF0A1
:107A4000FF3089E82108012084F8440020F038BB89
:107A500002481AF052FBFEDE4CFF03000400040053
:107A60001400040024000400B0B502AF0546887B72
:107A70000C46DFE800F00332380D1C006068B4F8F3
:107A80000B102181617B2060A17220F082FF2061B8
:107A900004F11000114612F0CFFFC8B12068016850
:107AA0000020207604F10800C4E9041003E0207EE1
:107AB000C00715D1606927F05BFC01210022217607
:107AC00000286A60687008BF6FF001022A7002E047
:107AD000FD2003212870A173B0BD04481AF00DFBEE
:107AE00001481AF00AFBFEDEF4090400F400040069
:107AF000F0B503AF4DF8048D0546487A0C46DFE833
:107B000000F003393F0A19006068A17A20602172F1
:107B100020F03FFFE06004F10C00114612F08CFFF2
:107B200000B3206804F10806002100682175C4E94B
:107B3000030604E0207DC0071FD1D4E9030600211D
:107B40004FF000081BF008FFC0B218B9304628F00B
:107B50000DF868B1002168700120C5F80480297013
:107B6000207502E0FD2028700320607220F0A4BC84
:107B7000FE21F0E704481AF0C0FA02481AF0BDFAF4
:107B8000FEDE00BFD40C0400F4000400F0B503AF27
:107B90002DE9FC0B804691F820000C46DFE800F050
:107BA0000321270C9C00D4E90010D4E90223C4E986
:107BB0000410C4E906231BE0264616F8940F50B1C2
:107BC000032811D1254615F8900F38B1032827D086
:107BD0005E481AF092FAD4E9091010E0D4E90B10CB
:107BE00013E05C481AF089FA59481AF086FAFEDE6A
:107BF0002646002246F8241F706006F8702F0022E7
:107C0000254605F8902F45E91910C4E90D10D1E972
:107C10000012002384F88D30C4F88800C4E91712DC
:107C200004F13C0101A8FFF71FFD0199022964D06E
:107C3000DDE902CE0129049B09D1BCF1020F1BD161
:107C4000606B016804310160D4E90D10DFE7656BFA
:107C50000022BCF1010FD5F8009015D14FF6FC724F
:107C6000F4461A4004329E0708BF9AB24A440832CA
:107C70002A600025012209E04FF6FF7099462EEA9E
:107C800000050222734601E000230025012684F846
:107C9000946084F890609EB2354301293FD0002A59
:107CA000C4E91F2CC4E9215940D0022A3CD0D4E9B0
:107CB00006210025C4F82490002AA56143D0D4E908
:107CC0000460766884F879506067C4E91021C4E9DB
:107CD0001296A385C4F828C004F1280101A8FFF773
:107CE00049FD019A901C0FD0DDE90491022A10D2BF
:107CF000C4E90691D4E904107AE703200221307028
:107D00002870C8F8001019E00220C8F8000004200C
:107D100014E0DDE902C507D1636A002207E0022111
:107D2000C4E92159C4E91F1C012200E09446C8E9B6
:107D3000002C0120C8E90259C8E9041384F8200086
:107D400006B020F095BB04481AF012F94401040073
:107D5000340104000401040014010400F0B503AF71
:107D60002DE9000FADF54F7D3C9074A802303A909C
:107D7000CAA88A46831C01F59A7033904FF0000C14
:107D800091F82A0100240025DFE810F006003900F0
:107D900045001200A102A613DAE900503293309296
:107DA000CAE902050020319020F0C0FF02F0ABBB11
:107DB0009AF858010AF5AC783092329388B10328CA
:107DC00021D19AF854010AF5AA7978B103281ED175
:107DD0000020DAE952B63190DAF8505120F0A6FFCF
:107DE0002FE0002131902E913F9015E00020DAE93C
:107DF0004FB63190DAF8445120F098FF1DE0DFF8DB
:107E0000E4071AF07AF9DFF89C0E1AF076F9DFF839
:107E1000980E1AF072F9FEDECDF808B10020DAE90A
:107E20004BB64FF481758AF854010AF5AA79CAE96C
:107E30004D65CAE94FB6CAF84451CAE952B6CAF804
:107E400050516808802842F2578600204C904CA977
:107E50003046419123F027F9012300280FD44C9894
:107E600004280FD0DDF808B1022842F0478601202F
:107E7000DAE94D128AF854010224409E85E0024658
:107E80003F9C5DE05EA831462A4618F0B9FB5F9939
:107E900000230424002952D09DF878010E284ED1E9
:107EA0009DF87921609C9442C2F0E58374A818F093
:107EB000DFFB7599002940D0769A00230424022A1A
:107EC0003DD3DFF8E85D0223009574A818F086FB27
:107ED00074980023068896B3DDE9761274A818F02A
:107EE000C7FB7599002351B342F28300864226D125
:107EF000769A022A23D3009502239DF8D06174A8B4
:107F0000022518F06BFB77980023C0B9749A0123FF
:107F1000DBE903101288ABF80C20BBF808208BF8C3
:107F20000A60012AABF8085002D14968884701234A
:107F30003F9C6FF022003E9001E0002304243E9A13
:107F4000DDF808B11BB112F1230000F0E28301203B
:107F50003E9289F800002BB1110A4FF0FF303F9498
:107F6000409E57E0DAE94D12042C409E0DD174A8D2
:107F700018F046FB20F0DFFD05D0769A9DF8D13150
:107F80009A4232D200253F9410E000253F94042A03
:107F90000CD3DFF8180D0423009074A818F01EFB12
:107FA0007498779A0468B2EB144F0AD2E8076FF01E
:107FB0000B0218BF6FF015026FF07F414FF0FF30DA
:107FC00028E0DFF8EC0C260C76993346009074A874
:107FD00018F004FB759A964202F29B83749A66F33A
:107FE00007060320A346110A14E0DFF8C80C00902E
:107FF00074A818F0F3FA9DF8D701AB46BDF8D51177
:10800000749A41EA00409DF8D4113F9441EA002659
:10801000110A0520D2B2012342EA01250AF110011A
:108020000328AAF81CB08AF8583161C1409600F0C4
:108030006381052840F067845FFA8BF0052800F023
:10804000D382082800F00A82132800F04B823028DF
:1080500000F004823E2842F05482002E02F058853F
:1080600028780124431E362B02F25385DFE813F0F3
:108070003700370037003700370037003700370048
:108080003700370037003700370037003700370038
:108090003700370037003700370037003700370028
:1080A0003700370037003700370037003700370018
:1080B000370037003700511551155115511537004C
:1080C0005115511551155115511551155115511580
:1080D0003700370051155115370037003700691C3C
:1080E000721E112B00F22E84DFE813F01200E3065B
:1080F0009D06C4055A063E07F006C405C4050908D6
:10810000C4052806FD07C405C405C405C905AF0795
:1081100074A818F0ADFA20F0CCFA02F04285769AF5
:1081200074A818F0CFFA7599002902F0158520F08F
:108130000EFE74A818F018FB9DF8D041022C02F036
:108140001985DDE9751274A818F092FA20F0F3FC95
:1081500002F02585769A74A818F06EFA76999DF843
:10816000D091002902F01E851FF0D7FE20F0E8FC18
:1081700074A818F0A7FA7599002902F0ED84BDF8EB
:10818000D001769A4195359074A818F09BFA7599AC
:10819000002902F0E184BDF8D0014546769A2F907F
:1081A00074A818F08FFA7599002902F0D58420F090
:1081B000CEFD74A818F0BCFA20F0C5FD02F0DA84F8
:1081C000769B4C999DF83421002BCDF808B1CA91CB
:1081D0008DF82C238DF8D421749142F0D484749AB4
:1081E000290A9DF8D4318AF82E918AF83C014198E9
:1081F000CAF82F218AF833315E928DF87C318AF8E3
:108200002C5143F608558AF82D11359B8AF83B010D
:108210008DF83601BAF83201F04ABAF82C11ADF8EF
:108220003401DAF82E012D9100214C9043F60850CC
:10823000E3FB0201DDF8BC90AAF8343143F60952A1
:1082400000238AF83D418AF83A61AAF83881AAF8F1
:108250003691DAF80CB035F0E1FBCDE9740100217C
:10826000DF4843F609520023E8FB00512846002569
:1082700035F0D4FBCDE9760104F00102ADF8E091D0
:108280008DF87F518DF87851DBF804005EA90092DB
:1082900074AACDE901214CAB2D9A31460FF08CFF29
:1082A000002840F0B384339914208AF84E51329B51
:1082B000DDE9302CDDF808B12E9D3F9C4876BAF8F8
:1082C0002C01A1F81700DAF80C00CAF844013F9419
:1082D0000AF5A0712E95CDE931C374A83092FFF74D
:1082E000C3FB9DF8D001FD2842F004813C99FD209C
:1082F0000870042002F01BB9DAF80C00D0F80490E2
:1083000020F02BF9C846D9F80C1058F8083F82B273
:10831000184611F003F974AC0A46611CFE230028CC
:10832000419120461FBF1068013010605EA81CBF3D
:10833000411CFF231C228DF878318DF8D0211322A7
:1083400004784CAE1FF035FFFF2C74D0CAA84CA99E
:1083500001301FF02BFF8DF82843CAA80DF5E878EF
:1083600090E87C00414658467CC118F09BF90446D1
:10837000DFF8440919F0B2FFA0B217F035FF1FF083
:10838000EBFF1AF013F99DF8D001152818BF1C282F
:1083900044D120F0E2F80446DFF8200919F09EFFEE
:1083A000A0B217F021FF1AF001F9DAF80C00DFF89B
:1083B00010394068D0E902125EA81EF05FFE4FF44B
:1083C0005E70DDE95E4101FB00F6DFF8F888DFF85A
:1083D000F89800259EB1404619F080FF284619F014
:1083E0006FFF484619F058FF204616F03FFF013551
:1083F00004F55E741AF0DAF8A6F55E76EAE760989E
:1084000020F06CF8DAF80C00446820F0A6F804F1CB
:10841000080281B21046132211F0A2F8DAF80C001B
:10842000DFF8A81820F0E1FA8268013282601FF0BC
:1084300018FF02F066B820F090F8CBF3013480B258
:10844000012C00F0F480022C40F00781409A042AAD
:1084500080F032810120ADF828037EE7DAF80C10B5
:108460003028D1F8049009F1080800F00A810828A2
:1084700042F0478074A820F0E7F9349820F054FBCC
:1084800000F05881769A74A818F01CF975990029A3
:1084900000F0C083769A0020DDF8E4C0002A01F0E5
:1084A0001D800B780120022B01F21880DFF8FC07F9
:1084B0000123BDF8D051009074A818F08FF874987B
:1084C0000078FF2801F0078045EA0441DDF8E4C0A8
:1084D0003B9C41EA0063B3F17F4FC1F09982204693
:1084E00001F001B8002ECDF808B102F00C832C7811
:1084F000721EB2EB840FC2F00683DFF8D407691C4A
:10850000009074A8A30018F069F87798002842F04A
:10851000FA82749D05EB8400419074AE41988542C7
:1085200000F0748330462946042218F0CBF8A91CC9
:1085300030460222D346759CBDF8D0A118F0C2F88F
:10854000BDF8D001043575994FEA00499DF8D00176
:108550000002002908BF00F101094FEA0A40002C7F
:1085600008BF0120040C4FEA1948DA460006D5D1AD
:108570005FEAC9700CD0DFF85C0719F0AFFE20F09D
:10858000BAFBC9F300201DF009FE1AF00FF8C5E789
:10859000DAF80C00DFF840374068D0E902123046C4
:1085A00011F015FADDE974014FF45E72514381B1A7
:1085B00090F85C23032A12BF042AB0F85823A24281
:1085C00002D01FF02CFEF2E7D0F84013414420F017
:1085D00025F976981FF0A5FEA0E700BF00C40900AA
:1085E00000204E005401040074A820F02DF93898A2
:1085F00020F09AFA00F08880769A74A818F062F851
:108600007599002900F09880769ABDF8D06174A819
:1086100018F02EF89DF8D0017599002900F08E8091
:1086200046EA0441769A41EA0063002089E03590E9
:1086300020F0F4F91FF089FC002867D000F5517B89
:10864000D0F844030C46002800F0DC8174A8409B5D
:1086500059462A460FF006FCEEE1DFF8800619F0D5
:108660003DFEDFF87C0619F017FE002C18BF03242E
:10867000204619F04DFE19F099FF17208DF82803B8
:108680006BE674A820F0E0F820F055FA01F0E582DE
:10869000769A74A818F016F87598002801F0DB8215
:1086A00076980126BDF8D0C100283B98644600F0BA
:1086B0003187002201F0D6BA35902946DFF8EC0563
:1086C0000423009074A80CF05BFF7498DDE97664D5
:1086D000458803883F2D00F21981DFF80816002035
:1086E000062800F0A7820A5A0230AA42F8D1052DC6
:1086F0002F9608BF9C4200F023869C42CDE92C3483
:1087000000F04F8600F085BE2B1918E0022074900F
:1087100094E1309820F0E1F8DFF8CC051AF0AEFAD9
:108720003C9A0320FD2188F8000089F800001170B0
:1087300001F0FDBE281970E29DF8D0012B18012030
:10874000369A3D9D002A379E19461CBF29460026B1
:10875000002808BF0D4642F0E081002A114618BFEC
:108760000121084342F0D7812C0C3D952006389317
:10877000CDE936260AD0DFF8740519F0AFFD1FF0F9
:108780009EFE204617F03EFD1F240BE02C0E00F04D
:108790004B82DFF85C0519F0A1FD1FF090FE20462A
:1087A00017F030FD19F002FFDAF80C00DFF844355D
:1087B000D0F80480D8E902124CA811F008F94FF45F
:1087C0005E70DDE94C5148433D9BCDF808B160B186
:1087D000B5F8582399B28A4202D195F85C1389B949
:1087E00005F55E75A0F55E70F1E74E981C461FF02A
:1087F00098FDDFF8040519F071FD20F07CFA19F0FE
:10880000D5FEABE105F55170002685F85C630FF0ED
:108810001EFB05F51C70DFF8E49485F86F63C8470C
:1088200005F51E70C8478DF8D06105F520718DF8EB
:10883000D1415EA874AA0FF029FF1FF0AAFF2846B5
:108840000FF05EFE05F590700FF05AFE05F54A70C8
:10885000C84705F54C70A5F87563C84705F54E7017
:10886000C847DFF89C1408F1180085F8706385F894
:108870005F6311F08BF80C4690F83E11022924D06A
:1088800095F8673305F51472B0F83591D0F83111C9
:10889000012B90F837C112BF95F856E202F58C72A1
:1088A0004FF0010E1368928859401FFA89F35A401D
:1088B00011430AD18EEA0C01C90706D1022180F8C2
:1088C0003E1100F538701AF08FF92068DFF8343463
:1088D00001302060D8E9041274A811F078F8749C73
:1088E0004194D4F8009044F82869B14500F007811C
:1088F00030342846214602F0C1F901360028F4D16F
:108900004FF0010BFEE0FF2601F0ACB909F5AC61B8
:108910009C422F962D9440F09781CDF808B174AE0B
:108920002A461C4630460CF049FF1FF0A6FE00F018
:108930003585CAA8711C01301FF038FC8DF828B3AA
:1089400002F036B8352800F0C084372840F0928114
:1089500074A817F08DFE1FF0ACFE02F03481769AF9
:1089600074A817F0AFFE7599002902F0ED80769A91
:10897000012A42F22481CD480223BDF8D051009053
:1089800074A817F02BFE7498DDE97612B0F8009009
:1089900074A817F097FE7599002902F0D580769A91
:1089A000BDF8D04174A817F08DFE7599002902F02A
:1089B000CB80769ACDF808B1BDF8D0B174A817F085
:1089C00081FE7599002902F0BF8020F0C0F974A8DB
:1089D00017F078FE7598002802F0B6807698002887
:1089E00042F0EB80002E01F03B80C74819F076FC86
:1089F000284617F0F9FB304617F004FC19F0D6FDB5
:108A000001F05DB8429817F04DFE0546BF4819F0D9
:108A100065FC409819F054FCA8B217F0ADFBBC48B7
:108A200019F03AFC584612F0AFFC19F0BFFD0120D6
:108A3000749015208DF8D4011FF084FC01205E9005
:108A40001C208DF87C014CA874A95EAA0CF0AAFD2C
:108A5000BDF834B14C98B0B14E984F99509A519B93
:108A6000CB90BDF83601CE93CD92CC91ADF82A03D0
:108A7000ADF828B36FEA0B00DDF808B100067FF40B
:108A80006CAC01F03EBDDDE94E35DDE95041002B17
:108A900000F0BC80BBF1040F00F07B83BBF1050F3D
:108AA00000F05F83BBF1060F40F0EA8342981E4658
:108AB000359117F0F7FDD9E90212964B2F9525460F
:108AC000044645A81EF0DAFA4FF45E70DDE945B1C0
:108AD0004843A1B22C462F9D3346002800F03F8426
:108AE0009BF85C23032A12BF042ABBF858238A424E
:108AF00000F09A870BF55E7BA0F55E70EDE74FF016
:108B0000000B4E46A9EB060806EB4600419E06EB1D
:108B1000001000F10804B8F1000F13D028462146D8
:108B200002F0ACF840B1ABEB8B002146302204EBF5
:108B3000001034F066FF01E00BF1010BA8F1010811
:108B40003034E8E7A9EB0B00306076981FF0E9FBC2
:108B5000002085F874034E981FF0E3FBDAF80C0050
:108B60006D4B42684192D2F86015D2F8642574A822
:108B700010F068FF4FF4B070DDE9745101FB00F6AE
:108B80003D9A4FF0000B4FF480390024A6421FD0CD
:108B9000285B012819D105EB040891B2B8F802004E
:108BA000884212D108F118000CF058FC08F59C70AE
:108BB0000FF04DF93D9A25F804B0C8E9019B88F8FB
:108BC0000CB0C8E953BBC8E955BB04F5B074DDE788
:108BD00076981FF0A6FB4198504900F5AD601CF057
:108BE00093FB044620301FF09EFC04F1280019F08E
:108BF000FBFF28684A4901302860DAF80C001FF0B2
:108C0000F4FE4268013242601FF02BFBDDF808B130
:108C100001F077BC9DF8D001284440F07F433B9899
:108C2000DDF8E4C000F05FBC3E4819F057FB1FF0D0
:108C300046FCA9E53C483A2D3C4908BF084619F0D6
:108C40004DFB1FF03CFC16E50DF5E8782A461C4666
:108C500040460CF0B3FD9DF8D061FF2E00F0D883A4
:108C6000CAA808F1010101301FF0A0FA8DF82863AD
:108C7000FFF773BB2E4819F03DFB01F042BCDAF858
:108C80000C0002244268D2F87416D2F87806D2F8A2
:108C90007036C2F87046012B41F03384496888472A
:108CA00001F02FBC340B040044060400A01A040099
:108CB000701A0400901A04006E0000008200000088
:108CC000581004003000000014000000640104008B
:108CD000601A0400720000008810040065000000A3
:108CE0000C0100002010040078DC03204D0000007F
:108CF0004C0000009810040090000000E92B0200D6
:108D00000CFD03001CFD0300710000008500000045
:108D10000702000058110400C80D0400D80D04001B
:108D2000740104004B0000008600000052000000A7
:108D30006600000075000000FB00000074AE3046C5
:108D400017F096FC75999DF8D081002900F0A58751
:108D5000769A74A817F0B6FC7599002900F09B87E5
:108D6000769ABDF8D09174A817F0C6FC9DF8D06132
:108D7000002E00F08987DDE9751274A817F0BCFC9D
:108D80009DF8D001002800F07F87DDE9163200242D
:108D9000189D7699002901F04D82002001F04FBA0C
:108DA000DAF80C00D0F8048074A817F08BFC7599E1
:108DB000002901F0AE81769ABDF8D06174A817F051
:108DC000F1FC7699002901F0A481779ADDE97445D8
:108DD00074A817F077FC7598002801F09A817698AE
:108DE0000022002840F03D87BDF8D00108F544710D
:108DF000ADF87C01204664F30700ADF87A61ADF868
:108E00007821CDF87E01CDF8825174A85EAA1CF0BD
:108E100021FABDF8D0014FF6FF710A94884201F0A3
:108E20007083162670E574A817F022FC1FF041FC31
:108E300001F09786769A74A817F044FC759900297A
:108E400001F08D86769ABDF8D05174A817F03AFCDF
:108E50007599002901F08386769ACDF808B1BDF89E
:108E6000D09174A817F02EFC7599002901F077862F
:108E70000DF5E878769ABDF8D0B1404617F022FC9F
:108E80007598002801F06B867698002841F0798665
:108E9000002E00F092855FF8640119F01FFA284651
:108EA00017F0A2F9304617F0ADF919F07FFB00F08A
:108EB000ACBD74A817F0DCFB7598002841F0218345
:108EC0009DF8D0415FF8900101F029BE74A817F019
:108ED000F9FB7599002901F02B861FF038FF74A863
:108EE00017F0F0FB7599002901F02286769ABDF8FB
:108EF000D09174A817F0E6FB7599002901F0188647
:108F0000769ABDF8D05174A817F0DCFB759900294A
:108F100001F00E86BDF8D061769A74AC204617F049
:108F2000D1FB7598002801F003867698002841F05F
:108F30002686DAF80C104346BDF8D001ADF8D29180
:108F40004968ADF8D8010420ADF8D661ADF8D45128
:108F50008DF8D001D1E9021200945EA810F05AFAFF
:108F6000CDF8348001F0CDBA74A817F0ABFB759939
:108F7000002901F0E385769ABDF8D09174A817F026
:108F8000A1FB7599002901F0D9851FF0E0FE74A8B6
:108F900017F098FB7599002901F0D085769ABDF8F5
:108FA000D06174A817F08EFB7599002901F0C68571
:108FB000769ABDF8D05174A817F084FB75980028F4
:108FC00001F0BC8576980024CDF808B1002841F066
:108FD000B985BDF8D02143F60850E34B002148EA9B
:108FE000064643F6085B1EF0C7FFDAF80C20D2F8FD
:108FF000048043F60952CDE97E0107208DF8D001A7
:10900000300CCDE97A44CDE97C448DF80A4240F237
:10901000E2446043ADF80892ADF800521FF0C3F986
:10902000CDE97801B0B2604343F609521FF0BBF9B5
:10903000CDE976014B46D8E9021274A800905EA8EB
:1090400010F0E8F9CDF82C90E0E574A817F010FBCB
:109050007599002901F08B85769A2E9E002A01F0E1
:1090600095855FF8B8030123009074A817F0B6FA4D
:109070007498DDE97612047874A817F023FB7599CB
:10908000002901F07485769A74A817F0F1FA7598A2
:10909000002801F06C857698002808BF26461F98A6
:1090A00018BF00201F9041F07385DAF80C00AF4B19
:1090B0004468D4F85016D4F8542674A810F0C2FCB2
:1090C000DDE97410022201314000D0B311F8013CF7
:1090D000012B05D10D78F3B29D4208BF01F8012C98
:1090E00002310238F1E774A817F0C2FA7598002827
:1090F00041F007829DF8D0419D4801F010BD74A851
:1091000017F0B6FA75999DF8D0910029CDF808B1FD
:1091100001F0F780769A74A817F0D4FA75990029AF
:1091200000F0E786769ABDF8D04174A817F01CFBD2
:109130009DF8D051022D40F01D869DF8D19101F08F
:10914000E0B876982E961FF0ECF88A4904F5CB60CB
:109150001CF0DAF80C4619F047FD1FF0F3F801F0A7
:10916000D0B92046419311F0A9FCCDE9001874ACA8
:10917000359A09F5AC61034620460CF059FB1FF007
:109180007CFA00F06284CAA8611C01301FF00EF85E
:1091900099E120464193359111F090FC02460B462F
:1091A0004CA811461A461EF023F99DF830010428F8
:1091B00000F09E84DDF808B1FE2840F0E6846E4899
:1091C0002D949DF8314119F089F820462D9C1DF011
:1091D000C5F819F0EBF93599204611F06FFC00291C
:1091E00001F0F8840078410600F131848DF87D01AA
:1091F00003200DF5BC798DF87C01FF2000260621A7
:109200008DF878014846ADF880618DF87E111EF02A
:10921000A5F84FF0040BADF82001FB20ADF822B10A
:10922000CDE9C540C796C5A848A9F8F75FFBC0B20D
:10923000022840F0658774A9AE4699E87C1008467C
:1092400080E87C10C5A87546F8F7AEF8C0B20228D1
:1092500040F056874298C79C17F024FA2D9982B2A5
:10926000CD94CDE9CB514199CA9174ACCAAE414677
:109270002046334610F01AF89DF8D0B100F07FBCBC
:10928000BBF13F0F40F20C818846D9F86415ABF171
:10929000400290B2814240F24585D9F86005419381
:1092A0002F950CF06FFA054600205E90287B03286E
:1092B00004BFB5F84C01834501F03F81DDF808B1EA
:1092C0001EF0CFFF41982F99C3E374A817F0D0F98F
:1092D000219875999DF8D09120F0FF04002900F0A5
:1092E000BC83769A74A817F0EDF97599002900F0FF
:1092F0000386769A4FF000081FF0C7FBDAB10878B2
:109300004FF00108022816D85FF860560123CDF807
:109310000491BDF8D041009574A817F05FF97498D6
:1093200090F80090B9F1FF0F40F08B87149BDDE9B6
:1093300012C6DDE91085219868F3070000F0E3BD4F
:109340001FF06CFBCDE9004882B2CAA82F9B09F53B
:10935000AC610CF06DFA9DF828B3FFF78BBB479812
:109360001FF0BCF818466CE300204E008C3D040052
:10937000030100009C3D040060000000220000008A
:10938000CC000000A4000400B40004008400040029
:10939000940004005400000095000000DDF808B1BE
:1093A0002C94CDF808B174AC20461EF085FCDDF895
:1093B000D0B1BBF1000F00F08583DDE975602B9023
:1093C000429817F06FF91EF0C0FD002800F0DE850E
:1093D0002A912A462B99CDE974B600F5517B7691F6
:1093E00000945EA82C9B59460EF028FD20469DF85F
:1093F00078414CAEFF2C00F061865EA9053001314A
:109400001EF0D4FE01208DF8D441749000F059BEB6
:109410002C9474A81EF050FC749E002E00F05B8308
:109420005846DDE975B8429017F03CF91EF08DFD05
:10943000002800F0B385CDF880810DF5E878CDE9FE
:109440005E6B5EAE00F5517B2C9B894640465946CB
:109450002A4600960EF0F2FC1FF075FC40F0F585F0
:1094600074A81FF09FFABDF8D501ADF878019DF8FA
:10947000D701DDE976418DF87A017498012840F032
:109480004D869DF87A218DF83221BDF87821ADF80E
:1094900030210A46DDE978359DF8D40100F048BE58
:1094A0004298419317F0FEF804465FF8300118F037
:1094B00015FFA0B216F098FE584616F05DFE19F0A2
:1094C00075F84FF0FF0B8DF828B3419829461EF030
:1094D0003DFCFFF7CFBA3B98DDF8E4C0349B60F366
:1094E000070343F07F4303F001014FF07F42114334
:1094F000160EFF2E00F0F982002E349318BF0126BD
:109500000A0E6FF08073FE2A88BF4FF6017303EADC
:1095100001040D0C3B902806CDF8E4C000F0C88093
:109520005FF8A40118F0DAFE284616F06BFE19F079
:109530003DF8D9E9020122460FF0F0FF0A4674AB6C
:109540003A990646FE20002E00F09A805FF8CC1172
:1095500009F11800CDF8D480CDE9412B10F016FAAE
:109560002F918346D9E90412C5A85FF8E43110F0C1
:109570002EFA09F544702D90DDE9C54006F5107806
:10958000CDE92B0454F8080B00EB400005015DB158
:1095900004F1100041461DF088FC303D30340028B5
:1095A000F5D0012086F872039BF83E01314602385F
:1095B00018BF0BF12000F8F74FFF8146002851D06B
:1095C00099F8C800022806D099F800000D2804BFB9
:1095D000012086F872030020ADF87801DBE9000E67
:1095E0002A9074A800F1100298E83B1082E83B1022
:1095F0000BF52870494680900BF520707F902B98D2
:1096000077902C987690359881902A9874900BF1E9
:1096100008002D9CCDE98260B6F85803ADF8100221
:109620000BF5A4707E94CDF8D4E100904CA85EAA0E
:1096300074ABF9F75DF874A849461DF0D7FB9DF8A7
:10964000D001FE280BD00BF5387019F0CDFA0320AD
:109650002146ADF8D0015EA874AA1BF0FBFD9DF871
:1096600029032A90C7981EF05CFE2F991EF0F9FD81
:1096700041991EF0F6FDCAAB3299DDF808B1FF2022
:109680008DF828031C208DF8D0010C22D1F802504F
:109690000631B3F802801E7848AC1EF0DCFDFF2EC8
:1096A00000F02F87BFA894E80E000EC02A9AD9E2D6
:1096B000D9E9020122462F960FF030FF002872D020
:1096C0002D9106465FF83C1309F11800CDF8D480BF
:1096D000CDF808B110F05AF92C910446D9E90412DA
:1096E00048A85FF8543310F072F994F83E013146FF
:1096F000DDE94885023818BF04F12000F8F7ACFE18
:1097000006F5107B002853D009F544712891D4E95F
:109710000012B1462B90A446AE46CDE9292174A88B
:1097200000F110029BE87B007BC20CF528704E46CE
:1097300080900CF52070DDF8A0B06446CDE97EB0D5
:1097400035988190299875902A9874900CF10800AA
:109750008390B9F85803ADF8100200208DF8780115
:109760002F98CDF808920DF54A798DF879010CF50E
:10977000A47000904846CDE9768E5EAA2B9D74AB0E
:109780002946F8F7B5FF9DF82803FF2840F094809C
:109790002B7895F8C80002287BD1A3F10B0200209A
:1097A000022A7ED983E0FE208DF8780174A8ECE0CF
:1097B00058F8280900EB40000501002D59D008F1A8
:1097C0004009594648461DF070FB303D08F130080D
:1097D0000028F2D0D8F80000CC462890D8F8040031
:1097E0002A90D8E902E029905EA90F912B969CE877
:1097F0007D007DC12B9E2F98D8B398F8280031901A
:109800002A9898F829B07590DDF8A0C02998CDF86D
:1098100020E0CDF8D8E1CDF8D0C1779074A800F160
:10982000100899E87E00E14640467EC05FF89C043F
:10983000319C8DF8F9B18DF8F84118F04FFD404694
:109840001CF06EFB18F0B2FE2B98A64680F85F4322
:109850004CA8DDF83CC09CE87E007EC07146FF202D
:109860002B9E4A46089CDDE929538DF81403704667
:1098700045E05FF8DC0418F031FD58461CF050FB61
:1098800018F094FE002086F85F03FF208DF8140383
:109890002AE00020112B0AD801229A4012F4303F0E
:1098A00005D095F8F920022A18BF95F8F800002293
:1098B00086F85F0386F872235EA829461DF096FAA3
:1098C0009DF87801FE280BD004F5387019F08CF95A
:1098D00003205946ADF878014CA85EAA1BF0BAFCEB
:1098E000C5A899E83E003EC02F9870B396F85F0374
:1098F0004FF0020B3199DDE92632DDE92454319134
:10990000CDE92632CDE92454F8B1CDE97623B0462D
:109910008DF8D101CDE9784574AADDF804E102F1B2
:1099200018009EE87A1080E87A1008F52071464603
:1099300031988DF800020E208DF801B28DF8D0011B
:109940005EA80EF0A3FE1EF024FF4A980DF545799F
:10995000DDE92C240DF5E8784B46DDF808B11EF062
:10996000E0FC106835990130106040463246F8F747
:1099700021FE1EF0E7FC5EA899E87C0001467CC150
:109980009DF87811FE2908BF40461C2190F80190EF
:109990008DF8D01100F10801B0F802800C22456862
:1099A0000678C2AC1EF057FCFF2E00F0AA85BFA8B7
:1099B00094E80E000EC04A4654E1BDF8D0210021C3
:1099C000E54B43F6085043F608561EF0D5FADAF890
:1099D0000C200023546843F60952CDE97801002198
:1099E000DE48E9FB0061304634F018F8CDE9760135
:1099F0000220ADF8D2B12B468DF8D001D4E9021285
:109A0000CDF800805EA80FF005FD0C95FFF7FEB8BD
:109A1000779800214FF07F420028204608BFD9B236
:109A200008BF23F0FF0262E59BF87303002800F0F3
:109A3000BE82CB481C4618F05DFC47981EF04EFDD8
:109A400020461EF088FFFFF7E1B8DDF808B1419825
:109A500029461EF07BF900F054BD04EB09004EE2EC
:109A6000BDF8D0210021BC4B43F6085043F6085600
:109A70001EF082FADAF80C204B46D2F8049043F636
:109A80000952CDE978014FF47A400021E3FB0061EF
:109A90000023304633F0C2FFCDE976010620ADF851
:109AA000D6812B46ADF8D4B1ADF8D2418DF8D001B6
:109AB000D9E9021274A800905EA80FF0ABFC0995DA
:109AC000FFF7A4B8A74818F009FC1EF0F8FC18F03E
:109AD0006DFD162010E3A44818F000FC1EF0EFFC0A
:109AE00018F064FD1620FEF7C9BD01F00102B8E0D0
:109AF000A946429DBDF83261284616F0D3FD81B2D9
:109B0000404632460FF00EFCFF2106468DF8D0117C
:109B1000A3469649ADF8D60100204891FB218DF867
:109B2000D401C691C594C790C5A848A9F7F7DEFE31
:109B3000C0B2022840F0EB80C5A874A9F7F734FC46
:109B4000C0B2022840F0E380894818F0C7FB3046D5
:109B500016F012FB18F02AFD2846C79C16F0A2FD4D
:109B6000419982B2CA914146CD94CDE9CB9B5EAC7E
:109B7000CAAE204633460FF099FB9DF878B1BBF191
:109B8000FF0F3FF443A8701C96E29DF83411FF28A4
:109B900008BF002900F066820C2800F07283FF28BD
:109BA00040F08283FF2940F01985BDF83801C007D5
:109BB00000F014850DF5BC7B0C208DF8780158461B
:109BC0001DF0CCFB0421ADF82001ADF8221174A8E2
:109BD0001EF072F8749E002E00F000862D94FB207B
:109BE000DDE97541CDE9C51000202F91C790C5A8CA
:109BF00048A9F7F77BFEC0B2022840F07D8574A823
:109C00002C94AC46B6469BE87E007EC07646654600
:109C10002C9CC5A874A9F7F7C7FBC0B2022840F076
:109C20006B854298A346C79C16F03CFD2F9982B2E3
:109C3000CC914146CD94CDE9CA6B74AECAAC3046E6
:109C400023460FF033FB1EF018FD00F03F87601C29
:109C5000711CFFF79BBA9DF8D051399820F0FF0096
:109C6000421901263C994FEA1820C870D0B240EA48
:109C70000820A1F801004D6001F108000E70BFA995
:109C80001FF02CF800F053BC9DF8D181DDE91632AD
:109C9000189D74AE04E09DF8D081DDE91632189D60
:109CA000159820F0FF0000EB080900204C46002822
:109CB00000F07387E1B2179241EA02242906169355
:109CC0000FD0DFF8200F18F009FB1FF014F828461A
:109CD000189516F097FA18F069FCCDF8549000F03A
:109CE00010BCDAF80C108DF8D20101208DF8D131BA
:109CF000234649688DF8D001D1E9021200965EA88A
:109D00000FF088FB0020CDF854901890F9E31EF076
:109D1000D5FF18BF4FF00D0B419849468DF828B379
:109D2000FFF7D5BBDDF808B112208DF828031846DF
:109D30001EF011FECAA80DF5E87890E87C004146B7
:109D4000DFF8A40E7CC118F0C9FA1EF005FB18F06C
:109D50002DFCFEF702BB00BF00204E0000C409002E
:109D60006300000081000000800000000300040088
:109D700021000000DDE9751274A816F079FC1EF0D0
:109D800098FC00F00482769A74A816F055FC769937
:109D90009DF8D081002900F0B3821EF0BEF8C59076
:109DA0009DF87C01779A8DF8180374A816F044FC8E
:109DB00076999DF8D001002900F09E8241901EF016
:109DC000ACF8CA909DF87C01779A8DF82C0374A8A2
:109DD00016F032FC76999DF8D001002900F08C82B3
:109DE00035901EF09AF81EF0ABFE74A816F06AFCCF
:109DF000759900297DD0BDF8D001769A2F9074A86E
:109E000016F060FC7599002973D0769ABDF8D0B130
:109E100074A816F057FC759900296AD0BDF8D001D6
:109E2000769A2D9074A816F083FC1EF08CFF3FF4F8
:109E300084A9C59948919DF818138DF82411CA99E1
:109E4000C2919DF82C138DF80C134C9945919DF8F7
:109E50003411489A8DF81811769974929DF824213E
:109E600000298DF8D421C29ACDE92886CDE92A545B
:109E70005E929DF80C23DDE91D18DDE91B53DDE939
:109E800019C4DDE9226E8DF87C21459ACDF83CB0ED
:109E90004FF0020BCDF8B0904FF000094C929DF8B6
:109EA00018218DF8342140F036829DF8D4118DF8B8
:109EB0002C137499CA915E99C5919DF87C118DF807
:109EC00018134C99DDF8AC9048919DF834118DF839
:109ED00024114FEA1928DDE92812419B359D2F9C5A
:109EE000DDF83CE0DDE92C6CDDF8A8B020920E90A6
:109EF00011E29DF8D09104E29DF8D0012044DDF8F4
:109F000040801EF0C2FD4FF0FF090446B9F1FF0F7B
:109F100000F05E862190E0B240EA03242806149304
:109F2000CDE912C60CD0DFF8E40C18F0D7F91EF01A
:109F3000E2FE2846119516F065F918F037FB22E08D
:109F4000DAF80C000021119143F608528DF8D291F5
:109F5000234640687791E9498DF8D1C101EA46214D
:109F6000114443F60952B1FBF2F17691310CADF890
:109F7000D31105218DF8D011D0E9021274A80090F8
:109F80005EA80FF047FACDF84080BAE202203146D1
:109F9000749058461DF0DAFE4CAE95E0FE2059460E
:109FA0008DF8780130461DF0D1FE74AED9E03598B9
:109FB000CDE94835CDE94A409BF86E0374AD48A918
:109FC000002800F0E6802846F8F76AFA1EF0BBFE8B
:109FD00000F02481691C5EAD359048221EF014F912
:109FE000879E4CAC29464822204633F065FCDFF8BA
:109FF000402C2046314615F022F81EF092F8DFF88A
:10A00000341C0FF0C3FC0D46D9E90412DFF8283CDC
:10A010000446C2A80FF0DBFCDDE9C26029902046AF
:10A020001CF0C4FE3599002940F04B83002800F055
:10A0300048839BF86003012840F0E782BBF8651372
:10A04000DBF8610301F58031EAE29DF8D3118DF868
:10A050003211BDF8D111ADF83011DDE97735DDE908
:10A06000754265E0DFF8F40B2646BDF8364118F07E
:10A0700035F9204616F080F818F098FA1EF06DFABF
:10A0800081B2404622460FF04DF91EF066FA35992E
:10A0900061914199CDE95F565E91D9E902125EABBB
:10A0A000009374AC83B220460FF07AF91EF0E5FA03
:10A0B0003EF4ACADCAA80130611C62E074A81EF089
:10A0C00071FC2A991EF0CDF801205E901C208DF8BD
:10A0D0007C014CA874A95EAA0BF064FABDF834B1F7
:10A0E0004C9800287EF4B8ACDDE94E35DDE95041EE
:10A0F000002B7EF4CFAC15208DF8280300F058BC5F
:10A1000001218DF82913C00718BF4FF00D0BFFF781
:10A11000DAB90A991EF0F7FC0A18A2E52046FBF707
:10A12000E9FB1520002C08BFFF20079B04AD34CDB0
:10A13000D9F8001007930131C9F80010BDF83011AB
:10A14000FE28ADF879119DF8321161938DF87B11DD
:10A15000CDE95F4204A934C162958DF8780108BF4A
:10A1600046461C2013228DF8D00116F801BB4CA8DE
:10A17000314633F046FCBBF1FF0F04D0CAA84CA90E
:10A1800001301EF013F88DF828B3FEF773BCB1460A
:10A19000B7E02846F8F784F99DF8D041FF2C3DD070
:10A1A000691C5EAD48221EF02FF835942946879E23
:10A1B0004CAC4822204633F07FFBDFF8802A204653
:10A1C000314614F03CFF1DF0ACFFDFF8741A359EE9
:10A1D0000FF0DCFB0D46D9E90412DFF8683A0446BB
:10A1E000C2A80FF0F4FBC2982990C398289020468B
:10A1F0001CF0DCFD0A2E40F03F83002800F03C8379
:10A200009BF860032F95012840F0D582BBF86513B9
:10A21000DBF8610374AD01F58031D6E25EA8291D3B
:10A22000C41C14221EF017F8CAA82146142233F0C9
:10A23000E8FB6CE34FEA19224C463346454674AEC0
:10A2400035E52198779A00F47F40012A7FF657AED2
:10A25000769902232190009574A816F0BFF9779A99
:10A260005AB17498012376990688009574A816F05F
:10A27000B5F9779A012A00F2CA82DDF84080219868
:10A280003FE61EF06AF91DF060FE00283FF4DFABE8
:10A290000C46012180F8761300F54E7018F0A4FCEE
:10A2A0001EF050F8FFF7D3BB1EF057F921460446C5
:10A2B000359861904198CDE95F515E90D9E90212DD
:10A2C000CAA8DFF894391CF0D9FE4FF45E70DDE9BE
:10A2D000CA125043A2B2002800F0778191F85C3393
:10A2E000022B04D9B1F858339A4200F0AF8101F53E
:10A2F0005E71A0F55E70EEE7814602E000FEFF01B0
:10A30000C146DDE91D184FF0020BDDE91B53DDE905
:10A3100019C4DDE9226E9DF82C03BBF1020F8DF804
:10A320000C03CA98C290C598209A45909DF81803CE
:10A330008DF81801489872909DF824018DF8CC0191
:10A3400000F01B84C298CAF82F01749045985E9063
:10A350009DF818018DF87C0172984C909DF8CC0105
:10A360008DF834010E988AF848015E98CAF83501D4
:10A370009DF87C018AF839014C981D918AF82E11BC
:10A380009DF80C13CAF83B019DF834018AF833118B
:10A390008AF83F01BAF832011C938AF83431DF4B56
:10A3A000ADF83401DAF82E018AF8472120928DF8B1
:10A3B0003621A2B28DF8D41100214C9043F60850FA
:10A3C000E2FB03018AF82C918AF82D8143F60952A9
:10A3D0000023CDF878801B958AF83A5100258AF839
:10A3E00049B122968AF846616646AAF844C1AAF89D
:10A3F00042E1AAF840411A9443F60854BAF82C8175
:10A40000DAF80C90CDF88CE033F008FBC44A002356
:10A41000CDE97401B0B200211996E0FB024143F688
:10A420000952204633F0FAFA339ACDE9760123989F
:10A43000ADF8E0019088116808431FBF9088ADF81F
:10A4400018031068C590114618BF012551F8060F72
:10A450008A8874AB10430BF001024FF000001FBF5D
:10A460008888ADF82C030868CA9018BF0120C599E8
:10A470008DF87F01CA98CDF87911BDF81813609056
:10A48000BDF82C038DF87851ADF87D11ADF884013D
:10A49000D9F804005EA9CDE90023424602914CABF5
:10A4A00022990DF089FE00287EF4B0AB3399142078
:10A4B000329BDDE9302C81F825000020DDF808B161
:10A4C0002E9D3F9C8AF85A01BAF82C01A1F823006E
:10A4D000DAF80C00CAF850013F940AF5A6712E95DF
:10A4E000CDE931C374A83092FDF7BEFA9DF8D001D2
:10A4F000FD2818D0DAF80C00406800F5BA600AF0C0
:10A50000F8FFDAF80C500AF128044FF481711EF0BC
:10A51000F8FB286800218AF858110AF5AC78CAE9D6
:10A520004B04FDF779BC3C99FD20087005208AF8A2
:10A530002A010DF54F7D1DF028BE28893591002890
:10A5400079D001382881B5F90A00012190FA51F03B
:10A5500005F59C716881D5F83801002800F0E2808B
:10A560000E462046414610F0A9FA74AC02460B464E
:10A57000314620460DF076FC7498002800F03281B8
:10A5800004F1040CCAA99CE85D005DC128460DF0E9
:10A59000D1FDDFF8CC1609F5AD601AF0B5FE30300C
:10A5A0000C4618F021FB20683599013020601DF021
:10A5B00058FE41982F999DF828431DF0C7FBDDF800
:10A5C00008B1FF2C7FF4B6AB9BE7CC981DF086FF5B
:10A5D00041981EF0C0F94FF0140BD4E51DF0BDFFFB
:10A5E000359961914199CDE95F545E91D9E90212A3
:10A5F0005EAB009383B274A80EF0D2FE1EF0A3FBF4
:10A600003EF404AB4FF0160BBDE5A168C8074FF050
:10A61000050000F04181E268080A110A40EA026080
:10A620001EF030FB28960128ADF8C4112F9529D1D2
:10A630001DF096FF28E0DFF8400617F04FFE584661
:10A6400015F09AFD17F0B2FF1624A7E074A85EAAD1
:10A650000DF09AFF749C4FF0FF0B2CB175992046BA
:10A660001DF074FB4FF0160BCC981DF037FF002C3B
:10A670003EF4CCAA87E5DFF8783511460020224663
:10A6800016F0E0FF1EF0F7FA729074AE94F8E8321C
:10A6900000254FF47020CDE9000570A906F1D00027
:10A6A00072AA1CF0F3F8022031468DF8980204F1EA
:10A6B00020004FF494728DF8D05132F04DFB2F9D55
:10A6C000289E94F83E015946023818BF04F1200034
:10A6D000F7F7C2FE84461520BCF1000F00F0DC80C5
:10A6E0009CF8C820022A40F0D78009F544707E907B
:10A6F0002998CDE97660D9E01EF0E0FA304621468F
:10A7000018BF4FF00D0B8DF828B31DF01FFBFEF79F
:10A71000DCBEDFF8E4341DF0BFFE00BF00C409005A
:10A7200000204E002B912046414610F0C7F902460A
:10A73000DFF8300500900B4674A811461A46022334
:10A740000AF01EFF7598002800F0478201282D941A
:10A7500000F0458274982946B5F852310288DFF836
:10A760001005009074A82C920DF0F8FC9DF8D041D3
:10A77000FF2C00F04281DFF8FC1409F5AD601AF0FF
:10A78000C3FD30301DF0CFFE286813220130286051
:10A79000CAA874A90130013133F033F935991DF09D
:10A7A00060FD41982F998DF828431DF0CFFADDF810
:10A7B00008B1FFF7BFBAA06874ADC10700F01A81F5
:10A7C000E168000A40EA0160090A1EF05BFAADF890
:10A7D000C411012832D11DF0C3FE31E04FF0160B39
:10A7E000FEF771BE7698002800F03C8104F1080C59
:10A7F0005F995EAA9CE8590059C20020FBF77AF8DD
:10A80000359901245E9800283EF458AD10E1749803
:10A810000223769990F80080009574A815F0DEFE6A
:10A820007798002800F021812046DDF84080002440
:10A830004FF0FF091EF029F9FFF768BB1EF01BFA65
:10A84000729040F6661094F8E8324FF0C071CDE98E
:10A85000001070A905F1D00072AA1CF017F80020B2
:10A8600029468DF898024FF494728DF8D00104F1C6
:10A87000200032F071FA2F9D94F83E0159460238BB
:10A8800018BF04F12000F7F7E7FD20B1844690F8E7
:10A89000C800022803D115208DF8280332E009F5FD
:10A8A00044707E9028987790299876902A98ADF8F1
:10A8B000100204F52870809004F52070CDF808B2DD
:10A8C000CDF804827F90D4E900027490759274A848
:10A8D000DDF8B4E010302F952A949EE87E007EC00B
:10A8E0002A992F9D01F10800839001F5A4702B99FE
:10A8F000009174A9CDE90110CAA8359A61462C9B34
:10A90000FAF762FAC4981DF00CFD1DF0BCFDCE49AB
:10A9100009F118000FF03AF806460C461CF046FA0A
:10A9200018B106F5387018F05FF99DF82853FF2D1F
:10A9300042D020680DF54A7941465A4601302060E0
:10A940005EAE4B463046F7F735FE9DF878010DF5C3
:10A95000E878FF280CD0AC4696E83E0040463EC062
:10A960006546BA4817F0BAFC1DF0F6FC17F01EFE5B
:10A9700009F10104C5AE13223046214633F041F8F7
:10A980004198314613228DF8D05133F03AF8B0484F
:10A9900017F0A4FC1DF0E0FC17F008FE4798132206
:10A9A0001DF09CFD2046314633F02BF88DF82853DE
:10A9B000DDF808B1FDF7D1BCDDF808B196F83E012D
:10A9C000022811D017F0BAFF4FF47022002318F0BC
:10A9D000C9F9C6E948010320ADF8D0015EA809F520
:10A9E000447174AA1AF036FC1DF0ACFC47981DF0B7
:10A9F00075FD86E505202F9D4EE72D9CF922A11CB3
:10AA00002046B4F8009032F0E3FE2C9BA8F102003F
:10AA1000A4F8F99099B288423CD1CDE96040002475
:10AA20005F992F985F9041985E900020FAF762FF3F
:10AA300074A805F118015EAA0DF0E8FD749800B342
:10AA4000DDE97501FAF756FF35992F9DDDE9413BA8
:10AA50001DF007FC1620002C8DF828037FF467A951
:10AA6000FFF768B93599FEF729BC7498C446DDF83C
:10AA70004080230A419D008846EA00462046FFF7B1
:10AA800045BA3599DDF808B11DF0EBFB002C7EF4DA
:10AA900019AC36E52F995A464D9141994E944C91F7
:10AAA000CDE9006074AE2B9930460DF0A3F99DF806
:10AAB000D041FF2C1DD0CAA8711C01301DF076FBBF
:10AAC00035991DF0CEFB8DF8284370E6429815F0BD
:10AAD000E9FD359983B2CD912D99CDE9CB514199BD
:10AAE000CA91D9E90212009474A80EF059FCFEF73D
:10AAF0008DB83599FEF788B83C4800E03D4817F01E
:10AB0000F9FB17F0A1FC3D4817F0E8FB002009E035
:10AB10000024464803E0344600E01C46384817F05D
:10AB2000DDFB20461BF03AFB17F040FD17F08CFCD4
:10AB30000D991DF0E8FF0C183648F0E70B991DF051
:10AB4000E2FF0C182F48EAE709989DF8D01120F091
:10AB5000FF0044182C48E2E79DF8D09122E09DF8D0
:10AB6000D0610C9820F0FF0084192B48D7E79DF89E
:10AB7000D0010CE09DF8D19114E02A4819E000249E
:10AB8000DAE70024F1E74FF000090BE000201F9006
:10AB9000234817F0A3FB1F98C4E72048BFE7A94646
:10ABA00000E0B1469DF818038DF87C01C5985E90D1
:10ABB0001D4817F093FB4846B4E70024CAE70998FC
:10ABC00000F47F44C6E7099820F0FF008419C1E72C
:10ABD0000F48A4E71F4A1DF0B4F9244AFBE7224AB4
:10ABE0001DF08AFA7700000061000000A800000054
:10ABF000B0330400A9000000801A0400070100001F
:10AC0000FA00000006010000FE00000076000000CF
:10AC10000401000000010000FF0000000501000029
:10AC2000FC00000001010000FD0000000201000026
:10AC30005CFD03006CFD03007CFD03002CFD0300A4
:10AC40003CFD03004CFD0300BCFD0300CD000000F3
:10AC5000C80000002810040098110400270000001C
:10AC60000C0F0400DC0E0400FC0E0400EC0E0400CB
:10AC70001C100400B40504002900000091F82920EC
:10AC80000AB10120704780B56F4601F1100200F54E
:10AC90001071104614F084F880F0010080BDD4D407
:10ACA000F0B503AF2DE9000FADF54F7D064696A830
:10ACB00000F10109BEA800F1060B91F835000D4620
:10ACC0009046DFE810F00600D9071A08170049007F
:10ACD00077000020D5E90B2385F8340085F888003B
:10ACE000D5E90201C5E90001C5E91013C5E90E2047
:10ACF000C5E9042317AC05F13801204608F00AFE27
:10AD00001A98023004D1FD203070032000F065BF96
:10AD10000120B64685F8340005F11800AC4694E8E9
:10AD20006E006EC06546DCF82410DCF818A0481CE4
:10AD300008BFBAF1020F05D02B6AAC6AE88BB5F8F0
:10AD40001C804DE00020764685F86400D5E90001BE
:10AD50002A692964C5E90E2005F138045AA842463B
:10AD6000214608F0EDFADDF868A11AF1020004D1DD
:10AD7000FD203070042000F030BFDDE95B801490CE
:10AD80002046FBF733FA1AF1010008D0002015968F
:10AD900085F834004FEA1840169500F0C8BE002030
:10ADA000D5E9042385F88800D5E90001C5E9101329
:10ADB000C5E90E2005F138015AA808F0ABFD5D99F0
:10ADC000881C04D1FD203070052000F006BFBDF8BE
:10ADD0006E01B646BDF86C81DDF868A15C9B5E9C97
:10ADE0000022CDE915E5022985F8342004D04A1C5B
:10ADF00005D1149300F09BBEFF2500F099BEC80753
:10AE00000FD16A684245C0F0A18529685AA8424618
:10AE100019F0ECFD5A9818B1DDE95B8000F083BEB3
:10AE20005C9CD5E900122046DFF8D83ECDF8509062
:10AE300013F054FC0A46A8EB0401914200F273851A
:10AE4000589008445990BEA858AC21460BF0C2FB5C
:10AE50001DF09BFD03D19DF8F94200F004BEBF98A0
:10AE60000D2880F05C8690A90DF5127A01F1030996
:10AE700096A9CD1D0AF10508DFE810F00D00F800D5
:10AE80009800D400530012012601E8007A016B00FB
:10AE90004D0132005F000220CDE99F409FA8FCF7E2
:10AEA0008FFB0C46C00740F0DE85E0B2022800F0C0
:10AEB000D984BEA89FA9FCF797FBBE98149E0228D0
:10AEC00000F0EA80002800F0CD84BF9804F001046F
:10AED0000990554620F0FF0007900494002034E2CA
:10AEE0000420CDE9AD40ADA8FCF7CBFA1DF0A6FAE1
:10AEF000144600F0AB85C0070E920FD0ADA8FCF74A
:10AF00005FFB0C46C00740F0A185E0B202281CBFE1
:10AF1000DDF8B892B9F1000F40F052830E2400F032
:10AF200095BDBEA858A90BF055FB1DF02EFD40F0B5
:10AF3000458155469DF8F94251E3DDE958018842C3
:10AF400000F07181007855461290002009900C2085
:10AF500076E00220CDE99D40BEA89DA9FCF73DFA10
:10AF6000DDE9BE019DF8006380F00202114300F0AC
:10AF7000D084C0071CBF9E98002800F01E829D99B7
:10AF80000DF52D7804964046BDF80693DDF8024392
:10AF90008B469DF801630BF01DFB9DF8B402012860
:10AFA00040F049829DF8B56200F0B3BC0620CDE9BF
:10AFB0009F409FA8FCF734FB1DF037FA18BF00F044
:10AFC0007F4111444FEA114400F04D85C00700F065
:10AFD0004984BEA89FA9D146A246FCF7FEF9DDE947
:10AFE000BE019DF8004380F00202114300F03B8552
:10AFF000C00700F03784BDF806031390DDF802B3F4
:10B000009DF801539FA8FCF70BFB1DF00EFA18BF2B
:10B0100000F07F4111444FEA114640F07C823446F3
:10B0200000F021BD58A8FBF73EFD0C46C00740F0DC
:10B030001A8504F001001290002055460990032063
:10B040000890149E0020079000F02FBD0220BC94B1
:10B05000BD90BEAD214628460BF0BCFA1DF095FC14
:10B0600040F0B58055469DF8F912D9E10220CDE9AE
:10B070009F409FA8FCF705FA1DF038FB00F0F38411
:10B08000C00700F0EF83BEA89FA9FCF7ADFABE98F9
:10B09000149E022840F04E819DF8FC4200F0E3BC73
:10B0A000BEA858A95546FBF739FE9DF8F8029DF851
:10B0B000F912FF2800F0BB80DDF8FBA205220F91FA
:10B0C0009DF8FA120391B6E00220CDE9BE409FA898
:10B0D000BEA9FCF7EAF99DF87C6255469DF87D42D1
:10B0E000FE2E13D0FF2E00F07E859DF87E02DDF847
:10B0F0007FA203909FA8BEA9FCF7D7F99DF87C22F8
:10B100009DF87D02FE2A40F022810446FF229AA982
:10B110004FF0000A33E10320CDE9BE40BEA8FCF7A2
:10B12000B0F91DF090F9344600F09D84C00700F09E
:10B130009983BEA8FCF744FA0C46C00740F09384FC
:10B14000E0B20F96022800F08D83149EBF9800286D
:10B1500000F08883BE999FA8FBF742FC9DF87D1202
:10B160009DF87C02012840F091820C4600F07BBCE7
:10B170000720CDE9BE409FA8BEA9FCF796F99DF82F
:10B180007C0255469DF87D12FE280F9000F00E823D
:10B19000FF28039100F0AF859DF882020490DDF84E
:10B1A0007E629FA8BEA9FCF780F99DF87C429DF8BD
:10B1B0007DA2FE2C40F0E8805146F7E1DDE95860C1
:10B1C000BF9C801BA0423CD25546042407E2BF9896
:10B1D0002E1D0025CDE9AD409DA800F10208ADACC3
:10B1E0009DA82146FCF761F99DF874029DF875123F
:10B1F000FE2800F0E48098F80420FF288DF87022E3
:10B20000D8F800209B9200F0DC80042D00F006812D
:10B21000307001359B98C6F802009DF8700271707D
:10B22000B0710736DCE74FF0020800F023BC084697
:10B23000FF224FF0000A8DF86802149ECDF824A07A
:10B24000F8E0002E00F0CA81B4F5807F40F0178549
:10B25000F07906F10909049006F1170170781022BF
:10B260000F90B0780390F07B1390307A1290D9F859
:10B2700000001190D9F807001090B9F80400099067
:10B28000B9F80B00089099F80D00D6F803B034789F
:10B29000079092A832F0B5FBD6F8310006F13801DC
:10B2A0008E904322B6F83500ADF83C02B08D0B907D
:10B2B00096F83000019096F83700029096F8270033
:10B2C0000D9096F82E000A9096F82F00B9F81FA05E
:10B2D00096F82B800C9099F821907DA832F091FB84
:10B2E00096F87B0006F17D010E90832296F87C5043
:10B2F0005AA832F086FB149E04220798ADF840A2AB
:10B30000DA4670730898A6F80B000998B080119877
:10B3100030601098C6F8070012988DF858021398FC
:10B320008DF842928DF85F028DF843828DF8F351CB
:10B3300092AD58E10028049400F09482BF985546DD
:10B34000099020F0FF00079001200890ADE39DF8E0
:10B350008212FF2A8DF8B812DDF87E12AD910492A8
:10B3600000F041849DF8B81206228DF85D12AD9967
:10B37000CDF859128DF8686296A90F940446149E70
:10B380000C70CDF824A055E09DF88202FF2C8DF8BA
:10B39000F402DDF87E021396BC9000F0AC849FA806
:10B3A000BEA9FCF782F89DF87C929DF87D62B9F108
:10B3B000FE0F40F0C3803146F8E00E26A9E2554664
:10B3C0002EE0DBF8070013909BF80D001190BBF8FE
:10B3D0000B000995BBF804A0DBF800600DF51F7B9E
:10B3E0001090BEA89DF8FC12143004919DF804132F
:10B3F000129159469DF8FD4290E82C002CC1BEA840
:10B40000BCA9FCF752F89DF8F8829DF8F912B8F142
:10B41000FE0F40F0ED80149E92AD02E055460E21E5
:10B42000149E0020FF2209900DF51A794FF0000AB2
:10B4300089F8001013E3CDE90F9408F10408DDF852
:10B44000B8924FF0000ACDE91165CDF84CB0B9F1D2
:10B45000000F1CD002209B46BD901398BC90BCA846
:10B46000FCF7DEF80446000CC5B2A1B202290AD0EE
:10B47000E0074BD0BCA8FBF7F3FFC2B2C0F30F212B
:10B48000FE2A09D1CDB2FF209BAB00220DE0FF20A8
:10B49000BBAA4FF000091FE0FF2A37D08DF86C02DD
:10B4A000C0F30740A7F16A03220E1870A9F1010941
:10B4B0009DF86C02FF2809D08DF8EC0245EA0226BF
:10B4C00017F86A0CA7F16E020B4605E026F0FF00A4
:10B4D000BBAA4619FE205B4610709DF8EC02FE28C0
:10B4E00000F08481FF2800F0F480BAF1080F00F02A
:10B4F0007C8117F86E1C0AF1010A88F8041088F89C
:10B50000033088F8020028F8066BA0E7FF209BAB09
:10B5100000220E25BAE7C007009500F0A3819FA87E
:10B52000FCF77EF81CF081FF18BF00F07F4111444A
:10B530004FEA114840F0BB80444694E29DF88202F5
:10B54000B9F1FF0F8DF8B802DDF87E02AD9000F082
:10B55000D283BEA8FBF704FF4FEA102B1290C0B2B3
:10B560005946022822D01298C00700F0C483BEA812
:10B57000FBF7F6FE010A1190C0B21091022815D017
:10B580001198C00700F0B783BEA8FBF77AFF1CF044
:10B5900055FF0E92114609D0C00700F0AB83BEA83C
:10B5A000FCF70EF892ADC00700F0D581FF220DF533
:10B5B0001A784FF0000A88F80010CDF824A0B0E106
:10B5C000AD9E9F96BEA831460BF035F89DF8F80267
:10B5D000002800F00E819DF8F94237E25546FF221F
:10B5E0004FF0000A149E8DF86842CDF824A036E290
:10B5F000CDE90E143446149E92ADB8F1FF0F00F061
:10B600004583BDF8FD020C909DF8FC020D90BDF83D
:10B61000FA020B90BCA8FBF781FEC2B2C0F307216F
:10B62000FF2A3FF4FEAE022A00F03083E24AD446FD
:10B63000099B00F00100346003EA020ADDE91032E0
:10B64000A6F804C043EA0242A6F80B20120C139B92
:10B6500072730F9A8DF85822129A8DF85F222A463B
:10B66000C6F807309BE8680068C292AD0C9AADF846
:10B6700040220B9A149EADF856220E9A8DF8552250
:10B6800007228DF854828DF84202D1E60391554687
:10B69000DDF87E12099121F0FF01079104F001010C
:10B6A00012910A219DF8820208910490FDE1C007E1
:10B6B00000F0D8809FA8FBF7B3FF1CF0B6FE18BFC0
:10B6C00000F07F4111444FEA114540F0A2802C4622
:10B6D000C9E10DF53E78CDF8B4A208F10205ADA997
:10B6E00034221CF091FD9FAE2946B41C34221CF07C
:10B6F000B2FD40462146342232F083F9DDF8F8925B
:10B7000006F1040E08F1040B4FF0000A4FF0000C94
:10B710000020CDF82CA3CDF87CA2CC450ED20CEBAA
:10B720004C010CF1010C3BF811000BEB41010A79C3
:10B730004988CDF82CC341EA024101E041F0FF0104
:10B74000CA43120600F09F8092AA002800F0DC8015
:10B75000DDF87CA2C1F3074673460AEB4A020EEB02
:10B7600042045200B2B1063A33F8065B8542F9D181
:10B7700013F8044CA7F16A0813F8035C13F8022CC1
:10B7800003F8026CFF2623F8041C8DF8F0428DF8B4
:10B790006C5210E0C1F30F22BAF1070F0DD82671D9
:10B7A0000AF1010AE270FF22A1700DF53C782080B9
:10B7B000FF26CDF87CA2ADAC04E08DF8B4129BACB2
:10B7C0000DF53C78267088F800209DF8B4229DF88D
:10B7D0006C62FF2A03D19DF8F032FE2B9DD10DF54E
:10B7E000127AFF2A18BF0E2690E00E260DF5127A67
:10B7F0008FE002205546A090C09804903046DDE9C5
:10B80000C18BDDF80CA313F0BDFBC0072CD00C4698
:10B8100037E0C00726D09FA8FBF702FF1CF005FE0B
:10B8200018BF00F07F4111444FEA11413FF49DAC35
:10B83000C00717D00020ADF865520990022008908B
:10B840004D46ADF861620494ADF86382ADF85FA235
:10B85000ADF84812CDF818A0149E139CDDF80090A6
:10B86000FFF7F0BB0E24FEE01391BEA83146FBF7B4
:10B87000B7F89DF8F8029DF8F91201280D9157D1FB
:10B880000D9CAA46E2E0BEA8FAF750F8DDF87D026A
:10B890000DF51F7C98900CF10800A099CDF863126B
:10B8A00092AE90E83C0031463CC10B220CF12901DC
:10B8B000DDF8950235469090DDF89E028E90BDF839
:10B8C000A202ADF83C02BDF899020B909DF89402DB
:10B8D0000D909DF89B020A909DF89C020C909DF89B
:10B8E0009D0201909DF8A40202907DA832F089F893
:10B8F000149809220F995646818010990160129977
:10B9000011988DF8580207E00E269246BEA8FAF765
:10B910000DF85546FF229AA94FF0000A00200E703C
:10B920000990149E9BE0DFF8E433002015F08AFEB6
:10B930009DF8FE021190DDF8FA0210903046129642
:10B9400013F020FBC00739D00C467DE0EC4B002003
:10B95000414615F077FEC8B2022800F0CB819DF871
:10B96000F43201F001011298119A8DF85E32000C48
:10B97000BC9B120CCDF85A32AD9BCDF861329DF8CC
:10B98000B8328DF868121099ADF84B2208228DF864
:10B990004A128DF865328DF866B28DF860628DF8C6
:10B9A0005F928DF859A28DF85842ADF848020E9971
:10B9B00092ADDDF84CA0FEE500FFFF7FC8B200B3FA
:10B9C00001282CD1BEA812990AF035FE1CF0DDFF2B
:10B9D00038D0DDE9C050DDE9C22140EA01032E463E
:10B9E00015432B4324D0130A0D0A43EA016309933C
:10B9F000030A43EA02620A92320A42EA00600B90AA
:10BA000005E0002000260B900025CDE909009FA845
:10BA1000FBF7D6FDC0070F9103D00F9C14E009245B
:10BA200012E00F98C0B202281CBFA098002801D1D4
:10BA30000E2409E09F99BEA80AF0CCFD1CF0A5FFDA
:10BA400040F0D4809DF8F9420DF5127A9AA8554637
:10BA5000FF22149E047000204FF0000A09909DF808
:10BA60006842FF2A07D1A01EC0B20B2858D2A649AF
:10BA700031F8108058E09DF843129DF84202119170
:10BA8000BDF84012129441EA004005902AF0FF00F0
:10BA900007909DF8F30110909DF85F020892B4881A
:10BAA000D6F800B09DF858920690D6F8070096F8A0
:10BAB0000DA0B6F80B802E46139054A896E82E00E1
:10BAC0002EC04322BDF83C02ADF84C018E98529036
:10BAD00041A87DA931F0F0FE1EA85AA98A2231F0B2
:10BAE000EBFE049848EA0A418DF870000998079A1D
:10BAF000C0B28DF87190CDF872B042EA000A4FEAF8
:10BB00001B40DDF8708040EA0440089D039CDDE99D
:10BB100001EBDDE905C314904FEA184008E00E245C
:10BB20004FF00308E0B2149000204FF0060AFE2503
:10BB3000DDF85490C8EA0040139A09F11106C9E9EA
:10BB400001A032600F9A149889F80220129AC9F85D
:10BB50000C00080CB07109F1180089F8103089F850
:10BB6000034089F8012089F80050B18054A991E878
:10BB70003C003CC043224FEA1C40B0760D9889F847
:10BB800028000C9889F830000A9889F82F000B9843
:10BB9000A9F82D00119889F82C005298C9F83200A4
:10BBA000BDF84C01A9F8360009F13900A6F818C013
:10BBB00089F831E089F838B041A931F022FF1098B6
:10BBC0008A2289F87D000E9889F87C0009F17E00B0
:10BBD0001EA931F016FF169D012085F835000DF5E0
:10BBE0004F7D1CF0D2BA0E24FFF790BABF980C908C
:10BBF0000328BFF41DAFB9F1010F3FF419AFBEA880
:10BC0000129981460AF0E6FC1CF0BFFE3FF41AAF21
:10BC10001398119941EA002013900498000A40EA11
:10BC2000086011904FEA182040EA0B684FEA1B2089
:10BC300040EA0A6B0F984FEA1A2A00F001000190BF
:10BC4000BF98A09012989F90002002909FA8FBF7A9
:10BC500018FCC0F30721C2B2022A3FF475AEC00738
:10BC600017D0029840283FF4E3AE029A09EB020095
:10BC7000013202920171E9E7204816F03EFAFF22F4
:10BC80000E244FF0000A149EFFF752BB0E21FFF75F
:10BC9000C8BB029809F10101BE907DA8432231F092
:10BCA000B0FE119804F0010496900B220998CDF88B
:10BCB00051020A98CDF84D020B98CDF84902109820
:10BCC00090904FEA1A408DF86602280C8DF85702C2
:10BCD00013988DF84862ADF8440280B2149E0B9020
:10BCE0000DF2F310CDE9978BADF864A2ADF8555283
:10BCF00092ADAFE692AD0E2158E4FEDEB401040031
:10BD0000C4010400D4010400EA4B0400E40104006F
:10BD1000F0B503AF2DE9FE0F054691F835000C464E
:10BD20009146DFE800F00386891A4065D4E90212E3
:10BD30000020DFF80CC1D4E90A3684F8340084F816
:10BD40008800206BC4E90012C4E90E31C4E9102652
:10BD5000C4E9120CC4E90436A06104F1380801AE4C
:10BD60004A463046414600F06DF80198023003D152
:10BD70001CF0A8FB032057E0012084F8340004F1F4
:10BD80001C0096E80E000EC04046FAF7AFF8E669D0
:10BD9000022E41D10020226984F86400D4E9000118
:10BDA0002164C4E90E2004F1380804A84A4641463B
:10BDB00007F0C6FA049EB01C03D11CF083FB0420DC
:10BDC00032E04046DDE905ABFAF710FA701C25D1E8
:10BDD000002004F1100384F88800D4E900600ECB41
:10BDE000C4E90E1604F14001DFF854C081E80D10DB
:10BDF00004F1380804A84A46414600F023F8049E9E
:10BE0000B01C03D11CF05EFB05200DE04046DDE9CF
:10BE100005ABFAF76BF801E0D4E908AB002085E840
:10BE2000400C84F83400012084F8350007B01CF081
:10BE3000ACB9024816F061F9FEDE00BF040204004E
:10BE4000F4010400F0B503AF2DE9000F89B00290B2
:10BE50000C4691F850000492DFE810F00E005D00EF
:10BE600069008300AD0029001B003A00A202BA025B
:10BE7000DF02FA02E500FD0094E86F0004F1180CFF
:10BE8000ACE86F00017B012904BF00210173002091
:10BE90004EE094F84C0104F1540A04F5A67830B34E
:10BEA000032800F05683DFF83C0716F026F92646F3
:10BEB00016F8DC0F30B3032831D1A2461AF8D80F98
:10BEC00030B3032800F09F81DFF81C0716F015F946
:10BED000A14619F8640FA9F110010391DFE810F0F1
:10BEE000050023002700EF012802A06DDFE1A06D0F
:10BEF000D4E91756D4F86C900090606E0190A06E53
:10BF000003900EE304F1540A226E9AE809042DE12D
:10BF1000D4E91D1036E1DFF8D80616F0EEF8DFF8A8
:10BF2000CC0616F0EAF8DFF8B80616F0E6F8FEDE02
:10BF3000A1694FF0000B2063D1E901239A1A38BFA1
:10BF40005A46130B0125012B88BF150BA84200F0A0
:10BF50002D814FF48070C4F8D810A4F8DD00C4F827
:10BF600064B004F1540105A804F000F9059DA81C73
:10BF700000F02081DDE90608691C40F027814FF0C0
:10BF8000FF310128C4E90D10C4F83C8042D1A069FA
:10BF90000023C4F84080D0E901126065501A84F88B
:10BFA000643038BF1846010B0122012988BF020BFB
:10BFB0001CF022FEA06504F1540105A804F0A4F9C8
:10BFC000059DA81C00F0FA809DF818B0681C40F090
:10BFD0005382BBF1020F40F00281D4E90650236C7A
:10BFE000D4E908216D6805EB033303F6FC7A1E1DC6
:10BFF0000B780396DFE803F0075B4F5246617258F7
:10C00000844C804349004FF0000B002A64D080F834
:10C0100000B046E04FF40070A4F8DD000020606638
:10C02000A069C4F8D80004F1540105A804F09EF8F2
:10C03000059DA81C00F0B680DDE90608691C40F0EB
:10C04000C9804FF0000B012840F0CB80A06984F834
:10C0500064B0C4E9150804F1540605A8049A3146F1
:10C0600004F0E2F8059DA81C00F0AC803046DDF835
:10C070001C801BF070FF681C00F0FB81B7E04AB326
:10C080000B210DE032B304210AE01AB30C233AE08D
:10C0900002B3092337E0EAB1022101E0D2B1032162
:10C0A00001704FF0010935E0A2B107232BE08AB1FE
:10C0B0004FF0010980F800902CE05AB10523012AC5
:10C0C000037007D04B78022A43701EBF8B788370B1
:10C0D000032A62D14FF0000B06250AE0062532B193
:10C0E0000570012A1EBF4B784370022A50D14FF0D1
:10C0F000000B4FF0000A64E2002AEBD00A2302E0B2
:10C10000002AE7D00823012A0370E3D049784FF0D2
:10C1100002094170D4E907124846DFF8D834D4E95F
:10C120000A5612F0E6FA0246F66805A80B462946BA
:10C13000B047DDE905B81BF1010054D108EB090255
:10C140004FF0000B6264BBEB124F1ED1B2F57F6F54
:10C150001BD80020264606F8DC0F039B56F8C40CBB
:10C1600046F8880C46E9213A46F87C2C214641F8ED
:10C170006C3F41E902A20022C1E901A18A46C860E0
:10C180000AF86C2FC4E91F1034E0A069072516E2F5
:10C1900089784FF003098170BCE7C9784FF0040932
:10C1A000C170B7E71BF012FF0C2012E281F80CB04F
:10C1B000012506E21BF00AFF03200AE21BF006FF3E
:10C1C000042006E21BF002FF0D2002E2C4E90D503C
:10C1D000C4F83C804FEA102A5FFA80FBF1E14FF08F
:10C1E000000B0225EDE14FF0000A0625E9E149EADE
:10C1F0000A4AE6E1D1E90012002384F8D530C4F8F8
:10C20000D000C4E9291204F1840105A8FBF72CFA37
:10C210000598022800F03B81069D0128DDF820806A
:10C2200005D1022D18D1E06F0168043110E0E06FF4
:10C23000012DD0F8009019D14FF6FC7101EA0801E8
:10C2400004315FEA887208BF1FFA88F14944083157
:10C250000160D4E91F10CDE70798012131708AF8F9
:10C260000010691C40F03C81C14610E0606E012165
:10C2700084F8D810A0EB09020020082A06D322F087
:10C280000302A36E083A9A4228BF01203170A169C7
:10C29000012800F02981A14649F8541F0021CDF85A
:10C2A0000C9059F8140CC9F8040009F8101F00216B
:10C2B00084F87810616DC4E91A10C4E9171005A854
:10C2C000049A04F1680103F0AFFF059DA81C00F07B
:10C2D000EE8004F16800C846079E1BF03CFE49EA68
:10C2E0000A4A681C02D0C146B0463EE004F168002C
:10C2F00000264FF0FF35C146BBF1010F80F800B0BA
:10C3000031D1E06D04F1C8050121017328462021D7
:10C3100031F0DBF9D4E917010423426884F8C460E2
:10C3200002EB0131C4E91B0501F6FC71C4E91D31C2
:10C3300004F16C0B0499584608F0EEFE06460230F4
:10C3400000F0A38058468846F9F7E5FF4FF0000B50
:10C350004FF0FF35701C05D04FEA162A5FFA86FBB6
:10C36000002502E001E04FF0000B0398012689F858
:10C370000060F9F731FE681C40F02381A0690025B8
:10C38000216C1CF026FC38BF2846020B012A88BF0E
:10C39000060B481CB0FBF6F101FB1600A065A0647B
:10C3A00004F1540105A803F0AFFF059DA81C00F09F
:10C3B00086809DF818B0681C5ED10020BBF1020F8A
:10C3C00040F08A80A16C84F86400A069C4E915017A
:10C3D00004F1540605A8049A314603F025FF059D93
:10C3E000A81C5CD03046DDF81C801BF0B4FD681C36
:10C3F0007FF4FDAEA0690025A16C1CF0EAFB38BFFC
:10C400002846020B0123012A88BF030B481CB0FBFE
:10C41000F3F101FB1300A065E06404F1540105A8E9
:10C4200003F072FF059DA81C4DD09DF818B0681C44
:10C4300022D1BBF1020F1CD004F11802002084F8B5
:10C44000B40004F1540607CAD4E9123527C663665E
:10C4500004F1540905A8049A494607F0D9F8059D46
:10C46000A81C20D04846DDE90668F9F7E0FE681C04
:10C470002DD1206B01305BE59DF81B00BDF8191034
:10C48000DDF81C8041EA004A9BE0042010E0032014
:10C4900030708AF800001BF099FD052099E01BF030
:10C4A00095FD092095E01BF091FD0B2091E0032004
:10C4B000029989F800001BF099FF072089E01BF022
:10C4C00085FD082085E01BF081FD0A2081E04FEA10
:10C4D000162A5FFA86FB74E002254FF0000B70E02D
:10C4E000A91C7FF477AED6E701200873226A666C38
:10C4F000964272D8A069A246D0E901214AF8540FA9
:10C500000C300AF1040300905AF8385CD04661C33D
:10C5100000200192CAF810200391CAE9051908F811
:10C52000F80F28463146D4F854B018F065FD21467E
:10C5300041F8700F002001F10C0281F84C000098C6
:10C540008E8063C20198C8610398C1F808B0C1E940
:10C55000080904F1780605A8049A3146FBF79AF910
:10C56000059DA81C07D10299032088F800001BF044
:10C570003DFF06202DE0BDF81E0004903046BDF8BA
:10C580001CB0DDF81890F9F743FC6E1C03D1B4F829
:10C5900074B0D4F87090012088F800005046F9F784
:10C5A0002BFC3EB104984FEA192A4BEA00485FFA87
:10C5B00089FB06E0A0694FF0000B4FF0FF3580F8D3
:10C5C0000CB002994BEA0A20C1E900500120C1F8E1
:10C5D000088084F850001BF087BD074B1BF05CFF00
:10C5E00040040400F4FF0300440104009407040025
:10C5F000140204002402040034020400F0B503AF66
:10C600004DF8048D84B00446007A0D46DFE800F052
:10C61000031C222F1200012060722068E06004F1E8
:10C62000100018F06BF8207C012809D1464815F05D
:10C6300061FE10E0207F28B1032808D166692CE054
:10C64000606921E0206925E03E4815F056FD3C4830
:10C6500015F053FDFEDE684621221CF081F8DDE96D
:10C6600000129DF80800C4E9061284F8200004F1C5
:10C670001800294616F0FCFB48BB684618F03EF847
:10C680001BF028FFE7D001986060002020776072DF
:10C69000201D2061E668C4E9056002202075F0B223
:10C6A000022845D0A069294900680968C90542D116
:10C6B00028490DF06BF98846D0F8AC1001B3027C24
:10C6C00042B1D5E90012883009F016F819E00120CE
:10C6D000032528E0D0E9022300EBC305C5E9056185
:10C6E000591CB1F1080318BF0B46C3609A4204BF3E
:10C6F000012101741BF08EFFE0E8151209F038F8F3
:10C7000002261BF087FCF0B2022807D160680125E1
:10C710002577F9F707FB0020607204E00320042569
:10C72000207701206661257204B05DF8048BF0BDAE
:10C73000094815F01DFC064815F0DCFD15F084FED7
:10C74000C40A0400740204005C00000004ED00E070
:10C75000AE000000240A0400A8170400F0B503AFDF
:10C760002DE9000FA7B00C908B4691F8340092464B
:10C77000CDF834B0DFE810F00500B107E307700032
:10C780004F00DBE9071009910BF12801CBF82400D9
:10C790000BF1100090E81C001CC10BF13504DBE923
:10C7A0000001CBE9020120461F2131F01DF84FF4B2
:10C7B00000610020ABF8591140F267629BF8281025
:10C7C0000BF59875CBE94C008BF8500101298BF8DB
:10C7D00052018BF856018BF8540108BF41F69A12AA
:10C7E000CBE95020CBE952204FF0010008BF0220D6
:10C7F0008BF858018BF85701DFF8F8930220DFE837
:10C8000001F0023F6279DBF82C600122BBF82A00BC
:10C810009BF829101AE2594611F89C0FA1F1440C1B
:10C8200002910A1D0192002800F02A85032840F099
:10C830005B875B4613F8810F002800F0B281032864
:10C8400040F05887DBE91950CDE909C3DBE91B86C5
:10C8500090F8009000F03BBDDE460BF590741EF89A
:10C86000B40FAEF15C09DFE810F008004B076A076F
:10C87000C701B101A301DC01E306DBE91B35F9E1E6
:10C88000DBE90B01A7F12A03D94A0DF158090E92F1
:10C890000222209341F60C13CDE91D0109202192BB
:10C8A000ADF87C308DF870001B920EA81A904FF4F2
:10C8B000C060ADF8580040F2C13027F82A0C0420BF
:10C8C0008DF8642016E09BF829100DF158091B9093
:10C8D0000EAA1A9245F25322ADF866200B228DF86B
:10C8E00064204FF480628DF839100021ADF8582093
:10C8F0008DF838101F2100EB4000CDE924410021C4
:10C90000059509EB8005CDF820A00DF1900B26913F
:10C9100010AE701C06900A9407954FF002084FF075
:10C92000000AA94500F08B81494611F80C0B0B91C8
:10C93000DFE810F00D0083003F005A001F00A40044
:10C94000BF007400F9003D00DE0010003A004FF413
:10C95000817065E0D9F80840FF201BF02DFCC0B2C3
:10C96000022840F00F81B9F80210584618F04CFC2C
:10C97000C8E005201BF0CAFA8400601C1BF0C1FA55
:10C98000C0B2022840F0FE80D9F804504FF00108F0
:10C99000002C00F0A9801BF0AFFCC0B2022840F0D0
:10C9A000F180043C0435F3E799F80100A1E0092087
:10C9B0009FE003201BF0AAFA4400601C1BF0A1FAC0
:10C9C000C0B2022840F0DE80D9F804504FF00009D0
:10C9D000002C00F089801BF058FCC0B2022840F007
:10C9E000D180023C0235F3E704201BF08FFA84006B
:10C9F000601C1BF086FAC0B2022840F0C380D9F850
:10CA000004504FF00108002C6ED01BF075FCC0B232
:10CA1000022840F0B780043C0435F4E740F60220D9
:10CA2000ADF84000314699F8010003228DF842002C
:10CA3000584619F0A9FDC0B26FE0D9F80800314698
:10CA400002224400601C8DF8400002208DF8410055
:10CA5000584619F099FDC0B2022840F09380D9F8E9
:10CA600004504FF00009002C3ED01BF00EFCC0B269
:10CA7000022840F08780023C0235F4E706201BF0D4
:10CA800045FA0501681C1BF03CFAC0B2022879D1B6
:10CA9000D9F80440DDF8189035B3484621461BF01C
:10CAA000DDFB1BF0D5FEC0B202286BD1103D103467
:10CAB000F2E707201BF02AFA0501681C1BF021FA97
:10CAC000C0B202285ED1D9F80440DDF818905DB1FB
:10CAD000484621461BF0C2FB1BF0BAFEC0B202283A
:10CAE00050D1103D1034F2E70A9C0220079D14E05B
:10CAF0000820D9F8084031468DF841000222601C18
:10CB00001BF0FFF9C0B202283CD1D9F804105846F6
:10CB1000224619F039FDC0B20A9CDDF82C9002289B
:10CB20003FF4FBAE2EE0D9F8084016201BF044FB82
:10CB3000C0B2022826D18DF840A0B9F80100DDE985
:10CB4000258AADF8410030460494A8EB0A0418F099
:10CB50000BFB8C421BD301EB0A04249ADFF8080C70
:10CB600043460090504621460EF0E4FB1BF05CFE6D
:10CB700030461A4618F002FB26945846D9F804109D
:10CB8000049AC6E7C00702D04FF00D0801E04FF04D
:10CB900004080C981F264FF0010B0021012400F01F
:10CBA000B4BCDBE91D86DBF87C509BF8829086E301
:10CBB0009BF82001CDF828E0DFE810F005009F0584
:10CBC000C105A2028500DBF8D85092E25C46CDE9AF
:10CBD0000AE914F8CF0FA4F11709DFE810F00500F7
:10CBE0008E05B00523027C00DBF8BC5009E200BFD3
:10CBF0000F181218C4340400CDF82C90D94619F837
:10CC0000C90FA9F11108CDF828E0DFE810F0050000
:10CC10007E0598057A006C009BF8CA00DBE930219C
:10CC20008FE09BF82001CDF828E0DFE810F0050048
:10CC300066058805D3026D00DBF8D850C3E20022F8
:10CC4000DDF834B0059D2646DDF820A0D946012345
:10CC500009F8582F00221F24CE46C9E90332099B48
:10CC6000C9E90164C9E90535A9F8020089F801108C
:10CC70000EF85C2FCBE91D3549460BF17C0C98462C
:10CC800091E879000421624679C243469BF87C20F2
:10CC9000CBF89080CDF82C9022B1052A02D0062A3C
:10CCA0003DD108210CEB0100CDF820A041680329FB
:10CCB00006D300680178022904BF417801292BD0EE
:10CCC0004FF00508AEE29BF82C01C00740F020852C
:10CCD000DBE9490419E29BF8E800C00740F01B8536
:10CCE000DBE93804AEE15D46CDF820A015F8D90F98
:10CCF000002800F09580032840F01E85DBE9330A08
:10CD000042E0DBF8CC0025E09BF82C01C00740F0A6
:10CD10000585DBE9490464E280784007D0D5CBF88B
:10CD200094300020D946596829F8C90F1A4601F5F0
:10CD3000B761CDF828E049F8093CA9F1110849F894
:10CD4000051C8BF8C800CBF8B810506800F5C0601F
:10CD5000CBF8CC00DAF800100DF07EFE002859D098
:10CD600000215D4605F8D91FCDF820A045F81D0C1F
:10CD700015F8111C55F8210C697045F8050CDA46B8
:10CD80000AF8D81F4AE9030A0CF032FE0646089852
:10CD90000C461BF0A2FD304615F033FF307C022814
:10CDA00032D1002030749AF8000070741BF0CAFA77
:10CDB000DBF8BC0001248BF8D940F8F729FF404686
:10CDC0008BF8C940F9F759F8DBF89000406800F596
:10CDD000CA6019F039FF9BF87C50DBE92010DBE9D1
:10CDE00022249BF87D30DFE815F00B004F00360061
:10CDF0003A002000670072004500A2012C0081006B
:10CE0000CBE9281013202DE01BF09CFA032028709A
:10CE1000042000E0032089F80000032000F016BC85
:10CE20009BF8DA10DBF8D400A9E700220123CBE954
:10CE300028101020CBE92A32ABF8B0008BF89820EC
:10CE40006CE000220124CBE928105801CBE92A42EA
:10CE50008BF898205CE000220124192017E0CBE930
:10CE600028101220CBE92A240021ABF8B0008BF85F
:10CE7000981053E0CBE92A10022000220123CBE9CD
:10CE80002832ABF8B0001FE0002201241520CBF8B7
:10CE90009C10BBF87E10ABF8B0008BF899308BF883
:10CEA0009840CBF8A040CBF8A420CBF8A840CBF812
:10CEB000AC20ABF89A1031E000220123CBE9281016
:10CEC000CBE92A32ABF8B0308BF8982042E101254B
:10CED0000024ABF8B0508BF899308BF89850CBE920
:10CEE0002710CBE92925CBF8AC402FE1C0B28BF855
:10CEF000993040010BF19C0304300126002556C3F4
:10CF0000BBF87E108BF89860CBF8AC50ABF89A1059
:10CF1000C1B2ABF8B010C10640F11C81DBE92612AA
:10CF20004FF000085C46CDE91012ADF8948011F086
:10CF3000010BCDF8908010AB24A94FF0020618BF6A
:10CF4000591C0B6889880E93ADF83C1018BF4FEA46
:10CF5000126B01074FF0010158BF042110F0020FBE
:10CF600018BF414608BF0326C00718BF0E46A06F72
:10CF7000D4F89050D0E9040118F0AEF88146A06FC3
:10CF8000D0E9060118F0A8F88246A06F90F82410A6
:10CF900011B190F825000FE0D4F8904060680BF0D4
:10CFA00049FA616810B10878023005E00868CA796A
:10CFB00010F0010018BF10460D9A916F144691F8B9
:10CFC00022C091F8233091F82910BCF1000F04F829
:10CFD000CF8FA0710E98A060BDF83C0084F807B018
:10CFE0009346A4F80190A4F117096671A4F803A070
:10CFF00044F8135CA081E17308BF0723A373DDF835
:10D0000020A00BF1D000CBF8B8500BF1C0014CC8F8
:10D010004CC1028880780A808870686800F2646079
:10D02000CBF8E0000BF1E00051460DF005FDE0B15A
:10D03000DBF8B8000BF1C004002100688BF8E810A1
:10D04000CBE938041BF037FE1BF086FD04D12046E7
:10D0500022F0E8FC834660B10D990120CDF820A0B4
:10D0600081F8CF0081F8E800D1E00320207004208F
:10D07000ECE2DDF834B00120DBF8A4508BF8CF00EF
:10D08000002D8BF8E80069D048461F211F2430F09E
:10D090001CFBDFF8D8261F2D38BF2C4648462146FA
:10D0A00011F0DDFFDBF8A420944200F20283DBF8EC
:10D0B000A020DFF8BC360093234616F0F3FC0DF1F8
:10D0C000580849461F22DBF89050404630F086FB56
:10D0D0000BF1DD0041461F228BF8DC40CBF8D85025
:10D0E00030F08FFC00200BF590748BF82001DDF8F8
:10D0F0002C901BF0BAF8686800F26460CBF8240149
:10D100001BF055FC78B11BF056F91BF0D4FD1BF059
:10D1100023FD72D1204622F004FD834600286CD105
:10D120001BF0BFFB1CE00320207005208EE20125D0
:10D13000002406268BF89930ABF8B0608BF8985035
:10D14000CBE92715CBE92940CBF8AC20BBF87E0012
:10D15000ABF89A0059464FF00E085CE0DDF82C90D1
:10D16000DBF8AC50002D00F002820BF1B8041F2157
:10D170001F26204630F0EEFBDFF8FC251F2D38BFC0
:10D180002E462046314611F06AFFDBF8AC2096426D
:10D1900000F28C82DBF8A820DFF8E03500933346FC
:10D1A00016F080FC0BF1DD00DBF8905021461F22C9
:10D1B0008BF8DC60CBF8D85030F023FC00200BF566
:10D1C00090748BF820011BF050F8686800F26460DE
:10D1D000CBF824011BF0EBFB002800F0C2811BF010
:10D1E000EAF81BF068FD1BF0B7FC06D1204622F0E0
:10D1F00073FC8346002800F0B8810D990120CDF81A
:10D200002C90CDF820A081F8200181F82C014FF05E
:10D2100000084FF00009D1F894004068F8F7B3FC1B
:10D22000DDF828E001208EF800000B98F8F714FFD5
:10D23000B8F1FE0F40F0B780DDF834B0DBE902232F
:10D2400016A815F07BFD254600235C469DF860007E
:10D2500004F89C3FDDE91612A4F1440C04F803AC79
:10D26000DDF820A02073079804F8040C204640F84D
:10D27000041FA26024F8025C44E90396CDE901048E
:10D280000BF19000614600264FF0010890E81C0069
:10D290004FF480704FF001091CC15B4623F8810FE9
:10D2A00053F8250CDE7200F5CA6100F10805C3F8D9
:10D2B000031043F80D8C43F8096C43F8055C0BF838
:10D2C000809FCDE909C34BE9075B4BE90586DFF891
:10D2D000C01405F5767018F017F80C46DAF800104F
:10D2E000039100EBC9001AF075FF2068DFF8A43441
:10D2F00001302060D5E90012089516A80CF067FBF4
:10D300004FF45E70DDE916B101FB00B2C6EBC60357
:10D31000A8F1070A002549460B96CDE90629CDE973
:10D3200004A393454AD0D9462E4699F85C030135AB
:10D330000BF55E7B032804BF99F86E038842F0D199
:10D340000B98002800F0F28009F510749846B8F1A7
:10D35000000F0AD00AF1070A2046514619F07EFD57
:10D36000A8F107080028F2D004E0DDE90621DDE994
:10D3700004A3D6E7042089F85C03DFF81C0414F04A
:10D38000ADFF4846F7F7C6FE15F010F9DDF834B0EA
:10D3900099F85E03002840F0918148460AF0BEFCEF
:10D3A000DDF820900EE007995FFA8AF02A46C9B2AC
:10D3B00041EA0020099940EA0444A5E04FF0000941
:10D3C000DDF834B018984FF001081AF0AAFF0120D8
:10D3D000B9F1000F08BF03200A99087045D19BF8E6
:10D3E0008C0038B1DDF80C90032840F08081DBF828
:10D3F000885005E0DBF88450DDF80C90CBF88850BD
:10D40000A868002840F04C814FF0FF30A86005F17B
:10D410000C00D9E9001215F0F4FBA9686FF0004286
:10D4200028680131A9600168914280F03C816A68F6
:10D430004C1C034610C303EB42060022B34207D044
:10D4400013F8024B012CF9D0022C02F10102F5E78E
:10D450000160032069688A424FF0030108BF01217F
:10D460008BF88C103CD14FF00009099C8BF861803F
:10D470002046F8F7A9FA20468BF89C80F8F78CFB39
:10D48000B9F1000F3BD0D9E900013246DBF8244066
:10D490000CF02BF9D9E900232146009616A809F0D3
:10D4A000D7F99DF85810FF2904D1C449F6B24FF0BE
:10D4B000FE0829E01A980990484689463146DDE978
:10D4C0001854DDF85CA0BDF85AB09DF85980F8F703
:10D4D00045FA5A46C346C846D1462E46099913E036
:10D4E000029908704946019815F0C2FC20B10C99C8
:10D4F000FD200870042014E00998F8F74DFB4FF068
:10D5000000094FF0190800260C9880F801B0C0E916
:10D510000196C0E90341428080F800800120DDF8D7
:10D5200034B08BF8340027B01AF02FBE0420DDF899
:10D5300034B089F85C0309F25E3499F85E03002880
:10D5400040F0E180984814F0C9FE4846F7F7E2FD44
:10D5500015F02CF899F85E0300283FF41EAF9348AD
:10D56000AFE003202070062070E01BF09AF9DBF892
:10D57000780043F609530168D0E9020211F0010670
:10D58000A0FB03400CBF344602FB03067D4A204645
:10D5900031460023002530F041FA00044E216FF09F
:10D5A0006042121BB14138BF40F20120010640F039
:10D5B000B8805C46000C04F8B85FA4F8010054F889
:10D5C000280CE5704068D0F85426002A00F0AF809F
:10D5D000D0F8501610A86C4B0CF034FADDE910109E
:10D5E0000023DDF828E042000D461AB105F8023BA1
:10D5F000023AFAE7002204234FF0010C5BB190429B
:10D600006ED001F812C001EB4206043B14F8225020
:10D6100001327570F2E7129872461AF082FE964651
:10D620004FF48070ABF8C500DBF89000CBF8C00079
:10D63000CDF828E00BF1BC0110A85246FAF758FAD1
:10D640009DF84080B8F1FD0F07D107200A990870B6
:10D65000FD200C990870032063E7B8F1FE0FCDF8A8
:10D660002C90CDF820A00AD1DBF874004FF0FE0812
:10D670004FF0000AD0E9009600200790D0E5594607
:10D68000BDF84E409DF84DA0DDE91196BDF8425021
:10D690009DF841B0149809909DF84C000790BAE5A8
:10D6A000444814F06FFC444814F08AFC344B1AF0E0
:10D6B000F3FE304B0020214613F0C4FF09F25E3424
:10D6C000364814F00BFE2046F7F74EFD3448F7F7C6
:10D6D0004BFD14F06BFF14F0B7FE224814F00DFD63
:10D6E0002A4A014613F0F4FF164814F006FD3048AC
:10D6F00014F003FD124814F000FD144814F0FDFC72
:10D70000174814F0FAFC2748DBE7144814F0F5FC3E
:10D710000F4814F0F2FC0F4814F0EFFC0A4814F024
:10D72000ECFC284814F0DAFD17F0C4FCD1E72448DB
:10D7300014F0E0FD14F088FE074814F0DEFCFEDE75
:10D740006408040014080400A40C0400F40004009D
:10D75000940C0400840C040060050400E400040040
:10D76000F0040400A40204005C3A04000005040074
:10D7700020050400100504003005040050050400D5
:10D780004005040000204E006C3D04007C3D040078
:10D79000681004007810040032000000EB00000064
:10D7A00014E40300EC00000031000000E800000079
:10D7B00034060400C8030400D8030400FCFD030081
:10D7C000EE000000C4000000F0B503AF2DE9000F2B
:10D7D000ADF69C1D834608301E9089469BF8AF032A
:10D7E000C74C0BF56C78CDF888B0CDF88090DFE8A9
:10D7F00010F00800CF02CF026301750147018601D6
:10D8000085014FF000094FF4C050CDF88C800DF524
:10D81000CE618BF8AE93CDE9E8998DF87096ADF8AE
:10D820007106E8A8B74C0646A047B74A05460DF56D
:10D83000CE602946032316F01DFAB44A0DF5CE60DA
:10D84000294616F067FA0DF5CE60294616F0B2FAB1
:10D8500041F601000DF5CE61ADF8710630468DF848
:10D860007096A0474D200DF5CE688DF88006A8482B
:10D870004146CDF87C06A748CDF87806A648CDF8F5
:10D880007406A648CDF870063046A04706460E201E
:10D8900007F8580C46F2133027F85A0C0DF1900A8D
:10D8A0009F4847F85E0C9F4847F8620C9E4847F82F
:10D8B000660C4CF202301A9115211BF06EF89B4B4E
:10D8C0001AF054FDDDF8700616F000FB0DF23C6412
:10D8D000ADF87A06BDF8740608F106011B902046E3
:10D8E000182230F08EF84B20152107F8580C43F21F
:10D8F000145027F85A0C8E4847F85E0C8D4847F8AC
:10D90000620C8D4847F8660C49F602401BF045F85A
:10D910008A4B1AF02BFDDDF8700616F0D7FA08F1E5
:10D92000040CADF87A0604F11801BCE87D007DC155
:10D930000DF5CE664FF42772BCF800000880E8A908
:10D9400030462FF0B9FF504642212FF0BEFE304640
:10D950000CF066F80246504640CA1C910AF10401D8
:10D960001D914E4500F0FA80117809F10109032953
:10D9700040F082805588B5F5007F00F2DC815FEAD7
:10D98000094100F0D2810FFA89F1B1F1FF3F40F374
:10D99000CF81219202215478CB46694A8046BDF856
:10D9A00090A019F075F90AF10102A7F1680927F8AA
:10D9B000682C0223634A1AF0D5FC1F94002C18BF70
:10D9C0000235BDF8D04014FA85F5E80300F19D81D9
:10D9D0005D4B404602210422ADF8D05018F0A8FE5D
:10D9E0005A4A022300924A4627F8685C16F05AF811
:10D9F0009DF89000D9469DF89110219A890241EA3C
:10DA00008003BDF8D000184404304128404633D28A
:10DA100005464F481D993C220090A7F1680018F078
:10DA2000A1FD57E91A208108BAF1000F10D0AAF120
:10DA30000100884280F0898112F8203002EB8000DA
:10DA4000407860F30E231FFA89F0834280F07A81D8
:10DA50008A4580F0738102EB8A00210A02F82A903D
:10DA6000C1701F998470002949463A4A18BF114372
:10DA7000090A219A417028462C32DDF888B070E7F7
:10DA80000BF57E701B909BF8F803CDF88C80DFE8D7
:10DA900010F0070070017F01F3000A0B100C6C0AF4
:10DAA000DBF8F0030BF56C75154E00214FF0000A02
:10DAB0004FF000081C91CDE39BF8C803CDF88C8093
:10DAC0000BF57278DFE810F005004F016401D70014
:10DAD000AD01DBF8B013DBE9F0025AE19BF8B803C3
:10DAE0000BF56E79CDF88C80DFE810F04C03400127
:10DAF000520179030500DBF8BC5380E3DAE262E20D
:10DB000004ED00E0D53B0200E40204009034040080
:10DB100018AAFBD5BF074BE59836350A024699652A
:10DB2000450BBDE3372E8DC28B12E8A202102000F8
:10DB30004DE4CAFB3A97A0383B1C3D2A0204100072
:10DB4000AC3D0400BC3D0400CC3D0400DC3D0400C1
:10DB50003C3E04000080FFFF5E0000001C9A11683C
:10DB600001391160811CA7F168003E229DF8908068
:10DB70009DF891902FF045FF4FEA8920BDF8D01015
:10DB800040EA88000844051D402D00F2E1800BD0DA
:10DB90005FF83C0014F0A2FB402014F091FB2846F3
:10DBA00014F08EFB14F002FDA7F1A805A7F168019F
:10DBB0003E221AF029FBA7F16806002429463E22DE
:10DBC000304647F8284C27F8244C2FF01AFF57F816
:10DBD000280C3146DC903E2237F8240CADF8740353
:10DBE000CCA82FF00EFF24A80DF5CE614FF42772BC
:10DBF0002FF062FE0DF5CE600DF23C6132222FF067
:10DC000000FF1B9D022D00F085801E983E228BF8A0
:10DC100029908BF82880C0E90044C0E902442F20F5
:10DC2000CBE90040DC98CBF81800BDF87403ABF8E2
:10DC30001C000BF12A008BF820408BF81E40CCA969
:10DC40002FF0DFFE0BF1680024A94FF427722FF0AC
:10DC500083F80BF20A300DF5CE613222ABF808538F
:10DC60002FF0CFFE1A98ABF83C03DDF88090DE4C25
:10DC7000DDF88C802AE2AAE09BF848040BF5896164
:10DC800015910BF580660BF58A6A0BF56C74DFE86D
:10DC900000F003737F120600DBF840049AE39BF860
:10DCA000D8040BF59B68219610B3032801F01E8061
:10DCB000CE4814F022FA9BF888040BF59168C8B19D
:10DCC00003285CD19BF86C040BF26C43A8B10328C9
:10DCD000CDF848A056D19BF86A040BF26A4A78B195
:10DCE000032852D1DBF86014DBF85C040A78A2E365
:10DCF00000F0DDBFDAF800107BE3DBF8581485E3B1
:10DD00009BF86824DBF864048DE3B9481E21B94A06
:10DD100014F074F92F20B84BCDE9E8402B21B74817
:10DD20000090E8AAB64814F07CF9B64801F0ECBDC2
:10DD3000B54801F0E9BDB54801F0E6BDB44A50462A
:10DD400013F0C6FCB34801F0DFBDB34A13F0C0FCCA
:10DD5000B24814F0C3FA402014F0B2FA284614F086
:10DD6000AFFA01F0E6BDAE4814F0C7F9AD4814F0C3
:10DD7000C4F9AD4814F0C1F9AC4814F0BEF9AC4890
:10DD800014F0BBF9AB4814F0B8F9AB4814F0B5F98E
:10DD9000FEDE9BF8C933CBE9ED10DB07CBF8BC23E3
:10DDA00031D0CBE9FB0201208BF8E7030021DBF83F
:10DDB000CA034FF4A023CBF8E103BBF8CE03CBE9B1
:10DDC000F4318BF8E0138BF80414ABF8E5030BF592
:10DDD00074750DF5CE661AF0F9FD9DF87046FD2CB0
:10DDE00000F09582711C24AE13221AF0E2F9284645
:10DDF000F8F7DFF8192C27D1904814F07BFADBE90B
:10DE0000ED10DBF8BC2300234FF41604CBE9FB0232
:10DE10000220CBE9F4438BF804348BF8E1138BF840
:10DE2000E0030BF574750DF5CE661AF0CFFD9DF885
:10DE30007046FD2C00F06D82711CE8A81AF0B6F94E
:10DE40002846F8F7B6F804E0E8A82ECE2EC01AF05F
:10DE500034FEE8A80DF55F786CC841466CC101221C
:10DE60000388807888700BF289300B8041468BF8EC
:10DE7000C8238BF8AE2313228BF888432FF0C1FD03
:10DE8000192C70D0FE2C40F0E7800BF5507608F18D
:10DE900003011AF052F86A4814F02CFA0120F7F73F
:10DEA00037FCDBF826030BF22A31CBF8580311229A
:10DEB000BBF82203ABF85403BBF82403ABF85603BA
:10DEC0000BF55770CBF850639BF821839BF83B937D
:10DED000BBF80863BBF80A43DBF80C532FF091FD45
:10DEE0000BF276300BF544711122CBF87253ABF87C
:10DEF0007043ABF86E638BF86D932FF082FDDBF807
:10DF000040038BF887839BF844231AF0B4FA0B681C
:10DF1000D0F85022D0F85302013B0B601E99CDF887
:10DF20007026CDF8730601F56874DDF87006C1F847
:10DF3000A003BDF87406A1F8A403DBF8A0030178E0
:10DF4000002900F00E81B0F80520A188D0F801006A
:10DF5000514022685040084340F00381224E239DE7
:10DF6000DDF87CA06AE1374814F0C4F90120F7F726
:10DF700015FCDDF88C80404616F02CFA1A49DBF8C7
:10DF8000B8030968C90541F0BE842F490BF0FEFCB7
:10DF90000646007C0D46012804BF06F1880015F0F6
:10DFA000ECFF06F108010DF5CE6016F0F5FA002041
:10DFB0000D4C3074C6E902002968013129608BF8E4
:10DFC000CC03CBF8C083D9F800100BF5707002F0C9
:10DFD0007BFAC0B2022800F097810BF56C7207CA79
:10DFE000F7F730FE6FE000BF04ED00E0B409040075
:10DFF000EC3D04000C3E0400300D0400E802040077
:10E00000FA3B0400E3000000E5000000E20000002D
:10E010002C3E0400F50000001C3E0400E40000005B
:10E02000C4020400D409040080050400640C040048
:10E030009408040084090400440804005A00000005
:10E040003D000000B300000070050400AF000000B8
:10E05000120000007C17040000210BF562708BF8A1
:10E06000AE13DDF88C8090E87C005FF8200041461C
:10E070007CC1CBF8C48314F031F95FF82C0014F0A4
:10E080000BF95FF830100BF5717014F04BF914F0C8
:10E090008DFA0DF5CE604FF480421AF061FBDDF889
:10E0A00074269DF87806DDF87016CBE9F2128BF82D
:10E0B000D003BB4CD9F800100BF5727014F0D8FEE9
:10E0C000002840F01C8100208BF8AE032068C005BA
:10E0D00041F01984B3494868B0F5007F1AD04FF475
:10E0E00000724A60C1B2022914D01AF01FFA08BFA8
:10E0F000034608BF0121B2EB506F18BF1946C8B2E2
:10E10000022803D001F0010016F0C6F84FF40070A9
:10E1100016F07EF80020CDF88C800024F7F7F8FA8E
:10E120000020F7F73BFBDBE9E7120BF57278136889
:10E13000D2F80320CDF83C36CDF83F260968DBF84D
:10E14000A403DDF83C26DDF83F36CBF8C9235A4658
:10E15000CBF8B0138BF8C843CBF8CC33CBE9F00B3A
:10E1600017E6914814F0C6F80020A1888BF8B80390
:10E170000BF56E792068090441EA10410004013072
:10E18000CBE9EC018648DBE9EC680068C00541F0AA
:10E19000BA83864C002294F8440094F84510022873
:10E1A00084F8442010D00DF5CE658DF871168DF8E9
:10E1B0007006A81C04F146010A222FF022FC04F18B
:10E1C000440029460AF086F91E9902208BF8C00304
:10E1D0007748C1F8B963CBF8C804C1F8BD8320986B
:10E1E00001680BF5707010F0AFFF002840F08A80D6
:10E1F0006E48DDF87CA000F14405CBF8BC53684EB6
:10E200003068C00541F07F832978002268780229B0
:10E210002A7068D1022800F0A4800121C00789F883
:10E2200000100AD0DBF8A023BBF8AC03DBF8A8335E
:10E230001170A2F80500C2F80130239D1D9900203D
:10E240008BF8F8030BF55470CBF8F0032AF0FF0AB3
:10E2500021F0FF08CBF8F40328460BF57E7916F081
:10E26000B9F80BF5707016F05DF93068C00541F033
:10E270004A83504815F054FE4F48D0F80411042941
:10E2800080F0808002680131D0E90234C0F80411C6
:10E29000511C1D93CBE9F434CBF8D80301603068EE
:10E2A000C00541F030832395444D424928460BF088
:10E2B0006DFB026B00231C9E022A9FBF531C03634D
:10E2C000D0E900A62B4619F0CCFF032A4FD2CDF897
:10E2D0006C900D94CDF87CA0CBF8E0A31C96CBE914
:10E2E000F96300F064BED1B920980068D0E900104D
:10E2F00009688847CDF87816CDF874062CE0072019
:10E3000000F09FBD03202DE0062000F09ABD032001
:10E3100000E0042088F80000032000F092BD20985F
:10E32000D5E901480068D0E90010804508BF8C425B
:10E330000ED009688847CDF878160DF5CE61CDF876
:10E34000740601201AF05BFB61684046884708E0CC
:10E35000CDF87886CDF8744601200DF5CE611AF01F
:10E360004EFB042089F80000042000F06ABD144828
:10E370000DF5CE620090BA211248134B8DF870A6AD
:10E3800013F04FFE01680DF5CE620F4B01310160B5
:10E390000E48B52100900E488DF8708613F041FEAE
:10E3A00004ED00E09C99032043000000F8E6032000
:10E3B00088DC03205034040078E3032048E603207F
:10E3C000543904009838040094340400C037040021
:10E3D000083704000BF589611591CBF844040168F6
:10E3E00000208BF888040BF59168CBF850140BF5DE
:10E3F0008A6A0020CBF870148BF884040BF26C430B
:10E400008BF86C04CBF85414CBF8581408680A79CC
:10E410000021CDF848A00BF26A4A8BF86A148BF8F9
:10E420006824CBF864040BF269418BF86924CBF8BB
:10E430005C04CBF86014D0E90001199316F052F88F
:10E440008146D0F88002002841F06E824FF0FF3004
:10E450000D46C9F88002002199F89002012805D1E3
:10E4600009F5487014F0C0FB99F89012D9E9A2029E
:10E47000CDF8608090422196239401D1C90742D003
:10E48000002189F89012411C09EB80108A1E18BFE8
:10E490000A46C9F8882290F89832D943090632D042
:10E4A00000F526740C2204F12C011E46B4F8290054
:10E4B000ADF8300394F82B008DF83203E0690E902C
:10E4C000A0690F90E0681190A068179094F8280058
:10E4D0000990606A1090206A169060690790206920
:10E4E0001A9060680C9060780B900DF5CE60B4F8CF
:10E4F00002802FF086FAB446CDF828804FEA182E15
:10E50000A26BE36B0AE020981AF0E7F909F5467070
:10E5100014F077FB4FF0FF0C4FF0000ED9F880029B
:10E5200001210130C9F880022868013828605FFAAB
:10E530008CF50120FF2D08BF03218AF8001019D0A7
:10E540001999FE2DCDE9133208709DF832038DF82C
:10E550009E03BDF83003ADF89C030DF5CE60E8A92D
:10E5600090E8580058C1DDF88090DDF8308040F028
:10E570008480EBE003208BF86C049BF8840488B162
:10E58000032841F0DD819BF882040BF2824AB8B186
:10E59000032841F0D881DBF878146446DBF8740472
:10E5A0000A781AE0DBF870140BF2824A08680A79DC
:10E5B00000218BF882148BF88024CBF87C0403E0D4
:10E5C0009BF88024DBF87C0464460BF281418BF8D5
:10E5D0008124CBF87404CBF8781419F04CFF06466C
:10E5E0000068002841F0A0814FF0FF30894630607C
:10E5F0000021307B012804D106F58C7014F0F4FA68
:10E60000317BD6E90102904201D1C90714D0002123
:10E610003173411C06EB0010B1F1100218BF0A461D
:10E62000726050F8108FB8F1000F05D04168179153
:10E6300081681191C26808E020981AF04EF906F539
:10E64000887014F0DEFA4FF000083068A44601210B
:10E6500001303060D9F800000138C9F8000001200D
:10E66000B8F1000F08BF03218AF8001000F069809C
:10E670008BF884044FF0000E1A929DF89E03A7F1C8
:10E6800068038DF87203BDF89C031946ADF870035A
:10E69000E8A890E854006FEA0C00000654C120D0AE
:10E6A000179C4FEA1849119E4FF0000ACDF830C070
:10E6B0000020CDF820E0310C4FEA144C19910024D1
:10E6C000DFE805F0B8B80884779EA78AB380B06504
:10E6D0007AA5578202214CEA06400C910290002054
:10E6E000A2E0DBF854040179006810F085FC1A9A66
:10E6F000ED92119AEC92179AE890DBF85404CDE968
:10E70000EA82D0E902450DF5CE608DF8A413E8A9A0
:10E7100009F016FB9DF87096B9F10A0398BF002323
:10E7200016941095B3B1012B40F0C680BDF87C263D
:10E7300020462B6BE8A99847C00740F0AE80012324
:10E74000BAE00320DDF880908BF884041899032048
:10E750000870D6E2A9F102000223082800F2AC807A
:10E76000DFE800F00592AAAAAAAAAA790500EB6A36
:10E770008BE09DF8720307F8260CBDF8700327F8AC
:10E78000280C24A893E8160016C00F210CE09DF871
:10E79000720307F8260CBDF8700327F8280C24A88C
:10E7A00093E8160016C00C214CEA064002900C912A
:10E7B00023E005200C900EE04CEA064002900D206C
:10E7C0000C9034E00A2031E010212CE04CEA0640A5
:10E7D000029003200C9021E09DF8720307F8260CAC
:10E7E000BDF8700327F8280C24A893E8160016C07B
:10E7F00004214CEA064002900C910020002419E00C
:10E8000006214CEA06400C91029040460CE00E2195
:10E8100009E04CEA0640029007200C90CA464446A4
:10E82000404607E00B210C9104E009200C90CA46F9
:10E830004446404618904FEA0A40DDF830C0DDF803
:10E8400068E0DDF85C80DDF81C90DDF808A0119030
:10E8500004F47F4044E0E2480DF56878DDF878166E
:10E86000DDF874460840EE6A4042054640B134F88F
:10E87000022B41461698B047C00705F10200F4D0BC
:10E88000002D18BF012506E02B6BBDF87226E8A904
:10E89000204698470546E80702D0099103230BE07C
:10E8A000B9F10A0F07D0B9F1030F3FF448AF0223C3
:10E8B000B9F1020F00D10023DDE9E8804FF0080C28
:10E8C000ED990E914FEA184242EA004A000CEC9989
:10E8D0001990002011900F911893DDE9EAE90020CA
:10E8E00017F8262CA7F1A8038DF89A2337F8282CBF
:10E8F0001C46ADF8982324AA92E862005A4662C4E6
:10E9000001218BF88814C8EA0A4B19991E9D090445
:10E91000119E41EA1A411991C5F804140F99C5F8DE
:10E9200010140E99C5F814141899CDF868E0C9B2FE
:10E93000C5F808E441EA0008089948EA0600C2F868
:10E9400004040A98DDF82CE0C0B2C5F800B440EA2F
:10E95000012A099882F828041698C2F82004109811
:10E96000C2F82404BDF89803A2F829049DF89A037C
:10E9700082F82B0402F22C40C5F80C94A2F802A4F1
:10E9800082F801E482F800C493E8160016C01498D7
:10E99000C5F830041398C5F834045FFA8CF00828E1
:10E9A00000F2CD81DFE810F0090034001A003F00CA
:10E9B000CB01CB01CB01CB0158008A4813F08EFC70
:10E9C000894813F069FC0B9C200600F09980874869
:10E9D00013F062FC204611F015FC95E0844813F01A
:10E9E0007DFC43F60950199BABFB001203FB002290
:10E9F000480A510A40EAC250F6F7C4FB504611F0EB
:10EA0000BBFB1A997D20A1FB001209FB00221AE032
:10EA10007848744613F062FC204611F0C9FD0A984C
:10EA200011F0C6FD15E0744813F058FC734C5046C5
:10EA3000A0474046A047300CA0477D20199BABFB68
:10EA4000001203FB0022080B110B40EA0250F6F7FC
:10EA500099FB13F0ABFD72E1DDF888B028220BF2D0
:10EA6000DC450BF2044119F0CFFBDBF8DC040BF5BD
:10EA70009C64002800F08A80DDF84880012840F07E
:10EA80009B8020460AF0E6FDDBF8441480B2098939
:10EA9000884240F096800DF5CE60214609F050F98D
:10EAA0009DF87006B0F10A0198BF0021DDF8809052
:10EAB000002900F00984012940F00984DDF874067A
:10EAC0000DF54C7ADDF87816CDF848800144CDE993
:10EAD000CC01E8AE5146304607F07CFD19F096FEB9
:10EAE00040F0F8839DF8A183DFF86C0E13F0F6FB7D
:10EAF000404615F02FFB13F059FDDDF8488092E0F9
:10EB0000DFF8580E13F0C8FB00203D4C13F0C4FB97
:10EB100013F04CFD2068219CC00540F0F486DFF81E
:10EB2000441E4868B0F5007F1AD04FF400724A6066
:10EB3000C1B2022914D019F0F9FC08BF034608BF7E
:10EB40000121B2EB506F18BF1946C8B2022803D09A
:10EB500001F0010015F0A0FB4FF4007015F058FB18
:10EB6000207805214FF0FF0C4FF0000A08284FF0E5
:10EB700000041A9104D021986546F6F77CFFAC4654
:10EB80001599A046012000240870A5E10DF5CE607E
:10EB9000214609F0D5F89DF87006B0F10A0198BF3A
:10EBA0000021DDF8488069B3DDF88090012940F04C
:10EBB000DE84BDF87C562EE0DFF8D00D13F09AFB12
:10EBC0000BE020460AF046FD0546DFF8AC0D13F0D9
:10EBD00085FB19F074FC13F0E9FCDDF8809022E06D
:10EBE000FEFFFF7FB400000014000000560100008B
:10EBF00045000000440000004600000079010200CA
:10EC000004ED00E0DDF88090022818BF032840F0F2
:10EC1000AB84BDF87256DFF86C0D13F05FFB19F092
:10EC20004EFC13F0C3FCDBF8DC040BF20456DFE807
:10EC300000F0020202170DF5CE652146202219F0E0
:10EC4000E3FADDF88C062946DDF8882643690020C2
:10EC500000903046F6F7CAFA2846F6F7DBFE16E0D3
:10EC60000DF5CE652146242219F0CEFADDF88C068A
:10EC70000121DDF8882643699DF89006CDE9001052
:10EC800030462946F6F7B2FA2846F6F7DAFE30683B
:10EC9000002800F073824046314618222EF09EFD77
:10ECA00000200BF58A6A8BF8D8040BF59B68524656
:10ECB0000BF58D6E92E87B00F4468CE87B000BF53B
:10ECC0008B600BF59061024692E87800002278C1D3
:10ECD000DBF88014CBF8702439B3CBF890E40BF256
:10ECE000944190E8780078C18BF8D4240BF59265B4
:10ECF0004946284605F034F9A0B1032088F8000001
:10ED000004208BF848049BF8980530B3032840F0A2
:10ED10001486DBF88835DBF88C25DBF89015DBF8FA
:10ED2000940547E02846F7F7ACFA0BF58D60F6F747
:10ED3000B5FE01208BF8D8045046F7F7B5FA219EAE
:10ED40003078082802D03046F6F795FEDDF888B016
:10ED5000239CDBF84404FFF742BB0BF5A4640020BE
:10ED600001218BF84005CBF830150BF5A6638BF825
:10ED70005405CBF844158BF86805CBF858158BF87B
:10ED80008405CBF86C1517CCCBF834050BF26C501E
:10ED9000CBF848150BF5AB61CBF85C250BF2445270
:10EDA000CBF88835CBF88C25CBF89015CBF89405AB
:10EDB000CBF8704524900DF5CE66DFF8DC0B0DF531
:10EDC0006878CC93002447F8A82C002547F8681CE5
:10EDD000CDF88C0624A8CDF88806DFF8C00BCDF856
:10EDE0008406A7F16800CDF88006DFF8B40BCDF8F3
:10EDF0007C06A7F1A800CDF87806DFF8A80BCDF8BF
:10EE00007406CCA8CDF87006202C11D030193159D9
:10EE10004A4640680369404698479DF8A3A3BAF163
:10EE2000FE0F03D0BAF1FF0F11D101250834EBE733
:10EE3000E80700F07D8403208BF898051B99087083
:10EE400005208BF8AF030DF69C1D19F09EB901202B
:10EE5000BAF1010F88BFAAF102005FFA80FCE998BD
:10EE60009DF8AD439DF8ACB3EA9B1990BDF8A12382
:10EE70009DF8A063DDF818E0DDE90451DFE80CF04F
:10EE800002210C1819984FF0000C2B468B46020CEF
:10EE9000060A74461A9014E0012020EA06020020B7
:10EEA0004FF0090C1A902B468B467446002608E05A
:10EEB000100A8B461A9616464FF0090C2B467446DC
:10EEC00002462298214601241892984680F89845D7
:10EED00003A880E80A080691DDF8849099F84800B4
:10EEE00004280DD109F150006546F7F7DDF999F8CE
:10EEF0000000AC46082803D04846F6F7BCFDAC46F7
:10EF0000002C43D01E981999C0F8A614C0F8AA8402
:10EF100022981899A0F8AB141A9980F8A9140399AB
:10EF200080F8B6B4834680F8ADA480F8AA6480F86F
:10EF3000A8C480F8B714DFF8900A13F0CFF9DFF80F
:10EF40008C0A13F0A9F90BF59565284615F01EFCFF
:10EF500013F02CFBDDF8809000208BF8A404DBF884
:10EF6000F403CBF80004CBF804540BF580650DF5E1
:10EF7000CE604A46294605F0F9F89DF87006022849
:10EF800000F00B812846F7F7A2F910E0ACF103007E
:10EF9000052800F29780DDF888B0DDF88090DFE882
:10EFA00010F0220006007B0104014401FE00002055
:10EFB000239C8BF898050BF570718BF848040BF5C2
:10EFC0007870CBF82C050BF57472DBF8F4030BF5B5
:10EFD0008066CBF82045CBF82425CBF82815CBF854
:10EFE0004004FFF7F7B91898E34AABF802041A98FF
:10EFF0008BF801648BF800041068C00540F083842E
:10F000002198DFF86049056861688D4232D0C8B246
:10F01000656002282ED005F47F40002300260222DE
:10F02000B0F5807F08BF2E4608BF0122B3EB556FB5
:10F0300018BF324601F47F46B6F5807F4FF00200DC
:10F040004FF0000604BF0E460120B3EB516F18BF0E
:10F050003046C1B202291CBFD2B2022A40F08E82D1
:10F06000022903D000F0010015F016F9284615F02A
:10F07000CFF8C14ADBF8F4031168C90540F04384B6
:10F0800009211E9B8BF8AC1400218BF8A814218851
:10F09000A278A3F8A5140BF2AC4183F8A724CBF80F
:10F0A0000404CBF808140BF204450DF5CE604A4673
:10F0B000294605F05BF89DF8700602287FF462AFE0
:10F0C0000420BBE6DDF888B0BCF1FF0F7FF46FAF22
:10F0D000DFF8E00813F002F9DFF8DC0813F0DCF8E1
:10F0E0001A98A54DC4B2042C03D1042013F010F9D2
:10F0F000304613F00DF913F059FA052C7FF457AF91
:10F100005846DBF8E0B3D0E9F9A02968C90540F01A
:10F11000FA83DFF8A8180AF039FC0646D0E9005453
:10F12000006B06F13809884601383063484606F01E
:10F1300077F919F087FA7AEB0000C0F025810DF518
:10F14000CE6A494650460AF06BF819F061FD07D0C7
:10F15000411E0DF5CE6010F065F8002800F0F28039
:10F16000E8AD9AE81E0028461EC028460CF044F977
:10F17000002800F0E78019F000FCF6E70BF5A1602D
:10F180000DF5CE6890E87C004146DFF804087CC1AC
:10F1900013F0A4F819F0E0F85BE406204EE61A98A4
:10F1A00000F00100F6F7FAFA01E773480068C005BD
:10F1B00040F0A983DFF8F8472068002840F07A8300
:10F1C00019F0E5FD207E012807D100202076206976
:10F1D0000130811E18BF01462161E16E0020002927
:10F1E00058D0D4E9040204F1340604EBC2031962D6
:10F1F0001A991977511C8A1E18BF0A4662619042FB
:10F2000004BF01202076D4E902010022E56A013022
:10F2100041F10001E262C4E90201CDB356E90110F7
:10F2200049688847013D0836F7E753480068C0053C
:10F2300040F06983DFF870472068002840F03A8387
:10F2400019F0A5FD94F84800012807D1002084F8A2
:10F250004800206C002818BF01302064A16B0020FA
:10F26000C1B1D4E91002002A04EBC20319651A994E
:10F2700083F84C1018BF01326264904204BF012031
:10F2800084F8480018F051FE04F1100014F03EFE1E
:10F290002068013020608AE61E990020C1F8FD0335
:10F2A000C1F8F90302208BF80004DFF8BC06CBF8A4
:10F2B0000805D9F800100BF580600FF045FF002815
:10F2C0003FF475AE0520B9E503283FF4F7ABDFF84E
:10F2D000AC0619E3E99B4FF00E081795092B3FF692
:10F2E00003AC18940024DFE813F00A0064017C01E9
:10F2F0004D01920132029F018901A8015A01A7F133
:10F300006800022547E91AA5F8F75AF9C0074FF037
:10F31000000040F0AA828846CAB20E21022A1CBF11
:10F3200057F8642C002A00F0A08257F8686CE8A80F
:10F33000314607F04FF919F069FA40F03D829DF827
:10F34000A11391E20DF5CE650020D6E90E12891ABF
:10F3500018BF012196F840201143C9070ED0B16CA7
:10F3600061B92846494614F029FE9DF87006FF2829
:10F3700000F0BE800120E8E704ED00E0C0071CBFFC
:10F3800006F1240014F003FED8F80000E74901302C
:10F39000C8F800002298D0E9F4BAD0F8D803096878
:10F3A000C90540F0B082DFF814160AF0EFFA0646FD
:10F3B000D0E90054D0F8FC0006F10809884601386D
:10F3C000C6F8FC00484606F01CF819F03BF97AEB49
:10F3D00000003BD30DF5CE6A4946504609F0FBFECE
:10F3E00019F016FC05D0411E0DF5CE600FF02CFF74
:10F3F00060B1E8AD9AE81E0028461EC028460CF011
:10F4000014F818B1016901390161F7E70DF5CE650E
:10F410000020D6E90212914202D1327CD2070FD0ED
:10F4200001EB810106EB8101496A49B92846494649
:10F4300014F082FD9DF87306022859D00120E8E7F8
:10F44000C0071CBF06F1D80014F097FDD8F80000E3
:10F45000B6490130C8F800002298D0E9F0B9D0F8D8
:10F46000C8030968C90540F04E82DFF850150AF05C
:10F470008DFA0646D0E90054406C06F1080A884629
:10F4800001387064504605F0DAFF19F0DBF879EBCB
:10F49000000037D30DF5CE695146484609F0D8FE35
:10F4A00019F0B6FB05D0411E0DF5CE600FF0BAFE87
:10F4B00058B1E8AD99E81E0028461EC028460BF05A
:10F4C0009BFF10B119F059FAF8E70020D6E90212B3
:10F4D000914202D1327CD2070ED006EBC10189697C
:10F4E00051B9504609F0CCFEC1B201200229EDD13C
:10F4F000DFF8CC0412F03CFDC0071CBF06F1380059
:10F5000014F045FDD8F80000DDF888B00130C8F8E7
:10F510000000DDF88C80DBE9EC01D8F80820F6F774
:10F5200091FB01208BF8F803DFF8980412F0E2FE5B
:10F53000DBF840039BF84423D0E900010AF0D5F83A
:10F54000DBE9D2010A690BF5507190479BF844132F
:10F55000DBF84003F6F702FA0020DDF880908BF824
:10F56000AE03724CFEF7B2BD0A283FF452ABDFF88F
:10F57000180412F0B3FE13F0C3FBDAE191427FF4FA
:10F5800071AD73E5E8A8CCAD18F0DAFF19F03EF9DB
:10F5900060D19DF8A11302200022189C74E0E8A815
:10F5A000CCAD18F0CDFF19F031F97BD19DF8A183D6
:10F5B000AFE00220CDE924A024A8F7F762FF18F0FD
:10F5C00042FF314607D0C0074FF00E011CBF2598FF
:10F5D000002840F0CF80A7F12800FF23002401700D
:10F5E00093E0CCA8F7F754FD19F08BF97FF47CAACF
:10F5F00008F001001A9000240223A8E018F00AFF86
:10F600003FF472AA007800241A9007239FE0CCA947
:10F610003046F7F7E5F919F0F9F86CD19DF8A10338
:10F62000FF2307F8280C70E018F0F4FE3FF45CAA02
:10F63000007800241A90062389E0CCA8F7F728FD6B
:10F6400019F05FF97FF450AA08F001001A90002425
:10F6500008237CE0E99E0220189C0E210022032E44
:10F6600012D8CDE9245024A8F7F70BFF19F0D5FAEA
:10F67000294607D0C0074FF00E011CBF259800286F
:10F6800040F0BD80022000220244C8B2D1B21A92DA
:10F6900002EB0020022900F0F1800024032347F848
:10F6A000280C54E0E998DDF888B0DDF88090002857
:10F6B000189C42D001287FF417AA01202946CDE9E1
:10F6C0002450E8A806F086FF19F0A0F83FF40AAA33
:10F6D000E99D022D3FF608AA24A8F7F71FFEC1B244
:10F6E000C0F30728FF293FF4FFA9022900F0308169
:10F6F00000F0010022E0701C04239DF8A62301798C
:10F70000006807F8241C47F8280C17F8288CFF2BF2
:10F7100006D1DDF888B0DDF88090189CFFF7E4B9D9
:10F72000CDE919289DF870B311E000BF04ED00E0A9
:10F73000A748A121A74A11F0CFF802201A9040EA69
:10F74000082007F8265C002427F8280C09231798BE
:10F750001E4657F8275CF6F7F3F9280AB4461890C6
:10F760004FEA156A21982E46007808287FF403AAEC
:10F77000FFF706BA24980321CDE9E801E8A8F7F7D6
:10F78000B5FE0546000EFF2804D14FF4003060F3AB
:10F790001F2594E07A4C022800F0D880E8A8F7F7FB
:10F7A000A5FE0146000EFF2875D14FF4003060F32E
:10F7B0001F2188460D4682E0E99A002A40D00E219A
:10F7C0000020012A51D10220CDE9246024A8F7F7B6
:10F7D00058FE18F08BFF214645D0C0074FF00E01B0
:10F7E0001CBF259800283ED02499E8A806F0F2FE18
:10F7F00019F00CF840F08C809DF8A11333E02499A7
:10F80000E8A806F0E7FE19F001F802D19DF8A1136F
:10F8100038E7DDF8A4830E21B8F1030FBFF432AF4F
:10F82000CCA8F7F740F9C0074FF000024FF00200F4
:10F8300001BF280440EA066201F00100414623E7C7
:10F84000CDE9E865E8A8F7F71CFE19F0E6F92946C6
:10F8500009D00E21C00706D0E8A8F7F712FE18F06D
:10F8600045FF21464AD1022500202A18C8B2189C1B
:10F87000D1B202EB002002291A9207D1DDF888B03C
:10F880004FEA1028DDF88090FFF72EB900230024FE
:10F8900047F8280C5BE7022858D0E8A88846F7F715
:10F8A00025FE010EFF2908D14FF4003161F31F201E
:10F8B000054604E03D4812F065FB022946D005F0FC
:10F8C0007F434FF47F012A46B3F1007F61F31F228B
:10F8D00018BF2A46150EFF2D01D111467BE60E21D9
:10F8E000022D3FF478AEB3F1007447F8272C18BF0F
:10F8F00004460123DCA83146424670E60E21C007CB
:10F90000B1D0002109E0164812F0F4FC12F09CFD81
:10F91000E99D0E21032DA6D20121E8B208F00105D0
:10F92000000440EA0460A0E7104812F0D7FC15F08C
:10F93000D9FC12F03BFE12F087FD164812F0DDFBF9
:10F940000C4812F0DAFB0A4812F0D7FB2546B6E75E
:10F950004FF00E08DDE600BFBA00000047010000CE
:10F96000AE0000009C99032088DC0320C300000047
:10F9700084080400A409040041000000F000000015
:10F980000E00000240000000080100001900000005
:10F990005B000000A80304003403040020030400FB
:10F9A0000C030400F802040028E50320803404005E
:10F9B00080E50320BC000000D4010000440A0400DC
:10F9C000BC0F04003E0000001C000000CA01000043
:10F9D0004803040098030400B0B502AF0D68044664
:10F9E000286848B11168281D00F06EFDC1B20229D7
:10F9F00005D1FF21022005E0FE20E070B0BD00210E
:10FA0000296002216060E170B0BDB0B502AF0D6841
:10FA10000446286860B11168281D00F017FEC0B2C6
:10FA200002280FBFFF21002129600421207000E07F
:10FA3000FE21E170B0BDD4D4F0B503AF2DE9000FC5
:10FA40008DB00B680646186888B1187E0593CDE91D
:10FA5000012670B103281CD1194611F8140F88B182
:10FA6000032819D10020D3F81090049017E0FE204D
:10FA7000CDE00020194601F8140F51F8109C41F810
:10FA80000C9C01E0D3F808900020C3F80C9004907F
:10FA900064E0694812F031FB664812F02EFB6749BA
:10FAA000D9F808000968C90540F0BB80654909F02C
:10FAB0006DFFD0E900640D4606903830D9E900BAF0
:10FAC000079005F0ADFC311A64F10002BBEB0103B5
:10FAD0004FF000087AEB020338BF4FF00108B8F18D
:10FAE000000F31D1ABEB0106B04249D908AC079900
:10FAF000204609F095FB204631460FF093FB002885
:10FB000000F0898018F039FF314306D081780088F1
:10FB100040EA01400390000A11E008A8079914F098
:10FB20004DFA9DF82000FF2878D00698DDE908649A
:10FB3000243014F02CFA300A039640EA04601BF1DA
:10FB400001014AF100020490C9E9001218F09BFC7F
:10FB5000B8F1000F05D0059BD3F80C90C3F81090B6
:10FB60009DE7039B0120059AD9B2FF29107508BFB4
:10FB7000032010761DD00020029E1060049A3BE006
:10FB80000198DDF818A0029E02685AF808CFD2E961
:10FB900000940AF104084FEACC01424661B11346D1
:10FBA000083958680832844204BF18688145F5D185
:10FBB0001AE0FF23029E1FE0BCF1030F04BF504672
:10FBC00014F08DF9D9F8001020468847DAF80020A3
:10FBD000022A08D848F8320008EBC2004160501CE5
:10FBE000CAF8000000E008BB2868FF23059901302F
:10FBF0002860032008760875100AD9B2B07041EA6F
:10FC0000022030800520FF2908BF4FF0FF30F07040
:10FC10000DB018F0BABA0E4812F0AAF90B4812F05B
:10FC2000A7F9074812F066FB12F00EFC18F090FEE0
:10FC30000548F7E790050400F40A040004ED00E02D
:10FC4000AE000000540A04009E000000AC0F040047
:10FC50009C0F0400F0B503AF2DE9000F8BB00B68CB
:10FC6000196849B1197C0493CDE9022039B10329FF
:10FC70000AD1D3F80C800CE0FE21C170A9E0D3F8C2
:10FC80000480C3F8088002E0594812F036FAC3F83D
:10FC90000C805849D8F808000968C90540F0A280CE
:10FCA000564909F073FE0646F0E802B58946D8E9E0
:10FCB000004A05F0A6FBBBEB000165F10002631AE8
:10FCC0007AEB02030AD2C8E90012D9F80000049BBB
:10FCD0000130C9F80000D3F80880D8E7611A4D4612
:10FCE00006F10809884221D9029406ACD3468A4617
:10FCF0002046494609F06FFA204651460FF0A4FA13
:10FD0000002869D001690139016151EA0A011BD05B
:10FD1000C478D0F80A20D0F80630B0F80490817882
:10FD20008DF816100188ADF814102AE0029818F02A
:10FD3000D4FD06F1B40005F0DFFC28680499013019
:10FD40002860032008742AE006A8494614F0F4F855
:10FD50009DF81B40022C42D09DF81A008DF8160029
:10FD6000BDF81800ADF81400DDF81E00019006F192
:10FD7000D800DDF822A0BDF81C9014F0FEF8019B1D
:10FD80005246029801304BF10001C8E90001286891
:10FD90000499013028600120022C087401D1FF244D
:10FDA00009E000200860BDF81400ADF818009DF8C7
:10FDB00016008DF81A0003999DF81A008870BDF896
:10FDC0001800C1F806300880A1F80490CC70C1F882
:10FDD0000A200BB018F0D9B90A4812F0C9F808483F
:10FDE00012F0C6F8044812F085FA12F02DFB00BF9D
:10FDF0009005040004ED00E0AE000000540A040089
:10FE0000AC0F04009C0F0400F0B503AF2DE9FE0F0A
:10FE100088460168086868B1087E029160B10328CD
:10FE200017D10A4612F8140F019278B1032813D1A2
:10FE30000E6915E0FF20BAE000200A4602F8140F10
:10FE4000019252F8106C42F80C6C00E08E68CE60A3
:10FE500005E05F4812F051F95C4812F04EF90E616E
:10FE60005C49B0680968C90540F0A4805B4909F0A5
:10FE70008DFD0546D0E90032007C8A46D6E9009B1C
:10FE8000022130B9D5E90241A142A1EB040138BFFA
:10FE900002315B1A62F10002B9EB03047BEB02044E
:10FEA00009D2DAF8000002990130C6E90032CAF836
:10FEB0000000CE68D3E7A9EB0304A14211D9D5E92C
:10FEC000022105F11403914208BF002817D003EB6B
:10FED000C200914291BFC2F102028A1A002104239A
:10FEE00011E0D8F80000D0E9001205F1240005F077
:10FEF000D1FB18F049FE03200870012047E00022E2
:10FF000004200423002103EBC101039000EBC20095
:10FF1000059306910490009454B103ACDDF8008081
:10FF200020460BF069FA002849D0B8F10108F7D152
:10FF300003A80BF061FA002841D04168009A01390A
:10FF40004160114302D0B0F8008015E0D5E902010C
:10FF5000884202D1297CC90734D000212974411C70
:10FF60008A1E18BF0A4605F11401AA6031F83080D4
:10FF700005F1300014F00BF819F101004BF100010C
:10FF8000C6E9000118F000FE012008700020C1073A
:10FF90004FF0010118BF0321029A117618BF01200A
:10FFA000C00711BF0220002010604FEA084007B0D0
:10FFB00018F076BA084812F09DF912F045FA09488F
:10FFC00011F0D6FF064811F0D3FF00BF90050400E2
:10FFD000F40A040004ED00E0AE000000540A04003E
:10FFE000AC0F04009C0F0400D0B502AF0468206879
:10FFF00030B1207E30B1032808D00F4812F07DF8D0
:020000021000EC
:10000000FF20D0BD002020756068A060096804F161
:10001000080000F01BFBC1B201200122022908BF29
:100020000322227601D10220D0BD00222260C9071E
:1000300018BF40F20110D0BDF40A0400F0B503AFC0
:100040002DE90007804691F830000D46DFE800F00A
:100050000383861C4B00D5E9004005F11009AC6014
:10006000616801EB003648462021EE602DF02DFB43
:100070003C4A484601210EF0FBFF0022C5E90D4035
:1000800085F84420C5E90F1605F1340004F0B6FFE9
:10009000411C2ED12E46552116F8100F4FF00009A5
:1000A000314A01EA5001401A332101EA900100F07F
:1000B0003300084400EB101000F00F0005284FF04B
:1000C000000038BF012086F824003046012156E99F
:1000D00002A40EF0CDFF04F6FF7286F83890C6E950
:1000E0000AA0C6E90C1205F1380004F087FF411C94
:1000F0000BD020F0FF010022C0B20123084385F895
:100100003030C8E9002018F0D4B9287C552295F881
:10011000341002EA5002801A332202EA900200F000
:100120003300104400EB101000F00F0041B100212B
:100130004FF0FF3204284FF0000088BF0120DBE7BA
:10014000042883BF002102204FF0FF3200209CBF13
:1001500002220021D0E7024811F0CFFFFEDE00BFEF
:10016000600404005004040070040400F0B503AF00
:100170004DF804BD84B0054691F889000C4620B1C5
:10018000032829D0274811F0B8FFD4F884100023A1
:1001900094F88A20616184F88820D1E901122069ED
:1001A000511A38BF19460A0B0126012A88BF0E0BC7
:1001B000C4E90060C4E9023620460AF06BFCC007BF
:1001C0004FF0000021D084F8300004F1880062690B
:1001D000C4E90610C4E9082104F1200101A800F0D7
:1001E00093F80199881C0CD002984A1C10D1E1693F
:1001F000C0B209788142DFD1A26901204FF0FF31FE
:1002000007E018F05FF9032007E04FF0FF3100E04E
:10021000039AC5E900100120AA6084F8890004B09F
:1002200018F097B880040400F0B503AF2DE9F00B87
:100230000546087C0C469046DFE800F00360630842
:100240003D00002084F8240018F097FC04F1140904
:1002500001A8494600F058F80198811C03D118F014
:1002600031F9032046E09DF80860411C08D09DF854
:100270000B10BDF80920DDF80C8042EA014133E0A3
:10028000022E89F800602DD1A16804F174060120C6
:1002900060750873304620212DF017FAD4E9020169
:1002A0000023426884F87030042302EB0131C4E972
:1002B0000606C4E9083104F118094146484604F02D
:1002C0002BFF0646023003D118F0FCF8042011E0A1
:1002D00048468846F6F71FF8701C02D0310A002005
:1002E00002E0667D4FF0FF30F2B242EA012185E87C
:1002F000030101202074BDE80F0BF0BD014811F08F
:10030000FCFEFEDE90040400B0B502AF8AB00546E4
:10031000087C0C46DFE800F0035E61140800002052
:1003200084F8440018F029FC04F1140103A8FFF735
:1003300085FE0398811C0FD118F0C4F804203CE01E
:1003400004F1180103A8FFF779FE0398811C11D16D
:1003500018F0B8F8032030E0DDF81110421C0691C7
:100360000599CDF81B109DF810101BD0069ADDF8EA
:100370001B300CE0DDF81110421C01910599CDF8FD
:1003800007109DF8101006D0019ADDF80730CDF85F
:100390002330089208E0204607F82D1C10F8142F8F
:1003A0008A420DD14FF0FF30297128600898DDF89E
:1003B0002310C5F805000120A96020740AB0B0BD63
:1003C0000649049104F10C010391A7F12D0103AA40
:1003D000F5F7EFFF024811F090FEFEDE431A02002F
:1003E000B0040400F0B503AF2DE9000B804691F88E
:1003F00058000D4620B103280AD0144811F07DFEA4
:1004000028680024D0E9011385F854402C1D0BC442
:1004100005F104091146484604F016FE064602306E
:1004200003D103206FF0010609E048460C46F5F7BA
:1004300066FF701CC8E9016418BF0026012085F81A
:100440005800C8F8006018F013B800BFD0040400CA
:10045000F0B503AF2DE9000B804691F85C000D4626
:1004600020B1032811D0174811F047FED5E900014B
:10047000012300240373436885F8584005F10804FC
:1004800003EB013101F580530BC405F10809114656
:10049000484604F0D9FD0646023003D103206FF030
:1004A000010609E048460C46F5F729FF701CC8E92B
:1004B000016418BF0026012085F85C00C8F80060C0
:1004C00017F0D6BFE0040400F0B503AF2DE9000F2C
:1004D00089B00091017B029019B1032904D184688D
:1004E00006E00468446002E0514811F006FE8460B2
:1004F0005049A0680968C90540F090804F4909F04B
:1005000045FA8046F0E802950E46D4E900BA039019
:1005100004F068FFB9EB000165F10002BBEB0103D9
:100520007AEB020306D2C4E9001218F024FC029808
:100530004468DCE7D146DDF80CA0ABEB0101019685
:10054000884213D904AE0D465146304608F01EFECF
:10055000304629460EF066FE002859D018F00DFAF4
:10056000294331D05D46D0F800B03CE045460098C4
:1005700055F854AFD0E900B405F104084FEACA00B9
:10058000424648B1114608384B6808329C4204BFC5
:1005900009688B45F5D12EE0BAF1060F04D1284643
:1005A00005F0E6F8D5F800A0DBF8001020468847F3
:1005B000BAF1050F1ED848F83A0008EBCA004160AE
:1005C0000AF10100286016E004A851465D4608F0D3
:1005D000EBFD9DF8100002281DD008F18800DDF821
:1005E00010B013F0CAFC681C49F10001C4E9000115
:1005F000012003E0B8B94FF0020B0320019E3168DF
:100600000131316002990873584609B017F048BFAC
:100610000D4811F0ADFC0B4811F0AAFC064811F092
:1006200069FE11F011FF18F093F90548F7E700BFD4
:100630009005040004ED00E0AE000000540A040040
:100640009E000000AC0F04009C0F0400F0B503AF47
:100650002DE9000F89B00191017B039019B10329A5
:1006600004D1856806E00568456002E04E4811F057
:1006700044FD85604D49A8680968C90540F08B8034
:100680004C4909F083F98246F0E8029B8846D5E997
:100690000046049004F0D3FEB9EB00016BF10002B8
:1006A000631A76EB020309D2D8F80000C5E90012FC
:1006B0000130C8F8000003984568DAE7CDF808A0D3
:1006C000B146DDF810A0661AB04212D90DF1140B34
:1006D0005146584608F0BCFD584631460EF0A2FD82
:1006E000002852D018F049F931432CD090F800B0CE
:1006F00035E0029E019856F824CFD0E900A4351DBC
:100700004FEACC012B4649B11A46083950680833E4
:10071000844204BF10688245F5D12AE0BCF1020F83
:1007200004BF304613F0F2FBDAF800102046884789
:100730003268012A1CD845F8320005EBC20041603E
:10074000501C306015E0504608F09AFD5FFA80FBBF
:10075000BBF1020F1CD00298383013F018FC601C5B
:1007600049F10001C5E900010BF00100012102E09F
:10077000B0B902200321D8F800200132C8F80020C7
:10078000039A117309B017F08BBE0D4811F0F0FBFE
:100790000A4811F0EDFB064811F0ACFD11F054FED3
:1007A00018F0D6F80448F7E79005040004ED00E0DF
:1007B000AE000000540A04009E000000AC0F0400CC
:1007C0009C0F0400F0B503AF2DE9F80F044690F834
:1007D00020000091604A04F1240BDFE800F003B828
:1007E000BB0F6A000020944684F8220059466069D5
:1007F000A061204690E86C006CC162464FF48076A0
:100800009046C2F88060BFF34F8FBFF36F8F12F036
:10081000D7FC0098524DD0E9001205F1200012F0EB
:10082000F0F9D5E9000101302860C8F8006009B18D
:10083000032071E04FF00009264606F8219F494841
:1008400031462BF01BFB002877D40120E66184F8A9
:1008500022000DF1040A9BE84E004FF4807B5046C5
:100860004EC0C8F880B0BFF34F8FBFF36F8F12F048
:10087000A7FC6FF001006861281D9AE84E004EC089
:1008800047F23050686340F20110A885A069E86122
:1008900000F57A70286317F0F6FD05F8289FC8F870
:1008A00000B094F8210029462BF03CFB424600287A
:1008B00037D44FF480781546C2F88080BFF34F8F4D
:1008C000BFF36F8F12F07CFC0098254ED0E9001228
:1008D00006F1200012F095F930686FF00101D6E9B9
:1008E000059A01303060716119F10200C5F800808D
:1008F00011D019F1010015D194F821004FF0000931
:1009000084F822902BF0F0FA00280AD484F8229080
:100910004FF0FF3912E0042084F820006FF0010945
:100920000FE0824694F8220018B1E0690078F5F7EC
:100930000DF8002084F8220000E08246012084F8AF
:1009400020004846514605B0BDE8000FF0BD034801
:1009500011F0D3FBFEDE00BF00E100E0E40504007F
:1009600058790320B5330200F0B503AF4DF804BD4C
:100970000446007A154D20B103280FD0144811F019
:10098000BCFB144A60681060012050600022C5F86A
:1009900004210222C5F80423286068600E48D1E9CA
:1009A0000012203012F06AF9D5F8046136B1002047
:1009B000C5F80401F5F71AF9012000E003202072C0
:1009C000B6FA86F0400917F0A9BC00BF00700040DD
:1009D000140604002C760040F8E60320F0B503AFBF
:1009E0002DE9F00B0546087B0C46DFE800F00369B3
:1009F0006C0A320020686060406800F5C0602061C9
:100A000000E0206911460AF027F8E0B3A0606068B2
:100A1000406807F01FFDA0B36068406800F1100156
:100A200002A816F0B9FA9DF80800012829D104F1AE
:100A30001000BDF80D10ADF8041081806168DDF87C
:100A40000920026009680092002284F82020C4E98D
:100A5000061004F1180102A804F0CAFB9DF8080072
:100A6000FF2814D00298C1B2022914D160684668E8
:100A700011F064FF626817F08EFDC6F81806C6F81C
:100A80001C16FE260FE0FD202870032014E0FD2038
:100A90002870042010E0DDF80C90010A00F001003D
:100AA000464241EA0968A068F5F7B2F80120C5F8A6
:100AB000049085F801802E702073BDE80F0BF0BD07
:100AC000014811F01AFBFEDEE4060400F0B503AFA6
:100AD0002DE9000FA3B0814691F8A80001F1400A6A
:100AE00088461546DFE810F00B0026022C022F0086
:100AF0007D001B00C000EA0027018701290308F1DF
:100B00002000D8F8886041462022C8F88C602CF07C
:100B100078FF706800F5C060C8F8B00015E098F87C
:100B20001D0108F21D110191DFE810F00700070216
:100B30000A023D01D7013A0145010AF17003D8F8D4
:100B400018510FCB8EE1D8F8B000294609F084FF88
:100B5000002800F01081C8F89000D8F88C00406898
:100B600000F5BA6004F0B8FC002800F0B380D8F8B3
:100B70008C00406800F5B76004F0AEFC002800F07F
:100B8000A980D8F88C00CB46406800F5BD6004F021
:100B9000A3FC002800F09F80D8F88C0008F1B00971
:100BA000406800F11001504616F0CEF99AE82E0088
:100BB00042EA050041EA030630430AF1100011BF82
:100BC0002EC00021C0E90011C0E90211D8F88C1034
:100BD000002088F8B0000968C8E92D19D94688F8BE
:100BE000BC001AAD08F1B401284604F0D3F917F09F
:100BF0001FFE00F0C4801A98C1B2022940F0C780DD
:100C0000D8F82000022800F0D980012840F01B818C
:100C100008F1280C0AF120019CE87D007DC10AF151
:100C2000200317F04BFB00F00A8198F8764088F813
:100C3000A9400AF138040FC4DFF8F40511F05AFB9B
:100C400098F8A900414601F8B00F31F83C0C51F872
:100C5000242CA1F8050051F8400CC1F801001068DF
:100C600000220A74C1E9020108F1B8011AA804F0CF
:100C7000E7FA17F0DDFD00F0868098F8A9004546F8
:100C800005F8B00F1022A5F1380155F8400CC5F851
:100C9000010035F83C0CA5F80500E81D2CF0B1FE6C
:100CA00005F11700A5F1600117F0D8FA55F8240CEA
:100CB0000021006885F83010C5E90A0508F1D8015F
:100CC0001AA804F0A9FA17F0B3FD06D117F067FDD2
:100CD00007209DE2CB46FE2589E217F020FFCDF8E4
:100CE0001B20069110D08DF868000698CDF8690099
:100CF000DFF84005DDF81B101B9111F0EFFA1AA880
:100D0000F4F7E4F811F052FC98F8A900414601F814
:100D1000BC0F0120C87151F84C0C51F8302CC1F8AF
:100D2000010031F8480CA1F805001068002201F814
:100D3000042C41E9030108F1B0011AA804F03EF9BE
:100D400017F076FD03D117F02AFD082060E217F0B6
:100D5000E6FECDF82320089171D08DF86800089840
:100D6000CDF86900DFF8D004DDF823101B9111F0F5
:100D7000B5FA1AA85FE017F012FD032048E217F059
:100D80000EFD042044E217F00AFD062040E21B9EFF
:100D9000010A00F00100CB46454241EA066926E21D
:100DA000CDF80090CDE098F82801C0076DD0DFF8AD
:100DB0006C0411F0A2F9CDF80090EAE008F12800E7
:100DC0005EC85EC500882880DFF85C0498F83E4065
:100DD00011F090FA4046BDF87C1000F8B04F0022A8
:100DE000A0F805101E99C0F8011050F8241C0968DD
:100DF0000274C0E9021008F1B80110A804F020FA4A
:100E00009DF84000FF2803D117F0C9FC0920FFE13D
:100E100017F0DAFECDF82B200A9110D08DF84000A3
:100E20000A98CDF84100DFF80404DDF82B10119189
:100E300011F054FA10A8F4F749F811F0B7FBFE20AE
:100E400088F894006EE100200AF1700488F81D0112
:100E50009AE80F00D8F88C500FC408F21D14C8F897
:100E6000185101940AF18004C8F810510FC4DFF83A
:100E7000CC0311F03FFAD8F810010021006888F87F
:100E8000281108F59071C8E948011EF038FA0121CF
:100E900088F8281108B100213AE10AF18003CDF861
:100EA000009017F00BFA0AF1900539D008F5907907
:100EB00085E80F00172148462CF04CFD08F237104A
:100EC000294617F0CBF9D8F810010068C8E9520993
:100ED0000020DDF8009088F8500108F5A4711AA8E8
:100EE00004F09AF917F0A4FC01D1042076E017F081
:100EF00016FECDF86320CDF80090189115D08DF82E
:100F000068001898CDF86900CD48DDF863101B9192
:100F100011F0E4F91AA8F3F7D9FF11F047FB04E048
:100F20000020C5E90000C5E902004FF0000BC8F839
:100F300014B16CE0BB4811F0E0F8B94811F0DDF8ED
:100F4000FEDE08F5A47110A804F066F99DF84000D3
:100F5000FF283ED017F038FECDF88720219143D1ED
:100F60000120D8F8101188F8330198F81C0188F88E
:100F70002C01D8F80001C8F82D01B8F80401A8F830
:100F800031010868002188F8281108F59671C8E930
:100F9000480108F5907110A804F010F89DF8400081
:100FA000FF2818D017F010FECDF83B200E912CD062
:100FB0008DF840000E98CDF84100A448DDF83B10B4
:100FC000119111F08BF910A8F3F780FF11F0EEFAF0
:100FD0001BE0052000E00620DDF800900199087074
:100FE00017F0DDFB052013E18DF840002198CDF8C6
:100FF00041009548DDF88710119111F06FF910A8A4
:10100000F3F764FF11F0D2FA7CE0D8F814B1D8F805
:1010100010018C4B4068D0E9041210A816F02EF88D
:1010200010994FF0020C0A68934519D20BEB4B0054
:1010300001EB001E0EF1180CDEF808000590DEF83A
:101040000C000490DEF810000290DEF814901AAA4A
:101050009CE87B007BC29EF831C09EF83000039074
:1010600012990A68013A0A60BCF1020F4AD0059849
:1010700008F1F00ECAF8A0000498CAF8A40002987B
:10108000CAE92A091AAA92E87B008EE87B00039835
:1010900088F80801D8F81401DAE92C320130C8F8D0
:1010A0001401DAE92E0142EA010488F809C143EA91
:1010B00000052C43A9D0CAF8E7301E9BCAF8EB20E4
:1010C00098F80621CAF8EF0008F23710CAF8F310B2
:1010D00008F1D001C8F82131BDF87C3088F8202112
:1010E00088F81C211022A8F825312CF08AFCD8F8A9
:1010F000100108F590710068C8E95201002088F8D5
:1011000050011EE7524811F0F5F8DDF80090FE217D
:10111000012288F8950088F81D210022C8F898203F
:1011200088F894100120414601F8B00F002251F8D0
:10113000240C00680A73C1E901011AAE08F1B40178
:10114000304603F027FF17F073FB03D117F027FB9E
:101150000A205DE01B9ACB46DDF869100228CDF825
:1011600033200C910ED108F19C00D8F89860B8F8A3
:1011700096A098F8945098F8959015A990E81C00BE
:101180001CC134E08DF838000C98CDF83900314896
:10119000DDF833100F9111F0A1F80EA8F3F796FEC9
:1011A00011F004FA08F1940E0DF1400C9EE83B009A
:1011B00062463BC29DF840509DF84190FE2D18BFFD
:1011C000664606F10800B6F802A0DDE90EEC119EB5
:1011D00015AB90E816000EF0010016C308BF664676
:1011E00008BF45424FEA1E2008BF40EA0C69D8F804
:1011F0009000F4F70DFDCBF804600BF10800ABF89C
:1012000002A08BF801908BF8005015A917F066FD2D
:1012100088F8A80023B016F0B8BF00BF940A0400F5
:1012200014070400F4060400260000007C000000FF
:1012300025000000790000007D000000240000006F
:1012400078000000EC3E04007A0000007E00000000
:10125000280000007B000000F0B503AF2DE9000777
:101260000546087C0C469146DFE800F00364670AF7
:101270001C002068A1896060E18117F08AFB606131
:1012800004F11400494609F0D7FB38B3A060008888
:10129000A08200283FD06068466804F10E00C4E9CF
:1012A000066001E0D4E90660B0F8008056F8080F47
:1012B0007168424608F032F9A0B18A4690F86F137F
:1012C00001291AD1D9F8001000F51E7016F082FF1E
:1012D0000220286016F088FF042028E00220286001
:1012E000032024E0164810F0F9FF40460EF07CFF82
:1012F00011F05CF9142001210FE0012180F86F1337
:1013000016F072FFD4E90101D1F804C00021A28ACD
:10131000E389006801E01B200121C5E900100120DC
:10132000EA82AB82C5F810C0A5F80C80AE602074CC
:1013300017F0BFB8014810F0E0FEFEDE24070400FD
:1013400091000000F0B503AF2DE90007ADF5467D33
:10135000804691F8D8018A4620B103280ED02C4847
:1013600010F0CBFEDAF80000514641F8080F0020DB
:1013700051F8043C17F08FF9C1E90C010AF10C098E
:101380006D4628464946F9F78BFC9DF80040FD2C38
:1013900004D1FE2088F80000032033E080AE691CF1
:1013A0000F2216F006FF05F1100142A8F8222BF0DB
:1013B000D3FC4846F4F76CFDFE2C0AD16D46F11CB7
:1013C00028460C222CF01DFB2846F4F72DFAFF24AA
:1013D00009E0C2A80ECE0EC0F82217F06EFB84A85A
:1013E00042A92BF0B9FC454608F1010005F8104B65
:1013F000C2A90F222CF005FB84A92846F8222BF065
:10140000ABFC01208AF8D8010DF5467D17F051B8E4
:1014100034070400F0B503AF4DF804BD054691F85C
:1014200000020C4620B103280ED0114810F065FED2
:101430002068214641F80C0F002051E9023617F0D0
:101440002AF901F12C0343C304F110062846314662
:10145000FAF75EFC2868023001D1032003E0304631
:10146000F4F72BFD012084F8000216F072BF00BFD4
:1014700044070400F0B503AF2DE9000FADF5517D31
:1014800013461F9001F108001E90887C8A460021B7
:1014900000251C91CDF8ACA02793DFE810F01A00CE
:1014A000DB01260F7A007100D202A20064005D0009
:1014B000A9009A00B10036002600FA04B9006B00BA
:1014C000DA004500020EEF00C100160159000301C9
:1014D0002F00DAF804005146CAF800000022006824
:1014E00041F8140F0A72496059E09AF82000C007C9
:1014F00000F09D84DFF8480E10F0FFFD00201A6810
:101500001C904FF0000801F03DBA554615F81C0F2D
:10151000A5F10804DFE810F005008601E90EF703E5
:10152000E000206800F0E9BB5446002114F81C0FCD
:101530001B9116F0F1FDDFE810F005007501D80EE3
:10154000F809D800DAF8140000211C9101F0E5B97F
:101550001A68002001F0FCBC17F007FA40F0668121
:10156000DAF81800DCE217F000FA40F06381DAF8EC
:101570001800AFE200204FF000081C9001F000B806
:101580009AF82800C00700F0A781DFF8B80D10F026
:10159000B4FD17F0EAF940F05181DAF8140001685F
:1015A000002940F03B810221017119F02BFA17F05C
:1015B000A2F88AF81C0040F0AC860AF1340420211D
:1015C000202517F09EFB0820CAE90545CAF81C0033
:1015D00068E117F0CAF900F0ED82DFF86C0D10F049
:1015E0008CFD17F0C2F940F02D81DAF8180058E2AE
:1015F00017F0BBF900F0B082DFF8500D10F07DFD60
:101600009AF82400C00740F02181DAF8205046E320
:101610000020DAF850901C9000201B9000F085BC50
:101620005446002114F81E0F1B9116F075FDDFE8DB
:1016300010F00500F9005C0ECF0D67001B959AF8BD
:1016400020109AF81F20DAF8180000251C9501F0E8
:10165000B5BD544614F8320FA4F11E05DFE810F0B2
:101660000500FE00450E75005D00DAE905604FF0EB
:101670000008169000201C9001F0B8B954460021D3
:1016800014F8280F1B9116F047FDDFE810F0050055
:10169000CB002E0E9D0C7600DAF8140000211C9170
:1016A00001F082BC544614F8580FDFE810F0050032
:1016B000DB001E0E89007300DAE914801D90002003
:1016C0001B9000201C9000F0C4BF00201A681C90E2
:1016D00000201B9001F0BDBC9AF82800C00700F064
:1016E0001C83DFF86C0C10F008FD9AF82800C00786
:1016F00040F0BC8000201B9000201C9001F023B91A
:101700009AF82C00C00740F0B5800021DAE90905FD
:101710001B9100211C9101F06ABD16F099FE16F094
:10172000FBFCDFE810F00500AF00E20D0F0A4F0AE6
:1017300016F0A8FFDAE90E509AF85E2000211C91FD
:101740001D99A1F1270801F0C6B916F081FE16F027
:10175000E3FCDFE810F005009700CA0DE00A1A0B61
:1017600016F090FFDAE90E309AF85E5000211C91D5
:101770001D99A1F1270801F085BA9AF83400C00735
:1017800040F07C800021DAE90B051B9100211C91BF
:1017900001F02BBC5546002115F8A40F1B9116F043
:1017A000BBFCDFE810F005007300A20D3908230030
:1017B0000020DAF864801B9000201C9001F01CB817
:1017C0005546002115F88C0F1B9116F0A5FCDFE89B
:1017D00010F0050029008C0D8C0B19000020DAF8A0
:1017E00060601B9000201C9001F070BB9AF8B00064
:1017F000C0074FD10021DAF8AC001B9100211C91E9
:1018000001F01BB89AF89800C00747D10021DAF818
:1018100094001B9100211C9101F078BBDFF8340B80
:1018200010F0B0FBDFF8300B10F067FCDFF82C0B8A
:1018300010F063FCDFF8280B10F05FFCDFF8240BDE
:1018400010F05BFCDFF8200B10F057FCDFF81C0BEE
:1018500010F053FCDFF8180B10F04FFCDFF8140BFE
:1018600010F04BFCDFF8100B10F047FCDFF80C0B0E
:1018700010F043FCDFF8080B10F03FFCDFF8040B1E
:1018800010F03BFCDFF8000B10F037FCDFF8FC0A2F
:1018900010F033FCDFF8F80A10F02FFCDFF8F40A40
:1018A00010F02BFC0AF11408002D49D0DAF81C10B6
:1018B000DAF81400A94228BF29466A1A4318CAE96F
:1018C0000532E8B3CAE90B010021DAF8000000682C
:1018D0008AF82810CAE908080024CDE97A447AA8D1
:1018E0001DF01BFD002872D182A87AA908220EF0F3
:1018F00059FF8498002800F002838598002840F062
:101900000083DDE98201CDE95A015AA84CA916F0FD
:101910005DFD2CA80CC90CC008230A8889780280B8
:101920008170DDE92C01CDE97201DAE90B01DFF804
:10193000682A009272AA12F0B5F8DAF81850B1E7E6
:10194000DAF800000AF13401202244685AAD16F09A
:101950005BFCDFF8481A04F1180008F017F882AEB3
:10196000044689462946304615F0DAFB04F5A47B87
:1019700031464FF49C7258462BF0EEF982AE594630
:10198000304614F089FA04F5207B3146202258466F
:101990002CF037F882AE5946304615F00FFC04F5AE
:1019A0002870314640222CF02CF816F023FC16F05B
:1019B000E8FF0168CA071FD04268090A0124130A18
:1019C00041EA0261ADF86D31CDF8691115E0000210
:1019D000CDF86F41CDF86B015AA84CA916F0F6FC72
:1019E0002CA80CC90CC00A88897802808170DDF8A7
:1019F000B300DDF8B79077E2002400F11001304623
:101A00008DF8684115F0C8FA9DF80802002818BF43
:101A10003546D5F8011020432F91B5F80510ADF8E3
:101A2000C0102ED0BDF8C000A8F804002F98C8F848
:101A30000000DAF800000068CAE9070800208AF808
:101A400024000AF11C0182A803F0D2FB9DF80802D1
:101A5000FF284DD08298C1B2022940F0438216F08F
:101A600090FF06F0E7FC60B1DAF80000446810F07F
:101A700065FFDAF8002016F08EFDC4F81806C4F8E9
:101A80001C16B14848F29C01CAF82400504640F8A0
:101A9000201F0022DAF8001009688AF81C20CAE921
:101AA000051019F0BFFA8046012000258AF81C00B5
:101AB000B8F1000F40F02D844FF00071504640F80F
:101AC000201FDAF80010CAF8245009688AF81C5060
:101AD000CAE9051019F0B8FA80460120B8F1010FE3
:101AE0008AF81C000AD0B8F1000F40F0128409E017
:101AF0001F99FD200870052000F01CBCDFF8A0082D
:101B000010F0F8FB914A504640F8202F0021DAF8F7
:101B10000020CAF8241012688AF81C10CAE90520AF
:101B200019F09CFA16F0E7FD8AF81C0040F0F183EA
:101B3000DFF8700810F0D2FBFB2010F0C1FB202072
:101B400010F0BEFB10F032FDDAF8000051460068DC
:101B500041F8140F0D72496000208DF868015AA8F1
:101B60001DF070FB78BB82A85AA901220EF080FDFF
:101B70009DF808028399002900F0C6818499002904
:101B800040F0C6818AF80E0001208AF81C000AF194
:101B90001404DFF8140810F0A1FB9AF80E000EF000
:101BA000B1FC10F003FDDAF8000000688AF81C5060
:101BB000CAE9050400208DF80A02ADF8080282A8DF
:101BC0001DF0B2FB20B1804601208AF81C00A0E382
:101BD0009DF80A420121BDF808024FF6FF728AF80B
:101BE0001C100AF1080340EA04400AF1140501023E
:101BF000C0B291435C7241EA0026300AA3F80700A4
:101C0000DFF8A80710F06AFB204610F059FBC6F376
:101C10000F2010F055FB10F0C9FCDAF80000DFF8D7
:101C200090179AF81140466806F5787013F06CFB2F
:101C300084610868DFF87C3701300860D6E9021259
:101C400082A807F0C4FE4FF45E71DDE982025143C1
:101C500031B1C0F84043A1F55E7100F55E70F7E761
:101C6000849816F05EFBDFF8500710F037FB012078
:101C700001240EF081FAFF20FF260EF07DFA10F00D
:101C800095FCDAF800100020CAF817408AF8160010
:101C9000AAF8146009688AF82400CAE907152846DA
:101CA0001DF0B6FA01218AF8241018B1DFF80C07EC
:101CB00010F020FBDAF800009AF81140BAF80F6033
:101CC000456811F0CDFD95F86C1631B90121C5F8C4
:101CD0006466C5F8684685F86C1611F0F7FDDFF804
:101CE000E00610F007FBDAF80000544644F8140F41
:101CF0000021279B254605F8081FCAF8180016F092
:101D000048FECAF820000AF1200016F05EFDA0B1DE
:101D1000DAF81800002116F0D8FD0020ADF83401E3
:101D20004C904CA81DF00AFB90B1804601208AF827
:101D30001C008AF8280001F0F5B91F9903202870CB
:101D4000FD2008700C20F5E200800020571A0300E7
:101D500082A84CA906220EF06FFC9DF808528498C8
:101D6000002800F0D5808598002840F0D0809DF8AC
:101D70000D020122DDF8091200028AF828208AF8F3
:101D80001C2045EA01225A9240EA1160ADF86C012C
:101D9000DDF86B010AF10802AAF80910010C8AF8B3
:101DA00008505171A2F803009088116808431BD0B5
:101DB0000AF1080100208DF8CA008888ADF8C80033
:101DC00008683190DFF8FC0510F088FA31A814F0AB
:101DD00009F910F0EBFB16F0D4FD0178012903D0CE
:101DE000103031A915F0C4F816F0CBFDD0F810165C
:101DF000D0F81406CB0B01F00041C20B43EA40457A
:101E00006FF3DF304018CAE90A5240F2012008BFE0
:101E10001804010640F08280000C0021AAF814008A
:101E2000DAF8000000688AF82010CAE90604DAF837
:101E30001C001DF04BFA16F05EFC8AF8200041F001
:101E40007181DFF8840510F049FADAE90A01F3F745
:101E500099F910F0ABFB16F094FD06F0EBFA0024B4
:101E6000D8B3DAF80000DFF86415406800F5C46004
:101E700007F08CFD4FF0FF32279BC0E9002216F0DF
:101E8000F0F9DAF80000CAE906448AF8C040CAF856
:101E9000A0001A680AF1180482AD21462846FEF710
:101EA00015FE16F05EFD04D11F99FD2008700E206E
:101EB00040E208350DF1CC0B204616F06FFA59467A
:101EC0009DF8098295E81C001CC1F4F716F9FE2E56
:101ED00011D1DFF8FC0410F00DFA00201C90002056
:101EE0001B908BE2DDF80C92010A00F0010041EA40
:101EF000096845420FE26BA89BE80E00C9E29DF815
:101F00000842DFF8D004C7E200F0010500E0002538
:101F1000DFF8C00410F0E2F92846C0E2DFF8B804A8
:101F200010F0DCF913F0C6F8BBE2DFF8B01409F5E5
:101F3000787013F0E9F90E46279910300D68D5E94D
:101F4000001210F05EFE3068DFF89434013030602B
:101F5000D9E9021282A815F091F8DDE982124FF456
:101F60005E7050434FF0FF3BA1F55E710AF15803DC
:101F70000AF118041D9528931794E8B101F55E72D3
:101F800091F8D4160BF1010BA0F55E7001291146F2
:101F9000F3D192F85D034FF0050818908498B2F8D9
:101FA0005823D9E902E90168269201390160100A33
:101FB000DDF8ACA01990A2E2849816F08FFA2B9865
:101FC000DFF82014446D04F5AD66304613F09CF93B
:101FD0008846D5E90012303010F013FE0DF5027A74
:101FE000D4F86015D4F86425DFF8FC33504607F0C8
:101FF00038FDDDE982214FF4B07041430C324FF0DF
:10200000FF30B1B1134602F5B07513F80C29013059
:10201000A1F5B071042A2A46F3D91988002900F0E5
:102020006C815988D4F86095D4F864B50A0A849B09
:1020300002E00026849B00221C68013C1C60D8F84A
:1020400000300133C8F800304FF0060836B1B6460C
:102050002691CDE91802DDF8ACA050E22898DDF811
:10206000748006684146746804F5BA69484603F00E
:102070000BFAC0B2032102281FD104F5B760414614
:1020800003F002FADDE9115BC0B20421022817D186
:1020900004F5BD60414603F0F7F9C0B205210228FE
:1020A0000ED1706806F0C6F900B3706806F0D2F978
:1020B0000721D8B1AC46DE4605E0DDE911CE01E0EE
:1020C000AC46DE46269089464CA87AA94FF0000B14
:1020D0004FF0070890E87C007CC110981590CDE97E
:1020E00018ECCDE911CEDDF8ACA006E2484603F0CD
:1020F000F3F9A0B304F5B76003F0EEF978B304F593
:10210000BD6003F0E9F950B3B84904F5C46007F0C5
:102110003DFC88461D990646203016F05BF8D6E94E
:1021200000904FF0FF31C6E9001100EA09000130CC
:1021300013D0307A2690F07A109006F10C0096F8C1
:1021400009C096F80AE04CA990E87C007CC1D8F858
:1021500000000130C8F80000B6E715F05BFF2B98CF
:10216000D0F828B0DBF80003002840F0C9804FF019
:10217000FF300F9DCBF8000300219BF810030128CE
:1021800005D10BF5727010F02FFD9BF81013DBE9F1
:10219000C2024FF6FF79904201D1C90739D0002120
:1021A0008BF81013411CC0EBC000CA1E18BF0A46B2
:1021B000CBF808230BEBC000B0F818831FFA88F1A6
:1021C000494526D000F5467E52460EF1140C9EF885
:1021D000130002909EF812000890DEF804000490AC
:1021E000DEF808000590DEF80C000690BEF802004C
:1021F0000390BEF810409CE86B006BC20EF1280003
:1022000072A990E86C00200A6CC10F9D07941B9086
:1022100008E01D98D0E900120BF5707010F0F1FC89
:102220004FF6FF78DBF800031FFA88FC0130CBF88B
:102230000003CC4532D05AA99AE86D006DC172A84E
:102240006EA990E86C00A9F1010080B26CC18445D0
:10225000DDE906B0DDE902E3DDE90421089D09902E
:102260001B981C9025D1DDF8ACA004200E91CDE97F
:102270000AE39AF838100C92DDF8A8901D9E0F958D
:10228000CDF834B0DFE811F0050042003108230139
:102290000C08DAF83000CAF8340006E117981D99E6
:1022A00010F0E6FD0E990028DDE90C2BDDE90AE3CC
:1022B000D9D10DF5B47C0E917AA9A94614469A4657
:1022C0009CE86D006DC16EA836A990E86C006CC1E9
:1022D000099826901C98CDF854E0CDE90AEAA64664
:1022E000CDF84CA00C94CDF83C90CDF860901990AE
:1022F000DDF83890CDF834B0ADE63D480FF038FE4B
:102300003C480FF0EBFF12F0EDFFCAE03A480FF047
:10231000F4FE4FF000091F99C1F8049001F1080084
:10232000A1F802A081F801800D706BA916F0D6FC0F
:10233000DDF8ACA08AF812000DF5517D15F025BF2F
:10234000B40A0400140C0400D40B0400040C0400B0
:10235000D40A0400040A0400F4000400C40B0400BE
:10236000140B0400140A0400640A0400040B0400A3
:10237000B407040064000400A4010400F40B04008A
:10238000E40C0400F40C0400C4000400D4000400B5
:10239000240C0400340C0400C4070400DC3E0400D8
:1023A00096000000530000004E00000051000000A5
:1023B000D8100400E81004004A000000700000007B
:1023C0004F0000004800000049000000D40704004E
:1023D00050000000AC000000C40000002811040000
:1023E000381104000C0E04001C0E04003810040008
:1023F0002C0E0400C300000004070400DDF8ACA0AC
:10240000DFF8E81EDAF80040D4F8049009F118006B
:1024100007F0CBFA90F83E8109F1100B06460D4605
:10242000B8F1020F20D110F089FA16F08DF92A6860
:10243000013A2A601D9AB8F1020F18BF1146289A76
:1024400018BF1046CAE906010020CAE914998AF8A3
:1024500038008AF82000DAF80000CAF85840CAF8B4
:1024600028B0CAF8300060E506F1200182A814F017
:10247000BDFC9DF80802FE2802D1D6E9480103E020
:1024800010F05CFA16F060F928901D91DDF8ACA010
:10249000C9E735460EC03EE70FF020FF204613F097
:1024A0007DFE10F083F80FF0CFFF10F047FA0246E0
:1024B000DAF834004068D0F81836D0F81C46D21A42
:1024C000A1410ED20020CAE910348AF848000AF16E
:1024D0004000314610F0CCFC0028E6D0032000F08C
:1024E000DFBE05F0B7FF002800F0D986DDF8A4B004
:1024F00001204FF009088AF83800DDF868E07AA971
:102500000DF1F80C91E87900624679C236A83AA933
:1025100090E878000FFA88F00A46052878C2CDF8CE
:1025200068E053DB6FF0040010FA88F1279BDDF8B8
:102530006C801D9ADFE811F005003D02D601D90636
:10254000240215988AF83F0019988AF83D002698C9
:102550001E998AF83C0000208AF82200BAF83C0054
:10256000189CA1F81700DAF800008AF83E40CAE982
:102570000CE9CAF838B04C76CAF81800CDE929B988
:10258000CDF86C8082AC0AF114011A462046F5F7AA
:102590006BFA16F0E6F900F0CD8504F1080115F0AC
:1025A000FDFE002E9DF809825AA891E838000246E7
:1025B00038C2354600F09380142D18BFFE2D00F070
:1025C00092801C2D00F08F8000F0EABD15988DF8E8
:1025D000430118988DF8420119988DF84101269809
:1025E0008DF840011398CDF834E10DF5987ECDF8C3
:1025F00038910EF11402ADF83201CDF83CB1ADF8CE
:1026000030819CE8790079C20EF1280091E83C0005
:102610003CC00220ADF868016FEA08005AA9000426
:1026200018BF714682AD382215F0EEFDDAF8006071
:1026300029461798382274682BF0E3F9002004F13A
:1026400008088AF858001D96CAE91486CDE929B908
:10265000289C1E98DAE90CB9D0E90663D0E9082570
:102660005046008BBAF81AA0DFE810F00500980079
:10267000F3006B045E00D8E90001524606F02CFF1F
:10268000002800F0058400F5107CA3460DF5F47ECB
:102690009CE87502734683E875020868DDF8AC9023
:1026A0000138086009F1A0039EE87610184680E81A
:1026B0007610D8E902125AA814F0F4FC9DF89101A2
:1026C000022840F0ED83DFF8440C0FF013FE404683
:1026D0005146052206F044FF5C4600F032BCB8F1DA
:1026E000020F40F05D852B98DFF84C3C00F1300480
:1026F00090F83E5016CC82A807F069F983998C4275
:1027000080F0E48582984FF45E7104FB010090F83C
:102710005C13012902BF80F85D53022180F85C132D
:10272000849815F0FEFD69E61D98DFF8C41BCDF80E
:102730005C8090464068CDF874A09A4600F5C4606D
:10274000289407F023F90C46D0E900120023C0E9D1
:1027500006B91140C0E90485A1F1FF31C0E9026A60
:10276000B1FA81F143604909169540F8201B10F039
:102770003BFA20681D9A01302060179816F05CF82B
:1027800050B1169AC0E9906AC0F84882C0E9932B0C
:10279000C0F8549215F065FD289CD2E3D8E90001F9
:1027A00093465246A1461C4606F096FE002800F0CD
:1027B00069830A6890F86E03013A0A602B99002831
:1027C00081F8600040F062831E9A00202B460D467F
:1027D00005F8A40FDDF8748025F83CAC8A46C2E900
:1027E0001B644C46C2F86600C2F8620045F8408C93
:1027F00025F8320CC2E91DB30AF188000AF168011C
:102800001C22CAF884802BF0FCF8279BD8F804001F
:1028100000F26460CAF8A8000AF1A80015F0D5FF1C
:10282000002800F08E84DAF88400016800208AF81D
:10283000B0000AF18800CAE92A101CF0E5FF15F083
:102840005AFF8AF8B0008AF8A40000F07A8300F0FA
:1028500068BCDFF8A00AA2460FF04CFD08F1100991
:10286000DFF8941A484607F0A0F8064690F83E01B3
:102870000C46022800F0378206F120015AA814F015
:10288000B5FA9DF86801FE2840F02D82D6F8341183
:10289000D6F83101CDF8031280902068DFF85C3A59
:1028A00001382060D8E900125AA807F090F8DDE955
:1028B0005A514FF45E7001FB00F680AC002E00F020
:1028C000C78495F85C03042807D105F510702146EC
:1028D00014F0C4FA002840F0B88405F55E75A6F53A
:1028E0005E76EBE703210020D9F1020470EB0B00C8
:1028F00038BFA9F103011B9DDFE811F00500CC03EF
:1029000046038F032703DAF8000000215446CAF873
:10291000140004F81C1FCDF8A4B0CAF818004068D1
:102920001B9500F26460CAF820000AF1200015F03F
:102930004CFF002800F02284DAF818000021CDF8BE
:10294000A89015F0C2FF1CF0ABFE01218AF82810F8
:102950008AF81C1070B18DF809020021DFF8B40963
:1029600083918DF808120FF0B9FC82A8F2F794FA5F
:102970000FF01CFE16F005F800F5BA6000F050BC30
:1029800015F0F8FDCDF86C800AF1140B82AC5946B5
:102990002046FEF723F815F0E4FF00F0A883DDF8E9
:1029A0000C9204F10800BDF80AA29DF8098268ACF7
:1029B000E2E2159856468AF8CF00544618985546D4
:1029C0008AF8CE0019988AF8CD002698DAF8001017
:1029D0008AF8CC00002046F8C0EFCAE9319B169176
:1029E000CAF8181004F8320F45F8146FD6E901122E
:1029F000DFF82439CDE92854CDF86C8082A807F09F
:102A000030F8B07B839914968142CDF8A89040F2BB
:102A1000538482994FF4B07210FB0210012190F898
:102A20000C8001FA08F111F0590F08BF457BB0F88E
:102A30005411B0F84CA1B0F80290048884982B9EF1
:102A40001D9115F04BFD26F81C4F1221301D1790DB
:102A5000A6F802902AF07EFFB8F1050F00F0EA8098
:102A6000B8F1060F40F03C81149DDFF8B4182868D7
:102A700012F04AFC90F838200123012A98BF1A4628
:102A8000541C80F8384015F0ECFBADF80832A989E9
:102A900030882B9BADF80A12012804BFD88B8142E5
:102AA00040F016841E461D9826F8340F1220179DFC
:102AB000B046149131853446169948F8045FA6F85B
:102AC00002A09A46C6E90816002104F82B1F86F8D2
:102AD0002A20B0601D940621544604F8401F0021AE
:102AE0000523A146C4E9030149F8085F211DE380DD
:102AF000EA4B4846C4F802306270EEF7F7FEC0B207
:102B000002284CD148462146EEF7F0FEC0B202281A
:102B100045D1DAE913300425191A042940D3D9F82C
:102B20000020041DDFF800180091214608F002FC87
:102B3000CDE9820182A83146042208F0D9FB78BB96
:102B400015F0FEFA0AF160010DF5027A15F052FF58
:102B5000829C022C00F0FF820AF10C05DDF810E2E5
:102B6000BDF80E829DF80C229DF80DC27AAE95E854
:102B70000302334683E80302E00716D05AA896E81A
:102B80001A001AC001201D99FD2A087000F0E68283
:102B9000C2461546F1466646DDF85C803DE0051DFF
:102BA000DDE92469DDF884A034E02B9D05F168009F
:102BB000C5F864E0A5F8628085F861C015F0F7F902
:102BC00015F090FC1A680AF1740882AD4146284657
:102BD00001F0D4F89DF80842FD2C00F0B08215F009
:102BE00072FD4CAD15F0FAFCFE2C07D115F065F91D
:102BF000DDE92469FE25DDF884A009E05AA895E8FE
:102C00000E000EC015F059F94E46DDF858902546D5
:102C1000DDF85C801D99012008704046F3F719F932
:102C20000DF5B47CFE2DCDF884A0B0462496CDF8E9
:102C30009490E1E00120ADF80802002C14988089FE
:102C4000ADF80A0200F04683484540F043832B98D4
:102C50001D99179B0646CDF8509026F834AF824652
:102C60001220B04671801699324648F8043FC6E9F2
:102C70000816002102F82B1F86F82A50A6F8289083
:102C8000B0601D920721544604F8401F0021052220
:102C90006570254645F8083FC4E90301211DE2801F
:102CA00028467E4AC4F80220EEF720FEC0B2022871
:102CB00010D128462146EEF719FEC0B2022809D1EC
:102CC000DAE913300422191A042910D2DDE9226945
:102CD000154602E0051DDDE92269DDF880A07CE0F3
:102CE000DDE928068BE0206801382060B3E22A681D
:102CF000041DDFF834160091214608F01BFBCDE9D6
:102D0000820182A831460422042508F0F1FA002845
:102D1000E1D115F015FA0AF160010DF5027A15F00E
:102D200069FE829C022C00F000820AF10C05DDF89D
:102D300010E2BDF80E829DF80C229DF80DC27AAE0D
:102D400095E80302334683E80302E00710D072A837
:102D500096E81A001AC001201D99FD2A087000F09B
:102D6000E781C2461546F1466646DDF85C8037E0ED
:102D70002B9D05F16800C5F864E0A5F8628085F830
:102D800061C015F014F915F0ADFB1A680AF174086A
:102D900082AD4146284600F0F1FF9DF80842FD2C27
:102DA00000F0B78115F08FFC4CAD15F017FCFE2C30
:102DB00007D115F082F8DDE92269FE25DDF880A053
:102DC00009E072A895E80E000EC015F076F84E46A0
:102DD000DDF858902546DDF85C801D9901200870CB
:102DE0004046F3F736F80DF5E47CFE2DB046CDF8FD
:102DF00080A02296CDF88C90DDE9280604D101212F
:102E00003170F3F71AF821E0CDF8A4A00DF5EE7AB1
:102E10002C469CE82C0051462CC1254601213170DE
:102E2000F3F70BF874B1142D18BFFE2D0ED01C2D26
:102E30000CD06BA89AE80E000EC01F99DDF8A4A074
:102E4000FFF76ABA5FFA88F00228F2D12B98DFF810
:102E5000E034D0E9311290F8CE4082A806F0F2FDBD
:102E60008399A14240F2248282984FF4B0728499EF
:102E700014FB02000022CDF8A4B0027315F0F1F9A2
:102E8000FFF7BCBADFF87C040FF034FA4C4658E088
:102E9000DFF87C040FF02EFA53E000BF04000800B6
:102EA0005AAB1E9C4D461D9E0FCBC4F862000020FD
:102EB00005F88C0FC4F86E3025F824ACCA46C4F867
:102EC0006A20C4F866105C4645F82C6C0AF17A005A
:102ED0000AF168011222CAF864602AF092FD279B69
:102EE000706800F26460CAF890000AF1900015F072
:102EF0006CFC002800F00081DAF864000168002012
:102F00008AF898000AF17A00CAE924100021ADF885
:102F1000B8116EA91CF04BFE002840F0FC8072A88E
:102F20006EA902220DF0CEFB7398002800F0C98133
:102F30007498002840F0C38101208AF88C008AF838
:102F4000980001202070FFF759BA15F013FB1C9868
:102F5000CDE91B500AF1140B82AC59462046FDF70F
:102F60003DFD15F0FEFC00F0CF8004F1080015F0E7
:102F700015FA9DF8098249AC90E82C002146584684
:102F80002CC1F3F7AFF87DE0DAF800002699C90705
:102F900000F00C810021544604F8281F44F8140C5A
:102FA00044F80C1C24F8081CDAF81C10CAF822108B
:102FB000BAF82010CAF81800AAF8261040681B9525
:102FC00000F26460CAF82C000AF12C0015F0FDFB39
:102FD000002800F09480DAF818000AF12205002198
:102FE00000688AF83410CAE90B050121012410F0A9
:102FF000B3FC5FFA80F8B8F1000F40F0CA802846B1
:103000001CF032FB002840F0C380012101208AF827
:10301000281026908AF83410FBE015980AF1240154
:103020008AF8230018988AF8220019988AF8210053
:1030300026988AF82000CAE9069BDAF800E09CE8A6
:10304000790079C100218AF8C010CAF8A0E0CDE962
:1030500029B90AF1180B82AC20465946FDF736FD16
:1030600015F07FFC00F08F8004F1080015F096F950
:103070009DF8098246AC90E82C00584621462CC1A8
:10308000F3F73BF8FE2E3FF4B9A96BA894E80E00C5
:10309000FFF7FFB90020AAF81D00DAF80000CAF80F
:1030A0001800CDF8A8900AF11401CDE91AE582AC18
:1030B0001A462046F4F71CFD15F053FC59D004F1D4
:1030C000080115F06BF9FE2E9DF8098243A891E8DE
:1030D0003800024638C262D12B980068406800F57B
:1030E000B76002F006FACDF8A4B0FFF787B914F084
:1030F00097FF1920FFF71EB90320287024E015F070
:10310000B3FA1420FFF716B914F08AFF1720FFF75F
:1031100011B904200AE0804601208AF88C008AF860
:10312000980020700025FFF7F4B803201D9908705F
:10313000032014E014F074FF1020FFF7FBB8042004
:103140000AE00320287004201F992070FD200870D9
:103150001820FFF7EFB803201D9908700420299A62
:103160001F99DDF8ACA01070FD2008701120FFF74A
:10317000E1B814F055FF1320FFF7DCB815F074FA2E
:103180001220FFF7D7B814F04BFF1620FFF7D2B884
:1031900080461F998AF828408AF8344050E0354626
:1031A0006BA990E81C001CC1FFF7B5B8002154467C
:1031B00024F81E1F0022A17044F8060C8AF81D1086
:1031C0008AF81C20CAF8140015F0E3FBCAF82400A2
:1031D0000AF1240015F0F9FA30B3DAF814000AF114
:1031E0001C05002100688AF82C10CAE9090515F0B1
:1031F00062FD5FFA80F8B8F1000F1BD128461CF081
:103200003DFAB0B901208AF81E008AF82C0000208F
:103210002690DAF80000CDE929B9406800F5BD60D4
:1032200002F067F9FFF7EAB815F01EFA1520FFF76C
:1032300081B880461F9901208AF81E008AF82C0068
:1032400000254FF00009FFF767B8012085F87303E8
:103250005C9815F066F82A49484606F097FB0D463B
:1032600090F83E115446022916D090F8202090F88C
:10327000E810022903D10E210C2A04D908E0013AF2
:1032800012210E2A04D8192280F8201080F8242058
:1032900000F538700FF0A8FC15F0F5F851E60420A1
:1032A0001F998AF83800FD2008700F20FFF742B8F8
:1032B000204A20460EF00CFA184A0EF009FA0024B3
:1032C00001E09DF8C8411048FFF7E6B81B4AF0E757
:1032D000144800E015480FF001F882A8F1F728FF24
:1032E0003046F1F725FFFFF7DCB8FEDE5C3E040058
:1032F000940104006C0000006C3E04008401040092
:103300008C3E040069000000AB0000006A00000071
:103310006B0000006F000000340004004400040053
:1033200054000400EA0000005CFC0300E900000017
:103330003C0F04004C0F04007C0F04008C0F0400B1
:10334000F0B503AF2DE9F80F054691F82C000C46B7
:103350009246DFE810F009003A0040001A008800A9
:10336000C300ED0009013D0194E8070004F10C03DE
:10337000A346019507C300210173E0684BF8300FA5
:10338000CDF800B00BF81C1F0EE0A34601951BF80A
:103390004C0FABF11C010091DFE800F0031A1D2B6C
:1033A0003E00ABF11C00006860630022D0E901011F
:1033B000C4E90F22081A38BF1046010B0122012967
:1033C00088BF020B6264A26306E090480EF095FE8F
:1033D0008D480EF092FEFEDE04F1380007F05AFB35
:1033E000C0072BD00020A16484F88000606BC4E982
:1033F000140104F1500102A8FCF720FE02980228F3
:1034000003D00230E8D1032043E0A16C002084F80F
:10341000AC00606BC4E9140104F1500502A85246E7
:103420002946FDF715F8029EB01C31D02846DDE98B
:103430000398F2F705FE701CCED001E04FF0FF3686
:1034400001208BF800000098F2F7E3FD019D701C4D
:1034500040F0D1804FF48070A4F8B90000202064BF
:10346000E068C4F8B40004F1300102A8FCF77EFE65
:10347000029EB01C03D115F025F80420C0E0DDE960
:103480000398701C0CD0C4E90669C4F82080B2E02F
:10349000042001998BF8000014F0A8FF0320AFE08E
:1034A0004FF0FF36B9F1010FC4E90669C4F8208076
:1034B00036D1E0680023C4F82480D0E901122063EB
:1034C000501A84F8403038BF1846010B01220129F8
:1034D00088BF020B15F090FB6063A06204F130011D
:1034E00002A8FCF711FF029EB01C03D114F0EAFF02
:1034F000052085E09DF80C00711C0DD09DF813107F
:10350000BDF8112042EA0141DDF80D2040EA022910
:10351000080240EA12686EE0022802D14FF0FF363E
:1035200069E0616A002084F88C00E068C4E90C015D
:1035300004F1300B02A852465946FCF789FF029E5F
:10354000B01C03D114F0BEFF062059E05846DDE957
:103550000398F2F775FD701C4DD1616A002084F864
:103560004000E068C4E90C0104F1300802A85246AA
:103570004146FCF759FE029EB01C03D114F0A2FF95
:1035800007203DE09DF80C00009040460195DDF8D5
:103590000D509DF813B0BDF81190F2F72FFD701C7F
:1035A00009D0009949EA0B40000240EA156841EA57
:1035B0000529019D1FE004F10C02002084F8900011
:1035C00004F1300607CAD4E9093527C6019D2364F2
:1035D00004F1300B02A85246594600F019F8029E39
:1035E000B01C03D114F06EFF082009E05846DDE955
:1035F0000398F2F71CFEC5E900690120C5F80880B0
:1036000084F82C0014F05CBDA0040400A40804009D
:10361000F0B503AF2DE9000F8FB00090884691F808
:1036200060000292DFE810F007003400370041002C
:103630008D001F003C0108F10805D8E90021C8E908
:10364000052129CDC8E90703566806EB0535043581
:10365000C8F82450556805EB033303F6FC750433B2
:10366000C8E90A3518E098F8600108F1740508F512
:10367000B07A30B1029A032800F0BA80A3480EF065
:103680003CFDD8E91D62D8E91F4ED8E921C99FE069
:103690009F480EF032FDFEDE0023C8E91B1088F8BB
:1036A000843008F12803C8E9193204AD08F1640137
:1036B0002846F4F76BFADDF810E0BEF1020F00F0D7
:1036C000C9802A1D0DF1280CBEF1010F92E873008C
:1036D00008F13402634673C300F0C980604690E885
:1036E0007A007AC20022D8F83410C8F830200029B5
:1036F00000F0CE800CF10402C8F84810D8F844005D
:1037000008F14C0392E8700070C3D8F84C20C8F858
:10371000580004A811F06AF90498002840F0F080DD
:103720000598414641F85C0F0022A1F1480301F1E0
:10373000080451F8480C027381F858200DCB4961F8
:103740000DC408F1640604A8314600F0E3F80798B8
:10375000039C811C79D0BDF81490411CDDF810B099
:10376000DDF818A000F09180022800F08B80D8F8D6
:103770001C004845C0F0B080D8F818104FF6FF7311
:10378000D8F8582024EA030308F164044B4484E881
:10379000020A0393C8F87030924551D1D8F814004A
:1037A00001214546CDF804B00173D8F81420D2E9C0
:1037B00001EC02F10C0445F8746F281D55F8509C7B
:1037C000AA46A0E814400020C5E904C90AF8EC0F95
:1037D0000020D6E9001388F8D00006F10800C8E9F7
:1037E000232408F19402A2E80B40029AC8E929C9EF
:1037F00008F18C0604A83146F4F74CF8DDF810B057
:103800001BF102002BD03046F2F702FB15F0B7FA9D
:103810002846DDE9059AF2F7E3FA1BF1010060D1D1
:10382000B8F8702022F00300910718BF021DD8E9F4
:103830000610D8F824301A440832C8F8242001E0D1
:10384000CDF804B0D8F8142026E7009914F0CEFD86
:10385000042050E0009914F0C9FD03204BE00099CA
:1038600003208AF8000014F0C1FD052043E09CE825
:103870000B000BC20120D8E90DB9D8F83CA0C8F85C
:1038800030002EE04FF0020B25E0BDF816002AE0D4
:10389000D8F82010D8F8140088F8C020C8E9190119
:1038A00008F1640504A8029A2946FCF7D1FDDDF869
:1038B00010B01BF1020004D1009914F097FD06200E
:1038C00019E02846DDE9059AF2F7BAFB1BF1010081
:1038D00007D14FF0FF3B06E0DDF804904FF0030BFB
:1038E000A2464FEA19400099C9EA0040C1E900B078
:1038F0000120C1F808A088F860000FB014F045BCA2
:10390000DDE9059A00204FF0060BECE7E4FF030029
:10391000B4080400F0B503AF2DE900078AB0824671
:1039200091F850000C4604F15408DFE810F00C0048
:10393000C900CC0015003A005E007A00AD00090114
:1039400053019F01DF0194E80F0004F110050FC53A
:10395000017B002943D144E001A84146F3F784FEEE
:10396000019B022B01D10320AEE0BDF81000012B1A
:10397000DDE9021202D1BDF8128045E02369012978
:1039800040F099800021A4F8580084F8A51004F1B3
:103990006C05D4E90501C4F8A0306265D4E90823B8
:1039A0000FC501A84146F3F7E5FE0199881C01D136
:1039B000042089E00498022904D001310ED1DDE908
:1039C00002121FE0BDF814100026256ACAB24FEAA1
:1039D000112C01464FEA1548284679E0206900215C
:1039E00001734FF4807014F068FF01A84146FCF7A2
:1039F000BDFB0199881C01D1052065E0DDE90220AD
:103A00004B1C06D04FEA10484FEA124E4FEA122CD8
:103A100017E1002AC4E90A2049D14FF4007014F0DC
:103A20004CFF01A84146FCF7A1FB0199881C01D17C
:103A3000062049E0DDE902304A1C0AD0C4E915132A
:103A40004FEA1048E0654FEA134E4FEA132CDAB202
:103A50008FE14FF0FF360022012BC4E91563E065CA
:103A60002CD12169D1E9013584F87420EB1A38BFD3
:103A700013461A0B134618BF0123451E002808BF22
:103A8000D51AC4E91851A56604F1640101A8FCF730
:103A90003BFC0199881C01D1072015E09DF8082006
:103AA000481C2BD192BB206E0121C4E90A100022D0
:103AB000342120632FE00020187392E702211CE0DC
:103AC000AD480EF01AFBFEDE6FF001030C210DE095
:103AD0005FFA8CF5C0EA084042EA0522CAE902060C
:103AE00042EA0E420120CAE9001210214AF80130D0
:103AF00084F850000AB014F0DCBCE9E70398BDF884
:103B00000AE09DF809C04FEA104832E1206900221E
:103B100002730226F1E7625021694A6802EB003025
:103B200000F6FC720430C4E91002002004F14003E6
:103B300084F87400D4E90502C4E91531C4E9170218
:103B400001A84146F4F722F80198022868D0DDE97F
:103B50000212012866D029B3DDF8189001A810F0F0
:103B600045FF0198002863D1E169029AD0B20B7831
:103B7000834251D1DDF80CC0053807280CD8C2F3B8
:103B80000743C2F30725DFE800F0403904040404CA
:103B900007044878A8423FD1012004F1340181E8AC
:103BA000011239E02069616B00294CD1D0E9011282
:103BB000002384F86830511A38BF1946090B0A46A9
:103BC00018BF0122236B5D1E002B08BF8D1AC4E9AC
:103BD0001550E56504F1580101A8FCF795FB019922
:103BE000881C1BD09DF80820481C7FF487AF002A52
:103BF0007FF48CAF606D302102468CE74878A84294
:103C00000AD188789842C7D006E04878A84204BF15
:103C10008878984200F09B80216986E7092053E765
:103C2000082051E704984FEA124E4FEA122C06E0A2
:103C3000DDE902204FF0000C06214FF0000E4FEAA4
:103C40001048D2B295E000220273606B00283FF466
:103C500060AF84F8A5204FF0FF30D4E90E2321692E
:103C6000C4E91223C4F8A010C4E91D2001AE4146E6
:103C70003046F3F7F9FC0198022801D10A2023E726
:103C800006F1040C07AA01289CE86200134662C3EF
:103C900004F1B80192E8680068C107D10120D4E9B5
:103CA0002E13C4F8B400D4F8C00048E0D4F8B8101B
:103CB0000020C4F8B40001293DD104F11006D4F865
:103CC000BC204FF0FF3C84F8B10068CEB4F8C000CF
:103CD000A16CA4F85C00C4E915C2C4F8AC30C4E916
:103CE0001E56C4E9201CA4F86400226604F1600199
:103CF00001A8F3F73FFD0199881C01D10B20E3E6F1
:103D00000DF108094D1C0598022199E80C02DFE825
:103D100005F0022805071146484610E0032120E07F
:103D2000F2B14FEA102CC2B2D4E91203012649467F
:103D30004FEA1048CCE6D4E91630022161654FEA1B
:103D400010484FEA134EDAB24FEA132C11E0100E6E
:103D5000C97840EA0C20C0B281423FF41DAF5BE756
:103D600019464FEA10484FEA194E4FEA192C5FFAEC
:103D700089F24FF0FF36ABE6C4080400F0B503AF9C
:103D80002DE9000FC5B0144691F825208946CDE9EC
:103D90000140DFE802F00322281A13000021D9E9CC
:103DA000023289F82410D9F82010C9F81010498A75
:103DB00071B1C9E90532C9F81C1015E099F848003D
:103DC000C0070DD1D9F844405CE0D9F8280024E0C0
:103DD00061483721614A0CF07FFD5C480EF08DF997
:103DE00059480EF08AF9FEDE002A7CD0D9F81C3042
:103DF000D9F8141056489342009028BF134603A8E0
:103E000001F0BEFB03AB0FCBC9E90001D9F81000EC
:103E1000C9E905230430C9F82800D0F800A0868835
:103E2000DAE90001324605F079FB002865D00D463D
:103E300090F85C1303295ED3D0F84013002971D0A9
:103E40000139C0F8401328684C46D046B3460130CB
:103E50002860D9F810100120C9E90AA0A9F830603B
:103E6000D9F800000A8A44F8340F54F8300C606026
:103E700014F8100C42EA00302081086800212175F6
:103E8000C4E9030403A8FB21051DFB2614F05DFD16
:103E90002089D4E9001240EA0240CDE9435603905C
:103EA00043A807F025FA00BBBDF80E00FC2845D258
:103EB00003A817F0EDF80121B0F1FF3F89F8481091
:103EC0001DDDD9F82C0089F824100028014618BF00
:103ED0000121401AC9F82C0009F12800F1F788FDEA
:103EE000D9F8182080E7FE2010E001206FF00B08C1
:103EF00089F8480005E014F0C6FA1C2006E000EA44
:103F0000E07809F12800F1F773FDFF20029A012102
:103F1000A2F80CB0C2E90181107089F8251045B0F3
:103F200014F033B9019900F51C7014F053F902999B
:103F3000FD200870032114F0A6FAEEE705480EF004
:103F4000D9F90EF081FA00BF240B040044090400E3
:103F500068120400A7000000040D040034090400E6
:103F6000F0B503AF2DE9000F97B0804690F84400FC
:103F7000894668B1032840F09C8098F8410008F118
:103F80001405D0B1032801953DD04B480EF0B5F88B
:103F9000D8F8000008F1040C08F11405D0F800B0BE
:103FA000294602799CE8590059C1002088F841004F
:103FB00088F84020C8F83CB003E098F84020D8F8D2
:103FC0003CB0019528460DF1080A90E8780051466A
:103FD00078C1DBE9000110F085FAB0F858431022EF
:103FE00014F00EFB06AE5146B01C29F00AFD0BF58D
:103FF0007E70C8F8240008F12A0031461222A8F881
:10400000284029F0FEFC4446002154F828EF62685D
:104010006160002A3FD008F130030DF1400C0CF133
:104020000C0593E8430043C5D8F82460CDF85890B8
:10403000CDE911E23068109690BB0DF12C0A4FF0DB
:10404000FF300CF10402311D306050464B4605F044
:104050001AFD14F090FE0C9E56B1D8E90B01F1F751
:1040600049FC9AE82F002FC4032488F8414009E056
:10407000D8E90B01F1F73EFC0198012488F8414092
:10408000F2F79FF888F84440002E18BF012630460A
:1040900017B014F005BA0B480EF02CF90EF0D4F955
:1040A00007480EF01BF911F01DF90EF07FFA0EF023
:1040B000CBF902480EF021F85408040094090400DA
:1040C000C30000009D000000F0B503AF2DE9F0072C
:1040D000DFF890900E46804615461046694601224C
:1040E0008DF800304FF0010AC8471F4928460422C6
:1040F000C84731686C46204614F0B0F8284621467F
:104100001022C84771686C46204614F0A7F828466C
:1041100021461022C847B1686C4614F0EFFD2846CE
:1041200021460722C847F1686C4614F0E7FD28468F
:1041300021460722C847694628460222ADF800A05A
:10414000C84700206C46CDE902002146CDE90000B9
:1041500028460AF015FE4046214614F07FF8BDE8D7
:104160000F07F0BD89EC0100B4FF0300F0B503AF09
:104170002DE9000FADF5157D814691F8A40090461C
:104180000E4618B3032840F0CB86B2461AF8A00FAB
:10419000AAF17C01169100283DD0032840F0C38687
:1041A000314611F8440F1791DFE810F00500C00602
:1041B000CF063E008602CDE9138A96F845B0D6E9CF
:1041C0000B01D6E90FA5CDF854905DE10DF5E07B2C
:1041D000D6E900A411215846B46029F076FA207877
:1041E000CDF84C80DFE800F0057A62654B8A917764
:1041F0009458A178B646607801298DF8C10140F045
:10420000FC80012021798DF8C201E0788DF8C3117E
:1042100000285DD1F5E0CDE9138A96F8A1B0D6E982
:1042200025A5D6F89C801FE1314611F8900F0D911D
:10423000002800F0C180032840F07B86B3461BF8BD
:10424000880F002800F07582032840F075863546F7
:1042500015F8860F002800F09D820328CDF850A0A5
:1042600040F06D86B2460A951AF87E0F002800F0DD
:10427000F082032840F06686706E00F09CBD04203A
:104280008DF8C0010120072804D0215C0BF8001034
:104290000130F8E7B646ADE009208DF8C00160783E
:1042A000022840F09180B6460220A3E0B6460220E4
:1042B00030E00320B6468DF8C001207908B18DF8B2
:1042C000C101A178E27860788DF8C3118DF8C22120
:1042D0008DF8C40195E0B64607201BE00120CDF81B
:1042E00054908DF8C0014FF00009A07B02218DF899
:1042F000C101A01C0B96179037AE3DE00520B646D5
:104300008DF8C0010BF1010C7DE0B646062001E0FE
:10431000B64608208DF8C0010BF1020C60788DF8CC
:10432000C10170E00BF8032001F1020809F1040952
:10433000B0F900300BEB080000225C008DF8DE20A5
:1043400084EAE335ADF8DC20032A0AD0C5F3C813AC
:10435000541CB55433B145F08005B55422461D4672
:10436000F2E70324C1F10F018C4215D831462246F1
:1043700029F047FB08EB0401B9F10C0F00F0AD8206
:1043800011291FBF179848448278C3781EBF0BF8C5
:1043900001304B1C112BC5D1DFF8D40B0DF09EFF63
:1043A00002200FF0D7FE0EF001F9002203210120B8
:1043B0000B9EDDF854B02FE1CDF84C80B6F88CB0F0
:1043C000F56CDDF8348097E001218DF8C111E178BA
:1043D00009B18DF8C211C007B64603BF00208DF8A1
:1043E000C301042001201FBF8DF8C301A0788DF800
:1043F000C40105200BEB000C05E0B4F80300ADF898
:10440000C3010BF1050C5B4650A971CBF0460A467F
:1044100071C218781070ACEB0B0048F80C0F0EF15D
:1044200010006CC96CC0764609780170DFF8440B47
:104430000DF054FFDFF8400B0DF02EFFB06810F0C8
:10444000A5F90EF0B3F85AF81E5B4FF480703146B0
:104450004FF0010B21F8A00FA1F17C00149141E96C
:1044600003A541F8048C16904046CDF854900FF007
:1044700063FE0022334603F8442F179383F801B0FC
:1044800043E902A543E90601C6E90901B146C6F8B8
:1044900034A0BBF1000FD5E902680FD0BAF80430A0
:1044A0002A46D8F82040CDE9000170A83146A0473F
:1044B0009DF8C001FF285BD1D9F834A0BAF80000FC
:1044C000002853D0BAF802B03046C9F8385029460F
:1044D000D8F818304C465A469847002860D000203B
:1044E000A04608F8900F2646DDE914A958F85C0CA0
:1044F00028F804BC48E91205A6F88EB006F150026F
:10450000D5E9020123C25A460B6B29469847C007DA
:1045100000F09180B06D0C460179006805F0C7F895
:1045200080B1B06D037914F0D8F970A805F0D7F810
:104530009DF8C001FF2840F0EF809DF8C1010028E0
:1045400000F0EA8012940120CB4688F80000022394
:104550009DF86600B1468DF862001C46BDF8640007
:10456000ADF860001798DDF830801DE0142418E0E5
:104570000446BDF8D101ADF860009DF8D3018DF877
:104580006200DDE971080F909DF8D0010E907398DC
:104590001190BDF8C20110909DF8C101129000E089
:1045A000FF24DDE914AB1798169D012606702846F6
:1045B000F1F7BEFC28468AF80060F1F7C5FCFF2C35
:1045C00004D1D9F80C304E46002025E00F987190A8
:1045D0000E988DF8D001119873901098ADF8C20123
:1045E00012988DF8C101BDF86000ADF8D1019DF8B9
:1045F00062008DF8D301DFF898098DF8C041CDF83D
:10460000C8810DF06BFE70A811F0D6FD0DF0CEFF45
:104610000421012001224E46C9B2D2B2120442EA5C
:1046200001210844CBE90003012086F8A4000DF520
:10463000157D13F0AABDCDF83480DDF84C800D99BE
:10464000CB4601200870D6E90D230025D6E90901E3
:104650009288CDE97201FF20ADF8C621ADF8C451B2
:104660008DF8C00119681A7950A870ABF0F7BEFF39
:104670009DF84001B146FF2836D1BDF851019DF8A3
:104680005311ADF8DC008DF8DE109DF8502151AECD
:10469000ADF8C001A9F85900D9F8380058CE8DF806
:1046A000C21189F85B1009F1480159C14E4689F8D9
:1046B000582089F88C50D94606F1480441462046D6
:1046C000FFF74EFC48B1042017990870032002211F
:1046D0008AF8000089F80010A7E72046CB46B146CB
:1046E000F1F7CFFDFF245EE70446BDF85101ADF8B8
:1046F00060009DF853018DF86200DDE951080F90CC
:104700009DF850010E9053981190BDF84201109001
:104710009DF84101129046E70020B3460BF8880F40
:10472000CDF834805BF8301C4BF82C1CDDF84C8045
:1047300000E0F16D086835460A79002105F8861F0A
:1047400005F8022C45F8060C86F88520306613F033
:1047500092FE90F85C23042A04D190F85F33F3B101
:10476000FF2300E01C2313F04BFF0120042A2870D4
:104770008BF800000DD1D6E91403B6F88E20B16D88
:104780001B6B9847C0073FF45AAFDDF83480129195
:10479000D9E6B4E396F88420D6F88000D4E790F800
:1047A00067230A953546D3071FBFB0F86C33ADF8C1
:1047B0004431D0F868335093B0F85432D207ADF892
:1047C000C431D0F85032709350AB70AA18BF1A465B
:1047D000938808931268099290F856220868A0F10D
:1047E0000100086018BF0122306EDFF8901710300A
:1047F000079205F0DAF80C4690F83E1102292BD109
:104800002068013820602E6E95F88540D6E90012A8
:1048100070A8234604F04EFE9DF8C0019DF8C1111A
:10482000FF2837D1002940F0A582D6E900012246B1
:10483000CDF84C800B950FF055FE804690F85F0345
:10484000002851D00820032412900B9DDDF84C80E5
:1048500089E2F06E3246A2E2D0F83111099A089B43
:104860005140B0F835219BB25A401143C8D190F85D
:104870003711079A5140C907C2D100F1200170A831
:1048800012F0B4FA21689DF8C00101392160FE28B8
:10489000B9D16FE20346BDF8D101ADF81C029DF815
:1048A000D3018DF81E02DDE971C09DF8D0E1739A45
:1048B000BDF8C26112910C900A99012010962E4603
:1048C000FE2B08709DF81E028DF86A00BDF81C02D0
:1048D000ADF8680000F08D820BE30BEB010CDDF806
:1048E0002CE0DDF854908EE5CDE9051B06F11000B3
:1048F000DFF88C16CDF850A005F048F80491054675
:10490000D6E902121BA8DFF87C3605F060F82846CD
:10491000DDE91BB498F86EA312F048FA60B1B8F85C
:10492000580398F8601301291BD1B8F86513D8F81B
:10493000613301F580321DE095F83E0141460238B1
:1049400018BF05F12000EDF787FDFF24002808BF00
:1049500015240B9DDDE9138ADDF818B0DDE904317B
:10496000F9E1A968CA0700F0D280EA68090A41EAB9
:104970000263120AADF87C20120C8DF87E2006F539
:10498000427C98F8672308F5107E1E93012A09D10E
:1049900001228DF88620B8F86C23ADF88420D8F871
:1049A000682305E0D8F85022D8F85332CDF8833088
:1049B000209205F528722E9205F52072ADF8C800F8
:1049C000CDE92CC2D5E9000295F8E832CDE924B44E
:1049D000CDE92F68CDE9220222A8039510309EE888
:1049E000761080E87610039808303190BAF1000F05
:1049F00039D000204FF47021CDE9001070A81EA915
:104A000020AA11F043FF88A80A21F1F7DAFC9DF8EB
:104A10002002FF287DD1BDF83102ADF8B8019DF824
:104A200033028DF8BA019DF830128B98CDF854906E
:104A3000DDE989968A46834603F020F9CDE9110124
:104A400098F870539DF8094288A822A909F025FE1C
:104A50009DF8491205F10800022940F08E80032CD0
:104A600040F08F808FE040F666104FF0C071CDF8B7
:104A70005490CDE9001070A81EA920AA11F006FFDD
:104A80009DF809020C21032808BF082198F870033B
:104A900098F8712301448DF80A12012A04BF0121FC
:104AA0008DF8081258B19DF80C029DF80D1240F0D7
:104AB00003008DF80C0241F003018DF80D1288AD52
:104AC00022A9284609F097FDBDF83102ADF8B401DE
:104AD0009DF833028DF8B6018A980C9014F060F8B6
:104AE0009DF849E29DF820421190BEF1FF0FBDF8FC
:104AF000220210909DF8210212901BD1BDF8B40142
:104B0000ADF81C029DF8B6018DF81E0217E10524D0
:104B10001FE7714613F0F4FA8E468B9811909DF8BA
:104B20002102DDF824C29DF830E2BDF82262129025
:104B30000B9D6AE005F114080DF5CC7CBEF1020F67
:104B4000B8E84F00E146A9E84F0098F8000089F85E
:104B50000000DDF84A026E90BDF84E02ADF8BC01CF
:104B60005AD188A870A922AAEDF728FA9DF8200248
:104B7000FF2840F0D980012479E09DF848120229ED
:104B800001D105F10C001299002900F0DF81119983
:104B9000CDE966968DF8A4A10870BDF8B801ADF80E
:104BA000A5019DF8BA01CDF8A0B18DF8A70188A89C
:104BB00022A966AA09F0CBFB9DF82002FF2812D19A
:104BC00050A870AC07304E22214628F01AFF9DF8FD
:104BD0000E624DAD04F14F01092213F015FB0024C4
:104BE000022E61D10EE0714613F08AFA8E468B9840
:104BF00011909DF82102DDF824C29DF830E2BDF845
:104C0000226212900B9DDDF85490DDF818B0DDE9BA
:104C10000431DDE9138A9EE00F9871900E988DF8AB
:104C2000D001119873901098ADF8C20112988DF8C8
:104C3000C101BDF8B401ADF8D1019DF8B6018DF800
:104C4000D3010C988DF8C041729070A8BCE83E006A
:104C500014303EC00D249CF8001001706E98CDF801
:104C6000EA01BDF8BC018DF8E9E1ADF8EE010DF007
:104C700065FE4FF4702200234FF000080EF072F82A
:104C8000CDE97C0150A870AD07304E22294628F0AE
:104C9000B8FE9DF80E6205F14F014DAD092213F0EB
:104CA000B3FA022E1DD14AE00DF1DC0950A95522BC
:104CB000484628F001FE0DF1D00806CD404613F01D
:104CC00055FF02208BF8E8000BF1E90049468BF80C
:104CD000204028F096FE8BF83E610BF23F104146D3
:104CE0001AE00DF1DC0A50A95522504628F0E4FDE7
:104CF0000DF1D00906CD484613F038FF0BF1E9005D
:104D000051468BF8E8808BF8204028F07AFE0BF2B1
:104D10003F1049468BF83E61092228F072FEFF24BD
:104D20000B9DDDF8549015E613F0EAF913F038FF07
:104D30001190BDF8220210909DF8210212900B9D57
:104D4000DDF85490DDE9138ADDF818B0DDE90431AF
:104D5000DDE90EEC109E1D98026801320260119A86
:104D60001868013018600868234601380860FF2C75
:104D70007FF4A2ADCDF850A00020AA4609990AF808
:104D80007E0F2A4608982AF80A0C07980AF8080C99
:104D90005AF81E0C4AF80E1C08304AF8120C116F13
:104DA000164642F8771F52F8041CC2F8031042F866
:104DB000130C42F80F2C7549083004F0E7FD0C463F
:104DC000D8F80010054600F5387013F003FA95F88E
:104DD0003E01022813D101201C23216801312160EA
:104DE000FE2B8AF800002AD1DDF850A003200A9992
:104DF00008700D9903208BF80000087064E4B16E10
:104E0000B5F835018A880B685040D5F831215A40F1
:104E10001A2310434FF00100DFD195F8372189792B
:104E20005140C907D9D105F1200170A811F0DEFF6A
:104E30009DF8C001FE28034629D10320CDE70A9D35
:104E400019469DF84201FF2B8DF86A00BDF840011C
:104E5000ADF8680014D01A2947D1306EF24611928D
:104E6000644696F88530D0E9001270A804F022FB61
:104E70009DF8C0019DF8C111FF281FD1119A89B377
:104E8000DDF850A0012028708BF8000073E4BDF815
:104E9000D101ADF840019DF8D301DDF8C4C19DF802
:104EA000D0E1739A8DF842017298BDF8C2110C904E
:104EB000012010919DF8C11112918EE70346BDF8B3
:104EC000D101ADF868009DF8D3018DF86A00DDE9E5
:104ED00071C012910C90BDF8C2019DF8D0E1739A97
:104EE000109002E0A446D6461A230120DDF850A017
:104EF000287001201192CDE90EEC8BF800009DF88E
:104F00006A00CB460D998DF86600BDF86800ADF8D3
:104F100064000120FF2B08707FF41AABFFF793BBEE
:104F200012480DF0EAF810480DF0E7F80D480DF0C2
:104F3000E4F80B480DF0E1F808480DF0DEF80648FB
:104F40000DF0DBF803480DF0D8F8FEDE0E4A12F043
:104F5000F8FF00BFD40604003408040074090400FC
:104F6000540204004402040064020400840A0400A1
:104F7000BB0000001B000000CA010000BC3E040092
:104F8000DCFD0300ECFD03008CFC0300E8030400DF
:104F9000B0000000B0B502AF13F0FDFE09D14868C3
:104FA0000D461AF09CF913F02FF808BF023213F0E7
:104FB000C0BC01480DF0A1F8A40A0400B0B502AFCE
:104FC00013F0E9FE09D148680D461AF057FA13F0BC
:104FD0001BF808BF023213F0ACBC01480DF08DF88D
:104FE000E40A0400F8B504AFCDE9021200F5B0718F
:104FF000019101A911F064FA8FBDD4D4BCB504AFFE
:105000000446007CC00718D1E26801250020B0EBFF
:10501000125F4FF001000ED1A1688818B0F5801F13
:1050200001D9012007E06068054B00930B460EF0A4
:1050300039FD4FF0FF302574BCBD02480DF05DF81E
:10504000B0320400540B0400F0B503AF2DE90007A3
:10505000044690F8500060B1032855D1254615F854
:105060004C0FA5F1400A88B103283BD028480DF029
:1050700044F82068A2464AF80C0F00265AE902328A
:105080005546CAE9013205F8406F02E0D4E903034E
:1050900062699A4202D3B2F5801F10D9012601201D
:1050A0002870B01C03D16FF00106032003E05046C6
:1050B000F0F7F6FF012084F8500013F0B4BC42EA88
:1050C0000306360501D00226E9E74FF0000E42F252
:1050D000107C012684F838E0C4E90663C4E908E2DC
:1050E000C4E90A0C04F118094846FBF76BFB0646B5
:1050F000023004D103206FF001062870D1E7484642
:105100008846F0F7BEFFCAE702480CF0F6FF00BF82
:10511000F4050400740B0400F0B503AF2DE900079B
:10512000044690F8580060B103285AD1A2461AF8F4
:10513000540FAAF14405A8B1032830D02A480CF036
:10514000DCFFD4F800C0254645F810CF002655E90D
:1051500003E3AA4655F8040CC5E901E3E8600AF840
:10516000446F03E0D4E904CED4E906301E18B6F546
:10517000801F01D9012605E043EA0006B6074FF07B
:10518000020600D01DE000229B0884F8402041F672
:105190004C52C4E90860C4E90AE3C4E90CC204F152
:1051A00020094846FBF70EFB0646023005D10320D6
:1051B0006FF001068AF8000005E048468846F0F7DF
:1051C00060FF13F0DCFDB01C03D16FF0010603207B
:1051D00003E02846F0F770FF012084F8580013F030
:1051E00022BC02480CF089FF04060400840B040072
:1051F000B0B502AF13F0CFFD09D148680D461AF0E3
:10520000A8F812F001FF08BF023213F092BB014868
:105210000CF073FFE40B0400B0B502AF13F0BBFD5C
:1052200009D148680D461AF014F812F0EDFE08BFD7
:10523000023213F07EBB01480CF05FFF440C040007
:10524000B0B502AF13F0A7FD09D148680D461AF0BA
:1052500023F812F0D9FE08BF023213F06ABB0148EE
:105260000CF04BFF540C0400F0B503AF2DE9800F98
:105270000446007DA0B1032868D1A14619F8100F9B
:10528000A9F10C08B0B1032863D1A2461AF80D0F9A
:10529000AAF1050B002856D003285DD1207B36E00B
:1052A000D4F800E0A04648F804EF0022C14609F80F
:1052B0000C2F01E0D8F800E0A34600224BF808EFDD
:1052C0000BF1050ACBF804209EF800204FF4A263EE
:1052D000264D4FF0020C202A38BF4FF4047302F021
:1052E0001F025B5938BF4FF0A04545EA8205D5F84B
:1052F000000723FA02F2D20706466CF3114618BFE4
:1053000040F44036C5F800679EF8000020730DF0A9
:10531000EDFB054628B1032689F800608AF8006095
:105320000CE004F10C000DF0CDFB0126584666732D
:10533000F0F79CFF40462674F0F738FF26752846A4
:10534000BDE8080FF0BDDBF800E0BDE706480CF053
:10535000D4FE04480CF0D1FE01480CF0CEFE00BF94
:105360006409040004080400C40C04000003005095
:10537000E0B502AF0968019101A9FAF72DFB8CBDD8
:10538000E0B502AF0968019101A9FAF73EFB8CBDB7
:10539000E0B502AF0968019101A9FAF74DFB8CBD98
:1053A000E0B502AF0968019101A9FAF753FC8CBD81
:1053B000E0B502AF0068019001A8FAF725FD8CBDA9
:1053C000E0B502AF0068019001A8FAF70DFE8CBDB0
:1053D000E0B502AF4FF0FF3001900020009068462A
:1053E000ECF7BAFA80B56F46017A09B1082080BDA2
:1053F000D0E90010884224BF401A80BD401A08300E
:1054000080BD80B56F46017A09B1082080BDD0E922
:105410000010884224BF401A80BD401A083080BD69
:1054200080B56F46017A09B1012080BDD0E9001036
:10543000884224BF401A80BD401A013080BD80B52B
:105440006F46017A09B1022080BDD0E90010884280
:1054500024BF401A80BD401A023080BD80B56F461F
:105460008AB001460020069001A806AA03F0CEF8F3
:10547000019801281CBF0AB080BDDDE902010AB015
:10548000BDE88040F0F736BAF0B503AF4DF804BD83
:105490000C4604F0ADFA0E46D4E900120546083079
:1054A0000DF0AFFB3268297C0132687C3260012943
:1054B00018BF02205DF804BBF0BDB0B502AF0C46CA
:1054C00004F096FA0D4601214474017408300DF081
:1054D0008BFB12F0D8FFB0BD80B56F4604F088FAA0
:1054E000007C0A680238B0FA80F0013240090A6094
:1054F00080BDB0B502AF04F07BFA044602202074F0
:10550000204613F010F804F108000DF06DFB12F0C6
:10551000BAFFB0BDD0E9001281F00101114301BF13
:1055200000210222C0E90021704780B56F46024881
:105530000CF0E0FE0CF088FF9B000000D0E90012A8
:1055400081F00101114304D100210222C0E90021B0
:10555000FEDE80B56F4602480CF0CCFE0CF074FF06
:105560009B000000D0B502AF00211F22102906D0F9
:10557000435C845C445401318354013AF6E7D0BD66
:10558000D0B502AF9A4221BFD21ACC1880E81A00D7
:10559000C26028BFD0BDBA68132101480BF09CF946
:1055A000F13B0400F0B503AF4DF804BD0B68022BCE
:1055B00004D192E87A1080E87A1005E091E87850FA
:1055C00080E87850106808B112F0C3BED2E9020139
:1055D0005DF804BBBDE8F040F0F78CB9F0B503AF5F
:1055E0004DF804BD82B00A460021044668468DF895
:1055F00004100091052908D0D309425408D042F084
:105600008002425401311A46F4E705256A4605E056
:10561000084A684609F035FD02460D4613F061F868
:1056200001D9022004E012F020FD70196060FF2013
:1056300012F0B2BCE8110400F0B503AF4DF804BDA0
:1056400082B00A460021044668468DF80410009195
:10565000052908D0D309425408D042F080024254B0
:1056600001311A46F4E705256A4605E0084A68460E
:1056700009F007FD02460D4613F033F801D9022068
:1056800004E012F0F2FC70196060FF2012F084BC9C
:1056900018120400F0B503AF4DF8048D0E46014614
:1056A00010C980461546E00048B10A46083808315E
:1056B00053689D42F8D112689642F5D117E0012C4B
:1056C00004D140460EF063FCD8F80040316828460B
:1056D00088473CB158B113F03BF906480CF00AFE7C
:1056E0000CF0B2FE0122C8F80810C8E9002012F040
:1056F000E3BE00BF9E000000F0B503AF2DE9000B34
:105700000446154654F8049B0E46804621464FEA4F
:10571000C90048B10A460838083153689D42F8D19B
:1057200012689642F5D118E0B9F1040F04D1404651
:105730000EF023FCD8F80090316828468847B9F16C
:10574000030F09D844F8390004EBC900416009F19E
:105750000100C8F8000000E008B912F089BE13F09B
:10576000F7F802480CF0C6FD0CF06EFE9E0000003B
:10577000B0B502AF12F08BFE1DB112F027FD013D56
:10578000FAE7B0BDDFB506AF0A4B13F0ECFA01A89B
:1057900004F058F90299E0B2814281BF019A03995D
:1057A0004FF4B07310FB032084BF04B0D0BD024A95
:1057B0000BF08EFFB80D0400A0050400F0B503AF98
:1057C0002DE9FC0B0E464968403A044690B28142EE
:1057D00024D930689946FFF7D5FF0246B0F850311A
:1057E00011488846009001AD11464A46284602F00D
:1057F000B5FC9DF80400FF280AD00C4906F108000A
:105800000FF082FD30300E460DF0EEF913F0B3FAD2
:1058100095E84F004FC412F0FDFB01E0122020700C
:1058200006B012F025BE00BFE80D0400D4FF03004F
:10583000F0B503AF2DE9000FB1B0BC689146DFF8B9
:10584000705C9B46CDE90D101CAE22469AB13046E5
:10585000194605F033FD1D99002900F0F1851E9AC7
:10586000BDF872008242C0F0F0852B4608F036FF8A
:1058700003460A46EAE706F118000990701C0C90EE
:105880000D9808300A9012A8CDF83C9001300B908A
:10589000002C00F0F08530465946224605F00EFDFA
:1058A0001D999DF87050002900F0E7859DF8710062
:1058B0001E9ABDF872301090DFF8FC0B0090304655
:1058C000FFF75EFE0DF1700B1F981190A81F9BE86B
:1058D000000D102860D8DFE810F0110028017000DA
:1058E0007000700070007000700070007000700038
:1058F0007000F80020016801AA019C00BAF1040FB1
:10590000C0F0ED81DFF8B40B414600901CA812F006
:1059100097FF1F98002840F0E2811C980588DFF867
:10592000CC0B0CF0DBFC12F0FBFD12F0C8FD0CF010
:105930003DFE0D98DFF8B83BD0E900121CA804F03A
:1059400081F8DDE91C104FF4B072504301F5A672E6
:10595000002800F05C821146A0F5B0700B8802F5BB
:10596000B0729D42F4D1A1F5A67010994173052142
:1059700001731830FFF772FD0A98DFF8781B0FF0FB
:10598000C3FC303012F0CFFD12F07DFD1E9812F0F6
:10599000C8FCFF2000F074BC012D0ED1BAF1020F3B
:1059A000C0F09D81DFF8140B414600901CA85246C0
:1059B0000223FFF7E5FD00F08CBCDFF8840B0CF050
:1059C0008DFC12F0ADFDDFF87C0B0CF065FCA81E21
:1059D000182800F27882DFE810F019004002370240
:1059E0004902760276024C023A02430246027602ED
:1059F00076027602760276027602760276027602E7
:105A00007602760252024F0234023D02DFF8600B4A
:105A100037E2BAF1040FC0F06281DFF8A00A414614
:105A200000901CA812F00CFF1F98002840F057812E
:105A30001C98DFF8CC3AB0F8028006880D98D0E9BF
:105A400000121CA803F0FEFFDDE91C504FF4B071FA
:105A50004843002800F04981297B032906D1B5F885
:105A60005411B14204BF2988012904D005F5B0754D
:105A7000A0F5B070EDE70F9A698892B28A42F5D12D
:105A8000B5F85A014044C10340F13084DFF8740A8C
:105A90000CF024FCDFF8704A3046A047B5F85A01F4
:105AA000A0474046A0470CF081FD284602F042FB8B
:105AB0000A98DFF8581A0FF027FC303012F033FD47
:105AC00012F0E1FC052000F018BCF8684A46D0E965
:105AD000000103F001FD38B10A6890F86E03013A45
:105AE0000A60002800F0EB80DFF8F0090CF0F6FB0C
:105AF00012F016FD0CF05AFDF868494600901CA8FB
:105B0000109ADFF8B039ECF73DFC9DF870400DF1CC
:105B10005C08FF2C40F0CC81DBE3BAF1020F80F08F
:105B2000A68001240DF15C08B5E0BAF1040FC0F0C5
:105B3000D680DFF88809414600901CA812F080FE4C
:105B40001F98002840F0CB801C98B0F80280DFF846
:105B500090090CF0C3FB12F0E3FC40460AF00CFB8A
:105B60000CF024FD0D98DFF87C39D0E900121CA858
:105B700003F068FFDDE91C604FF4B07100FB01F435
:105B8000DFF86459002C00F0B18106F10C002946C1
:105B900009F09CFA20B1B6F84C01804500F09B81D9
:105BA00006F5B076A4F5B074ECE7BAF10A0FC0F0D0
:105BB0009680DFF80809414600901CA852460A2347
:105BC000FFF7DEFC1F98002840F089801C98418870
:105BD00008910489B0F80680858806880A98DFF85D
:105BE00048190FF091FB8A46711E89B2FE2900F216
:105BF0002581C6F34A11079450F8212006F01F01B1
:105C00001CAC22FA01F1C90700F0768106904A46E1
:105C1000F86812F011FE0028059500F060820A680D
:105C200090F8740301320A6017A9FF2259E2BAF111
:105C30000A0F13D3DFF88408414600901CA852468F
:105C40000A23FFF79DFC1C984FF6FF710578B0F80A
:105C50000880884503D01F9900294DD000250120D8
:105C60000DF15C088DF8480005F0010018E0DFF840
:105C70004C08414600901CA852460223FFF780FCC6
:105C80001C980DF15C081F9901240088002908BFA9
:105C90000404200607D001208DF84800C4F300203A
:105CA0008DF84900F4E2DFF818080CF017FB12F049
:105CB00037FC200C0AF060FA0CF078FC09E3BAF12A
:105CC000080F0CD3DFF8F407414600901CA8524699
:105CD0000823FFF755FC1F98002800F00F810120D2
:105CE0000DF15C08ADF84800D2E21E980DF15C0899
:105CF00012F017FB1420E3E0818808914188B0F886
:105D000006A044780D980791D0E900121CA8DFF88E
:105D1000003803F097FEDDE91C124FF4B07045EA3D
:105D2000042C02FB00F5DFF8F8970E4600242A4603
:105D3000AAB3337B012B06D1737B1098984204BF22
:105D40003388012B04D006F5B076A2F5B072EFE7E8
:105D500020460F9C7388A4B29C420446F3D1B8F14C
:105D6000000F00F0F482DFF8AC070CF0B7FA404601
:105D700010F002FB0CF01AFC0420DFF89C173073C3
:105D80000A98A6F80E800FF0BFFA283012F0CBFB6D
:105D90002868ADF84A80013028601120EDE201F159
:105DA0000C060DF15C08F5B13078012804BF36F817
:105DB0000C0C012804D0A5F5B07506F5B076F2E715
:105DC0000F9936F80A0C89B28142F4D148460CF09A
:105DD00085FA0F980AF0D0F910980AF093FB0CF0AE
:105DE000E5FB3470E7E70A98DFF838170FF08CFA14
:105DF000283012F098FB12F046FB14201E998DF803
:105E00004800DDF83C900A6801320A603CE21E98C6
:105E100012F087FADFF8E0060CF060FA12F080FB6F
:105E200012F04DFB0CF0C2FBF8684946009012A836
:105E3000109ADFF8C836ECF7A5FA23E202251CAC6D
:105E4000B8E1DFF818071CE0DFF81C0719E0DFF8FD
:105E5000040716E0DFF8F00613E0DFF8100710E0A3
:105E6000DFF8EC060DE0DFF8E4060AE0DFF8F40600
:105E700007E0DFF8E40604E0DFF8E40601E0DFF81D
:105E8000F4060CF009FA00201CAC0DF15C080CF0D3
:105E900003FA0CF08BFB109A4946DFF81836F868C5
:105EA00000902046ECF76EFA9DF87040FF2C06D06B
:105EB000DDE90B0112F07AF98DF84840E8E117208E
:105EC0008DF84800E4E1DFF8B0060CF0E5F928466B
:105ED0000AF018FBD7E700204FF48031C6E9011023
:105EE00030803073C6E95300C6E955001E98DDF8CE
:105EF0003C9012F016FAECE102255BE11C98066872
:105F00004568DFF8C0050CF0E9F912F009FBDFF88D
:105F1000B805DFF8B845A0473046A047300C40EA46
:105F2000054A5046A0472846A0474FEA154808951D
:105F30004046A047E94AB5B212F0DBFDE5FB02019D
:105F400012F011FCE64A81460E4612F0D2FDE8FB43
:105F5000020112F008FCE14A1FFA8AF4CDE90601B9
:105F600012F0C7FDE4FB020112F0FDFB82468846F9
:105F70000CF01CFBBAEB090078EB06004BD2DFF803
:105F800050050CF0ABF90F980AF02EF90CF00EFB4F
:105F90000220ADF8B20010988DF8B10013208DF8F2
:105FA000B000D0482D9017A811F086FEDDF85C8077
:105FB000B8F1000F00F0EB80DDE918A6FB20CDE979
:105FC0002E60002030902EAC2DA912F09DFEC0B2A4
:105FD000022878D12CA912F097FEC0B2022872D103
:105FE000DDE92F30191A022913D32E9A851CDFF808
:105FF000E4140091294605F09DF9CDE9170117AC8D
:10600000DFF8D4140222204605F072F9002800F0CF
:10601000088204255BE0B4F5486FB0D8062DAED3F6
:10602000089880B280087C28A9D80898B0F5202F5D
:10603000A5D3AD4808998142A1D843F60954089BDD
:10604000AAFB04010222079D02EB430208FB041194
:10605000400A92B240EAC150490A12F04FFD069A36
:10606000A2FB042305FB0433520A42EAC352801AFE
:1060700071EB5320BFF483AF09980021CDF87890DD
:10608000DDF83C90C0E90011C0E9021106984B46CA
:1060900026900898ADF8A0000798279007208DF863
:1060A0007000F8688DF8AA10CDF880A0CDF8848033
:1060B0001F96ADF8A890D0E900121CA8009017A870
:1060C00003F0A8F905E10425C00718BF0D2501203C
:1060D00051468DF87100404611F038FE58E01CA979
:1060E000FE228DF85C201C228DF870200425097892
:1060F000FF295FD1C0075DD00D98DFF83034D0E9BB
:1061000000122046CDF8048003F09CFCDDE91C2041
:106110004FF4B07100FB01F80492089D114640460F
:10612000A8B10A88012A08D14B881FFA89F2934244
:1061300004BFB1F85421AA4204D001F5B071A0F512
:10614000B070EDE70A7B002AF7D00A252FE0CDE9F1
:10615000026A0025DDF810A04FF00009DFF8D043F7
:106160000AF5AE76B8F1000F1BD00AF10C002146FB
:1061700008F0ACFF18B13078002800F0CF800AF5A5
:10618000B07AA8F5B07806F5B0760135EAE71625BD
:106190000DF15C08DDE90B0112F008F88DF84850AC
:1061A00076E0DDF83C901CAC0425DDE9026A1E981F
:1061B00012F0B7F812F018F8DF480CF08FF812F070
:1061C000AFF9304609F0D8FF284610F0D5F80CF0AA
:1061D000EDF90A204FF0000AADF8B20010988DF8E2
:1061E000B10015208DF8B000D4482D902046CDE99F
:1061F0002EAAADF8C05011F05FFDDDF87080B8F147
:10620000000F3CD0DDE91D56FB20CDF864A0CDE9A0
:10621000176017AC2DA912F077FDC0B202281ED16D
:106220002CA912F071FDC0B2022818D1DDE9183096
:10623000191A0A2911D3179A00F10A09A5490091E0
:10624000494605F077F8CDE91C011CAC2EA90A22BD
:10625000204605F04DF8002857D0042004E0C00780
:106260004FF0040018BF0D2001218DF848008DF873
:106270004910404612F06FFBDDF83C9002E016201A
:106280008DF848000DF15C089DF84800FF2820D0EB
:1062900012A8414690E87C00B8487CC1DDF83C90EB
:1062A0000CF01CF812F03CF912F056F80CF07EF9E4
:1062B0009DF85C0001280CD1F868494600901CA8A4
:1062C000109A7C4BECF75EF89DF87040FF2C40F084
:1062D000DE801CAE119CFFF7DBBA00BF00C40900D2
:1062E00000204E0006000500FFFF800CA5F85A01B3
:1062F00005F110000CF078FCFF201E990DF15C08F0
:10630000DDF83C908DF848007DE5CDE91E69234617
:10631000CDE91C8512A812F030FAB3E74FF4B07043
:10632000049905FB0016B069002840F0B8804FF0D2
:10633000FF30DDF808A0B06196F8240001281FD1D5
:1063400006F598700CF050FC96F8240019E00798B8
:10635000A6F858010898A6F85601032030730A9849
:106360006E49A6F85AA1A6F854C10EF0CDFF283008
:1063700012F0D9F812F087F8FF200DF15C083DE526
:106380000020D6E907148C4207D1C00705D10021AF
:106390004FF00408042000240BE006F128088C428A
:1063A00008EB011091BFC1F11001611A00244FF0F8
:1063B0000408EFF7D5FF40462146EFF7D1FFB0695B
:1063C00086F824900130B06106F59C70C6E9079903
:1063D00001F03DFD08980599A6F8540105F140002B
:1063E000A6F858110199A6F84C010120A6F85611FB
:1063F000109930800798DDF83C9071730221A6F85F
:106400005A01A6F84EA1A6F8029031731E9811F019
:1064100088FF069820300CF0E7FB039911F021FF6C
:1064200057E7CDE919652346CDE9178A1CA812F074
:10643000A4F99DF87050A046FF2D7FF4ABAE48E75D
:106440000E999DF87000487019E0F86849469DF86B
:10645000712000901CAC174B2046EBF793FF9DF882
:106460007050FF2D0DD00E9E611C1322701C27F062
:10647000C8FA357008E0FF2004E00E994D70012045
:1064800001E005200E99087031B011F07EBE0E9D1E
:1064900013220C99681C27F0B4FA2C70F4E72548F5
:1064A0000BF01CFF0EF01EFF0CF080F80BF0CCFF81
:1064B000BC0E040090340400CC0E0400A01A0400AA
:1064C0002D0000002C000000FC01000099220200B9
:1064D0008C0000005CFC0300B20504008D0000008D
:1064E0002B000000AC0E0400BCFF03002A000000DB
:1064F0008C0E04009C0E04008A000000B00504000D
:10650000EC0D04008700000079010200FC0D04007E
:106510004C0E04005D0000006C0E04005C0E0400D4
:106520002F0000007C0E04003C0E0400ECFC030075
:10653000ACFF0300C30000002E0000000E000500A9
:106540008E000000140000001A020000210200006A
:10655000200200001E0200001D02000019020000BF
:106560001C020000160200001502000018020000C4
:10657000170200001B020000230200008B00000035
:10658000F0B503AF4DF804BD044600254FF0FF36CB
:10659000022E15D0204608F0F5FCC00713D10136B5
:1065A00001F07F00C6EBC60202F00F0290400543E7
:1065B00048B20028ECD4022E09D1C8B2032806D96B
:1065C00040F2015004E0C8B20002013000E02804AB
:1065D00011F0A4BEF0B503AF2DE9000B894680464B
:1065E0004FF0FF3400250026042C15D0484608F053
:1065F000C9FCC00714D105F01F0001F07F02073568
:10660000013402FA00F0064348B20028ECD4042C0E
:106610000DD1C8B20F280AD9052088F8010001E081
:1066200088F80110012088F8000011F021BFC8F897
:1066300004600020F7E7F0B503AF2DE9FE0F4FF03F
:1066400000094FF0FF3A0025002600244FF0000813
:10665000CDE90001BAF1120F44D0019808F092FC84
:106660008B46C00742D106950BF07F0500214A46B4
:10667000284627F097F8C9F14002CDE903012846E2
:10668000002127F079F8A9F140020594444680469C
:10669000029128460021069D27F084F8B9F1400FA9
:1066A00038BF4046029AA046059C38BF1146039A5F
:1066B00038BF1543049A38BF1643B9F1000F09F1EA
:1066C00007090AF1010A1CBF48EA010804434FFA0E
:1066D0008BF00028BED4BAF1120F0FD15FFA8BF005
:1066E00003280BD900990520487002E0009981F831
:1066F00001B00120087007B011F047BD00990020DB
:10670000C1E90256C1E90448F4E7F0B503AF4DF81A
:10671000048D0446002088600D46084601219846F5
:1067200016460EF051FDC0B2022818D12846314657
:106730000EF04AFDC0B2022811D1284641460EF0A3
:1067400063FDC0B202280AD1B96828460EF0ECFCFD
:10675000C0B2022803D1A8686060002001E0607028
:106760000120207011F0A8BEF0B503AF2DE9000F95
:106770008BB03C691E4688468246D2E90001154628
:10678000237E324600F0C8F8C00705D001208AF801
:1067900001108AF800001AE0CDF80C80D7E90598BE
:1067A000D7F80CB02078032814D1BC683346D5E95B
:1067B000001204AD28460DF083FECDE900B9504625
:1067C000CDF808802A460399234601F0BDFB0BB0A3
:1067D00011F0DBBCC7F80880504621465A464B46AC
:1067E0000BB0BDE8000FBDE8F04010F023B9F0B5E4
:1067F00003AF2DE9000F89B0BD6898460C4683466B
:10680000D1E9000116466B7E00F0A8F8C00701D060
:10681000012019E0D7E9039A287803280FD1D4E999
:10682000001202AC334620460DF04AFE584621467F
:1068300042464B46CDF800A001F0DCFB04E02846C0
:106840004946524610F08AF909B0BDE8000FF0BD84
:10685000F0B503AF2DE9000F8DB01D46BB68E846CB
:106860000C460646114640462A460DF029FE2849A8
:10687000204603F08BF80DF1180B8246894617214C
:10688000584627F067F860255146B5B10C460846D2
:10689000414610F00AFB58BB2046594608F080FAE2
:1068A000603D04F160010028EFD00120B44620765D
:1068B00098E86F006FC466461CE00AF11801B34601
:1068C0006020C8B18C4601F160031CF818196038CB
:1068D00000291946F5D101208CF81800604698E887
:1068E0007E007EC00CF120000FF0BAFFFF2007E011
:1068F00001202076FF2004E006480BF0FBFC1D2061
:106900005E46307011F076FC0DB011F03EBC00BF59
:10691000C406040092000000D0B502AF86B01C4649
:1069200013460A46014601A802F0D9FE9DF804006C
:10693000FF2802D0012101200EE0E2B29DF80530CF
:1069400001200221DFE802F0030205081BB100204C
:1069500002E0022BFBD2052106B0D0BDD0B502AFBC
:1069600086B01C4613460A46014601A802F0B7FE4F
:106970009DF80400FF2802D0012101200EE0E2B2C0
:106980009DF8053001200321DFE802F0030205082D
:106990001BB1002002E0022BFBD2052106B0D0BDC6
:1069A000D0B502AF044690F8340018B90020A16AAF
:1069B000C4E90B100648224606490CF05FF925F0A1
:1069C00011FE032084F8340084F83000D0BD00BFED
:1069D00070DC032060300400F0B503AF2DE9000F38
:1069E000ADF5237DDFF8081B8346CDE909100020B3
:1069F0000D9009A80BF12804D64BCDE90B0042F607
:106A0000C8705844089041F264300BEB000999F8C3
:106A10003400DFE810F00600F205540693006B0026
:106A200059080020494641F8300F069451F8040CEB
:106A300041F80C0CDFF8BC0A05910BF05BFC0CF084
:106A40000FFFDFF8C02E9179C90740F0DA850121E8
:106A500091710CF03BFFC04DC049C14ED5F8A40365
:106A60000860D5F8A8034860D5F8AC038860D5F86D
:106A7000B003C860D5F8B4030861D5F8B80348611D
:106A8000D5F8BC030862D5F8C0034862D5F8C40342
:106A90008862D5F8C803C862D5F8CC030863D5F876
:106AA000D0034863D5F8D4030864D5F8D803486404
:106AB000D5F8DC038864D5F8E003C864D5F8E403AE
:106AC0000865D5F8A400A74CC0F3072045284BD98A
:106AD000301D5A214FF05A080BF094FFC0B2C4F891
:106AE0004080B0FA80F04FEA501A3FE009F6783063
:106AF000069099F8780B09F14C01059168B30328C9
:106B000040F0B38509F5D270079099F8A4010DF112
:106B1000240809F5D67209F5E673DFE810F00800DD
:106B2000C005D005BF04E703A7049804CC04D9E945
:106B30001382D9E9151AD9F85C0053E34D4615F8CC
:106B4000400F002800F0FF815A461C46032800F041
:106B50000682DFF8B40D0BF0D0FAD9F86C8BD9F8B7
:106B6000701BD9F8740BB3E24FF0000A05F58D5095
:106B700012210BF047FF054630461221B0460BF0BC
:106B800041FFE9B2C0B239B1B0FA80F252094AEA23
:106B90000205022901D102E00125022803D1DFF814
:106BA0006C0D0BF0A7FB08F10800002101220BF08F
:106BB00031FFC0B20521B0FA80F007224009054339
:106BC00008F580700BF026FFC0B2B0FA80F14909D9
:106BD0000D43022804BFDFF8380D0BF08BFB002DAE
:106BE00040F01285604800212160012221505F4958
:106BF000625021580029FCD0DFF8182D0120002117
:106C00004FF0FF33A0662066082906D0545804319F
:106C1000C4F82405C4F82035F6E755484FF0000CB9
:106C2000DFF8F41C4FF0010ECDF81CB04FF000431C
:106C300083460025082D16D04E19367906F01F021E
:106C4000C6F340140EFA02F20BEB8400C0F8802168
:106C50000BEB060080F800C34BF824204859083598
:106C6000C0F80433E6E743484FF40001424A816428
:106C70004249C1F8042301228A600A6001680029A0
:106C8000FCD13F4C00204FF40031D8462074CBF8A3
:106C9000001001218DF842004FF4FA70ADF8400069
:106CA00002208DF83E004FF48050ADF83C00DFF834
:106CB0006C0C6030D0E84F2F002A40F08584C0E88B
:106CC000421F002AF6D180264FF48010DFF8CC2E28
:106CD000BFF35F8FE6741421C8F880010FA825F078
:106CE00079FA002800F19284002001212070A0721E
:106CF000E071DFF8CC0E88F80063012625F09BF8E0
:106D0000002800F18584DFF8B01ED1E84F0F00287D
:106D100040F05A84C1E8406F0028F6D1481CDFF8E3
:106D2000AC1EBFF35F8FC9F82800002040F20112AB
:106D3000382800F076840D18383005F1180353E830
:106D4000004F24B943E80024002CF8D11AE0BFF327
:106D50002F8FEDE7047300406000001020C5004055
:106D60000412001018050040ECFBFFFFF0FAFFFFD3
:106D700000E100E00415014002000800001001409D
:106D800001E400E0DFF8480E069C686205F1280087
:106D9000EAF7CEFDD9F8240029460BF09FFCD44831
:106DA0004FF0010A4D46C0F800A0C0F804A34FF40C
:106DB0000050CBF88001CBF80000DFF8FC0D50301C
:106DC00045F8040FCB4800F52E606860DFF8040E2C
:106DD00013F022FEB0F1FF3F40F32F8413F07AFF4F
:106DE00013F084FF13F08EFF13F090FF13F08CFF6D
:106DF0008DF8F8A03EA902200CF08EFD002840F08E
:106E0000E18340F20330ADF8FC004FF0FB103E9000
:106E10003EA903200CF080FD002840F0D383002021
:106E20000021002213F040FE0646002800F12C84C9
:106E300041F21020DFF8801D801B88BF012038BF81
:106E40004FF0FF30C0B268B1012840F01284DFF883
:106E5000880D0BF043FA30460BF032FA0BF0A6FB2C
:106E6000DFF8541DBFF35F8F51E8030F002840F097
:106E7000E78341E803500028F6D10120002800F004
:106E8000E483DFF85C0D3E903EAD284615F04AF8ED
:106E9000B0F1FF3F40F39683DFF8480D214613F031
:106EA000D7FEB0F1FF3F40F3D683934C0020022180
:106EB0000122602389F82000A9F8140089F8101035
:106EC000C9F80C0089F83320A3718C4B1A60C3F801
:106ED000F0104FF60171C3F8F400ADF8FC104FF458
:106EE00000313E9103F11001062818D02A18537979
:106EF00014790C60FF2B1ABF4B604FF480130023F2
:106F00002C5C0630967843EA04335478D27843EA0E
:106F1000022242EA064222438A601031E4E7784BBB
:106F20004D46784858608020CBF88001CBF80000AF
:106F3000002045F8400FDDF81CB0059845F8040C1A
:106F4000012005F80E0C704800211C461950102035
:106F5000186001216D4819500B98D0E90012DFF834
:106F6000580C20300BF08AFE67482158002900F0A9
:106F7000CB8121460024CDF81CB04FF001080C5005
:106F800008206349634E85F80080DFF860AC8B46CB
:106F9000705003208DF8F8003EAD2846D0474FF4DE
:106FA0008040C6F8FC002E208DF8F8003EA8D0479F
:106FB0004FF0004046F80B001F208DF8F8003EA867
:106FC000D0474FF0005046F80B001D208DF8F80018
:106FD0003EA8D0474FF40050C6F8FC002D208DF895
:106FE000F8003EA8D0474FF40060C6F8FC002B2004
:106FF0008DF8F8003EA8D047202046F80B00052069
:107000008DF8F8003EA8D0474FF0006046F80B001E
:107010001B208DF8F8003EA8D0473F4804210160AE
:1070200041613E483166B1663162C6F814133F9043
:107030003B483E90082C0CD0285D06F1FC0111F075
:107040007AFE38BFA6F50171013408FA00F0086035
:10705000F0E7DDE93E014FF48076C9F8420042F6E0
:107060000C10304DA9F840002F48C9F83C0040F200
:107070000110C9F84610A9F83000D9F82880C5F8E1
:107080008060BFF34F8FBFF36F8F0CF099F8DFF87C
:10709000600B90F84010012900F0AC820121002221
:1070A00080F8401011F03DF92E6020204FF420218F
:1070B00089F8782B09F14C02059209F67832C9F863
:1070C0006C8BC9F8701BC9F8740B0692DDF81CB004
:1070D000C9F8100509F20C5AC9F80C153EA92E2062
:1070E0000222B0F5D77F21D00A543030F9E700BF33
:1070F00004D0004020C5004001E400E000750040DD
:1071000004730040FFFF3F000CFEFFFF08FDFFFF80
:10711000FCFDFFFF10070050280A00502D2B051B17
:10712000032E1F1D00E100E02A2F1C1E41F68800DF
:107130003EA958444FF4C07226F0BEFB40F267608F
:10714000E549C9F8A4060BF5E650002640F65D7245
:10715000C9F8B4164FF48071C9F81465C9F81865F8
:1071600089F84C69C9F87C6AC9F84467C9F8A86607
:10717000C9F8AC26C9F8B066C9F8B866C9F8BC66E3
:1071800026F0E8FB4FF40040D449C9F854094FF009
:107190001410C9F8681ADFF85C1AD14AC9F8780ADD
:1071A00009F21450CF4BD04CC9F8642A0122C9F817
:1071B000603A09F5D273C9F8586989F86A6BA9F879
:1071C000686BC9F85C4AC9F86C6AC9F8706AC9F892
:1071D000746A89F8A461C9E91382C9E9151AC9F862
:1071E0005C000793C9E91882C9E91A1AC9F8700046
:1071F0009AF80460012E40F2F081DFF8000ADAF814
:1072000000400BF06BF8DFF8F8594FF48060A847A6
:10721000B000A8479AF8040009F074F9DAF8000001
:10722000A847002C08BF4FF4C02425050BF0BEF979
:10723000002D40F0D581D9F86C000079012840F28A
:10724000D28104EB0030C9F89C0141F2D8300BEB3D
:107250000005D9F860100026C9E9651428464FF4E6
:10726000907189F8A06126F075FB89F8886309F5AB
:107270006278C9F8A85109F5D47A0B9A002089F8E8
:107280008403C9E96B0509F5D6743EA811F020FD09
:107290009DF8F860FE2E03D1032088F800000FE26D
:1072A00020469DF800513F9C0490EEF733FF0120EB
:1072B00088F800005046EEF745FF4EB98B488442EF
:1072C00006D1E80704D0D9F86C004179002958D0DC
:1072D000DFF838090BF00EF8DDF82C80002089F873
:1072E000000241F2F8405844C9F8A80141F20C509C
:1072F0000BEB00053EA842462946F9F773F83E9885
:10730000023005D10420DBE10320287000F0E3BB4C
:107310002846EEF789FE0020D9E9192189F8CC0129
:1073200041F2D830D9F87030584409F5E674039426
:1073300009F5D674C9E96B02C9E96D1304940124F7
:10734000C9E97113002189F8DC43684CC9E96F026F
:1073500009F57572C9F8D84389F8D41389F8D013A0
:10736000C9E97410C9F8D82109F5E8761AAD10F00A
:1073700081FE1A98023043D103200399087005203A
:107380009EE18079012840F01682DFF87C080AF03F
:10739000B1FFD9E919100368002089F8CC0141F246
:1073A000D8305844D9F87020C9E96C1AC9E96A3054
:1073B00009F5E673C9F8B8210393DDF82C8009F5C7
:1073C000DE74002384E803040121C9F8C82109F50B
:1073D000757289F8DC33C9F8D83389F8D41389F881
:1073E000D033C9E97410C9F8D82109F5E8753EA869
:1073F00010F00DFF3E9CA01C40F0A380032066E12E
:107400000DF1440A10F052FD1198013000F07D801A
:107410005046049CEEF708FA012089F8CC0120467A
:10742000EEF7B0FE41F2D832DDF82C805A4400204D
:107430002E49C9F8B01309F56B7189F8B40389F8BE
:10744000AC0389F8A803C9E96A02C9F8B01141F28E
:107450000C500BEB00053EA810F0D9FE3E98023010
:1074600001D106202CE111F06DFAA4E199F8CC01CC
:107470000DF1240804920393DFE810F009001D01C8
:1074800021010800590082004A036F036CE7D9E923
:107490006B020DF12408D9E96D1350E799F88803C0
:1074A00009F5D47A09F56278002873D0032840F0F2
:1074B000FA8009AAE7E699F8CC010DF12408CDE994
:1074C0000332DFE810F01900F400FC000700470069
:1074D00043015A0189E700BFFA00F5C102281904E7
:1074E000050332016400500064001400DFE54AF730
:1074F000603004003A00000009F5D67AD9F8B821C6
:107500000DF124089AE8030459E7D9F8BC210020BA
:10751000012189F8DC03C9F8D80389F8D00309F5FB
:10752000757089F8D413C9E97412C9F8D80109F53E
:10753000E8761AAD10F09EFD1A98023014D104209E
:107540001BE711F0FFF9601C40F02F8110F012FED4
:1075500011F0E7F909F5E8753EA810F058FE3E9CD9
:10756000A01C1BD10420B2E00DF1500A10F09EFCCB
:10757000149801307FF44CAF10F0FCFD11F0D1F9FC
:1075800009F5E8761AAD10F075FD1A9802300DD1A4
:107590000520F2E6DAF8005009AA6FE611F0D2F9F8
:1075A000601C40F0028111F0B4F994E00DF15C0A26
:1075B00010F07CFC179801307FF42AAF049C11F086
:1075C000A8F9A5E006465FE0DFF8F8057921DFF8C5
:1075D000F825BFF32F8F09F07FF9DFF81C0636E09E
:1075E000DFF8200633E0DFF85C063521DFF85826A7
:1075F00009F072F9DFF8540629E0DFF8B8050AF05F
:107600007CFDDFF8640622E00BF032FA054602E06A
:10761000054624F06FFDDFF84C060AF05FFE2846B1
:1076200037E0DFF83406A7F11D0200902B21DFF8C8
:107630002C06DFF82C360AF0F4FC00EAE07623E0B2
:107640000020BFF32F8FFFF719BCDFF890050AF079
:1076500051FE0AF0F9FE064613F02AFBDFF8581532
:107660000020BFF35F8FC8600EE0DFF844050AF02A
:1076700044FDDFF8DC050AF031FE30460AF020FE5A
:107680000AF094FF6FF01506DFF8C8050AF026FE31
:1076900030460BF0A5FD0AF089FF0AF0D5FEDFF8B1
:1076A0000C050AF02AFDDFF800050AF026FDDFF8D8
:1076B000F0040AF022FDDFF8EC040AF01EFDFEDE05
:1076C00007990870069903200870042003E20399C3
:1076D00008700720F4E709F5E87007F066FC11B1BF
:1076E00011F0D8F90AE0D9F8C401006800285CD08C
:1076F0000021C9E97401C9F8D8111EE011F0C0F9E0
:107700000029E8D00022C9E97B01C9E97D1229E0FE
:1077100009F5E87007F049FC11B111F0BBF910E26E
:10772000D9F8C4010068002800F0E7810021049422
:10773000C9E97401C9F8D811D5E111F092F9A1B3E2
:107740000022C9E97701C9E9791225E00BF5AB55AB
:107750003EA810F05CFD3E9CA01C0CD011F0F2F88D
:10776000601C22D111F078F90029C7D010F087FCF5
:1077700010F031FCEAE70520A9E741F250500BEB8D
:1077800000053EA810F043FD3E9CA01C00F0A9811E
:1077900011F0D8F8601C08D111F06DF90029CCD097
:1077A00010F0DDFC10F04AFCE7E7039901200870B7
:1077B0000498EEF7D3FC41F2D8300BEB00013EA861
:1077C0004FF4967226F078F8012099F8A04189F8D4
:1077D000A40141F205503BF800105844022C807877
:1077E000ADF85C108DF85E003FF46CAF059A92F82E
:1077F0005801033804281CD8DFE800F003170D12E5
:10780000080002F5AE70EEF79DFC12E002F5B070D4
:10781000EEF7A4FC0DE002F5B070EEF7B3FC08E063
:1078200002F5AE70EEF782FC03E002F5AE70EEF703
:10783000FBFB01204FF4967289F8780B41F2382057
:107840000BEB00083EA9404626F036F841F26530C1
:10785000BDF85C102BF80010584400229DF85E1013
:107860008170002089F800401AA9602A05D08B1881
:1078700088500C32C3E90100F7E70022D9F8420032
:10788000D9F846100023A9F8302032AD302B04D0AF
:10789000EC18EA500633A280F8E74E4641F24C431A
:1078A00056F83C2F4BF803206022C6E90F010BEB82
:1078B0000300B188818041F2E43058441AA925F0D0
:1078C000FBFF41F2AC30294658443022059026F0A7
:1078D00098F8C549002086F8B200C6E929008865F5
:1078E0000860CB493591CB493491CB493391CB4991
:1078F00032919EA9102813D02A5C52420A540130BA
:10790000F8E700BFF8E60320240604005600000054
:1079100055000000F814040018150400489A0320CC
:10792000089C43F660704FF0040A5844102284F813
:10793000A8AF9EA926F065F80120002184F8B00FB9
:107940000022B74884F8A91FC4F8881FC4F88C1F08
:10795000A4F8AEAFC4F8AA0F04F6887489F8321000
:10796000022A03D025F812100132F9E70898002105
:107970004FF09672329BAB4DC0F8B81FC0F8BC1FD9
:1079800080F8E21FA0F8E01FC0F8CC1FC0F8D01F9D
:10799000C0F8D41F0221C0F8C82F4FF4FA6289F84A
:1079A000441040F61831C9E90F219F4AC0F8D83F6A
:1079B000C0F8DC5FD2F8FC10CDE90668C907049472
:1079C0009A490AD101234FF4A0258B605C461360CD
:1079D0000D609A4D4B60535115E08A6802F0090220
:1079E000012A07D10A68B2F5A02F02BF5C464A6897
:1079F000012A08D08E48A7F11D02009012218D485F
:107A00008D4B0AF00EFBDDF820B022468C4D04F5BC
:107A1000A3530BF6E8760BF6B8700390C1F8FC5050
:107A200000214FF420358BF8F01FC6E90051634D5B
:107A300089F83310686801902868029041F270302C
:107A40002044C9E93D1190E8305583E8305501984C
:107A5000CBF8001F40F44040ABF808000298CBF888
:107A600004000698CBF8800F0398CBF8880E07988F
:107A7000CBF8C00A0498CBF8E8000598CBF81800BA
:107A80000120CBF8041FCBF8841ECBF8801ECBF866
:107A9000581ECBF85C1ECBE95011CBE93811CBE96D
:107AA00004118BF8841F8BF8901E8BF8781ECBF88E
:107AB000706E8BF8CF1A8BF8F0108BF820108BF8C3
:107AC0000A10CBF80000934641F258400BA95844E5
:107AD00003F0C4FC052089F834000DF5237D10F077
:107AE00054BB0620F3E510F0BCFF29B10022C9E920
:107AF0007701C9E9791245E0049C039901200870D7
:107B00002046EEF73FFB56E610F0B9FA10F063FAA4
:107B10000BF5AB561AAD10F0ADFA1A98023008D03A
:107B20000DF1C80A10F0C2F9329801307FF470AC40
:107B300002E00620FFF721BC10F08EFF0029E3D100
:107B4000049C10F09DFF00293FF4E2AD0022049454
:107B5000C9E97B01C9E97D12EEE741F250500BEB18
:107B600000061AAD424631462846F9F753FC1A98EA
:107B7000023010D00DF1F80A10F098F93E9801305B
:107B80007FF446AC10F077FF0029ACD010F0E7FA94
:107B900010F054FAE1E70720FFF7EFBB793302005A
:107BA00064070400740704005407040084070400F9
:107BB0009402040030040400F8E603206000001082
:107BC000489A03206C0D0400A80D040060E7032010
:107BD000A16901002D39020058000000A500000035
:107BE000A15100008939020010070050B184010042
:107BF00058790320ACFF0300C10000003F000000E3
:107C0000C1220200C20000001D0000001700000099
:107C10000001FF00FF000001010000FF00FF010064
:107C20000000FF1A010000010403014004050140A7
:107C3000F0340400DC340400A4340400FCFCFFFF36
:107C40003546526E400D04005C0D0400A300000098
:107C5000A400000097000000E4090400FA3B0400BF
:107C6000200D0400980000009C00000080B56F46C5
:107C700000F056FA053080B280BDD4D4DCB504AF34
:107C80000446084600F04CFA04490530009181B2E0
:107C900005202246FB2303F04DFBDCBDCC0F040086
:107CA000F0B503AF2DE9C00B8146104690460E4655
:107CB0008C6800F035FA164B054602202146FB225F
:107CC00006F03BFB6A1CADF80420124A0223009226
:107CD00001AA0BF0E7FE0620A7F11A0227F81A0CFA
:107CE00002210D4802230090A01C0BF0DBFE08F1DE
:107CF0000100207196E80E0009F104000EC0FF207B
:107D000089F8000089F81080BDE80C0BF0BD00BFB9
:107D1000DC0F0400EC0F0400FC0F040090F85E136D
:107D2000FF291EBF013180F85E13704780B56F4692
:107D300002480AF0DFFA0AF087FB00BFE600000005
:107D4000F0B503AF2DE9000F93B082468868B0B359
:107D5000D1E9040102F0B2FE07AE10F038FC06F1E2
:107D6000020B9DF81C809DF81D9001AC594616220F
:107D700010F071FAB8F1FE0F24D0204621467CC8DD
:107D80000DF1340CACE87C0016220088ACF8000041
:107D900058468DF81D908DF81C8025F032FEB8F104
:107DA000FF0F16D08AF8019016220AF8028B0DA94F
:107DB000504625F026FE13B0BDE8000FF0BD0C487C
:107DC0000AF0D6F809480AF089FA48460EF0C6FAD1
:107DD00005E005480AF082FA07A8EDF791F80AF0E5
:107DE000E5FB0AF031FB00BFF3000000F9000000E2
:107DF0000C100400F0B503AF2DE9000BD7F8089084
:107E000080460D682DB1D9E900010FF09FFF1520C4
:107E100010E0D1F804E00E4699E83100D7F80CC024
:107E200031C600204B820A82C1F80CC07146EDF7C2
:107E300061FDFF2088F8000010F01ABBDCB504AF2C
:107E400000240194BC680094FFF7D4FFDCBD80B52A
:107E50006F46D0E90021002303601046BDE8804052
:107E6000EDF748BDF0B503AF2DE9F80FD1F800905C
:107E700004460020B9F1000F08601BD00E46924660
:107E8000F0681D464968328A00EB0308B6F812B064
:107E9000D84514D92B480D4616460AF01FFA30462D
:107EA00008F06AF958460AF00BFA0AF07FFB2946F7
:107EB000052008E001202060142020713CE0B8F18A
:107EC000FB0F0BD90420012220712260484605B027
:107ED000BDE8000FBDE8F0400FF038BFCDE9032149
:107EE000FB23B268154900914146029203F022FA41
:107EF000134A2B4610F020FCD84509D10498E060C5
:107F00000298C4E9040B0398A4F806B0A0800FE01F
:107F10000398049930820298C6E902080020C6F846
:107F200000904FF00009A6F812B07160EDF7E2FC86
:107F30000020C4F80890206010F0C2B81C0F0400A4
:107F40002C0F040089000000F0B503AF2DE9800F6D
:107F500014460A462349834610461E4601F025FD75
:107F600080460D466FF05F0ABAF1000F16D00AF195
:107F7000600A214608EB0A0948460EF096FF0028E1
:107F8000F2D009F1200031460EF03CFC30B102463F
:107F9000B8680C4688420CD9072000E00A208BF80C
:107FA000010001208BF8000028680138286010F0DB
:107FB0002EBB0D4B1146224606F090FB3A690C464B
:107FC0000E460A4B8A42F968804638BF164630464C
:107FD00006F0B3F9064A234610F068F8CBF80460BF
:107FE0000020DFE774060400840604009406040001
:107FF000A4060400F0B503AF2DE9E00F0D4640499B
:108000009A46914601F0C2FC04468B466FF05F0829
:10801000B8F1000F23D008F16008294604EB0806E8
:1080200030460EF042FF0028F2D00FFA89F0002807
:1080300015D406F12005494628460EF085FB012897
:108040000DD1284689460EF0AFFB284649460EF072
:1080500017FBBE6886420DD901200D2101E00120E9
:108060000A21DBF800200132CBF8002003B0BDE884
:10807000000FF0BD284649460EF0D6FA214B821972
:10808000014628460EF054FB1F4A334610F054FBBD
:10809000284649460EF0F4FAB1B2884226D3284663
:1080A0000EF0AAFA894526D200EB890090F901006A
:1080B000002819D5284649460EF012FB144A0146FD
:1080C00028460EF003FB134B02460C4611460220D5
:1080D000224606F032F9104A02230092A7F11E024E
:1080E00027F81E6C0BF0DEFC0020BAE70B480AF004
:1080F00001F90AF0A9F9054A484609F0E9FA00BF72
:10810000B4060400883C0400983C0400383C040099
:10811000483C0400583C0400683C0400ED000000AA
:1081200080B56F460249C0B231F8100080BD00BF73
:10813000004C0400D0B502AF074904460C3006F0ED
:10814000C5FF38B10620207304F11800BDE8D04007
:10815000FDF784B9D0BD00BFB0FF0300F0B503AF99
:108160002DE900070D46804698B291B281421AD996
:108170000F481E461446D7F808900AF0AFF8B5F835
:108180004C01DFF830A0D0474846032108F002F840
:108190002046D0473046D0470AF008FA2846FFF775
:1081A000C9FF052000E0FF2088F8000010F081B929
:1081B0008800000079010200F0B503AF2DE9000F3F
:1081C000A9B08346C8B23C2827D0022821D048BB9A
:1081D00090490BF578709A4616460DF095F80C46C6
:1081E000DBE902128C4B8146856905A801F0EFFBA3
:1081F000DDE905214FF45E70414302F5577011B37C
:1082000002780AB98278C2B3A1F55E7100F55E709A
:10821000F5E77F480AF06EF80DE00BF5CA600EF046
:1082200013FD0CE082480D460AF058F8284607F086
:10823000E9FF0AF0BBF90BF5BA60FDF75AF9012026
:1082400029B010F02DB9079810F06BF876480AF0B5
:1082500045F8304607F0C8FF0AF0A8F910F072F8A8
:1082600014208DF8580071480AF038F816A80DF05F
:10827000A3FF0AF09BF90020E2E7A0F557780495E8
:10828000D8F88002002840F0B9804FF0FF30039406
:10829000C8F8800298F89002012806D108F54870C5
:1082A0000AF0A2FC98F8900200E00020F968019121
:1082B000D8E9A2148C4206D1C00704D100210825B8
:1082C000082000240AE008F526758C4205EB811091
:1082D00091BFC1F10201611A00240825CDF8089070
:1082E000EEF758F828462146EEF754F8D8F8800201
:1082F0004FF0000988F890920130C8F8800208F524
:108300005170C8E9A299FFF7A2FD0498C8F840038C
:10831000032088F85C03DAF8031088F86F93A8F854
:108320005A93A8F85863CDF89B10DAF80000DBE9FF
:1083300004120496CDE92499CDE92299269016A835
:1083400022AB0EF0AFFE9DF881100DF1580E022900
:1083500009D00EF110050EA800F1080E95E85B108B
:10836000724682E85B10DAF803100DF1200CDAF89F
:108370000000CDF86B106146CDE91899CDE916994A
:108380001A909EE87D007DC108F510709CE87E0083
:108390007EC0DDF804C0B86888F86E0308F5167072
:1083A0009CE87E007EC00E2208F558703969A8F856
:1083B000729325F026FBB8680028029818BF083091
:1083C0000AF012FC07980FF0ACFF03990FF049FF79
:1083D000134809F083FF049807F006FF50460DF09C
:1083E00001FE0AF0E3F80F490BF5B5600CF08CFFC5
:1083F0000268013202600FF034FF20E7074809F0FD
:108400006DFF0CF06FFF0AF0D1F80AF01DF800BF05
:108410006D000000F810040008110400C300000003
:1084200023000000481004008F00000062000000DC
:108430005F000000F8B504AF00F1100168460EF0CF
:1084400083FD9DE80F0019431043084318BF012026
:1084500004B080BDB0B502AF0446FFF7EBFF88B1B2
:1084600004F5BA60FDF738F860B104F5B76001F0C3
:10847000BFFA0B68027C407C0133022A0B6004D0F7
:10848000C00702D100252846B0BD04F5BD60FDF748
:1084900023F800250028F6D00AF050FAD4F8182660
:1084A000D4F81C36801A71EB030028BF0125EAE7D7
:1084B00080B56F460078064910F03DFC38BF4FF09C
:1084C000A04141EA80000321C0F8001780BD00BF31
:1084D00000030050F0B503AF4DF804BD0246D0E9EB
:1084E00001C0147891E86800012C68C206D1DCF85C
:1084F0000C105DF804BBBDE8F04008470FF029BF41
:10850000F0B503AF4DF804BD0446006880BB10F021
:108510003EFC207B012805D104F58C700AF064FB39
:10852000207B00E00020D4E901158D4206D1C00770
:1085300004D100210426042000250AE004F11006DD
:108540008D4206EB011091BFC1F11001691A00259F
:108550000426EDF712FF30462946EDF70EFF002006
:108560002073C4E901000FF0EDFE5DF804BBF0BD1F
:10857000044809F0B3FE0CF0B5FE0AF017F809F054
:1085800063FF00BFC3000000F0B503AF4DF8048DDA
:108590008046086870BB0D464FF0FF3101CA296064
:1085A000297B39B1D0B192E8580008F1040158C1D3
:1085B00000211AE0A96805EB0113186103F114000A
:1085C00092E8580058C0481CB0F1100118BF01468D
:1085D0006868A960884204BF0120287305F5887087
:1085E0000AF002FB2868411C00202960C8F800003E
:1085F0000FF062BF044809F071FE0CF073FE09F041
:10860000D5FF09F021FF00BFC3000000F0B503AFA4
:108610004DF8048D8046086868BB4FF0FF300D466A
:108620000860087B38B192E85A0008F104005AC08B
:10863000002101201AE0D5F808C092E8590005EBA6
:108640000C11103159C10CF10100B0F1100118BF2B
:1086500001466868A960884204BF0120287305F5B7
:1086600088700AF0C1FA2868411C00202960C8F807
:1086700000000FF021BF044809F030FE0CF032FE7C
:1086800009F094FF09F0E0FEC3000000F0B503AF6D
:108690004DF8048D8046086880BB4FF0FF3012F81B
:1086A000016B08600D46087C48B1FF2E1AD008F116
:1086B000010011463F2225F0A4F9002019E0EC68E2
:1086C00011463F2205EB84100676193025F099F902
:1086D000601C811E18BF0146A868E960884204BF7B
:1086E0000120287405F198000AF07EFA2868FF2618
:1086F0000130286088F800600FF0DEBE044809F001
:10870000EDFD0CF0EFFD09F051FF09F09DFE00BFFB
:10871000C3000000F0B503AF4DF8048D86B0944659
:108720000091884669460A1D9CE87840114681E818
:108730007840D8F8001071B94FF0FF310023C8F825
:10874000001008F1040101F09EF90FF063FC06B07F
:108750005DF8048BF0BD044809F0C0FD0CF0C2FDCB
:1087600009F024FF09F070FEC3000000F0B503AF6C
:108770002DE9000FADF5237DD0E94A230191D11CED
:108780004B9143F100013A91911C4C9143F100014E
:108790004491511C4E9143F100014691D0F81811BB
:1087A0000626D0E94C4CD0F824A14F92D0E942B231
:1087B0004793D0E944E350919946D0E9478102902C
:1087C00000F594700090509851914A94CDF8DCC017
:1087D000CDF8ECC04D94CDE948441446CDF814C111
:1087E000CDE935CB9446CDE920B2CDE91E32519A80
:1087F0001B49CDF8E0E0CDF8C0E01546259319936C
:10880000184BCDF8A4E0CDF88CE086462A901B905A
:108810001548CDF8BCB0CDF89CB093461D92134AD4
:10882000CDF8E480CDF8D0A0CDF8C480CDE92DA856
:10883000CDF89880CDF8A0A0CDF860A03F931C9013
:1088400043911A923E93249042912292CDE92B209B
:10885000CDE93C33CDE94011CDE9322008E000BF3D
:108860006E6420337465206B322D62796578706197
:10887000002E00F040833F981E9B1494C218359838
:10888000119582EA00012898179600EB3140289054
:1088900058401E90CDF820B002EB305A279A1A9813
:1088A000139183184B98299983EA00045098CDF8C6
:1088B0003CC000EB3445CDF834E085EA0206519A1D
:1088C000CDF8249003EB3650359080EA344B439B2F
:1088D00005EB3B60169080EA36541C9846184D987C
:1088E0000AEB7465704002EB304C8CEA010806EB31
:1088F00038511C9181EA304221983A99034485EA23
:10890000326683EA010E2E9901EB3E4980EA0900A6
:108910001A9003EB305383EA3E403A9009EB306003
:10892000159000EB3640509080EA7461519105EB50
:1089300031543F9484EA36402E904FEA30640CEB79
:108940003260129080EA38504D9403EB7061139BB3
:10895000289C81EA3B628AEA3343109304EB336339
:10896000139303EB3243289383EA7060299001EB61
:108970003050439080EA3240279019994FEA306096
:108980004B903E984218379882EA000318980E934D
:1089900000EB334E8EEA01001990209902EB30581B
:1089A00022981D9A43184C9883EA00041B9800EB08
:1089B000344585EA010603EB3650379080EA3449A6
:1089C00005EB39601B9080EA365CDDE92310461820
:1089D0004A9808EB7C65704002EB304A269A8AEA96
:1089E000010B06EB3B51249181EA304442991F98D8
:1089F00085EA34660B184499594002EB31425040E5
:108A0000229003EB305383EA3140449002EB306014
:108A1000189000EB3640269080EA7C61219105EBAE
:108A200031513E9181EA364020904FEA30610AEBA5
:108A300034600B9080EA3B504A9103EB70610E9BCF
:108A400081EA396288EA33430A930EEB33630C936D
:108A500003EB3243239383EA70601F9001EB3050A5
:108A6000429080EA32401D9025994FEA30604C9048
:108A70003D9842183B9882EA00032D98079300EB3B
:108A8000334E8EEA01002D902F9902EB30582B982F
:108A9000089A43184E9883EA00042A9800EB34455C
:108AA00085EA0106309903EB36503B9080EA344961
:108AB00005EB39600E9080EA365C2C984618499890
:108AC00008EB7C65704002EB304A319A8AEA010B70
:108AD00006EB3B512C9181EA304441990F9885EA8D
:108AE00034660B184699594002EB314250402B90A6
:108AF00003EB305383EA3140469002EB306008903C
:108B000000EB3641319181EA7C612F910AEB3460B0
:108B1000069005EB31513D9181EA364180EA3B50A8
:108B20002A914FEA3161499103EB7061079B81EA19
:108B3000396288EA334305930EEB3363079303EB03
:108B40003243309383EA70602590389B01EB3050BC
:108B5000419080EA32400F90099A4FEA306045997F
:108B60004E903C98104480EA010A349901EB3A4156
:108B700004915140369A349100EB315932984F9913
:108B800089EA3A4A104480EA01040D9901EB344520
:108B900085EA020600EB3650459080EA344B05EB3F
:108BA0003B600D9080EA365E3398C618489809EB12
:108BB0007E6586EA0001119800EB314883EA0803DC
:108BC00006EB3350339080EA31424098149985EA9D
:108BD00032664418479884EA000C399800EB3C4010
:108BE0004140329104EB315484EA3C41479100EB1F
:108BF000316000EB3641399181EA7E61369105EBB7
:108C000031553C9585EA364108EB326614914FEABE
:108C1000316586EA3351049B04EB7162489582EA20
:108C20003B6403EB3A6505EB3443389383EA7161A7
:108C30001191109B02EB3151409181EA344109912D
:108C4000159A4FEA31614F911A9982EA3151359A5A
:108C50000FF009FC129B03EB3443159383EA716117
:108C600012913A9B02EB31511A9181EA34411091F1
:108C7000139A4FEA316135911E9982EA31511C9A5B
:108C80000FF0F1FB169B03EB34431E9383EA7161F3
:108C900004910A9B02EB31511C9181EA344103910A
:108CA000189A4FEA31613A91229982EA3151379A02
:108CB0000FF0D9FB0B9B03EB3443169383EA7161EE
:108CC0001391449B02EB3151229181EA34410B9183
:108CD0000C9A4FEA31613791199982EA3151249AFD
:108CE0000FF0C1FB1B9B03EB34431B9383EA7161C1
:108CF0001991059B02EB3151249181EA3449089A7C
:108D00004FEA396144912B9982EA31513B9A0FF035
:108D1000AAFB069B03EB34430C9383EA71610A912F
:108D2000469B02EB31512B9181EA344B079A0E9C02
:108D30004FEA3B613B912D9982EA31512C9A02EB2B
:108D4000716282EA336304EB334C8CEA716E02EB9E
:108D50003E512C9181EA33444FEA34614691329975
:108D600080EA3152459800EB726383EA3A6006EB81
:108D7000304888EA726A479A03EB3A51329181EAA5
:108D8000304633990D9B4FEA36604590349885EA1A
:108D9000305001EB706181EA326203EB324383EAC7
:108DA000706501EB3550339080EA32404FEA306114
:108DB0004791DDE9272101EB3261299A289181EA67
:108DC00032512E9A4FEA71612991509901EB32612B
:108DD000519A2E9181EA32511D9A4FEA7161279181
:108DE000239901EB32611F9A189181EA3251209A3E
:108DF0004FEA71612391269901EB3261219A269104
:108E000081EA32510F9A4FEA71612091309901EB5A
:108E10003261259A2D9181EA32512A9A4FEA716185
:108E20003091319901EB32612F9A319181EA3251BF
:108E3000099A4FEA71612F91389901EB3261119AC9
:108E4000349181EA3251149A4FEA7161389139991B
:108E500001EB3261369A399181EA3251039A4FEA35
:108E6000716136911E9901EB3261049A509181EA49
:108E70003251109A4FEA71611E91159901EB3261DE
:108E8000129A519181EA3251199A4FEA71612191F6
:108E90001B9901EB39611B9181EA32510B9A4FEA20
:108EA00071611991169901EB3261139A1D9181EA52
:108EB00032514FEA71611F910CEB34612A9181EAC2
:108EC0003E5103EB306E4FEA71618EEA35502591C9
:108ED00008EB36650C994FEA7069179E85EA3A509F
:108EE00001EB3B6B0A994FEA7064013E8BEA31510A
:108EF0004FEA716CBCE4029ED6E94A8AD6F830018A
:108F00001690D6F8340117903F9861901C986090A5
:108F100043985F901A985E903E985D9024985C907C
:108F200042985B9022985A903D9859902C9858906E
:108F3000419857902B9856903C9855903398549060
:108F400040985390329852901E9871902998709042
:108F500021986F9027986E9019986D9023986C9037
:108F60001F986B9020986A90259869903098CDE969
:108F700067C02F98CDE965903898CDE96340369861
:108F8000629028988190519880902E987F90509868
:108F90007E9018987D901D987C9026987B901B98C9
:108FA0007A902D98CDE978B0319877902A9876907C
:108FB0003498CDE974503998CDE972E035989190A4
:108FC0004D9890903A988F904B988E9037988D90BE
:108FD0004A988C9044988B904C988A903B988990B2
:108FE00049988890469887904E98869045988590A5
:108FF00048988490479883904F988290D6F80801BB
:109000004990D6F80C014890D6F810014790D6F850
:1090100014014690D6F818014590D6F81C014490EA
:10902000D6F820014390D6F82401429092A8009AE5
:1090300092E83A003AC018F104004AF10001C6E98A
:109040004A0117981699A190A091CDE99C10CDE9FD
:10905000981018F103004AF10001CDE99E0118F1C2
:1090600002004AF10001CDE99A0118F101004AF12C
:1090700000010022CDE99601402A76D0029882AC08
:1090800004EB020C00EB820EA05892AB99580E181C
:1090900052A81044416851918168C06850914F9026
:1090A00062A9881845684E958568C0684D954C90B2
:1090B00072A88518DCE90198DCF80CC068684B9050
:1090C000A8684A909818D5F80CB0D0E901A5C468F2
:1090D00052A88958835872A8CEF830608058103250
:1090E000459E3044CEF8200049980844CEF8100040
:1090F00023484A991844CEF8000004EB0C00CEF83F
:109100003C0005EB0800CEF838000AEB0900CEF869
:10911000340042985844CEF82C0043980844CEF8C6
:10912000280044984B990844CEF8240046984C995E
:109130000844CEF81C0047984D990844CEF8180012
:1091400048984E990844CEF814000E484F990844A8
:10915000CEF80C000C4850990844CEF80800074897
:1091600051990844CEF8040086E7DDE90101C1F811
:1091700000010DF5237D0FF008B800BF6E642033A9
:10918000657870617465206B322D6279DFB506AF4A
:10919000044668460BF000FA9DE80F0002EBC3039B
:1091A00000EBC1010FC4DFBDD1E900239A4205D114
:1091B0000B7ADB0702BF022101707047D0B502AF06
:1091C0000FF06FFCC0E90034501CB0F1080218BF6A
:1091D00002460A60D0BDD0B502AFD1E90042A2423A
:1091E00005D10B7ADB0702D10FF0D5FC0BE004EBC5
:1091F00084030C31A24201EB830391BFC4F1080444
:10920000141B0022042102EB820204EB840401EB14
:10921000820203EB8404C0E90034C0E90212D0BD2D
:10922000D0B502AFD1E90042A24205D10B7ADB07EB
:1092300002D10FF0B0FC09E00C3101EBC403A242F3
:1092400091BFC4F10104141B002204210FF02DB8BA
:10925000D0B502AFD1E90042A24205D10B7ADB07BB
:1092600002D10FF098FC09E00C3101EBC403A242DB
:1092700091BFC4F10204141B002204210FF015B8A1
:1092800080B56F46D0E90012914204D1027AD2072C
:1092900004BF022080BD002202724A1C931E18BF28
:1092A0001346036000EBC100007B80BDF0B503AF47
:1092B0004DF8048D8AB0ADF8142005AA93E870101B
:1092C0008046101D01F57E7180E870106846FFF73A
:1092D00021FA019820B102990EF038FD162000E025
:1092E000FF2088F800000AB00FF0E6B8DFB506AF3F
:1092F0000A4B0FF038FD01A800F069FB0299E0B2BB
:10930000814281BF019A03994FF45E7310FB0320E1
:1093100084BF04B0D0BD024A08F0DAF9A8100400F6
:1093200024080400F0B503AF4DF804BD84B0064630
:10933000194814460D4608F0D1FF204606F01CFFE0
:10934000F72006F019FF09F031F9D6E9001201A85B
:10935000124B00F03CFB0EF051FEAAB2A9B190F8FE
:109360005C33032B12BF042BB0F85833934202D066
:109370000EF055FFF2E7A1B2F7290C4628BFF724FB
:10938000A0F85A43002908BF172403980EF0C9FF1C
:10939000204604B00EF0C2BF39000000B81004002F
:1093A000B0B502AF88B01D46194B044601A80DF0B8
:1093B00065FE0EF023FEBA68ABB251B190F85C5373
:1093C000022D03D9B0F85853AB420ED00EF027FF50
:1093D000F3E703980FF082F814202070D2E900011F
:1093E00008B0BDE8B0400EF0B1BC00F5907104A823
:1093F000FFF7CAF8049820B105990EF0A7FC1620D3
:1094000000E0FF20207003980FF068F808B0B0BDAE
:10941000C8100400F0B503AF4DF804BD94B01D466C
:10942000234B044601A800F0D2FA0EF0E7FDBA681B
:10943000ABB251B190F85C53042D04BFB0F858534F
:10944000AB4211D00EF0EBFEF3E703980EF069FF8C
:10945000142092F83A102070107814B05DF804BB14
:10946000BDE8F040ECF76EBF1178022909D102F196
:10947000080600F5167C6ACEACE86A005188A0F8B0
:10948000681200F5207104A8FFF700F99DF810009C
:10949000FF2805D09DF84A10ECF754FF162000E095
:1094A000FF20207003980EF03CFF14B00EF051BF67
:1094B00018110400D0B502AF04460FF0B9FA90F8C5
:1094C0005C23042A11BF1C2090F85F036070FF200A
:1094D00020700FF095F8D0BDDFB506AF0E4B0FF042
:1094E00042FC01A80DF0CAFD0EF088FDA2B251B1F8
:1094F000B0F85833934203D190F85C33022B07D86D
:109500000EF08DFEF3E703980EF0E8FF002000E078
:10951000039904B0D0BD00BF48110400DFB506AF09
:109520000E4B0FF020FC01A800F051FA0EF066FD82
:10953000A2B251B1B0F85833934203D190F85C33E2
:10954000022B07D80EF06BFEF3E703980EF0E9FE4E
:10955000002000E0039904B0D0BD00BF68110400F2
:10956000F0B503AF4DF8048D0E460546D0E9000175
:1095700090463246FFF7D2FFD0B10C4690F85C130C
:10958000042913D1B0F85813B2B28A420ED1012186
:1095900080F85D8380F85C1305F5767005490BF063
:1095A000B3FE10300EF0BFFF0EF06DFF0EF0CAFEDE
:1095B0000EF082BF78110400D0B502AF6FF4FA73D9
:1095C00013FA82F3B3F5F97F9CBF0120052171B333
:1095D00041F2932300FB03F44B1C08BFB4F1004F8E
:1095E00028D092B294FBF1F4944201DA6420D0BD09
:1095F00040F6D774444313B9B4F1004F1DD094FB27
:10960000F1F3934201DD0020D0BDC8B15143421CAB
:109610000FBFB1F1004F91FBF0F0A0F6D77007211A
:109620001CBF90FBF1F0D0BD074808F052FD084880
:1096300008F03BFD064808F04CFD044808F049FDE1
:10964000014808F032FD00BFC8110400B811040041
:10965000A8110400FEB506AF01466846FEF770FB90
:109660009DF80000B0F10A0198BF002121B1012945
:1096700008D1BDF80C0003E0032803D1BDF80200B7
:1096800006B080BD024808F035FE08F0DDFE00BFE0
:10969000F100000080B56F460AF024FF0A68B0F8B8
:1096A0005A03013A0A60002808BF172080BDB0B5F0
:1096B00002AF8CB00A4604460EF0DDFE0D46D4E93A
:1096C000021200F5107368460DF0ECFC9DF82900BD
:1096D000296800F00100013929600CB0B0BD80B5E7
:1096E0006F46BDE88040FFF7E5BE80B56F460AF0E3
:1096F000F9FE0EF085FF80BDF0B503AF4DF8048D87
:10970000ADF5487D01AD80461E461446284601F061
:1097100020FE20BA699030BA6890B8681022274EAF
:1097200000BA6790F86800BA669066A92846B04704
:109730000EF02EFD66A92846B047386A102200BAFE
:109740006990786A00BA6890B86A00BA6790F86A57
:1097500000BA669066A92846B047386B0322ADF878
:109760009801000C8DF89A0166A92846B04766ACAE
:10977000796B0FF0C3FA284621460722B04766AC42
:10978000B96B0FF0BBFA284621460722B04766ACFA
:1097900029464FF4C272204624F08EF862A8214672
:1097A00005F0BCFD62AB0EF053FFC8E90032C8E91A
:1097B00002100DF5487D5DF8048BF0BD89EC0100C9
:1097C000F0B503AF4DF804BDADF5487D044610BAC1
:1097D000699018BA6890B86800BA6790F86800BADB
:1097E000669001AD66A9284601F0B3FD39692846A7
:1097F000124E2022B047796928462022B047B86926
:1098000001228DF8980166A92846B04766AE294620
:109810004FF4C272304624F04FF862A8314605F08A
:109820007DFD62AB0EF014FFC4E90032C4E9021002
:109830000DF5487D5DF804BBF0BD00BF89EC01006B
:10984000B0B502AFADF5487D00BA699008BA68902E
:1098500010BA679018BA669001AC66A9204601F06C
:1098600078FDB9682046104D2022A847F9682046A7
:109870002022A8470EF08CFC66A92046A84766ADBA
:1098800021464FF4C272284624F016F862A82946F1
:1098900005F044FD6598054900BAB0FBF1F202FB02
:1098A00011000DF5487DB0BD89EC010040420F006C
:1098B000F0B503AF4DF8048DADF5587D044610BAF0
:1098C000039018BA02908846B86800BA0190F86808
:1098D00000BA0090386900BA0790786900BA06901B
:1098E000B86900BA0590F86900BA0490786A0C90DB
:1098F000386A0B9004A80A90684609901F48719036
:109900001F4870901F486F901F486E900DAE6EA953
:10991000304601F01EFD6EAD414620220EF074FC73
:1099200030462946202205F0AFF90020CDE9D600C7
:10993000CDE9D400D4AD3046294605F021FA6EAE0B
:109940002946304601F005FD09AD20463246002388
:109950002946FAF7B9FBD0A8294632460123FAF77F
:10996000B3FBD0AB0EF074FEC4E90432C4E90610B8
:109970000DF5587D5DF8048BF0BD00BF5A6083BEC5
:1099800060370BDBAAF5A5386C8883910246006826
:1099900030B94FF0FF31104640F8081B11467047B0
:1099A00080B56F46084608F0EDFA024600686FF091
:1099B000004398423FBF411C104640F8081B114627
:1099C00038BF704780B56F46084608F0F9FAD0B541
:1099D00002AF0C6844B94FF0FF330C4644F8083B23
:1099E000C0E900428160D0BD184608F0CBFAD4D45B
:1099F0000146006808B90EF0EEBF80B56F46014819
:109A000008F0C0FA6CFC03000146006808B90EF0CB
:109A1000E2BF80B56F46014808F0B4FA4034040054
:109A2000014600686FF0004290423FBF421C08466A
:109A300004C0704780B56F46014808F0C1FA00BF06
:109A400030340400D0B502AF0C683CB94FF0FF339E
:109A50000C4608C4C0E900428160D0BD184608F039
:109A600091FAB0B502AF0C686FF00045AC423FBF51
:109A7000631C0C4608C4C0E900423CBF8160B0BD15
:109A8000184608F09DFAF0B503AF2DE9000B8146AA
:109A9000087AB0B155685DB3D2F8008002F10806CB
:109AA0003BB11868D0E9003201F5AA70194609F0F7
:109AB000A8F896E80E0009F108000EC0C9F8008069
:109AC0001BE0D1F804C092E871400CEB8C0301EB71
:109AD00083030C3383E871400CF10100B0F11002F4
:109AE00018BF024608684A60904204BF012008720D
:109AF00001F5A67009F078F80025C9F804500EF0B9
:109B0000B7BCD4D4F0B503AF2DE9FC070D790446FA
:109B10000E6829463046FFF7CAFDD6E90012EA462C
:109B2000804650462B460AF0CBFC13492046FFF7EF
:109B30002DFF044689466FF05F06BEB16036514680
:109B4000A51928460DF0B1F90028F6D0B8F1000F9C
:109B500002D00020287609E02846172123F0FAFEDB
:109B60000020287605F120000CF07AFE0EF042FB72
:109B700006B00EF09EBC00BF54060400F0B503AF63
:109B80002DE9FC070FF0CBF8EA4650460AF098FCA6
:109B90000D492046FFF709FF054689466FF05F062D
:109BA00076B10EF015FE0028FAD00EF005FF024641
:109BB000002032B1022904BF108800F0010000E04B
:109BC00000200EF090BB00BF74000400F0B503AF9E
:109BD0002DE9FC070FF0A3F8EA4650460AF070FCA6
:109BE0000D492046FFF7E1FE054689466FF05F0606
:109BF00076B10EF0EDFD0028FAD00EF0DDFE024643
:109C0000002032B1022904BF1088C0F3400000E0F8
:109C100000200EF068BB00BF74000400F0B503AF75
:109C20002DE9000792460A460E4980461046FFF786
:109C3000ADFE044689466FF05F0666B16036504659
:109C4000A51929460DF031F90028F6D09AE85F00F1
:109C50005FC5FF2000E0142088F800000EF0CAFA6B
:109C60000EF027BC64060400F0B503AF2DE9000F29
:109C700091B00446180427D001F168001E469246B0
:109C80000D46FFF7CDFE88460FF00EF821D2B1B297
:109C90002C22D7E9029B01FB0200A0F128010878E1
:109CA00003281BD1DAF800009AF804300DF1280AD5
:109CB0000EF087FE002029468DE8010A08A85246CA
:109CC0003346FEF741F910E0FE208DF80C000AA89B
:109CD00020E0FE208DF80C000AA816E0CDF800B0B8
:109CE00008A800224B460CF0A5FE099804909DF8A8
:109CF00020009DF821108DF80D104FF0FF31002845
:109D000018BF02218DF80C1003A8D8F800100139F3
:109D1000C8F8001014218DF8281090E86E006EC469
:109D200011B00EF032BAD4D4F0B503AF2DE9000F64
:109D30008DB0044618043CD001F168001E469246DE
:109D40000D46FFF761FE89460EF0AEFF36D2B1B286
:109D50002C2201FB0200A0F1280B01209BF80080BF
:109D6000DFE808F00603020317201BF8000028B9FB
:109D700058460DF0C3FAF96888422ED1B8F1030FA6
:109D800021D1DAF800009AF804300DF1180A0EF02B
:109D900018FEBB682846D7F80C8051463246CDF8ED
:109DA0000080FEF727F94FF0FF32C00718BF0222EC
:109DB00012E0FE208DF8040006A81FE0FE208DF8BA
:109DC000040006A815E0D7E90218584642460CF0F0
:109DD000C5FEC00705D0022204E00622D7F80C8099
:109DE00000E0FF22CDE902088DF805108DF804206F
:109DF00001A8D9F800100131C9F8001014218DF81C
:109E0000181090E86E006EC40DB00EF0BEB9DCB54F
:109E100004AF13681279D3E9004300922246FCF79D
:109E200017FDDCBDF0B503AF2DE9000FABB09246D6
:109E30001A788B4604469946B2F10A004FF00001A9
:109E400098BF084650B3012823D1B9F80C6006B377
:109E50000BF16800D9E90198FFF7D6FD0D46A6F190
:109E6000010C01688C4511D223462C240CFB040004
:109E70009AF80420DAF8001004301C46CDE90009F5
:109E800058463346CDF80880FCF7B1FC0EF0FBFADB
:109E9000002112E020702BB00EF077B9D7E90258FC
:109EA000DFE812F00F005C006A001E000B00A90042
:109EB000BE00A5000A014900CB00C4E90110FF2043
:109EC000E8E7CDF844B00020B9F81410B9F812B0A2
:109ED000CDE9155817908B4540F2A481A046C8E300
:109EE000B9F80260002E00F07C83D9E90110CDE9B9
:109EF00010100BF16800FFF787FD8946A6F1010CF1
:109F000001688C4580F07083334626462C249AF8ED
:109F100004200CFB0400DAF80010344604300090F2
:109F200010981E460190119802905846FCF75FFC6D
:109F300000F0010E5AE3D9E9010100220129CDE91F
:109F40002458269200F01A85002900F01A8503880B
:109F50000A2000901EA824A92022B1E0B9F81260BE
:109F60000020B9F81410CDE915588E4217901191C0
:109F700040F2B080A0466CE30020B9F80290CDE931
:109F80001E580B2120901EAE30460BF01DF9C5B2B5
:109F9000022D40F05984B9F1000F129400F05F8354
:109FA0000BF16800FFF73CFD80460068A9F1010253
:109FB000824280F0CD8311911EA80CF011FB0EF0AF
:109FC00090FC00259AF8043004340491CDE9009502
:109FD0005946CDE9024024A8FCF7C6FB9DF8900045
:109FE000012840F004849DF891001199B1E30EF02E
:109FF0009AFB162263E0D9E90220B9F80460B9F8A7
:10A0000002A01190B9F80600CDE91B581D918DF8FA
:10A010009010ADF89100B24540F2C581264640E36C
:10A02000B9F804600020B9F80290CDE915581790EE
:10A03000B14540F22C82264649E3B9F804000D21CF
:10A0400011900020B9F80290CDE91E5820901EAE64
:10A0500030460BF0B9F8C5B2022D40F0F583B9F1E6
:10A06000000F129400F048830BF16800FFF7D8FC52
:10A0700080460068A9F10102824280F06E8310914F
:10A080001EA80CF0ADFA0EF02CFC9AF80430119DCD
:10A090000434CDE90301CDF800905946CDE90154CF
:10A0A00024A8FCF761FB9DF89000012840F0A883EC
:10A0B0009DF89100109951E30EF035FB1822002312
:10A0C000FCF723FB9DF8780010B19DF87950BBE3B5
:10A0D0001F9853E3002E00F0BA820DF1900815A9E5
:10A0E00002220F9140460CF01DFA24989DF89450DE
:10A0F000002800F0A98312940446404609F10108A3
:10A100000DF17809411D13220EF0AFFD0EF094FA07
:10A1100009F10701CDF865001BA823F072FC0BF1D3
:10A1200068008DF864501894A6F10109FFF778FCD7
:10A1300002469AF804000A90DAF80000099001201B
:10A1400052F81E5B10900A20DDF844A00B9001200D
:10A150000E910C9008922C200D9609FB00244E467F
:10A16000AE4280F0D4822046414604F093FF01368F
:10A1700010B1B0B2824501D22C34F1E71BA83146B0
:10A18000B1460BF041F8C0B2022840F0A8831BA8EA
:10A190001A3C0CF025FA0022CDE90301CDF800901D
:10A1A0005946CDE9012424A8DDE90923FCF7DCFAAE
:10A1B0009DF8900001280C984FEAC07200F05A8375
:10A1C0002599079CA2B1DDE91C02831A8B42C0F0DD
:10A1D00085831144DDE924241D91130A43EA0463B5
:10A1E000D2070B9312D0012007940C90109017E027
:10A1F000A14240F04F83DDE91C01431AA342C0F0A5
:10A200006D8321441D911AB1012008E000221092B3
:10A21000401AA11C88420794C0F0428300200C9091
:10A22000089A98E7BBF1000F00F020820DF190082A
:10A230000E4615A9022240460F910CF073F924989E
:10A240009DF89450002800F0FF8210904046129430
:10A250001EAC411D1322204609F1010823F0D1FB59
:10A260000EF0EAF9E11DCDF865001BA823F0C9FB4B
:10A270001098189011988DF864506830FFF7D0FB53
:10A280000E9100F11E0120C8ABF10102CDE92405B9
:10A290009AF804000C90DAF800004FF00A0A0B90CC
:10A2A0000120109001200A910D902C20D94602FB2C
:10A2B00000149346AB4580F03A822046414604F0B4
:10A2C000E9FE0BF1010B18B11FFA8BF0864201D2A7
:10A2D0002C34EFE7CDF818A0CDF898B024A80DF0F5
:10A2E00053FC0DF16C0A07905946CDF824B00EF0DE
:10A2F000ECFCC0B2022840F0B08207990EF0E5FCF9
:10A30000C0B2022840F0A98250461A3C0CF068F90D
:10A31000099A00920022CDE90124CDE903011EA88B
:10A320001199DDE90B23FCF71FFA9DF8780001284D
:10A330000D984FEAC07200F0BE821F99089CDDF8AC
:10A3400018A09AB1DDE91C02831A8B42C0F0858205
:10A350001144DDE91E241D91130A43EA046AD20761
:10A3600014D0012008940D9010900DE0A14240F00F
:10A37000D782DDE91C01431AA342C0F06E8221445A
:10A380001D912AB101200D90099A0AE00022109235
:10A39000099A401A211D08948842C0F0C782002003
:10A3A0000D900A9981E7BAF1000F00F077811092C1
:10A3B0001BA807210AF008FFC5B2022D40F0448215
:10A3C0000BF168001294FFF72BFB8846014651F809
:10A3D00004BB5446CDE91E1B2C210AFB0100A0F151
:10A3E0002809601E584580F0CF81A0B22094864293
:10A3F00049D309F11A0024A904F04CFE002842D0E8
:10A4000099F80000DFE800F002050F3FD9E90101EB
:10A4100011E0B9F80210D9F808208A42C0F0AA82E7
:10A42000D9F8040007E099F8021009F10300DFF8F9
:10A4300068250CF089FB30B3119A914223D1DDE9F4
:10A44000101222F035FCF0B9DDE91C01401A042895
:10A45000C0F09A81CDF83C800DF16C082146404651
:10A460000AF0D2FEC5B2022D40F001821EA80DF006
:10A470008BFB014640460AF0C7FEDDF83C80C5B2C2
:10A48000022D40F08281013409F12C09A9E7B9F1CC
:10A49000000F00F019810DF19008129415A9022205
:10A4A000404611910CF03EF8249C9DF89450002CED
:10A4B00000F0C98108F105010DF17808132240462A
:10A4C00023F09FFA0EF0B8F808F10701CDF8650007
:10A4D0001BA823F096FA8DF864500521189418A84B
:10A4E0000AF072FEC5B2022D40F0AD810BF168009A
:10A4F000A9F10104FFF794FAD0F800B00DF16C0A4D
:10A500002C254FF0000C5C4580F05E812346013421
:10A51000A2B29642F7D3109103FB05014FF0020857
:10A520008A7F002A08BF4FF001085FEA0C630E9093
:10A5300005D05FFA8CF3434540F0DC81E04601F141
:10A540001F05022A08D0012A0DD129684FF4805036
:10A550001025E04AE04B1EE02A686B68A8681025C9
:10A56000D1F82B1017E00020DFF82434CDE92600C5
:10A570001022CDE9240024A9022003F0DEFEDFF83A
:10A580001424022300922A46022509F08BFADDE901
:10A590002423DDE92601CDE92601A81CCDE92423E9
:10A5A000DDE91C120F95891A8142C0F08281504664
:10A5B00021460AF029FEC5B2022D40F09D81CDF85A
:10A5C000348024A90F9A5046D0460BF0DDFFC5B267
:10A5D000022D40F08B8110992C25DDE90DC0C2467B
:10A5E00091E74FF0020E06E04FF0020ED9F800207E
:10A5F0000132C9F800200022CDE91E58BEF1000F3B
:10A60000209218D01EA833460DF1900CA04690E879
:10A610006400BEF1020F644664C408BF0A2112221E
:10A6200000911BA86146FCF770F89DF86C0060B1C2
:10A630009DF86D502DE01EA813210AF0C5FDC5B28E
:10A64000022D40F00181209898E01C9824E0A0465B
:10A65000002615A824A90DF0C1FD33460EE024A95B
:10A6600096E81C0008461CC00A224BE0A0464FF0AA
:10A67000000B15A824A90DF0B1FD5B46082200903F
:10A6800013A8FCF742F89DF84C00012803D19DF86F
:10A690004D504446D8E0149844466FE026464FF0AB
:10A6A000000A1BA81EA90DF099FD53460822009030
:10A6B00015A8FCF72AF89DF85400012802D19DF84E
:10A6C000555014E0169815E026464FF0000915A8DD
:10A6D00024A90DF083FD4B460822009013A8FCF737
:10A6E00014F89DF84C00012803D19DF84D503446D4
:10A6F000AAE01498344641E024A996E81C000846D4
:10A700001CC00C220A2000901BA800232CE00E99EC
:10A71000129C0DF075FF1098C00700F00A810EF032
:10A7200046FA08220B9800901EA80D9BC8E40E99CB
:10A73000CB460DF065FF1098C007129C00F0058114
:10A740000EF035FA10225B46CDF800A01EA8B7E443
:10A750000A200DF0DFFF0A2203E00A200DF0DAFFE5
:10A760000C2200901BA84B46FBF7CFFF129C9DF8D4
:10A770006C0010B19DF86D5066E01C9800283FF405
:10A7800087AB0121FFF799BB0225D8F80000129C86
:10A790000138C8F800001BAE022D55D11D980128C4
:10A7A000ECD81EA996E82C0008462CC006220A20E8
:10A7B000009018A85346FBF7A8FF9DF860000128F9
:10A7C0002DD19DF861503FE00225E0460DF018FFC5
:10A7D000022D38D118A841460AF0F6FCC5B2022D68
:10A7E00031D11D9802281CD91A99129CC0E0DDE9CC
:10A7F0001F2325981199D21A82420AD20420A8E771
:10A80000DDE91F2325981099D21A824201D2042033
:10A81000A4E70A681844129C013A0A60AEE7199846
:10A82000ACE724A9119C084694E82C002CC0042213
:10A830000A2000901EA84B46FBF767FF9DF87800A2
:10A8400090B19DF87950129C01206070E8074FF09C
:10A85000040018BF0D20FFF71DBB0E994FF0040A2E
:10A860000DF0CEFE129C6BE71F98129C86E7DDF878
:10A870003C808AE772B10E9ADDE9240107911168E4
:10A8800001391160C10753D00799000A0D9640EABB
:10A89000016028E01D98811E814238BF08461D9046
:10A8A0000E99129C0DF0ACFE1098C00741D00D9689
:10A8B00035E7022520E00AB30E9ADDE91E01089172
:10A8C000116801391160C1073ED00899000A40EAB9
:10A8D000016AC7E7FB349B5F800000800D960E99EC
:10A8E0000DF08EFE04200B90129C18E71099DDF8F5
:10A8F00034806BE70225E046109967E71D98011F39
:10A90000814238BF08460E991D90129C0868DDF8F8
:10A9100018A0013808601098C0077FF411AF14E048
:10A920001D98011F814238BF08461D900E9900E70F
:10A93000129C18A809210AF047FCC5B2022D7FF429
:10A9400083AF0798811C0AE0129C18A811210AF015
:10A950003BFCC5B2022D7FF477AF0898011D18A803
:10A960000AF032FCC5B2022D7FF46EAF1A981D9921
:10A97000084403E7094B002006F064FE024A0DF08C
:10A98000BBFB024A0DF0DDFA6C0F04005C0F040003
:10A99000AC3F0400BC3F04002C3F04001C3F0400FB
:10A9A000F0B503AF4DF804BD0D46110412D00DF003
:10A9B00000FE0C4601688E420ED22C212A7906FB3D
:10A9C0000100037F2868D0E90001FBF7A5FF00F034
:10A9D000010002E0022003E002202268013A226026
:10A9E0000EF003F908BF01210DF0DCBDF0B503AF97
:10A9F0004DF804BD0D46110412D00DF0DAFD0C46E1
:10AA000001688E420ED22C212A7906FB0100437F79
:10AA10002868D0E90001FBF7A1FF00F0010002E087
:10AA2000022003E002202268013A22600EF0DDF8E5
:10AA300008BF01210DF0B6BD0068027A02B170476F
:10AA400080B56F460868D0E9001089688847002003
:10AA5000BDE880407047D4D4D0B502AF044600684A
:10AA600090B90EF094F9207B40B1D1E90012201D7D
:10AA700008F0C7F82068411C002003E001200021F5
:10AA8000207320462160D0BD014807F07BFA00BF4B
:10AA9000B8030400D0B502AF0446083003F042FC0E
:10AAA000012808D1D4E900021144B1FBF0F202FB05
:10AAB00010110120D0BD0020D0BDD4D4FC2938BF56
:10AAC000704780B56F46024B0020FB2206F0BAFDAE
:10AAD00078120400F8B504AF00680A460178FF292F
:10AAE00007D00390094800901046094903AB07229C
:10AAF00007E00430029007480749009002AB104677
:10AB00000A2206F0AEFE04B080BD00BF49AB0100D2
:10AB1000BF140400C9350200B514040080B56F46A7
:10AB20000068074A074B0078002818BF13464FF00B
:10AB30000B0218BF0C220DF073FDBDE8804060478A
:10AB4000591204009C170400E0B502AF00680278B7
:10AB5000DFE812F021007F005F006F0041009D00E0
:10AB6000AF007700C7004F00BD003B004700A500C5
:10AB7000350069002D008D00B700DF009700A100AF
:10AB8000D900E50059005300F3002700E900EE006A
:10AB9000CD008900D300964A01300190934800907F
:10ABA0003CE0D1E900010922CB686D49CAE0794A4D
:10ABB0000130019076480DF0A8FD0D2276E0D1E934
:10ABC00000011F22CB687649BCE0D1E900012422B4
:10ABD000CB687749B6E0D1E900011122CB687C4906
:10ABE000B0E00DF023FD714A031D08461146102206
:10ABF00074E00DF001FD70499DE0D1E900010722EC
:10AC0000CB6859499EE0D1E900010D22CB68574934
:10AC100098E00130019071480090714A0846114651
:10AC200001AB032242E05D4A043001905A48009093
:10AC300022E0694A0130019066480DF066FD082265
:10AC400034E0604A013001905D480DF05EFD18224D
:10AC50002CE00130644A01906248009001AB084644
:10AC60001146092222E00DF0C7FC39495EE00230AE
:10AC7000019045480090454A0846114601AB112213
:10AC800014E0D1E900010822CB683C495AE00DF0FC
:10AC9000B3FC4E494AE00DF0AFFC374946E0424A6A
:10ACA000013001903F480DF030FD0A2206F0D9FD39
:10ACB0008CBD0DF0BBFC444A031D0846114614220E
:10ACC0000CE0D1E900011022CB682E493AE00DF0EA
:10ACD000ADFC384A031D08461146222206F062FEEA
:10ACE0008CBDD1E900011D22CB6834492AE0D1E9AD
:10ACF00000011A22CB68174924E0D1E9000105229E
:10AD0000CB6812491EE0D1E900010B22CB6819493A
:10AD100018E0D1E900011222CB68194912E00DF0C8
:10AD20006BFC134902E00DF067FC0C490C2209E0B2
:10AD30000DF062FC0849162204E0D1E9000104226A
:10AD4000CB68084902B0BDE880401847D51604001A
:10AD5000C9160400AF160400991604008D160400ED
:10AD600084160400C8FF03007D160400701604005A
:10AD700064160400591604004D160400E014040083
:10AD80003B160400D813040099B201002A160400EF
:10AD90009DAE01001D1604000D0802000C160400F3
:10ADA000ED15040071AE0100E31504000814040061
:10ADB000BF1504009D150400871504006A150400E2
:10ADC0006561020052150400381504005912040090
:10ADD0004812040075B20100D81404003DAE010011
:10ADE000D21404001DAB0100C9140400B5AE01006B
:10ADF000C6140400006802684AB1D1E90001012AC2
:10AE0000CB6807BF0A490B22084909221847E0B559
:10AE100002AF0430084A01900648009001AB084692
:10AE20001146042206F01DFD8CBD00BFC3170400AF
:10AE3000B8170400C9350200C0FF0300F8B504AF1D
:10AE400000680A46039003A905230648CDE90031AE
:10AE50000549064B029010460C2206F065FD04B031
:10AE600080BD00BF8D2F0200DC17040020FF03000F
:10AE700080B56F460068074A074B0078002818BF66
:10AE800013464FF0110218BF0C220DF0C9FBBDE8AC
:10AE900080406047591204004812040080B56F4694
:10AEA000D1E900010722CB680149BDE8804018477D
:10AEB000E8170400DCB504AF0246D1E900011268CE
:10AEC0001378013B472B00F25880DFE813F048006D
:10AED000B900A000D500DD00AC00BD00C000EC0052
:10AEE000E4008800AF0099007C00C700CB00F700A9
:10AEF000F00075009D000301790096008500B20006
:10AF00007F001A0117018F00A400D100A8002701BB
:10AF10008B00F30024016E00E1006B0067009200DB
:10AF2000B5005600FF0050007100C400D900560063
:10AF30002B015600CE00640053003701210161004F
:10AF4000E800FB005E001301070156003F013301DA
:10AF50003B010B010F0182001D014C002F01CB684A
:10AF6000DFF80413E0E0CB6809227D49F1E0CB680B
:10AF7000924983E0CB688A493DE0BC4BCDE9002390
:10AF80006B46BB4A05F0B6FCDCBDCB687E49CBE026
:10AF9000CB688049A0E0CB6882495AE0CB680E229A
:10AFA0008A49D6E0CB688A49A2E0CB688A49CBE0DF
:10AFB000CB6824228049CCE0CB6821229849C8E0A4
:10AFC000CB68944917E0CB689A49B9E0CB688D49C2
:10AFD0007EE0CB68644964E0CB688C49A4E0CB6830
:10AFE000974962E0CB682A227E49B2E0CB68824969
:10AFF0009EE0CB6874492322ABE0CB68844939E0FA
:10B00000CB682C228C49A4E0CB68844954E0CB68FF
:10B01000102293499DE0CB682E22764999E0CB68B7
:10B020004022724995E0CB688A4912E0CB68834997
:10B030000FE0CB68744934E0CB681F22614988E097
:10B04000CB681D22874984E0CB68814974E0CB68D6
:10B050007E4912227DE0CB68564969E0CB682F22F9
:10B06000734976E0CB6871492EE0CB684E4957E0D2
:10B07000CB685F4911226CE0CB6878490C2268E00C
:10B08000CB6820224A4964E0CB681622724960E00E
:10B09000CB6850491CE0CB6831226A4959E0CB6843
:10B0A0003B490F2255E0CB686749192251E0CB6834
:10B0B0005C4949E0CB684A4938224AE0CB682622FD
:10B0C000594946E0CB683149222242E0CB683C49ED
:10B0D0001A223EE0CB68504934223AE0CB683D2248
:10B0E000274936E0CB680D22214932E0CB681F4961
:10B0F0001B222EE0CB68282222492AE0CB683F4958
:10B1000016E0CB683E490FE0CB680822154920E0E5
:10B11000CB68214908E0CB68304905E0CB6832496B
:10B12000172216E0CB682149132212E0CB680B49A5
:10B1300015220EE0CB68104918220AE0CB681749A7
:10B140002B2206E0CB680B491E2202E0CB684C2282
:10B150000A4902B0BDE8D040184700BFA22204004F
:10B1600099220400E81404008A2204006F220400DB
:10B1700062220400442204002C220400E021040086
:10B18000A32104007B21040068210400462104005F
:10B190003721040003210400F0200400C52004002E
:10B1A000A2200400902004007920040066200400FE
:10B1B00006200400D11F0400AD1F0400A11F0400DD
:10B1C000871F0400681F0400451F0400371F040088
:10B1D0001C1F0400021F0400E41E0400D11E040012
:10B1E000991E04006F1E0400581E0400181E04005F
:10B1F000071E0400D91D0400C41D0400AF1D040077
:10B200009C1D0400821D0400731D0400601D0400C9
:10B210004F1D04002C1D0400F81C0400C01C040079
:10B220009F1C0400811C04005B1C0400391C0400EA
:10B230000A1C0400DF1B0400B31B0400A11B040054
:10B24000881B0400571B04003E1B04002C1B040039
:10B25000141B0400021B0400EC1A0400E01A040092
:10B2600098130400C31A0400B01A0400DD0702009A
:10B270004DF30300D0B502AF0068054A007852F8DC
:10B280002040044A0DF00AF8BDE8D040184700BF3E
:10B29000604C04001C4C0400D0B502AF0068054AA5
:10B2A000008852F82040044A0CF0F8FFBDE8D04076
:10B2B000184700BFD44C0400A44C0400D0B502AF22
:10B2C00086B00446042A02D2002020700BE0074812
:10B2D0000423009002A8FAF753F90299DDE9040269
:10B2E0000968A2602160606006B0D0BDA01A0400A9
:10B2F000F0B503AF4DF8048D82B04668144696420F
:10B300000FD3D0F80080054609480A460090214630
:10B310004046234608F0C6FB301B08EB0401C5E994
:10B3200000100020A64238BF01200DF057BA00BF20
:10B33000D0330400814205D399429FBF0244091AC9
:10B3400010467047D0B502AFBC681A46234606F0D7
:10B3500079F9B0B502AFDCB06D460446284604F07A
:10B3600073FD00201121CDE95A00CDE9580004F504
:10B37000B87022F0AAF9204629464FF4B87222F09C
:10B380009BFA5CB0B0BDD4D4F0B503AF4DF804BDAA
:10B390000446134806F080FF2068C8B10CF0C5FFD2
:10B3A0001048114EB0471148B047208A658AB0470F
:10B3B0002846B0470E48B0470E48B047E06806F050
:10B3C0007FFF002031465DF804BBBDE8F040084730
:10B3D00000205DF804BBBDE8F04006F099BF00BF57
:10B3E0000E0000000D02000099220200F80100008A
:10B3F000140000002402000080B56F46014600687A
:10B4000040B14A68831A18BF00F1080390420B60EC
:10B4100000D080BD886830B1CA68904203D000F186
:10B4200008028A6080BD002080BD80B56F4601465D
:10B43000006840B14A68831A18BF00F114039042B3
:10B440000B6000D080BD886830B1CA68904203D0DC
:10B4500000F114028A6080BD002080BDF0B503AF0A
:10B460002DE9000FADF5C65D87B0824641F66C1040
:10B470000AEB000B8846DBE9850100EA0102013294
:10B4800002F00C81084318BF01200790CDF83480EA
:10B49000CDE90BBA40F0CD819BF82402D94D90B193
:10B4A000032840F091820BF50F7106919BF83C1236
:10B4B0000BF50B70DFE811F005002A00C9146A00D3
:10B4C0000C00006830E0DBF81C02CBF8200223E01F
:10B4D0000BF5387003909BF8E0020BF510710291A8
:10B4E00080B1032815D19BF8DC020BF512740BF523
:10B4F000377548B10328CDE9044500F00281C24800
:10B5000006F0FBFD0868B0E02068CDE0BF4806F01B
:10B51000F4FDBF4806F0F1FD0021CBF82C028BF8BA
:10B520003C120BF50F710691CBF83002D0F8981051
:10B530000822CBF83412D0F89C00CBE99112CBF85A
:10B54000380241F6B030504402F0ECFE01287AD1C6
:10B550000729CBF840120ED8DBF830020844294600
:10B5600090F830000DF0E7FB28BF01F54071012293
:10B5700002FA00F008600DF5ED6001220DF0F0F820
:10B580000CF0B3FCCBE993128BF8540241F6B830BF
:10B590000CF0D3FE002840F02582DBF834020025B1
:10B5A000DBF840124FF07D084FF00109814208BFDF
:10B5B000DBF83852382000EB450A052D3AD8DBF885
:10B5C00030022844A03007F067FADBF84042082C2C
:10B5D00080F00C8204EB4406DBF8301201EB860BA2
:10B5E00001EB4601495D884212D007F0A7F9A0FBA4
:10B5F000080201FB0821000B40EA015001040AD0B7
:10B600003BF80A1029B1401A80B2132803D99DE1F2
:10B6100000202BF80A00DDF82CB00AF1020ADBF852
:10B62000300200EB4601495D012908BF80F8A69071
:10B630000135C2E7DBF84002072840F27081DDE9FE
:10B640000CA8704D7DE7DBF8300290F8A6100029B9
:10B6500040F05B810021CBF840028BF8E0120BF543
:10B66000387103910BF510710291CBF84402303020
:10B67000002101220BE0435C2C46202B03F01F032A
:10B6800028BF04F54074013102FA03F3236008294E
:10B69000F1D100200BF537758BF8DC020BF5127435
:10B6A000DBF84402CBF848020DF6E8410022002303
:10B6B000062B03D041F823200133F9E7A030002204
:10B6C000062A04D0831841F822300132F8E70DF63B
:10B6D000E8400DF5ED6200210023CDE90445242B5F
:10B6E00007D010C842F8234002EB830406332175CB
:10B6F000F5E741F6B8300DF5ED615044902222F0A7
:10B70000DBF841F6C4300AEB000541F6B8304FF0E3
:10B71000000B4FF00008504408900A95B8F1900FC4
:10B7200078D005EB0804A4F10C01207AF8B10328C5
:10B7300040F061810898A14619F8042FA4F108018E
:10B740004044EAB1032A40F059810AEB0802264638
:10B7500002F5DE5A16F8012F002A49D0032A40F0DC
:10B76000508115F808004FF0000B09912FE0A14619
:10B770000868214609F804BF41F8080D099104E062
:10B78000021D00F11009086809920C994FF4DE526D
:10B79000661C414401F5DE5A8850CAF804B01949C4
:10B7A0004FF0000B0278A1F50271202A02F01F026F
:10B7B00038BF4FF0A041022301EB8201D1F80027EE
:10B7C00063F31142C1F80027007805F808000D99CD
:10B7D000096807F08BF9002857D0032008F11808F2
:10B7E000307089F800002072DDF830A00A9D95E7DE
:10B7F00000F1080200F10D06DAF800009246099106
:10B80000CDE700BF08050050440B0400940B040072
:10B81000740C040005990320DDF82CB0DDF83480A9
:10B8200008700399087004200699087003208BF8AB
:10B830002402DBE9B901084318BF0120089040F059
:10B84000F2819BF8F402002800F07B80032840F08E
:10B85000DC819BF840030BF53F780BF550710991A3
:10B86000002800F0BC80032840F0CE800BF541702A
:10B870000A909BF80403DFE810F00500CA00E81204
:10B88000F4008101D8F80000D3E0A4F10C000C30E2
:10B8900007F018F94FF00108504686F80080EAF7E3
:10B8A000E5FC099889F80080EAF780FC089884F89C
:10B8B0000880EAF77FF9DDF82CB004988BF8DC8279
:10B8C000EAF711FDDBF844020021DE4D029C303026
:10B8D00008290BD0425CDC4B202A02F01F0238BF43
:10B8E0002B1D013108FA02F21A60F1E703990120D9
:10B8F000087094F8A000032804BF04F10800EAF7D8
:10B90000F2FCDBF83002DDE90CA8002180F8A6107B
:10B91000DBF83002C0E92611DBF8300206E6DBF87E
:10B920003012C84D0844C84990F830000DF003FAB1
:10B9300038BF291D012202FA00F00860DDE90CA8D9
:10B94000FFE5DBF8EC02CBF8F00263E04FF0000C0F
:10B950002BF80AC0DDF82CB0DBF8301201EB460101
:10B960004A5D82F001024A55DBF83012DBF84022D2
:10B97000C1E926250121DBF8302282F8A610DBF888
:10B980004022072A0ED8DBF83032AE481A44AE4BBC
:10B9900092F83020202A02F01F0238BF031D01FA5E
:10B9A00002F21A60DBF83022200640EA0540DDE9A9
:10B9B0000CA802EB4602525DA24D10448BF83C12DB
:10B9C0008BF834C2CBF82C0241F698300CF0DCFD39
:10B9D00050B92046EAF7C3FADBF820029CE5DBF811
:10B9E0003C0321E003201FE7042020E7A94A20466A
:10B9F000082105F06DFEA84806F07FFBA74806F079
:10BA00007CFBA74806F079FBA64806F076FBA64823
:10BA100006F073FB0021CBF83C038BF840130BF5C9
:10BA200050710BF53F7809910021CBF8FC028BF89F
:10BA30000413CBF800030BF5417290F824100A921E
:10BA4000FF2900F08F800DF5ED60A42200238BF814
:10BA5000081307F073F90CF048FACBE9C3128BF81E
:10BA600014030D9941F678405044096807F000FA34
:10BA70000A9A58B9DBF80003FF210BF540764FF422
:10BA8000807580F824109BF80893A4E003208CE0D4
:10BA90002046EAF79FF8DBF8005395F8270000F0FE
:10BAA000030405F1250007F049F860F3820405F16D
:10BAB000260007F043F860F3C3040BF54076A008B6
:10BAC000002C85F827004AD0281995F82110007C11
:10BAD000084495F9201085F8210040B2884210DA18
:10BAE0004A4252B290423ADC002900F0F4804FF012
:10BAF000000910F180020FD14A1C0DD16B4806F0ED
:10BB0000F2FA002900F0E3804FF0010910F1800201
:10BB100002D14A1C00F0D78090FBF1F202FB110029
:10BB200085F82100D6F800A006F008FF8346DAF871
:10BB300000000D46C0073FD0DAE9022358462946E7
:10BB400007F0E8F87D220CF0D9FF000B0A0B40EA61
:10BB50000150BAF82210401A72F100002CD230685D
:10BB6000DDE90BBA00218BF834138BF81C1300F1BC
:10BB700026012530CBF82013CBF808030D9D41F6A4
:10BB800074400AEB000429682046F9F76DFB002891
:10BB90003FF47EAF41F68C4029685044F9F764FBCE
:10BBA00000283FF475AF0A9A0420099B0321107006
:10BBB000DDF83480197034E000200121CAE902B5B3
:10BBC00040F20115CAE900103068DDF830A0DDE967
:10BBD0000A2B80F824903068012490F828601470B3
:10BBE00098F80800042804BF08F10C00E9F7F2FFF8
:10BBF0000020DDF834808BF80403300640EA094069
:10BC00008BF840432844CBF8FC0241F668400CF026
:10BC1000BBFC28B92046EAF7A2F9DBF8F002F9E606
:10BC200004218BF8F412DBE9D10150EA010218BFBC
:10BC3000012240F0B8879BF8D30C0A920FF20C0156
:10BC4000D1E810F0080500500C0800503600031130
:10BC500003113D003C004D0764021304CD04FF04B2
:10BC6000D6071A054C05B2049B051E03F1020E0609
:10BC70006505D602E0030004AB0350028206C0064D
:10BC800029066B06D6062007400493047E02BA02FA
:10BC9000B705F405A40B0400B40C0400F407040079
:10BCA00054090400B40B0400A4070400BC120400EF
:10BCB000DBF8C40CCBF89C0C00F001BFF7E2DBF81A
:10BCC000D44CCC480FE0DFF8640306F00CFADFF840
:10BCD0005C0306F0F4F95FF82C0006F0F0F9DFF8E9
:10BCE0005043CBF8D44C0068C00540F091872068E1
:10BCF000002842F0CC824FF0FF3000212060207CF1
:10BD0000012804D104F5886006F06EFF217CD4E997
:10BD10000202904201D1C9070ED000212174411CBA
:10BD200000EB40100A1F18BF0A46A26004EBC000D7
:10BD300010F8185FFF2D09D1D8F80000D0E90012E3
:10BD400004F5876006F05DFFFF2505E0411C0EA8A5
:10BD500040F2071221F055FE0CF0F4FAFF2D00F02E
:10BD60003C870BF24D368BF84C530EA940F207126C
:10BD70000CF01FFAAF4806F0B1FAAF4806F08CFAA3
:10BD80009BF84C03DFE810F01900A4008E00A0001F
:10BD90005700B000F400A20013017F00FE0029004C
:10BDA0005900B40022009E002000A600FC002601DD
:10BDB000A800B2001F01EE068C000CF077FB0AF51C
:10BDC000E65008F0DBF90CE1102004E10E2006F04B
:10BDD0009FFA307809F092F803E10B2006F098FA08
:10BDE0009BF84D0306F094FA9448954CA04795486B
:10BDF000A0479548DBF85053A047284606F00AFBB9
:10BE00009248A0470AF5E654C5EBC5052DB120467A
:10BE100008F0D6FE073D0734F8E7002006F03CFAAC
:10BE200041F6DC40504409F0D9F841F6E340504473
:10BE300009F048F8D5E00420C9E0854C0C20A04763
:10BE40000CF054FE834806F027FA41F6BB40824DC1
:10BE50005044A84741F6C2405044A84741F6C94063
:10BE60005044A84741F6D040504409F055F841F6F7
:10BE7000D340504409F050F89BF86A0308F092FF51
:10BE80000CF031FEADE0724C0920A0470CF02EFE04
:10BE90000CF029FE9BF84F03A04741F6BC4082E01E
:10BEA000182094E06A4C0220A0476C4806F0F4F990
:10BEB0000CF019FE0CF01AFE41F6BB40504404F0A1
:10BEC00085F98EE00F2086E0032080E007207BE0EC
:10BED000012079E011207EE0142006F019FADBE958
:10BEE000D50109F06DF87CE005206DE015206BE0D0
:10BEF0000D20049606F00CFA9BF84D0306F008FAA4
:10BF000050484F4DA8475648A847DBE9D50109F0EE
:10BF100057F85448A847DBF85C030BF55879DFF86D
:10BF20004881DFF848A1DFF848B100EB4000460047
:10BF300096B15048A8474046A8475046A8474C46A7
:10BF400034F8060BA8475846A84709F1020008F044
:10BF500075FE063EA146EBE7474806F09DF9002036
:10BF600006F09AF9DDF83480DDE90BBA049E38E07A
:10BF7000062006F0CDF9DBF8500306F04BFA30E06E
:10BF8000122028E0324C0A20A0470CF0AFFD0CF044
:10BF9000AAFD3A4806F080F941F6BB40504409F04A
:10BFA0001DF841F6C240504409F018F819E0082085
:10BFB00006F0AEF9324806F06FF930464FF4807162
:10BFC00004F014FC0DE0162006F0A2F9307806F01B
:10BFD0009FF906E0132006F09BF9BBF84E0306F02C
:10BFE0005BF906F0E3FA9BF84C030FF20C01D1E881
:10BFF00010F000BF04ED00E04B001402E301F60571
:10C000005002A401E6023303C702990326010B0183
:10C0100028048003EF009F044604F3045D029B00A4
:10C02000CE03530169058500340200BFCC12040021
:10C0300088DC032018000000D1010000DC010000B2
:10C040009922020014000000D6010000E90100005E
:10C0500011230200E0010000DD4F0200CE010000CC
:10C06000F4010000F30100000B000000E3010000F8
:10C07000E6010000F5010000F2010000DF01000010
:10C080000A0000001A00000042F648000AEB000413
:10C090000AF5E6517822204620F05EFE5FF81C008B
:10C0A00006F01CF9204608F069F806F07FFA42F61F
:10C0B000C8002146504478229BF8505FDBF89C6C06
:10C0C00020F04AFE002029028BF8D40E0BF65470A3
:10C0D000CBF8DC0C0B200C31CBF8D41CCBF8D86C93
:10C0E0008BF8540F0BF03FFF8EA80CF0DCF90BF02F
:10C0F00003FF40F0BE83172000F052BD0020DBF8A4
:10C100009C1C8BF8AC0E03200CF0E8FC0BF02BFF12
:10C110008EA80CF0DDFDE14D9DF83802FE2840F0C0
:10C12000AF81062000F03CBD0CF02DFE8BF8BC0C5E
:10C130000BF0D3FEABF8D01C0BF6BC410BF072FE3B
:10C140000CF0C7FC0DF6E8400CF0C5FD9DF8E80CBE
:10C15000FD2800F012850BF684200DF6E8410BF067
:10C1600007FF0CF0D4FD9BF8840A022840F0A48459
:10C17000DBF88C0A0E22DBF8901ACBF8DC0CBBF84B
:10C18000D00CCBF8E01C42F20241ABF8E40C42F2D6
:10C19000526050445144DBF89C5C21F032FC00209A
:10C1A00005F590718BF8110E42F228600CF03CF806
:10C1B000CBF8E45D8BF8D40C0BF071FE8EA80CF07C
:10C1C00023FA0BF099FE40F06584212000F0E8BCD2
:10C1D000002103208BF8D41E9BF84D13DBF89C2C18
:10C1E0008BF8DD1E0CF06EFCCBF8D82CCBF8DC1CE9
:10C1F0000BF0B9FE8EA80CF056F90BF07DFE40F066
:10C200003883132000F0CCBC42F64C0041F6BC4110
:10C21000504451442C220BF04DFF07200BF0B3FE8D
:10C2200007310CF02BF80BF09EFE8EA80CF03BF9BA
:10C230000BF062FE40F01D83102000F0B1BC42F60E
:10C24000490041F6BB41504451440E229BF84D43F6
:10C250009BF84E53DBF89C6C21F0D3FB21020620A7
:10C2600041EA05418BF8DC0E002006318BF8D40E34
:10C270000BF6DC60CBF8D41CCBF8D86CCBF8DC0C1C
:10C280000BF071FE8EA80CF00EF90BF035FE40F0AD
:10C29000F0820F2000F084BC9BF84D0300218BF846
:10C2A000AC1E0002DBF89C1C0C300CF017FCD8F81C
:10C2B00000200AF519568EAD31462846F5F742F8AA
:10C2C0009DF83892B9F1FE0F00F04F840DF5DE783D
:10C2D000691C7C22404621F094FB30469DF8B54213
:10C2E000BDF8B652E9F716FF0226B9F10B0F07D1D8
:10C2F00008F1070150A8752221F083FB2646099515
:10C3000066480068C00540F08384654D7522D5E914
:10C31000009895F8754050A9284620F01DFD099811
:10C32000042CA5F8760085F8756003D1D9F80410BF
:10C3300040468847DDF83480C1E39BF84D038BF815
:10C34000D40C584805F0CAFF9BF8D40C04F0DAF876
:10C3500006F02CF942F65000002450442721CBF877
:10C36000144FABF80C4FDBF89C5C9BF8D46C21F0BD
:10C37000F1FA012031028BF8590F0B208BF8DC0EFB
:10C380000BF6DC600C318BF8586F8BF8D84ECBF87D
:10C39000D81CCBF8DC5CCBF8E00C42F244600AEB32
:10C3A0000004D8F800208EA80CF07DF80BF0A4FD56
:10C3B00040F05F821620F3E341F6BB4042F64B02A9
:10C3C0005AF8001050449BF84E334AF802100A21E4
:10C3D00052448BF8DC1E002180888BF8D41E9BF819
:10C3E0004D13DBF89C4C908018028BF8DD1E0BF689
:10C3F000DC610A308BF8DE3ECBF8D40CCBF8D84C9D
:10C40000CBF8DC1C0BF0AFFD8EA80CF04CF80BF059
:10C4100073FD40F02E821420C2E30C209BF84D13D4
:10C420008BF8DC0E00208BF8D40E0B20DBF89C2C54
:10C430008BF8DD1E0BF6DC61CBF8D40CCBF8D82CD6
:10C44000CBF8DC1C0BF08FFD8EA80CF02CF80BF059
:10C4500053FD40F00E821520A2E30020DBF89C1C67
:10C460008BF8AC0E0B200CF039FB0BF07CFD8EA88A
:10C470000CF02EFC094D9DF83802FE2800F08B834D
:10C480002046E9F747FE2868C00528463FF427AC58
:10C49000BEE3054805F02EFF0EE300BF04ED00E00B
:10C4A000A07903203C000000420000000CF06BFC6F
:10C4B0008BF8B80C0BF011FDABF8CE1C0BF6B841A5
:10C4C0000BF0B0FCD8F8002002A80BF6D44800F519
:10C4D00092500CF0BDFB0DF5805090F84802FD28FD
:10C4E00000F0458302A90BF67C1001F592510BF088
:10C4F0003FFD0CF0D6FB9BF87C09022840F0DA8265
:10C5000042F2F020DBF89C2C5044BBF8CECC42F237
:10C51000486190E87800514442F2023078C142F21A
:10C520005A6302F590745AF800105044CBF80C8E00
:10C530004AF8031000218BF8111E42F22461514485
:10C54000CBF8081E4FF49071DDF83480CBF8E81D6D
:10C5500002218BF8D41C0AEB03018088ABF8ECCCE9
:10C56000CBF8044ECBF8E42D88800BF098FC8EA815
:10C570000CF04AF80BF0C0FC40F08C821F200FE357
:10C5800042F64900314650444FF48072DBF89C4C2F
:10C5900021F037FA042000218BF8D41E0CF092FA17
:10C5A000CBF8D84CCBF8DC1C0BF0DDFC8EA80BF0E4
:10C5B0007AFF0BF0A1FC40F05C810D20F0E201203D
:10C5C000DBF89C2C8BF8A40C00200BF065FDDBF84D
:10C5D0005013CBF8A01C0BF6A4410BF023FCD8F8A9
:10C5E00000200BF6D444D0A80CF075FB9DF8400356
:10C5F000FD2800F0C6820BF25440D0A90BF0B8FC25
:10C600000CF085FB9BF85404012840F05582002073
:10C61000DBF8A01C0BF070FF9BF85C048BF8DC0CC3
:10C62000DBF89C0CCBF8D81C42F210615144CBF8DB
:10C63000E40D00F59070CBF80C4ECBF8081ECBF84B
:10C64000040E0BF02CFC8EA80BF0DEFF0BF054FC5C
:10C6500040F020820920A3E20120DBF89C2C8BF81B
:10C66000A80C00200BF018FD9BF84D138BF8D21C82
:10C670000BF6A8410BF0D6FB0CF02BFA0DF58960F8
:10C680000CF029FB9DF84804FD2800F080820BF295
:10C690005C500DF589610BF06BFC0CF038FB9BF8DE
:10C6A0005C05012840F008820020CBF80C4E0BF00E
:10C6B00023FF9BF8D20C8BF8DC0CDBF86005CBF881
:10C6C000D80C42F214605044CBF8080EDBF89C0CF6
:10C6D000CBF8E40D00F59070CBF8040E0BF0DFFB07
:10C6E0008EA80BF091FF0BF007FC40F0D3810C20DB
:10C6F00056E242F650000AF5E651504440220BF053
:10C70000D9FC09200BF03FFC09310BF0B7FD0BF011
:10C710002AFC8EA80BF0C7FE0BF0EEFB40F0A980C0
:10C7200012203DE241F6BC4042F649025AF80010A0
:10C7300050444AF8021005218BF8DC1E00218BF8CA
:10C74000D41E0BF6DC61CBF8DC1CDBF89C1CCBF8B0
:10C75000D81C0AEB0201D0F80300C1F803009BF8D3
:10C760004D039BF84E139BF84F23000240EA014013
:10C7700040EA02600530CBF8D40C0BF0F4FB8EA835
:10C780000BF091FE0BF0B8FB73D10E2008E2DBE951
:10C79000D51202208BF8C00C0020CBF8902BDBF8D0
:10C7A0009C2C0BF079FCCBF88C1B0BF54C610BF03F
:10C7B00039FB0CF037FA0DF5ED600CF049FA9DF8F5
:10C7C0006807FD2800F0E9810BF694300DF5ED6166
:10C7D0000BF0CEFB0CF065FA9BF8940B022840F0AE
:10C7E0006981DBF88C0BCBF8DC0C42F21050DBF8E3
:10C7F000901B5044CBF8E01C42F25061DBF89C2CBB
:10C80000514490E87800002078C102F590718BF8CF
:10C81000110E42F22C605044CBF80C8E0BF076FED9
:10C82000CBF8041ECBF8E42D8BF8D40C0BF037FBBF
:10C830008EA80BF0E9FE0BF05FFB40F02B8123206C
:10C84000AEE142F6490041F6BA41504451441D223E
:10C850000BF030FC08200BF096FB08310BF00EFDBE
:10C860000BF081FB8EA80BF01EFE0BF045FB00F0D9
:10C870008A8120468F9E909DE9F758FC0FE10CF0CD
:10C8800082FA8BF8B00C0BF028FBABF8CA1C0BF546
:10C890004B610BF0C7FA0CF0C5F90DF5CB600CF04D
:10C8A000D7F99DF85806FD2800F065810BF26C70F1
:10C8B0000DF5CB610BF05CFB0CF0F3F99BF86C070A
:10C8C000022840F0F78042F2E000DBF89C5C504424
:10C8D000BBF8CA2C42F2486190E85800514442F239
:10C8E0005660504458C142F2EE015144ABF8E82C76
:10C8F0000A2221F086F80020CBF80C8E8BF8110E5E
:10C9000042F21C6050440BF001FE05F59071CBF82B
:10C91000041ECBF8E45D8BF8D40C0BF0C0FA8EA8A3
:10C920000BF072FE0BF0E8FA40F0B4801B2037E108
:10C930000CF029FA8BF8AC0C0BF0CFFAABF8C81C52
:10C940000BF6AC410BF06EFA0CF0C3F80DF5AA60D3
:10C950000CF0C1F99DF85005FD2800F010810BF294
:10C9600064600DF5AA610BF003FB0CF0D0F99BF8A5
:10C970006406022840F0A08041F6D870DBF89C2CB9
:10C980005044BBF8C83C42F2486160C8514460C1A1
:10C990000088088041F6E4705044ABF8E63C42F26F
:10C9A000546190E868005144002068C102F590711C
:10C9B0008BF8110E42F218600BF036FCCBF8E42D28
:10C9C0008BF8D40C0BF06BFA8EA80BF01DFE0BF05D
:10C9D00093FA5FD11920E3E00CF0D5F98BF8B40C91
:10C9E0000BF07BFAABF8CC1C0BF6B4410BF01AFA47
:10C9F0000CF018F90DF5BD500CF02AF90DF580502A
:10CA000090F8A007FD2800F0C0800BF674000DF52B
:10CA1000BD510BF0ADFA0CF044F99BF874080228F4
:10CA200048D142F2E810DBF89C2C5044BBF8CCCC47
:10CA3000DBF88CE842F24861DBF89068514438C872
:10CA400038C1002302F590748BF8113E42F2206346
:10CA5000CBF80C8E5344DDF83480CBF8083E4FF40D
:10CA60009073CBF8E42D02220088CBF8ECECCBF8E5
:10CA7000F06CABF8EACCCBF8044ECBF8E83D8BF881
:10CA8000D42C08800BF00BFA8EA80BF0BDFD0BF038
:10CA900033FA7ED020468F9E909DE9F70EFA19F169
:10CAA000010009D0CDE98E9690958EA8E8F7BCFEDE
:10CAB000002002E0DDF83480012007F0E1FCC548E9
:10CAC000FFF70DB99BF84D1300208BF8AC0E09024F
:10CAD000DBF89C0C0A31CBF8D41CCBF8D80C0BF04B
:10CAE00042FA8EA80CF0F4F89DF83892DDE905853D
:10CAF000B9F1FE0F3DD02046DDF83962DDF83D4248
:10CB0000E9F708FB300AB9F10A0F08BF4FEA142809
:10CB100008BF40EA0465AF480068C00578D1AE4A56
:10CB200002244FEA0820294640EA1565D2E90FC0E1
:10CB300092F83830B9F10A0F82F83840CDF81480F5
:10CB4000C2F83D5018BF2646DDF83480F4B244EAFE
:10CB50000124012BC2F839400691B0D1DCF8041051
:10CB60008847ACE71720FFF732BA042016E01E20F2
:10CB700014E0052012E01A2010E0202010E0182018
:10CB80000EE008200CE011200AE01C2006E00B203B
:10CB900006E01D2004E0072002E02220DDF83480BA
:10CBA0000A9A8BF8D30C42F6C8100AEB0009DDE9AB
:10CBB0000701084000EA0205D9E9000150EA010630
:10CBC00018BF012649D199F8200009F10804C0BB1B
:10CBD000D9F81800C9F81C001FE00320E0E7002086
:10CBE0008BF82C0DDBF89C0C00F59070CBF8D40C76
:10CBF0000BF0B9F98EA82146F3F7F4FB8E980230BA
:10CC000001D10A20CCE72046E9F70EFA07F046FDED
:10CC1000724805F06FFB05F017FC007A704960F36D
:10CC2000840170480860D9F81C00D0E900230DF594
:10CC3000ED6006F083F80BF058F9C9E9021289F8A3
:10CC40001000D8F80010204606F012F910B9D9F8F3
:10CC50001C00E2E7032089F8200005EA060001280D
:10CC600000F0A58042F6F0104FF0FF3350440590DD
:10CC7000D0E9000181EA030243401A4300F00E8527
:10CC8000084318BF0120069040F03F8499F838000F
:10CC9000E0B103281FD1CB461BF8640FABF124028F
:10CCA000002831D0032840F08680CA460A921AF83C
:10CCB000480FDFE810F007008900CA08ED018E0375
:10CCC000E0013502ABF12402106881E1D9F83000AF
:10CCD000C9F834006EE14A4612F84E0FDFE810F052
:10CCE000E8026E00B5080500170042F62820D8F8C3
:10CCF00000105044079206F0BBF8002800F0E282D2
:10CD00000320079A00F0FDBBD9F860005AE10792B2
:10CD100042F618204A460AEB000412F8620FDFE8D8
:10CD200010F0ED025000940805001B0049460994DC
:10CD300011F87A0F0491A1F1120B0A92DFE810F0BA
:10CD40001E033E008508AF03050099F8A20058B302
:10CD5000032800F0B0803AE0CB46CDE909421BF849
:10CD60006F0FABF10708DFE810F00500290070082D
:10CD700063030800B9F86C00D0E299F87E0070B146
:10CD8000032824D1B9F874000021A9F874100128EF
:10CD900040F05681B9F87650D9F878002EE0B9F80D
:10CDA0007C50D9F8700072E0D9F87C0077E00BF580
:10CDB0000570F8F7C3FB0C4805F09FF90B4805F028
:10CDC0009CF90B4805F099F90A4805F096F90A48CC
:10CDD00005F093F904ED00E0F8E60320AE00000052
:10CDE000000601403546526E640B040074020400D4
:10CDF000740A0400D4080400C40A0400EC49006862
:10CE00000968C9057FF404AFEA49FCF7BFFD0C4689
:10CE1000C16BB1B1027C2ABBD0E9022300EBC3068F
:10CE2000B161591C8B1EB58218BF0B46C3609A4274
:10CE300004BF012101740BF0EDFBE0E8091207F0DB
:10CE4000A6F80BF07FFA012089F87E00D9F8680077
:10CE5000E8F7A0FF4FF48070A9F86E004046E9F7AC
:10CE60009AF891E0DDF834803030D8F80010D1E93C
:10CE70000012F8F70FFC0BF065FA0120A9F87650C4
:10CE8000A9F87400032089F87E000420F4E2290444
:10CE90000131C9E91D100021A9F87410AEE7C9F8E5
:10CEA000800042F65C20504442F64C2151441CC89C
:10CEB0001CC10088088099F88750022089F88700F3
:10CEC000022D00F0BD80CDF820B042F64C200AEBD8
:10CED000000B0DF6E848BBF800004146ADF86407CA
:10CEE0009BF802008DF8660742F6502050440CC8AB
:10CEF0000CC100880880D9F88000AD490068096835
:10CF0000C9057FF485AEAB49FCF740FD8A46D0F8F1
:10CF1000FC1041B3027C002A5ED1C268BDF8646790
:10CF200002EB820300EB83039E829DF86667DD754A
:10CF300003F118059E75B8E8500050C55962511CA0
:10CF4000B1F1080218BF0A46B8F8001029808168BC
:10CF5000C260914204BF012101740BF05BFBE0E869
:10CF60002D1207F00AF8DAF8000001240130CAF89F
:10CF70000000D9F8680089F8A240E8F7EFFE0898A9
:10CF8000A9F87A40E8F7F9FF0A990120DDF8348022
:10CF900008700998817C1830042904D0032904D131
:10CFA000E8F7EBFF01E0E8F7F6FF0120A9F84E00F3
:10CFB000D9F834000021CB460BF8641FABF12402F2
:10CFC0004BF8040C0021CA460AF8481F4AF8080C1E
:10CFD0000A92C9F8440036E09DF866170DF5BD5673
:10CFE0008DF85A16D830BDF86417ADF8581631468A
:10CFF000B8E80C000CC1B8F80020DDF834800A80D5
:10D00000D8F80010D1E90012F8F776FB0BF0ECF835
:10D010009DF85A068BF80200BDF85806ABF80000E0
:10D0200042F6502089F88750DDF830A006CE5044F3
:10D0300006C031880180032089F8A200042059E24B
:10D040005D4804F095FFD0E90612114318D001683D
:10D05000C9071CBF90F82710002940F0AE81D0E925
:10D0600004230DF5ED6005F069FE0AF03EFFC9E905
:10D07000141289F858000BF089F9C0B10520B2E10B
:10D08000002189F8541000F122012830C9E9130168
:10D090000BF074F9002840F0A38199F85400E9F7E7
:10D0A00017F805F04BFCD9F84420C2E90601D9F87D
:10D0B0004400D0E9064505F041FC22462B4605F028
:10D0C00029FE002249F6BA13181A72EB01003EBF7E
:10D0D000D9F84400012180F827100BF01BFE01282D
:10D0E0004CD191F82A00012804D0344805F002F907
:10D0F000D9F8441091F826000022222380F0010084
:10D1000081F82600D9F8440090F8261089F85420B8
:10D1100000F12802002918BF20231844C9E9132070
:10D120000BF02CF9002840F05D8199F85400E8F7E5
:10D13000CFFFD9F84400418C028C511A09B2002962
:10D1400048BF494209B296290FDD1D4805F0D2F8C3
:10D15000D9F84400002180F8271005F0EFFBD9F83A
:10D160004420C2E90601D9F84400002180F82A10C1
:10D17000D9F8440080F829100BF0CCFD91F8263046
:10D180002222002B18BF2022002840F03D8191F878
:10D190002400F8B191F82A00002840F038810120DD
:10D1A0008C5A81F82A0002250BF0A3FB62E000BF35
:10D1B00004ED00E0240A0400A8170400B9000000F0
:10D1C00016000000B70000005C0000001409040015
:10D1D00004090400002091F82530CDF8E80CADF8E2
:10D1E000EC0C0220ADF8F20C0120032BCDF8EE0C74
:10D1F00026D82BB3032B0DF6E84E08BF02230024DC
:10D2000047F6FF7C4FF00108A34222D0D9F84460D2
:10D2100096F82A00002840F0F2808D5EA5F5804047
:10D22000002D00B209D44000032C00F0E4802EF859
:10D230002400013486F82A80E6E78CEAE030F3E740
:10D240005FF8800005F056F80BF053FBD9F8440066
:10D25000F9E60BF05FFD002840F0DC8091F82880B3
:10D260000120DDF8ECBC0025DDF8F06CBDF8E84CE1
:10D2700081F829000A990BF082FD087A062812BF6E
:10D280000328087DE8F724FF00204A4602F84E0FE5
:10D2900002F8028CDDE90CA802F80C0C012042F81F
:10D2A0000ABC42F8066C02F80B5C22F80E4C907532
:10D2B00042F61A2042F608215044514407920E22A9
:10D2C00020F09FFB42F61A204FF0000B4D460AEB70
:10D2D000000105F84FBF02A800F592560E220AF091
:10D2E00068FF4C4642F61C2044F8505F50442CCE58
:10D2F0002CC04A4602F862BF3188018099F8571065
:10D30000B9F854000229CDE909421ED10021CB46CB
:10D310000BF86F1FABF107082BF8030CA9F870008E
:10D32000012089F86E0009F1740007F0C1F999F83D
:10D330007400012804D15FF8700104F0DBFF6CE099
:10D34000D9F87800C9F8680086E0A9F86C0099F867
:10D35000560089F86E0042F62020504489F86F107C
:10D3600042F638210CC851440CC1008808800020C6
:10D37000494601F87A0FA1F1120B0491012042F6FF
:10D38000442189F87B0042F63420504451441CC8A3
:10D390001CC10088088009F18C0007F0FFFA99F899
:10D3A0008C00012804D15FF8E00104F0A3FF67E0DE
:10D3B000D9F89000C9F8680082E0D0E902230DF5A1
:10D3C000ED6005F0BBFC0AF090FDC9E9141289F884
:10D3D00058000AF0DBFF00283FF469AE042002E0A9
:10D3E000032000E006208AF8000003208BF80000EC
:10D3F000DDF830A087E05FF82C220BF002F85FF830
:10D400003022012104F064F9DFF8442AF9E7DFF85B
:10D41000442AF6E7DFF8402AF3E70DF5ED60212214
:10D420000BF09EF90AF061FDC9E9201289F8880025
:10D430000D9942F648205044096805F019FDC0B91D
:10D440000DF5ED6007F034F99DF868070128E4D088
:10D45000DDF86C07C8F800000020B9F8705089F8B2
:10D460006E0089F87E004046C9F87080A9F87C50AB
:10D470000DE50320DDF834808BF8000004203CE04B
:10D480000DF6E84021220BF06BF9DDF8EC2C9DF84D
:10D49000F00CDDF8E81CC9E9261289F8A00042F674
:10D4A00060200AF04AFF20BB0DF6E84007F076FA4C
:10D4B0009DF8E80C0128E3D0DDF8EC0CCBF8000077
:10D4C000002409F17C0089F87B400DF5ED6168C806
:10D4D00001F1140268C20088108042F648205044CE
:10D4E0002222C9F87CB020F08CFA89F8A240584674
:10D4F000D5E403200499087003200A99079A08705C
:10D5000004201070042089F83800D9E92A0150EA73
:10D51000010B18BF4FF0010B40F0B28099F82C01BD
:10D5200070B199F8D800042812D003281DD199F8B9
:10D53000240100283FD0032864D1D9E947016DE0D8
:10D54000002089F8D800D9F82801C9F8D0000EE0E9
:10D55000CA461AF8E80FDFE810F005005500780415
:10D560003A003100D9F8E460CFE0D9F8D000C9F82A
:10D57000D400BB480068C0057FF44AABDFF8380D23
:10D5800006F010FDDFF8344D606C48BB0120D4E993
:10D59000025660640AF0D6FE0DF5ED6006F0C2FF9B
:10D5A0000DF5ED6209F1C003C9E92C5607CAC9F8A7
:10D5B000B84007C304E1D9F8E01008E199F8F00099
:10D5C000C00723D199F8F140D9F8EC60A8E099F8A8
:10D5D000F200C0071ED1B9F8F020D9F8EC60C9E01C
:10D5E00020680DF5ED62DFF8E03CB72101302060E6
:10D5F00000208DF86807DFF8C80C0090DFF8C40C35
:10D6000004F00FFDDFF8AC0C04F077FDDFF89C0CA4
:10D6100004F073FDDFF8980C04F06FFD02AACDF85A
:10D62000E81C02F59252CDF8682700240DF5ED654F
:10D6300010600026DFF8940CCDF874070DF6E84072
:10D64000CDF87007DFF8880CCDF86C07102C0DD0E2
:10D650002919285949680A6941469047C1B20834D6
:10D66000FF29F3D002293CD10126EFE7F00700F0B3
:10D670009683032089F82C0189F8D80089F82401C1
:10D68000069800EA0B00012800F09083DAF8000009
:10D69000DDF82CB048B1012800F0F485DFF8400C2B
:10D6A0002221DFF8402C04F00CF89BF80E020AF55A
:10D6B000C669CDF82090002800F09B80032840F038
:10D6C0007C8399F8AB0B09F53966DFE810F00500AB
:10D6D0007A03BE039E028802D9F8980BD9F8A05BA2
:10D6E000DEE1C6D00021CA460AF8E81F01215AF837
:10D6F000146C8AF83C10C1075A491CBF40F2011152
:10D70000CFF6FF7108404AE9020699F8E000C00729
:10D710002CD099F8E10000F001042002C9E93B6037
:10D72000DFF8B00B04F0DAFDDFF8AC0B04F0B4FD69
:10D73000204604F0EDFD04F039FF00214FF0010810
:10D74000012244B1317A002202291CBF707A0A46B4
:10D7500002F001010022C0B241EA002040EA024189
:10D76000304606F03BFF89F8F08025E0B9F8E2206A
:10D77000C9E93B62357A022D08D1D6E90001FBF7F1
:10D780001BFFC0B2384941EA00210FE0B47A84B1EE
:10D79000D6E9000196F80980FBF70EFFC0B20DB183
:10D7A000804506D0000240EA0440411C304606F0A5
:10D7B00015FF012089F8F2000BF0E1FADDE90CA871
:10D7C000002009F1B00189F82401C9F8E010012214
:10D7D000484640F8E42F01F110040023416001465F
:10D7E00041F81C2F80F8343004620376C0E90E0142
:10D7F00014E7DBF804020AF1080C0DF5AA610A909F
:10D8000009919CE87D007DC141F674300AEB00016E
:10D810005AF800000DF5ED6489888E90201DADF852
:10D820003C124FF45E711FF050FF0AF2A460002614
:10D8300021464FF45F72CAF8A06620F03DF8DFF889
:10D84000BC5A0AF5D4600790B6F5B06F0ED0A01997
:10D8500029464FF4B07220F02FF806F5B076F3E7C2
:10D8600004ED00E00100FFFF01000200D04608F6D1
:10D870001C400DF5ED614FF0000A4FF4B062C8F89E
:10D8800018AC20F019F80DF58050C9F8E0A5C9F8DA
:10D89000E4A50DF6E846C8F828AA2021C8F820AA71
:10D8A00080F84CA602A800F5925B3046CBE9FEAAB0
:10D8B000CBF800A41FF009FF0DF5BD5531462846F1
:10D8C00009F02EFC0DF5CB642946204608F0E4FA59
:10D8D0000BF52E70214609F071FC06F1090029466E
:10D8E0004FF49C7220F08DF80BF5267021460AF05B
:10D8F00081FD0DF580500224314640F2411280F83E
:10D900009E430DF58050CBE90AAA80F868A20BF27D
:10D910005710CBE90CAACBF818A0CBF810A020F038
:10D9200070F80DF5805103200125079A81F848050C
:10D930000DF5805008F52261CBE9002580F860A53F
:10D940000A20CBE90210F01D59464FF4AB62CBF828
:10D95000F8A2CBF8D0A3CBF8C8A3CBE9C4AACBF8E4
:10D9600008A3CBF8F4A3CBF8ECA3CBF8E4A3CBE962
:10D97000F6AACBF850A5CBF848A5CBF867A5CBF80D
:10D9800063A5CBF85FA5CBF85BA520F03AF808F1CA
:10D990002100314640F25F5220F033F8042008F6AF
:10D9A0001841C8F8840508F5B160C8F88015282129
:10D9B0001FF0D0FF08F2C5500DF5BD51132288F8B5
:10D9C000C4A5C8F8BCA5C8F8B4A520F01AF84FF053
:10D9D000E1701521C9E9000A4FF0FF30C9E90600DE
:10D9E00009F5BC60C8F8700608F5CF60C9E902AA5D
:10D9F00088F82CA6C8F820A6C8F824A688F81C46E3
:10DA0000C8F814A6C8F808A6C8F80CA688F80446F2
:10DA1000C8F8FCA5C8F8F0A5C8F8F4A588F8EC4546
:10DA2000C8F8E4A5C8F8D8A5C8F8DCA5C8F840A689
:10DA3000C8F868A6C8F874561FF08CFF8E980DF5CC
:10DA4000ED61C8F82100CDF86807BDF83C02C8F8C0
:10DA500090A68DF86E57ADF86C0708F8205FDDF8DA
:10DA60006B07C8F8040008F1100009F081FADDF82E
:10DA700024C041F2841040449CE87E007EC009F539
:10DA8000376509F539660A98C9F8708BDDF8348076
:10DA900089F8ABABC9F8A05BC9F8980B89F88CABD7
:10DAA000C9F89C0B00200024E7F732FE2968281DE6
:10DAB000C9F8900B0122C9F8941B297F2A77012904
:10DAC00000F07781C9F8BC0B09F6C831C9F8B40B6E
:10DAD00009F6F15AC9F8AC0B2868A9F8F04DC9F855
:10DAE000C00BC9F8B80BC9F8B00B002089F8C94BB6
:10DAF00089F8D80C162089F8C80B09F6D84BDFF83E
:10DB0000A80700F13804C9F8D04C0DF5ED600AF013
:10DB10002FFACE48C9F8D44C0068C0057FF478A825
:10DB200020780022E1780228227015D0B4F8012074
:10DB30008DF8E80C42EA0141D4E90123080CADF864
:10DB4000E91C0DF6E8418DF8EB0C2046CDF8F03CD1
:10DB5000CDF8EC2CFAF7BEFC0C9941F210304FF4E2
:10DB6000847208440DF5ED611FF0F6F8DFF8300718
:10DB7000C9F8E80DD8F8001009F54E6001F0E4FA94
:10DB800008B103209EE0D9F8D44CC9F8E04CAF4866
:10DB90000068C0057FF43CA821780022E0780029C5
:10DBA00022704CD0D4E90185012953D10D98006829
:10DBB000D0E90010854208BF414500F0798009682E
:10DBC0008847CDF8F01C0DF6E841CDF8EC0C0120AB
:10DBD0000AF006FFD8F804102846884771E0D9F803
:10DBE000B00BD9F8B41B084374D0D9F8980FD9F802
:10DBF0009C1F084300F03A8309F53B6009F69874CE
:10DC0000F7F788FC2046F7F799FC99F8F10D09F62B
:10DC1000C83109F6F15A002847D0032840F0D580D2
:10DC200099F8D80C09F6D84BDFE810F00600D300BD
:10DC30000F0105006C009DE7D9F8D04C65E7D8F8D6
:10DC40000000D0E9001009688847CDF8F01CCDF835
:10DC5000EC0C31E0B4F8011041EA0042D3B2FF2BE2
:10DC60002FD04FF0010E4FF0000C022B8BF800E08C
:10DC70008AF800E00A964BD0DDE90BB0D3074FF0ED
:10DC8000000348D02B0602F47F0243EA182342EA3D
:10DC900008621B0C120CA9F8A93B4FEA182342EAB0
:10DCA00003420123C9F8A52B35E099F8F04D1CE794
:10DCB000CDF8F05CCDF8EC8C01200DF6E8410AF0CF
:10DCC0008FFE04208BF8000003208AF80000DDF8A6
:10DCD0002CB0D2E299F8040C042800F058820328F2
:10DCE00013D141F238200AEB000499F8940F09F699
:10DCF000947500284ED003286FD1D9F8880FD0F83A
:10DD000000806EE0D9F8E04C41E7D9F8D0EB2FE085
:10DD10000023DDE90BB041F2DC1200EB020889F8C8
:10DD2000A43B0DF6E84A98E86F0054466FC441F2F0
:10DD3000E8100C99C9F8B0CBC9F8B4CB08449AE8FC
:10DD40007E007EC041F2CC1109F6A430DDF830A08F
:10DD5000C9F898CF5144CBE900100A98C9F89CCF74
:10DD600089F804CCC9F8D0EB8BF813C0CBF80800C5
:10DD700041F2E8100AEB000C41F204219CE87D001E
:10DD800051447DC13148C9F8ECEB0068C0057EF410
:10DD90003FAF63E0D9F8E00ED9F8E41E70E0DFF899
:10DDA0003C05A121DFF80C2502F096FD0598F7F758
:10DDB000C5FBDFF86C05FEF72CBFDFF83C0504F06F
:10DDC0009CF9DFF8300504F098F9DFF8240504F039
:10DDD00094F9DFF8180504F090F9DFF80C0504F069
:10DDE0008CF998F8310007950A94DFE800F00426D2
:10DDF0002E0F19DC2200002088F83000D8F82C0003
:10DE0000C8F828000AF0C5FDC8F834000D9908F1DB
:10DE10003400FCF711FE0321002800F0168158E0C1
:10DE2000C2461AF83C0F28B103280AD1D8F8385056
:10DE30005DE0F4E0D8F8340055E0DFF8C80404F001
:10DE40005CF9DFF8BC0404F058F9FEDE04ED00E0F4
:10DE5000E408040024090400F40804000020D9F8B0
:10DE6000EC1B89F8940F41F20420504441F238220F
:10DE7000C9F8E00E0AEB0204C9F8E41E09F694752D
:10DE800009F56F680022C9F87C1D00F10801C9F886
:10DE9000780D1030C9F80C1C09F6E86109F6847396
:10DEA000C9F81C0F09F67850C9F8E84E89F81A2C01
:10DEB00089F8212F89F8A22E09F6EC62C9F8848F1F
:10DEC000C9F8883FC9F88C2FC9F8901FC9F8EC0E23
:10DED00087E7D8F828000021C24640680AF83C1FAE
:10DEE00008304AF8080C00F57E75C8F838502868E4
:10DEF000002840F0CC814FF0FF3000212860287BC3
:10DF0000012804D105F5AC7004F06EFE297BD5E93B
:10DF10000102904201D1C90717D000212973411C89
:10DF200000EB8000B1F1100218BF0A466A6005EBF1
:10DF30008001486948B1103151F808CB02AA02F5B6
:10DF4000925291E8580058C209E00D980AF0C5FCB9
:10DF500005F5A87004F055FEDDF824C000202968FE
:10DF6000013129600121002808BF03218AF800102F
:10DF700042D0D0A902AB03F592530A4693E8700051
:10DF800070C2C8F8000008F1040091E81C001CC031
:10DF9000002088F84400D8F82800CDF824C0A8F85C
:10DFA00040C0C8F8340008F1340A0DF5ED6B0D9A45
:10DFB00058465146F3F750F9DDF86807022801D1B9
:10DFC000052140E00120594688F8300008F1100C86
:10DFD00091E87D008CE87D00D8F8100001280DD173
:10DFE00098F814A0BAF1140F00F0F580BAF11C0FE4
:10DFF00040F0FE80C748EFE0042126E00BF104006A
:10E00000514690E87C007CC1D8E90201FCF756FD3E
:10E010000022C8F868A088F86D20C8E914010D989E
:10E0200008F1480B5946026802A800F592552846A7
:10E03000F5F7A4FE0DF5805090F848A2BAF1FD0F57
:10E0400040F0AE800621DDF82CB088F831100DF5D7
:10E05000ED64D9F88C0FDDF8348001682046424623
:10E06000E9F77CFE9DF868A7BAF1FD0F0ED1D9F84B
:10E07000900F0DF5ED64424601682046F3F7FAF97A
:10E080009DF868A7BAF1FD0F00F0E380611C0DF563
:10E09000BD500AF08BF80A9C99F8210F05280DD085
:10E0A000062814D10C9941F268500844E8F7D2F8D8
:10E0B000D9F8280FB9F82C2F09F0BCFFD9F8F00EC9
:10E0C000D9F8F41E09F042FE002089F8200FA07C48
:10E0D000A0F10E020B2A14D804F1180104F1140067
:10E0E000DFE802F0060F0F0D0F0F0F0F060A0F0AE1
:10E0F0000846E8F702F804E0E7F7F4FF01E0E7F785
:10E100009CFE0DF5BD500DF5896178C80A4678C2B0
:10E11000012389F8943F038880780C9C907041F229
:10E12000212020441380132289F8F0AB1FF069FCF2
:10E13000BAF1FE0FA2463FF491AE09F53F60D14619
:10E14000C246D846DDF828B090E87C0073485946AE
:10E150007CC104F0C3F85846C346D046CA46DDF831
:10E160002090E6F799FE04F021FA0DF5ED6040F6F7
:10E17000CD420AF0F5FA9DF87007DDF86817DDF872
:10E180006C27C9F8201CC9F8242C89F8280C41F206
:10E1900050200AF0D2F800283FF460AE04205DE081
:10E1A000691C0DF5CB6513220AF02EF85846E8F7E6
:10E1B00051F8BAF1140F18BFBAF11C0F27D1524809
:10E1C00004F098F8DDF82CB0D8F83800B8F83C2006
:10E1D00009F030FF04E04E4804F08CF8DDF82CB074
:10E1E000D8E9000109F0B2FD002088F8300070E69F
:10E1F00000200BF1050188F830000DF5BD5009F045
:10E20000D5FF454804F076F8DDF82CB015E0DDF8D0
:10E210002CB0BAF1FE0FD7D01ECD0DF5BD501EC0EB
:10E2200029880180A9788170384804F063F8D8F80B
:10E230003800B8F83C2009F0FDFED8E900010A9C3E
:10E2400009F084FD4FF48070A8F83000DDF83480C8
:10E2500022E707990320DDF830A0087089F8040C44
:10E26000D9F8980FD9F89C1F084305D141F2D05036
:10E2700041465044EFF7A8FA042089F8AB0B03207D
:10E280008BF80E020DF5C65D07B009F07EBF05489C
:10E2900004F024F807F026F804F088F904F0D4F824
:10E2A00088DC0320C3000000F8E60320D405040046
:10E2B000C40504002004040050340400F8E50320E1
:10E2C00088380400D0370400943404000C0404009F
:10E2D000F80304003B0000000400000048030400B1
:10E2E00088120400AC12040024010400840204001B
:10E2F000C4090400D4020400B4020400FCFA0300C0
:10E3000074080400E40704007F00000074000000AB
:10E31000830000008400000073000000C0000000C3
:10E32000F600000080B56F46D0E9001291422FBF81
:10E3300000204A1C0260012080BDDCB504AF0AF059
:10E3400012FD009300202346FCF7F4FFDCBDF0B57E
:10E3500003AF2DE9000F9DB08046107B16468B461B
:10E36000B1F84090D1F834A0F9F780FC96E8340079
:10E370006B46194634C14A46514603900EAE3046AC
:10E38000FAF794FF9DF83840FF2C05D008F1010002
:10E39000711C09F00BFF08E00320DBF82810ADF832
:10E3A00038000EAA684606F055FF88F800401DB0F8
:10E3B00009F0EBBEF0B503AF2DE9000FADB003904F
:10E3C0009A4638489346884603F088FF08F11009BA
:10E3D000484607F0A5FD04F0E9F8494604AA91E88B
:10E3E000794002F1100C41468CE87940F8680790BA
:10E3F000B8687C693E690690CDE901ABCDE904BA05
:10E400008DF839408DF838601EAD284600F075F85B
:10E410009DF878B0BBF1FF0F0BD0039C691C132251
:10E42000601C1FF0EEFA022084F800B084F8290086
:10E4300034E0D8F828102A46B8F840C005F118088A
:10E44000A346B24699E8794088E87940F868239075
:10E45000B8682290019821900298209001208DF8B0
:10E46000A9B08DF8A8A0ADF87AC0ADF8780010A8D2
:10E4700006F0F0FEBDF840004FF6FF71884208D06C
:10E48000DDF80CA002208AF8290016208AF8000086
:10E4900004E004A9039830221FF0B3FA2DB009F06C
:10E4A00074BE00BF47000000F0B503AF4DF804BDD7
:10E4B0009EB00D4602F52071044668461A461E7845
:10E4C000FAF7E4F89DF80000FF2805D09DF83A100F
:10E4D000E7F738FF16200CE0A6F10B00012807D85B
:10E4E00003206A46ADF8000010A8294606F0B2FEE7
:10E4F000FF2020701EB009F02CBFF0B503AF2DE94E
:10E50000000FA3B0059002F1100BD1E902E00091D9
:10E5100001901068049050680390D2E9029A14A800
:10E52000CDF808B000F110089BE85B10454685E87F
:10E530005B107546CDE9169AF14603984FF0000A34
:10E5400059F8084B15900498CB46149092F828007F
:10E550008DF8780004EB440092F82910060104912C
:10E560008DF8791009EB001103915EB10BF11001E8
:10E57000404608F09AFC98B9303E0AF1010A0BF1C6
:10E58000300BF2E7019884422FD214A9039E29226E
:10E5900009F00FFE049886F82900601C286007E047
:10E5A0000AEB4A0014A9302209EB00101FF029FAE7
:10E5B000DDF8089099E80F0019431043084312D082
:10E5C0000098816AB0F840C014AA99E8794002F135
:10E5D000080888E879400420ADF85000ADF852C032
:10E5E00006A806F037FEFF2000E016200599087007
:10E5F00023B009F0CABDF0B503AF2DE9000FABB0F1
:10E600008246886B90F8720340B902AE0D463046E0
:10E6100000F043F89DF83100022803D102208AF867
:10E62000290037E0029906F1100B0191039900913E
:10E63000DDE904891CA99BE85C50183181E85C5035
:10E6400000998DF8A10001201F910199ADF870008B
:10E650009DF830001E918DF8A000B5F84000A96A21
:10E66000CDE92089ADF872000EA81CAA06F0F2FDD3
:10E67000BDF838004FF6FF7188421FBFFF208AF8AF
:10E68000290016208AF8000001BF02A95046302256
:10E690001FF0B7F92BB009F078BDF0B503AF4DF816
:10E6A000048D8D68804601F1100655F8280900EBAD
:10E6B000400004014CB105F14000314608F0F5FB83
:10E6C000303C30350028F5D000E000254046294692
:10E6D0005DF8048BBDE8F04008F08EBA824221BF9D
:10E6E0000B18111A1846704780B56F46114602F094
:10E6F000A9FF824221BF0B18111A1846704780B536
:10E700006F46114602F09EFFF0B503AF2DE9000FF2
:10E710008DB091F8109090462A4B834610220C46FB
:10E720004846FFF7E6FF002219B100F8012B013936
:10E73000FAE7002558462574CDE90155CDE9035582
:10E7400001AE314600F0FFFD0DF1140A314650468E
:10E7500000F0C8FB0BF5B076102D09D00BEB0501CE
:10E76000605D013591F86021504081F86001F3E768
:10E77000B9F1100F07D10020102816D01AF8001098
:10E7800009F02FFEF8E716F8090080F0800006F87F
:10E79000090009AC05A9204600F0A4FB00201028C0
:10E7A00003D0215C09F01DFEF9E75846314600F020
:10E7B000CAFD4046314609F051FD0DB0BDE8000FDD
:10E7C000F0BD00BF4C3E0400F0B503AF2DE9000BD7
:10E7D0009EB08146D0180D46039015F8080B0C46E4
:10E7E000CDE90122DFE810F00D001001A300D900EF
:10E7F0005F0026013001EC00600186004601100038
:10E80000800001A8002101E101AE0B213046F6F79E
:10E81000E5FEC043000640F019820AF04AF800F015
:10E82000158294F87C2009F057FF00F00F8294F8CD
:10E830007D1041700230029095E80F000096E8F7D5
:10E8400099FCC143090640F09B810AF032F800F0C0
:10E85000FD8194F82E100DF1040800F8011B0290C0
:10E8600004F128004146E8F7D3FCC143090640F013
:10E87000878105F110030AF0E4F900F0CA81DDE9AF
:10E880000256B54200F0E281012605F8016B0295BF
:10E89000CDF80080E8F76EFCC143090640F07081B6
:10E8A000DDE90201BBE101A80421F6F797FEC043B0
:10E8B000000640F0CB8101A84FF48071F6F7BCFE52
:10E8C000C043000640F0C281DDE90260801BB0F564
:10E8D000807FC0F0BB81611C30464FF480721FF016
:10E8E00090F806F5807053E1627801A80C21E8F7F2
:10E8F000D3FC42E101A80921F6F770FEC0430006EF
:10E9000040F0A481D4E9022301A8E8F7F3FBC14356
:10E91000090640F03581216904F114000DF1440C21
:10E920000022002401EB41014FEA410E11E101A850
:10E930000221F6F753FEC043000640F08781208A8B
:10E9400001A9E8F7B9FCC143090640F01981D4E9EF
:10E95000022301A8E8F7CEFBC143090640F010816D
:10E96000608A01A9E8F7A8FCC143090640F00881C4
:10E97000A08A01A9E8F7A0FCC143090640F0008184
:10E98000E08A01A9E8F798FCC143090640F0F88045
:10E99000208B01A9E8F790FCEFE001A80321F6F72E
:10E9A0001DFEC043000640F051816078012840F010
:10E9B000B880DDE90201814200F048810121B6E022
:10E9C00001A80721F6F70AFEC043000640F03E8189
:10E9D000666801A83146F6F72FFEC043000640F0F6
:10E9E0003581C6EBC60504F108060DF10408002DBB
:10E9F00000F0D78030464146E7F78EFF073D0736E7
:10EA0000C1430906F3D0BBE001A80121F6F7E6FDFA
:10EA1000C043000640F01A8102980399884200F032
:10EA20001581217A00F8011B6168029001A8E8F7BE
:10EA300097FBA2E001A80521F6F7D0FDC043000630
:10EA400040F00481601C11E001A80621F6F7C6FD24
:10EA5000C043000640F0FA80601C01A9E7F75CFFA4
:10EA6000C143090640F08C8004F1080001A9E7F7D2
:10EA700053FF82E001A80A21F6F7B0FDC04300066B
:10EA800040F0E48009F015FF00F0E080A27809F082
:10EA900023FE00F0DB806178417002300290E01CC0
:10EAA00001A9E8F7B5FB68E001A80821F6F796FD93
:10EAB000C043000640F0CA80A01C01A9E7F72CFF64
:10EAC000C14309065CD104F1090001A9E7F724FF5D
:10EAD000C143090654D104F1100001A9E7F71CFF56
:10EAE000C14309064CD104F1170101A8E8F7E4FA83
:10EAF000C143090644D104F11A0101A8E8F7DCFA80
:10EB0000C14309063CD109F0D4FE00F09F80617F2B
:10EB1000024602F8011B03998A4200F0978061784F
:10EB200054E0DDE90201814200F090800021017093
:10EB300001302DE0302A00F09D800CEB0201B0F88E
:10EB4000036030F8063B0632A1F8076001348D718E
:10EB50008B8096451CBF8578FF2DEBD1119404ADB9
:10EB600011A9342209F050FB049E01A83146F6F7A2
:10EB700063FDC04300062CD00220C143090606D025
:10EB8000811EC9B20B2961D3C1B203205FE0029894
:10EB9000019900295AD0401A4FF0FF32C9E90020EC
:10EBA00057E004F1240001A9E7F7B6FEC1430906C6
:10EBB000E6D194F82B00012824D109F07AFE45D043
:10EBC000012209F089FD41D094F82C1041700230E7
:10EBD000DEE706EB46002C1D01AD460086B120881D
:10EBE0002946E8F769FBC1430906C6D1A01C29469E
:10EBF000E7F7B6FD063E0634C1430906EED0BCE792
:10EC0000FF20BAE709F055FE20D0002100F8011BD3
:10EC1000BEE709F04EFE19D0002200F8012B884211
:10EC200014D094F8311000F8011B94F830100290C1
:10EC300001A8F6F7D3FCC043000607D1A66B01A8D4
:10EC40003146F6F7F9FCC043000605D00020C9E9BB
:10EC500000011EB009F00CBCDDE9020204F13C0128
:10EC6000002E95D09042F1D011F8013B013E00F802
:10EC7000013BF5E702481721024A03F0BFF900BF44
:10EC800025FF03003CFF0300F0B503AF2DE9F80FAB
:10EC900090F8806100F5B87815468946C6F11003F2
:10ECA00083469A4232D9F6B12C484946009001A8D1
:10ECB0002A46F6F765FC2A4B304641461022DDE92C
:10ECC000014ADDE90395FFF714FD264A53460092F9
:10ECD000224604F0E7FE5846414601224FF0010A61
:10ECE000F6F780F925B315F00F064FEA151208BFA5
:10ECF00010264FF0FF3008BF00EB151209EB021A87
:10ED0000BAB158464946F6F76DF912E0104B304655
:10ED100009F078FD0F4B02460C4611462846224664
:10ED2000FFF70BFB0C4A2B4609F01CFB2E440AE0B4
:10ED300000260D4B304641461022FFF7FEFA0B4AE3
:10ED4000334609F0F9FC8BF8806109F0B9B900BFCE
:10ED5000003B0400103B0400203B0400FCFC0300CB
:10ED6000C03A0400D03A0400E03A0400F03A04004B
:10ED700080B56F4609F092FF002818BF012080BDC2
:10ED8000D0B502AF0A4600F5B8710446FFF7BCFCE7
:10ED90000020C4E95800C4E95A0084F88001D0BDBD
:10EDA000F0B503AF2DE9000B0246888A938A1469F7
:10EDB00058400B69634018434FF0000034D1937DF5
:10EDC0008C7D6340DB072FD1D2E9004ED2E9025996
:10EDD000D1E9006CD1E9023848EA09004CEA0E0199
:10EDE00046EA0402084343EA0501114344EA0502E6
:10EDF00008434EEA0901B0FA80F04009114313D0EC
:10EE000046EA03014CEA080211430DD084EA0600E9
:10EE100085EA030108438EEA0C0189EA08021143DE
:10EE20000843B0FA80F0400909F089BDD0B502AFBF
:10EE300004460878DFE800F02D311D1911113D134B
:10EE4000111135113925112111291111111111112A
:10EE5000111111111111111111002070D0BD601C80
:10EE6000013109F0FBF90720F7E7487860700320CB
:10EE7000F3E7487860700220EFE7486860600F2091
:10EE8000EBE7487860700D20E7E748886080112044
:10EE9000E3E7487860700020DFE748786070012081
:10EEA000DBE709F0B0FE0A20D7E709F0ACFE0C2042
:10EEB000D3E709F0A8FE0620CFE780B56F468A6841
:10EEC000930105D4520108D4BDE8804002F0B9BDD9
:10EED0000068BDE8804003F0C2B80068BDE880402B
:10EEE00003F0AEB9F0B503AF2DE9FF070DF1080946
:10EEF000214B804600200C6810224E688D68D1F8A6
:10EF00000CA04946CDE90400CDE902000820FFF736
:10EF100014FA32BA2DBA530024BA43EAD5731BBA95
:10EF20000793630043EAD27212BA0692134A082387
:10EF3000009206AA04F0B6FD87209AFA8AF100EA48
:10EF4000E470082380EA410000BA0790680040EAB4
:10EF5000D170082100BA06900948009009F1080014
:10EF600006AA04F09FFD4046494609F077F908B02B
:10EF7000BDE80007F0BD00BF1047040020470400B3
:10EF800030470400D0E900239A4208D0D0B502AF40
:10EF9000144614F8011B0460BDE8D04000E00421D1
:10EFA000D01AB0FA80F04009704780B56F464168CA
:10EFB00031B10139416082680168531C836000E00F
:10EFC0000021104680BD80B56F460246D0E9001092
:10EFD000814202D0C81D09F035BD002180BD80B539
:10EFE0006F460246D0E90010814203D001F10E00C5
:10EFF00009F028BD002180BDF0B503AF4DF804BD78
:10F000000C460546D0E900012246FAF76FF90E4694
:10F01000F8F784FE306821460130306028465DF8FC
:10F0200004BBF0BDD0B502AF044690423FBF621CA6
:10F0300008461146D0BD0020214602F003FB80B5F2
:10F040006F46134641B149293EBF0130013980BDA9
:10F050000120482202F0F6FA01200021F9E780B5EC
:10F060006F4609F0D2F91F22BDE88040FFF765B96D
:10F0700080B56F4609F0C9F92022BDE88040FFF74E
:10F080005CB980B56F4609F0C0F90522BDE8804043
:10F09000FFF7C8BF02780B789A421CBF0020704768
:10F0A0000131013022B1012A09D10968006801E06B
:10F0B00009880088401AB0FA80F04009704780B58E
:10F0C0006F4609F0EBFD09F0DAB9D4D4D0B502AF40
:10F0D000024600780B7898420BD1431E0120042B86
:10F0E00008D8DFE803F003030708030048785178E5
:10F0F00003E00020D0BD48885188081AB0FA80F09B
:10F100004009D0BDB0B502AF0446D0F800013F2899
:10F1100008D2811CC4F8001154F8205004EB800080
:10F1200041680EE007D120460121D4F8FC50F9F7E0
:10F130001DFB216805E020460221F9F717FBD4E901
:10F1400000512846B0BDD4D4F0B503AF2DE9000B73
:10F15000C2B081460478FF20C84608F8010BFF2C96
:10F1600048D02C48D9F808610068C00544D13068FF
:10F17000002846D14FF0FF303060307C60B1D1E9DB
:10F18000001206F5886003F03CFD6846414640F2F7
:10F1900007121EF036FC1AE0F568414640F20712ED
:10F1A00005EB451006EBC000047619301EF029FC73
:10F1B000681C011F18BF0146B068F160884204BF97
:10F1C0000120307406F5876003F00EFDFF2409F07E
:10F1D000D2FDFF2C07D06946404640F2071289F85D
:10F1E00000401EF00EFCB4F1FF0018BF012042B039
:10F1F00009F0A5BB0A4800E0074803F07BF803F0DC
:10F2000023F9064803F06AF806F06CF803F0CEF92B
:10F2100003F01AF904ED00E0AE000000C3000000A6
:10F220009D000000B0B502AF044631B10D46204646
:10F23000FCF7E2F830B1013DF9D12046BDE8B0401D
:10F24000FCF7DAB80020B0BDB0B502AF044631B16A
:10F250000D462046FCF7E9F830B1013DF9D12046D2
:10F26000BDE8B040FCF7E1B80020B0BDF0B503AF99
:10F270004DF804BD0446234803F00EF8224803F07D
:10F280000BF894F85C0394F85D53DFE800F0030D8D
:10F2900007090500002004E0042002E0022004E049
:10F2A000032003F035F805E0012003F031F828468B
:10F2B00001F044F9B4F8580300F096FFD4F8400385
:10F2C00002F0FEFF1148124EB047124894F86E53F8
:10F2D000B04705F0010003F01BF804F5107006F0CC
:10F2E0001FFE94F85E0301F00DF90B48B04704F5DA
:10F2F0005170FCF749F8002031465DF804BBBDE8C9
:10F30000F040084725020000FE0100001302000043
:10F31000992202000A01000007020000BFB506AFF3
:10F320000A460446002001F5B8716D46CDE9020099
:10F33000CDE9000010462A46FFF7E6F920462946A7
:10F3400008F08CFFBFBD80B56F460A46BDE880401F
:10F3500006F073BD80B56F46F6F73AF8F0B503AF27
:10F360002DE9000F89B0002900F09C801468012964
:10F370005568D3F800A09668D3F80490D3F808E055
:10F38000D3F80C808AEA5403D26823F0AA3B89EAB6
:10F390005503CDF820E023F0AA3C8EEA560323F073
:10F3A000AA3E88EA5203CDF81C8023F0AA3884EAEA
:10F3B0004B0385EA4C04069482EA480284EA9304EB
:10F3C000049224F0CC3586EA4E04059582EA940234
:10F3D00022F0CC3683EA8502039684EA8603029300
:10F3E00083EA121323F0F033019382EA03120260DE
:10F3F0005BD0089B8BEA0A0589EA0C0902298EEA90
:10F400000306079B89EA950288EA030C22F0CC32B6
:10F410008CEA960323F0CC3385EA820586EA8308DA
:10F4200088EA151626F0F03A85EA0A1545603FD9B4
:10F43000DDE905656E40DDE90345032984EA050E33
:10F440008EEA161525F0F03586EA0516866032D06C
:10F4500082EA090283EA0C03042983EA121424F0E5
:10F46000F03482EA0412C26028D9DDE901627240F8
:10F470000261052925D08AEA08020629426123D9BA
:10F48000072985EA0E0282611FBF84EA0301C16178
:10F4900009B0BDE8000F18BFF0BD104A07200721D2
:10F4A00002F016F9114A08F04CFD0F4A08F024FE4C
:10F4B000074A09F0DEF90B4A08F0A3FF054A09F0F4
:10F4C00091F9074A09F096F9034A09F097F900BF44
:10F4D00080190400A0190400C0190400D019040008
:10F4E000B019040090190400701904006019040098
:10F4F000D0B502AF082A28BF08222AB108C9013AAC
:10F500000468634008C0F8E7D0BD80B56F46890045
:10F5100051B10268043982EA121303F00F2382EA20
:10F5200003125A4004C0F3E780BD8A4205D3592A2A
:10F530003EBF00EB8100511A704780B56F4609F05D
:10F540007CFAD4D4F0B503AF2DE9000F8DB0009054
:10F5500005AD0E462021284614461EF0B6F80820B8
:10F5600004F110030290284608212246FFF7F6FE18
:10F570002846314608220496FFF7BAFF05A808215D
:10F5800000F0CEFA0C984FF03F384FF0C03A4FF0F1
:10F59000F0394FF00F3BC4460AEAB00108EAB02246
:10F5A000114481EA000E09EA3E320BEA3E531A4446
:10F5B0000B9B0AEAB30408EAB3252C4463405A4083
:10F5C00051400C9109EA33310BEA335211440A9A43
:10F5D0000AEAB20308EAB2252B445A40514061407E
:10F5E0000B9109EA32310BEA32521144099A0AEAC4
:10F5F000B20408EAB2252819039080EA0204DDE982
:10F600000726614059400A910AEAB20308EAB2208B
:10F610001844DDE9051580EA020809EA38320BEAE8
:10F62000385303EB020B0AEAB5020CEAB52303EBED
:10F63000020985EA090585EA0B034FF00F3B5840A4
:10F6400007900CEAB1230AEAB10018444FF0F03CED
:10F6500041400CEA31330BEA31521A444FF03F3348
:10F6600050400BEA345280EA0E0005900CEA343028
:10F6700003EAB62310440AEAB6021A44039C82EA5B
:10F6800006035840604080EA0E0009900CEA3330CF
:10F690000BEA33531844DFF86C3480EA080050401A
:10F6A0000BEA355280EA0E0008900CEA353010441F
:10F6B0004840029980EA090080EA0E00069001F1B4
:10F6C000080804984246FFF730FF02460B4605A89B
:10F6D00011461A46FFF70CFFB8F1500F00F0848175
:10F6E00005A8DFF82424082190470C984FF0F03E3D
:10F6F0004FF00F3C0EEA30110CEA303211440B9AF5
:10F7000048400EEA32130CEA323423445A4082EA6B
:10F71000304461400C910A990EEA31140CEA3135FB
:10F720002C4484EA010585EA3241099A59400B913B
:10F730000EEA32110CEA323303EB010B8BEA020AB8
:10F740008AEA354363400A9305AE78CE0EEA351156
:10F750000CEA353211440CEA343281EA05090EEA2A
:10F7600034152A44544084EA3945694007910EEA29
:10F7700033110CEA333529440CEA36354B4081EA23
:10F780003341414005910EEA3611294481EA0605CC
:10F7900085EA3A4689EA354586EA0B0669404640DD
:10F7A0004140089183EA3441D84B514008F10802A6
:10F7B0004840069004984146D54C0996CDE9022868
:10F7C000A04702460B460DF1140B11461A46D14BC9
:10F7D00058469847CC4A5846082190470C984FF015
:10F7E000FC3C4FF003384FF0F03A4FF00F3B0CEA7F
:10F7F000B01108EAB032114481EA000E0AEA3E3242
:10F800000BEA3E531A440B9B0CEAB31408EAB335D7
:10F810002C4463405A4051400C910AEA33310BEAC0
:10F82000335211440A9A0CEAB21308EAB2352B4457
:10F830005A40514061400B910AEA32310BEA325290
:10F840001144099A0CEAB21408EAB2352819019059
:10F8500080EA0205DDE90726694059400A910CEA71
:10F86000B21308EAB2301844DDE9051480EA02094F
:10F870000AEA39320BEA395303EB020B0CEAB412F1
:10F8800008EAB43303EB020A84EA0A0484EA0B03AD
:10F890004FF00F3B584007900CEAB11008EAB13323
:10F8A00018444FF0F03C41400CEA31330BEA31523E
:10F8B0001A4408EAB63350400BEA355280EA0E008B
:10F8C00005900CEA3530019D10444FF0FC3202EAFD
:10F8D000B612DDF810801A4482EA060358406840E8
:10F8E00080EA0E0009900CEA33300BEA33531844D7
:10F8F000894B80EA090050400BEA345280EA0E003E
:10F9000008900CEA3430824C10444840029980EA56
:10F910000A0080EA0E000690039800F1100B4046A2
:10F920005A46A04702460B460DF1140A11461A46E4
:10F93000784B50469847744A5046082190470C9996
:10F940000B9ADDF8249081EA3120DDE9075682EA3E
:10F950003223DDE905CE83EA304484EA31210C917B
:10F960000A9981EA312484EA334383EA322289EA1C
:10F97000392383EA34440B9284EA31210A9185EADF
:10F9800035218EEA3E2484EA314282EA352207920A
:10F9900086EA362282EA334381EA324183EA392316
:10F9A00081EA36214340414008918CEA3C21099389
:10F9B00081EA3442594B4FEA314182EA3E2281EAE0
:10F9C0003C2142404840059003985946069200F178
:10F9D00018024F4C40460292A04708F025FF1A46F5
:10F9E0004C4B50469847C9E505AC08212046FFF727
:10F9F0008CFD2046082100F093F80498082200F5B9
:10FA0000A0712046FFF774FD0598DDE90631089CDA
:10FA100083EA5002049022F0AA30DDE909A680EAC8
:10FA2000030884EA510323F0AA39039184EA090404
:10FA3000029084EA980525F0CC3186EA5A0525F033
:10FA4000AA3B81EA04028BEA0603DDE90B6484EA3F
:10FA5000560525F0AA356C4084EA930C2CF0CC3086
:10FA6000DDF800C0444084EA121E2EF0F03E84EA25
:10FA70000E04CCF81C4088EA810483EA800181EA04
:10FA8000141323F0F0335940CCF8181082EA0E1109
:10FA900084EA0310CCF814108AEA4B03029986EA30
:10FAA0004504CCF8100084EA9305049825F0CC3581
:10FAB0006C4080EA4100039981EA490181EA9002A1
:10FAC00022F0CC32514080EA820083EA850284EA47
:10FAD000111682EA101326F0F03623F0F03374404A
:10FAE0005A4081EA061180EA0310CCF80C40CCF8A9
:10FAF0000820CCF80410CCF800000DB0BDE8000FD1
:10FB0000F0BD00BF2018040021FB010030180400E4
:10FB10002BF50100F1F40100401804005018040016
:10FB2000F0B503AF2DE9000F93B0002900F0668116
:10FB3000012900F06681022940F26681032900F064
:10FB40006681042940F26681052900F06681062954
:10FB500040F2668107291FBF8146D0F80080CDF8AA
:10FB60003C8045681FBF0D9500F1080416CC00F1DC
:10FB7000140C1FBF9CE8081884EA0100119085EA64
:10FB80000C051FBF109585EA00060C9686EA020E4A
:10FB90001FBF8EEA0100129000EA060505951FBFFF
:10FBA00083EA0B030993584007901FBF8CEA0102B8
:10FBB00083EA080A8AEA04010E911FBF01EA0806D7
:10FBC0005640464086EA05081FBF8EEA0B058CEAC0
:10FBD0000403089385EA030E1FBF0EEA030B00EA35
:10FBE000020613460A921FBF86EA0B01049188EAB7
:10FBF00001080D991FBF8AEA010282EA03010691FA
:10FC00000D921FBF0F9B129C5C400B941FBF04EA18
:10FC1000010685EA0601059C61401FBF80EA0E04CB
:10FC20000394119804EA00061FBF86EA0B0481EAD8
:10FC3000040B8BEA080002EA0A061FBF09998EEA44
:10FC4000010585EA060210991FBF05EA0106724008
:10FC50004A4062401FBF02EA0B018EEA0304099486
:10FC60008AEA0C031FBF05931C406C4074401FBF01
:10FC700084EA0C03049C5C4084EA01061FBF06EA88
:10FC8000000383EA080B84EA020C81EA08031FBF21
:10FC900003EA0C03594021404E401FBF06EA0B0601
:10FCA0007040009000EA0A0C1FBF80EA0B06019624
:10FCB000354004951FBF85EA0C08CDF8088083EA1B
:10FCC000040A81EA020C1FBF8CEA0A0480EA0406D7
:10FCD0008BEA0A0286EA02011FBF039D0D4085EAF6
:10FCE000080003901FBF02EA0E0580EA0503119D7C
:10FCF00029401FBF089D2A4081EA020ECDF844E04A
:10FD00001FBF069904EA01058EEA050008901FBF8F
:10FD10000C9901EA0C0180EA010E8EEA03081FBF6C
:10FD2000C9F81C80079906EA01080F991FBF01EA6C
:10FD30000A01129D0CEA050C8CEA01001FBF0F900E
:10FD400088EA0001109D01981FBF28401290414091
:10FD500003981FBF48401090059901EA0B011FBF8F
:10FD60004140DDF8288006EA080672401FBF1D46A4
:10FD70005A404A40C9F814201FBF0B9A224082EA19
:10FD80000C02029C1FBF624082EA0E02C9F81020DA
:10FD90000E9C1FBF0AEA04030898434059401FBF46
:10FDA000C9F80810099901EA0B010F981FBF4140DB
:10FDB000049B59400D9B1FBF00980340119843407E
:10FDC0001FBF4B40109883EA0004C9F804401FBFCE
:10FDD00012984340C9F8003082EA05031FBFC9F8F2
:10FDE00018305140C9F80C1013B01CBFBDE8000F0B
:10FDF000F0BD104A0720072101F06AFC114A08F003
:10FE0000A0F80F4A08F078F9074A08F032FD0B4ACB
:10FE100008F0F7FA054A08F0E5FC074A08F0EAFCA2
:10FE2000034A08F0EBFC00BF001A0400201A04008B
:10FE3000401A0400501A0400301A0400101A04007A
:10FE4000F0190400E0190400F0B503AF2DE9000F2C
:10FE5000DDB00DF1140A0C4601904FF4B07150461C
:10FE60001DF033FC5046082122462346FFF776FA60
:10FE70000AF1200E00200F264FF0FC354FF0F0392C
:10FE80004FF0C0384FF0000B0A2800F09A800BF1B9
:10FE90000801441C0490002010F1080208D0572EDD
:10FEA00000F2E7800AEB80030138DA69DA63F3E7EE
:10FEB000784B0BF11002CDE9024E05A8044600F084
:10FEC00009F9FFF72DFE20460BF11004724B08F0E4
:10FED000C7F800F00BF90498082809D222460BF164
:10FEE0000804734B05A8214600F0F4F8049A34E0A6
:10FEF0006A4B05A808F0B4F802460498083888420E
:10FF000080F0C28052F82010664B08F02AFE05A847
:10FF100008F0A6F8024604980738884280F0B480BA
:10FF200052F82010604B08F01CFE05A808F098F865
:10FF3000024604980538884280F0A68052F82010C6
:10FF40000BF10804594B08F00CFE05A80BF1100248
:10FF5000214600F0BFF8049A043A8A4280F0938068
:10FF600050F82210A446DDF80CE081F4404140F83E
:10FF700022100021724608291BD00BEB0100B0F1C2
:10FF8000580379D0B0F1500378D010684FF00333A4
:10FF9000013103EAB03052F8203C584005EA8003B2
:10FFA00009EA0014634008EA80146340584001C223
:10FFB000E1E70EF1200E0AF1200A08360298E34626
:10FFC00062E74FF0020808250DF1140BDFF8F090FE
:10FFD0003E4CB8F1000F2ED005F10806374B5846BD
:10FFE00029463246C84700F0ADF805F1100A354BF6
:10FFF000584631465246C847FFF787FA324B05F15B
:020000022000DC
:10000000180258465146C847890081B10268043930
:1000100082EA1213234082EA03125A4082EA9203D0
:1000200003F0332382EA83025A4004C0EDE7A8F1CB
:1000300001082035CDE70BF59070082100F082F81B
:10004000234E1025602D0AD0A5F1080158462A46F6
:10005000334600F03FF800F049F80835F2E705A90B
:1000600001984FF4B0721DF027FC5DB0BDE8000FA1
:10007000F0BD074A304403E00F4A01E00D4A083062
:10008000582101F025FB1046054A01F021FB00BF75
:10009000F0170400E0180400F01804000019040030
:1000A000501904001019040020190400301904002C
:1000B000401904001018040000180400B0180400CF
:1000C000D5000200C0180400D018040000030F0C73
:1000D000A01804008A4205D3592A3EBF00EB8100D4
:1000E000511A704780B56F4608F0A7FC80B56F467F
:1000F000A9B10268D2430129026013D04268D243F9
:100100000529426011D94269D243062942611FBFC5
:100110008169C943816180BD074A08F06FFB084AC5
:1001200007F00FFF054A07F0E7FF024A052001F03C
:10013000CFFA00BF80180400901804007018040063
:1001400060180400D0B502AF0A4A890081B1036883
:10015000043983EA1314144083EA0413634083EAE6
:10016000930404F0332483EA8403634008C0EDE77A
:10017000D0BD00BF000C0F03D0B502AF0446044849
:1001800002F08AF82046BDE8D04002F085B800BFF2
:1001900003000000B0B502AF0546044808F066FB56
:1001A00028462146BDE8B04002F07FB806000000B6
:1001B000D0B502AF0446044802F06EF82046102184
:1001C000BDE8D04000F012BB0F000000D0B502AF78
:1001D0000446044802F060F820460621BDE8D040FD
:1001E00000F004BB08000000D0B502AF044604488C
:1001F00002F052F82046BDE8D040FFF7BDBF00BF77
:100200000B010000B0B502AF0446764802F044F896
:100210004FF0FF3050FA84F1472900F253807248C2
:10022000DFE811F0D90048008400A000A4008A0093
:1002300092009400AC00A80076008C0080006E0054
:1002400098009A00B200AE006A008200B8006C000C
:100250007E0074008E007000C400C2007A00860028
:100260009E008800CC007800B000CA006600A6009E
:10027000640062007C0090005000B6004C006800F2
:100280009600A2005000CE0050009C0060004E007E
:10029000D400C8005E00AA00B4005C00C000BA0030
:1002A0005000D800D200D600BC00BE007200C600CC
:1002B0004A00D0008F488EE04D488CE063488AE0C9
:1002C0005B4888E08C488D4DA8474648A8478C4835
:1002D000A847204602F01CF800207CE04E487AE057
:1002E000504878E0534876E05C4874E05C4872E03F
:1002F0005D4870E054486EE06D486CE069486AE023
:10030000704868E0634866E03B4864E0634862E048
:100310006F4860E057485EE05B485CE04E485AE05A
:100320005F4858E0684856E0604854E0704852E042
:10033000544850E051484EE06A484CE063484AE077
:10034000554848E0434846E0654844E0634842E099
:100350003C4840E05A483EE058483CE036483AE0E5
:10036000474838E0614836E0354834E05E4832E0DE
:100370003C4830E057482EE029482CE056482AE017
:100380004C4828E03A4826E04B4824E0234822E045
:100390002F4820E044481EE01D481CE018481AE0A1
:1003A000164818E01B4816E0384814E0384812E0B8
:1003B000104810E01C480EE02C480CE02E480AE0E3
:1003C0001E4808E0094806E00F4804E0174802E02C
:1003D0000C4800E00D4801F05FFF0020BDE8B04090
:1003E00001F05ABF140000004F0100002701000077
:1003F000490100004A010000330100003101000002
:100400002E0100004D0100004B010000130100000F
:10041000170100001E010000100100004C01000047
:10042000200100001B010000250100004601000022
:1004300023010000410100003F01000042010000D3
:1004400037010000280100001201000038010000FF
:1004500039010000210100003601000026010000E2
:100460003E0100002F010000220100002C010000CD
:100470002B0100002D01000040010000540100008C
:10048000520100002A010000430100004401000065
:100490004501000055010000500100003501000039
:1004A0003D0100001D0100003B0100003A01000079
:1004B0003C0100002901000053010000150100006B
:1004C0001C010000190100001A01000014010000C5
:1004D0001601000048010000180100001F01000083
:1004E0003001000032010000110100003401000061
:1004F000240100004E010000510100009922020079
:100500005D010000D0B502AF0446044801F0C4FE0E
:100510002046BDE8D04001F0FBBE00BF1500000042
:10052000D0B502AF0446044801F0B6FE2046BDE84F
:10053000D04001F06FBF00BF05000000D0B502AF92
:100540000446134801F0A8FE6FF0120050FA84F040
:10055000072807D8DFE800F00414101A1A1A1A1234
:1005600012480EE0E0B2052804D0292814BF0A483A
:100570000A4806E0074804E00A4802E0084800E0AC
:1005800009480078BDE8D04001F0C2BEFEDE00BFE1
:100590000901000014E40300BA450400B945040051
:1005A000B8450400C83C0400F03B04007C3A040059
:1005B000D0B502AF0446074801F06EFE60B20649AE
:1005C00001EB800050F8040C0078BDE8D04001F049
:1005D0009FBE00BF0F010000044D0400D0B502AF64
:1005E0009A4221BFD21ACC1880E81A00C26028BFF4
:1005F000D0BDBA681321014800F06EF9F13B040048
:10060000D0B502AF86B00446022A02D200200021F3
:100610000CE008480223009002A8FFF7DFFF029ACF
:10062000DDE90410A060107852786270616020707B
:1006300006B0D0BDA01A0400D0B502AF86B0044603
:10064000062A02D2002020700DE008480623009000
:1006500002A8FFF7C3FF0299DDE90402E2608A887D
:100660000968C4E90012A06006B0D0BDA01A040059
:10067000D0B502AF86B004465AB1094801230090B4
:1006800002A8FFF7ABFF0298DDE904120078A26030
:1006900001E0002000216160207006B0D0BD00BFE5
:1006A000A01A04006FF31F30B0F5706F38BF7047A9
:1006B00080B56F46024801F01DFE01F0C5FE00BF87
:1006C00099000000D0B502AF86B00446022A02D2DB
:1006D000002020700BE007480223009002A8FFF7DB
:1006E0007DFF0299DDE904020988A2602180606033
:1006F00006B0D0BDA01A0400D0B502AF86B0044643
:100700006AB10878013804280BD208480123009008
:1007100002A8FFF763FF07F0D8FD207004E0002077
:1007200001E04FF48070208006B0D0BDA01A040014
:10073000D0B502AF86B0044662B1087808280BD263
:1007400008480123009002A8FFF748FF07F0BDFD0D
:10075000207004E0FF2001E040F2FF10208006B08E
:10076000D0BD00BFA01A0400D0B502AF86B00446C9
:1007700072B1087802280DD209480123009002A81E
:10078000FFF72CFF07F0A1FD00F00100207004E04E
:10079000022001E04FF48170208006B0D0BD00BF80
:1007A000A01A0400D0B502AF86B00446082A02D2CF
:1007B000002020700DE008480823009002A8FFF7F1
:1007C0000DFF0299DDE90402E2600A684968C4E9A4
:1007D0000021A06006B0D0BDA01A040080B56F460D
:1007E0000078BDE8804001F0A8BCD4D4B0B502AF19
:1007F0000546054808F03AF82CB115F8010B01F050
:1008000087FD013CF8E7B0BD1500000080B56F46DC
:100810008A680068930105D4520108D4BDE880407D
:1008200001F00FB90068BDE8804001F018BC006815
:10083000BDE8804001F004BD80B56F4690B0104B1C
:100840000792164ACDE90003022005900D48049056
:100850000D4806900D48CDE902130F9002A9CDE98D
:100860000D0168460C900A480B9006A80A900948AA
:10087000099004A8089008A9074800F02DF800BFC7
:1008800050FE03001F2C04006EE40300C9080200A0
:10089000B5080200A10802001CDF0300C004040028
:1008A00080B56F460B46D0E900121846BDE880407F
:1008B00000F0A4B880B56F46D0E90023D1E900016B
:1008C000BDE8804000F016B880B56F46D0E9000260
:1008D000D268BDE88040104780B56F4686B0CDE94C
:1008E00001010120ADF8140001A8039003A80492AF
:1008F00003F09EF8F0B503AF2DE9000F85B0064672
:100900009B468A46D80764D115780020002D70D008
:10091000DAF80C904FF0000802E01578002D67D04F
:10092000541C68B2B0F1FF3F07DD304621462A462D
:10093000C84700285AD16219EFE7802D09D0C02D91
:1009400012D15BF83800002104912021C6F2000189
:1009500031E0B2F80140D51C304629462246C8474E
:10096000002843D12A19D8E7E80703D12021C6F28D
:10097000000102E0D2F80110541DA8074CBF34F862
:10098000022B002268074CBF34F8023B00232807E3
:1009900048BF34F8028BE80644BF0BEBC2008288E4
:1009A000A80644BF0BEBC30083885BF83800ADF8A2
:1009B0001230ADF8102003910BEBC801CDF808A060
:1009C0004A6801A90196904780B908F101082246BA
:1009D000A3E74FEA5B031146DAF80CC030461A462B
:1009E00005B0BDE8000FBDE8F0406047012000E021
:1009F000002005B0BDE8000FF0BDD4D4F0B503AFC2
:100A00002DE9000F83B0D0F80890934619F0C05F2D
:100A100000F0FA805FEAC90213D4BBF1100F33D2A1
:100A2000BBF1000F67D04A1E4FF0000C5B4612F975
:100A3000016F16F1410FC8BF0CF1010C013BF6D15B
:100A4000D1E0B0F80EC0BCF1000F2CD001EB0B03CD
:100A50004FF0000B0D46624609E0EF2D4FF0030505
:100A600088BF04253544AE1B013AB3441DD09D42D6
:100A70001CD02E4615F9014BB4F1FF3FF3DCE5B273
:100A8000E02DEAD2B51CEEE7CA1CCDF8049022F0A6
:100A90000308B1EB08060BEB060C0CF0030208D1BF
:100AA0004FF0000E11E04FF0000B0022ACEB020CF7
:100AB00099E04C1E4FF0000E14F9013F13F1410F65
:100AC000C8BF0EF1010E0136F6D34FEA9C09009023
:100AD000A2B14FF6FC73C7F6FF7303EA0C0343445D
:100AE0005E1E002316F9015F15F1410FC8BF0133E7
:100AF000013AF7D103E04FF0000C74E0002303EB60
:100B00000E0C029110E000233FFA83F03FFA93F1BC
:100B10000844A9EB0A090EEB8A081AF0030600EB59
:100B200000400CEB104C3CD1B9F1000F36D0B9F1BC
:100B3000C00FCA4628BF4FF0C00A4FF47C7010EABD
:100B40008A03C646DFD00EEB0308AEF11005002382
:100B500055F8104FD5E90110E643EA68F60946EA70
:100B6000941424F0FE342344CC43E40944EA911164
:100B700021F0FE311944C343DB0943EA901020F011
:100B8000FE300844D143C90941EA921121F0FE31F7
:100B90000B1805F110004045DAD1B5E7DDF80490F7
:100BA0001FE06FF00C00DDF8049000EA8A00B60048
:100BB00070440022031F53F8040F043E6FEA000143
:100BC0004FEAD11141EA901020F0FE300244F2D1F8
:100BD0003FFA82F03FFA92F1084400EB00400CEB40
:100BE000104C02990098828994450DD20291C9F364
:100BF0004171A2EB0C0A6FF35F590026DFE801F0A8
:100C000011020E1156460CE0D0E90002D3685A4694
:100C100003B0BDE8000FBDE8F04018471FFA8AF1A5
:100C20004E08D0E900544FF00008B0B21FFA88F126
:100C3000814208D2226928464946904708F10108B6
:100C40000028F2D014E002992846E3685A469847F3
:100C500070B9AAEB060000261FFA80F8B0B2404532
:100C60000BD2226928464946904701360028F5D024
:100C7000012003B0BDE8000FF0BD0020F9E7F0B59A
:100C800003AF2DE9000F85B00D46016840F2001E4C
:100C900002914168934680684FF000080490C0F2CA
:100CA000011E4FF0000A002001911AE006EB090036
:100CB00010F8010C0A38B0FA80F04009019B354663
:100CC00006EB0801049EA9EB0802DB68307002986D
:100CD00098470028039840F2001EA046C0F2011E6B
:100CE0007CD1C00778D12E46D3455DD3ABEB0A014A
:100CF00006EB0A00072909D8D3454FD00023C25C70
:100D00000A2A3DD001339942F9D147E0C21CB446CA
:100D100022F00302121A03D1A1F1080300220AE013
:100D20000023C65C0A2E2AD001339A42F9D1A1F1E0
:100D300008039A4213D8865885186D6886F00A34DD
:100D4000AEEB0404264385F00A34AEEB04042543DD
:100D50002E40F64316F0803F01D10832E9E7914278
:100D600020D0ABEB02038118A3EB0A060023CD5C75
:100D70000A2D03D001339E42F9D113E01344664695
:100D80000AEB030101F1010A5945ADD2C05C0A2802
:100D9000AAD100205446D14603900BE0DA46C34561
:100DA00004D119E0DA466646C34515D00120444611
:100DB0000390D9460498007848B101984FF6CC7159
:100DC000C0F203010422C3680298984730B9C145B4
:100DD0007FF46CAF002071E7002000E0012005B037
:100DE000BDE8000FF0BDF0B503AF4DF8048D856888
:100DF000D0E90046287878B14FF6CC72F368C0F29B
:100E0000030288461146204604229847414618B1FD
:100E100001205DF8048BF0BDA1F10A003269B0FA3F
:100E200080F04009287020465DF8048BBDE8F04052
:100E3000104780B56F4613460A4642F6CC31C0F2E1
:100E40000401BDE88040FFF755BDD4D4F0B503AF31
:100E50002DE9000F87B086681C46D7E902CA4FF01B
:100E60002B0B16F400154FF0010308BF4FF0FF3BAA
:100E7000002918BF6B0D03EB0A0808BF4FF02D0BBC
:100E8000310202D40021069112E023465CB1541EC7
:100E900000219E4614F9015F15F1410FC8BF0131D1
:100EA000013BF7D101E09E4600218844744606923A
:100EB000B0F80C90C84511D2F101CDE904CA23D491
:100EC000C6F34171A9EB08036FF35F564FF00009B9
:100ED000DFE801F051024E0299464CE0D0E900569D
:100EE0005A4600943146069BE046284600F080F8BA
:100EF000002864D1F36828464146524607B0BDE851
:100F0000000FBDE8F0401847D0E902515A46D0E939
:100F100000A602910021C9F6E0710390294041F03A
:100F2000005141F03001816000945046069B3146EB
:100F300000F05EF8002842D1A9EB0800AB4600247F
:100F400085B2A0B2A84207D23269504630219047FC
:100F500001340028F5D032E0DDE904125046F36890
:100F6000984760BBDDE90210C0E902B1002027E02C
:100F700099B24FEA5109D0E900584FF0000A0393A3
:100F80001FFA89F01FFA8AF1814209D2D8F810209D
:100F90002846314690470AF1010A0028F0D00EE0B9
:100FA00000942846069B41465A4600F021F830B985
:100FB000DDE904122846D8F80C30984720B101200A
:100FC00007B0BDE8000FF0BD03980024A0EB0900B6
:100FD0001FFA80F9A0B24845C8D2D8F81020284698
:100FE000314690470134014601200029F2D0E7E75D
:100FF000F0B503AF4DF8048DD7F8088006461C46BF
:101000000D46501C08D02B6930461146984718B140
:1010100001205DF8048BF0BD44B1EB6830462146F9
:1010200042465DF8048BBDE8F040184700205DF8AB
:10103000048BF0BD272919D8DFE801F0141E1E1E0D
:101040001E1E1E1E1E92841E1E8E1E1E1E1E1E1E76
:101050001E1E1E1E1E1E1E1E1E1E1E1E1E1E961E38
:101060001E1E1E88002143F25C0289E05C2903D128
:10107000002145F65C4283E0A1F120035F2B78D389
:10108000F0B503AF4DF804BD84B0202924BFA1F111
:101090007F03212B0AD3A1F56043B3F5C85F22BFBC
:1010A000A1F570234FF6FE76B34272D241F2184397
:1010B0000A0DC0F20403C1F303459E5C01F00F0268
:1010C00013F805E013F802C0C1F30322C1F303349F
:1010D000C1F303159A5C41F001011C5D5B5D8DF865
:1010E0000A20B1FA81F28DF80B3001AB00258DF8A2
:1010F000076091087B268DF80650ADF804508DF8F6
:1011000009408DF808E05E546FF0010101EB920197
:101110005C2603EB92025E5475237D2602F8013CA7
:10112000DDE901238DF80D608DF80CC0BDF80C6071
:10113000C0E900230A22068104B05DF804BBBDE8C3
:10114000F04023E0002146F65C6219E0D20510D59C
:10115000002142F25C7213E0002147F25C220FE0B2
:10116000002147F25C420BE022F07F42B2F5803F63
:1011700003D201608122802108E0002142F25C223A
:10118000C0F80610C0F802100280022242730173F8
:10119000704720298AD0A1F58013B342FFF486AFAF
:1011A00085290ED2044608460D4600F040F9024655
:1011B00029462046002A3FF479AF01608122802130
:1011C000BAE7044608460D46164600F02AF80246DD
:1011D00029462046002A7FF469AFB1F5407F0BD342
:1011E000F20709D0084600F04DF80246294620468D
:1011F000002A7FF45BAF01E0AC29D3D9084600F0A8
:10120000B6F8024629462046002A7FF44FAF08462A
:1012100000F040F9024629462046002A7FF446AFF6
:10122000C0E780B56F46020A014600201F2A05DC90
:101230007AB1162A1CD1A1F5B45006E0202A18D0A4
:10124000302A18BF80BDA1F54050B0FA80F04009A7
:1012500080BD6FF084006FF09F0250FA81F052FA67
:1012600081F1B0FA80F0B1FA81F1400949090843EF
:1012700080BDC8B243F25811C0F20401085CC0F34B
:10128000400080BD80B56F4640F6AB62102142F64B
:10129000886EC0F20102904238BF002101F1080CB3
:1012A000C0F2040E00225EF82C30DB02B3EBC02F3C
:1012B00098BF614601F1040C5EF82C30DB02B3EB01
:1012C000C02F98BF614601F1020C5EF82C30DB02A2
:1012D000B3EBC02F98BF614601F1010C5EF82C30D2
:1012E000DB02B3EBC02F98BF614601F1010C5EF841
:1012F0002C30DB02B3EBC02F98BF61465EF8213083
:101300004FEAC32CBCEBC02F38BF0122C3029C455F
:1013100008BF013253181F2B5EF823100EEB830E0B
:101320004FEA515106D8DEF804204FEA525C1BB94F
:10133000002305E040F2FF2C5EF8043C6FF35F539E
:10134000CA4312EB0C020FD0C01AACF1010E42F6E8
:101350006C0C0023C0F2040C1CF8012013448342DF
:1013600002D801318E45F7D101F0010080BD80B572
:101370006F46062142F60C7EB0F57E4F38BF002145
:1013800001F1030CC0F2040E00225EF82C30DB02E7
:10139000B3EBC02F98BF614601F1010C5EF82C3011
:1013A000DB02B3EBC02F98BF614601F1010C5EF880
:1013B0002C30DB02B3EBC02F98BF61465EF82130C2
:1013C0004FEAC32CBCEBC02F38BF0122C3029C459F
:1013D00008BF013253180A2B5EF823100EEB830E60
:1013E0004FEA515106D8DEF804204FEA525C1BB98F
:1013F000002305E04FF0230C5EF8043C6FF35F53CD
:10140000CA4312EB0C020FD0C01AACF1010E42F627
:101410006B3C0023C0F2040C1CF8012013448342EF
:1014200002D801318E45F7D101F0010080BDB0F541
:101430005E7F3CBF0120704701464FF6FE70C0F250
:101440000300814207D280B56F46084600F085F858
:1014500080F0010080BD01220120C0F20E02914205
:1014600008BF704701F1FF2202F5710202F1E003AB
:10147000602B07D3F02A22BFA1F570234FF6FE722E
:10148000934200D27047A1F580110020914238BFED
:101490000120704780B56F4641F2BD02052142F63A
:1014A0003C7EC0F20102904238BF002101F1030CE2
:1014B000C0F2040E00225EF82C30DB02B3EBC02F2A
:1014C00098BF614601F1010C5EF82C30DB02B3EBF2
:1014D000C02F98BF614601F1010C5EF82C30DB0291
:1014E000B3EBC02F98BF61465EF821304FEAC32CA2
:1014F000BCEBC02F38BF0122C3029C4508BF01329C
:101500005318092B5EF823100EEB830E4FEA51514E
:1015100006D8DEF804204FEA525C1BB9002305E030
:101520004FF02B0C5EF8043C6FF35F53CA4312EB91
:101530000C020FD0C01AACF1010E42F68E3C002313
:10154000C0F2040C1CF801201344834202D801317C
:101550008E45F7D101F0010080BD80B56F464BF29A
:10156000FC221B2142F6B05EC0F20102904238BF5D
:10157000002101F10D0CC0F2040E00225EF82C30A7
:10158000DB02B3EBC02F98BF614601F1070C5EF898
:101590002C30DB02B3EBC02F98BF614601F1030C86
:1015A0005EF82C30DB02B3EBC02F98BF614601F12F
:1015B000020C5EF82C30DB02B3EBC02F98BF614603
:1015C00001F1010C5EF82C30DB02B3EBC02F98BFA9
:1015D00061465EF821304FEAC32CBCEBC02F38BF08
:1015E0000122C3029C4508BF01325318342B5EF818
:1015F00023100EEB830E4FEA515106D8DEF804207B
:101600004FEA525C1BB9002305E040F2B55C5EF87E
:10161000043C6FF35F53CA4312EB0C020FD0C01AA5
:10162000ACF1010E42F2B72C0023C0F2040C1CF8FE
:1016300001201344834202D801318E45F7D101F0D5
:10164000010080BD80B56F4686B0904210D9CDE9CB
:10165000000241F6432001A9C0F202000590CDE945
:101660000301684602904FF26C10C0F2030024E0C0
:10167000914212D8884210D9CDE9000141F64320A9
:1016800001A9C0F202000590CDE90301684602906D
:101690004EF6DC10C0F203000FE041F64320CDE926
:1016A0000012C0F2020001A9059003906846029062
:1016B0004EF6E3700491C0F2030002A91A46FFF748
:1016C0000BF980B56F4649000131FFF705F9D4D415
:1016D000FEB506AFCDE90001694605480590CDE9A4
:1016E000030101A8029002A90248FFF7F5F800BF24
:1016F000431A020066EB0300F0B503AF2DE9000FBB
:1017000089B09846034600794FF0010900284FF050
:1017100001006CD11D689A46D7F808B05B79A87AA9
:1017200000062DD40C4642F6B931934642F6BC323F
:10173000C0F20401D5E90006C0F20402002B18BF74
:101740001146F3684FF0030218BF022298470028A1
:101750004BD1D5E900015A46CB682146984700286D
:1017600043D1D5E900010222CB6842F6BE31C0F276
:1017700004019847C8BBBA6840462946904735E0FF
:1017800073B9D5E9000342F6C036DB68C0F204063F
:101790000C4631461646032298472146324620BB66
:1017A0000120D5E9003607F82D0CA7F12D00039094
:1017B00042F6CC30C0F20400D5E90245069001A8FB
:1017C0000590CDE90745CDE90136FFF758FA60B934
:1017D00042F6BE3101A8C0F204010222FFF74FFA1F
:1017E00018B905A94046D84748B101205346187199
:1017F000184683F8059009B0BDE8000FF0BDDDE99B
:1018000005010222CB6842F6C331C0F204019847B9
:10181000ECE7014600794A79002A08BF704710B109
:10182000012008717047D0B502AF08680C46817A74
:10183000090608D4D0E900010222CB6842F6C7317C
:10184000C0F2040107E0D0E900010122CB6843F6B1
:10185000D811C0F2040198472146BDE8D040087174
:101860007047F0B503AF2DE9000788B0D0E9004517
:101870000646D5F80CA098462046D04720B1012056
:1018800008B0BDE80007F0BDB07AD7F808900006B0
:1018900015D443F69F112046C0F204010122012510
:1018A000D047014628460029EAD140463146C8477C
:1018B0000028E4D1D6E90040D0F80CA02CE042F694
:1018C000C5312046C0F204010222D0470146012062
:1018D0000029D5D1A7F1290142F6CC3207F8290C0D
:1018E000C0F20402CDE90151D6E90201CDE90601B9
:1018F00004A905926A46404600940492C84700280D
:10190000BDD1DDE904010222CB6842F6C331C0F249
:10191000040198470028B2D143F6A0112046C0F236
:1019200004010122D047ABE7B0B502AF84B01C463A
:101930000546D0E90003DB68984707F1080C002151
:101940008DF80C0002A89CE80C108DF80D102146B3
:101950000295CDF800C0FFF7CFFE9DF80D209DF851
:101960000C10012A42EA010008BF5FEAC17115D1DB
:101970000298817A090608D4D0E900010222CB68D6
:1019800042F6C731C0F2040107E0D0E900010122AC
:10199000CB6843F6D811C0F20401984700F001006B
:1019A00004B0B0BDB0B502AF84B01C460546D0E966
:1019B0000003DB6898478DF80C004EF6BB600021F1
:1019C000C0F201008DF80D1041F23051009002A8D4
:1019D000C0F20401082223460295FFF78DFE40F66F
:1019E0000D01BB68C0F202010622009141F24C5188
:1019F000C0F20401FFF780FE9DF80D209DF80C1049
:101A0000012A42EA010008BF5FEAC17115D10298BC
:101A1000817A090608D4D0E900010222CB6842F697
:101A2000C731C0F2040107E0D0E900010122CB6810
:101A300043F6D811C0F20401984700F0010004B049
:101A4000B0BDF0B503AF2DE9000F87B0046842F6D2
:101A500021400D46C0F20400B4F57A7F38D349F234
:101A60007F68A7F1260E002342F2107941F27B4AEB
:101A70004FF0640BC0F298082146039502940A4681
:101A800041F25971CDF2B7110EEB0304A2FB01161E
:101A9000043B42454FEA563101FB19261FFA86FCEA
:101AA0004FEA9C0505FB0AF54FEA554505FB1B6609
:101AB00030F81550E580B6B230F816602681DED8D1
:101AC000DDE902450A33092906D80A46ACB915E012
:101AD0000A2321460929F8D98AB241F27B469208A5
:101AE000023B72436426520C02FB1611A7F1260634
:101AF00089B230F81110F15204B132B100EB42005A
:101B0000013BA7F126014078C854A7F12601C3F193
:101B10000A0019440122CDE90010284601210023C2
:101B2000FFF794F907B0BDE8000FF0BD80B56F4630
:101B300082B0D7F808C0CDF800C000F000F880B53A
:101B40006F468EB09446BA688C45CDE902C30491C5
:101B500000F22A818B423AD89C4500F23681BCF1D2
:101B6000000F06D08C4504D210F90CE01EF1410F95
:101B70003EDD63B38B422AD210F903C01CF1410F42
:101B800025DCA3F1010C10F90CE01EF1410F08DC7B
:101B9000A3F1020C10F90CE01EF1410FD8BFA3F124
:101BA000030C994200F0F98010F903E01EF1410F97
:101BB00003DC01338B42F4D30B469C45CDE905C3CE
:101BC00098BF8B423CD900926246FFF7AFFF41F6C7
:101BD000432004A9C0F202000A910B9008A90990C1
:101BE00003A808904FF60900C0F20300FEF774FE48
:101BF000ACF1010E10F90E3013F1410F08DCACF11D
:101C0000020E10F90E3013F1410FD8BFACF1030EE4
:101C1000614500F0C28010F90C3013F1410F04DC73
:101C20000CF1010C8C45F3D38C46E645CDE905EC6F
:101C300098BF8C4537D9009272466346FFF776FF0E
:101C40008C450ED0BCF1000F04D010F90CE01EF151
:101C5000410FB8DD8B4204D010F903E01EF1410FB3
:101C6000B1DD9C4532D000EB0C0191F90030B3F1AD
:101C7000FF3FD8B255DC4B7800F01F0CE02803F092
:101C80003F0E46D38B78F02803F03F0343EA8E13D0
:101C900045D3C8780CF0070100F03F0040EA8310FC
:101CA00040EA81403DE08E450ED0BEF1000F04D0E9
:101CB00010F90E3013F1410FBDDD8C4504D010F941
:101CC0000C3013F1410FB6DDE64502D1104600F0AD
:101CD0004FF900EB0E0191F90030B3F1FF3FD8B29C
:101CE0003EDC4B7800F01F0CE02803F03F0E13D3CE
:101CF0008B78F02803F03F0343EA8E132ED3C87885
:101D00000CF0070100F03F0040EA831040EA8140F8
:101D100026E04EEA8C1004E04EEA8C1020E043EA04
:101D20000C30079041F64F60C0F2020008A90D90F8
:101D300005A80C9041F6ED50C0F202000B9007A8E8
:101D40000A9041F64320C0F20200099003A80890CF
:101D50004EF2B010C0F20300FEF7BEFD43EA0C30B5
:101D6000079041F64F60C0F2020008A90D9005A847
:101D70000C9041F6ED50C0F202000B9007A80A90BB
:101D800041F64320C0F20200099002A808904EF2EA
:101D90005E10C0F20300FEF79FFD42F6E4320846F3
:101DA000C0F20402FFF794FC41F6432004A9C0F2FC
:101DB0000200CDE9090108A90B9002A808904FF292
:101DC0002F10C0F20300FEF787FD41F6432003A960
:101DD000C0F20200CDE9090108A90B9002A8089001
:101DE0004EF2A450C0F20300FEF776FDF0B503AF4B
:101DF0004DF8048D84B0D1E900460546D6F8108030
:101E000027212046C04708B101201CE029686D4603
:101E1000284640F20112FFF70DF99DF80D008128C8
:101E200005D300992046C0470028EDD108E09DF871
:101E30000C20F368A918821A204698470028E3D19D
:101E400020462721C04704B05DF8048BF0BDF0B5F3
:101E500003AF4DF804BD84B0054688680C46810187
:101E600007D4400116D428462146FFF7EAFD98B36F
:101E70003CE0296841F2184202A80726C0F2040299
:101E8000334601F00F060909965DC654A3F1010619
:101E9000F6D10FE0296841F2A83202A80726C0F265
:101EA0000402334601F00F060909965DC654A3F1FA
:101EB0000106F6D1591C42F66A72C1F109011844B3
:101EC000C0F204020223CDE90001204601210126CF
:101ED000FEF7BCFF002846D1D4E900010222CB68FE
:101EE00042F66871C0F20401984708B101263AE051
:101EF000A168281D8A0105D4490114D42146FFF7A1
:101F0000A0FD2FE0016841F2184202A80726C0F2A6
:101F10000402334601F00F060909965DC654A3F189
:101F20000106F6D10FE0016841F2A83202A80726A7
:101F3000C0F20402334601F00F060909965DC6544B
:101F4000A3F10106F6D1591C42F66A72C1F10901EA
:101F50001844C0F204020223CDE900012046012109
:101F6000FEF774FF0646304604B05DF804BBF0BDD2
:101F700080B56F46024642F6F430C0F204002B21D1
:101F8000FFF79FFB80B56F4684B0024641F6A9700B
:101F9000C0F2020001A90290781E01904EF2667014
:101FA000C0F20300FEF798FC80B56F46084642F683
:101FB000A071C0F204011822BDE88040FEF71EBDEA
:101FC00080B56F4684B0024641F6E570C0F202006B
:101FD00001A90290781E01904EF26670C0F20300D3
:101FE000FEF77AFC80B56F46084642F22601C0F241
:101FF00004012022BDE88040FEF700BD80B56F4699
:1020000084B0CDE9000140F6A100C0F2020002A9AF
:102010000390684602904EF26670C0F20300FEF72D
:102020005BFC80B56F4688B08DE80F0002A84DF6C6
:102030002E6CD7F808E040F6C904069040F6A100DF
:10204000C0F20200C0F2030C0590684604A9C0F279
:1020500002040490604672460794FEF73DFC80B58A
:102060006F4684B041F218430DF1080E8C460722EA
:10207000C0F20403114600F00F0200099A5C0EF84A
:102080000120A1F10102F5D1481C42F66A72C0F1AB
:1020900009007144C0F204020223CDE90010604639
:1020A0000121FEF7D3FE04B080BD80B56F46024625
:1020B00042F6E940C0F204003321FEF70DFC80B582
:1020C0006F46024642F60250C0F204007321FEF74A
:1020D00003FC80B56F46024642F63B50C0F2040056
:1020E0003F21FEF7F9FB80B56F46024642F65A5093
:1020F000C0F204006121FEF7EFFB80B56F46024697
:1021000042F68A50C0F204004721FEF7E5FB80B595
:102110006F4686B0CDE9001041F6432001A9C0F218
:1021200002000590CDE90301684602904EF2CB50C3
:1021300002A9C0F20300FEF7CFFB80B56F4684B062
:1021400042F6214CC2B2C0F2040C0A2A0ED3292353
:102150005A43130B642203FB1202D2B23CF8122042
:1021600027F8022C0122000604D105E003220346D1
:10217000000601D0180607D003F07F00013AFB1ECD
:102180000CEB400040789854C2F10300FB1E1A4447
:102190000023CDE90020084601210122FEF756FE6A
:1021A00004B080BD80B56F4684B041F2A833A7F17A
:1021B000020EC2B28C460120C0F20403014602F0B6
:1021C0000F001209185C0EF80100A1F10100F5D111
:1021D000481C42F66A72C0F103007144C0F2040266
:1021E0000223CDE9001060460121FEF72FFE04B066
:1021F00080BD80B56F4684B041F21843A7F1020E4E
:10220000C2B28C460120C0F20403014602F00F0066
:102210001209185C0EF80100A1F10100F5D1481C6B
:1022200042F66A72C0F103007144C0F20402022354
:10223000CDE9001060460121FEF708FE04B080BD24
:1022400080B56F4684B041F2A8330DF1080E8C467C
:102250000722C0F20403114600F00F0200099A5C45
:102260000EF80120A1F10102F5D1481C42F66A7274
:10227000C0F109007144C0F204020223CDE900104C
:1022800060460121FEF7E2FD04B080BD80B56F46D7
:10229000FEE780B56F4680BDE0B502AF27F8020CBF
:1022A000B81E022100F0B0F98CBDB0B502AF06F047
:1022B000ABFB28462146BDE8B04000F0A5B9D4D418
:1022C000D0B502AF04460448FFF7E6FF2046BDE85C
:1022D000D04000F09FB800BF0C000000D0B502AFA6
:1022E000044600F047F92046FFF7D6FFBDE8D0408E
:1022F00000F0D8BDD0B502AF044600F03BF920464F
:10230000FFF7CAFF00F0CEFDBDE8D04000F04EB9A7
:10231000E0B502AF07F8010C781E012100F074F956
:102320008CBDD4D4FEB506AFCDE9010107480490B9
:1023300001A807490390781E03AA00F015F8054884
:10234000012100F061F906B080BD00BF59230200F1
:1023500066E70300B82F040080B56F46D0E900029D
:10236000D268BDE88040104780B56F4613460A46E4
:102370000249BDE88040FEF7BDBA00BFBC2F040093
:1023800080B56F460846114600F03EF9002080BD3A
:10239000BCB504AF00208029019003D28DF8041051
:1023A00001212FE01A4B0A46880963F39F12B1F509
:1023B000006F07D240F0C0008DF805208DF80400B2
:1023C00002211FE063F39F100C0B0025B5EB114FAA
:1023D00009D18DF8050044F0E0008DF806200321B6
:1023E0008DF804000EE06FF00F0545EA91418DF87D
:1023F0000410042163F39F148DF807208DF8060064
:102400008DF8054001A800F0FFF80020BCBD00BF1A
:10241000FEFFFF03E0B502AF019001A8042100F028
:10242000F3F88CBDE0B502AFCDE9000168460821A4
:1024300000F0EAF88CBDF8B504AF8DE80F006846EF
:10244000102100F0E1F88FBD80B56F4602480E21E3
:10245000024AFFF736F900BFD42F0400E42F04002E
:10246000F0B503AF4DF804BD104D04461049114EB0
:10247000E86A00F00300022808BF0E460021C807E2
:102480000CD105F1180021460122B0470021002897
:10249000F5D0012804D101340121F0E705F059BF3E
:1024A000054B01210122FFF7CDF800BF1079032071
:1024B000BD240200ED24020050300400F0B503AF4B
:1024C0004DF804BD82B072B10569C368DE43EC1AF1
:1024D00004F2FF3488BFAC19BFF35F8F1CB10094C6
:1024E00000F00FF800E0002005F056BDDCB504AFA9
:1024F000C3684FF48064BFF35F8F009400F001F86D
:10250000DCBDF0B503AF2DE9000B8146B868144679
:102510008846904238BF0446E518B5F5806F0ED95D
:10252000D9F80400C3F580664146184432461BF0D2
:1025300068FAD9F8040008EB0601A21B04E0D9F8F8
:1025400004004146224618441BF05BFABFF35F8F3C
:102550006FF39F25C9F80C502046BDE8000BF0BD75
:10256000E0B502AF05F0E4FE8CBDE0B502AF05F0CA
:10257000DFFE8CBDE0B502AF01F072F908494A7880
:102580004AB901224A708870C87818B90020CA7008
:1025900005F0CEFE8CBD03483D21034AFEF79CF9B1
:1025A000F8E60320F42F040014300400B0B502AFA5
:1025B000124C6078E0B1207978B1072808D24FF04A
:1025C000FF3101FA00F06179084300F07F0002E07A
:1025D000793060F07F00FFF7C8FF00200025FFF78B
:1025E000C4FFA580A0786570BDE8B04001F06EB969
:1025F00003483921034AFEF76FF900BFF8E60320CC
:102600002430040040300400F0B503AF2DE9800F02
:10261000DFF88C9000EB010B04464FF0010899F8AD
:10262000046099F805A05C4537D0651C14F8010BCF
:10263000F1B207290BD378B1FFF792FF013689F881
:102640000460F0B28628EED1FF202C4608E078B175
:10265000FFF786FF504612E006F1790060F07F0038
:10266000FFF77EFF4FF0000A0026A9F804A0DAE782
:1026700008FA01F040EA0A0089F8050082460136AE
:102680002C46F1B289F804600729CCD107264FF017
:10269000000A2C460106C6D0E2E705F0B8BF00BF2D
:1026A000F8E6032080B56F460268CA61134650E819
:1026B000002F9A420AD1BFF35F8F40E800133BB965
:1026C0000123002BBFF35F8FEFD003E0BFF32F8F09
:1026D0000023F6E7B2FA82F0400980BD80B56F466C
:1026E0000862FFF7DFFF00B140BF80BD80B56F46D5
:1026F0000146014880BD00BF60300400D0B502AF84
:10270000014619300123BFF35F8FD0E84F2FC0E897
:10271000443F002CF9D1BFF35F8F02B1D0BD086AEE
:10272000FFF7C0FF0028F9D040BFD0BD80B56F468D
:1027300080BDD4D480B56F46D1E900016822CB6852
:102740000149BDE880401847703004000168064A1E
:10275000914204BF4068704780B56F460348FFF759
:10276000C9FDFFF771FE00BF603004009A00000051
:10277000F0B503AF2DE9800F2C4C00262C4D4FF007
:102780000108082E0CD055F8260030B108FA06F0E2
:10279000C5F80802204600F053FA01360834F0E785
:1027A000E86FB8B34FF0000A0126C5F87CA00021FD
:1027B000244DBAF1080F2DD01E484FEA41180131BF
:1027C00050F80A400AF1040AD4F820950091CB464B
:1027D000BBF1000F1AD09BFAABF0B0FA80F12029C0
:1027E0001AD204EB8100D0F8002722F44032C0F85E
:1027F000002741EA0800302813D205EBC00006FA92
:1028000001F12BEA010B00F01BFAE1E7C4F8209577
:102810000099CEE705F0FBBE07481D21074AFEF7E9
:1028200050FF074A3021FEF753FF00BF30DC032082
:1028300000610040F8140400E8300400283104006E
:1028400048310400B0DA0320F0B503AF4DF804BD01
:102850001E4D2868012803D10020286000F03EF8B2
:10286000A86C012803D10020A86400F037F8E86BB9
:10287000012828D10020E86300F0F2FF04464FF45D
:102880008030C5F804024FF0FF30114D124EC5E9FB
:102890000000104800F044F800F050F8024605F13E
:1028A0000C000B4600F00EFBAA680132AA6000F093
:1028B00059F800283046EDD020465DF804BBBDE84D
:1028C000F04001F003B805F044BD00BF0411014021
:1028D000407903200831040018310400D0B502AF5C
:1028E00000F0BEFF0C494FF440040A6901320A614E
:1028F000530A14EBC252D1E9001443F10003891AC0
:1029000074EB03013EBF05494FF480320A60BDE815
:10291000D04000F0DBBF00BF40790320041301402A
:1029200005498A681AB94FF0FF308860704780B552
:102930006F46FFF727FB00BF4079032080B56F4645
:102940000648074A0069126800F0010182EAC15195
:10295000420A11EBC05042F1000180BD40790320D2
:1029600004150140F0B503AF2DE9800FDFF88C802E
:102970008A46234C83464FF48039C8E900BAFFF7F2
:10298000DDFFB0EB0B024FF0000671EB0A0238BF1F
:10299000012624D2C21C41F100032546BBEB0204F0
:1029A0007AEB030328BF5A46BBEB00006AEB010138
:1029B000B0F540002C4622F07F4271F10000C5F8CE
:1029C0003C2214D2C4F80090FFF7B8FF023041F166
:1029D0000001BBEB00007AEB0100D0D30AE04FF41A
:1029E000803060604FF0FF30C8E9000002E04FF433
:1029F000803060603046BDE8080FF0BD40790320AC
:102A00000413014080B56F464FF0FF32BDE88040AF
:102A100000F000B8B0B502AF046802EA010304EAAE
:102A200002059D4201D10120B0BDE4431C421BD1EF
:102A30000E4C0125EFF3108372B6C4F804512568DB
:102A4000ED07FCD061EA02010160BFF34F8F2068FF
:102A5000C007FCD00020C4F804012068C007FCD0E7
:102A6000002083F31088B0BD0220B0BD00E4014017
:102A700080B56F460648BFF34F8F064A016801F4E0
:102A8000E06111430160BFF34F8F00BFFDE700BF5E
:102A90000CED00E00400FA0580B56F4608490078A7
:102AA00001F5407120283CBF40F21051C5F20001F1
:102AB000096800F01F0021FA00F000F0010080BD5D
:102AC0001005005080B56F460078074906F033F9CD
:102AD00038BF4FF0A04141EA8000D0F8001721F440
:102AE0004031C0F8001780BD00030050B0B502AF00
:102AF000C4B22F2C17D805460E48D1E9001200EBBE
:102B0000C40000F0BBF80C4805F01F01202C38BFB2
:102B10004FF0A04040EA8100D0F8000710F44030A8
:102B200018BF0120B0BD024A20463021FEF7D0FD7B
:102B300058320400B0DA03200003005080B56F461D
:102B4000FFF7AAFF80F0010080BDD4D4F0B503AF39
:102B50002DE9000B16468946044600F081FE8046AA
:102B60001F48FFF7DDFE3046FFF7F0FD05468068A1
:102B700040B1D5E90001001B71EB090025D3C5E97F
:102B8000004914E01748C5E90049D0F80C90C56029
:102B9000D6E90010096888470E46A968044611B1B5
:102BA000E868C968884705F1080080E850020D48C8
:102BB00000F10C04FFF7C2FE024620460B4600F06F
:102BC00081F9FFF7CFFE0028F4D006488168013173
:102BD00081604046BDE8000BBDE8F04000F076BEE5
:102BE000D83004004079032080B56F460146D0E913
:102BF000002000230B601AB15168BDE880400847EF
:102C000080BDF0B503AF4DF804BD0668044686B13B
:102C10006568954208BF8E4210D009681046884703
:102C2000C4E90001284671685DF804BBBDE8F040C6
:102C30000847096810468847C4E9000105F089BBC8
:102C4000F0B503AF4DF8048D054600F009FED5E957
:102C500000468046002028604CB1A1683046884775
:102C6000D5E90010C5E9004609B1C9688847404662
:102C70005DF8048BBDE8F04000F028BEF0B503AF6E
:102C80002DE9000714468A46064600F0E9FDD6E91C
:102C900000598046002030601DB1A14508BF554550
:102CA00010D0DAF80010204688470246D6E90030F6
:102CB000C6E900210BB1D968884725B1E9684846C3
:102CC000884700E035604046BDE80007BDE8F040B9
:102CD00000F0FCBD80B56F468A68930106D4007889
:102CE000520108D4BDE88040FFF727BA0078BDE85C
:102CF0008040FFF77EBABDE88040FFF753BAD4D4D6
:102D000080B56F460248BDE88040FFF7C5BA00BFF6
:102D100001000000D0B502AF841A71EB030402D3A6
:102D2000801A9941D0BD0448FFF7D8FAFFF7E8FFB1
:102D3000FFF73CFCFFF788FBA0000000F0B503AFF5
:102D40004DF804BD1C4615460646FFF7F7FD2A461A
:102D5000234600F007F8C6E90001002030725DF854
:102D600004BBF0BDD0B502AF00248018594144F136
:102D70000002012A18BFD0BD02482821024AFFF7ED
:102D80003DF900BF6832040090320400F0B503AF93
:102D90002DE9000F89B00D460646D2E90001144620
:102DA000CB6801222C4998470DF114098246002076
:102DB0004FEACA71002D42D011B14FF0010A3AE03A
:102DC000A17AC00709060DD438B1D4E90001022266
:102DD000CB68254998470028EFD130462146FFF7B8
:102DE00079FF27E0D4E9008B40B91C494046DBF865
:102DF0000C3001224FF0010A9847E0B90120CDE9DB
:102E0000018B07F82D0CA7F12D00039014480690B4
:102E100001A80590D4E90201CDE9070130464946F1
:102E2000FFF758FF0028C8D1DDE905010222CB6871
:102E30000C49984782460136013D0120B8E709B1A7
:102E4000012005E0D4E900010122CB680749984739
:102E500009B005F025BB00BFB63904008439040071
:102E6000CC2B0400C32B0400BC2B0400B839040095
:102E7000B0B502AF0446007A0D4658B1FFF75EFDCB
:102E800002460B46D4E90001121A73EB010203D388
:102E90000020B0BDD4E900012A46FFF757FE01200B
:102EA0002072B0BD80B56F46FFF748FD43F609526A
:102EB00005F024FE400A40EAC150490ABDE88040BE
:102EC000FFF7B0BAF0B503AF2DE9800F98469146F1
:102ED00006464FF0000B4FF0FF344FF0FF35D6F8A9
:102EE00000A0BAF1000F2CD0DAE90001B9EB000222
:102EF00078EB01020FD24FF0FF3380EA03024B4020
:102F00001A43031B71EB05033CBF0D4604464AB14F
:102F10000AF11006E3E7DAE90210CAF808B009B1CD
:102F200049688847DAF810003060DAF80810CAF803
:102F300010B019B1DAF80C00C9688847CAF808B0AF
:102F4000CDE720462946BDE8080FF0BDB0B502AF79
:102F500005F05AFD0548FFF79FF92CB115F8010B54
:102F6000FFF7D6F9013CF8E7B0BD00BF150000003F
:102F7000B0B502AF0546044805F078FC2846214666
:102F8000BDE8B040FFF7E2BF0D00000080B56F461E
:102F90008A680068930106D40078520108D4BDE81D
:102FA0008040FFF7CAB80078BDE88040FFF721B93C
:102FB000BDE88040FFF7F6B8F0B503AF2DE9000F8C
:102FC0008BB0D1E900562221D6F81090D0E90084C8
:102FD0002846C847002840F0E180002C00F0B2806D
:102FE0000022002321460595CDE901960394CDF8F2
:102FF000108008EB0106002018F80050A5F17F04AE
:1030000014F15F0F07D3222D18BF5C2D03D00130C0
:103010008142F1D199E008EB0001069616468846F8
:1030200018F9012BD4B2B2F1FF3F22DC4D7804F045
:103030001F0CE02C05F03F0512D38A78F02C02F02B
:103040003F0242EA851510D3CA780CF0070401F15B
:10305000040802F03F0242EA851242EA844408E092
:1030600045EA8C1401F1020803E045EA0C3401F151
:103070000308C51807A821464FF00112FDF7DAFF33
:103080009DF828A09DF829B0ABEB0A095FFA89F0FA
:10309000012802D10699324640E003993246B542F2
:1030A000C0F084808D4200F281808A420CD022B12F
:1030B0000498805610F1410F78DD8D4204D00498B9
:1030C000405710F1410F71DD049881180298AA1A37
:1030D000C6680598B047002860D1BBF1810F04D3C2
:1030E00007990598019A904705E007A84A4600EB22
:1030F0000A010598B047002850D1802C02D2012047
:1031000006990AE00699B4F5006F01D2022004E0A6
:103110000420B4F5803F38BF03204219802C01D22F
:10312000012009E0B4F5006F01D2022004E0042080
:10313000B4F5803F38BF03204319B1EB08017FF499
:1031400058AF03E00022002321E00B44059D9A4282
:10315000DDE90196DDE9031898BF8B4204D91748D1
:1031600000904046FEF7E2FC8A4201D10A460EE09A
:1031700022B118F9020010F1410FF0DD8B4201D1AC
:103180000B4604E018F9030010F1410FE7DD08EBEE
:1031900002019A1AF3682846984718B101200BB02B
:1031A00005F07EB928462221C847F8E702482B4699
:1031B00000900498FEF7BAFC802F0400902F0400C2
:1031C0000548016819B94FF0FF310160704780B5BB
:1031D0006F460248FEF7D6FE58790320A03204005D
:1031E000B0B502AF04464348FFF756F804F13C007F
:1031F000192814D904F181000E2821D904F10E01F7
:103200000D2900F229803C48DFE801F007636731AF
:103210003131313131613131656C4F4862E0DFE885
:1032200000F00D26264C4E26462626444A265052AD
:10323000263E4854403C262626262642374851E062
:10324000DFE800F00823252921151515151515159A
:1032500015152700294845E014F1700041D014F1FC
:1032600069003CD014F1160001D13A483AE03F48D9
:103270003F4DA8471F48A8473E48A8472046FFF7AC
:10328000C9F800202EE021482CE01D482AE01D4806
:1032900028E01F4826E01C4824E02C4822E027486C
:1032A00020E029481EE02A481CE020481AE01E4879
:1032B00018E0234816E01E4814E0194812E01948A7
:1032C00010E01C480EE01C480CE01E480AE02548AF
:1032D00008E0224806E0244804E0214802E00E48C5
:1032E00000E00C48FEF7D8FF0020BDE8B040FEF734
:1032F000D3BF00BF14000000C0010000B5010000F2
:10330000B6010000B4010000BB010000AC010000E8
:10331000B0010000AF010000B9010000C4010000CD
:10332000BE010000B3010000AD010000B8010000C3
:10333000B7010000A9010000AA010000BF010000C0
:10334000C3010000C1010000BD010000C201000076
:10335000AB010000B1010000AE010000A8010000B7
:10336000BC010000B2010000BA010000C50100006C
:10337000992202005B01000080B56F460C4600F008
:1033800011F8054606480E46FEF7A8FF711E2846AE
:10339000FCF700FF05F074FAFFF708F9FFF754F89F
:1033A000A1000000D0B502AF044619F0BBFC411CDF
:1033B0002046D0BDF0B503AF2DE9800F00240A29C7
:1033C00000F2E7800546774ADFE801F039E3E3E3FE
:1033D000E30606E3E381E7004FF480789146C2F804
:1033E0008080BFF34F8FBFF36F8FFFF7E9FE6E4E04
:1033F0006E4806F128017063306886F82D40013070
:1034000030602846C9F8008018F08CFD002840F193
:10341000C08005466648FEF761FF2846FFF7E0FEDC
:10342000FFF7C4F8C9F88080BFF34F8FBFF36F8FE9
:10343000FFF7C6FEC6E9054506F1200055E04FF44A
:103440008070C2F88000BFF34F8FBFF36F8FFFF71C
:10345000B7FE554C58486168002972D0D4F81CB0AA
:10346000012945D1A268216900918A4269D2554952
:103470004FF0020EE3684FF00A08514E4FF000097A
:1034800042F210758C464FF0010AC0F800E0C0F817
:1034900018808159C907FCD042618159C907FCD005
:1034A0002B44C0F80090E360634507D302F58052D7
:1034B000009900238A42C4E9022342D23F49C1F85D
:1034C00000A0D1F8001529445945DED34BE04FF454
:1034D00080709146C2F88000BFF34F8FBFF36F8FAB
:1034E000FFF76EFE304844602030FFF77DFB49E077
:1034F000D4E902EC0026D4F81080B8F1000F16D001
:103500002E4901222E4B0260C558ED07FCD05CF815
:1035100026504EF82650C558ED07FCD00A600136FB
:10352000D1F8005529355D4538BF4645EBD30CEB46
:103530008603B8EB06010EEB86022161C4E9022383
:1035400011D1002101601E494258D207FCD002204F
:1035500004F8380F4FF0FF3044F8240CA4F11800A1
:10356000FFF742FB0CE0032004F8380F47F230501D
:1035700044F8040C012004F80B0CA4F11000606066
:1035800008488146084804F0CCFE4FF48070C9F822
:1035900000002046BDE8080FF0BD0648FEF7AAFE71
:1035A000FEF752FF00E100E058790320FF3F420F91
:1035B00057000000A200000004E5014040800040E8
:1035C000FCFEFFFF094C0100DCB504AF0246D1E967
:1035D00000011268136803F13C04192C14D903F19B
:1035E00081040E2C22D903F10E040D2C00F22B8045
:1035F000DFE804F0077A7D343434343434853434ED
:103600007781CB685C4974E0DFE804F00D28285826
:103610005C284F28284B55285F6328425267453F56
:10362000282828282848CB68444972E0DFE804F0BD
:103630000821242A1E161616161616161616270008
:10364000CB68364947E013F1700460D013F1690488
:1036500059D0163302D1CB6846494AE04C4BCDE9EC
:1036600000236B464B4AFDF745F9DCBDCB682F497B
:103670004FE0CB682A4916E0CB682A4913E0CB68B3
:103680002B4910E0CB68284933E0CB6837491EE06E
:10369000CB6832491BE0CB68334904E0CB6834493E
:1036A00027E0CB6829490B2234E0CB6826490EE09D
:1036B000CB682B4913E0CB68254901E0CB68204952
:1036C000082227E0CB681F491FE0CB6821490A2266
:1036D00020E0CB6820490C221CE0CB6821490F2256
:1036E00018E0CB68284904E0CB68244901E0CB68A6
:1036F000234906220EE0CB68052224490AE0CB6864
:103700000322204906E0CB680B49072202E0CB6880
:103710000849092202B0BDE8D0401847A43304008C
:10372000993304008E330400883304007F3304008F
:10373000743304006B330400643304005B3304000F
:1037400028150400543304004A3304003F330400B6
:10375000F014040035330400293304001F3304003F
:103760001033040001330400F6320400EC3204008C
:10377000E6320400E0320400DA320400D4320400FD
:10378000CE320400CB320400C5320400C032040043
:10379000993702004DF30300F0B503AF2DE9FE0F9A
:1037A000D0F800E0A7F126080D46BEF1000F7046E4
:1037B00048BF4042B0F57A7F22D328490024DFF881
:1037C00098B042F210794FF0640A03958C46034694
:1037D000B0FBF9F000FB193508EB0401043CAEB274
:1037E000B6FBFAF63BF81620CA8006FB1A5292B2D4
:1037F0003BF812200A816345E9D8039D0A3400E0B2
:103800000A2409280DD981B26423B1FBF3F21249CD
:1038100002FB1300023C80B231F8100028F80400CB
:1038200000E0024632B10C48013C00EB4200407817
:1038300008F80400C4F10A0008EB04010122002387
:10384000CDE900106FEA0E00C10F2846FDF7FEFA21
:1038500007B0BDE8000FF0BD212C04007F96980052
:10386000F0B503AF4DF804BD154BD879BFF35F8FAA
:1038700008BBEFF310810122002472B6DA71114AFD
:10388000022C06D052F8245003EB84060134356331
:10389000F6E70D4C0023022B06D054F82350ED43DD
:1038A00042F823500133F6E7BFF34F8FBFF36F8F1A
:1038B000C90700D162B6002818BF012004F02EBD50
:1038C000F8E6032080E100E008150400F0B503AF3E
:1038D0004DF804BDB8B90D49EFF3108000220C4B30
:1038E00072B60C4CCA71022A0AD001EB820653F858
:1038F0002250366B26EA050544F822500132F2E7E1
:10390000C00700D162B604F024BD00BFF8E6032072
:103910000815040000E100E080B56F460A46014644
:10392000002007F0C1F800EAE07080BD80B56F4666
:103930000C46FFF737FD054606480E46FEF7CEFC5F
:10394000711E2846FCF726FC04F09AFFFEF72EFEB7
:10395000FEF77AFDA6000000026872B90279022A19
:1039600002D10171002104E0514011F0010118BFA2
:103970000C21002202600846704780B56F4601485E
:10398000FEF700FBC033040080B56F460248BDE877
:103990008040FFF755B900BF78DC032080B56F4643
:1039A00001F12002BDE8804005F036BCF0B503AF60
:1039B0002DE9FF0BD1E900540C2200681749D4F817
:1039C0000C90D0E900862846C847E0B9D6E9000146
:1039D000CDE9000106F10C011148CDE905012146B0
:1039E000079006F1080004900E48039068460E4ABE
:1039F000029002AB2846FCF77DFF20B90B49284610
:103A00000222C84718B1012008B004F098BFD8E9D5
:103A1000002328462146FCF76DFFF5E76C2F0400D4
:103A2000431A0200A108020044F80300782F0400A2
:103A3000FEB506AF134972B60A78DAB901220A70E8
:103A400000901148FEF74AFC1048FEF725FC10488C
:103A50000290684601900F48049001A80E49039017
:103A6000781E03AAFEF780FC0C480121FEF7CCFD6E
:103A7000FEF79CFD0A48016821F48021016000DE08
:103A8000FEDE00BF80DC0320AD0000000700000068
:103A9000E03304005923020066E70300B82F040056
:103AA00024ED00E0D0B502AF0C46994201BF1146AB
:103AB0002246BDE8D04019F0A4BFBA682046194696
:103AC000FEF725FBF0B503AF4DF804BD82B01C46F0
:103AD000B4EB810F034628BF8C00E01C8508B1EBD6
:103AE000900F11D300F47F76B44212D80C482146CF
:103AF000009010461A462346FFF7D4FF2846214679
:103B000002B05DF804BBF0BD074B0E46002029460D
:103B100002E0044B002021463246FDF793FD00BF32
:103B20001034040000340400F0330400F0B503AF97
:103B30002DE9FE0F4FF0000A044680F81AA042F665
:103B40000300A4F81B00881C0D4601F00DFB0DF1CD
:103B50000409804609F101000E46132119F044FEC4
:103B6000184B0121E87C03228DF80400484603F03D
:103B70003BF82A88022327F81E2C4FF0020B124A2A
:103B80000092A7F11E02FFF78DFFF51C0F4B484670
:103B900003212A4603F028F80D4A334604F086FA3A
:103BA000E01C4946142219F02CFF4FF4407084F8B1
:103BB00017A0A570657084F800B0208307B0BDE839
:103BC000000FF0BDC0450400D0450400E0450400EE
:103BD000F0450400F0B503AF2DE9000798B007AD3C
:103BE0008146112204F010FB284601F0BDFA0DF1C8
:103BF000300805468A461421404619F066FD1B4BE5
:103C0000504641461422FAF798FB194A534604F0ED
:103C100097FD424602A992E8790014228C468CE86E
:103C2000790002208DF8340008F107008DF836A0E5
:103C30008DF835A0CDF8309019F0E3FE4FF4205008
:103C4000ADF84F004FF44030CDF84B004846F5F743
:103C5000DBFE0D4608F1040100F0FAF8014604F01D
:103C600012FC484618B0BDE80007F0BD88450400C6
:103C700098450400F0B503AF2DE9000F9DB005464F
:103C80000846CDE900328A46F5F7BEFE04468B466B
:103C9000008802214FF000088DF81B104FF42851C6
:103CA00000F10209ADF80B108DF80A80ADF808900C
:103CB000ADF863108DF8628007AE02A93046FFF7B9
:103CC00035FF2046314600F0C3F84FF440708DF8C0
:103CD0004880ADF86000009814900198139012A9E4
:103CE000204600F0B5F84FF4285085F80C8004F019
:103CF000DFFEDBF80000A5F80A900130A5F8089077
:103D0000A5F80480C5F800A0CBF800001DB0BDE800
:103D1000000FF0BDF0B503AF2DE9000F9DB00546D3
:103D2000084601928946F5F76FFE04468A460088E8
:103D300002214FF0000B8DF81B1042F6012100F11B
:103D40000208ADF80B108DF80AB0ADF80880ADF898
:103D500063108DF862B007AE02A93046FFF7E6FEA9
:103D60002046314600F074F84FF440708DF848B0AA
:103D7000ADF86000022014900198139012A920461B
:103D800000F066F842F6012085F80CB004F090FED1
:103D9000DAF80000A5F80A800130A5F80880A5F837
:103DA00004B0C5F80090CAF800001DB0BDE8000FCF
:103DB000F0BDD4D4F0B503AF2DE9000F9BB005469C
:103DC00008468846F5F720FE044689460088022109
:103DD0000DF1140B8DF8131042F6A621002600F108
:103DE000020AADF80310ADF85B10694658468DF82D
:103DF0000260ADF800A08DF85A60FFF797FE2046EC
:103E0000594600F025F84FF440708DF84060ADF849
:103E10005800012012900D48119010A9204600F082
:103E200017F842F6A6202E7304F042FED9F80000DF
:103E3000A5F80AA00130A5F808A0AE80C5F800805A
:103E4000C9F800001BB0BDE8000FF0BD7C3A0400CB
:103E5000F0B503AF2DE9000B8CB005680E2D0AD824
:103E600004462C2005FB00402C22043019F0C9FD2B
:103E7000681C206004E091F81AE0BEF1FF0F03D146
:103E8000681C0CB004F05BBD0B460DF10408B3E8F0
:103E900075021B31C446ACE8750211221888ACF8D3
:103EA000000008F11B008DF81EE019F0AAFD04487F
:103EB0002B21009042460348034BFEF7B2F800BFA7
:103EC00020350400FA3B0400B434040080B56F468A
:103ED000F5F7A6FD00680A68013A0A6080BDB0B532
:103EE00002AF04F0D4FA1DB104F070F9013DFAE715
:103EF000B0BDD4D404490A680AB904F0C8BC80B57E
:103F00006F46FEF73FF800BFB8E20320B0B502AF3E
:103F100004F0BDFA1DB104F059F9013DFAE7B0BD56
:103F200004490A680AB904F0B2BC80B56F46FEF7CE
:103F300029F800BF78E30320D1E900239A4205D194
:103F40000B7ADB0702BF0221C1707047F0B503AFE7
:103F50004DF804BD00230B72531C02EB8202B3F137
:103F6000080418BF1C460C6001EB82010C3191E87B
:103F70007C007CC05DF804BBF0BDB0B502AF04F0BE
:103F800086FA1DB104F022F9013DFAE7B0BDB0B5E3
:103F900002AF04F07CFA1DB104F018F9013DFAE714
:103FA000B0BDD4D404490A680AB904F070BC80B525
:103FB0006F46FDF7E7FF00BFF8E50320D1E90023D6
:103FC0009A4205D10B7ADB0702BFFF2101707047CF
:103FD000D0B502AF04F065FD002AC0E9003418BF77
:103FE00001320A60D0BDD4D4F0B503AF2DE9000F83
:103FF000A7B00290180CADF878300E468DF87A0014
:104000001CA800F10801B868934600224FF0000A8E
:10401000032A04D08B5C01324AEA030AF8E700F075
:104020008BF807AD04468846142104F08EFC404806
:1040300041460090284622464346FFF733FD30466E
:104040000696F5F7E1FC0491064604881CAD05F1DF
:104050001A005946112219F0D4FC0DF130095946C5
:1040600009F102001122CDF814B019F0CAFC0DF1CB
:10407000440BA01C03904946ADF8300058468DF81B
:1040800043A0FFF753FD30465946FFF7E1FE0024F9
:1040900000201AF04C0F08BF03208DF889005FEA5A
:1040A0008A704FF0000058BF03208DF8880041F25D
:1040B00002108DF87280ADF87000E81C07A9142278
:1040C00019F09FFC012029468DF887003046FFF744
:1040D000BFFE1AF0300F10D042F602108DF88A4061
:1040E000ADF88B0013481C903046ADF888401CA9F1
:1040F000FFF7AEFE06460124FFE704991122029D58
:1041000004F0AFF8059905F10C0019F07AFC039959
:10411000002C85F81DA0084618BF30466881069817
:104120002981EE80AC80286027B0BDE8000FF0BD8B
:104130002034040003000200016812293CBF04304F
:10414000704780B56F46024B00201122FDF77AFAC6
:1041500030350400D0B502AF04460648FEF79CF89F
:104160000549E0B251F820000078BDE8D040FEF7E4
:10417000CFB800BFC6010000144D0400F0B503AF76
:104180002DE9800F04461C481C4EB04794F874007B
:10419000FEF7BEF894F87500FEF7BAF8DFF8608015
:1041A0004046B0471748B04704F1100001F0B8FE90
:1041B0004046D4E900B5D4E9029AB0471248B04766
:1041C000584629464A46534601F0F4FE0020B047BF
:1041D0000020B0474046B0470C48256BB04704F17B
:1041E00034002946FEF7B2FE00203146BDE8080F34
:1041F000BDE8F040084700BFD0010000992202004E
:10420000140000001F02000027020000D601000079
:10421000B0B502AF1C490968C90530D11C4C2168F2
:1042200051BB4FF0FF312160217E012907D10021D0
:104230002176216901318A1E18BF0A462261E16D8B
:10424000B9B1D4E9042304EBC305C5E90701581C3F
:10425000811E18BF014661618A4204BF0120207699
:1042600003F063FE04F12C00FFF739FE20680130F3
:1042700000E000202060B0BD0648FDF783FE034843
:10428000FEF738F8FEF7E0F804ED00E0AE000000BD
:1042900050E2032080340400F0B503AF2DE9800F15
:1042A0003C4C82463C4A0028DFF8E480254618BF93
:1042B00045461068C0055DD1286800285FD14FF0E1
:1042C000FF30264628605FEACA7918BF4646307B31
:1042D000C00709D02046BAF1000F18BF40469346E8
:1042E000B830FEF781FC5A46002021467060BAF1D2
:1042F000000F18BF41460873886004F0C4F81168C5
:10430000C90537D1D8BB4FF0FF30BAF1000F286094
:10431000204618BF4046027B002142BB04F10D023B
:104320002346B9F1000F1CBF08F10D024346D3F834
:1043300008C00CEB8C0642F8161002EB4602118105
:1043400051600CF10101B1F1100218BF0A469A60E8
:104350005968914204BF01210173BAF1000F18BFDF
:10436000444604F1B000FEF73FFC2868411C296078
:1043700004F04DB90948FDF7BDFFFEF765F80848A0
:10438000FDF7ACFF00F0AEFFFEF710F9FEF75CF8AA
:10439000D0E0032090E1032004ED00E0AE00000037
:1043A000C3000000F8B504AF03900A4603A9082330
:1043B0000548CDE900310549054B0290104603221E
:1043C000FDF7B2FA04B080BD0D7E0200083604008D
:1043D00020150400BCB504AF044617480068C005AA
:1043E00024D11748FFF786FD1648D0F8B4100629E7
:1043F0003FBF0268D0E90235C4E90035A0603FBF85
:104400000131C0F8B410511C016038BFBCBD016857
:10441000A7F109020E4B013101600020B52107F818
:10442000090C094800900948FDF7FBFD0348FDF71A
:1044300061FFFEF709F800BF04ED00E0AE000000E8
:1044400050340400B8E20320F8350400403504007D
:104450009434040080B56F460078074A074B002863
:1044600018BF13464FF0190218BF182204F0D8F8ED
:10447000BDE88040604700BF243604000B360400CE
:104480000C490968C9050ED10C49022281F8450082
:1044900091F8440081F84420012818BF7047D1E901
:1044A00012104968084780B56F460348FDF722FFA0
:1044B000FDF7CAFF04ED00E0AE000000F8E60320BF
:1044C000F0B503AF4DF8048D804604F0B1FA00F565
:1044D000107090E87C1088E87C1004F091F85DF88A
:1044E000048BF0BDD0B502AF034600686FF0004406
:1044F000A0420FD201301860D0B2814281BF4FF488
:104500005E7110FB01300830194688BFD0BD044AE7
:10451000FDF7DEF80148FDF753FD00BF103504003C
:1045200070340400DCB504AF14490968C90520D112
:1045300014490A68D2B9CA6C022A3FBF00230B6033
:10454000D1E90234C0E900343FBF8160501CC86427
:10455000DCBD00200F4B0860A7F1090207F8090C29
:10456000BA210A4800900A48FDF75BFD0648FDF7AE
:1045700009FD0348FDF7BEFEFDF766FF04ED00E010
:10458000AE000000A0E6032050340400F83604001A
:104590003C36040094340400D0B502AFD1E90032B7
:1045A0009A4208D10C7AE40705D104210022C0E91F
:1045B000001281600FE00C3101EBC3049A420460E9
:1045C00005D90421D21AC0E90121002203E0C3F178
:1045D0000803C0E90131C260D0BDD4D4F0B503AF47
:1045E0004DF804BD82B00D460181090C8172254849
:1045F0000268D20540D1254A158091700068C00537
:104600003AD123482349F5F7C1F9064690F840000E
:104610000C46012804D106F138016846FFF7CEFCAC
:10462000306B20B396F8401029B1E84300061ED045
:104630001948FDF79DFCD6E90E12002A06EBC203CD
:1046400025F07F45C3E9115018BF0132F263914252
:1046500004BF012086F84000D6E90001013041F195
:104660000001C6E9000106F10800FFF738FC03F07D
:1046700069FE02B003F06DBE0348FDF73BFEFDF797
:10468000E3FE00BF04ED00E0AE0000009C990320B3
:1046900048E60320803404000035040080B56F46EE
:1046A0000248FDF727FEFEF7E3F900BF59000000BE
:1046B000D0B502AF04460D480068C00510D10D48C2
:1046C000FFF770FC0C48816C11B10121617003E0AF
:1046D0000121606081640021217003F022FED0BDC1
:1046E0000348FDF707FEFDF7AFFE00BF04ED00E055
:1046F000AE00000060340400F8E50320D0B502AF3E
:1047000004460E480068C00513D10E48FFF7F2FBBF
:104710000D48D0F8B810032902D90121617004E0D6
:104720000131C0F8B81060600021217003F0F9FD7C
:10473000D0BD0348FDF7DEFDFDF786FE04ED00E089
:10474000AE00000060340400B8E20320B0B502AF50
:10475000D1E9684502220270C0E90245D1F86445FA
:10476000D1F89021D1F89831D1F84014C0F8164012
:104770007D246143090B818202FB04F1090B418214
:1047800003FB04F1090B0182B0BDD4D4F0B503AF33
:104790002DE9800F81460078DFE800F0056C414389
:1047A000269FA16AA33103F081FE7648FDF774FDD0
:1047B00099F80100FDF7ACFD7348FDF76DFD634E00
:1047C00099F80200012840F0AB800120B047704802
:1047D00003F0C0FF2046B0476E48FDF75DFD6E4810
:1047E00050F825000078A3E00420FDF791FD09F1C1
:1047F0000100BDE8080FBDE8F040FBF7E7BC092069
:10480000FDF786FD4D48FDF747FD4D48FDF744FD9A
:104810004D4615F8010F02286ED1002066E00220F7
:1048200060E0DFF828810320C0474948494EB0477F
:10483000494899F80440B047484850F824000078A7
:10484000C047474899F8024099F80350B0472846B6
:10485000C0474448B047444850F824000078C04757
:1048600099F80100BDE8080FBDE8F04000F046BB34
:10487000072037E003F059FD3C48364DA84799F82A
:104880000E00FDF745FD3A48A8473A48A847DFF82B
:10489000F0A0A7F11E0B00260C2E1CD0364809EB09
:1048A000060595F80580FDF7F7FC08F00100FDF717
:1048B0002FFD32482C79FDF7EFFC5AF824000078E0
:1048C000FDF726FD6888022127F81E0C5846FDF7E3
:1048D0009BFE0436E0E703F09ABE052006E00620C2
:1048E00000E00820FDF714FD99F80100BDE8080F6D
:1048F000BDE8F040FDF70CBD03F017FD114899F835
:104900000340FDF7C9FC104850F824000078FDF77B
:10491000FFFC2846BDE8080FBDE8F04000F0D2BA21
:104920000020B047194803F015FF2846B04720463D
:104930003146BDE8080FBDE8F0400847C801000057
:10494000EB010000DB010000844D04001123020094
:10495000DD01000099220200DE010000744D040018
:10496000D9010000D7010000904D0400CF010000E4
:1049700009000000C7010000D2010000D5010000BD
:10498000604D0400CD010000CB010000CC0100000F
:10499000D3010000C9010000544D0400D0B502AF9E
:1049A00004460E480068C00513D10E48FFF7B8FA58
:1049B0000D48D0F80811032902D90121617004E0E3
:1049C0000131C0F8081160600021217003F0A9FCDA
:1049D000D0BD0348FDF78EFCFDF736FD04ED00E089
:1049E000AE0000006034040078E30320F0B503AFAC
:1049F0002DE9F00701EB020C4B1D92468146002287
:104A000000260020CDF804C0052A15D01446924592
:104A100014D00D5705F07F02B24007361043621CD8
:104A2000002DF1D41144042C009136D1EAB20F2AA2
:104A300033D9FF20052605E0052601E0042663465C
:104A40000093FF2000213202C3B292B2FF2B0DD09F
:104A5000DDE900544DB11143C04341EA03020006B1
:104A600004D0281B0021504410E022026FF0010006
:104A700000EB1220C0B20B2804D2504951F820207C
:104A8000012103E0100A0121C0B20322C9E900128A
:104A9000C9F80800BDE80F07F0BD0C2800F28780B8
:104AA0004B1EDFE800F01C07070707092D402639D9
:104AB00015071F000021C6E70320039068460290F7
:104AC00002A8E2F7DEFC03F0BEFC36D1FF2069E06D
:104AD00061452FD0981C00900E780A20B2E7002183
:104AE0000020B0E7614525D00E78981C00900C207E
:104AF000A8E761451ED0981C00900E780820A1E719
:104B0000022003906846029002A8E2F7BAFC03F084
:104B10009AFC20D1FF203AE061450BD0981C009010
:104B20000E7809208EE7614504D0981C00900E781D
:104B3000072087E7FF20042684E7C0073AD002A8B1
:104B4000E2F79FFC81B24FEA1128C1B202290FD1CE
:104B5000FF20464626E0C0072ED002A8E2F791FCCF
:104B600081B2C2B2090A022A0DD1FF200E460EE020
:104B7000C0071FD002A8E2F784FCC1B2022909D104
:104B800080B2060AA2E7C00716D00804063000F477
:104B90007F0158E7C1070DD000F47F4040EA0800CC
:104BA000000405304FF6FF7120EA01014BE7FF20BA
:104BB0000E2647E70E2689E70E26ABE79C4D04003C
:104BC000D0B502AF044600780421142888BFA0F1B4
:104BD0001501C8B2DFE800F0031A1012051C00200E
:104BE0001AE00420FDF794FB204600F019F8E01CC1
:104BF00000F016F8A0790FE0022000E00320FDF796
:104C000087FB601CBDE8D04000F00AB8012003E03B
:104C10000520FDF77DFB6078BDE8D040FDF778BB4F
:104C2000D0B502AF04460448FDF736FB2046BDE888
:104C3000D04000F003B800BFE6010000B0B502AFFD
:104C400004460078DFE800F00B3220291A515E306C
:104C50006C1E6A181C5C16240D43606E4F00002009
:104C600064E01020FDF754FB43486478FDF714FB23
:104C7000424834E00E2008E00B2057E0042052E0C8
:104C80000C2050E009204EE00220FDF741FB09E036
:104C90000F20FDF73DFB60784FE003F04DFEA0785C
:104CA00000F0FAF8607827E007203CE003F03DFBD5
:104CB00033486578A478FDF7EFFADDB3012D40D1D4
:104CC00003F033FB3548FDF7E7FA354807E01120DC
:104CD000FDF71EFB26486478FDF7DEFA254850F8FC
:104CE0002400007822E014201DE00520FDF710FBD1
:104CF0006078FDF70DFBA078BDE8B04000F052B839
:104D00000D2010E006200EE01220FDF701FB1748F1
:104D10006478FDF7C1FA04F0010007E00A2005E01D
:104D2000082000E01320FDF7F3FA6078BDE8B040FA
:104D3000FDF7EEBA03F0BAFB2046BDE8B04000F044
:104D4000ABB803F09AFD0F48FDF7A6FA64B1812CC9
:104D500006D0822C06D0832C14BF0C480C48C0E728
:104D60000D48BEE70B48BCE70748BAE7E101000081
:104D7000DA010000084F0400D8010000984E04003A
:104D8000E2010000E701000014E40300B84504005C
:104D9000C83C0400F03B04007C3A0400E801000039
:104DA000C84D0400F0B503AF2DE9FC0B04463548AF
:104DB000FDF772FA3448FDF76FFAE720DFF8D0907C
:104DC0008DF81700E0B2C009DFF8C0808DF816003A
:104DD000E6208DF81500C4F380108DF81400E5204E
:104DE0008DF81300C4F340108DF81200E4208DF804
:104DF0001100C4F300108DF81000E3208DF80F00AF
:104E0000C4F3C0008DF80E00E2208DF80D00C4F34D
:104E100080008DF80C00E1208DF80B00C4F34000F9
:104E20008DF80A00E0208DF8090004F001008DF8EB
:104E30000800684600F108050120002405EB440144
:104E4000082C13D0013411F8022B012AF8D1C00725
:104E500011F8016C04BF4046FDF71EFA4846FDF705
:104E60001BFA304600F018F80020E7E70948FDF784
:104E700013FA002006B0BDE8000BBDE8F040FDF7D6
:104E80000BBA00BF14000000F0010000ED010000AB
:104E9000F6010000F1010000D0B502AF044607485A
:104EA000FDF7FAF984F080000549C0B251F82000FE
:104EB0000078BDE8D040FDF72BBA00BFE501000047
:104EC000244F0400D0B502AF04460948FDF7E4F9C9
:104ED0002078012806D103F028FA0748FDF7DCF90D
:104EE000601C00E003480078BDE8D040FDF710BA30
:104EF0000E00000014E4030015000000D0B502AF5E
:104F000004460448FDF7C8F904F00100BDE8D040AC
:104F1000FDF7FEB9EC010000F0B503AF2DE9000B81
:104F200004462148DFF88490C8472078FFF73AFF0D
:104F3000DFF87C8065784046C8471E48C84705F0C2
:104F400001001D4EB047C5F34000B047C5F38000D7
:104F5000B047C5F3C000B047C5F30010B04700200C
:104F6000C8474046A478C8471448C84704F0010021
:104F7000B047C4F34000B047C4F38000B047C4F367
:104F8000C000B047C4F30010B047C4F34010B047AE
:104F9000C4F38010B047E009B04700204946BDE89F
:104FA000000BBDE8F0400847EA010000992202002A
:104FB00014000000EE01000011230200EF010000C8
:104FC000B0B502AF0546044803F050FC2846214620
:104FD000BDE8B040FDF726BAE4010000D0B502AF4D
:104FE00004460448FDF758F92046BDE8D040FFF7D5
:104FF000E7BD00BFE9010000F0B503AF4DF804BD07
:1050000042184FF0EE31114B90420DD004786140C0
:1050100008243CB183EA5105CE0708BF4D08013C86
:105020002946F6E70130EFE7C84360B14FF0FF32A1
:1050300052FA80F2FD2A07D96FF00100484003D1EF
:105040000348FCF795FF012003F068B9783BF6822E
:10505000383A0400B0B502AF6FF0010141F62E22DC
:105060004B1C002102290DD0445C634008243CB154
:10507000C3F34E05DB0718BF5540013C2B46F6E74E
:105080000131EFE7D843190408BF4FF6FE70B0BDF9
:10509000D0B502AF0068054A007852F82040044AB3
:1050A00003F0FCF8BDE8D040184700BF30530400BF
:1050B00024530400D0B502AF0448054CA04705486E
:1050C000A04700202146BDE8D0400847140000005A
:1050D000992202005A010000B0B502AF43F609520E
:1050E0000023A0FB024001FB02050D4A2046294691
:1050F00018F094FC000404216FF0F052121BA94137
:1051000038BF40F20120010604BF000CB0BD0548C5
:10511000FDF7E4F8FFF7CEFFFDF748FAFDF794F945
:1051200000E20400C4000000F0B503AF4DF804BD78
:1051300082B00546D0E90130834201D1002009E068
:105140002A68461C0C46064903F065F821B1047034
:105150000220AE6002F020BF024A02F0F2FE00BF61
:105160005C3A04007C43040080B56F4610F8011BD4
:10517000014A52F8211080BD3C530400E0B502AF53
:105180001346024612F8010B80B1012801BF0C48FA
:105190000090084619460FBF0423084800900846AF
:1051A0001CBF19461023FEF77DFC8CBD05480090FE
:1051B000084619460223FEF775FC8CBD9C3F04008F
:1051C0008C3F04007C3F0400F0B503AF4DF804BDF4
:1051D00082B00546D0E90130834201D1002009E0C8
:1051E0002A68461C0C46064903F015F821B10470E4
:1051F0000220AE6002F0D0BE024A02F0A2FE00BF62
:105200005C3A0400A8450400F0B503AF4DF804BDB6
:1052100082B00446D0E901300D46191A022901D2A4
:1052200000250FE02268861C084902F0F4FF084AB6
:1052300002230092A7F1120227F8125C0225FEF762
:1052400031FCA660284602F0A7BE00BF5C3A04000D
:1052500000460400F0B503AF4DF8048D054608681C
:10526000A0BB0C464FF0FF3132F8020B4FF6FF782F
:105270002160217C49B140451DD025F8020B114623
:10528000362202F0C1FF00201DE0E668C6EBC60131
:1052900004EBC101088301F11A001146362218F00F
:1052A000B0FB701CC11E18BF0146A068E1608842B7
:1052B00004BF0120207404F1C000FDF795FC2068B4
:1052C000A5F800800130206003F0F6B80448FDF72F
:1052D00005F800F007F8FDF769F9FDF7B5F800BF2C
:1052E000C3000000D0B502AF0448054CA0470548F4
:1052F000A04700202146BDE8D04008471400000028
:1053000099220200590100000246006828B94FF0B6
:10531000FF31104602C01146704780B56F460846FF
:10532000FCF730FEF0B503AF2DE9000FADF5377D8A
:1053300013919046D0F808110891D0F80C110791FC
:10534000D0F810110691D0F814110591D0F8181169
:105350000491D0F81C110391D0F820110291D0F8DB
:1053600024110191D0F828111591D0F82C11149125
:10537000D0F830111291D0F83411119100F59471D8
:105380000091002109921690414580F00D85D0F8DA
:105390000041402CC0F0C18315984FF0060E1091CB
:1053A000C21C14990D92619241F10003129A851C5E
:1053B000119E41F1000410F1010CCDE95D10089837
:1053C00041F100080A934B93059B65926492CDE9E5
:1053D0006222069A329033924D904F9245903B90C4
:1053E000049846923D92029A0799CDE90B48CDE97F
:1053F0005B8698462C9393463F938A463193019B54
:10540000CDE90E5CCDE95FC505462D9094462E9200
:105410003792134A30934C934190359011484493FE
:105420003A93114B4A964E96CDE951460E462F912E
:105430003991039938915091479140910B49569277
:1054400036935A90349155923E9359903C91CDE9C0
:105450004213CDE95322CDE95700CDE9481307E0C7
:105460007465206B6E642033322D627965787061CB
:10547000BEF1000F00F0538356982C99CDF88C8024
:1054800042184A98259582EA00033098289300EB49
:105490003340309048402C90329902EB3058349889
:1054A000299643186198CDF888A083EA00042D98C6
:1054B0002E9A00EB3445CDF890C085EA0106339969
:1054C000CDF8ACE003EB36504A9080EA344A5A9B60
:1054D000CDF870B005EB3A602D9080EA36543698DE
:1054E0004618659808EB7465704002EB304C8CEA06
:1054F000010E06EB3E51369181EA30422F984B99CE
:10550000034485EA326683EA010B389901EB3B4993
:1055100080EA0900349003EB305383EA3B404B9020
:1055200009EB30602A9000EB3640389080EA7461D5
:10553000329105EB3154569484EA36402F904FEA6D
:1055400030640CEB3260279080EA3E50659403EBA8
:105550007061289B309C81EA3A6288EA3343269343
:1055600004EB3363289303EB3243309383EA706098
:10557000339001EB30505A9080EA32402E903199AE
:105580004FEA30606190559842184E9882EA0003C5
:105590003A98209300EB334E8EEA0100319002EBF3
:1055A0003058DDE93B10379A4318609883EA0004CD
:1055B000359800EB344585EA010603EB36504E90F2
:1055C00080EA344905EB3960359080EA365CDDE9E4
:1055D0003D104618649808EB7C65704002EB304A39
:1055E000409A8AEA010B06EB3B513E9181EA304436
:1055F0005999399885EA34660B185199594002EB4C
:10560000314250403C9003EB305383EA314051909B
:1056100002EB3060219000EB3640409080EA7C61E4
:105620003B9105EB3151559181EA364039904FEA73
:1056300030610AEB34601E9080EA3B50649103EBCA
:105640007061209B81EA396288EA33431D930EEB37
:1056500033631F9303EB32433D9383EA70603790CB
:1056600001EB3050599080EA32403A903F9A4FEA2D
:105670003060609054988118529881EA00034498F1
:105680001B9300EB334E8EEA020044901C9A01EB10
:1056900030584599429843185F9883EA000441982E
:1056A00000EB344585EA0106469903EB36505290EB
:1056B00080EA344905EB3960209080EA365C4398F3
:1056C0004618639808EB7C65704002EB304B479AB4
:1056D0008BEA010A06EB3A51439181EA304458992A
:1056E000229885EA34660B185B99594002EB3142E7
:1056F0005040429003EB305383EA31405B9002EB21
:1057000030601C9000EB3641479181EA7C61459105
:105710000BEB34601A9005EB3151549181EA36411C
:10572000419180EA3A504FEA3161639103EB706234
:105730001B9982EA396388EA314119910EEB316194
:105740001B9101EB3341469181EA70603F905C9977
:1057500002EB3050589080EA33402290239A4FEA6F
:1057600030605F905398104480EA01034C9917937E
:1057700001EB3341189151404D9A4C9100EB315B54
:1057800048985E99104480EA0105259901EB354659
:1057900086EA020100EB31505C9080EA354A06EB64
:1057A0003A60259080EA31554F9949980BEB756E18
:1057B0004618629886EA0002249800EB324989EA8A
:1057C0000108509906EB3850499080EA32445798C6
:1057D000299A8EEA346609EB346900EB020C5D9875
:1057E0008CEA000301EB334181EA020048900CEBA4
:1057F000305282EA33405D9001EB306C89EA3851D7
:105800000CEB3640509080EA75604D9002EB71626F
:105810000EEB3050539080EA3640299082EA3A6489
:105820004FEA3060629017988BEA3043189800EB8B
:10583000336505EB34404F9080EA716024902A99DB
:1058400002EB3050579080EA344023904FEA3060AA
:105850005E90349881EA30514A9800EB7162269844
:1058600082EA3064279800EB34402A9080EA716025
:105870002790289902EB3050349080EA34402690EB
:105880004FEA30604A902C9881EA3051369800EB0C
:1058900071624B9882EA30642D9800EB34402D9071
:1058A00080EA71602C90219902EB3050369080EAAA
:1058B000344018904FEA30604B903C9881EA305168
:1058C0004E9800EB71621D9882EA30641E9800EBDE
:1058D0003440289080EA716021901F9902EB30508B
:1058E0003C9080EA34401E904FEA30604E903198F0
:1058F00081EA30513E9800EB7162519882EA30643F
:10590000359800EB3440359080EA716031901C99F5
:1059100002EB30503E9080EA344A4FEA3A605190B0
:10592000429881EA3051529800EB7162199882EAEC
:1059300030641A9800EB34401F9080EA71601D902B
:105940001B9902EB3050429080EA344B209A4FEA88
:105950003B605290449881EA3051439800EB716665
:105960005B9886EA306002EB30485D9A88EA716E97
:1059700006EB3E51439181EA30445C994FEA346032
:105980005B9048988CEA305001EB706C49998CEA36
:10599000336309EB334989EA70660CEB3650489063
:1059A00080EA334C259B4FEA3C6009EB3C6C5C90F1
:1059B0004C9885EA305001EB706181EA326203EB6A
:1059C000324585EA706301EB3350499080EA3240FA
:1059D0002E9A4FEA306105EB30655D9185EA3350D0
:1059E000309901EB3261339A309181EA32512F9A2A
:1059F0004FEA71613391389901EB3261329A3891F3
:105A000081EA32513A9A4FEA716132913D9901EB44
:105A10003261379A3A9181EA3251399A4FEA71618B
:105A20003D91409901EB32613B9A409181EA3251BC
:105A3000229A4FEA71613B91469901EB32613F9A9C
:105A4000449181EA3251419A4FEA716146914799F6
:105A500001EB3261459A479181EA3251239A4FEA2C
:105A6000716145914F9901EB3261249A4C9181EA21
:105A70003251299A4FEA71614F91509901EB32618D
:105A80004D9A509181EA3251189A4FEA71614D91C5
:105A90002D9901EB32612C9A2D9181EA3251269A8F
:105AA0004FEA71612C912A9901EB3261279A2E916C
:105AB00081EA3251319A4FEA71612F91359901EBA8
:105AC0003A61359181EA32511E9A4FEA7161319102
:105AD000289901EB3261219A379181EA32514FEADC
:105AE0007161399108EB3461419181EA3E51DDF8F1
:105AF000ACE04FEA70684FEA71618CEA36503F9132
:105B0000AEF1010E1F994FEA706601EB3B6B1D99D8
:105B10008BEA31514FEA716AAAE4169E2EE156983B
:105B20007590369874905A987390349872905598EE
:105B300071903E98709059986F903C986E905498E0
:105B40006D9043986C9058986B9042986A905398D7
:105B500069904998689057986790489866902C98F3
:105B60008590339884902F988390329882903198C2
:105B700081903D98809039987F903B987E903F9897
:105B80007D904698009ACDE97BA04598CDE9798033
:105B90004F98CDE977604D987690309895902E98F3
:105BA0009490389893902D9892903A989190379835
:105BB000909040988F9035988E904498CDE98CB015
:105BC00047988B9041988A904C98CDE988C00DF504
:105BD000267C5098CDE986504A98A5906598A49067
:105BE0004B98A3906198A2904E98A1906498A09031
:105BF00051989F9060989E9052989D9063989C9029
:105C00005B989B905F989A905C9899906298989016
:105C10005D9897905E9896901698D0F808115C91D0
:105C2000D0F80C115B91D0F810115A91D0F81411E2
:105C30005991D0F818115891D0F81C115791D0F8FB
:105C400020115691D0F82411559192E83A008CE831
:105C50003A001599149A043142F10002CDE9142159
:105C6000C0E94A1211991298B490CDE9B001CDE97A
:105C7000AC010A98B3900D98B2900B98AF900E9823
:105C8000AE900C98B5910021AB900F98AA90402946
:105C90006DD00DF5167C0DF5267816985CF8013060
:105CA00058F8014000EB810204EB030B66AC651869
:105CB00068686590A8686490E868639076AB5E1841
:105CC00070686290B0686190F068609086A846182D
:105CD00064585B5870685F90B0685E90F0685D9043
:105CE0000CEB0100D0E901A9D0F80CE008EB0100B1
:105CF000D0E9018CC56886A8589E40581031C2F87A
:105D000030B0304410625C981844106129485D9BA3
:105D10002044106005EB0E00D0630CEB090090638B
:105D200008EB0A00506355981844D06256985E9B61
:105D30001844906257985F9B184450625998609B32
:105D40001844D0615A98619B184490615B98629B9B
:105D5000184450611848639B1844D0601748649BEE
:105D6000184490601248659B184450608FE7169E57
:105D70000024DDF824801099C6F8004108460D463D
:105D8000139942460E4BF8F7B4FC02460B4606EB5D
:105D90008400C4F14001FDF795FE2044C6F80001DF
:105DA00029443046FFF7F0BA0DF5377D02F0EDB922
:105DB0006E642033657870617465206B322D627972
:105DC0006C430400B0B502AFADF53A7D002400BAD3
:105DD000B99008BA8DF810400394CDE90144BC682D
:105DE000B89010BAADF81140240CB79018BA8DF8DD
:105DF0001340B6905DA8041DB6A92046FAF724F812
:105E000005AD21464FF4B072284617F055FD01A9A3
:105E100028460A4600F011F89DF81300BDF811104D
:105E200041EA00400DF53A7DB0BDDCB504AF02F0AB
:105E300015FC0623F5F77EFADCBDF0B503AF4DF88F
:105E4000048D90B06C460D460646204620219046B3
:105E500017F03BFC2046294600F00EF808AD31460D
:105E600022462846F9F76EFB4046294602F0F6F92D
:105E700010B05DF8048BF0BDD0B502AF86B001ABB9
:105E80000022102A03D08C5C9C540132F9E701A94E
:105E900002F0E4F906B0D0BDF0B503AF4DF804BD93
:105EA00088B06E460D4604463046202117F00DFCA2
:105EB000284631462022FFF735FA304604F040F8F4
:105EC0000028F5D06946204602F094FA08B05DF843
:105ED00004BBF0BDB0B502AF064B02F0DCFC19B15B
:105EE0006A1CA260027800E00122B1FA81F011463A
:105EF0004009B0BD303B0400B0B502AF074B02F023
:105F0000CAFC022902D240F20110B0BDA91CA16056
:105F100001784078090441EA0060B0BD303B0400DC
:105F2000F0B503AF2DE9000704461B481B4DA847F9
:105F30001B48A84704F1100000F054F81948A8477E
:105F40001948D4E9009AD4E90268A8474AEA080047
:105F500049EA0601084315D002F0E7F90E4C204645
:105F6000A8471248A8472046A8471148A8474846CE
:105F7000514632464346FCF75EFA0020A84700200F
:105F8000A84701E002F092FA0020BDE80007BDE852
:105F9000F040FCF781B900BF140000009922020014
:105FA00014020000220200000E0000002602000081
:105FB0005C010000F0B503AF4DF8048D04460848BD
:105FC000984615460E46FCF767F9204631462A46A4
:105FD00043465DF8048BBDE8F040FCF72CBA00BFE7
:105FE00013000000F0B503AF2DE9800F06461248FC
:105FF000124988471248114996F8008096F8019096
:1060000096F802A096F803B03479767988470D4D5A
:106010003046A8472046A8475846A8475046A847B4
:106020004846A8474046A84700200449BDE8080F55
:10603000BDE8F040084700BF1400000099220200AC
:106040002802000005050200F0B503AF4DF804BDBD
:1060500084B00D460446D1E900010922CB681849F5
:10606000984700218DF808008DF8091004F11A03F3
:106070001448042214490195009001A8134DA84723
:10608000217EA7F11203124E033918BF012107F830
:10609000121C104908220096A847617EA7F111033F
:1060A000033918BF012107F8111C0B49082200967B
:1060B000A847FBF7AEFB04B05DF804BBF0BD00BF22
:1060C000F446040009610200C4FF0300F91602004F
:1060D000DD600200101504000015040080B56F4655
:1060E00000780A4600281DBF0649104604220449CC
:1060F00004BF10460522BDE88040FAF77FBC00BF10
:106100007A2F0400B8FF0300F8B504AF0A4610F870
:10611000011B39B101290DD102900E48009002AB4C
:106120000D4904E001900D480D49009001AB104667
:10613000062206E0039005480549009003AB10468F
:106140000722FBF78EFB04B080BD00BF6561020033
:106150004C47040077610200464704008961020051
:106160004047040080B56F460A4600681021BDE82C
:106170008040FCF70BBE80B56F460A4600680421DC
:10618000BDE88040FCF702BE80B56F460A46006855
:106190000221BDE88040FCF7F9BDD4D4D0B502AFF0
:1061A00004460448FCF778F804F00100BDE8D0404C
:1061B000FCF7AEB80E010000D0B502AF04460448AB
:1061C000FCF76AF82046BDE8D04000F003B800BFF5
:1061D00003020000D0B502AF04460078DFE800F00B
:1061E000114B303C265E6A43792A6E24286222379E
:1061F0001A546C815C607F832E2C891885877B52B2
:106200007D0002F053F96078BDE8D040F9F7FABF9D
:106210001B206FE01020FCF77BF83848BDE8D04029
:10622000FCF73AB80E2065E00B2063E0042061E043
:106230000C2044E009205DE019205BE0182059E0C3
:1062400002F01BFB6078BDE8D04000F059B80F2089
:10625000FCF75EF8606838E002F06EFB6078BDE83D
:10626000D04000F05BB80720FCF752F8601CBDE896
:10627000D040F9F79DBF02F058F86078BDE8D040F3
:10628000FFF78CBF1F2035E01120FCF741F8608834
:10629000BDE8D04000F070B814202BE0052029E0C4
:1062A000152027E00D20FCF733F86078BDE8D040DA
:1062B00000F054B8062002E012201BE00A20FCF790
:1062C00027F86068FCF7A6F8A068BDE8D040FCF7A6
:1062D000A1B808200EE01E200CE020200AE01620C5
:1062E00008E0132006E0172004E01C2002E01D2037
:1062F00000E01A20BDE8D040FCF70AB80F02000009
:10630000D0B502AF04460448FBF7C6FF2046BDE8FF
:10631000D040FBF7FDBF00BFF9010000B0B502AFF0
:1063200004460948094DA8470948A8470948E1B269
:10633000094A50F8210052F82110F9F72BFF0020EC
:106340002946BDE8B0400847140000009922020029
:106350002A0200008C53040048530400D0B502AF59
:1063600004460448FBF798FF04F00100BDE8D04064
:10637000FBF7CEBF04020000D0B502AF04460648CA
:10638000FBF78AFF0549A0B251F820000078BDE86C
:10639000D040FBF7BDBF00BF0E020000D053040089
:1063A000D0B502AF04460548FBF776FFE068FCF77E
:1063B00031F82046BDE8D04000F002B809020000E4
:1063C000D0B502AF04460648FBF766FFA068FCF7AD
:1063D00021F8D4E90001BDE8D040FCF7C9BD00BFF9
:1063E0000A020000D0B502AF04461148FBF754FF83
:1063F00014F8010B48B1012812D101F096FF0D48A5
:10640000FBF74AFF2046042106E002F04FF80A4855
:10641000FBF742FF20460221BDE8D040FAF7E6B97B
:1064200002F02BFA2046BDE8D040F9F7C1BE00BF0C
:10643000100200001100000010000000B0B502AF13
:106440000546104802F012FAA81EE9B2022938BF28
:106450000220C0B2DFE800F00210040E00200CE0C1
:1064600002F00BFA284600F00FF82046BDE8B040D5
:1064700000F00AB8032000E00120BDE8B040FBF7BF
:1064800047BF00BF05020000D0B502AF0446044874
:10649000FBF702FF04F00100BDE8D040FBF738BF76
:1064A000FF010000D0B502AF04460448FBF7F4FE3C
:1064B0000FCCBDE8D040FBF7BEBF00BF130000000B
:1064C000F0B503AF2DE9000F91B000900DF1040974
:1064D000886809F11005D1E900640DF1240A4FF034
:1064E000000804EB001B5C4519D00020102803D0E5
:1064F000215C01F076FFF9E748463146FFF7BCFC26
:10650000009950464A46C5E90088C5E90288F9F76E
:1065100019F83046514601F0A1FE1034E3E711B0FE
:1065200001F033BEB0B502AF86B013460446D1E9E0
:106530000120101A984202D2002020710DE0084874
:106540000968009002A800F00DF802AB00250FCBFF
:10655000C4E9011504F10C012CC1206006B0B0BDE6
:10656000A03B0400D0B502AF9A4221BFD21ACC188A
:1065700080E81A00C26028BFD0BDBA681321014864
:10658000FAF7AAF9F13B0400F0B503AF4DF8048D1A
:1065900082B00446D0E901308846191A914201D2EE
:1065A00000200BE0154622684619054901F033FE2C
:1065B000044A2B4601F07AFD0220A66002F00EB9D3
:1065C000B03B0400C03B040080B56F46D0E9001228
:1065D0008068024BBDE88040F7F7AFBED03B0400B7
:1065E00080B56F46D0E900128068024BBDE880405C
:1065F000F8F77FB8E03B0400D0B502AF044600F0E6
:106600009FF8074901EA800140293EBF201D890803
:10661000D0BD044B043104204022FBF713F800BF27
:10662000FCFF03000C3D0400F0B503AF4DF804BDC2
:106630000C46064600F084F805463046FFF7DCFFBE
:106640008C423FBF50F824000C4901EA850151FA01
:10665000A0F13FBF6FF0FF0202EA10421144C0F305
:10666000C0303FBF01EB400004305DF804BBF0BD1B
:10667000014A2046FBF72CF8CC3C0400FCFF030049
:10668000F0B503AF4DF804BD0C46054600F058F8D0
:1066900006462846FFF7B0FF631C8B423CBF00EB69
:1066A0008300428808488B4228BF320C214600EA0A
:1066B00086001044061D2846FFF7B6FF301A38BF83
:1066C00000205DF804BBF0BDFCFF030080B56F4601
:1066D00001F09BFE4022BDE88040F8F70AB8D4D410
:1066E000F0B503AF4DF804BD0C46064600F028F89F
:1066F00005463046FFF780FF8C423FBF50F824002C
:106700000A4901EA850151FAA0F13FBF6FF0FF028B
:1067100002EA1040084404303CBF5DF804BBF0BD01
:10672000014A2046FAF7D4FFDC3C0400FCFF0300DA
:10673000DCB504AF01F092FF4023F4F7FBFDDCBDB4
:1067400080B56F46006880BDF0B503AF4DF804BD5D
:106750000C46FFF751FFF1B1A3B20A460021012A0E
:106760000ED901EB5204A2EB520200EB840610F8A2
:106770002450767866F30E259D4298BF2146EEE7B9
:1067800010F8212000EB8100407860F30E229A423D
:1067900003D1012004E0002101E038BF01310020D5
:1067A0005DF804BBF0BDD4D4B0B502AF0D460446CD
:1067B000FFF722FF8D4219D200EB850090F901000E
:1067C000002805D420462946BDE8B040FFF758BF51
:1067D00020462946FFF784FF3F280BD81CBF205ACC
:1067E000B0BD074A40204021FAF772FF024A28460E
:1067F000FAF76EFF014AF6E71C3D04002C3D040049
:106800003C3D0400F0B503AF4DF8048D044608B2DA
:1068100000281BD42046FFF797FF012816D12046F9
:106820000E46FFF701FF0C4B21464022F7F756FFBB
:106830000546884620463146FFF7B6FF01464045EB
:1068400005D9064B00204246FAF7FCFE00252846F3
:106850005DF8048BF0BD00BFEC3C0400FC3C040080
:10686000D0B502AF0446FFF76BFF0649064B01EABD
:106870008001043101EB10422046FFF759FF16F06A
:10688000B3FFD0BDFCFF0300783C0400F0B503AFBC
:106890004DF8048D984615460E460446FCF74EF812
:1068A000D7E90223FCF75EFAC4E90C010020114984
:1068B000C4F84E1041F20801A4F8520084F84800D0
:1068C0000220C4F84A1084F8380084F8290030689F
:1068D000D6F80310C4F83A00C4F83D102868D5F87B
:1068E0000310C4F8410084F8498061645DF8048BAA
:1068F000F0BD00BF0003081080B56F4602F0CEF96E
:10690000002818BF012080BDF0B503AF2DE9C007F6
:1069100090F8805100F5B87816468946C5F1100404
:106920008246A2422ED975B1244B284601F06AFF57
:10693000234A234601F016FD50464146012200F04D
:1069400045F8361BA14416F00F054FEA161208BF92
:1069500010254FF0FF3008BF00EB161209EB0214B0
:106960001AB15046494600F031F8164B28464146C8
:106970001022F7F7E2FC144A2B4600922246FDF75C
:1069800091F810E00A4B284601F03CFF094B024603
:106990000C46114630462246F7F7CFFC064A3346EE
:1069A00001F0E0FC35448AF88051BDE80C07F0BDE9
:1069B000003B0400103B0400203B0400C03A0400EC
:1069C000D03A0400E03A0400F03A0400F8B504AF0D
:1069D000CDE9021200F5B071019101A9FFF770FD38
:1069E0008FBD80B56F460A780D2A06D00E2A06D1D3
:1069F0000431BDE88040F8F719BAFF2100E0FE211C
:106A0000017080BD80B56F460A78102A0ED0112A19
:106A100009D0122A1EBFFE21017080BD0431BDE8DD
:106A20008040F8F703BAFF21017080BD40F6037182
:106A3000018080BDBFB506AF0446B86803900878F2
:106A4000CDE901230FF20402DFE800F00210050E89
:106A5000D1E9010105E08B78C81C114A194600F004
:106A600073F801AA02AB09E00E200CE04D888A6899
:106A7000AA420FD3486801AA02AB294600F014F8D5
:106A8000019919B107206070012001E060600020C9
:106A90002070BFBD034B00202946FAF7D3FD00BF8D
:106AA0000C3F0400FC3E0400F0B503AF2DE9F80FE5
:106AB000D2F8009092460C4689452AD2D3E90016B6
:106AC00098461C4BA4EB0905B54228BF35468346C2
:106AD000284632460491F7F730FC174B2246CDE9A1
:106AE000021048465946F7F7F9FD8D421AD802467A
:106AF000124800902B46DDE90210FCF7D3FF104B43
:106B0000284604993246F7F7F4FDC8E90001002051
:106B100002E0A9EB04000025CAF80000284605B0F1
:106B200001F0BEBC074B0C46002029462246FAF76E
:106B300089FD00BF1C4304002C4304004C430400A7
:106B40005C4304003C430400152938BF704780B5FE
:106B50006F46134600201422FAF774FDF0B503AF18
:106B60004DF8048D82B00646007815468846022806
:106B700015D0012819D1B3689D4213D872682946EF
:106B80001748002400900020F4F7D4FB154A2B4648
:106B900001F08CFA7078012808BF758017E07078D2
:106BA000854205D901240D2111E0012403210EE0C5
:106BB000094BF01C00212A46002400F015F8074A72
:106BC0002B4601F073FAF07D012808BFB57020460E
:106BD00002B05DF8048BF0BD5C3F04006C3F040024
:106BE0003C3F04004C3F0400DCB504AF01F036FD2F
:106BF0001423F4F79FFBDCBD09B3F0B503AF2DE917
:106C0000800F0A6801F1100A009200F11002D1E928
:106C100001E8D1F80C909AE8781882E87818009A80
:106C2000C0E9002E91F8282091F82910C0E90289C6
:106C300080F82820BDE8080FBDE8F04000E0022100
:106C400080F829107047D4D4DFB506AFD0E9001220
:106C500004460D4B01A8F2F7F5FEDDE90101002223
:106C6000490019B100F8022B0239FAE7039801F044
:106C700058FB064904F10800FEF746FB0C46FBF7FB
:106C8000B3FF01F05FFBDFBD4C3D04005C3D040041
:106C900080B56F4601F0B9FB4022BDE88040F7F7B0
:106CA0004CBBF0B503AF2DE9F00BBD6804460E46B2
:106CB00068798DF80A00B5F8031000F0C00040288C
:106CC000ADF808102AD102A803219846914600F099
:106CD00029F89DF80A004A46BDF80810434641EAE3
:106CE0000040009020463146FFF76CF8ADF80C00EC
:106CF000000C8DF80E0003A8032100F013F8A8780B
:106D00002988BDF80C2041EA00409DF80E1042EAA7
:106D10000141081AB0FA80F0400900E0002004B0F8
:106D200001F00DBEF0B503AF2DE9FC0780461B480E
:106D300000904E0802A88946414632463346FFF786
:106D400011FC17483246009008EB0900DDE9025AB1
:106D5000A0EB590102A83346FFF704FC4FF0FF30C7
:106D600000EB590CDDE9023100266046441C0AD0D4
:106D7000B2450BD08C450ED2AC5D1A5CAA550136DB
:106D80001C540138F2E706B001F093BB064A5046A6
:106D90005146FAF79DFC034AFAF79AFC403B04007F
:106DA000503B0400703B0400603B040090F83E112F
:106DB000022901D102200EE0FEB506AF00F120014C
:106DC00001A800F013F89DF80400FE3818BF012058
:106DD00006B0BDE880406FF0010151FA80F1B1FAD0
:106DE00081F14909084300F00100704780B56F4602
:106DF00091F8C820022A03D1BDE88040FFF7F1BD19
:106E0000BDE88040FFF7FEBDF0B503AF2DE9C00738
:106E1000D0E90165824608468846741BFEF7A4F94E
:106E20008C4201D2002013E001EB0509DAF80020C2
:106E300009483346009028464946F4F77BFA01F0AA
:106E4000F3FC40461A46FEF799F90220CAF808906A
:106E5000BDE80C07F0BD00BF6C3A0400F0B503AF0D
:106E60004DF804BD82B08A88838A04695A400B6851
:106E700063401A4306D1827D8B795A40D20701D1F3
:106E8000012010E0D0E90045D0E9022345EA0300E3
:106E900044EA0206304305D0009120462946FFF718
:106EA00000FF00E0002001F077B8F0B503AF2DE956
:106EB000C00705460C4655F8103F51F8102FAE8814
:106EC0005A408B8873401A4304D1AA798B795A406F
:106ED000D20732D0D0E900A8D0E9026948EA090017
:106EE0004AEA060210431DD0009150464146324600
:106EF0004B46FFF7D6FE00BB0FCC41EA030C40EA3D
:106F0000020454EA0C041AD080EA0A04564044EA07
:106F1000060C81EA080683EA0904344354EA0C04A7
:106F200007D10AE00FCC41EA030440EA02063443E9
:106F300005D00095FFF7B5FE08B1012000E0002064
:106F4000BDE80C07F0BDD4D4B0B502AF044601F1E2
:106F500008000649F2F729FD00F11005C069E0605C
:106F60002CCD08682CC401380860B0BD7C3E0400FC
:106F7000D0B502AF0C4607490830F2F707FD0122F1
:106F8000D4F8033002722268C0F80920C36001F00F
:106F900068F9D0BD9C3E0400F0B503AF2DE9F80FB1
:106FA000824601F108003049F2F7F0FCD0E90465AF
:106FB0008946D0E9064B45EA0B014FF0000846EA46
:106FC0000402114347D08DF8068000F5A470ADF897
:106FD000048001A90322FEF7A5F99DF806100120FF
:106FE00022465B4660F39F118DF80610C8B2BDF8CB
:106FF000041041EA0040009030462946FEF7E2FEC8
:10700000ADF80800000C8DF80A000321ADF81080DF
:107010000622CDF80C8003AC144B2046FEF705FF8A
:10702000134A0323009201AAFCF73CFD114B2046B2
:1070300000210322FEF7F9FE0F4A0323009202AA61
:10704000FCF730FDBDF810004FF00108AAF805006C
:107050000398CAF80100D9F800008AF800800130CE
:10706000C9F8000001F02CB8AC3E0400803A0400DE
:10707000903A0400A03A0400B03A0400B0B502AF60
:107080000C686FF00045AC423FBF631C0C4644F8EF
:10709000083BC0E900423CBF8160B0BD1846FAF72A
:1070A0008FFFD4D4F0B503AF2DE9F80F99461B4BF1
:1070B000804602A8FFF7E2FF029C54F8280900EB83
:1070C000400005010DB304F1400B49465846FFF757
:1070D000ECFE303D30340028F4D0206808F1100573
:1070E0000190D4E901E9D4F80CA09BE84F1085E8A1
:1070F0004F100198C8E9000E94F8290094F8281060
:10710000C8E9029A88F8281000E0022088F82900CF
:10711000049801F0E3F900F0D3BF00BFCC3E0400B7
:10712000F0B503AF2DE9000F8BB0044604A80D465F
:1071300000F070F8049801282ED0DDE9059605F1DD
:107140001001DDE9078A04A800F064F8049801281A
:1071500022D0DDE905504FF480710390DDE907B0DE
:107160000290204616F0F6FB03990020C4E9471B65
:107170000299C4F824114021C4E94296C4E9448A22
:10718000C4F81851C4F80011C4E94A00C4E94C001D
:107190000BB0BDE8000FF0BD0598099004480699B2
:1071A00000900448044B0A9109AA2B21FAF739FFF1
:1071B00000470400FA3B0400283C0400F0B503AF8C
:1071C0004DF804BDA2B011AD0E460446402101F0B9
:1071D000BCFB05F120012846324601F0FCFF01AE60
:1071E0002946402200F0E5FF28463146FCF7D6FB51
:1071F000691C204601F0FEF828463146FCF7CEFB1C
:1072000004F1200005F1210101F0F4F822B05DF84D
:1072100004BBF0BDD0B502AF0446043001F01EF847
:1072200000202060D0BDD4D4DCB504AF0C4601F002
:10723000E3F909220549984700218DF804006846C2
:107240008DF805100094FAF7E4FADCBD534704000A
:10725000F0B503AF4DF804BD82B00D460446D1E948
:107260000101EA68401A904201D2FE2022E028463D
:10727000FEF742FE0646C00705D0F0054FF00D00B0
:1072800058BF042011E0E8682946821E684600F0D5
:1072900015F8009919B1019A330CFF2005E09DF80B
:1072A00004100420002918BF0D20C4E90212012196
:1072B000A3806170207002B001F04BB8F0B503AF4D
:1072C0004DF804BDD1E90164331B934203D2002180
:1072D0000160017108E0A51808D2B54206D80B6814
:1072E0008D601919C0E9001201F033B8024B204635
:1072F00029463246FAF7A6F9DC3F040080B56F460E
:107300000178DFE801F002020406806880BD407861
:1073100080BD408880BDBCB504AF04468888ADF808
:10732000040008688D79062100906846FFF7FAFC92
:10733000BDF80400A4F8050000982570C4F8010009
:10734000BCBDD4D480B56F46D0E900128068024B32
:10735000BDE88040F7F7C2B9EC3F040080B56F4646
:107360000278FF2A0CD10279082A2ED80221DFE800
:1073700002F033052725050523232A0001692BE0A8
:10738000B2F10A0198BF002131B101291CBF0120CF
:1073900080BD8068033080BD0A2A1FD80221DFE843
:1073A00002F006061B161B190D1D1D1D0D000130D8
:1073B000FDF7DAFE04310FE0C1680DE004210BE0B7
:1073C0000069411C08E0002106E00069E2E78068EE
:1073D000811C01E0C068811D481C80BD02480F214E
:1073E000024AFAF76EF900BF4C4204005C42040006
:1073F000F0B503AF2DE9000F89B004460020CDE9B8
:107400000312059003AD2846FEF764FD0E4601F019
:107410000101C00703D06170FE202070C1E1E1B915
:1074200003A8FFF78FFF0546F0B21E2843D00A4697
:10743000522842D1012A00F0ED81002A00F0ED81AE
:10744000DFF87C3402202946B5F80080F7F746F9CA
:1074500005460A460E0A0B202EE006A895E80E0007
:107460000EC0701EC0B2012645080E2D00F2A68186
:107470000822DFE815F00F006F005F004D00540098
:1074800077007E00A3018E00A400A301A301A30145
:107490008500450006A8FEF71DFD0E46C00740F01A
:1074A0008D8106A8FEF728FD0546C00700F08A81F9
:1074B000C5F3002682E10C2062E1B01EC0B2410893
:1074C0000F2900F270810920DFE811F01000F200AE
:1074D000C6009C00BA0002016D01150144016D0156
:1074E0002B0195006D016D016D015301002A00F023
:1074F0009781012A00F0A88195F800900420A8E067
:1075000006A8FEF7F9FC8046C0073FD101256DE0D3
:10751000DDE90680012208994FF000094FE006A836
:10752000FEF7D8FC0E46C00740F048815FFA86FCA3
:10753000042238E006A8FEF7CDFC0E46C00740F056
:107540003D81701EC0B2012800F237815FFA86FCCF
:10755000022228E006A8FEF7CFFCC1072AD0C0F31C
:1075600000262BE103A8FFF7EDFE80460846062221
:1075700005E003A8FFF7E6FE8046084607221EE066
:1075800006A8FEF7B9FC8046C0072ED0C8F3002637
:1075900014E106A8FEF79EFC0E46C00740F00E81DF
:1075A0005FFA86FC05224FF00009DDF81880079885
:1075B000089904E04FEA10694FEA104E00225FFA82
:1075C0008EF3454643EA092304F10C0E25818EE82B
:1075D0000310FF2020704FEA1860E0724FEA184055
:1075E000E38066712271A072DBE0002506A8FFF738
:1075F000A9FEFF22E8E7002A00F0148195F800B008
:107600000820B6E0002A00F00F81012A00F01E8158
:10761000022A40F22B81032A00F035812888062AAD
:10762000698800F0EA80142A40F0C5806E8A4FF025
:10763000020BD5F80630D5F80A20D5F80E80DEE02A
:10764000002A00F0F380012A00F0028195F80090F2
:10765000022095F801A04DE0002A00F0E980012AFF
:1076600000F0F880022A40F20381032A00F00D8125
:10767000042A40F21281052A00F01281A8782946D6
:107680000290E878A14B060268790190062001F08B
:10769000CEFA95F804B0F7F721F80246029888462A
:1076A0000199304340EA0B4040EA0165052050E073
:1076B000002A00F0BF80012A00F0CE80022A40F2AA
:1076C000D980032A00F0E38095F8009006200EE0B0
:1076D000002A00F0B180012A00F0C080022A40F2A6
:1076E000CB80032A00F0D58095F800900A2095F809
:1076F00001A06D883DE0002A00F0A080012A00F082
:10770000AF80022A40F2BA80062A69D0032A00F02C
:10771000CC80142A4FD18E4B042015211422F9F766
:1077200091FF002A00F08C80012A00F09B80022A41
:1077300040F2A680032A00F0AE806A4B042029465E
:1077400001F075FA6E88F6F7C9FF024688460720F1
:1077500035460EE0002A75D0012A00F08580724B74
:107760000220294601F063FAF6F7B8FF05460A46FB
:1077700003205FFA89F14FEA184341EA0A21160A09
:107780002070300CA4F80960C4F810C0E381A4F89C
:107790000C8022726560618084F801B0E072C4F8E8
:1077A00014E000F0A1BC6C48FAF798FD3046F8F7F9
:1077B000A9FEFAF7FBFE012002E0012606F0010017
:1077C000607029E6DDE906120898394BF6F786FF66
:1077D000002968D090F800E04FEA15480322EEE651
:1077E00028884FF0000BB5F802E095F8049095F862
:1077F00005A04FEA004C0020BBE74FF0000BC6EAA3
:10780000004C1FFA81FE95F80490012095F805A020
:107810001D46AEE7284A00F06FFC284A00F091FBB5
:107820003E4AFBE72B4AF9E7434AF7E7404AF5E7C8
:10783000334AF3E72E4AF1E7234AEFE7424AEDE7FE
:10784000264AEBE7374AE9E7334AE4E7394AE2E711
:10785000364AE0E7294ADEE7244ADCE7194ADAE754
:10786000384AD8E71C4AD6E72D4AD4E7334A08E01D
:10787000244A06E01F4A04E0144A02E0334A00E0CA
:10788000174A00F0F6FF2E4A10E0224A0EE01A4A8C
:107890000CE00F4A0AE0144A08E01B4A00F0A2FF7D
:1078A0001B4A00F0A7FF034AB8E72A4A00F0A9FDE7
:1078B000303B0400784504008C4204007C42040004
:1078C0009C4204001C4204000C4204002C420400B0
:1078D0003C420400FC410400BC410400AC410400F3
:1078E000CC410400EC410400DC4104007C41040074
:1078F0006C4104008C4104009C4104000C410400D4
:10790000FC4004001C4104003C4104005C410400B4
:107910004C4104002C410400EC400400DC40040015
:10792000BC400400AC400400CC4004009C40040077
:107930008C4004005C4004004C4004006C40040097
:107940007C4004000C400400FC3F04001C40040088
:107950003C4004002C40040067000000F0B503AF79
:107960002DE90007C4B08246494825900DF18809E9
:10797000484888462490494647481C462390164666
:1079800046482290104600F0ABF806F1200548B3B7
:1079900043482590434824904348239043482290ED
:1079A00006F1100022A900F09BF8D8B140482590BC
:1079B00040482490404823904048229022A92846DD
:1079C00000F08EF870B13E4825903E4824903E4825
:1079D00023903E48229006F1300022A900F080F862
:1079E00000284FD13046214600F080F830B104F134
:1079F0002001284600F07AF8002843D102AC40214B
:107A000001F07FF9324A20462021FFF741F9314A3F
:107A1000202300923246FCF745F82F4A20462021C9
:107A2000FEF754FE2D4A202300F08AFE0420214652
:107A30008DF8880009F10100402215F0E2FF34AC16
:107A4000402101F05EF904F1200120464A4641231D
:107A500001F0F5FBB0B112AC34A9402200F0FBFB01
:107A600022AD202100F071FF04F120032846414699
:107A7000224601F0B6FB0AF10100294600F0BAFCEB
:107A8000012000E000208AF8000044B000F011BDA1
:107A9000E9F9A5B95E2C83A7F297BE2C20B003D2DA
:107AA0000E359DE6CC030148ACF4FDDBEFF49111FB
:107AB0005A52155C63329ABF652AEB6DDC809C4993
:107AC0001589D28B741C8ED08FED3024766345C21D
:107AD000AC420400BC420400CC420400DC4204007E
:107AE00080B56F4601F0DAF800F0C9BC80B56F468A
:107AF000202215F0DDF800F0C2BCD4D4F0B503AFFD
:107B00004DF8048D92B004460AA80D462021164671
:107B100015F0DBFD1F2E2AD90DF108082946202279
:107B2000404615F06EFF154B202029463246F6F7E9
:107B3000D5FD0246124800900AAD0B46202128468A
:107B4000FBF7B0FF40462021FFF7ECF82846202144
:107B5000FFF7E8F82046414600F04CFC04F1200015
:107B6000294600F047FC12B05DF8048BF0BD054BD0
:107B7000002020213246F9F765FD00BFFC420400D9
:107B80000C430400EC420400F0B503AF2DE9F80FFC
:107B900016C84FF000083CB1601E904229D22C2339
:107BA00000FB03102C3001E0002408462C23A7F131
:107BB0002D0902FB03154FF4205A42F6010BA8428F
:107BC00017D000F11A06494607F82D8C304627F8E1
:107BD0002CAC00F014F870B93046494607F82D8CEB
:107BE00027F82CBC00F00BF828B906F1120001347C
:107BF000E5E74FF6FF74204605B000F051BC80B5B4
:107C00006F4602780B789A421CBF002080BD01317C
:107C1000013022B1012A07D10968006801E0098812
:107C20000088401A00F02BBCBDE88040FFF758BF29
:107C300080B56F4601784278807840EA012040EABA
:107C4000024080BDD0B502AF02780AB90A780AB105
:107C50000520D0BD8278520702D48A78520702D517
:107C60004278032A01D10220D0BD4B780FF20A01DD
:107C7000022001EB8304DFE803F0030C111009007C
:107C80000120022A38BF02200021D0BD0648074942
:107C900001E007480749805C895CD0BD901E012146
:107CA000B0FA80F04009D0BD0F5404000A5404001B
:107CB0000554040000540400F0B503AF2DE9800F13
:107CC0008246FBF7CDFDDFF864B080461849584680
:107CD000FDF71AFB00220024B2F5FC5F11D0264606
:107CE0001346855C0134FC32012DF5D10024024499
:107CF00000EB0309C4546FF0FA0050B11454013082
:107D0000FBE700F0AEFA4046FBF7E0FD4FF0000B5A
:107D100008E000F0A6FA4046FBF7D8FD09F10100A3
:107D2000CAE90160CAF800B000F071BC187A0320FB
:107D3000903B040080B56F46C00718BF80BD024865
:107D4000BDE88040FAF7D6BAC6000000F0B503AF30
:107D50004DF804BD0C460646FBF782FD0E4905466C
:107D60003046FDF7D1FA202C3FBFC4EB841201232B
:107D700000F8223008683FBF0130086028465DF8EF
:107D800004BB3CBFBDE8F040FBF7A0BD034A204662
:107D90002021F9F79DFC00BF803B0400CC3F04008C
:107DA00080B56F46062A3CBF002080BD027843782C
:107DB000D0F80200C1F8020002200B704A7080BDAA
:107DC000052A08D90A78052A07D24B784BB1012B2E
:107DD00003D1012306E0022101E04FF4817101800B
:107DE00070470023B0B502AFCC78072C01D3102C1C
:107DF00003D94FF481710180B0BD8D788988C4703A
:107E00008570427003708180B0BDD4D480B56F4658
:107E1000084603490222BDE88040F8F7EFBD00BFE5
:107E20005C470400CBF8E00C02F59070CBF8DC2C3A
:107E3000CBF8000DCBF8041D70479DF81300E070DF
:107E4000BDF811009DF82310DDE90565A4F80100D7
:107E5000BDF82100079A9DF82030ADF80C008DF890
:107E60000E102374C4E90165E260A4F81100E17406
:107E700070479DF82080DDF81C90BDF821009DF82A
:107E80002310DDE90552ADF80C00A4F811004846B6
:107E90008DF80E10E17441460292EFF7EFBE42F208
:107EA00048700AEB0004D8F80020704795E80E00EF
:107EB00050460EC03046DEF739B92B98B0F868202E
:107EC000406ED0E90001DDF74ABE2374C4E90165C4
:107ED000E260A4F81100E174704700208BF8090DEE
:107EE0004FF49070BBF84E137047DDF86C279DF887
:107EF0007007DDF868177047DDF8389219F1020055
:107F000070478DF840005846FEF73EBB31468DF86D
:107F100041000222D9F808007047759BDDF8D101B5
:107F2000CDF87B315E905E987047D4E90201013054
:107F300041F10001C4E9020170471022304615F0FA
:107F400060BD00200021F9F7C3BBD9E9023182B23C
:107F50001846F1F7E3BABDF819909DF818B09DF8EE
:107F60001BA0DEF74BB8D8F800200AF5195470476B
:107F70004FF4847214F0F0BEE2FB030143F60952A1
:107F8000002315F04BBD21028BF8DC0E00208BF88E
:107F9000D40E0BF6DC60704702B05DF804BBF0BD98
:107FA000029884F810806560C4E90209704785F87A
:107FB000602096E80E000EC0514605F1480090E89A
:107FC0001C005046AA461CC1FEF7FEBA02996FF08B
:107FD0000100086070470521002089F80414290673
:107FE00066F3174189F8FC0341EA042109F20440D1
:107FF0000531C9E97F1AC9F8040270474FF45E7170
:10800000DDE9010251437047012200212A72020278
:1080100000287047D8F800000130C8F80000704709
:108020001F99FD20DDF8ACA008707047102228468B
:1080300015F0E7BCD0E90001DDF791BD0621002075
:1080400089F8F413310289B289F8EC0365F317411A
:1080500009F57D700631C9E97B14C9F8F401704750
:108060000BF108012246F8F735B8114630462A468A
:1080700015F0C7BC424628463146E9F7CBB905465C
:1080800041F269705844072299F8DC41D9F8EC6153
:10809000D9F8BCA115F09CBB8BF8090D4FF490707A
:1080A00070470DF59F680DF55C7970470092424668
:1080B000FBF7F8BC9BF84D43DBF89C5C15F0A1BCCA
:1080C00005B0BDE8000FF0BD08F10500611C1322EA
:1080D00015F097BC84F800B009B0BDE8000FF0BD02
:1080E0001322204615F08DBC09B0BDE8000FF0BD8D
:1080F0001022204615F085BC01200121F9F7E8BACD
:108100000446BDF83102ADF81C029DF833028DF82B
:108110001E028A980C90704701EB800100221C928D
:108120007047CDE92B100BF5107CBBF8580329469E
:108130002A902D959CE87D007DC109F118007047BB
:108140000020279B8AF870001498AAF86C001698F3
:10815000CDF85C80CAF86000CAF850407047054608
:1081600041F2597058440E22D9F8BC41D9F8DC616B
:1081700015F02EBB41F238700BEB0005D9F8C81191
:108180002846D9F8BC41FCF7E1BABDE8000FF0BDC4
:108190003869102200BA6990786900BA6890B869A5
:1081A00000BA6790F86900BA66907047132215F01C
:1081B00028BC304615F025BC8DF841003146E01C46
:1081C0008DF8400058460222FEF7DEB9F4E80210AE
:1081D00049680847D1E90012FAF713BD90E8380062
:1081E0000A46012038C27047DAF800000130CAF8A8
:1081F00000007047D9F800000130C9F8000070474E
:108200001322701D15F0FDBB284615F0FABB42463F
:108210002946E9F7FFB800913146F3F78BB800F52E
:108220005E70A1F55E7170475044CBF8080E4FF4B4
:108230009070CBF8041ECBF8E80D0220CBF80C4E62
:108240007047DDF860A00DF59F68704701684268CF
:108250008368C0687047204615F0D3BB102215F024
:10826000D0BB08680130086070470BF580700BF1D7
:10827000DC012022CBF8FC5015F0C3BBCBF8D41C9A
:10828000CBF8D85CCBF8DC0C704728883146ADF8C9
:10829000410058468DF84090FEF7B6BD52F82020B8
:1082A000D1E90001CB682146704701EBC20203EB24
:1082B000C404C0E90034C0E90212D0BD0FCB41EACA
:1082C000030440EA02052C4370470298DDE90412DA
:1082D000C4E9011200787047FF208DF8F8040520EA
:1082E0008DF8FC047047D9F800100139C9F8001066
:1082F00006B0BDE80007F0BD28683146CDF8410062
:1083000058468DF84080FEF77FBD012041468DF82C
:10831000310204F11200B62215F073BB5DF804BB04
:10832000F0BD01680131016070470120F9F7F0BF2D
:1083300007F8010C781EFAF793B8D8F800105044EB
:10834000FAF796BD20680130206070472846F6F79E
:1083500019BE5DF804BBF0BD4046FDF72DBFB0224D
:1083600015F04FBB00924A46FBF79CBBA7F1680291
:1083700040463146CDF800A0FBF736BE0C9942F6D8
:1083800014200844D8F80010E8F7EEBA0C9942F629
:1083900018200844D8F80010FAF76ABDDDF80C92EE
:1083A000BDF80AA27047C10D1BEB402041F100014E
:1083B000002315F033BBDBF8FC000BF580740021C3
:1083C00000688BF82C11CBE94904704718C80A469D
:1083D00018C201238AF828300388807813809070AF
:1083E0007047325C51403154013070476FF00100EA
:1083F00008607047202215F004BB05F1080114F055
:10840000ABBC03200321F9F763B9134602460846C3
:1084100011467047DDE9CC014FF00408DDF888B063
:10842000DDF880908842189C704781B200F47F028A
:108430000229704714460546EDF7D0B8C0F307226D
:10844000C1B202297047C0F30726C1B202297047A2
:108450005146289511F85F0F1D912739179100217A
:1084600029941B91704702EB716282EA3364704772
:10847000BDE8000BF0BDD0E90001FCF733B8B0FA5D
:1084800080F0400980BD28680130286070470446AC
:108490000568002001C4704700203146F9F7D2B8C2
:1084A000BDE8000FF0BD2146E8F7B4BF0020F9F7A2
:1084B0002FBFBDE80007F0BD5DF8048BF0BD284676
:1084C000F7F75ABE6FF0010028607047D8F808002F
:1084D000102870479DF80000012870470168013995
:1084E00001607047279B002285F89920169AC5F8ED
:1084F0009420CAE91F0170478BF8110E4FF4907059
:10850000CBF8E80D01208BF8D40C7047DDF83480EF
:10851000CBF8080E4FF49070CBF8E80D02207047AE
:108520004846F7F761BE0D46FAF75EBB00F47F419F
:108530000022B1F5807F4FF000034FF00201704739
:108540002946EEF747B806F1080211940DF1240A06
:1085500007CA0EAB07C30EAD70475846F8F7A2B86E
:1085600001208DF8CE01BBF86C03ADF8CC01DBF82F
:10857000680370470020CDE929B98AF82000DAF8AD
:108580000000CAF8140070470AEB0004D8F8001085
:108590002046E4F733B85368D3F81026D3F81436DE
:1085A000FAF7E0BBB2FA82F2520910435DF804BB5D
:1085B000F0BD68304FF0FF3111FA82F6F1F730BAB2
:1085C0000190B868894600904046DDF749BF0246F1
:1085D0000B46114630461A46FEF70ABF90E84C009B
:1085E000404629464CC1DDF735BEBDF84C1050461B
:1085F000DDE91448FCF708BED1E90001CB687047FB
:1086000008680138086070472146E3F781BBBDE880
:10861000080FF0BDD0E90012013142F100027047AD
:10862000D1E90001D1F80CC01946704700F10802E9
:10863000019201AA00927047DDF87B100C221E986F
:108640001A9170472D1A64F10000BBEB05017047C9
:108650000FCB12BA00BA09BA1BBA7047044600938E
:1086600008461146224670471F9903202070FD20BE
:1086700008707047B02214F06FBB9DF8D0B1BBF109
:10868000FF0F7047DAE915161691BAF85C101491CD
:1086900000211B91704781F839004FF49070C1E9B7
:1086A000033003F5907070478DF8F804DAF828105D
:1086B000704775999DF8D06100297047DAF8281045
:1086C000DAF83820704705F1080083991691BDF853
:1086D0000AA29DF809927047034603F8012B8B42CA
:1086E0007047D4E90160801B85427047C0F30724BE
:1086F000C1B20229704780460120B8F1000F7047CF
:1087000094E86E0040466EC07047009008461146DF
:1087100001AB70470A68013A0A6024A996E838005C
:108720000A4638C270470020CDE92458269006201A
:1087300000901EA824A9704700925246FBF7B2B9D8
:1087400000922A46FBF7AEB94FF0C07240F66613AE
:10875000FAF708BB99F8035099F80440F9F79CBD63
:108760000023FAF7EBBA43F6095215F057B908F1AE
:108770000600B022183115F044B9DDF83C90F968D4
:108780004A46F0F793BD95F8080195F80911FDF7F1
:1087900055BE9DF878019DF8B211DDF7BCB8FD20FB
:1087A00089F80000704704F1480651463046ECF75E
:1087B000B3BC05F1D00152462046D9F7FFBBDDF826
:1087C00060A020465146D9F743BB1946F2F734B9A9
:1087D00060365146AC192046FEF767BB02B05DF823
:1087E000048BF0BD04200421F8F772BF1E469246A8
:1087F000DDF7E7BD05200521F8F76ABF0620062151
:10880000F8F766BF41461022F5F773BF9DF8A00345
:10881000012870471022404615F0F3B8C0F8401305
:1088200000F51C70FAF7E0B902460B461146704796
:108830009DF86800FF287047D0E90001F0F76EBE90
:1088400052460423ECF79CBE29463246F7F710BF88
:10885000584631468DF84080FEF7D6BA304623465A
:10886000F5F722BE30468B46DDF755BD0C46F9F7CD
:1088700013BD02200221F8F72BBF0220F9F748BDF3
:108880002046F7F74DBE0130B72215F0BAB84FF0C9
:10889000FF3008607047044690E826002846F5F748
:1088A0001DBFDDF834B001208BF820018BF82C01BE
:1088B0007047DDE9020188427047A4F8DD0000201E
:1088C00060662069C4F8D800704700688AF82810EC
:1088D0000AF11D01CAE9080170470068D0E90012D9
:1088E0007047A9F101052C24DAF8002005FB048467
:1088F0007047D9F8440090F82910013180F8291008
:108900007047DDF888B08846DDF88090C007189C75
:1089100070470020D9F8C011C9E97410C9F8D8010E
:108920007047002009F5E87189F8D003022031C1B1
:108930007047C4E90021B0BD0320F9F7E9BCBDE8E8
:10894000000BF0BD2846DDF7F1BB284614F0BDBE94
:10895000C268084610472946FFF7F8B92046F5F7E0
:10896000A3BD9DF80862FD2E70479AF81C00C00751
:1089700070479DF83001FF28704741680139416018
:108980007047DAF80000406870479DF8F802012847
:108990007047406800F26460704727F8680C5046E2
:1089A00014F093BE2F9A2D9B5946EFF75BBA0BF547
:1089B00092705146F2F740B804F120004146FDF7AD
:1089C00021BFD0E900125046FBF77ABD4A46304637
:1089D0002946E3F7C3BE4FF0FF32084604C0704794
:1089E0008DF8E80C2046EFF775BD406800F5B560DE
:1089F000FCF78ABC1A4616915046E8F72DBC8DF854
:108A000070062846EFF766BD054608460C46F9F79E
:108A100001BD504621464246FDF7B6BD5846CDF849
:108A200008B1F7F73FBE30464146BDE80007F0BD4C
:108A3000084611461A46FBF755BD0846114658220E
:108A4000F8F700BE10609068431C936080BD00F88A
:108A5000014B6860FF20B0BD41F254505844F6F716
:108A6000B2BA41F234505844F6F79FBA204649460C
:108A70002A46F5F76CBC41F244505844F6F7AFBAB9
:108A800041F244505844F6F790BADDE91363DDE94A
:108A9000115C7047002209F5EE7307C3C9F8E8219D
:108AA000704700230B7201EBC203D3E90334704714
:108AB000A5F80D0002206877704731880180B178F1
:108AC000817070470BF6DC618BF8DC0ECBF8D40CB0
:108AD00070470BF6D444D8F800207047CBF8D40C7C
:108AE000CBF8D81C70479BF84E0320479BF84D03EA
:108AF000204743F60850002100237047A0FB0203E3
:108B000001FB023170479DF8D00121F0FF01704751
:108B10008DF8F80408F101002146B72270471B9A2E
:108B20000228DDF86910704775999DF8D04120F052
:108B3000FF050029704775999DF8D05100297047AD
:108B40004C909DF87C01779A8DF834017047DAF8E3
:108B500028108DF8700370475FFA80FBBBF1000F9F
:108B6000704781F4404142F82010704706C05522FA
:108B7000DDF80CB0297801707047D4E90001C4E930
:108B80000501C4E902017047DAF8000001990130DB
:108B9000CAF8000070470024042104230022704713
:108BA00089980F909DF830020E908B98704724A9F9
:108BB0000F9E084696E82C002CC07047199DF9F7C7
:108BC0008DBBC82214F0C8B8119A0228DDF84110F4
:108BD0007047D0E901236065981A84F864507047A3
:108BE0001998B02200F108017047C2B2022A6FF052
:108BF000010252FA80F2704708F10100B0FBF2F175
:108C000001FB12007047D1E90101C4E9010170477D
:108C1000BBEB0500CDF880067047C0F30725C1B255
:108C200002297047D8F800200BF6D448704795F811
:108C3000009095F801A07047C04300064FF0020075
:108C400070470FCB41EA030540EA020635437047FF
:108C50004146E2F725B860F35F08CDF81080704711
:108C60009DF810B0BBF1FF0F7047484614F0C9BE25
:108C70004846F5F76CBBDBF85002DBF85312CDF831
:108C8000CB1170477090080C8DF8C6019BF86703F4
:108C9000704794E86E0048466EC07047102214F08A
:108CA00007B84046DDF7F4B84FF0FF31026811FA1B
:108CB00086F1914270470021FAF74EBE01214FF034
:108CC000040BC0078DF8291370475046FCF79CBA77
:108CD0002146E8F737BB2146E1F7E2BF91E81C00E7
:108CE0001CC001207047CDE912010020149070478C
:108CF0003046F5F7D9BB2046F7F776BA2046FEF79F
:108D00000ABB204614F0E1BC2046D8F7EFBD204650
:108D1000DDF7BEB8D9F8441091F829007047044631
:108D2000086890460B79D0E90012704700203F9008
:108D300000202E907047202800F01F007047013956
:108D40004160006870479DF8D001FF287047769A0F
:108D5000BDF8D08170479DF8F854FF2D70479DF8FD
:108D60007053FF2D704714460A4601467047FF2096
:108D70008DF8300270473068013030607047012054
:108D80008AF8000070470220DBF89C2C70474FF0F7
:108D9000FF30206070470446087AC0077047D4D47B
:108DA0002DE9F04FADF2CC4D136800AFDB4303F07B
:108DB000010807F1080A78608B4650461146424682
:108DC00001F01AFC6B494FF4806207F1C80014F0FF
:108DD0001EFE4FF01F0909F101056E0907F1080396
:108DE000F21C05F01F0553F82240721DEC4053F8A9
:108DF0002220EA406400920002F0040204F002041F
:108E00001443721CB9F11F0F53F8222022FA05F205
:108E100002F0010244EA020476D107F5996303EBFC
:108E20008414A4F500740FCC07F1680CACE80F00B3
:108E30000FCCACE80F000FCCACE80F0094E80F00AB
:108E40008CE80F00DFF830C1BCE80F0007F1A80480
:108E50000FC49CE80F0084E80F00B31D5AF82330BC
:108E600023FA05FCB31C0CF0010C5AF82340331D07
:108E7000EC405AF82330EB4064009B0003F00403FD
:108E800004F002041C435AF82630EB4003F00103BF
:108E90000CF1FF3C1C4384EA0C0407F5996304F0D1
:108EA000070403EB8414A4F580640FCC07F12805B4
:108EB0000FC50FCC0FC50FCC0FC594E80F0085E888
:108EC0000F0007F148010CF00102084601F096FB83
:108ED0000123002207F1280107F1680001F009FAD7
:108EE000B9F10109BFF477AF786807F16802594614
:108EF00001F00BF942465946584601F07FFB07F254
:108F0000CC47BD46BDE8F08F07F16801084601F087
:108F100024F97B6A23FA05FE0EF0010E0EF1FF3EE6
:108F200084EA0E0407F5996304F0070403EB841444
:108F3000A4F500740FCC07F1280CACE80F000FCC9F
:108F4000ACE80F000FCCACE80F0094E80F008CE801
:108F50000F0007F148010EF00102084601F04EFB38
:108F60000123002207F1280107F1680001F0C1F98F
:108F700073E700BF14540400145804002DE9F04FA7
:108F8000ADF22C4D00AF8946D7F8501478600C68CC
:108F9000E44307F1080804F00104404692462246E3
:108FA0001D4601F029FB98F8003007F1280603F070
:108FB0000F03337030460122D31002F0070158F836
:108FC000233090F800C08900CB4003F00F03D94351
:108FD000090101F01001ACEB010100F8011B0132A5
:108FE00043F00103402A0370E6D107F59478524616
:108FF000C4460AF1200E10685168634603C3083264
:1090000072459C46F7D12B4603F1200C07F5A47559
:10901000186859682A4603C2083363451546F7D1D4
:10902000DFF8F4C0BCE80F0007F5B4750FC59CE885
:109030000F0085E80F00414607F5727001F08DF8CA
:1090400045464FF0010AAB466035602207F5727164
:10905000284614F0DCFC00231A46594628460AF13B
:10906000010A01F046F9BAF1080FECD196F93F3048
:1090700023F0010101EB630108EB4111602207F1CC
:10908000680014F0C4FC4FF03E084FF0600A04255D
:1090900007F16801084601F060F8013DF8D116F9C2
:1090A00008B04FEADB72C2EB021282F00F01CBF183
:1090B0000000104001EA0B01014307F585634908F0
:1090C0000AFB01316022A1F5407107F1C80014F0DC
:1090D0009EFC07F1E80108464FEADB7201F08EFAC8
:1090E0002B462A4607F1C80107F1680001F001F993
:1090F000B8F10108CBD2786807F16802494601F05F
:1091000004F822464946484601F078FA07F22C470F
:10911000BD46BDE8F08F00BF145804002DE9F043B0
:1091200083B002AF054618463C6A0E469146984603
:1091300000F0A1FC28B9002420460437BD46BDE854
:10914000F083204600F097FC0028F4D041462846E2
:1091500000F072FC2146304600F06EFC3146284695
:1091600000F032FF04460028E5D0CDF800903346E9
:109170002A4631462846FFF701FFDDE7F0B5002318
:1091800055088C1800AF02449D4200D1F0BD11F883
:1091900003C014F8016D02F801CDC6540133F3E7A2
:1091A0002DE9F041054600AF10460C46904600F010
:1091B000C7FE064660B1424621462846FFF7F0FD4D
:1091C0002946284600F044FC2146204600F040FC99
:1091D0003046BDE8F08180B400AFBD4680BCFFF7EB
:1091E000DFBFB0B592B002AF0093054613463846D4
:1091F0000A4607F12001FFF791FF044640B13946C6
:10920000384600F025FC202239462846FFF7B6FFF5
:1092100020464037BD46B0BDB0B5042300AF04467C
:10922000154600F8013B2022FFF7A8FF202229461F
:1092300004F12100BD46BDE8B040FFF79FBF2DE916
:10924000F041202B90B0064600AF0C4615469846DC
:1092500001D800202FE02022691CFFF78FFF00F0CB
:109260000AFC0028F5D02A78042A02D05308032BE0
:1092700025D1B8F1410FECD1202205F12101204682
:10928000FFF77CFF00F0F7FBA8B12B785A08032A00
:1092900003D122685340DB07DBD43146384600F067
:1092A000CBFB214607F1200000F0C6FB07F12001AF
:1092B000384600F089FE4037BD46BDE8F081012BFD
:1092C000C7D1B8F1210FC4D102F0010231462046C6
:1092D0004037BD46BDE8F04100F0C2BE2DE9F04F79
:1092E000044615460E46482100F02CF895E8075F25
:1092F000092720CEC0B4002394E8C000E5FB6063DA
:10930000E5FB6173C0C494E8C000E5FB6263E5FB64
:109310006873C0C494E8C000E5FB6963E5FB6A7349
:10932000C0C494E8C000E5FB6B63E5FB6C73C0C48C
:109330002668E5FB6E3648C4243CC0BC013FD8D14A
:10934000BDE8F08F002200230CC00839FCD1704723
:1093500000B502EE102A91EC084A3CCA5AEC140AF5
:10936000A2FB0061A3FB007CE2FB6A7147EC106A80
:10937000A4FB0086E3FB6A81A5FB0097E4FB6A91EE
:10938000E5FB6A1750EC15EAE2FB6E8CE3FB6E9C82
:10939000E4FB6E1CE5FB6EC7E2FB6096E3FB601628
:1093A000E4FB60C6E5FB606749EC118A5EEC16AA37
:1093B0004FF00009E2FB6A19E3FB6AC9E4FB6A6942
:1093C000E5FB6A794FF0000AE2FB6ECAE3FB6E6AC6
:1093D000E4FB6E7AE5FB6E9A17EE108A4FF0000EF2
:1093E000E2FB68E6E3FB6876E4FB6896E5FB68A6CB
:1093F00017EE908A4FF0000BE2FB687BE3FB689B63
:10940000E4FB68ABE5FB686B12EE102A10323CCA35
:1094100014EE108A0020E2FB681002EE101AE3FB43
:1094200068C0E4FB68E0E5FB680714EE908A002161
:10943000E2FB68C102EE90CAE3FB68E1E4FB68016D
:10944000E5FB681715EE108A4FF0000CE2FB68ECA4
:1094500003EE10EAE3FB680CE4FB681CE5FB68AC78
:1094600015EE908A4FF0000EE2FB680E03EE900AB4
:10947000E3FB681EE4FB68AEE5FB686E58EC160A79
:10948000E2FB601904EE101AE3FB609AE4FB60A6AD
:10949000E5FB60B6E2FB6897E3FB68A7E4FB68B70F
:1094A000E5FB686758EC170AE2FB60ACE3FB60BCC5
:1094B000E4FB606CE5FB607CE2FB68BEE3FB68E616
:1094C000E4FB6867E5FB687C47EC366A07EE90CA08
:1094D00051EC100A53EC112A55EC124A57EC136A5E
:1094E00014EE108A4FF0000C1B184C4155414641B8
:1094F0004F4158EB000859EB01095AF1000A5BF1A2
:10950000000B5CF1000CF618674158EB020859EBB0
:1095100003095AEB020A5BEB030B5CF1000C3F1AE8
:1095200078EB010879EB02097AEB030A7BF1000B77
:109530007CF1000C52EC361A17EE903A1EEB0C0040
:1095400051F100014FF0000C5CF1000C58EB0508E4
:1095500059EB06095AEB040A5BEB050B60416941C4
:1095600052EB0C0253F100034FF0000C5CF1000CC5
:109570005AEB070A5BF1000B7041794172417B4164
:109580005CF1000CBBEB040BA841B141BA4173F193
:1095900000037CF1000CB8F1FF3879F1FF397AF162
:1095A000FF3A7BF1000B70F1000471F1000572F1DC
:1095B000010673F1FF376CF1000C18EB0C0059EB4E
:1095C0000C015AEB0C025BF1000354F1000455F15D
:1095D000000556EBDC7657EB0C0700BD00B5A0FB91
:1095E000009AA0FB01BC1BEB0B0B4FF0000EEEFB37
:1095F0006EAB4AEC109A4FF00008E0FB628C58EB1F
:109600000808E1FB618BA0FB039AE1FB629C59EB2C
:109610000909EEFB6E9B49EC118A4FF00009E0FB53
:10962000649AE1FB639C59EB0909E2FB629B02EE41
:10963000109AA0FB0598E1FB649AE2FB639C59EB4E
:109640000909EEFB6E9B02EE909A4FF00009E1FBD8
:109650006598E2FB649CE0FB669A59EB0909E3FB21
:10966000639B03EE109AA0FB0709E1FB660AE2FB8D
:10967000650CE3FB64084041EEFB6E0BE1FB679871
:10968000E2FB669AE3FB65C95CEB0C0CE4FB64BC93
:10969000E2FB6798E3FB66A90022E4FB65A25AEBB4
:1096A0000A0AEEFB6ECAE3FB6728E4FB669259EBFD
:1096B0000909E5FB65A90023E4FB6738E5FB663291
:1096C0005B41EEFB6E93E5FB678258EB0808E6FB17
:1096D0006638AEFB0E45E6FB67426441EEFB6E4822
:1096E0005241E7FB678252EB0E0248EC364A07EE26
:1096F000902A52EC101A57EC118A55EC126A13EEAC
:10970000104A4F41564155EB08054C4150415BEB27
:10971000010B5CEB020C5AF1000A59F100095EF1F1
:10972000000EE41970415BEB080B5CEB070C5AEB85
:10973000080A59EB07095EF1000E401A7BEB020B99
:109740007CEB080C7AEB070A79F100097EF1000E38
:1097500058EC367A17EE902A13EB0E0157F10007FA
:109760004FF0000E5EF1000E5BEB050B5CEB040CA2
:109770005AEB060A59EB050971416F4158EB0E0887
:1097800052F100024FF0000E5EF1000E5AEB000A9B
:1097900059F100096141474158EB040842415EF12B
:1097A000000EB9EB0609A941A74178EB000872F158
:1097B00000027EF1000EBBF1FF307CF1FF3C7AF13C
:1097C000FF3479F1000971F1000677F1000578F1B5
:1097D000010A72F1FF387EF10007C0195CEB070146
:1097E00054EB070259F1000356F1000455F100054E
:1097F0005AEBD77658EB070700BD91E8F807B2E8B7
:1098000003181B1A8C4175EB0B0576EB0C0692E8DE
:109810000318874178EB010879EB0B097AEB0C0A06
:109820007BEB0B0B13EB0B0054EB0B0155EB0B021B
:1098300056F1000357F1000458F1000559EBDB76AF
:109840005AEB0B07704792E8FC03B1E8011C1218B1
:1098500053EB0A0354EB0B0455EB0C0591E803188A
:1098600046414F4158EB0B0859EB0C095FF0000AD9
:109870005AEB0A0AB2F1FF3273F1FF3374F1FF348D
:1098800075F1000576F1000677F1000778F101081F
:1098900079F1FF397AF1000A12EB0A0053EB0A0161
:1098A00054EB0A0255F1000356F1000457F100058C
:1098B00058EBDA7659EB0A0770472DE90041FFF7BC
:1098C0008DFEDDF80080B8F10108CDF80080F6D1FA
:1098D000BDE800812DE90042FFF7EFFFFFB46946C4
:1098E000089AFFF735FD09B000BD2DE9FF414FF0A3
:1098F0000108E946FFF7EEFFFFB4FFF76FFEFFF741
:109900006DFEFFB4694608AAFFF722FD0DF120089D
:1099100088E8FF004FF004080DF12009FFF7DAFF97
:10992000FFB44FF00808E946FFF7D4FFFFB44FF04B
:109930001008E946FFF7CEFFFFB44FF020080DF105
:10994000A009FFF7C7FFDDF8C080B8F1000F28D1EC
:109950004FF08008E946FFF7BDFF4FF02008E946C9
:10996000FFF7B8FF4FF010080DF12009FFF7B2FF25
:109970004FF008080DF14009FFF7ACFF4FF0040865
:109980000DF18009FFF7A6FF4FF004080DF1600903
:10999000FFF7A0FF8DE8FF00694628AAFFF7D8FC73
:1099A00009E04FF060080DF1A009FFF793FF4FF0B9
:1099B0005E08FFF782FF31B000BD001849415241F7
:1099C0005B4164416D4176417F414FF0000858EBA7
:1099D0000808B0F1FF3071F1FF3172F1FF3273F11D
:1099E000000374F1000475F1000576F1010677F1CA
:1099F000FF3778F1000810EB080051EB080152EB3B
:109A0000080253F1000354F1000455F1000556EB30
:109A1000D87657EB080770470300000000000000ED
:109A2000FFFFFFFFFBFFFFFFFEFFFFFFFFFFFFFF4B
:109A3000FDFFFFFF040000002DE9F14FAFF2280207
:109A4000FFF786FC5DF8048B88E8FF00BDE8F08F27
:109A50002DE9F14F002200230CB40CB40CB4012208
:109A60000CB46A46FFF774FC08B05DF8048B88E814
:109A7000FF00BDE8F08F2DE9F04190E8FE015FF0B6
:109A8000FF30091A8241834174F1000475F1000529
:109A900076F1000677F1010778EB00088041C00FEE
:109AA000BDE8F081FE9BDFEE85FD2F01216C1ADF02
:109AB00052051943FFFFFFFFFEFFFFFFFFFFFFFF00
:109AC000000000000100000000B50FF2504A9AE8C3
:109AD000005CB0EB0A0071EB0B0172EB0C0273EB54
:109AE0000E0374F1FF3475F1FF3576F1000677F15E
:109AF000FF3778F1000869EB09090AEA090A0BEA5D
:109B0000090B0CEA090C0EEA090E10EB0A0051EBE6
:109B10000B0152EB0C0253EB0E0354EB090455EB13
:109B2000090556F1000657EB090758F1000800BD7A
:109B30002DE9F14F9BB08A4609A81C31AFF29C0277
:109B4000FFF7CCFB684612A9F4A2FFF7C7FB9AE81F
:109B5000FF01BDE8001EB0EB090071EB0A0172EBDA
:109B60000B0273EB0C03BDE8005E74EB090475EBAC
:109B70000A0576EB0B0677EB0C0778EB0E08FFF780
:109B8000A3FFFFF7A1FF12B05DF8049B89E8FF0077
:109B9000BDE8F08F2DE9F14FFFC94FF00008FFF746
:109BA00093FF5DF8048B88E8FF00BDE8F08F2DE996
:109BB000F14F8C4692E8F00FBCE80F0000196941A4
:109BC00072417B419CE8F00054EB080455EB090519
:109BD00056EB0A0657EB0B075FF0000858EB080836
:109BE000FFF772FFFFF770FF5DF8048B88E8FF0056
:109BF000BDE8F08F00232DE9F847044691E8EA0715
:109C00002DE9EA07002102B492E8EA072DE9EA0704
:109C100092B0684612A91BAAFFF760FB204669466E
:109C2000FFF786FF24B0BDE8F0872DE9F841012455
:109C30000025002601274FF01F0E431E4FEAC27C6D
:109C40002CEA0303DB174FEAD3785840C01A01FB14
:109C500003FC9943E2FB081CE2FB632C04FB03FCBE
:109C60009C43E6FB084CE6FB636C05FB03FC9D4351
:109C7000E7FB085CE7FB637C12F0010C01300CFB96
:109C800001F3D2185208ECFB0468ECFB05782419A8
:109C90006D19BEF1010ED0D108BCF0C3BDE8F08152
:109CA0002DE9F04F00EA4004E4176040001B01EA90
:109CB0004105ED176940491B40CA576A74407D4011
:109CC0006C4020C30EB4B2E8EA0F614063406540C7
:109CD0006640674088EA040889EA04098AEA040AB7
:109CE000091BA341A541A641A74178EB040879EBE4
:109CF00004097AEB040A84EA0B04A0FB011E00228B
:109D0000A2FB02BCE0FB632EE0FB65BEACFB0C35A6
:109D1000E0FB663EE0FB675EACFB0C67E0FB686E59
:109D2000E0FB697EE0FB6ACE00FB04EE11BC283448
:109D3000B4E800034FF0000AE0FB681AE0FB692A70
:109D400049185241B4E80203E0FB61ABE0FB68B3A1
:109D5000E0FB69355AEB0A0A5BEB0B0B5B4194E8BD
:109D60001203E0FB6156E0FB6467E0FB687CE0FB0C
:109D700069CE6D4176417F415CEB0C0C7EEB0E0EA3
:109D80006FEA0E0E02BCA1E8040CA1E8E850BDE8A1
:109D9000F08F00BF2DE9F04F00EA4004E417604067
:109DA000001B01EA4105ED176940491B40CA176ACB
:109DB00074407D406C4020C30EB492E8EE036140D5
:109DC0006240634065406640674088EA040889EA6B
:109DD0000409091BA241A341A541A641A74178EB73
:109DE000040879EB0409A4415FEAD47E4FF0000C2B
:109DF000DFE94AABEEFB6A1CEEFB6B2CDFE949ABFB
:109E0000EEFB6A3CEEFB6B5CEEFB646CEEFB647C91
:109E10004FF0000AEEFB6A8CEEFB649CAAFB0ABEC4
:109E2000A0FB01AEABFB0B1CE0FB62BEE0FB631EC4
:109E3000ACFB0C23E0FB652EE0FB663EACFB0C4567
:109E4000E0FB674EE0FB685EE0FB69CE41BC243678
:109E5000B6E800030027E0FB68A7E0FB69B7B6E8B7
:109E60000003E0FB6817E0FB6927B6E80003E0FBAE
:109E70006837E0FB6947B6E80003E0FB6857E0FBA2
:109E800069C7BE4424480AFB00F00026DFE92389A5
:109E9000E0FB68A6E0FB69B6BBEB080BDFE9218AB3
:109EA000E0FB681671EB0901E0FB6A264FF0FF3911
:109EB000E0FB6936E0FB69460027E0FB6756E0FB04
:109EC00069C6E7FB67E672EB080273EB0A0374EB03
:109ED000090475EB09057CEB070C7EEB090EBE410E
:109EE000DFE90E09F60FE6FB607BE6FB691BE6FB8C
:109EF000682BE6FB6A3B7042E6FB604BE6FB605B6F
:109F00004FF00008E6FB68BCE6FB60CE40BC80C6B4
:109F1000A6E83E18BDE8F08F4FBC00EE512563FC6B
:109F2000C2CAB9F3849E17A7ADFAE6BCFFFFFFFFD4
:109F3000FFFFFFFF00000000FFFFFFFF0000000029
:109F40002DE9F04F90E8FE0151EA0200184320434A
:109F500028433043384350EA080013D0AFF244009E
:109F6000B0E8001EB1EB090172EB0A0273EB0B03C0
:109F700074EB0C040FC885418E41974178EB0308C0
:109F80008041C00FBDE8F08FDFBDC42962DF9CD8DF
:109F900090308478CD05F0ACD62E21F7AB20A2E529
:109FA000344887041D0630DC030000000000000078
:109FB00000000000FDFFFFFFFFFFFFFFFFFFFFFFAF
:109FC000FCFFFFFF020000002DE9F14FFFC9FFF782
:109FD00005FBFFB40898FFC8FFF700FBFFB4694614
:109FE000AFF23C02FFF709FC8DE8FF0010996A46CA
:109FF000FFF7AEF98DE8FF0008A96A46FFF7FDFB01
:10A00000AFF27C08B8E8001E90EA090002BF91EAAE
:10A010000A0192EA0B0293EA0C0398E8001E01BFC2
:10A0200094EA090495EA0A0596EA0B0697EA0C07F2
:10A030004FF0000008BF012011B0BDE8F08F00BF55
:10A04000FFFFFFFFFFFFFFFFFFFFFFFF000000001C
:10A05000000000000000000001000000FFFFFFFF03
:10A060002DE9F54F88B06846FFF7E6FC9DE8FF0054
:10A07000FFF7B4FAFFB46946AFF2D402FFF7BDFBB5
:10A080008DE8FF0008A96A46FFF762F98DE8FF0036
:10A090006946AFF20C12FFF7D6FB8DE8FF004FF0D8
:10A0A0000108FFF722FC0DF1200888E8FF00FFF708
:10A0B00095FABDE8000F98EA000802BF99EA010985
:10A0C0009AEA020A9BEA030BBDE8000F01BF98EA77
:10A0D000040899EA05099AEA060A9BEA070B18BFE1
:10A0E00000200FD168466946FFF7B2FC009BDDE90E
:10A0F000080103F001024A406946AFF2BC0300F0D8
:10A100005EFA01200AB0BDE8F08F2DE9F74F40322A
:10A11000FFCA4FF00008FFF7E8FBFFB4FFF75EFA55
:10A12000FFB408A96A46FFF713F90DF1200888E883
:10A13000FF006946129AFFF70BF9DDF8408088E8C6
:10A14000FF00129A08A92032FFF702F9DDF84480D7
:10A1500088E8FF0013B0BDE8F08F2DE9F34F4031E0
:10A16000FFC9FFF73BFAFFB40999203101F1200242
:10A17000FFF7EEF8DDF8208008F1400888E8FF00DE
:10A1800009996A46FFF75FFBFFB4119908AAFFF728
:10A1900034FB0DF1200888E8FF0008A96A46FFF7A4
:10A1A000D7F80DF1200888E8FF004FEAC07810EBDF
:10A1B000E87051EBE87152EBE87253F1000354F18F
:10A1C000000455F1000556EBD87657EBE8775FEAC7
:10A1D00037075FEA36065FEA35055FEA34045FEA6F
:10A1E00033035FEA32025FEA31014FEA30008DE863
:10A1F000FF0008A96A46FFF726FB0DF1200888E852
:10A20000FF00FFF7EBF98DE8FF0011982030FFC841
:10A21000FFF7E4F9DDF8408008F1200888E8FF0046
:10A22000FFF7DCF9FFB4DDE9180100F12002FFF7C8
:10A230008FF8DDF8608008F1200888E8FF00FFF75C
:10A24000BCFBDDF8608088E8FF0008A94246FFF704
:10A25000D4FADDF8608088E8FF00424602F1200170
:10A26000FFF7CBFA0DF1200888E8FF0010A908AA33
:10A27000FFF76EF80DF1400888E8FF0010A96A4664
:10A28000FFF7BBFADDF8608008F1200888E8FF00DE
:10A290001AB0BDE8F08F00B5B1E8E01FA0E8E01FFC
:10A2A000B1E8E01F8AB14FF0000E5442651B74EB19
:10A2B000060674EB07077EEB08087EEB09097EEBC8
:10A2C0000A0A72EB0B0B74EB0C0CA0E8E01F23B92D
:10A2D00091E8E01F80E8E01F0AE00024A4FB045A94
:10A2E000E643E7434FF0FF386FF0010980E8F807D5
:10A2F00000BD2DE9FF4F00F1400494E8F00F2C431E
:10A3000034433C4354EA080454EA090454EA0A0476
:10A3100054EA0B0404D1FFF7BEFF04B0BDE8F08F90
:10A32000FBB94031FFC9FFF759F9FFB408996A46F4
:10A33000FFF70EF8DDF8208088E8FF00099940312A
:10A340006A46FFF705F88DE8FF00089920316A4654
:10A35000FEF7FEFFDDF8208008F1200888E8FF0006
:10A3600000E088B008994031FFC9FFF737F9FFB422
:10A3700011996A46FEF7ECFF0DF1200888E8FF000E
:10A38000109940316A46FEF7E3FF8DE8FF0011990E
:10A3900020316A46FEF7DCFF8DE8FF00109908AA1D
:10A3A000FFF72BFADDF8408088E8FF00FFF716F989
:10A3B000FFB4189A02F14001FEF7CAFFDDF8608091
:10A3C00008F1400888E8FF001B9951B919994031FC
:10A3D0004246FEF7BDFFDDF8608008F1400888E8DE
:10A3E000FF0018996A46FEF7B3FFDDF8608088E841
:10A3F000FF0001431143194321432943314351EAEB
:10A40000070001B41999203109AA1B9B13B1FFF76A
:10A410001AFA01E0FFF7F1F9DDF8648008F120088D
:10A4200088E8FF005DF8048B014311431943214381
:10A4300029433143394351EA08010BD118B09DE853
:10A440000F00FFF728FF0098014604B0FFF785FED4
:10A45000BDE8F08F10A96A46FEF77AFF0DF14008BB
:10A4600088E8FF0018982030FFC8FFF7B7F88DE89C
:10A47000FF0008A9189AFEF76BFF0DF1200888E885
:10A48000FF006946189AFFF7B8F9DDF8608088E8A0
:10A49000FF0010A8FFC8FFF790FA8DE8FF00189999
:10A4A0006A46FFF7AAF9DDF8608088E8FF0010A986
:10A4B000189AFFF7A2F98DE8FF00189920316A4633
:10A4C000FEF746FF8DE8FF001A98694608AA10B10A
:10A4D000FFF7B9F901E0FFF790F9DDF8608008F1C6
:10A4E000200888E8FF001CB0BDE8F08F2DE9F34F8D
:10A4F00088B001F14001FFC9FFF770F8FFB40843CD
:10A5000010431843204328433043384353D0109915
:10A5100008A8FFF791FA08A96A46FEF719FFDDF8C7
:10A520004480B8E8001E90EA090002BF91EA0A01DF
:10A5300092EA0B0293EA0C03B8E8001E01BF94EA0A
:10A54000090495EA0A0596EA0B0697EA0C074FF00C
:10A55000010031D0AFF23C6090E8000F109850B38A
:10A56000FFC810EB080051EB090152EB0A0253EB54
:10A570000B0354F1FF3455F1FF3556F1000657F146
:10A58000FF3718D2B0F1FF3871F1FF3872F1FF38A0
:10A5900073F1000874F1000875F1000876F1010804
:10A5A00077F1FF3807D20DF1200888E8FF0000227C
:10A5B00010924146ACE7002012B0BDE8F08F2DE9C3
:10A5C000F041C2F101080826FF1BB1E81010B3E802
:10A5D0002040A541A8FB0447E2FB65477EEB0C0E3B
:10A5E000A8FB0CC7E2FB6EC7A0E81010A6F102069C
:10A5F00006B1EAE7BDE8F081024BE0E7AFF2C053F5
:10A60000DDE700BF1C9F0200064B074ADB780260B3
:10A610004FF442728280C371082200238271037258
:10A62000704700BFD8E7032045640300064B074A84
:10A63000DB7A02604FF4B0728280C3710822FF237C
:10A6400082710372704700BFD8E70320FD520300F8
:10A650002DE9F341C41D002824F00704064614BF69
:10A660002046002000F08EFF071E04DA6FF00B007A
:10A6700002B0BDE8F081364DE988A8886B7A2A7A65
:10A680000331033089B280B201F020F90028EDDBFC
:10A69000A978EB783C440334002E194424F00304D9
:10A6A00000FB01F114BF2046002001F023F92044F3
:10A6B0000EB90028DADBEA7A0446B2B1EB7B697C9A
:10A6C00013441944FF29D1D80330002E20F003048D
:10A6D00014BF20460020AA89C9B201F0A9F90028B8
:10A6E000C4DB04440EB9002CC0DB012000F040FFA5
:10A6F000B0B1A97BA1B195F82A3033B340234FF410
:10A7000081720734002E24F0070414BF2046002075
:10A7100003F086F80028A9DB04440EB9002CA5DB61
:10A72000AB7AF3B1EB7AABB10734002E24F0070417
:10A7300014BF20460020A97A08F034FC002895DBDD
:10A74000044476B9002C0CDA90E725232822D8E7B8
:10A75000D8E70320012000F00BFF10B1AB7B002BEA
:10A76000E2D1734B1B6893B1A97D81B10334002EF4
:10A7700024F0030414BF20460020EA7D98470028F7
:10A78000FFF674AF044416B9002CFFF66FAF694BA7
:10A790001B688BB1297C79B10334002E24F00304AB
:10A7A00014BF2046002098470028FFF65FAF0444FE
:10A7B00016B9002CFFF65AAF5F4B1F68AFB1697C2A
:10A7C00099B12B7D00930334002E24F0030414BFB1
:10A7D00020460020EB7CAA7CB8470028FFF646AF55
:10A7E000044416B9002CFFF641AF072000F0C0FE6C
:10A7F00098B1A97D89B10334002E24F0030414BF5D
:10A80000204600202A7E01F0E7FA0028FFF62EAF4E
:10A81000044416B9002CFFF629AF95F82300B6FAC8
:10A8200086F77F09A0B16B7FA97E033424F007046B
:10A83000194444F004043B462246C9B201F032FBFD
:10A840000028FFF613AF044416B9002CFFF60EAF34
:10A8500095F8241000294CD004F10708002E28F0A8
:10A86000070814BF40460020EA8C01F0B5F8041E2A
:10A87000FFF6FCAE4444002E3ED1002CFFF6F6AEAF
:10A88000A97F002945D095F82230002B41D02A8C91
:10A890000734002E02F1240224F0070814BF4046BA
:10A8A000002092B201F098F80028FFF6DFAE404495
:10A8B00016B90028FFF6DAAE2B7FA97E033020F010
:10A8C000070040F00404194495F822003B46224654
:10A8D000C9B201F0D9FA0028FFF6C8AE044486B91F
:10A8E000002CFFF6C3AEEB6AF3B1C6B1EC620020F8
:10A8F000BEE6002EC4D08846E98C40460EF030FCFF
:10A90000BEE72A8CA97F083292B240460EF02EFC98
:10A91000E9E7002EE7D0002211461046F6E728347A
:10A920003FF5A4AE2046A3E6002EE0D1FAE700BF33
:10A93000C4F20320C8F20320CCF203201FB572B684
:10A94000194B1D6BEDB9BFF34F8F1849184BCA68EF
:10A9500002F4E0621343CB60BFF34F8F00BFFDE70B
:10A960002346B2FBF6F25C1C002AF9D104AEDCB23D
:10A9700056FA83F303F80C2C0A2234B901A8A8472D
:10A98000E1E7024600230A26EDE7631E04AEDCB2CF
:10A9900056FA83F3B0FBF2F602FB1600303003F8F0
:10A9A0000C0C3046E9E700BFD8E7032000ED00E0DB
:10A9B0000400FA0513B5124C2389ADF80030E38882
:10A9C000ADF804306846A388ADF8023005F010F900
:10A9D00018B1FA219C20FFF7B1FF207D05F024F982
:10A9E00008B1FD21F6E7E07C05F018F908B1FE2179
:10A9F000F0E794F828000CF01FFC02B010BD00BF77
:10AA0000D8E7032008B500F0DBFA05F0E5F9FFF719
:10AA1000D1FF002008BDD4D438B5054600283DD06C
:10AA200011F030FC10B94FF0FF3038BD0EF0C4FF0C
:10AA3000B0F5FA7FF7D81B4C25631B2500212A4669
:10AA400004F10F0084F83410217084F82A10E162B8
:10AA500011F00AFF0123A370E370E372A37423765D
:10AA6000F723032108202384FB2302222172A072F2
:10AA7000A1731F204921E3840A23A580E580627227
:10AA8000A081E174E27584F82830EFF3108472B687
:10AA900001F018FA04B962B60020C6E76FF015009D
:10AAA000C3E700BFD8E7032038B51446002840F0BC
:10AAB000C480634D95F83430032B00F0BB80B9B1EE
:10AAC00012B96FF0150038BD0139172900F2B580B1
:10AAD000DFE801F00C1D20366069873C6C6F814215
:10AAE00048565B8D909FA2A596B3B3A81378AB7020
:10AAF0000020FFF7ADFD0028B7BF0123022385F832
:10AB000034306FF00B00A8BF85F83430DBE71378E2
:10AB1000EB70EDE71379002BD3D05379002BD0D015
:10AB20001288FB2ACDD863881B3B9BB2E02BC8D888
:10AB30001A2AC6D923686B60424BA2889A80D7E74D
:10AB40001378EA7B9342BCD3EB72D1E71378EA7AAD
:10AB50009342B6D8EB73CBE71378EA7A9342B0D836
:10AB60006B74C5E71378002BABD05378013BDBB295
:10AB7000F82BA6D813886B82334B92789A70B7E77C
:10AB8000107868750CF0E0FAB2E71378002B98D0D3
:10AB90002B76ADE7012000F0EBFC237808B1012B08
:10ABA0008FD9AB73A4E71388AB81A1E71378AB759A
:10ABB0009EE7072000F0DCFC10B92378012B80D938
:10ABC000072000F0D5FC18B12378002B3FF479AFB3
:10ABD0002378EB758CE71378082B3FF672AF2B7454
:10ABE00086E71388FF2B3FF66CAFAB7280E71378D4
:10ABF0006B767DE713780E2B3FF663AFAB7677E786
:10AC00002368124AC5F81E30636853602389138194
:10AC10006EE71378EB766BE713786B7768E713785A
:10AC20002B7765E713785A1E092A3FF64AAF85F855
:10AC300028305DE74FF0FF3045E76FF02C0042E72A
:10AC4000D8E70320DCE70320EAE70320F6E7032048
:10AC5000F8B50D46064630B329B311F0070422D1EA
:10AC6000124F97F83430012B02D16FF00B00F8BD72
:10AC7000032B02D14FF0FF30F9E701F061F9002812
:10AC8000F8D02846FFF7E4FC0028EEDB0CF0DAFAF7
:10AC90003046F96A05F08EF8FFF78CFE032387F83B
:10ACA00034302046E3E76FF01500E0E7D8E70320F3
:10ACB00010B5074C94F83430032B03D105F08CF811
:10ACC00006F09AFD01F02CF9002084F8340010BD44
:10ACD000D8E7032008B505F037F8BDE80840024979
:10ACE000032000F03DBC00BF2DA6020008B505F012
:10ACF0003FF8BDE808400249022000F031BC00BF27
:10AD000009A6020004F09EBF04F0AABF04F0ABBF86
:10AD100038B505460C4600F067F930B13E2D04D138
:10AD20002046BDE8384000F0A3B938BD37B5044629
:10AD3000204606F099FD022805460FD004280DD1C3
:10AD400023788A2B0DD0942B21D0204600F038F8A0
:10AD5000A1782078FFF7DCFF0028E9D0284603B06F
:10AD600030BD05213E20FFF7D3FF0028EDD1E37869
:10AD7000227901A943EA02236846ADF8003004F0C5
:10AD800027FF0028D4D053210820FFF7D7FD1A2130
:10AD90003E20FFF7BDFF0028D7D16379A27943EAAF
:10ADA0000223ADF804306946112301A88DF806305E
:10ADB00004F040FF0028BBD06521E5E706F030BC79
:10ADC00010B50378813B04461A2B35D8DFE803F031
:10ADD000353B474B556D730E6741818761777B8D9E
:10ADE0009BB5C0CEE0E6ECF234DAD400292000F0C6
:10ADF0003FF930B13E232370222363702923A370CF
:10AE00001AE00A2000F034F93E23237018B11F2302
:10AE100063700A23F3E70123A37013236370E379BC
:10AE200003F00103E371D4F81A30C4F80E30E38B59
:10AE3000638294F82030237510BD3E2303700423F1
:10AE400043701423DBE73E2303700A23437003237C
:10AE5000D5E73E2303700D2343700523CFE7052379
:10AE60002370042307E05A2000F0BEF808230028CE
:10AE7000F6D05A2222706370DEE75B2000F0B4F84F
:10AE800018B15B2323700623F5E7302323700323D7
:10AE9000F1E73E2303700B2343700723AFE73E2304
:10AEA0000370062343700C23A9E7132303708378F0
:10AEB0009B000133DFE7572303700223DBE73E23C8
:10AEC00003700D239BE73E2303700123437011237E
:10AED00095E73E2303700623437012238FE73E233A
:10AEE000037009234370132389E73E230370242052
:10AEF00000F0BEF818B12423A3701423BBE70E237F
:10AF0000A3701023B7E73E230370252000F0B0F8AC
:10AF1000227B20B125230B32A37062708CE70F23B4
:10AF2000A37002F10803637004F10B0104F108003F
:10AF30000232BDE8104011F057BC3E2303702620BA
:10AF400000F096F818230028D6D02622A27092E7A7
:10AF50003E2303702A2000F08BF818B12B23637076
:10AF60002A234CE71D236370192348E73E2303700F
:10AF7000072343701A2342E7FF2303700D23437016
:10AF800080233CE7FF23037029234370812336E7A6
:10AF90003E2303700C234370232330E73E230370CA
:10AFA0000E23437037232AE73E2303700A2343709E
:10AFB000352324E73E230370FE2343702B231EE733
:10AFC000074B4FF0FF3141F6FF72C3E9001205490C
:10AFD0000022C1E900221F21C3E90212704700BF0D
:10AFE000A899032010E803203F280CD801380B4B08
:10AFF000C0F3421200F01F0053F8223023FA00F091
:10B0000000F001007047FF2806D04038C0F342121C
:10B01000034B00F01F00EFE701207047A8990320C1
:10B0200010E803200146074B006849681A4603C22E
:10B0300040F48C221A6041F0107242F4FF625A60B0
:10B0400000207047A89903200246034B006851680E
:10B0500003C30020704700BF10E803200246034BE3
:10B060000068516803C30020704700BFB0990320F7
:10B070000138064BC0F3421203EB820300F01F00BD
:10B080009B6823FA00F000F001007047A8990320A4
:10B0900008B510B96FF0150008BDFFF78FFE002846
:10B0A000F8D00020F8E710B50C4648B141B1FFF7E1
:10B0B0003DFE002820700CBF6FF02200002010BD64
:10B0C0006FF01500FBE7D4D4F0B50C88C37C028880
:10B0D000A5B2C4F30E0404F118060233865B1A44C9
:10B0E000334497B213FA82F3013B4288B3FBF7F380
:10B0F00013FB07439BB29A42044A93BF22EA05031B
:10B100002A4013439BB20B80F0BD00BF0080FFFFBD
:10B11000F8B5941C0C446343B3F5004FA8BF4FF03F
:10B12000FF330E4610F00301054617469CB203D0CC
:10B13000B0211420FFF702FCB4F5004F01D9B12172
:10B14000F7E71422043011F08FFBEF746C802E802F
:10B15000F8BD38B50388C48805898B42C4F30E0254
:10B1600003D2D1211420FFF7E9FB84EA0503C3F3DE
:10B170000E030BB9AC4206D102F118030122C152F1
:10B180008274184438BD1846FCE7023101444A4332
:10B19000B2F5004FA8BF4FF0FF3290B21B3020F045
:10B1A0000300B0F5004F34BF00B24FF0FF307047DE
:10B1B00040881B3020F00300B0F5004F34BF00B2D0
:10B1C0004FF0FF3080B2704738B503888B4203D20E
:10B1D000F7211420FFF7B2FB857C65B1C388C3F368
:10B1E0000E031833C25A8A4207D3C152811DFFF79A
:10B1F0006BFF00238374284638BD0025FBE7034618
:10B20000F0B59E88DD88B4B2A54200F11800C6F3FF
:10B210000E0616D05F89DD7C845B3D4402353544E3
:10B22000E41B28440D88A4B2A54288BF0C8059892C
:10B23000B1FA81F14FEA511188BF25461170DD81C5
:10B24000F0BD00252846FAE7F8B58288C3890026B4
:10B2500004460D4692B20E60CBB1C2F30E02418994
:10B26000183287180B44825A9BB29342438104D907
:10B270004FF4A2711420FFF761FB04D1011DFFF709
:10B2800023FF46812F600023E3810120F8BD18468B
:10B29000FCE7838802899BB29A42014602D00831BA
:10B2A000FFF712BF70478388C0889BB2C31A584209
:10B2B00058417047828873B5C48895B2AC42C2F3D6
:10B2C0000E0202F1180212D04189C689835A314414
:10B2D00099420EDB0DF10601ADF80650FFF7F4FEC2
:10B2E000BDF80600001B18BF012002B070BD002091
:10B2F000FBE70120F9E770B5C488068984EA0602F5
:10B30000C2F30E020346C4F30E0518300AB9B44264
:10B310000FD19C891A880CB1465B921B914207DCC5
:10B32000DA7C2C440232224410440A461A8270BD50
:10B3300000221046FAE7F8B5038A002B38D08B427A
:10B3400036D3C488858900F11803C4F30E041E198E
:10B3500095B91D55757085891E5B0D44ADB231449C
:10B3600085811953D2B1811DFFF7AEFE0023838181
:10B37000002303820120F8BD1E5BAE4204D04FF4CF
:10B38000F6711420FFF7DAFAC57C878A2644023565
:10B3900035445E195F53857DB570DCE7C27C25447A
:10B3A00002322A4499189B5A83828B788375DFE78F
:10B3B0000020E0E78388C2889BB29A4206D0428987
:10B3C00022B9C3F30E0318331844704700207047A6
:10B3D000C37C0233C8187047C37C0233C81A704755
:10B3E0000230704738B58388C2889BB29A4207D032
:10B3F00045892DB9011DFFF767FEC581012038BDC4
:10B400000020FCE703881380C388C3F30E031833BE
:10B4100003440B60808970474A1E062A08B503461C
:10B42000084604D84FF4D1711520FFF787FA094A6E
:10B43000914202D940F2A311F6E711B903B11960A4
:10B4400008BD2BB11B680022C3E901211A1D1A6037
:10B450000430F5E7FAFFFF7F0368002223B9C0E953
:10B460000132031D0360704759681B680A44F5E701
:10B47000072970B5034604D84FF4EC711520FFF787
:10B480005DFA0068C0B144681A688C42064610D064
:10B49000106860B901F10805AC420DD354685050F2
:10B4A0001868651A541800686560505002E0134629
:10B4B000E9E714681C60304670BD0023C1E9003222
:10B4C00003680B600160704730B590B18478B1FBC0
:10B4D000F4F304FB131300EB430252898A4201D1B7
:10B4E000D8B230BDC27822B900F10803D0B284428C
:10B4F00001D8FF20F5E733F8025F8D4202F1010227
:10B50000F4D1EEE78278038805324B4303EB420324
:10B510001844704710B5114B00EB41041A78638949
:10B52000B3FBF2F303FB0223013A1A44B2F5706F46
:10B530000279807828BF00231A440B18B2FBF0F17F
:10B5400000FB11215B1AB3FBF0F100FB1133134434
:10B550006FEA43436FEA5343638110BD18E8032049
:10B56000024B03EB80035960704700BF18E80320CB
:10B57000034B03EB80035868003818BF0120704765
:10B5800018E803202DE9F04F10F0070A85B00546B2
:10B5900004D040F26F111720FFF7D0F9544F07F194
:10B5A0004C06B1460446B0464FF0010B57F8043B39
:10B5B0008DF80BA03BB101A898479DF80A30082BE5
:10B5C00001D9F521E7E79DF80B1041BB05B13160CA
:10B5D0004F4506F10406E9D1002D70D0DFF8149133
:10B5E000002289F800209646122758F827A0013F2C
:10B5F000BAF1000F56D09AF804609AF802C0FF2EF4
:10B6000061D039460023481C39D19C44BCF1FF0F5E
:10B6100040D90AB189F800E04FF49A71BBE79DF870
:10B620000AC06046022838BF02204B1D5A0004EBB6
:10B630004303441E2344BDF808406444013CCCF15C
:10B64000000C04EA0C044042B4F5803F03EA000316
:10B6500002D340F205119EE775B19A1A32609170DB
:10B66000148082F803B09DF80C00107101981081CD
:10B670004FEA104CA2F806C004FB0134A8E758F8C2
:10B68000210028B190F804B0B34504BF80781B189E
:10B690000139B8E7DBB2E6458AF804303CBF5FFA0F
:10B6A0008CFE01227B1CA0D10AB189F800E0122691
:10B6B00040F6FF6A58F82670B7B9013EFAD2601B0F
:10B6C00005B0BDE8F08F0023E5E707EB41033846FE
:10B6D000A3F80AA0FFF71EFF09F10109BB785FFA82
:10B6E00089F18B42F1D8E8E74FF00009F6E700BF97
:10B6F0001CE8032018E8032038B54FF6FF730380D9
:10B70000184B03EB81030246186DA8B184780379C6
:10B71000B3FBF4F104FB1133DBB2194600EB410536
:10B72000B5F90A50002D0EDB0131B1FBF4F504FB35
:10B730001511C9B28B42F1D1002038BD6381BDE83B
:10B740003840FFF7DFBE00EB41046389C3F30E030B
:10B750001380C278002AF1D14FF4E5711720FFF76A
:10B76000EDF800BF18E803201C4B03EB810370B514
:10B770001C6D054644B3030404D54FF4EC71172047
:10B78000FFF7DCF801462046FFF79EFEFF28014642
:10B7900004D02046BDE87040FFF7B4BEA078B5FBEA
:10B7A000F0F300FB1353DBB219460A1D04EB42060B
:10B7B000B6F90260002E09DB0131B1FBF0F200FBAB
:10B7C0001211C9B28B42F0D1002070BD8B4201D062
:10B7D0000023E37004EB42025580DAE718E8032007
:10B7E000094B03EB810310B51C6D01462046FFF7A2
:10B7F0006BFEFF28014604D02046BDE81040FFF74D
:10B8000081BE002010BD00BF18E80320F8B5104B22
:10B8100003EB810307461C6D01462046FFF754FEEB
:10B82000FF28054611D0E288238953EA024606D054
:10B8300001462046FFF766FE01463846B0472046DF
:10B840002946FFF767FE0020F8BD0520FCE700BF92
:10B8500018E8032038B50E4B827903EB82030446C7
:10B86000186D08B9052038BD8278E1799142F9D286
:10B870004B1CE37100EB41035D89B3F90A30002BE7
:10B88000F3DBA580FFF73EFE20600020EBE700BF62
:10B8900018E8032037B50024CDE9004405468DF8AB
:10B8A00006006846ADF80440FFF7D4FFBDF8044039
:10B8B00008B103B030BD29462046FFF7A7FF002896
:10B8C000EFD040F235211720FFF738F870B50D465C
:10B8D00009211E46FFF759FC324604460921284635
:10B8E000FFF753FC40EA04031B0454BF00194FF058
:10B8F000FF3070BD70B5044610F003000E4603D053
:10B900004E211820FFF71AF8FFF786FD054624B1EF
:10B91000034831460460FFF77FFD284670BD00BF35
:10B92000B4E803202DE9F14FDFF870B09DF828A0AE
:10B930009DF82C901E46DBF8003007460D469046D9
:10B940001BB960211820FEF7F9FF52460921404635
:10B95000FFF71BFC4A4684B209213046FFF715FC6D
:10B9600014FA80F1DBF80000FFF782FD386018B9A7
:10B97000286001B0BDE8F08F04442C60386853465D
:10B9800041460922FFF7C4FB28684B46092231468D
:10B9900001B0BDE8F04FFFF7BBBB00BFB4E8032028
:10B9A00070B50E460446FFF703FC05463046FFF728
:10B9B000FFFB044B2A1821461868BDE87040FFF7CA
:10B9C0007CBD00BFB4E80320024B186808B1FFF744
:10B9D00043BD7047B4E80320D31D23F0070370B5BF
:10B9E000083390B110F0070403D058212220FEF74D
:10B9F000A5FF0460C280818000F108040A464FF66A
:10BA0000FF75013A92B2AA4203D103FB01F008305C
:10BA100070BD0668266004601C44F2E7EFF31083F3
:10BA200072B602680A60016003B962B67047D4D486
:10BA30001F2AF8B5044613460ED89200033222F0AE
:10BA40000303B3F5803F2DD2184DACB1A00710D041
:10BA500068210920FEF772FFFF2B4FEA420204D94A
:10BA6000FF339A42A8BF1A46E8E77C2AB8BF7C2277
:10BA7000E4E729706C602B8122F003022823120472
:10BA800003FB01F001276B68120C0025EEB2B142F6
:10BA900000D8F8BD14B126181F705E60104401353F
:10BAA0002833F3E74FF0FF30F3E700BFB8E8032097
:10BAB00070B5154A157853680021C8B2854203D87D
:10BAC000BA210920FEF73AFF1C46184614F8286BE5
:10BAD00001310EB92346F0E700219970128999616E
:10BAE0000124D96159685C70920803F11E0403F1C6
:10BAF000260524F8022FA54243F8041F1144F8D16B
:10BB000000234361037070BDB8E803200123037074
:10BB10007047D4D40A4B1B89B3F5FF7F4FEA9300DB
:10BB200006D25A089B1A9BB2984238BF18467047F3
:10BB3000B3F5EE6F01D8FF22F4E740F27263F3E74A
:10BB4000B8E803204B782DE9F04106460C4602F098
:10BB5000040702F0FB05E3B1A5BBFF23A3707B083C
:10BB600004EB57073A7D032A02D1022D18BF013397
:10BB7000E2180121117503F10C0104EB830300228B
:10BB800024F811205B68A2703360B2803046BDE8B3
:10BB9000F081002DE1D101234B701D4B8D611B897C
:10BBA000CD6101F11E0249689B08204604F1260C74
:10BBB00022F8023F944540F8041F1944F8D10023AD
:10BBC0006361CAE7D1F80480142200216170A018D3
:10BBD00010F04AFE0E4B1B89B3F5FF7F0FD25A08B7
:10BBE0009B1A9BB208EB0301C4F804802384A16074
:10BBF0006284C4F80C80A3842161E284ADE7B3F5CC
:10BC0000EE6F4FF0FF02EBD940F27263EAE700BF3C
:10BC1000B8E80320F8B50C4684F00104640005463A
:10BC200011461E46E4B2FF23837003191B7D012BCE
:10BC300006D0631CDCB250FA83F31B7D012B0AD1C2
:10BC400005EB44073B8B3A8C9819904205DD2C4458
:10BC500000233B8323750020F8BD05EB84043246A6
:10BC60006068184410F082FE3B8B1E443E83002324
:10BC7000AB700120F0E781F00101490010B5C9B2B5
:10BC8000FF23837043181C7D012C07D10C3120F851
:10BC9000112002221A750023837010BD0131CBB22E
:10BCA00050FA81F10C7D012C05D10C3320F81320C2
:10BCB00002230B75EFE74FF499710920FEF73EFE62
:10BCC00030B50246837803F0FF00F3B9137D022BF1
:10BCD00019D0537D022B15D10346012089B1D51807
:10BCE0000C3300242C7522F81340131803241C7500
:10BCF00002EB80035B680B6000F10C0332F8133039
:10BD00008B80012030BD0123E8E70020FAE730B541
:10BD10000346827802F0FF00E2B99A7D022A17D02A
:10BD2000DC7D022C13D1032281B11D190C340020BB
:10BD3000287523F8140098180324047503EB820077
:10BD40000C32406833F8123008608B80012030BD1F
:10BD50000324E9E70020FAE7037D012B01D1008BE2
:10BD60007047437D012B0CBF408B00207047837DC3
:10BD7000012B01D1808B7047C37D012B0CBFC08B81
:10BD800000207047838B23B9C08B003818BF012077
:10BD9000704701207047027D022A01D1008B704755
:10BDA000437D022B01D1408B7047032AF6D0032B31
:10BDB000F9D000207047827D022A01D1808B704724
:10BDC000C37D022B01D1C08B7047032AF6D0032B11
:10BDD000F9D000207047D4D42DE9F84305460C462D
:10BDE000F72005219146FFF7D0F9061E21DB1DB98A
:10BDF00014FB06F0BDE8F88315F0030703D0982183
:10BE00001920FEF79BFDDFF83080C8F81050A8F825
:10BE10001460BBB29C42EBD9B8F81450D8F81000AB
:10BE20004B4607FB05000522F721FFF771F90137A3
:10BE3000EFE74FF0FF30DDE7CCE803202DE9F041DC
:10BE4000064606989DF81C70984643070D46114615
:10BE500002D010F0030003D025214C20FEF76EFD28
:10BE60004FF48B72FFF7B8FD002F06AB044600FBC2
:10BE700008F10CBF18460020FFF7CEFA17B9069B51
:10BE800033602C60BDE8F08107B5CDE900230B4697
:10BE900003490246081DFFF7D1FF03B05DF804FB1C
:10BEA000E4E8032013B5064CCDE900230B46024617
:10BEB00004F1080104F10C00FFF7C0FF02B010BD4F
:10BEC000E4E80320134B012200214FF0FF309A6079
:10BED000C3F80012C3F80803C3F80015C3F804251B
:10BEE0009A60C3F80803C3F80015C3F804250A498B
:10BEF0000A4A03F580334FF40040C3F80825C1F81F
:10BF00008000BFF34F8FBFF36F8FC1F88001C3F87C
:10BF10000825704700F0004000E100E00000F63F17
:10BF2000FFF7D0BF024B02681A600020704700BFC5
:10BF3000F4E80320014B1B68184700BFF4E8032016
:10BF4000024B1868003818BF01207047F4E803203E
:10BF50008C469B2300B50CF8033B054B8E4607CB64
:10BF6000CEF80300CCF80410CCF808205DF804FBF0
:10BF700004E9032070B51B4E736A93F8A840054688
:10BF80000CB101280DD0012912D8F36A2846984730
:10BF900070B196F8300058B964B9012D1FD0204611
:10BFA00070BD338D1A07EED596F82A30002BEAD0F3
:10BFB000012070BD002DF3D1308D83070AD40028F5
:10BFC000F6D196F83130002BEAD196F8320080F0A5
:10BFD000010070BD96F82A0080F0010070BD308D20
:10BFE000EDE700BFF8E8032010B5154C0CF086FA19
:10BFF0000CF0D8FDA36BA08E00219847237E93B947
:10C00000A18E606A07F05AF9636AB3F8AA0006F0D5
:10C0100073FF236C94F8301094F83C009847002389
:10C0200084F8443010BD94E8070004F10C0383E861
:10C030000700044904F1190005F040FDE0E700BFE6
:10C04000F8E8032051BF0200034B93F8443003B9D2
:10C050007047FFF7C9BF00BFF8E8032008B5094BD8
:10C0600093F84420022A07D1DA7A42F00102DA7208
:10C07000BDE80840FFF7B8BF40F257312720FEF770
:10C080005DFC00BFF8E8032010B41E4942788C6CB8
:10C090002378D20002F0080203F0F30313438278FE
:10C0A000920002F004021343C278120102F010025F
:10C0B00003F0EC031343027802F0030213432370EE
:10C0C000B1F8543063700223A1F84C308C6C0079C5
:10C0D0002378420123F0200302F0200213430128B9
:10C0E00023700CD14B6A93F8BA2093F8BB30032A23
:10C0F00008BF002203F01F0343EA8213A3705DF818
:10C10000044B7047F8E80320F0B5194CA56D83B0D7
:10C110004DB3636E3BB3B4F868306B702B782F4629
:10C1200001F0030123F003030B4307F8033B06462A
:10C13000B4F86820616E384610F018FC0DF1020268
:10C1400001A9E06EE5656766FFF75CF90198FFF706
:10C1500047F90346B4F86810E06E33600122FFF738
:10C16000EAF803B0F0BD40F6C4012720FEF7E6FB75
:10C17000F8E80320F8B5254C656A276F2A7D95F805
:10C180002111E7654FF48173A4F8603094F874309E
:10C19000064603EB820308B9FF2B17D018460BF0B5
:10C1A00021FC2B7D5BB3A06F0BF0D8FFA16FE06D7E
:10C1B0000CF0C4FCAEB1B5F8E0000BF0CBFB0020F6
:10C1C0000CF04AF9022384F84430F8BD95F82001B8
:10C1D0008842E3D1002AE6D138460BF0BFFF0CF0CD
:10C1E000E1FC95F82131B5F8E420033B012B8CBF2D
:10C1F00000202820104480B20CF020F8DBE7E06D2E
:10C200000BF0ACFF0CF0CEFCD4E700BFF8E8032045
:10C210002DE9F04FC44C666A87B096F8201138B902
:10C22000327D94F8743003EB8203FF2B00F0F18031
:10C23000FF200BF0D7FB676A002304938DF81430BE
:10C240008DF80930ADF80A303B7A062B00F21B81DD
:10C25000DFE813F07B00E6006100610019010700D0
:10C2600007000DF10A0103A804F078F9002800F096
:10C27000F680039D002D00F0F2800122062384F851
:10C280007D20BDF80A203B72002A5CD0E91CA4F88E
:10C2900054202165B7F80920A564022BADF81120C0
:10C2A0006AD0053B012B66D80B780322022B8DF850
:10C2B000102000F0A180D4F88000FEF7FBFF0546B7
:10C2C000002840F0C780236D1B781B2B00F0EB800B
:10C2D00000238DF81430F37C84F8315004A823B186
:10C2E000B4F85430002B40F08A80FFF7CDFEA06CEC
:10C2F0000BF034FF0CF056FCB6F8E2000BF02AFB12
:10C3000001200CF0A9F8012384F8873084F8443028
:10C3100007B0BDE8F08FB7F81031D4F88000ADF861
:10C320000A300DF109020DF10A01FEF768FF05461A
:10C33000002800F00781BDF80A20012384F87D3031
:10C340003B7A002AA2D11146A1E794F87C30A7F8E5
:10C3500010310DF10A0103A8ADF80A3004F0FEF81F
:10C36000E8B1039DDDB10122052384F87D203B72F5
:10C37000BDF80A2088E701238DF81030D4F880003A
:10C38000FEF798FF0546074600285ED104F000F945
:10C3900080F00105EDB28DF813503B4699E7636AD2
:10C3A00093F85180B8F1000F5ED1D4F880000DF100
:10C3B0000A010DF10902FEF722FF0546002853D0BD
:10C3C0009DF809A0BAF1000F74D1BDF80A30002B16
:10C3D0005ED101233B7284F87D300023A4F85430F1
:10C3E0002365B7F80930A564ADF8113001238DF845
:10C3F0001030B8F1000FC1D000252B4669E7FFF7D8
:10C4000043FEA06F0BF0AAFEA16CA06F0CF05AFBCC
:10C4100072E796F821318B427FF40AAF37460BE77B
:10C42000424BA3640023A4F854302365B7F80920D5
:10C43000D4F88000ADF8112001238DF81030FEF7FC
:10C4400039FF054607460028A0D001238DF8133098
:10C4500000233EE701238DF81330236D34E740F2CB
:10C46000D2512720FEF76AFA4FF00008002301227C
:10C470003A722E4AA4F854302365ADF80A30A2640B
:10C48000B7F80930B0E740F2DC512720FEF756FA42
:10C4900000232B80AB700122032384F87D203B72A4
:10C4A000BDF80A20F0E607F1BA0001210BF0E0FA2E
:10C4B00001230EE72946D4F88000FEF78DFFFEF732
:10C4C0008FFF0368D0F804B053EA0B0281462FD1E6
:10C4D000BDF80A20002389F8003089F8013089F876
:10C4E000023089F8033089F8043089F8053089F87A
:10C4F000063089F80730002A3FF46BAF9DF8091029
:10C500000029C5D0297801F00301012906D0BB75A7
:10C51000012102233B7284F87D10B7E6032384F8DF
:10C520007D103B72B2E600BFF8E803207CE90320EF
:10C5300001930DF01FFC019B83427BEB0101C7D2ED
:10C54000D04693E740F2C3512720FEF7F7F900BF2A
:10C550002DE9F04FA94C656A94F844208BB005F1A1
:10C56000A8030693022A4FF00003CDE9083340F0F8
:10C570006D82E36D032293F8009088465978A4F801
:10C5800068101344636609EA02030646A4F86020B3
:10C5900007934FEA291AC9F3001B002800F0B18065
:10C5A000002940F0C5816B7AA28EA1650133DBB210
:10C5B00083EA990142F4007211F00107A28640F06B
:10C5C000D5802A7AA2B1032A6B7200F2FF81012A78
:10C5D0000ED0D4F8800008A9FEF736FE002800F03F
:10C5E0003F822B6F01332B676B6F43F100036B6747
:10C5F000636A0021297293F8A8304BB16B793BB183
:10C60000238D697143F0100323851020A36B984795
:10C61000A38E43F40063A3862B7D0027C9F3C009D2
:10C62000002B40F0AA80AB7A03F00102914500F0A4
:10C63000E980A36D002B00F09C810AF0010A84F8C8
:10C6400032A0B8F1000F40F0C4804FF0000994F818
:10C650008A100120FFF78EFC82468046002800F0F9
:10C660004E810BF04BFFD146A38E5A0607D4A36B25
:10C67000002140209847A38E43F04003A38687B152
:10C68000EB884BB9636A93F8A8302BB1B4F8053046
:10C69000B4F80720134304D0B4F809300133A4F8E8
:10C6A0000930002E5CD0B4F8053000220133A4F824
:10C6B000053084F88A20524806F00CFC089830B106
:10C6C000FEF78EFE00220272069905F0D9F9099B49
:10C6D00033B100221A720C220998069905F094F9D8
:10C6E000B9F1000F70D1A38E1B0607D4A36B494686
:10C6F00080209847A38E43F08003A3860BB0BDE84B
:10C70000F08F2B7D002B40F0108194F88A3001339C
:10C7100084F88A30A38E43F48063A38695F8213190
:10C72000033B012B04D905F091FB074600285AD0A2
:10C730000BF026F90328A76D00F0FF80002F00F012
:10C7400086800AF0010A84F832A0B8F1000F51D0B7
:10C750000BF0D4FEA78E17F040074FF0010986D0EA
:10C76000B4F807300133A4F80730A4E72B7D37462F
:10C77000C9F3C009002B3FF456AFB4F868308BB949
:10C78000AB7A03F0010291457FF453AF0133AB72F2
:10C79000079B032B00F02A81A26D002A7FF44DAF86
:10C7A000914657E00CF01AFA0328FBD002280BD070
:10C7B00000287FF438AFAB7A03F0010399457FF48A
:10C7C00038AF012384F83C30FFF70EFC0BB0BDE816
:10C7D000F08F0BF093FEA38E5A0636D5002F00F093
:10C7E0001A81B1464CE7A36D002BAAD1B4F868209A
:10C7F00081462FE04FF000094F4628E7F8E8032074
:10C800001CE90320B4F86820002ABFD00798411E15
:10C81000012938D901330328AB7200F0E780AB6FF0
:10C820000133AB67EB6F43F10003EB67A36D002BA4
:10C830007FF403AF99460DE00BF060FE079909A85D
:10C84000FFF762FCA38E5B06C8D4B1460FE7B4F8CD
:10C850006820B946002A14BF4FF0000B0BF0010B03
:10C8600084F832B0B8F1000F40F0098194F88A10D2
:10C870000120FFF77FFB8046002840D00BF03EFEF2
:10C880004FF00109F0E6A38E95F8149043F480531D
:10C89000A3860BF075F8032894F8883007D1B9F116
:10C8A000000F0CBF1F221B22934228BF1346B4F86F
:10C8B0006820A16D9A4200F2B080002900F0B88093
:10C8C00094F88930002B4CD1AB6F0133AB67AB7A56
:10C8D00003F10103AB72EB6F0AF0010A43F10003AD
:10C8E00084F832A0EB67B8F1000FA5D194F88A1054
:10C8F0000120FFF73FFB814600289DD1B046EB7C2D
:10C90000002B3AD1002095F82021B5F8E0100BF06B
:10C9100075FA0020FFF77CFCB8F1000F3FF4A4AEDD
:10C92000079909A8FFF7F0FB9EE60CF097F9ECE6F3
:10C93000E06EFEF7E0FC014635E6B4F868201B2AFD
:10C9400094BF4FF000094FF00109002F82D00AF088
:10C95000010A84F832A0B8F1000F7FF4F9AE47461F
:10C9600075E6A36B002120209847A36D002B7FF470
:10C9700064AEB4F8682099466CE7636A95F82A01BA
:10C9800093F8A82095F82031013BDBB2B2FA82F28D
:10C990008000032BD5E91CAB4FEA5212C0B205F15F
:10C9A000800105F1900C60D8CDE9002C4FF0010E0C
:10C9B0004FF0000CCDE904CE4FF0FB0C0393524630
:10C9C0005B46CDF808C00BF0CDFF9BE7053A012A86
:10C9D00041D803F0D1FD00284CD0238D43F008034B
:10C9E00023853946A36B08209847FAE5A38E26498C
:10C9F00043F48053A386238D012043F00103238554
:10CA00002871A36B9847AB6F0133AB67EB6F43F1B2
:10CA10000003EB670DE6B14645E694F8303043F08D
:10CA2000100384F8303000297FF407AE894611E7FF
:10CA3000002A14BF4FF0000B0BF0010B84F832B04A
:10CA4000C146B8F1000F7FF419AF0FE740F6AD1102
:10CA50002720FDF773FF40F2B3712720FDF76EFF2B
:10CA600040F2D4712720FDF769FF40F225410620EE
:10CA7000FDF764FF40F2DE712720FDF75FFF0BF04A
:10CA80003DFDC146F0E500BF5CE903202DE9F04122
:10CA90003E4C94F84430012B86B06CD1666A5FFA44
:10CAA00083F8337905460F4673B1238D002143F097
:10CAB000040323853171A36B04209847636A93F8BC
:10CAC000A8300BB186F80580337A052B06D005B95E
:10CAD000DFB906B0BDE8F041FFF786BA238D2C49D7
:10CAE00043F0020323850220A36B9847636A93F8FF
:10CAF000A830002BEBD0236D1B78A3F10203B3FA0F
:10CB000083F35B0984F82A30E1E729462846FFF7DA
:10CB100031FA0028DDD1337D676A63B997F82121A6
:10CB2000B7F8E21001200BF069F9002006B0BDE86B
:10CB3000F041FFF71FBB97F8213197F8A82094F830
:10CB400074C0013B003ADBB218BF0122032BD6E9C7
:10CB50001E0106F1800406F1900611D800920246EB
:10CB60000120CDE90335CDE9016C0B460590214646
:10CB70000BF0F8FED2E740F60C112720FDF7DEFEA1
:10CB800040F225410620FDF7D9FE00BFF8E803205A
:10CB900048E9032010B50C4C0C4A94F844300C4979
:10CBA000116023B14FF4B1712720FDF7C7FE03F0E8
:10CBB000FF02227606F07AFB03F026F9206703F0E5
:10CBC00027F9A06710BD00BFF8E80320D0F20320CA
:10CBD000F0CE020010B5074A92F8443013B10C248D
:10CBE000204610BD03F0FF04147606F05FFB2046DC
:10CBF00010BD00BFF8E803202DE9F043A54C87B035
:10CC000094F844609DF838C0002E40F03981002926
:10CC100000F03681002A00F03381002B00F03081D3
:10CC2000054606F0FF002364A163E26284F889C030
:10CC300084F8300084F88A0084F83C0084F8870087
:10CC40002085A08684F8310084F8320084F87D00C5
:10CC500084F82A00A0642065A4F85400E0656066AA
:10CC6000A4F8680065620AF067FF0BF09BFF95F976
:10CC700028010AF0B3FFD5F8D460D5F8CC000AF04B
:10CC8000B3FF30460BF04EFA95F825000AF0B6FFD8
:10CC9000B5F8E030672B40F28980B5F8E230672BB9
:10CCA00040F28480636A93F8A860002E00F08680CA
:10CCB00093F80733002B40F0A08006F071FA95F846
:10CCC000212100F1890101200BF084F8724B1868D2
:10CCD0000BF02EFAAB7BD5E93012243B072BC4F8BE
:10CCE0008010E26640F28C80EB7B243B072B40F205
:10CCF0008780B5F8F230B5F8F80095F82011984221
:10CD000028BF1846042908BF032104F035F802465D
:10CD100095F8F40095F8F030904228BF104680B2A4
:10CD2000984268D295F8211184F87C3005F1E8002A
:10CD300004F045FF95F821112F7DB5F8FC6003291B
:10CD400008BF042104F018F8002F51D0864228BFF4
:10CD50000646F6B284F8886005F078F8002851D1CC
:10CD6000636A84F8746093F8A830002B3AD02B7D66
:10CD7000002B4ED10120FFF7FDF9636AD3F8E801DB
:10CD80000BF024FA0023C4E90033A360D5F8243162
:10CD9000E888B5F8AA1095F82520608021802271D6
:10CDA0000BB101221A6007B0BDE8F0830AF0D8FD8C
:10CDB000636A93F8A860002E7FF47AAF06F0F0F96A
:10CDC00095F82021354B33F8123001463046344E69
:10CDD00003F5FA73A6FB036301EB931166310AF0C6
:10CDE000F9FF73E7EA7C72BB0120FFF711FAC9E78C
:10CDF000043080B2AAE7C3B294E70AF07FFE5CE792
:10CE00001B238FE705F028F8B04238BF3046C6B282
:10CE1000A6E795F82131013BDBB2032BD5E91E01D2
:10CE200005F1800705F190022FD8CDE90263019248
:10CE30000026024601200B460590394600900496D4
:10CE40000BF090FD96E795F8206195F82A01013ED8
:10CE5000F6B28000032ED5E91C89C0B205F180012D
:10CE600005F1900211D8CDE90363012605960096DD
:10CE7000FB2601924B46424602960BF073FDB3E748
:10CE80004FF420712720FDF759FD40F2254106207F
:10CE9000FDF754FDF8E80320D0F20320905A040077
:10CEA000D34D6210FFF7A0B8014B93F8870070478D
:10CEB000F8E80320064A938E13F4C06F03F4805100
:10CEC00003D092F87D0000B17047080B704700BF97
:10CED000F8E80320024B93F83500C0F3C000704718
:10CEE000F8E80320014B93F88A007047F8E8032024
:10CEF0005DC0020051C502008DCA020049C0020097
:10CF000090F8DE2012B902F0FF00704710B53638F5
:10CF100082B00C4601F0C0F98F230420237002B0C8
:10CF200010BD00BF70B5002857D0437A0D460446A7
:10CF3000BBB340890021FEF753FC002852D0B0F863
:10CF4000AA000021FEF762FC002850D194F854603A
:10CF500094F8A6302BB194F8A7301E43002384F830
:10CF6000A630204601F098F9B3072CD12B46882231
:10CF700003F8032B04F109022934166850689168FC
:10CF8000D2F80CC0C3F80CC01032A2421E60586028
:10CF9000996003F11003F0D1117819700022AA7181
:10CFA00070BD036DD0F80E20C3F8AD20428AA3F8FF
:10CFB000B120437B026D03F0FD03003B18BF01234A
:10CFC00082F8AC30C2E726F00406002284F85460F0
:10CFD0001146204601F072FBC8E740F206313220CC
:10CFE000FDF7ACFC40F212313220FDF7A7FC40F215
:10CFF00015313220FDF7A2FC90F83E00003818BF32
:10D0000001207047036D10B58BB102224272B3F854
:10D01000AA1041814FF6FF73FF220446038506499B
:10D0200080F8272004F002FD0023236510BD40F2A4
:10D0300061313220FDF782FC25CF020003683BB14D
:10D04000064A03F16C011360536951601B6818476D
:10D0500010B540F677113220FDF770FC84E903200B
:10D0600010B5104C606800F065FC637B9BB9D4E997
:10D07000003000224FF0010C80F804C003F16C0076
:10D08000A3F8792183F87B2100F0DCFB2068BDE860
:10D09000104001F02BBB0BF043F90AF01FF90023FD
:10D0A0006373E4E784E9032090F8400000F0FD009A
:10D0B000003818BF012003F0C7BA00BF38B500F12F
:10D0C0004201044690F8400000F0FD00003818BF0F
:10D0D000012084F8410003F07FFA94F84030023BCD
:10D0E000DBB2012B94BF0123002384F8483000D920
:10D0F00038BD03F0E3FC05460CF0EEFC094BE5FB04
:10D10000030194F84830C4E92001002BF0D000203E
:10D1100003F07CFD0028EBD140F621213220FDF701
:10D120000DFC00BF40420F00F0B5D0F8C8409DF89C
:10D1300014E0944203D190F840208A4201D00020AC
:10D14000F0BD1EF0020190F8454120D10D460A467F
:10D150008618013596F87C61F71E012F00EB8207D7
:10D1600088BF314353F82260D7F8CC2002F1200C5D
:10D1700098BF41F004016645EAB2E0D1A242E7D986
:10D180000EF00500401AB0FA80F04009F0BD00250D
:10D19000AC4629462A46861800EB820296F87C6146
:10D1A000D2F8CC20F71E012F9CBF0CF1010C5FFAC6
:10D1B0008CFC02F1200253F82C708CBF314341F0FB
:10D1C00004010CF10106BA4205F101055FFA86FC83
:10D1D000B5D1EAB2A242DED9D2E700BF012938B503
:10D1E000044610D094F854309B0704F16C051AD112
:10D1F000284600F027FB0023A4F8793184F87B311E
:10D2000084F8703038BD0A4D6B7B002BEAD00BF0F0
:10D2100087F80AF063F800236B7394F854309B0787
:10D2200004F16C05E4D0284600F084FBE0E700BF81
:10D2300084E90320A03002F04BBE00BF0149363024
:10D2400004F018BC01CF020010B5012104460020F3
:10D25000FEF7C6FA20B3627880F85420217811F0E6
:10D2600001021CBF012280F87C214907034603D537
:10D270000244032182F87C11A27883F84020E278EE
:10D2800083F8552002F0FD02B2FA82F2520983F8C7
:10D290004A20227983F84920627983F8572010BD0B
:10D2A00040F6CB213220FDF749FB00BF10B5044604
:10D2B0006C3000F03FFB0023A4F8793184F87B3117
:10D2C00084F8703010BD00BF08B501210020FEF7C2
:10D2D00087FA28B190F89400003818BF012008BDE3
:10D2E00040F64A313220FDF729FB00BF2DE9F04717
:10D2F00005468CB00E4600200121FEF771FA002889
:10D3000000F074820446A83000F0D0FF002846D018
:10D3100094F85430042B42D0AF6A002F00F069819A
:10D32000B74B9F427AD0043B9F4277D002F07AFD00
:10D3300007F13B09804602A9484600F0B5FBEB7AAD
:10D34000B8F1000F00F0D580DC0606F10D0100F108
:10D35000FD81002F00F058829DF80830022B00F06C
:10D36000538295F83230E522484604F07EF895F86D
:10D37000323004462344484685F8323004F06DF8D4
:10D3800095F83290A9EB0009B9FA89F94FEA5919D1
:10D39000B8F1000F48D104F11802D2B2B8E020462B
:10D3A000FFF72AFE07460028B6D1AB6A954C0BB3AF
:10D3B00004F1080804F10C0601E0AB6AD3B1A96AD4
:10D3C0000B68AB6241450F704F708F70CF70F4D017
:10D3D000B142F2D02068FEF721FB231DD3E84F3F76
:10D3E0000133DBB2211DC1E8423F002AF5D1AB6A0F
:10D3F000002BE4D12068A5F10801FEF70FFB231DE7
:10D40000D3E84F3F0133DBB2211DC1E8423F002A80
:10D41000F5D14FF40073ADF804305EE002F002FD88
:10D420008146002870D00024EB7ADA0640F1EC81C6
:10D430005807AA7A697B03D5E87EFE2800F05A8156
:10D4400004F10A0313FB02F3023373703E233370BB
:10D4500002237171F270B370D5F80E30C6F8063041
:10D460006B8A7381347334442B7E6373EB7A13F0CD
:10D47000080100F0E780634C04F1080804234745E5
:10D48000337178D13379022262F34613AA6A337179
:10D490006AB1EFF3108272B6AB6A1968A962002A0A
:10D4A00000F0C68000221A705A709A70DA702068F4
:10D4B000A5F10801FEF7B2FA231DD3E84F3F01336F
:10D4C000DBB2211DC1E8423F002AF5D102274FF00F
:10D4D00004088DF804808DF805709DF804209DF8EF
:10D4E0000530002062F3070063F30F200CB0BDE8A5
:10D4F000F087D80606F11C0100F11E8127B19DF8C6
:10D500000830022B7FF42DAF182200244FF00109C0
:10D510008E233370AB7AF37013FB02F30233737014
:10D52000D5F80B30D5F80F20D5F81310D5F8170023
:10D5300030617360B260F160D5F81B30D5F81F2000
:10D54000B261736195F814A095F8158002F0A8FCFB
:10D550000AF1FF338A05DBB256D5032B00F24F8167
:10D5600086F80DA0B8F1000F64D1F476254C04F1D3
:10D570000808474586D004F10C0A57456BD0002FA8
:10D5800000F09180B9F1000F2AD0AB6A63B1EFF3DC
:10D59000108272B6AB6A1968A96202B962B600223B
:10D5A0001A705A709A70DA7020683946FEF736FAA7
:10D5B000231DD3E84F3F0133DBB2211DC1E8423FB9
:10D5C000002AF5D1AB6A85F83220434500F0C780C8
:10D5D000534500F0E8809DF80830022B00F0A5804C
:10D5E0003379012262F34613337101274FF00408A7
:10D5F0006FE702F017FC05F1330980469BE600BF98
:10D60000A8E903209CE90320032B00F20181834A4F
:10D61000D35C7373B8F1000FA7D008F1FF385FFA3D
:10D6200088F8B8F1030F00F2F38012F8088006E0E2
:10D6300062B637E708F1FF33032B00F2E08086F88B
:10D640000E8092E703F00302032A49D0590749D517
:10D65000012333718AE7AB6A63B1EFF3108272B6CC
:10D66000AB6A1968A96202B962B600221A705A70D0
:10D670009A70DA706B7D83BB327963F34612327134
:10D680004FF004082068A5F10801FEF7C7F9231D33
:10D69000D3E84F3F0133DBB2211DC1E8423F002AEE
:10D6A000F5D1022715E795F80B8018F010083FF424
:10D6B00010AF3379206867F34613A5F10801337181
:10D6C000FEF7ACF9231DD3E84F3F0133DBB2211D38
:10D6D000C1E8423F002AF5D1F8E64FF00008D1E753
:10D6E000317143E7022A25D0002A40F084800323C9
:10D6F00033713BE71301023373703E2333700B2306
:10D70000B37001237171F2703371D5F80E30C6F821
:10D7100006306B8A73813073EB69C6F80D302B8C41
:10D72000A6F811302B7EF37420E7337923F06803D9
:10D7300033715AE7327119E79DF8184008462246BE
:10D7400005990FF013F94FF0010924E69DF81840F0
:10D750000846224605990FF009F9C14664E6337977
:10D76000022262F34613AA6A337162B1EFF31082A8
:10D7700072B6AB6A1968A96202B962B600221A7061
:10D780005A709A70DA702068A5F10801FEF746F920
:10D79000231DD3E84F3F0133DBB2211DC1E8423FD7
:10D7A000002AF5D192E6337962F34613AA6A3371FF
:10D7B00062B1EFF3108272B6AB6A1968A96202B95E
:10D7C00062B600221A705A709A70DA702068A5F159
:10D7D0000801FEF723F9231DD3E84F3F0133DBB2E5
:10D7E000211DC1E8423F002AF5D16FE64FF4F171E7
:10D7F0003320FDF7A3F8A4213320FDF79FF84FF461
:10D80000EA713320FDF79AF85B213320FDF796F893
:10D810004FF43F710620FDF791F800BF385804001F
:10D82000343270B592B204461E460D46FEF7D4F867
:10D8300024B1034B1C601D745E741D7170BD00BF6C
:10D840009CE9032038B503684BB39A6A52BB596A06
:10D85000054629B301F10800154C834208BF2A6030
:10D860002068FEF7DBF8231DD3E84F3F0133DBB21E
:10D87000211DC1E8423F002AF5D12B687BB1206809
:10D88000A3F10801FEF7CAF8231DD3E84F3F013387
:10D89000DBB2211DC1E8423F002AF5D12A6038BD24
:10D8A000034CECE740F28D113320FDF747F800BF41
:10D8B0009CE9032070B505680646F5B11B491C4C70
:10D8C000284604F0FEF80023E360EFF3108272B6FE
:10D8D000AB6A23B3E96A04F10C030B60EB6202B993
:10D8E00062B63368596A29B101F10805AB421AD111
:10D8F00000236B620023336070BD696A0029F9D090
:10D900000B4C2068FEF78AF8231DD3E84F3F013304
:10D91000DBB2211DC1E8423F002AF5D1E8E704F15E
:10D920000C03AB62DAE71D46EBE700BFEDD2020065
:10D930009CE9032070B50668002E3CD0716A05464C
:10D94000002939D001F108039E421E4C0DD02068F9
:10D95000FEF764F8231DD3E84F3F0133DBB2211DEE
:10D96000C1E8423F002AF5D12B68002272625A7D3D
:10D970008AB10022A260EFF3108172B69A6AF2B106
:10D98000D86A114A0260DA6201B962B62846BDE877
:10D990007040FFF78FBF2068A3F10801FEF73EF843
:10D9A000231DD3E84F3F0133DBB2211DC1E8423FC5
:10D9B000002AF5D12A6070BD024C3346D7E7024AEF
:10D9C0009A62E0E79CE90320A4E9032038B5C37814
:10D9D0000C4613F03F0160D00378C3F380136374E7
:10D9E000054603F015FCA0742B796370E878830971
:10D9F00023702B7913F0010146D14FF0050C4FF045
:10DA00000B0E6246616013F002011CBF05EB0C01B6
:10DA10007246A160590744BF0132D2B213F0080127
:10DA200004D002F1020CA9185FFA8CF2616113F0C4
:10DA3000100104D002F1030CA9185FFA8CF2A16165
:10DA400013F0200104D002F1120CA9185FFA8CF235
:10DA500013F04003E16102D0AB180132D2B200F002
:10DA60003F002362031D9B1A13F0FF0114BFAB1884
:10DA70000B4663626B78013B1B1ADBB2237453B114
:10DA80000A441544E56038BD4FF00B0C691D4FF09A
:10DA9000110E6246B6E7E36038BD20462822BDE895
:10DAA00038400EF0E1BE00BF70B5037803F00F06FA
:10DAB000072E2BD0C3F380134B740C46054603F09E
:10DAC000A7FB012202FA06F313F05503A0740CD051
:10DAD0000023E91CC4E9011362706B78063BDBB2DA
:10DAE00023748BB10935E56070BD964208D10321DE
:10DAF0006A1823740935C4E901256170E36070BDBB
:10DB0000C4E9013363702374E36070BDBDE8704005
:10DB1000FFF75CBFF0B5D0F81011D0F8C86090F8EE
:10DB2000455189B100210C460B4600EB83030131BE
:10DB3000D3F8CC20CBB22032AB421444F5D9A64264
:10DB40000CBF02200120F0BD8C460F4600EB810186
:10DB50000CF1010CD1F8CC405FFA8CF104F1200EED
:10DB6000A9427744F2D90721BE42A6FB011423D073
:10DB7000D0F8C07011EB070CD0F8C47044EB070468
:10DB8000D0F8CC7025B3D0F8D010012D0F4407F198
:10DB9000400703D0D0F8D40020300744BE4205D05F
:10DBA000624573EB040417D30120F0BD624573EBAB
:10DBB000040411D20320F0BDD0F8B07011EB070CB3
:10DBC000D0F8B47044EB0704D0F8CC70002DDAD153
:10DBD0002037BE42E4D1E9E70220F0BD08B540F2AB
:10DBE0008A312120FCF7AAFE38B50446FF2380F8CD
:10DBF000153100F58C7528460CF026F8284604F5FA
:10DC0000A4750CF035F828460CF01EF828460CF0E8
:10DC10002FF800212046FFF7E1FA94F816313BB1C6
:10DC2000D4F8083153B104F1E80005F089FA09E0AD
:10DC3000D4F8100110B1D4F808319BB104F1E80018
:10DC400005F0F8F9002384F8153194F8160110F066
:10DC5000FF0018BF0C2084F81631C4F8103184F886
:10DC6000143138BD00F5EC7005F0E4F9E6E700BFCB
:10DC7000022910B52AD013D8012934D10446084608
:10DC80000AF0B8FD1A4A00F52343A133A2FB03238F
:10DC9000D4F81021980900F2792002B1400010BD9B
:10DCA000CB1E012B1FD840F2BF33084640F29174BF
:10DCB000032918BF1C460AF09DFD0D4B00F52340BB
:10DCC000A130A3FB003004EB901010BD08460AF011
:10DCD00091FD074B00F52340A130A3FB00308009E4
:10DCE00000F2611010BD40F217119E20FCF726FED5
:10DCF000D34D62102DE9F04104460BF0EDFED4F84F
:10DD00001021D4F8C87005460E4694F84501002A43
:10DD100046D04FF0000C6146634604EB83030CF1E0
:10DD2000010CD3F8CC205FFA8CF3203283421144EB
:10DD3000F3D98F420CBF0227012738460BF0BEFFF4
:10DD4000312829D9411CD4E936325AD0C118914220
:10DD500028BFD01AD4F8A830D4F8AC205B1B62EBF3
:10DD60000602012B72F1000152DB00219842914121
:10DD700060DA41F28836864228BF06460BF0ACFED8
:10DD8000C5F174050544B54206D8394630460BF056
:10DD9000C1FF0546002854D100252846BDE8F08182
:10DDA0009446134604EB83030132D3F8CC10D3B26C
:10DDB000203183428C44F5D907236745D4E92C1ED2
:10DDC000A7FB03382FD0D4F8C02013EB020CD4F8F3
:10DDD000C42048EB0208D4F8CC20D8B1D4F8D03015
:10DDE00001281A4402F1400203D0D4F8D4002030B4
:10DDF0000244974211D061457EEB080818D30127F1
:10DE00009BE7D61A41F288339E4228BF1E46B5E7EB
:10DE10000026B3E720329742EDD161457EEB08083A
:10DE200006D2032789E711EB030C4EEB0808D2E773
:10DE3000022782E741F28832934228BF13461E46EA
:10DE40009CE70BF04FFED4F8E020D4F8D830B0189F
:10DE5000D4F8DC20C4F8E00033449342C4F8D8304E
:10DE600004BFD4E93A23C4E930230BF037FE94E72A
:10DE70002DE9F04F04468BB0052900F26B81DFE8F5
:10DE800011F0210009003200D20069010C00204687
:10DE9000FFF7D4F90BB0BDE8F08F90F8153163B9F6
:10DEA000B0F87A31C3F30C03002B00F04A8190F8EC
:10DEB0007831033B012B40F26A810BB0BDE8F04F93
:10DEC000FFF7CEB890F8153103F0FF05002B00F0F6
:10DED000B4800121FFF782F90AF070F80BB0BDE8B9
:10DEE000F04F0CF027BFB0F87A31C3F30C03002BCE
:10DEF00040F02D810BF0F0FDD4F8CC70804694F802
:10DF000045018B4607F1200150B1012304EB830248
:10DF10000133D2F8CC20DBB2203283421144F5D950
:10DF2000D4F8C8508D4200F0D280D4E93A365A195C
:10DF3000A8EB0303B3FBF5F305FB03F346F100067F
:10DF40009B18A3EB080246F10006F62A4FF00009E1
:10DF500000F24481ED1846F10006CDF8049094F8E3
:10DF60007C112046FFF784FED4E92AA1BAEB050311
:10DF700061EB0602012B814672F10000C0F2A58020
:10DF800000209F42904100DB1F46D4F8CC30039321
:10DF90009F4228BF1F4604238DF81930C4E92E562E
:10DFA0003346C4F8D890C4F8DC702A462046029163
:10DFB000FFF7B0FD019B8DF81800CDF81490BBB3AE
:10DFC00002990123BAEB080A61EB0B019A458DF81F
:10DFD000103071F10003C0F24981AE480023504572
:10DFE0008B4180F2D280D4F81031D4F8C810002BC5
:10DFF00000F01F814FF0FF32154690457BEB050383
:10E00000C0F0AD800891B9453FF641AF04A904F5D1
:10E010008C700CF0A9FE00287FF43CAF40F27371C5
:10E020002120FCF78BFC0BB0BDE8F04F0AF080BA62
:10E03000CDE908568DF81030E5E70BF09BFED4F8DB
:10E04000E830B0EB030CC4E92C0100F1208194F816
:10E050004561D4F8C87004940795002E00F008813B
:10E06000BCFBF7F207FB0233C21A294628462B46AF
:10E0700004EB8303D3F8CC3003F1200E724503D3B5
:10E08000203A0130D21AC0B20131CBB29E42EFD257
:10E09000B4F87A3184F84401C3F30C038DF82000FE
:10E0A000002B6CD1BC4534BF0125012304A88DF899
:10E0B00018508DF82130FEF7C1FFD4F8D800E738AA
:10E0C000C4F8E0000BF00AFDE4E600275DE7D4E9C0
:10E0D0002A126FF000439A4208BFB1F1FF3F78D097
:10E0E00094F844312344204693F87C11FFF7C0FD97
:10E0F00018F1F70308934BF100030546059000263D
:10E10000099304A840F202438DF81060ADF818306E
:10E110000CF09EFE002800F0B580089AD4F8A830D4
:10E1200009999B1AD4F8AC2062EB01025B1B62F1E7
:10E130000002002A4DDA0123374645465E46019328
:10E140000DE7FFF7D7FD00287FF4A4AEB5E6FFF793
:10E15000ADF8CFE64FF4E5712120FCF7EFFBB2EB11
:10E1600008026FF0010165EB0B0500239142AB4102
:10E170000146FFF447AF904228BF114642E7D4F86A
:10E18000403105930325002390E750462BE790F894
:10E190007031002B7FF491AE012180F8701144F2B0
:10E1A00036500BF0B7FD00283FF487AE0BF09AFC19
:10E1B000D4F8D830D4F8E02044F236500344104468
:10E1C000C4F8D830C4F8E0000BB0BDE8F04F0BF055
:10E1D00085BC012345465E460193C0E694F87C1158
:10E1E0002046FFF745FDD4F8C850D4F8E810D4F81D
:10E1F000B83005905A1AD4F8EC30B2FBF5F205FBB2
:10E2000002F2521843F100030421204608920993B8
:10E210008DF819108DF81090FFF77CFC29468DF8C9
:10E22000180004A802F07AFDDDE90856CDF8049044
:10E2300095E6039E94F84551203655B1012304EB31
:10E2400083020133D2F8CC20DBB22032AB42164439
:10E25000F5D907228E42A1FB02250BD0D4F8C0309D
:10E26000D218D4F8C43045EB0305C6E60020BAE660
:10E2700028460DE7D4F8B030D218D4F8B43045EBC6
:10E280000305BAE640F296412120FCF757FBFFF761
:10E29000A5FC00BF0040420F90F8143103F0FF02CC
:10E2A0000BB910467047FFF79FBC00BF90F86C0099
:10E2B000003818BF0120704770B584B090F8143151
:10E2C000002B5DD103F0FF020B780392CDE9012210
:10E2D00013F0010203F0040421D08D680195002C95
:10E2E0003DD04FF0010CCE6880F845C14968C0F8B8
:10E2F000F810203DC0E9321540F27121A0F8FC1061
:10E30000990702963AD50DEB820300EB8205596816
:10E310002039531CC5F8CC10BCB904B070BD24B969
:10E3200040F2BE212120FCF709FBCD6880F8452191
:10E330004968C0F8C810C0F8F81013F0020340F2A2
:10E3400071210195A0F8FC10DDD10DEB830200EBEB
:10E3500083035268203AC3F8CC2004B070BD80F823
:10E3600045414968C0F8F810203DC0E932159B07C7
:10E3700040F27121A0F8FC10C5D4CEE71346CBE7DC
:10E3800040F2A5212120FCF7D9FA00BFD0F81021D6
:10E3900042B190F8143103F0FF020BB910467047F8
:10E3A000FFF722BC0C221046704700BFF8B50D469F
:10E3B00006460021D5F8E00104F08CFEB04205F5D8
:10E3C000EC77044613D00146384604F051FE002392
:10E3D00033623CB194E80E005B1842F10002C5E9DB
:10E3E0007632F8BD00231A46C5E97632F8BD836857
:10E3F000D5F8E021934208D2816931B1014638460F
:10E4000004F036FE00232362E4E7934238BF13464C
:10E41000F2693762B360002AE4D00ECA5B1842F199
:10E420000002C5E97632F8BD2DE9F04F8BB090F8C7
:10E430001421002A40F00A8104460D4602F0FF0331
:10E44000FF2280F8142180F8153190F8456180F89A
:10E4500044311946184604EB83030131D3F8CC202C
:10E46000CBB22032B3421044F5D9D4F8C830984228
:10E4700000F0BE80D4F8CC30002E00F0B280D4F88A
:10E48000D020012E134403F1400303D0D4F8D4204C
:10E4900020321344C4F8F0300BF01EFBD4F8CC70DB
:10E4A00094F8456107F1200856B1012304EB83027B
:10E4B0000133D2F8CC20DBB22032B3429044F5D9FC
:10E4C00010F5FA6641F10009D4F8C8B004F0F8FD7F
:10E4D0008246514604F1E800039004F0C9FDD4F8E7
:10E4E000101111B10398FFF761FFC3450CBFD4F8B9
:10E4F000F080D4F8C880BAF1000F7CD0DAF80800B8
:10E50000DAF80030DAF80410C01841F10001CDE962
:10E510000069424604F0F8FD80456ED3861949F142
:10E520000009D4F8C82002F2CF730344B3FBF2F31E
:10E5300002FB03F3F31AC4F8E83069F10003C4F8EE
:10E54000EC30002D4FD0ADB242F2107132464B4646
:10E55000E5FB0123C4E92A2394F87C112046FFF748
:10E5600087FBD4F8A830D4F8AC209B1B62EB0902DF
:10E57000012B72F1000C0546D4E93A0142DB9F42BF
:10E580004FF0000C7CEB020CA8BF1F46D4F8CC3037
:10E59000C4F8D8509F4228BF1F460423C4E9300165
:10E5A0008DF81930C4E92C694B46C4E92E69C4F8CA
:10E5B000DC7032462046FFF7ADFA0023BD428DF8ED
:10E5C000180008960595CDF824908DF8103033D8B2
:10E5D00004A904F58C700CF0C7FB90B30BB0BDE838
:10E5E000F08F203356E74FF0FF326FF00043B1E772
:10E5F00041F288334EE7504693E740F24D312120F7
:10E60000FCF79CF904230027C4E930018DF8193088
:10E61000C4E92C69C4E92E69C4F8D8503246C4F85C
:10E62000DC7020464B46FFF775FACDE908698DF896
:10E63000180005958DF810704FF41F712120FCF71C
:10E640007DF940F27D212120FCF778F940F2672125
:10E650002120FCF773F900BF38B590F81431DBB90D
:10E660000D4619B304460246134900F58C700CF0B0
:10E6700075FB1149224604F5A4700CF06FFBC4F839
:10E6800010516B7B03F0FF015BB984F81611204633
:10E69000BDE83840FFF7C8BE4FF423712120FCF7D6
:10E6A0004DF940F293212120FCF748F940F28D21E9
:10E6B0002120FCF743F900BF71DE020038B50246A5
:10E6C00004460D4600F58C7007490CF047FB04F535
:10E6D000A470054922460CF041FB29462046BDE8BE
:10E6E0003840FFF7A1BE00BF71DE02002DE9F04FF8
:10E6F00087B090F81531002B40F0C480044603F039
:10E70000FF0B0BF0E9F994F845115B460133DAB2DF
:10E710009142FBD2D4F8C830D4F8E820D4F8EC7099
:10E72000861AB6FBF3F603FB06F6B61800F1F705FA
:10E73000A5EB060547F10007AB4294BFA5EB030A22
:10E74000AA46002900F0E780D4F8CC3003F120027B
:10E75000524505D8AAEB0303A3F1200A4FF0010BA1
:10E7600001291DD0D4F8D03003F12002524507D83A
:10E77000AAEB03030BF1010BA3F1200A5FFA8BFB59
:10E7800002290DD0D4F8D43003F12002924507D3EA
:10E79000AAEB03030BF1010BA3F1200A5FFA8BFB39
:10E7A00004EB0B03204693F87C11FFF761FA04EBAE
:10E7B0008B035044D3F8CC808045D94669D3A8EB6D
:10E7C0000A08B8F1000FC0F2B180D4F8E830D4F8EC
:10E7D000B020D4F8EC10AD1947F10007D21A4FF071
:10E7E000000600F19C80D4F8C800B2FBF0F200FBF8
:10E7F00002F2D21841F10001C4E93A21AA1A002A12
:10E80000C0F28D8004EB0903204693F87C11FFF7DA
:10E810002FFAD4F8A830D4F8AC205B1B62EB0702C7
:10E82000012B72F10001824647DB04EB89094FEAB4
:10E83000E8719845D9F8CC60C4F8D8009141A8BFD8
:10E840009846464528BF464604238DF80930C4E95A
:10E850002E573B46C4F8DC602A462046FFF75AF99B
:10E860000023B2458DF808000495CDF804A0059763
:10E870008DF8003037D8694604F58C700CF074FAC6
:10E88000002858D009F09AFB07B0BDE8F04F0CF013
:10E8900051BA94F84521D4F8C8305A452DD90BF116
:10E8A000010BAB425FFA8BFB3BD904EB8B03D946E0
:10E8B000D3F8CC8008F1200583E70423C4F8D800FE
:10E8C0008DF80930C4E92E57C4F8DC602A463B466F
:10E8D0002046FFF71FF9CDE904578DF80800CDF861
:10E8E00004A08DF800602046FEF7A8FC09F066FB46
:10E8F00007B0BDE8F04F0CF01DBAAB420DD85A007E
:10E90000B5EB430F38BF1546FFF45BAF40F245410E
:10E910002120FCF713F88B4642E71D4651E7FFF72D
:10E920005DF94FF485612120FCF708F840F24E4173
:10E930002120FCF703F840F25A712120FBF7FEFF7B
:10E94000F0B5070CA7F5AA42144B543A012A03EA82
:10E9500090231FD927F4004042F6AA22801A18BF3C
:10E9600001200022162116461F2487EA060562EAC6
:10E970000505013510D0DD03ADB245EA5606E503C5
:10E98000ADB2013945EA52024FEA53034FEA54044B
:10E99000EBD1F0BD0020E4E70020FAE7E0FF3F0004
:10E9A00000F0FD00003818BF012070472DE9F0414C
:10E9B000B0F86A70B0F86C50164671B308F09AFB64
:10E9C0000221044602F0D8F902218046204602F0D6
:10E9D000D3F9474528BF4746BFB21B2F38BF1B2777
:10E9E000FB2F28BFFB27854228BF0546ADB21B2D54
:10E9F00038BF1B25FB2D28BFFB25B4F5A47F38BFEE
:10EA00004FF4A474B4F5296F28BF4FF429647780BC
:10EA1000F580B4803481BDE8F08105F0F9FACFE7E4
:10EA2000304BF0B5B0F86C70B0F86A601D890C46D8
:10EA30001146DA88974228BF1746964228BF1646E5
:10EA40001B2E85B02ED0B5F5A47F2DD040F64803FF
:10EA50009D4201AA28BF1D46FFF7A8FFBDF80A3056
:10EA6000BB4228BF3B46E380BDF80C30AB4228BF19
:10EA70002B462381BDF80630B34228BF334663805E
:10EA8000BDF80830AB4228BF2B46A380FF2323707C
:10EA9000E3881B3B9BB2E02B08D940F20951392097
:10EAA000FBF74CFF1B2FCED105B0F0BD63881B3B9D
:10EAB0009BB2E02B02D940F20B51F0E72389A3F57A
:10EAC000A4739BB240F64812934202D940F20D5112
:10EAD000E5E7A388A3F5A4739BB29342E4D940F27F
:10EAE0000F51DCE744EA032007B50023CDE90033EA
:10EAF00003238DF806306846FCF7ACFE08B1002011
:10EB000004E0009805F0C6FC0028F4D003B05DF8DE
:10EB100004FB13B501210020FCF762FEC0B90121FE
:10EB20000846FCF75DFEF8B9FFF7DEFFA0B9062343
:10EB300001906C4600908DF806302046FCF78AFE66
:10EB4000C0B100230093636007238DF806301FE0F7
:10EB5000A830FFF7ABFB10B1012002B010BDFEF7EB
:10EB6000B3FB0028DBD0F7E7A830FFF79FFB0028B6
:10EB7000DAD0F1E70098403004F03CFA0028DCD00D
:10EB8000EAE7009B586F503004F034FA0028E4D1D3
:10EB90002046FCF75FFE0028F3D00020DDE7D4D448
:10EBA000F7B50023CDE9003304460E461746684604
:10EBB000FCF750FE08B100201AE0009DA542F6D0F7
:10EBC0003046FFF7EDFE05F1AD0395F8AC20394670
:10EBD00001F01CFD0028EAD095F8B32094F8B300AA
:10EBE00005F1B40304F1B40101F010FD0028DED0FA
:10EBF00003B0F0BD054A516A11F8030B02F11D0381
:10EC0000C0F38010127F01F001BD00BF84EF03202C
:10EC10000138C0B2032808B504D94FF43F7106206B
:10EC2000FBF78CFE014B185C08BD00BF5858040070
:10EC30000138C0B2032808B504D94FF43F7106204B
:10EC4000FBF77CFE014B185C08BD00BFB058040008
:10EC50000138C0B2032808B504D94FF43F7106202B
:10EC6000FBF76CFE014B185C08BD00BF8C5904001B
:10EC700010B504460A48FEF7E7FA20460949FFF7AF
:10EC80001BFB2046FEF710FA38B12046FEF716FAB5
:10EC90002046FEF7CFFA002010BD1220FCE700BF8F
:10ECA00078EA032080EA032038B5044606F04AFBE0
:10ECB000D8B1204605F0EEFB08B9002038BD20464B
:10ECC00005F07EF80546204605F026F978B9002DB6
:10ECD000F3D0B5F8AA000221FCF798FD0028ECD08B
:10ECE00041F6D6213920FBF729FE4220E6E70C2029
:10ECF000E4E7F0B587B0054602A9008802F0BCF849
:10ED0000044600287CD1029B93F86A21029ED11E02
:10ED10004A424A418DF8062096F8A820002A72D16E
:10ED2000DA7B222A72D19DF8062082F0010293F844
:10ED300062308DF807209B0603D49DF80730002B26
:10ED400068D0EB881B3B9BB2E02B65D82989A1F5E5
:10ED5000A4739BB244F2481083425DD86B881B3B7E
:10ED60009BB2E02B58D8AA88A2F5A4739BB2834229
:10ED700052D8B1F5296F51D8B2F5296F4ED8FF2777
:10ED800086F82F719DF80630002B41D1029B93F835
:10ED9000A810B1FA81F103AA06F1A8004909FFF70A
:10EDA00005FE6A88BDF81230BDF81410B5F806C02B
:10EDB000934228BF134640F64800A6F83431BDF808
:10EDC0000E30AA88814228BF0146634528BF6346AA
:10EDD000A6F83031BDF81030834228BF0346288999
:10EDE000834228BF03468A42A6F83231134628BF21
:10EDF0000B46A6F8363186F82E71002386F82F319F
:10EE0000204607B0F0BD1A6892068CD422468EE7E1
:10EE10003A24F2E71A24F3E71224F1E71124EFE78A
:10EE200010B503210020FCF7DBFC044670B9032178
:10EE3000FCF79AFC044620B940F225313920FBF753
:10EE40007DFD034B93F96C1006F01CFA204610BDB3
:10EE500044EA032010B50446FFF746FE58B90121E5
:10EE60000020FCF7BDFCD0B901210846FCF7B8FC36
:10EE7000D8B9012009E000F0D5FF68B1FFF7D0FF55
:10EE8000044606F0F5FB08B1002010BD204606F050
:10EE9000EBFB0028E3D0F7E7002CE0D1F4E7A83043
:10EEA000FFF704FA0028DFD0EEE7A830FFF7FEF9FD
:10EEB00080F00100C0B2E8E7014B5888704700BFFE
:10EEC00044EA0320006890F8A8303BB190F8E231A2
:10EED00023B1002380F8E23105F0B0B87047D4D4F4
:10EEE000044BD87BC0F3400080F0010000F001002B
:10EEF000704700BF44EA032010B501F053FB01F056
:10EF000017FD00F0EBFF02F081FC04F05DF802F069
:10EF10008BF808F041F9012000F07EFF184B194CE6
:10EF2000194A002119604FF01B13C4E900234FF464
:10EF3000A473A3604FF479432361144BA4F86410C5
:10EF4000586860631B89A181102204F13C0084F899
:10EF50003210E17323870DF087FC012304F15A007E
:10EF600042F21072C4E9102284F83C30637508F054
:10EF70002DF904F14C00BDE8104008F04DB900BF78
:10EF8000D4F2032044EA032003021B005858040073
:10EF9000044B41F64C521B21C3E9062299731A62B5
:10EFA000FFF7AABF44EA0320F7B53B4DAB69C0F8B1
:10EFB000E8302B7C003B18BF012380F8293100F199
:10EFC000A807364BC0F8C8300446384605F020F88C
:10EFD000064600F065FF830654BF1B236B88A4F828
:10EFE000123158BF1A462E4BA97B1B6848BFAA880E
:10EFF000A4F8142184F8F010A4F8F26023B194F975
:10F000002811B4F8AA009847264B1B681BB1264963
:10F01000B4F8AA0098472549384600F08CFF012330
:10F02000A4F8DE30224B1B681BB1B4F8AA00002103
:10F030009847204B1B681BB1B4F8AA0000219847E1
:10F040001D4B1B6813B1B4F8AA0098471B4B1B68F3
:10F0500013B1B4F8AA009847AB886A88697801911F
:10F0600029780091033303329BB292B204F1C401B8
:10F0700004F1C000FCF756FCD4F8C03023B940F2CC
:10F08000E2413920FBF75AFCD4F8C43013B940F2FE
:10F09000E341F6E703B0F0BD44EA032000093D0078
:10F0A000E4F20320DCF2032068EA03204EEA0320A6
:10F0B000F4F20320E8F20320ECF20320F0F2032044
:10F0C0002DE9F34104460E4606F03CF9002800F015
:10F0D0009680204606F0D0FA40B1B6F80130013BE8
:10F0E0007F2B03D9122002B0BDE8F081204606F044
:10F0F000C7FA08B90C20F6E7204605F0CBF900283E
:10F10000F8D1204606F080F880460028F2D120464B
:10F1100006F046F90028E5D0B6F80170F17842F221
:10F12000107320465F4306F092FA04213078FCF712
:10F1300057FB062105463078FCF752FB2DB140B154
:10F1400041F676213920FBF7F9FB18B390F8E580FA
:10F1500005462C4E3368EBB14035284603F059FF85
:10F16000C0B1284603F046FFA0B9B8F1000F07D0A0
:10F17000254B28461B68984760B141F68A21E1E794
:10F1800022493368096A42462846984710B141F639
:10F190008F21D7E7204606F067FA014638B93A468C
:10F1A000204604F011FE40B341F69821CAE702213F
:10F1B0000DF10600FCF7A0FA054608B90D2092E70C
:10F1C000BDF8061001F0B6FE2946204606F0E0FB29
:10F1D0002846FFF7E9FE3A462946204604F0F4FDAA
:10F1E000024610B141F6B421ACE7084B9B6E23B147
:10F1F00005F5977105F1A8009847002073E74220B4
:10F2000071E700BFD8F20320E0F2032044EA0320B4
:10F21000074B01889A88914207D3B0F8032091B236
:10F2200019B1A3F86420002070471120704700BF77
:10F2300044EA0320024B1B6803B118470C207047B7
:10F24000D4F2032010B5044603F0C4FE2070002061
:10F2500010BD10B50378012B044601D9122010BD52
:10F26000FFF757FC60B92078FFF79AFB01280DD013
:10F2700004F11703E21D611CBDE8104001F068BBFA
:10F2800001F008FC0028EED00C20E8E7A37903F099
:10F29000C003C02BE2D1EBE710B50378012B044685
:10F2A0000AD8FFF736FC48B9214611F8010BFFF7E1
:10F2B00077FB01F0C9FB38B9122010BD01F0EAFB61
:10F2C0000028F1D00C20F8E70020F6E708B5008808
:10F2D00001F0E6FB00280CBF3020002008BD38B547
:10F2E0000546FFF716FC044638B92878003818BFE1
:10F2F000012001F0C9FB204638BD0C20FCE708B511
:10F30000FFF707FC18B901F0AFFB002008BD01F0C2
:10F31000C1FB0028F7D00C20F8E708B50821FCF75E
:10F3200009FE002008BDD4D4034B5A8802801B7804
:10F3300083700020704700BF44EA032010B50146E7
:10F340000446002001F048F908B92060A0800020A0
:10F3500010BD10B504460120FFF77CFD28B1012047
:10F36000214601F021F9002010BD0C20FCE7D4D487
:10F3700073B583781A2B064608D8042B04D9334A70
:10F3800022FA03F3DB0705D412251AE0292B01D05A
:10F390003B2BF9D13088B0F5706FF5D2694601F09A
:10F3A0006BFD88B9009B93F82C2102F0FF05C2B9D0
:10F3B000B27883F82D21FF2283F82C216846FFF7CD
:10F3C00081FD284602B070BD30880921FCF708FA9B
:10F3D0000446002837D0B0F8AC0101A901F04CFD7B
:10F3E00008B10C25EDE7B4F8AE010821FCF7F8F9F7
:10F3F00020B94FF404613920FBF7A0FA03781BB958
:10F4000094F8C831032BECD1019B93F84221002AD8
:10F41000E7D194F8F02102F0FF05002AE1D1B4F819
:10F42000B021A3F8442194F8B82183F84621027D45
:10F4300083F84721B27883F8482184F8F021FF222D
:10F4400083F84221BDE70225BBE700BF2000380456
:10F45000FFF74FBC37B508800D4601A901F00CFD40
:10F46000044640B9019810F8A81FB1FA81F12A4664
:10F470004909FFF79BFA204603B030BD10B504469A
:10F48000FFF747FB58B92078FFF78AFA611CE27949
:10F4900001F012FC80F001004000C0B210BD01F08C
:10F4A000F9FA0028EFD00C20F8E7D4D42DE9FF4179
:10F4B00006460078012813D17378012B03D9022B5B
:10F4C0000CD1B38853B17288B2B1B388A3B10A2109
:10F4D0004A434FF4A0614B439A420DDB12247AE079
:10F4E0000028FBD10121FCF77BF90546002840F0FC
:10F4F0008E8040F69A5107E001210020FCF770F958
:10F50000054620B940F63F513920FBF717FAB3887A
:10F51000002B76D1FDF770FD002874D195F81431D9
:10F52000002B72D12846FFF7A3FB04460028D5D153
:10F5300001210846DFF82C81FCF752F998F81410E5
:10F54000074619B110B940F65B51DDE798F8342051
:10F550000023CDE9023312F001031CBFD8F84400A8
:10F560000290520741BF04AA02EB8303D8F8482057
:10F5700043F8082C002941D097F81431002B3DD0D6
:10F580007388DBBB98F834300093D8F8402098F8A3
:10F59000361002AB3846FDF7C7FD78B33846FEF7A4
:10F5A000F5FE07F14003064605F14002683753F8BF
:10F5B000041B42F8041BBB42F9D12846FFF758FB55
:10F5C000024610B140F682519EE70C2E07D101464B
:10F5D0002846FFF773F8204604B0BDE8F08116B165
:10F5E00040F68B5190E798F83530296D43F00403CD
:10F5F00085F854302846FFF72FF8ECE7B288718879
:10F60000E6E71124E7E73A24E5E70C24E3E7FEF711
:10F6100043FE04460028DED195F8543095F8A62024
:10F6200022B195F8A720134385F8A600053B012BCE
:10F63000D1D82B6D13B940F6AA5165E701210846D0
:10F64000FCF7CEF84FF4C072294606460DF08EF94D
:10F65000002386F894300423316D86F85430304608
:10F66000C9E700BF44EA032010B50446002000F0BB
:10F67000D3FB2046BDE81040FFF718BF07B503785D
:10F680008DF8003043788DF8013068460023ADF8DE
:10F690000230ADF80430FFF709FF03B05DF804FB5A
:10F6A00073B506230025CDE900558DF80630684670
:10F6B000FCF7D0F808B1002610E0009D95F8CD3099
:10F6C000802BF4D095F8E560002EF0D095F831311C
:10F6D000002BECD195F8CC30002BE8D10121002093
:10F6E000FCF77EF8044620B941F2BB213920FBF734
:10F6F00025F9A830FEF7DAFD224B1B7D73B3E0B18C
:10F7000094F85430053B012B17D82046FEF73EFEF7
:10F71000054610B141F2C621E8E72046FDF772FC2C
:10F7200094F8543023F0040384F854302A462946D0
:10F730002046FEF7C3FF00250DE001210846FCF737
:10F740004FF8044610B941F2D221CFE7A830FEF7B6
:10F75000ADFD60B90C25284602B070BD28B9002E59
:10F76000F8D0FF2385F8CC30E5E7002EF9D120460C
:10F77000FEF70CFE05460028EDD12046FDF742FCC1
:10F78000E9E700BF44EA032073B5054601A90088F4
:10F7900001F094FB064620B9019C94F8A8301BB1F7
:10F7A0000C26304602B070BD94F8823203F0FF069A
:10F7B00033BB94F86230DB0724D5D4F8A430002B97
:10F7C000EED1D5F80230C4F87832D5F80630C4F856
:10F7D0007C326B89A4F8803204F51A7205F10C03AF
:10F7E0001C3553F8041B42F8041BAB42F9D10C2121
:10F7F00004F51570FCF79EFBFF2384F88232D0E7F6
:10F800003A26CEE71A26CCE730B589B003466A46D9
:10F8100000F1180518685968144603C40833AB4250
:10F820002246F7D11868206002236846ADF81C30E4
:10F83000FFF7AAFF1E220446002168460DF054F887
:10F84000204609B030BDD4D4F7B50678EF2E044673
:10F850000F4603D91226304603B0F0BD90F90120BF
:10F860004378002AF6DB82789207F3D113F0100078
:10F870001DD19D0603F0030216D5002AEAD119070F
:10F88000E8D42179E278E57942EA0122617942EA15
:10F890000142A17941EA0521257A41EA05418A42DE
:10F8A000D8D81F2A12D8D5E7032AE8D1D2E713F017
:10F8B000600FCFD103F00702052A05D003F00F0136
:10F8C0000D22CA40D207C5D51D07DAD5627A013AA2
:10F8D000062ABFD8A27A032ABCD813F0040302D1A7
:10F8E000023A012A03D8E27A012AB3D813B9A37CD9
:10F8F000032BAFD8237DF8B1012BABD1237E012B95
:10F90000A8D818B36378D90702D500F04DFA20B310
:10F910006378227D03F01803082B2ED1022A1CD114
:10F9200003213046FBF75CFF054660B304F0B2FDEF
:10F93000002834D00C268EE7022B8BD0A37D013B10
:10F94000022B87D8E37D0F2BD8D983E700F0B2FADA
:10F95000820707D4237D022B01D111267BE7A37DEB
:10F96000022BFAD000F0A6FA4307CBD4237D032B59
:10F97000F3D0A37D032BC5D1EFE7022AD0D0237F9C
:10F98000002BCDD0E9E703213046FBF7EDFE05461D
:10F99000002843D0224B93F96C1005F073FC002132
:10F9A000304607F0BCFB28BB284605F05AFE21462E
:10F9B0003870E074284605F055FDE37E0646002BBE
:10F9C0003FF449AF00287FF446AFE96C0246684631
:10F9D000FCF7B8F8E86C32460121FCF74CF9E96C09
:10F9E00068460422FCF7AEF8E86C32463146FCF774
:10F9F00042F930E7403003F00CFB0028D4D06378A4
:10FA000013F0330F7FF426AF296AA67D284605F050
:10FA100046FEFFF7FDF88642C6D08BE707261AE7B9
:10FA200044EA032030B50279042A8BB003464FD84C
:10FA30004088B0F5804F4BD82649114400248A7C79
:10FA40004D7BADF8004042F0100242EA4502CD7D08
:10FA5000097F8DF8084042EA850242EAC10202F0BD
:10FA60001F028DF80020BDF80020ADF809201A888B
:10FA70008DF80B208DF80E00120A000A8DF80C206C
:10FA80008DF80D408DF80F008DF810405A7B8DF8E1
:10FA900011205A798DF812209A79D3F807008DF841
:10FAA0001320B3F80B209B7B8DF81A307F23059031
:10FAB0008DF81B3069464FF0011302A8CDE90734D9
:10FAC000ADF818208DF82440FFF7BEFE0BB030BD16
:10FAD0001220FBE75858040037B50446FFF7A0F999
:10FAE00023781F2B054618D8C16C04226846FCF702
:10FAF00029F82246E86C12F8013B0021FCF78AF84D
:10FB000068B1EC6C2046FCF732F900210246204631
:10FB1000FCF7B1F8002003B030BD1220FBE707204E
:10FB2000F9E737B50446FFF77BF923781F2B054625
:10FB300018D8C16C00226846FCF704F82246E86C2D
:10FB400012F8013B0121FCF765F868B1EC6C204626
:10FB5000FCF702F9012102462046FCF78CF8002050
:10FB600003B030BD1220FBE70720F9E773B5054667
:10FB7000FFF756F9002604468DF8046005F07CFD79
:10FB80002B788DF80760C001012BADF8050005D179
:10FB900001A92046FFF794FA02B070BD2BB92046A8
:10FBA00002B0BDE87040FFF77FB81220F4E710B54F
:10FBB000044634F8020B0880022180B2FBF710FEE5
:10FBC00020B12146BDE8104007F0E2B9022010BD87
:10FBD000008808B50880022180B2FBF701FE20B141
:10FBE000BDE80840002107F0D3B9022008BDD4D4F5
:10FBF0000278034672B1427862B142881A2A09D962
:10FC000082881A2A06D9044A006810609B8893806B
:10FC1000002070471220704744EA0320014B5874BB
:10FC20000020704744EA0320014B9874002070477D
:10FC300044EA0320024B1B6803B1184711207047A8
:10FC4000F8F2032008B5052000F0F2F807F044FAB6
:10FC5000014B024A9A6608BD44EA032021EA0200E9
:10FC6000082000F0E5B807F043BA10B5044604B91F
:10FC700010BD236898476468F9E703680BB9016011
:10FC800070471A465B6813B18A42FAD170478A42BC
:10FC900018BF5160704708B504F05AF905F0CAFA68
:10FCA00020B140F263119320FAF748FEBDE8084006
:10FCB0000320FBF7EFBD08B50220FBF7EBFD0020AA
:10FCC000FBF7E8FDFBF780FE00F024FCFCF782FF69
:10FCD00020B140F243119320FAF730FE08BDFFF740
:10FCE000EABF08B5FFF7D7FF06F0D8FB20B14FF405
:10FCF000BC719320FAF722FE08BD08B505F004FB9D
:10FD000004F058F9BDE8084005F0A4BA08B500F0C1
:10FD100009FCFCF73FFF0220FBF7BCFDBDE80840F3
:10FD20000020FBF7B7BDD4D408B5064B01221A71E9
:10FD300005F0F2FA06F0BAFBFFF7E8FFBDE808406D
:10FD400001F08ABDB4EA032010B5064C064904F15F
:10FD50000800FFF792FF04F10C000449BDE81040D1
:10FD6000FFF78BBFB4EA03200C9A0320149A0320F8
:10FD700010B5094C094904F10800FFF77EFF04F1B2
:10FD80000C000749FFF779FF04F110000549BDE8B1
:10FD90001040FFF772BF00BFB4EA03201C9A032093
:10FDA000249A03202C9A0320014B1879704700BF36
:10FDB000B4EA032038B5074C0D4601F009FDA068F0
:10FDC0002560FFF752FFFFF7E3F802F07BF801230D
:10FDD000237538BDB4EA032010B50A4CE068FFF77C
:10FDE00044FF2069FFF741FFFFF786F8202000F06D
:10FDF00033F8262000F030F8292000F02DF80023F9
:10FE0000237510BDB4EA032000487047C9EA0320F7
:10FE100000487047CBEB0320014B83F81902704771
:10FE2000B4EA0320014B93F819027047B4EA0320A7
:10FE3000C208074900F0070001238340885C0343A0
:10FE40008B5404490B78934238BF13460B707047AC
:10FE5000C0990320CEEC032010B50F4BC40803EB70
:10FE6000D002012100F0070001FA00F0195D21EA3B
:10FE70000001195509490B78A34205D1002012F859
:10FE8000014914B100B10B7010BD002BFAD0013B39
:10FE9000DBB20120F3E700BFC0990320CEEC0320C2
:10FEA000014BD3E900017047C09903200048704717
:10FEB000C8990320054B1868C0F3C022C0F3002086
:10FEC000400040EA820040F001007047C0990320E2
:10FED0000123038040F201134380704708B509F005
:10FEE0006BFD084A002332F82310814205D302EB50
:10FEF00083029378044A137008BD01330C2BF2D1AE
:10FF00000023F7E780580400CFEC0320024B187859
:10FF1000072828BF07207047CFEC032009F04CBD0D
:10FF20000B46892203F8032BD0F80920C1F80320DF
:10FF3000427B1A71704738B50D460446FFF7BAFF89
:10FF40002B78002B08BF034684F874306B78002BA5
:10FF500008BF034684F875306B88A4F8763038BD46
:10FF60002DE9F04F0468984694F8633094F80FA098
:10FF700043EAD3030F46D90785B0164604F1A80912
:10FF800002D4BAF1260F5FD194F8A850002F55D1B2
:10FF9000FFF790FF8DF80B00002E51D1FFF78AFF7D
:10FFA0002B4B8DF80C00D3F800B0BBF1000F0CD038
:10FFB000AAF12602534253410093284603AB0DF1A8
:10FFC0000B024946D847054630B99DF80B3013B1AE
:10FFD0009DF80C0028B90925BAF1260F2AD1002076
:10FFE000034694F8292132B19B0700F002002DD579
:10FFF00060B302200346FF2284F8392194F83821A7
:020000023000CC
:1000000002F0FF05F2B99DF8382084F83B0184F82E
:10001000382184F83A31A4F83C8103A948468DF888
:100020000C708DF80D60ADF80E80FFF784FF002393
:1000300084F83931284605B0BDE8F08F3846A9E785
:100040003046ADE73A25F2E71A25F3E70925F1E74F
:10005000FCF2032037B58B78046803F0070384F8BB
:1000600019314B7803F0070384F81831262305462D
:10007000E37394F8393113BB94F83831012B1ED057
:1000800094F8213194F81821D91E012998BF04232E
:100090009A42B4F81E3118D194F8202194F819012D
:1000A000D11E012998BF04229042B4F81C110CD132
:1000B000022284F83821A4F83A11A4F83C312846E9
:1000C00003B0BDE8304001F030BF022094F81D219C
:1000D00094F81C1100902846FFF742FF0028EED04C
:1000E0004FF46671AE20FAF729FCD4D410B5046839
:1000F000B4F8AA3084F87E11A4F87F3194F8200176
:10010000FEF796FD84F8810194F82101FEF790FD39
:1001100084F88201034904F27510BDE8104001F033
:10012000CDBC00BF21FF020038B5036893F8383119
:10013000012B04460D4602D11E21FFF7D7FF23688D
:10014000002083F8380165B1182283F8992009222C
:100150009A7393F84A3093B940F25B41AE20FAF7B4
:10016000EDFBDA7B243A072A03D8DD73204601F041
:10017000EEFE20461821BDE8384001F018BF38BD1A
:1001800008B503689A7B22B14FF4E671AE20FAF706
:10019000D5FB24229A7308BD034610F0010007D155
:1001A0009A0704D413F0040018BF032070470220FC
:1001B00070472DE9F34B0546104616461F46FFF7DC
:1001C000EBFF83460846FFF7E7FF46EA01044BEAE8
:1001D00004040443E4B2003CDDF828800190894621
:1001E00018BF0124FFF766FE064018BF5E46FFF702
:1001F00061FE95F82021019B10EA090118BF1946FC
:10020000B24214BF3346002388F8003095F821210C
:100210008A4208BF00210B4388F801100AD1EB88FD
:10022000013FFF1ABFB247F6FD739F428CBF002407
:1002300004F00104C6B995F82001FEF7F9FC032883
:100240000ED195F83831012B0AD1B5F83C2195F83B
:100250002031012A0AD1042B0AD0042388F8003067
:10026000204602B0BDE8F08B032EE9E7032BF7D060
:100270000323F3E7032906D101280AD10421518081
:10028000138001207047042903D1012801D00321E4
:10029000F5E700207047012807D0022805D0033871
:1002A00001288CBF00200120800070472DE9F0411B
:1002B0000C6894F83A22D31E012B05460F462DD820
:1002C00094F82031D91E012928D8D31A18BF012348
:1002D00094F83B02FFF7DFFF06460BBB1046FFF723
:1002E000DAFF804694F89F306BB948EA060313F0B2
:1002F000FF0306D0204601F06BFE3B68DB88034419
:100300009BB2A4F83832B4F83832EB701B0A2B7168
:10031000AE7085F801800520BDE8F0810023D7E7A5
:100320004FF00008DEE770B50568EC7BA4F1240609
:10033000072E02460B4615D994B9AD7B292D11D055
:100340004D786E0706D08D786D0703D0FFF782FEDB
:10035000204670BDBDE870401978104601F027BEF8
:100360000124F5E72024F3E72DE9FF47046894F81A
:100370000EA0AAF125030E4659425941052A054609
:1003800039D1E37B272B3BD104F10F0796F801907D
:1003900096F8028009F0070908F0070809F1FF3311
:1003A00008F1FF3203EA090302EA0802134321D1EC
:1003B0004046FFF7F1FE70B394F8203198422AD0FE
:1003C00094F83A2118EA020F14D0BAF1250F22D07E
:1003D00094F8192118EA020F1DD1464A0138013B51
:1003E00052FA80F0DBB2032B00790FD81A4413794C
:1003F000834210D9284604B0BDE8F047FFF794BE09
:10040000BAF1250F74D104F10E07BFE74FF4DD7187
:100410000620FAF793FA4846FFF7BEFE40B194F87B
:100420002131834204D094F83B3119EA030FE1D023
:10043000B6F8036003AB0093204633464246494674
:10044000FFF7B7FE2C6878BB94F83831012B28D120
:10045000E38894F82011B4F83C0104F53472FFF7F6
:1004600009FF0646D0B901462846FFF73FFE2B6834
:1004700083F838613E702B6803F10F02974201D177
:100480000022DA732B6803F10F0297422CD1284621
:1004900001F05DFD002004B0BDE8F0872C23A373BC
:1004A000E9E784F83801E6E7E388A4F8D062013E82
:1004B000F61AB6B247F6FD739E4206D9282384F891
:1004C0003130284602F020F8DCE7E37B0D2B02D028
:1004D0000A3B012B01D82A23F1E7BDF80C30A4F820
:1004E000D23229233B70CDE7002283F84A20D1E79E
:1004F0000220D0E7B058040008B50368DA7B262A4A
:1005000005D022B140F2D351AE20FAF717FA2722D4
:10051000DA7308BD024B002283F832209A867047B6
:10052000D2EC0320FFF7F6BF044B93F83220012AE8
:100530001ABF036001200020704700BFD2EC0320E7
:10054000054B93F83210012902461DBF012083F8A4
:1005500032009A8600207047D2EC0320054B0246F9
:1005600093F8320020B1136009B19B8E0B800120FB
:10057000704700BFD2EC0320044B93F832000022F6
:100580009A8610B183F8322001207047D2EC032004
:10059000034B93F83200B0FA80F04009704700BF77
:1005A000D2EC03207047D4D450B90A4A1346012034
:1005B00003F8010B0868C2F801008A889A80704726
:1005C000012805D1034B0A689A608A88D8719A81FC
:1005D000704700BF08ED032050B90B4B187888B165
:1005E000D3F80120B3F805300A608B8001207047F2
:1005F000012806D1044BD87920B19A680A609B89FA
:10060000F3E70020704700BF08ED032030B54240FB
:100610001C7808785D7860404C786C4020449D7868
:100620008C786C402044DD78CC786C4020441D7977
:100630000C795B7949796C4020444B401844104454
:10064000B0FA80F0400930BD10B9044B18787047FB
:10065000012806BF014BD8790020704708ED032020
:10066000F7B500238A888DF80600ADF804200868E5
:100670000B4A8DF80730019D1478014602F5A872E7
:10068000D8B2844201D8082008E052F8087F5668A2
:10069000AE4208BF8F4203F10103F1D103B0F0BDB8
:1006A00018ED032030B5094B01465C78002203F2B7
:1006B0000113D0B2844201D8082005E013F8015F8D
:1006C0008D4202F10102F4D130BD00BF18ED0320CC
:1006D000024600200139C9B2FF2900D17047535C9E
:1006E00083F001030344D8B2F4E7D4D4F8B52D4C19
:1006F0006378013BDBB22218834292F802516370A7
:1007000030D01A010101961C8F1C2644274406F1A3
:10071000100C56F804EB47F804EB6645F9D1823229
:1007200082312244214402F1100652F8047B41F840
:10073000047BB242F9D1E118221891F8026182F8E3
:10074000026106267343704303F5857300F58570D7
:10075000E618E35823502718B388BB8091F83A3144
:1007600082F83A312846FFF79DFF082818D12378F0
:10077000013BDBB29D42237012D02B3304EBC30349
:1007800093E8030005F12B0204EBC20282E80300A8
:100790002078FFF787FF08281CBF241884F802512F
:1007A000F8BD00BF18ED0320F0B5254D95F8984130
:1007B00089B0224605F2991168460CF0D7F8214617
:1007C0006846FFF785FF0446B8B300EB4001C9B2A5
:1007D00002A8FBF7AFFB631E95F8A161DBB2012411
:1007E00095F8981105E0721CB2FBF1F001FB1022A4
:1007F000D6B206F120020DEB020010F8202C002AE0
:10080000F1D103EB43012031694406EB46022A444F
:1008100011F8187C82F8A27111F8177C11F8161CD7
:1008200082F8A37182F8A41100F8204C013BAA19A8
:10083000DBB2FF2B82F89941D2D109B0F0BD00BFE5
:1008400018ED032070B5064688B00C46002A4ED03D
:10085000294A92F8A131D01890F8991119B9FF21BD
:100860002820FAF76BF803EB43011144013391F8A8
:10087000A251E57091F8A35191F8A4116171002182
:10088000257180F8991192F89811B3FBF1F001FBF2
:10089000103382F8A13192F8C23123B9174902F519
:1008A000DD7001F0EAF8657905F03F0545F0400597
:1008B00065710D22002168460BF0D6FFE3788DF8B4
:1008C0000F3023798DF80E3004AA04236946304690
:1008D0008DF80D500BF0B8FD9DF81F3023709DF87A
:1008E0001E3063709DF81D30A37008B070BD0321E9
:1008F0006018FBF71FFBD6E718ED0320A9070300DC
:10090000044B5A78824286BF1B1893F84A01002094
:10091000704700BF18ED0320044B5A78824286BF0F
:100920001B1893F842010020704700BF18ED032008
:10093000064B00224FF461711A8083F8C32183F8BB
:10094000C421A3F8C61183F8C221704718ED032013
:100950002DE9F0478246894617469846FFF780FE04
:1009600008280546064603D0FFF79CFE082860D1FC
:10097000324C6378072B5ED8082D15D12678731C6E
:10098000072E237003D96C212820F9F7D7FF06F131
:100990002B02D9F8000044F8320004EBC203B9F886
:1009A00004209A8083F806A065786B1C2901637087
:1009B0004B1C07F11002234412F8010D03F8010F3C
:1009C000BA42F9D1813108F11003214413F8012D05
:1009D00001F8012F9845F9D11021404600F092F915
:1009E0002544102185F84201384600F08BF985F83E
:1009F0000261667885F84A010023114885F83A318A
:100A00003146FFF765FE0128054607D80D483146F7
:100A1000FFF75EFE002818BF0135EDB284F898514B
:100A20000025284684F8A151FFF7BEFE2846BDE800
:100A3000F0871220FBE70720F9E700BF18ED03203D
:100A40005AEE032062EE032008B5FFF709FE0828DE
:100A500007D0FFF727FE082803D0FFF747FE012045
:100A600008BD0020FCE7D4D410B5064B58780138F7
:100A700040B2002800DA10BDC4B22046FFF736FEAF
:100A8000601EF5E718ED0320014B83F8C3017047A2
:100A900018ED0320014B93F8C301704718ED0320B4
:100AA000431E9BB24AF2B71293429DBF024BA3F87A
:100AB000C60101200020704718ED0320014BB3F858
:100AC000C601704718ED032008B5FFF7C9FD0828D7
:100AD00003D0BDE80840FFF7E5BD08BD30B50A4BBF
:100AE0005C7884420ED9184490F802012B3003EB55
:100AF000C004A5790D7053F830001060A38893806E
:100B0000012030BD0020FCE718ED032008B506F0F9
:100B10000FFC18B1BDE8084006F032BC082008BD43
:100B20000246074810B590F8C34124B1417821B17D
:100B3000023006F09DFB204610BD0C46FBE700BFCF
:100B400018ED03202DE9F74F2F4C9A466378834226
:100B50008046894656D9231893F8425185F00105FD
:100B6000F9B193F84A31E3B945F002070135BAF11A
:100B7000000F18D1FA070AD5062101FB084104EB42
:100B80000810524601F585718230FFF75BFEBB0706
:100B900034D504EB0810524649460230FFF752FEA6
:100BA0002CE02F46E3E794F8A1614FF0010B002DF4
:100BB000E0D0A319019393F8991199B90092DAB191
:100BC00001F050F906EB46012144019B81F8A20196
:100BD0004FEA102C009A81F8A3C1000C81F8A401FF
:100BE00083F899B194F898310136B6FBF3F103FB21
:100BF0001166F6B2013DDAE747F00407384603B064
:100C0000BDE8F08F0027F9E718ED0320F8B5184C80
:100C1000064648B3617804F5A170FFF759FD94F8D2
:100C200098510746294604F29910FFF751FD2D1AF5
:100C3000EDB2AF421AD800256278EBB29A4201D8E1
:100C40000120F8BDE21892F842215AB9062101FBB1
:100C5000034104EB0313324601F5857103F1820071
:100C6000FFF7F0FD0135E7E70546E5E70020E8E797
:100C700018ED0320074B5A78824209D91A1892F8C6
:100C800042212AB9062202FB003000F58570704728
:100C90000020704718ED0320064B5A78824281BF2E
:100CA0001B1893F83A01B0FA80F0400998BF002071
:100CB000704700BF18ED0320F8B50E460746062121
:100CC0003046154600F01EF8044670B10C4B002269
:100CD000587803F23913D1B2884202D80124204651
:100CE000F8BD03F8015F0132F5E731463846FFF7FA
:100CF000EBFE0828F3D0024B034483F83A51EDE7AA
:100D000018ED032001440023884203D1B3FA83F095
:100D10004009704710F8012B1343F5E7F8B5D0E907
:100D2000047605460C460AF093F818B9522129209A
:100D3000F9F704FEE4B1D5E90423D21B63EB060303
:100D4000012A73F100014FF0000113DB6FF0010085
:100D50009042994101DA5C21E9E7631E1344B3FB39
:100D6000F4F35C43E41946F10006C5E904461C4669
:100D70002046F8BD0C46FBE7022905D13C281BD9CB
:100D800080100F3880B27047CB1E012B0FD804297A
:100D90000CBF96234FF4167303F5BC730CBF1022DF
:100DA0004022984208D9C01A90FBF2F0EAE7702876
:100DB00002D9C0100E38E5E700207047022908B5B7
:100DC000034614D005D8012909D0E7212920F9F7D5
:100DD000B5FD03390129F8D840F6A66008BD40F6F4
:100DE000C41040F2E242002B08BF1046F6E740F67E
:100DF000C410F3E7034B80F880101B680BB14088E8
:100E00001847704700F3032010B5029C801A7E3803
:100E10008842226894BF091A491A02EB51022260E3
:100E20001A680129A2EB51021A6094BF0020012028
:100E300010BD69B1A0F57A7241F270739A4207D879
:100E40004FF47A73B0FBF3F000F5506080B2704756
:100E500040F2E243B0FBF3F0F8E7D4D40B2808B536
:100E600004D940F229112920F9F768FD014B33F824
:100E7000100008BDB858040038B50C4600210546DE
:100E8000FAF7AEFC206048B902212846FAF7A8FC20
:100E90002060B0FA80F04009400038BD0020FCE737
:100EA0000368587BC0B293F830302BB900F0FB00D8
:100EB000003818BF012070470020704710B50C465D
:100EC000FFF7DAFF38B92046FFF7EAFF80F00100AC
:100ED0004000C0B210BD0220FCE7D4D4036830B596
:100EE0000024D3F8C800A3F84040B3F8444042F2CD
:100EF00010754443B4FBF1F4A3F844404C1E05FBC9
:100F00000242B2FBF1F2A3F84220094AB2FBF1F22D
:100F10000132A3F848209A8F05FB02445A6BB4FBB8
:100F2000F1F450439C63B0FBF1F0586330BD00BF57
:100F3000005A620238B54FF4427204460D46002151
:100F40000BF092FC6FF0360284F86320042284F8E0
:100F500064206FF03B0284F865206F2284F86620DD
:100F6000032284F86720002284F868206FF07F0253
:100F700084F869202B2284F86220FE22012384F861
:100F80009E207F22E375E27284F8A830A4F8AA506C
:100F900038BDD4D413B540F6B8338387B0F8D22027
:100FA000D0F8C8100190044601A8FFF797FF0C4B3A
:100FB0001B68062B01D001330FD10A4B1B68063B7F
:100FC00008330AD9D4F8CC00FDF7BAFC80F0010050
:100FD000C0B284F8070302B010BD0020F9E700BFDB
:100FE00078F703207CF70320054B1B7833B9054BBA
:100FF0001A681B7902600371012070470020704756
:10100000E0EE0320D0990320054BFF221A70054A19
:10101000016811600179117100221A70704700BFD8
:10102000E0EE0320D099032007B5064A106800902F
:1010300012798DF804206846FFF7E6FF03B05DF8EB
:1010400004FB00BFD7F00300C2B292FAA2F2030A77
:1010500093FAA3F31B0E100E40EA0320704770B5FD
:101060000131C9B20530002210F8013F8B4216D37E
:1010700010F8054C0023012505FA03F626421CBF93
:1010800001F1FF31C9B269B10133082BF4D101324A
:10109000D2B2052AE8D19B214620F9F74FFCC91AA4
:1010A000C9B2F4E703EBC200C0B270BD0B6870B503
:1010B000C0F801300B7903F01F034371002304468D
:1010C000C3720546461D15F8010F00F015FF687143
:1010D000E37AB5421844E072F5D170BD70B581EA8B
:1010E00011418CB20546C17A032682EA0400FFF75B
:1010F000ABFF013E00EB0010221816F0FF0690B285
:10110000F5D144402522B4FBF2F302FB1343C3F3B1
:10111000C4022A44D8B2567803F00703012202FA27
:1011200003F31E4207D161432846C1F30741BDE8DE
:101130007040FFF794BF70BDF8B590F822506B1E59
:10114000242B044603D9E1214620F9F7F7FBDAB155
:10115000C07D002843D194F8243094F8231002FB7A
:1011600001322523B2FBF3F103FB1123DBB204EBC5
:10117000D30284F82430117E03F007060122B24026
:10118000114202D084F82530F8BDB3FBF5F205FB1F
:101190001233013303F0FF0304F11C0111F8012F96
:1011A0009A4219D311F8055C0022012606FA02F7CB
:1011B0002F4208D0013B13F0FF0304D102EBC00221
:1011C00084F82520E0E70132082AEFD10130C0B2CF
:1011D0000528E3D1D721B7E79B1ADBB2F6E7E2880F
:1011E000496A04F11700FFF779FF84F82500CBE77F
:1011F0000378890123F0400301F040010B430370A1
:101200007047037803F07F0343EAC113037070470C
:101210000078C00970471F2A38B50546144603D91F
:10122000A8212A20F9F78AFB093006340BF09EFB2F
:101230006C7038BD1F2A38B50546144603D9CA213B
:101240002A20F9F77BFB093006340BF08FFB6C701A
:1012500038BD037803F00F03032B02463ED0052B65
:1012600042D1C37F90F82000034392F8210003434A
:1012700092F82200034392F8230000F01F00184365
:1012800033D05378222B2FD1B2F81930B1B1B3F546
:10129000506F13D940F607518B4225D8B2F81B3056
:1012A000B3F5FA7F20D2B2F81D000A3880B240F6BA
:1012B000764398428CBF002001207047991F89B265
:1012C00040F67A4081420FD8917D481E07280BD8FE
:1012D000994209D2B2F817109942DEE74078A0F19E
:1012E0000C0358425841704700207047C37813F0F0
:1012F0003F035DD007295BD8DFE801F0040B1E290E
:10130000343F4A55037913F0010F0CBF002005202C
:101310007047027912F002004BD0052002F0010262
:1013200002EB420200EB42000729C0B241D1021F8A
:101330009A42C8BF00207047027912F0040038D0EA
:10134000052012F0020F1CBF0630C0B2E6E702799A
:1013500012F008002DD0052012F0040F1CBF013040
:10136000C0B2EEE7027912F0100022D0052012F090
:10137000080F1CBF0230C0B2EEE7027912F0200065
:1013800017D0084612F0100F1CBF0330C0B2EEE7B2
:10139000027912F040000CD0052012F0200F1CBF83
:1013A0001230C0B2EEE702795006F5D50620F4E718
:1013B0000020704770B50C46064611461D4624B9FC
:1013C0004FF41F712A20F9F7B9FAFFF78FFF10B910
:1013D00040F27D21F6E7031F2B443F2B02DD40F254
:1013E0007E21EFE72A4621463044BDE870400BF0ED
:1013F000BDBA30B5C1F38003C1F380142344C1F3F7
:10140000001404EB44042344C1F3401404EBC4046B
:10141000C1F3400503EB4403C1F300042C4404EB87
:101420004404C1F3C0052C44134403EB440313F0FC
:10143000FF031CBF01330171C17818BFDBB221F07B
:101440003F0103F03F042143C170591C41701AB1A0
:1014500004339B1A013AC25430BD4378C278013B31
:1014600002F03F02981AC0B27047F8B51746064618
:101470000D461946FFF7F1FF441AE4B2BC4228BFFB
:101480003C464DB1F27802F03F020432114431443F
:10149000224628460BF06AFA2046F8BD0346084665
:1014A00071B13F2B0BD8074AD35C03F07F02914206
:1014B00005D08CBF0120002000EAD3107047012026
:1014C000704700BFD05804001B2A08B504D940F269
:1014D00099312A20F9F732FABDE808400BF046BAF4
:1014E0008388A1B1B3F5506F11D940F607529342EA
:1014F0001BD8C388B3F5FA7F17D200890A3880B2A7
:1015000040F6764398428CBF0020012070479A42F3
:101510000BD8B3F5486F08D84278511E072904D874
:101520009A4202D242889A42E2E700207047013094
:1015300001F1200351F8042B40F8042B9942F9D112
:101540000B880380704738B515460446FFF7EFFF58
:101550002B68C4F823306B68C4F8273038BD2DE9F8
:10156000F04F85B0884603A99DF838400193154691
:10157000FFF782FC814618B9039E2DB901237375CC
:10158000012005B0BDE8F08FD6F8C0A0294650462E
:10159000F9F7DFFD074608B90020F2E7FDF78CFCFC
:1015A0008542F9D839465046F9F712FF727DA0F806
:1015B0000190002A18BF4FF0020880F8008083468F
:1015C0003846F9F70DFF0746DCB1B6F8E640C4B17E
:1015D00008F082FA40F271225443241841F10001CC
:1015E00079603C6001992A460BF103000BF0BEF9CB
:1015F00029465046F9F7E8FD28B983212B20F9F751
:101600009DF92146ECE7039B93F8A83033B103A87A
:10161000FDF758FC039B0022A3F8DA210023AEE774
:10162000437837B5C3F301120446032A03D8DFE831
:1016300002F0050E1D05002003B030BD057803F053
:101640000F00002300936288231D022107E0057824
:1016500003F00F00002300936288231D012145EA57
:101660000020FFF77CFF60B10120E5E7FEF71EFCDC
:1016700003685B05DFD56078257800F00F00012353
:10168000E0E700F0D7F9EFE71A230B7001234B7066
:101690008B707047FF230B7002234B7083238B707A
:1016A000014B1B78CB707047E4EE03202DE9F84F17
:1016B000D0F80480D8F81C6030460C46F9F77AFE62
:1016C000054620B94FF4AA711020F9F737F9014601
:1016D0003046F9F77DFEB5F800B01FFA8BF7824669
:1016E00017B94FF4AC71EFE7224B1B6800F1030907
:1016F000D3B998F8023098F8032023706378A4F8DF
:1017000002B002F00F0223F00F03134323F0C003D3
:1017100063709AF8003003F00303012B0FD0022B03
:101720000DD04FF4BB71CFE7B8F802003A464946F6
:10173000984705460028DCD12846BDE8F88F627836
:1017400063F3051262703046F9F74CFE054610B996
:101750004FF4C071B8E7FB2F02D940F28F11B3E705
:101760003A464946201D0BF001F93046F9F791FD44
:10177000E2E700BF04F3032038B5134C1022002128
:10178000201D0BF071F801252574102204F10803C7
:10179000002104F11400C4E901330BF065F884F86A
:1017A000205004F11803C4E90533084A002363629A
:1017B000A36284F82C30C4F82D30C4F8313084F89A
:1017C00035301360A36338BDE4EE032004F3032037
:1017D00010B5084C2378FF2B04D040F2991110204B
:1017E000F9F7ACF80AF092FE2070BDE81040FFF760
:1017F000C3BF00BFD599032010B5034C20780AF071
:101800009FFEFF23237010BDD5990320FFF7B4BFBF
:10181000014B18780AF0A4BED599032010B521B960
:1018200040F2A9211020F9F789F84A600B72EFF312
:10183000108472B6031D0B6042681AB1127A012A35
:1018400008BF036003681960016004B962B6BDE8AF
:101850001040FFF7DDBFD4D4014B024A1A60704735
:101860000CF30320AD1603002DE9F341DFF894815A
:10187000054608F11407D8F80830D8F81840227A3D
:10188000012A22D1D8F8382052B1137A1BB9BF21CE
:101890001020F9F753F8D8F83840C4B9002093E085
:1018A0001A7A012AFAD0544A1C46EFF3108172B614
:1018B00050680068506001B962B6A34208BFC8F81A
:1018C0003840237A1BB9EE21E2E73A46EDE7267A63
:1018D000F6B205232372731E0B2B7ED8DFE803F0CC
:1018E0007A062336773F4E3F3F3F3F6B636813B91D
:1018F0004FF40371CCE72046294698470420EFF3C4
:10190000108272B6237A052BD9B24FF0000369D149
:101910002372D8F83810A14201D1C8F83830002A13
:1019200045D162B643E0636813B940F21521AFE7D1
:101930002946204698470346C3F30723012BADF8F9
:101940000400C0B23ED0022BD9D129E0636813B99C
:1019500040F21D219CE7204698470020CFE7274B07
:101960001B68002BF9D06068324629469847A6F1DB
:101970000A02534253415B000420E4E763680BB959
:10198000FE2185E786222A7001225988AA706A7191
:1019900000229869A5F80310AA71F9F77AFC0420CF
:1019A000D8F83830A34202D10023C8F838300028D4
:1019B0003FF461AF08E0124B29461B682046984768
:1019C000034668B9267298B102B0BDE8F0814FF4C1
:1019D00015715DE740F257215AE740F25A2157E767
:1019E0000220DDE711B940F27B2151E7184696E766
:1019F000002B7FF440AF51E7E8EE032008F303200B
:101A00000CF30320E4EE032010B51346027A22B152
:101A100040F202311020F8F791FF0A46BDE810406D
:101A200001460148FFF7FABEE8EE03200222FFF765
:101A3000EBBFD4D4044890F82C301BB903492430B0
:101A4000FFF7F4BF704700BFE4EE032089160300E0
:101A50000346064890F83C203AB190F8352022B968
:101A600000F82D3B0249FFF7E1BF7047E4EE032089
:101A7000951603000322FFF7C7BF0422FFF7C4BF78
:101A800010B50A46037A23B140F20A311020F8F764
:101A900055FF0146BDE8104001480723FFF7BEBED1
:101AA000F8EE03201346027A0AB1037270470A4621
:101AB00001460148FFF7B2BEE8EE03200222FFF71D
:101AC000F1BF0322FFF7EEBF8D230B7030F8AF3C60
:101AD000A1F8033030F8653CA1F8053030F8613CDE
:101AE000A1F8073030F8633CA1F8093030F85F3CCA
:101AF000A1F80B30704708B5CB1E012B04D880012C
:101B000000F5747080B208BD012902D10E30C0000A
:101B1000F8E7022902D10F308000F3E74FF40C718F
:101B20000620F8F70BFF30B587B004460D46FDF7E9
:101B3000D7F980B334F8B84C69462046FDF78AFCE3
:101B400018B1FB212C20F8F7F9FEBDF80630ADF8EE
:101B50000E30BDF80830ADF81030BDF80230ADF8E9
:101B6000123003A8BDF80430ADF80C40ADF81430C5
:101B7000FDF76EFC10B14FF48271E3E7ADF80C0095
:101B80009DF80C30002063F307009DF80D3063F3DF
:101B90000F2007B030BD2B46992203F8032BD4F851
:101BA0000920C5F80320D4F80D205A60B4F811209C
:101BB0001A810423ADF80C30E2E74068704703391E
:101BC00001298CBFC08A4FF42960704770B590F826
:101BD00078608D880C89033E012E04D943B11678B4
:101BE000033E012E04D8B5F5296F38BF4FF429659F
:101BF00090F87960033E012E04D943B15378033B3A
:101C0000012B04D8B4F5296F38BF4FF42964CB8871
:101C10004A88A0F86020A0F86430A0F86250A0F8CC
:101C2000664070BD8383BDF8003001834283C38367
:101C300070471B2200290CBF4FF4A4734FF4296393
:101C40004FF01B1182840284028502F1A472C0E964
:101C50000521C160C3844384C38383834382038299
:101C600070470346F0B5B3F85810B3F8642093F802
:101C70007940B3F85C50B0F84E70B0F85200914221
:101C800028BF1146B3F86620A3F84E10033CAA42C1
:101C9000E4B228BF2A46012CB3F8544087BFB3F8FA
:101CA000566015464FF429664FF429658C4238BFBB
:101CB0000C46B24238BF32468F42A3F85250A3F8C6
:101CC0005440A3F8562026D1401B18BF0120B3F87A
:101CD0006020B3F85A10B3F84C50B3F8504091421A
:101CE00028BF114693F87820033A012A15D9B3F892
:101CF0005E20B3F86260B24228BF32468D42A3F83C
:101D00004C10A3F850200BD1944218BF40F00100B2
:101D100000F00100F0BD0120D9E74FF42962EDE7A2
:101D20000120F5E70149FFF7C9BE00BFC91A03004A
:101D30000B8BA2F80B304B8BA2F80D308B8BA2F8DB
:101D40000F30CB8BA2F809000249A2F811301046DF
:101D5000FFF790BE271B030038B5CB1E012B0446AE
:101D600010D9C58B438C9D4228BF1D46207AFFF7B2
:101D7000C2FE6389AB4228BF2B46984238BF184643
:101D800080B238BD4FF42965F0E72DE9F8430746E6
:101D90000E4680899DF82080194614469946FFF723
:101DA000AAFE494605463846FFF7D6FF854228BFBA
:101DB00005464146B88AA8F10308FFF79CFEB8F132
:101DC000010F8CBFFA8A4FF4296290420346ADB2EC
:101DD00028BF1346A01D15FA83F330441844BDE80C
:101DE000F88313B5828F0346403049B9598F93F871
:101DF0007940009493F87830FFF7C7FF02B010BD28
:101E0000198FF4E770B50C46154619464BB9068F85
:101E1000FFF7E7FF28443044A04294BF201A002077
:101E200070BD468FF4E738B50D4611460446FFF7FE
:101E3000D8FF2844606438BD01F19C0383423DBF54
:101E40009C38401A400800207047D4D4014B1878C1
:101E5000704700BF21EF0320014B1878704700BF87
:101E6000D6990320094AD2E90003434083EAB0111E
:101E700081EA43214FEAF3435360054B1160584315
:101E80004FEAF06000EB8000704700BF24EF0320B2
:101E9000BB79379E094AD2E90003434083EAB01177
:101EA00081EA43214FEAF3435360054B11605843E5
:101EB0004FEAF06000EB8000704700BFD899032024
:101EC000BB79379E10B50A4C09480821FAF732F859
:101ED000D4E900321343F7D0064CFFF7DBFF206054
:101EE000FFF7D8FF236860601843F6D010BD00BF2D
:101EF000D899032024EF032000F05503400800F098
:101F00005500034403F033009B0803F033030344FC
:101F100003F00F0000EB13107047036800229A7360
:101F200083F84A20A3F846207047026892F8A83048
:101F30002BB9A2F84E30012382F8503070470023AD
:101F4000A2F84E3092F8503001335BB2F4E708B596
:101F5000026892F8A83013B982F8503008BD92F8A0
:101F60005030013B5BB2002B82F85030F6DA522140
:101F70004A20F8F7E3FC08B5036883F89B1083F860
:101F80009A203522DA73FFF7D0FF002008BDA0F1B8
:101F90000A03042B09D9A0F14703012B05D92438E2
:101FA00007288CBF0020012070470120704702687D
:101FB000136810B513F0080408D143F00803136048
:101FC00082F89810FFF7B1FF204610BD0120FCE712
:101FD000D0F8C82041F64B539A429CBF4AF6C873CA
:101FE000B3FBF2F3B0F8D020B0F8DE0088BF0623D0
:101FF000134410FB03F080B27047D4D4174B184A37
:102000009A60184A5A60184A1A60184A9A62184A1E
:10201000DA62184ADA60184A9A61184A1A63184A4A
:102020001A62184ADA64184A9A64184A5A62184BB3
:10203000184A9A60184A5A62184ADA62184A1A61AB
:10204000184A5A61184A9A61184A1A63184A9A64D7
:10205000184ADA64184A9A63704700BF10F30320E5
:102060005D25030083250300AF2603001929030023
:10207000152A030055290300272A0300E12D030038
:102080001D2B0300DD2C0300FF2C0300792B030024
:1020900010F4032073250300A32C0300452A03003A
:1020A000F5290300652A0300812A0300852E030019
:1020B000432D03002F2D03008D2C0300044B054AF4
:1020C0005A65054B054A1A65054A5A65704700BFAF
:1020D00010F303202932030010F40320133203000D
:1020E00053320300054B064A9A65064A1A66064BA8
:1020F000064A9A65064ADA65704700BF10F3032066
:10210000270303006903030010F403208101030087
:10211000F9040300F7B5054601A80F46FEF704FAD7
:1021200020B94FF4AA615120F8F708FC0198322237
:1021300000210AF099FB019C26463F2F06F8037FF9
:1021400043D83F2F44D8DFE817F046004C006C001E
:1021500075008D005C015C019A00B3009E005C017B
:102160005C01A300AF00B30043004300B7005C0173
:102170005C01CC00CC00E300E300EA004300430034
:102180005C01EF00FC00000104010B010D010F01D7
:1021900011011B0125013C013E01430043002D01BB
:1021A0004601440143004300430043004300430011
:1021B0004300430043004300430043004300430007
:1021C00048014A01430040014201FF2F00F00D8108
:1021D00040F24451A7E72946304600F0CDFAC0B995
:1021E000BBE02E68D6F83032636096F83432237242
:1021F000286890F89F3033B9FFF7EAFE2B68DB8838
:102200001844A6F83602B6F8363263721B0AA37277
:102210000820FEF795F9002840F0F58040F257516C
:1022200081E72B6893F8A82052BB93F82D312371D6
:102230000220EEE72B68D3F878226260D3F87C2284
:10224000A260B3F88022A281D3F85822C4F80E20ED
:10225000D3F85C22C4F81220D3F89030C4F81630BA
:102260001720D6E72A68D2F8F6316360D2F8FA313F
:10227000A3602B68D3F89430E3600D20C9E72B6886
:1022800093F8A030D3E73146284600F0E1FCA6E7FA
:1022900011232371592363710023A3713923E3713F
:1022A000102323720620B4E72B6893F89A30BEE718
:1022B000304600F0BBFC92E72B6893F8A82052B997
:1022C00093F8A0203AB193F89D20227193F89C30A6
:1022D000637103209DE793F89B20227193F89A3055
:1022E000F6E72B68B3F80C212271120A6271B3F879
:1022F000A220A271120AE271B3F808212272120A16
:102300006272B3F8A030A3721B0AE372092080E75F
:102310002B6893F83A21227193F83B31D8E729468C
:102320003046FDF7C3FF5AE72B680F21B3F8AA0028
:10233000F9F756FA00F15B013046FFF7F8F8232071
:1023400067E7304604F030FF49E7304604F035FFD8
:1023500045E72E4B1B68002B43D140F24951E2E682
:102360002B4BF7E72B4BF5E72B4BF3E72B4B1B687E
:10237000002BF2D023202A4631469847042048E714
:10238000264B1B68002BE8D02A463146242098476C
:1023900005203EE7214B1B68002BDED02A46314644
:1023A0002520F4E72B680F21B3F8AA00F9F718FAF3
:1023B00000F17D0200F15B013046FFF7C4F82B20ED
:1023C00027E7174BC6E7174BC4E7174BC2E7174B76
:1023D000C0E7174BBEE7174BBCE7174BBAE7174BE5
:1023E000B8E7294630469847F9E62B68304693F817
:1023F000C722D3F8C812FFF767F82B6893F8C70213
:10240000EDE6012005E703B0F0BD00BF10F50320A5
:1024100018F5032014F503201CF5032020F50320F4
:102420002CF5032030F5032034F5032038F5032084
:1024300024F5032028F503203CF5032040F5032074
:102440003F289ABF024B53F820000020704700BF7E
:1024500010F303203F289ABF024B53F820000020BE
:10246000704700BF10F4032030F8023CF7B5B0F815
:10247000826004460D4673B1012268468DF8002043
:10248000ADF80160ADF80330FCF7D4FE18B195212A
:102490006320F8F753FA194B1B6813B1A4F1280015
:1024A0009847174B1B680BB130469847832300278A
:1024B0002B70AF70A5F80360637AD4F89C006B7141
:1024C000F8F7F1FE08B9BA21E2E739463046F9F7E4
:1024D0009DF902213046F9F799F918B9094B1B68A3
:1024E00003B198474FF4017303F00402002062F334
:1024F00007001B0A63F30F2003B0F0BD44F503206F
:1025000048F503204CF50320F7B50568D5F8C06001
:1025100004464FF6FF770DF102010DF1010230463E
:10252000ADF80270F8F76BFE01A93046F8F78CFEA3
:1025300048B10198F8F754FF2168A83100220272CF
:10254000FFF79EFAE7E7044905F1280003B0BDE86C
:10255000F040FFF78FBA00BF6924030003681A7CBC
:10256000073A012A81BF4A785A7407221A74002058
:1025700070470268137C073B012B84BF0823137448
:10258000704770B50268D57BE5B9CB88D688A2F8CC
:10259000D032013B9B1B9BB247F6FD76B34206D976
:1025A000282382F83130FFF7AFFF284670BDD1F8FD
:1025B0000130C2F8D2324B7982F8D63203680A224F
:1025C000DA73F2E70125F0E72DE9F74F0646894671
:1025D00090460193FFF7FCFCD6F8F471044657B916
:1025E0000023C8F80030F38823449CB2019B1C8070
:1025F00003B0BDE8F08F00F015FD0028F0D1D6E95A
:102600007632D6F8C8C00CFB04FE1EEB030ED7E9E9
:1026100002130B44D7E9001542F100025B1845F1A3
:102620000005734575EB020114D2BEEB03016FF098
:10263000010B62EB050A8B4570EB0A0A03D23D21C0
:102640005620F8F77BF93869471E3944B1FBF0F1A1
:10265000E0FB0135B3EB0E0365EB02056FF0010201
:102660009A424FF00002AA4101D24821E8E7B3FBA9
:10267000F9F209FB1233B3FBFCF291B20CFB1133FC
:10268000C8F80030F3881C441444A4B2AEE70B46EB
:10269000822203F8032BD0F80920C1F80320D0F8D8
:1026A0000D205A60427C1A720023CB70704770B5BF
:1026B0000368DD7B06460C46002D5BD193F829119B
:1026C00006222046FEF70CFF014628B92178304645
:1026D000BDE87040FFF76BBC32686389D088A2F810
:1026E000D032013B1B1A9BB247F6FD70834207D9DB
:1026F000282382F831303046FFF706FF284670BDA8
:10270000A3886FF450601818062895BFA3F550638E
:1027100040F2E2414FF47A704B4398BF4343C2F812
:10272000D83288BF29466378C1B103EB830303EB3A
:1027300083039B00A2F8D2326388C1B164214B436A
:10274000C2F8D432E388A2F8DC322389A2F8DE3260
:10275000002382F8E4320D23D373CFE7C3EB431099
:1027600003EB800303EB83035B009BB2E2E740F2E1
:10277000E241E4E70125C1E7F8B50D6804460F46DC
:10278000D5F8440295F82911FEF753FB6FF4506217
:10279000821892B2B5F83E322071062A4FEA102014
:1027A00060718BBF40F2E2426422B3FBF2F3B3FBF1
:1027B000F2F36370B5F84832A3714FEA1323E37163
:1027C000B5F84A3223724FEA13236372386890F8DF
:1027D0009F308CBF002601263BB9D5F8441205F581
:1027E0000F7305F51072FFF7EFFEB5F83C32A372D8
:1027F0001B0AE372D5F8403246B16422B3FBF2F310
:10280000A370C3F30723E3700C20F8BD40F2E2424B
:10281000F4E70B46842203F8022BD0F80920C1F814
:102820000220D0F80D205A6070470B46852203F82D
:10283000022BD0F80920C1F80220B0F80D209A80B0
:102840007047D4D4F0B5044685B00D46FF2600F895
:10285000E96C10F8EA3CF3B1174F3B781BB16221E9
:102860001F20F8F76BF80C21381DF9F763FB3E7059
:10287000002304F8E93C2A468A2302F8033BD4F8F3
:102880000930C5F80330D4F80D305360D4F8113056
:10289000936005B0F0BD01A80C21F9F74BFBA4F53E
:1028A0001573039A1A6001AB03CB44F8F20C44F899
:1028B000EE1C04F8EA6CDBE72CEF032010B5054CA6
:1028C00023782BB90C21201DF9F734FBFF2323704B
:1028D00010BD00BF2CEF0320024690F8FE31BBB9BB
:1028E00090F8FF3103F0FF010BB100207047094B56
:1028F00018780028F9D01970D968C2F894100433F8
:1029000003CBC2F8F601C2F8FA11FF2382F8FE31B8
:10291000012070472CEF032038B50368DC7B0546A7
:1029200034B1113C0F2C8CBF01240824204638BD43
:102930001A7D002AFAD0D3F8A4302BB9FFF7F5FAA4
:102940002B681122DA73F1E7BDE838400C220A2126
:10295000FFF711BB38B50268D37B04460D463BB187
:10296000132B05D0113B0F2B8CBF0120082038BD45
:10297000D2F8A430ABBB92F8523013B92046FFF71F
:10298000D4FA2268D5F80B30C2F8EE31D5F80F3002
:10299000C2F8F2312368D5F81320C3F89020B3F8B9
:1029A000AA20A3F8F122D5F80120C3F8F322D5F824
:1029B0000520C3F8F7222368B5F80920A3F8FB2205
:1029C0002368002583F8B85183F8FE512068084930
:1029D00000F53A70FFF72AF823681622DA732846C2
:1029E000C5E720460C22BDE838400321FFF7C3BAF3
:1029F0004528030008B50368DA7B162A04D040F2A4
:102A000053211F20F7F79AFF012283F85120182243
:102A1000DA7308BD0368DA7B122A03BF1322002091
:102A2000DA730220704710B50368DB7B1C2B044669
:102A300006D1FFF78CFA23682022DA73002010BD3C
:102A40000220FCE708B50368DA7B112A04D040F2C3
:102A50007E211F20F7F772FF012283F851201222F6
:102A6000DA7308BD08B50368DA7B182A04D040F28F
:102A70008A211F20F7F762FF1C22DA7308BDD4D425
:102A800010B50368DA7B202A044604D040F29D2169
:102A90001F20F7F753FF93F85220B3F8AA00002144
:102AA00083F8511082B1C3F8C31183F85210A3F810
:102AB000C7110D49A3F8C40103F5DD70FEF7B6FF99
:102AC00023680022DA7310BD0121A3F8B30183F853
:102AD000B51183F8B221054983F8B921A3F8B621CD
:102AE00003F2A910EAE700BF2B2803001328030014
:102AF0003E230B700C234B7004238B70D0F80930ED
:102B0000C1F80330D0F80D30C1F80730B0F81130FB
:102B1000A1F80B30C37C4B737047D4D438B504682C
:102B200094F8A8501DB9E37B23B101201AE0236873
:102B3000DB07FAD4D1F801200D4BD1F80510134072
:102B40000C4AC4F86230C3F307630A4043F0080339
:102B5000C4F8662084F86530FFF7E7F91DB904234F
:102B6000E373002038BD236843F001032360F8E7D6
:102B70002FC904F76FDB008038B503689A7B042AFD
:102B800034D1D1F80120D1F80550C3F86220C2F346
:102B9000076242F0080283F8652000229A7383F8E6
:102BA0004A200268C3F8665092F8A8204C1C0AB963
:102BB00083F83F2193F84021B2B993F88B2102F0BA
:102BC000FF008AB9B3F8AA2083F88C01A3F88D21FD
:102BD000D1F80120C3F88F2162680549C3F8932119
:102BE00003F28310FEF722FF002038BD0120FCE72E
:102BF000F12A0300036893F8402112B1094B1B68C6
:102C0000184793F88B215AB9B3F8AA20A3F88D215D
:102C10001A22054983F88C2103F28310FEF706BFC0
:102C2000704700BF50F50320F12A030010B5044699
:102C3000FDF736F9044A054B02400B40C4F8012069
:102C4000C4F80530092010BD2FC904F76FDB0080E0
:102C500037B50C460568FDF723F90A4A0A4B0A40C6
:102C600095F862100192034000930B408DF80030FC
:102C70006B4603CBC4F801000920C4F8051003B06B
:102C800030BD00BF6FDB00802FC904F708B50368B3
:102C90009A7B1AB1CF211C20F7F750FE04229A73B9
:102CA00008BD08B5036893F8A82032B9DA73A3F811
:102CB0004E20BDE80840FFF74AB91A68D10703D48F
:102CC000DD211C20F7F73AFE22F001021A60F0E73E
:102CD00087230B7030F8A63C4B807047036893F84D
:102CE000A8109A7B49B9052A01BF002283F83E202B
:102CF00083F84A209A73002070470F2AF4E738B50A
:102D0000046894F8A85045B9E37B4BB9FFF70DF977
:102D100045B90223E373002038BD23685B07F5D56E
:102D20000120F9E7236843F004032360F3E7036815
:102D300093F8A8201AB11A6822F004021A60FFF76B
:102D400006B908B503689A7B1AB172214B20F7F7D0
:102D5000F5FD93F8A820002A14BF0F2205229A73CC
:102D600008BD10B5D0E90D42A24206D30B8DC98E25
:102D700005334B43121B934202D3012380F83E30AC
:102D800010BDD4D438B5DB04154604D5037D13B18A
:102D90000023436338BD446B01344463FFF7E1FF14
:102DA000836B9C42F6D30023436303492846BDE866
:102DB0003840FEF783BE00BFD12C03000C230B70FC
:102DC00008234B7000238B70B0F85630A1F8033005
:102DD000437A4B714389CB8083890B817047D4D46C
:102DE00070B50468A37B94F8A860012B054607D052
:102DF0001EB9E37B23B1012038E023689807FAD499
:102E000094F853309A0713D44A7884F85D204A889E
:102E1000A4F85E208A88A4F86020D80743F0020254
:102E200084F853200FD5164904F15400FEF746FEEE
:102E300094F85330D90710D4CEB9E37B43B1532172
:102E40004020F7F77BFD94F83E31002BEBD1EFE704
:102E50000123E3732846FFF768F8A37B012B4FF0AB
:102E6000000304BFA37384F84A30002070BD2368B8
:102E70009A0701D55821E3E743F002032360E9E70D
:102E8000BD2D030010B5046894F853309A070CD494
:102E9000A37B1BB177214020F7F750FD0122A273DD
:102EA00084F84A20A4F8463010BD94F8A8303BB905
:102EB000E37B0BB9FFF74BF8002384F83E31F3E7CF
:102EC00023689B07F8D5FFF742F8236823F0020335
:102ED0002360F1E770B50568044604F03BF9054B43
:102EE000E8721B6801461BB12046BDE870401847D8
:102EF00070BD00BF58F50320024B1B6803B1184793
:102F0000704700BF54F5032010B50B794C790A685F
:102F1000012843EA042108BF41F48031104610BD66
:102F2000F0B51F4D2B78002414709BB1013B6D68E8
:102F3000DBB21E1B012E0FDC05EBC40655F8347006
:102F400076688E4208BF874227D0B84271EB0606EA
:102F500012D214700020F0BD1E19771005EBC70EB9
:102F600055F837C0DEF804708445C6F347068F4134
:102F70002CBF33463446DCE705EBC30455F8335029
:102F800064688C4208BF854206D0A84271EB0404F5
:102F900028BF01331370DDE71C4614700120DAE707
:102FA0004CEF032010F0070208B503D0632148203E
:102FB000F7F7C4FC18B1034B197258601A70C800B7
:102FC00008BD00BF4CEF0320014B00221A70704770
:102FD0004CEF0320014B187A704700BF4CEF0320E1
:102FE00007B5FFF791FF0DF10702FFF799FF03B057
:102FF0005DF804FB90F838300BB90020704790F86A
:103000003830012BF9D090F83800073818BF01206C
:10301000704790F83830012BDAB201D0FFF7EABFE1
:1030200010467047024B1879003818BF01207047CE
:103030005CEF032030B50D4AFF231371D0E906532E
:1030400073B1D0E902140C44D9689D612144D96060
:10305000816939B1CB610023C0E90633137130BDFA
:103060001560F5E7002BF6D0D960F4E75CEF03209C
:1030700010B5124AFF231371C16189B913688361C6
:1030800003B1D8611060C1690023C36099B1CB68F6
:103090007BB18468A3420AD230213720F7F74EFC77
:1030A0008B6988618361002BEDD0D861EBE71B1B36
:1030B000C3600023CB600023137110BD5CEF0320BD
:1030C000034B1B68002003B9704718469B69FAE759
:1030D0005CEF03200B4B00221B6830B504464FF019
:1030E000FF35104623B911B9002808BF104630BD7E
:1030F000DA68A24203D3AA423CBF154618461A46D4
:103100009B69EFE75CEF032030B585B01546089B5F
:10311000C01A099B61EB0304002C214602DA4042ED
:1031200064EB440103AB00932A4602AB09F0FCFABE
:10313000002C039801DA00B1281A05B030BDD4D4B0
:1031400070B50F4CFF232371036A1BB181689D6822
:10315000A94203D2E5213720F7F7F0FBC26986695F
:10316000DA619E6152B193619A691AB1D361C26802
:1031700011444A1BDA600023237170BD2360F3E71A
:103180005CEF032007B5002301A8019309F0D8FCE8
:10319000019810F0030018BF012003B05DF804FB94
:1031A00010B5FFF7EFFF002814BF1424002409F026
:1031B000A1FC404200F01400204410BD73B50C4641
:1031C000B1F805101A29054621D9B4F80730B3F52E
:1031D000A47F1CD3B4F801201A2A18D9B4F80340EC
:1031E000B4F5A47F13D30068009400F1A806E8307A
:1031F000FEF718FD30462C68FEF733FD10B90120AC
:1032000002B070BD04F25910FEF78CFDF7E7002004
:10321000F6E708B503689A7B1AB12621A320F7F7D1
:103220008DFB21229A7308BD38B50568AB7B213B25
:10323000022B04460BD8FFF7C1FF18B12068062106
:1032400000F074FF002085F84A00A87338BD012003
:10325000FCE702681368D90610B5044603D4B82108
:10326000A320F7F76BFB990601D5B921F8E723F006
:1032700010031360FEF76BFE20680621BDE81040C6
:1032800000F054BFFF230B70074A0D234B708223BD
:103290008B701368C1F803305368C1F80730936826
:1032A000C1F80B30704700BF62EF032002481622BE
:1032B000002109F0D9BA00BF62EF0320F8B51C4D18
:1032C0006B7D04469BB390F8A83023BBD0E976769B
:1032D000FFF766FF94F82021164B33F81230663062
:1032E0004FF47A7203F23F63B3FBF2F3DB1946F15A
:1032F00000061B18B4F8AA202A8046F100066B606D
:10330000AE60E3886B8005F10C000B49BDE8F84026
:103310000222FEF7C7BB4B0609D5B0F8AA302B80B6
:10332000D0F878326B60D0F87C32AB60E9E7F8BD5A
:1033300062EF0320905A04008532030038B5054639
:1033400005F058FA00F55F4341334FF47A72B3FB4E
:10335000F2F4FFF725FF033D00F1BE03012D8CBF02
:10336000002028202344184438BD10B5044690F8A6
:103370007900FFF7E3FF012201462046BDE8104037
:10338000FEF751BD094B53F8203070B503F52343C8
:103390000C461646A1334FF47A72B3FBF2F505F0F2
:1033A00021FA34442C44204470BD00BF7C5A0400F0
:1033B0002DE9F04F8FB09A4600230A9390F82131FF
:1033C0000793044688460692FCF7A8FD814694F8C8
:1033D0002B01FDF743FD8144FFF7E2FEE37B472B22
:1033E0001FFA89F900F160063FD00D2B3DD0A37B79
:1033F000A3F147014B424B410393069B002B7CD129
:10340000637B032B79D1039B002B62D0B4F8D032BD
:1034100043455ED1D4F81832C4F80832D4F8C83025
:10342000B4F8EC21C4F80C32B4F88A321344C4F86E
:103430001032204603F0DCFD94F829513DB1D4F858
:10344000D85241F64B539D428CBF0025012594F87C
:10345000E43263B9D4F8C820D4F8D8329A421ED0E6
:10346000B4F8AA0003F0BFFE19E00123C4E7B4F8E2
:10347000AA0003F0B5FE20B940F242713020F7F700
:103480005DFAB4F8E032A4F8DE30B4F8E2328381B9
:10349000B4F8D03243810025013B0382C58194F802
:1034A0002A31002B5DD1002D5CD1D4F8D432C4F880
:1034B000D830B4F8D232A4F8DC30D4F8D832C4F81A
:1034C000C830D4F8DC32C4F8D030022384F82A5152
:1034D0006373A17B292954D0A1F12C02514251419F
:1034E000E27B292A00D041B1B4F8D032A8EB030323
:1034F0001B0402D4204602F053FFB4F888B294F8BB
:1035000021310893A8EB0B0B0FFA8BFB04F5167314
:10351000BBF1000F0493BFBFD4E99C23C4E9A023EF
:10352000002384F82B32B8BF0123E788B8BF049387
:10353000D54BA8BFCDF810A0A8EB07071B783FB26A
:10354000B8BFBB4613B106F02BFAE0B90025637B88
:10355000032B00F22582DFE813F081009B01DA00E3
:10356000BF013DB14FF04D13C4F8E0300023A4F883
:10357000E4309AE74FF09613C4F8E030A4F8E45032
:1035800093E70121ACE7B4F80032012BDED9637B6D
:10359000022BDBD094F82A32002BD7D194F82A31B1
:1035A000002BD3D194F82B01FDF758FC637B00F579
:1035B000C869012B1FFA89F941D1A37CD4F8D850EE
:1035C000032B34D1D4F80C322B444946D4F80C02E6
:1035D000099306F0A9F9D4F80852099BD4F81022EF
:1035E000C4F80802451B49461846554306F09CF9A5
:1035F000D4F81432C4F81402C31A4946D4F8C800E7
:103600001D4406F091F9B4F8EC31D4F810223B4493
:10361000A3EB0B039B1AD4F81822013B821A02FB7E
:1036200003550123C4F8180284F82A328FE794F86E
:10363000211194F8E501FDF7C1FB4319C5E7D4F862
:10364000C800494606F070F9B4F8EC51D4F81832C5
:103650003D44A5EB0B05C31A5D43E2E794F8211145
:1036600094F8E501FDF7AAFB0746D4F8D8004946CF
:10367000384406F059F94946C4F81402D4F8C80091
:1036800006F052F90BA9C4F818020CA804F046FF82
:103690000B9B0093D4E9A001DDE90C2306F026FA88
:1036A000814604F1A800FFF760FED4F88C3294F84C
:1036B0002101D4F8D8B00A9305F09CF80A9BD4F8FD
:1036C0001412203B5B445B1A9B1B3B44A3EB090396
:1036D00000F523404FF47A72A130B0FBF2F01B1AD0
:1036E0000A93B4F8DC3094F821013031324603EB10
:1036F0004101FFF747FED4F88C220A9B9B1A223027
:10370000DA2BC4F81C025CD840F2C741B6E6D4F804
:10371000D830D4F80C024946184406F005F9494659
:10372000C4F81402D4F8C80006F0FEF8C4F8180271
:1037300004F1A800FFF719FED4F8D830D4F80C72C1
:103740001F44B4F8EC31002B40F09A80BAF1000F1E
:1037500000F0968094F8210105F04CF8D4F814128A
:10376000D4F8783294F821217F1A203F1F44D4E9FD
:103770009CBC464B53F82220A7EB0B074FF47A73FF
:1037800002F2E732B2FBF3F21744BF1B00F523400D
:10379000A130B0FBF3F03F1AD4F80832D4F810226D
:1037A00094F821010A9702FB0311B4F8DC303031A0
:1037B00003EB41013246FFF7E5FD0123C4F81C028B
:1037C00063730A9BD4F818225B1BD4F8C8500A9381
:1037D0007E3DAD1AD4F81C22AD1B954228BF15467C
:1037E000002284F85822D4E9A021D21841F1000126
:1037F000C4E99A21C4F8E85104F1E800FEF7DDF9C4
:10380000042384F86132D4E99A232844C4E9A0232C
:10381000C4F85C02A4F8888202F004FF20B1D4F856
:103820005C321E33C4F85C32B4F8D831A3EB080321
:103830001BB2002BD4BF00220122520084F8602268
:10384000039A002A40F0AF80BAF1000F40F0AE803A
:10385000637B002B00F0C780D4F8C810D4F818326E
:1038600004F51670C91AFDF759FA80B2002800F065
:10387000BA80189B03B1188001200FB0BDE8F08F0B
:10388000D4F814127F1A87E778EF03207C5A0400DB
:10389000D4F81802D4F8C830B4F8EC21D4F81012D7
:1038A0001B1A0BFB03F30A93D4F814323A44D4F8EE
:1038B0000872521A3033013A07FB0133B4F8DC10B6
:1038C00000FB023301EB430194F821013246FFF77C
:1038D00059FDC4F81C0274E7D4F8C83003FB0BF39D
:1038E0000A93BAF1000F1CD0B4F8EC21CAB984F8DD
:1038F0002B22D4F81892B4F8ECC109FB1B3E049BB0
:10390000CDF828E073B3BCF1000F2BD1D4E99E327F
:10391000D4E99C01984271EB020208D340F20E51A7
:10392000ACE594F82B22002A7FF44BAFE1E707992E
:10393000364A52F82120D4E99C01CDE904010498CB
:10394000203B1B1A02F2E7314FF47A7B02F5234247
:10395000B1FBFBF10B44A132B2FBFBF29B1A9B1BA8
:1039600073440A93674409FB07F730377F000898D0
:1039700032463946FFF706FDC4F81C02D4F8C800E9
:1039800041F64B5398423FF61CAF0AAB00933246C8
:1039900004F507733946FDF737FA84F82B0210E770
:1039A00040F226516AE5BAF1000F1CD0B4F80002CB
:1039B00018B3B4F8021294F80422A4F8021201FB1E
:1039C0000222904201F101050DDD002B0BDD0023E9
:1039D00084F86032A4F80252FEF744FA00F00700BF
:1039E000013084F8040204F5167104F50C7007F038
:1039F000BBF920B940F2765140E50146DBE7069B72
:103A000083F0010384F82832002036E77C5A040052
:103A1000F0B5044685B018B9A5213020F6F78EFF21
:103A2000052900F2CB80DFE801F003C42A25C9BFD5
:103A300090F82832C288A3B1B0F82632934208BF6A
:103A4000B0F8DC319A1AA0F8DE21E380D4E99A2399
:103A50002046C4E99C2302F037FD94F84C3005B0B1
:103A6000F0BDB0F824329B1AA0F8DE31B0F8243251
:103A70009BB2EAE705B0BDE8F04004F059BD06F09E
:103A80002BF8D4E99C23801A61EB0301012871F122
:103A9000000302DA40F20161BFE76FF001038342E5
:103AA0004FF000038B4102DA40F20261B5E7D4F82F
:103AB000C8300BB1B0FBF3F3E07BB4F82622472803
:103AC0000ED0A17B463901290AD90D2808D0E188FA
:103AD0000B449BB2D11A0D0443D501339BB242E093
:103AE0000132A4F82622B4F88A32E588344F013333
:103AF000A4F88A32B4F842301D44B4F84030013D95
:103B0000ED1AADB203AE3B685BB1B4F826120139D1
:103B1000002289B220469847B4F826321844A4F807
:103B20002602B4F826126B1A18042CD4002300962F
:103B30001A462046FFF73CFC012890D1B4F8262213
:103B4000B4F8D811BDF80C301344521A12049BB2C9
:103B500004D5EA1A12F4004F18BF0B46A4F8263217
:103B6000D1E7013293B2A4F8263294F82932002B1F
:103B7000B9D1B4F8DC31B4F82622934204BF013342
:103B8000A4F82632AFE7A37C0394002B14BF0823CC
:103B90003E23304684F83130FEF7B6FC204602F072
:103BA00049FD002363735AE705B0BDE8F040F9F71B
:103BB00079B9437B042BF4D0C6212EE7CB212CE727
:103BC0005CF5032013B500234373A0F888321A462E
:103BD000009319460446FFF7EBFB20B140F2E711D2
:103BE0003020F6F7ABFE01236373C4F81002C4F86B
:103BF0000802A4F82602A4F8240284F82902E38823
:103C0000A4F88A02013BE38002B010BD2DE9F8431D
:103C10000E46044618B9D3213020F6F78FFE052949
:103C200000F2A780DFE801F00376413DA52E06F003
:103C3000A1F8C4E95001204601F0A2FED4F83401F5
:103C4000CB3805F04BFF204601F016FD054600BBC2
:103C50000146204601F07BFB00F1E506D4F8340173
:103C6000B04209D2301A322838BF3220032106F080
:103C700051F860B105F036FFC4F83461204601F018
:103C800095FE45B12046BDE8F84301F090BE012500
:103C9000F2E70025F2E7D4E95023C4E94A23BDE85E
:103CA000F883BDE8F84304F043BC01F076FB04233D
:103CB00084F839318146884605F00EFF07220F4609
:103CC000A9FB023102FB0811D4E94A525B1941EB0E
:103CD0000205D4F810213AB159EA080204D09842FA
:103CE00077EB050228BF012684F83861D4E9522613
:103CF000121A66EB070694F8581139B9012A76F1C1
:103D000000010BDA204601F055FE03E0012A76F1AE
:103D10000006F7DB002384F85031C0E7984277EBC8
:103D200005010FD259EA08080CD01B1A65EB0701F0
:103D30009A4276EB010005DB012B71F10000A4BF74
:103D40001A460E460C490123914284F851314FF036
:103D5000000384F83031B341B8BF0A4604F1E800EB
:103D600004F5987107F0ACF8002898D140F2B261E0
:103D700052E7EF2150E700BF0040420FF8B50D4673
:103D8000D0F810110023D0E9506780F814310446B0
:103D900081F8E52180F85031D0F81001FDF7FAF8EC
:103DA000D4F81001C0E99C67C0E9A067C0F88C5244
:103DB000FFF708FF04F002F9BDE8F84006F0BABFCB
:103DC000D0F810017047D4D42DE9F84304460E46CC
:103DD000154690F8503103F0FF07002B40F0948017
:103DE00000F1E80839467822404608F03DFD474991
:103DF0002246404606F0B2FFC4F81061FF2384F863
:103E0000503166B1FEF746F800F00700013086F841
:103E100004023F49324606F50C7006F09FFF40F25F
:103E200002434FF00009A4F8383184F8309105F0CE
:103E3000CDFD00F19E06204601F01EFCB6B2014603
:103E4000C0B3FCF76BF800F1280189B2284605F0F1
:103E50006BFD2844C4F8340105F03EFE301841F1F2
:103E60000001C4E95001012084F81401A4F826904F
:103E700001F09EFEE53D2D1AC4F818514FF0FF35B4
:103E80006FF00041D4E95023C4E952510025C4E940
:103E90004823C4E94A2384F8515142F2107204F5D0
:103EA0009871404607F00CF838BB40F2B911302049
:103EB000F6F744FD204601F04AFADFF85890E53065
:103EC000C4F83401B9F8020048B1E08C38B1FDF70C
:103ED000E1FFB9F80230B0FBF3F202FB1300064435
:103EE00005F0FAFD361841F10001C4E95061002DDA
:103EF000C4D0AD1941F10001C4E72946204601F0C4
:103F000085FD3846BDE8F8830C27FAE70D3C030031
:103F1000113A030078EF032038B5044690F8503189
:103F20009BB1FF2380F85831012101F06FFD94F817
:103F3000503153B104F1E805284605F085FE2846C6
:103F400005F096FE002384F85031002038BDD4D40B
:103F5000F0B5002385B0CDE9003303238DF806309A
:103F60006846F7F777FC88B1114E012333710023BF
:103F7000CDE9023302238DF80E3002A8F7F76AFC70
:103F8000044638B10023337105B0F0BD0098FFF747
:103F9000C3FFE5E7029D6B7B002BEED005F50C77A8
:103FA000384605F051FE384605F062FE6C73E4E7D2
:103FB00078EF0320054B002201215A7119701A7104
:103FC00042F210725A80FFF7C3BF00BF78EF0320A0
:103FD00008B590F8582142B990F8142142B1D0E9BF
:103FE0004631994202D901F0E5FC0022104608BD95
:103FF0000122FBE708B503F0C9FC044B9A68824232
:104000002ABF1879002080F0010008BD78EF032056
:1040100010B50446FFF7C4F8226A236C9A4228BF01
:104020001A4600F5C1711046FDF706FFB0F5296F7D
:1040300028BF4FF4296080B210BDD4D4F0B5044637
:1040400085B090F84C3003F0FF05002B6AD1437B1C
:10405000032B67D105F040FDD4E99C23801A61EB66
:104060000301012871F100035CDB6FF0010383425F
:1040700075EB010104DA40F2AA513020F6F75EFC3C
:10408000D4F8C820E3880AB1B0FBF2F2013313443C
:104090009BB2A4F82432B4F82422B4F8DC319B1A81
:1040A0001BB2002B3EDD04F50C7005F0CDFD0028A1
:1040B00038D0FF2384F82932B4F84230E5881A4E0C
:1040C0001D44B4F84030013DED1AADB20DF10E07BC
:1040D00033686BB1B4F824120139002289B220464A
:1040E0009847B4F8243210FA83F39BB2A4F8243230
:1040F000B4F82432EB1A1B0414D4B4F82412009739
:104100000023012289B22046FFF752F9012809D184
:10411000B4F82432BDF80E2012FA83F39BB2A4F84F
:104120002432D5E705B0F0BD5CF503202DE9F34757
:104130000446062900F20481DFE811F0070086003A
:104140007500830089008E00FC00D0E99C01D4E951
:104150009E23904271EB030354D294F82A32002B31
:1041600050D0637B032B4DD1FFF71AF894F821A1AF
:104170008146FBF7D3FE064694F82B01FCF76EFE52
:10418000064494F82B01FCF769FED4E99C23D4F88B
:104190007872D4F8E85180465046BF1A04F022FBEA
:1041A000694A52F82A20A5F1600302F52342A132A0
:1041B0004FF47A71B2FBF1F29B1AA3EB09031B1ABD
:1041C00009F1890909EB5309B6B2603B08F5C868E3
:1041D00073431FFA88F8B3FBF8F360335A08A9EB6E
:1041E00053039F4202D391444F4501D905F0DEFBB2
:1041F000D4F8C800314605F097FB0023C4F8180234
:1042000084F82A32514B1B7903F0FF025BB900920C
:10421000B4F8DC1101232046FFF7CAF828B140F2B8
:10422000CE6130202AE00423637303F0C7FE06F05A
:1042300081FDE288A4F826220023A4F88A3284F8BB
:10424000293202B0BDE8F08703234373F9E703F096
:10425000A5FBC4E99E01F4E700F1A8081121B0F81C
:10426000AA00F7F7BDFA002862D094F82131022B9A
:104270005CD005D8012B08D0DC21B420F6F75EFB1A
:10428000033B012BF8D81E3000E00A30858894F8F3
:104290002101DFF8B890C31E012B8CBF002728270F
:1042A000FFF74CF86E30A842D4F8182234BF2B1A0E
:1042B0000023D4F8C85099188D4284BFAD1AED1A66
:1042C00099F8053007F1DC0798BF002523B9D4F829
:1042D000E8309D4228BF1D4604F1E800D4F8E861AB
:1042E000FDF76BFC0644022005F0E8FCAD1B25EA57
:1042F000E575854228BF05460221284605F00AFDDE
:1043000010B105F0EFFB2E4401233A4631464046FA
:10431000FDF778FDD4F8E831C9F80800D4F8C800F2
:10432000184402B0BDE8F04705F0D8BB1430ADE743
:104330009625ACE7A83002B0BDE8F047FFF715B806
:1043400040F29C716DE700BF7C5A040078EF0320B7
:10435000012A70B506460D4614460BD0022A0ED02F
:104360008AB903F013FB224601462846BDE8704097
:10437000FFF704BD03F00AFBC6F88C0270BDD0F84D
:104380008C120122F1E740F2C3713020F6F7D6FA21
:1043900070B5044621B1012978D040F2D37172E0A2
:1043A00000F0FBFF94F8513105460E46DBB150EAB0
:1043B000010318D0D4E94832D4E95001C01A61EBA6
:1043C000020133462A4608F0BBF905FB01F300FB66
:1043D0000633A5FB00021344D4E94821121843EB2D
:1043E0000103C4E94823E08C30B1FDF73BFDE38CC9
:1043F000B0FBF3F202FB1300D4E94832ED1846EBB0
:1044000002062D184FF0000346F1000640F202426A
:10441000C4E94856C4E9505684F83031A4F838212C
:1044200084F8513194F8583103F0FF01DBB9D4E935
:1044300052026FF000439A4208BFB0F1FF3F18D01C
:104440002046D4E9505600F082FFD4E95232E530DC
:104450005B1B62EB06021B1A62F10002002A08DAFB
:10446000204601F0A7FA03F0A9FDBDE8704006F070
:1044700061BC04F5987104F1E80006F075FC0028B1
:10448000F1D14FF4E0613020F6F758FA002380F8BC
:104490001431E8E790F85001003818BF0120704748
:1044A0000B46812203F8032BB0F80920A1F8032062
:1044B000C27A9A7070470B468C2203F8032BD0F80F
:1044C0000920C1F80320D0F80D205A607047D4D4D9
:1044D000044B1A78012AD0B203D01878831E5842B0
:1044E0005841704784EF03200D4B33F811300239E7
:1044F000C9B2022910B598BF0A4C4FF47A7203F280
:10450000E733B3FBF2F300F1FF3298BF34F8111038
:104510004FEAC21288BFF021134400FB013010BDE6
:10452000905A040054590400F0B5D928054628BF14
:10453000D9253035BDF81460ADB2FF2D06F0020765
:1045400028BFFF2516F00106044601F5A57023D10A
:104550001FBB002B00F0CB80911EC9B202299ABF6D
:104560007F4D35F8111040F648010844D92C40F22F
:104570008380D93C951EA4B2EDB2F721002B00F048
:10458000D680022D04F1F604B4FBF1F400F2CC80E5
:10459000744B33F815306DE0EFB1911EC9B20229AA
:1045A0009BBF714D05EB41014FF41471C988014463
:1045B000D01E012839D801F614409830002E3CD086
:1045C000023AD2B2022A9BBF674B03EB4203C023DD
:1045D0005B8A184450E053B1911EC9B202299BBFB7
:1045E000614D05EB410140F648018989DFE7032A67
:1045F00006D1691D09B24FF4C87505EB8111D6E7E4
:10460000042A06D1691D09B24FF4BF7505EB0111EB
:10461000CDE7022A0BBF05F10B0105F10A0109B232
:1046200009B20CBF8900C900C1E7022A14BF4FF4C8
:10463000B070B4209C310844BFE7F3B1911EC9B2F9
:1046400002299ABF494D35F8111040F64801D92C7E
:10465000084411D9D93C951EA4B2EDB2F72163B339
:10466000022D04F1F604B4FBF1F45DD83E4B03EBEC
:1046700045031B8B03FB0400F0BDF12C214628BF32
:10468000F121032A06D1133109B24FF4C87505EBA5
:104690008111DCE7042A06D1133109B24FF4BF754A
:1046A00005EB0111D3E7022A0BBF1931183109B20A
:1046B00009B20CBF8900C900C9E7022DB4FBF1F3B0
:1046C000DBB23BD82A4931F8151001FB0300C3EBDC
:1046D0004311C3EBC103E41AA3B2002BCCD00833BF
:1046E000032A9BB22DD19B0103F21A4371E7032ADF
:1046F00007D105352DB24FF4C87101EB851528445B
:1047000034E7042A06D105352DB24FF4BF7101EB11
:104710000515F4E7022A0BBF0B350A352DB22DB271
:104720000CBFAD00ED00EAE740F69213A2E7022DC0
:10473000B4FBF1F3DBB201D80E49C4E740F69211A5
:10474000C3E7042A03D11B0103F5467341E7022A9C
:104750000BBF9B00DB0003F5BB7303F5CD7338E79C
:10476000605904006C590400545904006059040055
:104770006C5904006C59040010B5294B5A6AD2F8E0
:104780000F30C0F8CC30537D117D1B0443EA012368
:10479000D17C0B43C0F8D430B2F819306FF45061BB
:1047A000591806298DBF40F2E241A3F550634FF43A
:1047B0007A714B4396BF4B430021012180F82A11A7
:1047C000C0F8C830937DF9B103EB830303EB830397
:1047D0009B00A0F8DC30B2F81730F1B164214B43F4
:1047E000C0F8D830B2F81B30A0F8D030B2F81D3085
:1047F000A0F8D23092F8243003F01F025B0980F851
:10480000232080F82B3110BDC3EB431403EB84034A
:1048100003EB83035B009BB2DBE740F2E241DEE7A0
:1048200084EF0320074A0346506AD3F86920C0F892
:104830000320B3F86D20A0F8072093F86810FCF768
:10484000D7BC00BF84EF03208B88F7B513F01805A1
:1048500006460C461FD1086820B940F2EA312D20E7
:10486000F6F76CF801F074F9217C677CFFF73CFEE9
:10487000A388009301462B463A463046FFF754FE84
:10488000D4E90223BB30824273F100032CBF012024
:10489000002003B0F0BD0120FBE738B50B468822AD
:1048A00003F8032B0C4600F10902293052F8041BCF
:1048B00043F8041B8242F9D112781A70A5880123AB
:1048C000A37102212846F6F78BFF58B1E3784BB16C
:1048D00002212846F6F79AFF20B140F233212D201D
:1048E000F6F72CF838BDD4D4D0F8803073B50BB1BE
:1048F00001221A604388DB0727D50023CDE9003366
:10490000134E056A02238DF80630FF23337768467D
:10491000F6F7A0FFC8B9009CA542F8D095F8B320DF
:1049200094F8B30005F1B40304F1B401FBF76EFE93
:104930000028ECD094F8AC303377D4F8AD30C6F81A
:104940001D30044BB4F8B1209A8002B070BD00BF96
:1049500084EF0320A1EF032038B5084D044600F191
:1049600069010623686A0022FCF724FD94F86810A8
:10497000686ABDE83840FCF73BBC00BF84EF032009
:1049800070B504460D46173019461646FCF78EFBE7
:1049900084F8205184F82151FF2384F82231E91E44
:1049A00001298CBF0021012104F1E800FDF741F944
:1049B000314604F1A800FCF71DFA94F82A31002BC7
:1049C00014BF4D239623A4F8E230A4F8E03000236E
:1049D000A4F8E43070BDD4D470B504460E466588A2
:1049E000407F15F00401134618BF04F177013246E9
:1049F000FCF7A8F84107054621D4C2070BD50123CF
:104A000084F86830607FFCF735F90368C4F86930D2
:104A10008388A4F86D30AB0701D4012070BD094B29
:104A2000586AD4F87730012184F87610C0F809303C
:104A3000B4F87B30A0F80D30FCF7E3FBEDE7002085
:104A4000ECE700BF84EF032010B50446084694F855
:104A5000D8306BBB237884F8D930082904F1DB0205
:104A600016D004F1DA01FCF739F820B94FF4776178
:104A70002D20F5F763FF94F8DA3043F0020384F851
:104A8000DA3004F1D0000B49BDE81040FCF7CEBF8E
:104A9000094B586A034613F8031BC1F3801184F8CD
:104AA000DA10D0F80310C4F8DB109B889380E8E795
:104AB00010BD00BFB744030084EF032070B5044667
:104AC0000E461546FBF7AEF998B9237884F8C03046
:104AD000637CA4F8C16084F8BF500BB194F84830EF
:104AE00084F8C33004F1B6000249BDE87040FCF719
:104AF0009DBF70BD394F030038B5B0F848301B4D2D
:104B00000133C3F30E03A0F848302B7B04462BB1CE
:104B100003F006FC02F0E2FB00232B7300232B7052
:104B200094F889302BB101212046BDE83840FFF7C9
:104B30002FBC637CC3B1B4F848209A4214D301213E
:104B40002046FFF725FC6388DB0748BF236A204621
:104B500044BFB3F8AA104322BDE838405CBF4322EB
:104B60004FF6FF71FFF7AABF0021DDE784EF0320B6
:104B700010B5FFF7ADFC064C28B1237B1BB103F049
:104B8000CFFB02F0ABFBA06ABDE81040FFF7B4BF5B
:104B900084EF03202DE9F0410746FFF799FC054615
:104BA00020B940F682412D20F5F7C8FE214CA26ABB
:104BB000166A0EB196F829611FB3616A11F8097B74
:104BC00002F16903F80992F86820FBF71FFDC0B1F4
:104BD000606A3146FCF73DFB98B1A56AFFF778FCA7
:104BE00010B940F65C41DEE72378E26A03F18043C6
:104BF0005269013B284652F8233007F00F019847CD
:104C00000546237B1BB103F08BFB02F067FB7DB1F4
:104C1000A06AFFF7DDF930B103F032F9E36ABDE8CD
:104C2000F0419B681847A06ABDE8F041FFF764BFF8
:104C3000BDE8F08184EF0320074A0346906A03B978
:104C400009B9FFF759BF1378D26A03F1804312699B
:104C5000033B52F82330184784EF03202DE9F0433B
:104C6000032985B00546174607D14388980723D402
:104C70000024204605B0BDE8F083428890F88830D3
:104C8000D107DBB2F4D5002BF2D14FF00108DFF8E9
:104C9000D49099F80C60C6B1FBF738FF082838703B
:104CA00016D002AA0DF10701FBF718FF38B940F63C
:104CB000F7612D20F5F742FE4FF00208E7E79DF877
:104CC000070002A9FEF78CF906463B78082B08D1AD
:104CD000D9F8241011F8030BC0F38010FEF780F907
:104CE0000646D9F8241095F86F2011F8030B05F14A
:104CF0007003C0F38010FBF789FCD9F82410044638
:104D000011F8030BC0F38010FBF7DEFE8146FBF7C2
:104D1000C3FF40B1B9F1080F1BD04846FBF7F0FDC7
:104D200080F00103D8B23A78082A14D01CB96C7FFD
:104D3000A21A544254416A8853079AD4002897D142
:104D400076B9EC7C444518BF002C0CBF012400242C
:104D50008FE70020E7E780F001022240D4B2EAE7C3
:104D6000344686E784EF032070B50D46044691F87B
:104D70002911D5F8C8001646FCF75BF8B5F8D03015
:104D8000A4F8AE30B5F8D230A4F8AC00A4F8B03036
:104D900095F82B3184F8B230237F04F1A00273B36D
:104DA00094F86830012B2AD194F86E3003F0C003D8
:104DB000402B24D1D4F86930C4F8A030B4F86D3059
:104DC0009380236A93F8AC2084F89920082E03F18D
:104DD000AD0004F1A601D3F8AD3004F19A0219D068
:104DE000C4F8A63083888B80304604F19901FBF724
:104DF00075FE40B940F6E2312D20F5F79FFD002306
:104E0000C4F8A030DCE794F8993043F0020384F84A
:104E1000993070BDC4F89A30838893800023C4F819
:104E2000A6308B80F5E7D4D42DE9FF4108230DF19E
:104E30000702052104468DF80730FFF70FFF0546EE
:104E400020B90025284604B0BDE8F081F9F7D2FE6C
:104E500006460028F5D1344F216A7A6A91F817C0C6
:104E600010460DF1080810F8033BC3F3401303EAA2
:104E70000C03CB75D2F80330C1F8AD308388A1F8AC
:104E8000B1301146D4F820C011F81F3BC3F3801392
:104E90008CF8AC30D2F81F000B79029060468DF888
:104EA0000C30FFF769FC94F91220206A4346012177
:104EB000FFF766FD216A84F89560B1F8AA30A4F87E
:104EC0009630FF2384F8B3304FF6FF739DF8072028
:104ED000A4F8B4302046FFF747FF144904F18C00D2
:104EE000FCF7A4FDFAF79EFF60B9236A1049B3F8F6
:104EF000AA20A4F8CD20DB7D84F8CF3004F1C400D3
:104F0000FCF794FD236A0022B3F8AA102046FFF7AD
:104F1000D5FD084B1B6800223A70002B92D0206A06
:104F2000214698478EE700BF84EF03209B4803008B
:104F3000A144030064F503200B468B2210B503F84F
:104F4000032BD0F80920C1F80320427B1A71CB78DB
:104F5000A3B130F8B43C1B0710D4B1F805400221CE
:104F60002046F6F73DFC48B102212046F6F74EFCFC
:104F700020B140F276212D20F5F7E0FC10BDD4D40D
:104F8000032973B5044604D0052927D0012002B0B7
:104F900070BD08230DF107028DF80730FFF75EFEA4
:104FA0000028F3D0237C23B19DF807102046FFF79B
:104FB0004BFD0F4D6B6A062204265A701E70204668
:104FC000FFF730FC686A94F85C20A16DFCF732F9B9
:104FD000686A2E7003F0C2F80020D8E7054B1B6802
:104FE000002BF9D0984780F00100C0B2CFE700BF96
:104FF00084EF032060F50320F8B504460F4619B38B
:1050000000F13005284600F08CFDA0B963881A072E
:105010002ED5284600F09CFD0646284600F081FD6E
:10502000301AC0B200F0C4FD474A53680344284612
:10503000536000F052FD284600F054FD02F0DEFD02
:105040002179252002F0CEFC3F4E94F87620706A3C
:105050000023037043706388103B0D2B64D8DFE896
:1050600003F05F635B0C634063636363636363408C
:105070002046BDE8F840FFF73FBD062343702023DC
:1050800003702046FFF7CEFB638823F008039BB232
:10509000152B05D094F85420216D706AFCF7BBF8ED
:1050A000706A03F05BF8032321793370002002F06B
:1050B000B3FD054607B9B06063881B0704D500F04F
:1050C00054FD0544C4F81C516388103B0D2B36D8A1
:1050D000DFE803F038352F2F352F353535353535A9
:1050E000352F0C2343700346212103F8091B52B1CD
:1050F000D4F87720C0F80920B4F87B209A800121E9
:10510000FCF77FF8BDE7226FC0F80920B4F87420DF
:105110009A8094F86F10F3E7062303704370B0E7AA
:10512000022303700623F9E740F259612D20F5F7B9
:1051300005FC21790120BDE8F84003F023B940F6D1
:10514000F541F3E7F8BD00BF84EF032038B543888D
:10515000102B044604D1BDE838400121FFF74CBFB5
:105160000B4D2B7B23B102F09BF8402003F0CCF8D1
:10517000686A02F0F3FF608810F0040002D1217920
:1051800003F000F9002003F059F801232B7038BD1B
:1051900084EF03200121FFF72FBFFFF7FBBFD4D41B
:1051A000024B0121986AFFF727BF00BF84EF03205D
:1051B00010B5144C237B1BB103F0B2F802F08EF84B
:1051C000A06AFEF705FFA16A18B14B8803F0180327
:1051D00023B9BDE810400846FFF78EBCFFF778F909
:1051E00020B940F686312D20F5F7A8FB2378E26A36
:1051F00003F18043D268013BBDE8104052F82330F0
:105200000846184784EF032008B590F894300BB196
:10521000012008BD90F8CC30002BF9D190F8BE30B9
:1052200003F0FF00002BF4D0FAF7FCFD80F0010042
:10523000C0B2EEE710B50648037803F0FF042BB9BF
:105240002422214607F010FB204610BD0C24FBE76A
:1052500084EF032010B50A4C00232370FAF7D4FD25
:105260006062FFF7E7FF20B14FF442712D20F5F7A0
:1052700065FBE36A13B940F20B31F7E710BD00BFDD
:1052800084EF032030B54FF4B07285B004460D466C
:10529000002107F0E9FAFF2323701323638042F211
:1052A0001073E384F6F704FC00220146E0646846CC
:1052B000F6F748FCE06C00220121F6F7DCFCE16C1B
:1052C00004226846F6F73EFC0022E06C1146F6F731
:1052D000D2FC04F13000A57400F0E4FB02A8FBF757
:1052E00083FE20B94FF449712D20F5F727FB02A961
:1052F00004F13600FBF7DAFE05B030BDFF23C86CC1
:105300000B70F6F703BCD4D4014B024ADA62704743
:1053100084EF0320245A0300044B054A1A60054B0E
:10532000054A1A60054B064A1A60704760F503206B
:10533000294E030064F503205143030068F5032060
:10534000B55603000078FF3818BF01207047F7B545
:10535000044630300E4600F0FBFB6188CA06074663
:1053600005D5282200F004FC6D3003B0F0BD8B079A
:10537000E06C0FD5F6F71FFD217905463846FFF79B
:10538000B3F8638800930146627933462846FFF7F5
:10539000CBF8E9E7F6F7FFFCEEE7D0E9020170474A
:1053A0002DE9F041067DB31EDBB2012B06F0FD06B0
:1053B0008CBF4FF000084FF00108371E18BF0127BF
:1053C000012B04461AD800F1700190F86F00FBF72A
:1053D0007BFB054663889B0617D4082D10D186B346
:1053E000FAF720FDB8BBE37E93B3D4F81530C4F8C8
:1053F0006930B4F81930A4F86D3006E00825E9E703
:105400002846FBF789FA0028E9D1657784F81C80E3
:1054100084F86870FBF752FB054604F05DFB104B07
:105420000022E5FB0301C4E9180184F87620114647
:105430002046FFF7D1FA60B940F2A3412D20F5F7DD
:105440007DFA04F169013046FBF7C6F80028DCD18B
:105450000020BDE8F08104F169010120F4E700BFFC
:1054600040420F002DE9F04F07460C4605460FCF8E
:105470009DB010AE0FC60FCF0FC697E80F000DF10D
:10548000200886E80F0040466E7900F00BFBA37AF7
:10549000277D03932378049363787A1E03F07F0AB1
:1054A000022AD14600F28380D90603D4A67D731E5A
:1054B000022B7CD8637E03F0FD03012B02D1032F66
:1054C00008BF0427A37E03F0FD03012B02D1032EA6
:1054D00008BF0426617A404600F0EBFA237D227F64
:1054E000022B08BF617D02F1010206BF0131C9B282
:1054F0000121D2B2404600F0DEFA1AF0080F6CD15A
:10550000404600F025FB6378DA06834654D4F6F76C
:1055100001FB394682465846FEF7E6FFCDF800907B
:105520000146012332465046FEF7FEFF2179E3781B
:1055300043EA0123617940F2712243EA014300F515
:1055400024705343B0FBF2F05043984239D84FF0E7
:10555000000B94F818A00793A37C05930AF1FF337E
:10556000D3F1000AE86C4AEB030AF6F714FC069044
:10557000E86CF6F720FC0699079B814238BF01468C
:1055800088B268B308A90A910AA90C930693ADF8EA
:105590002C90CDF834B08DF838708DF83960FFF765
:1055A00053F9069BE0B945201DB0BDE8F08F40F2ED
:1055B00012310620F5F7C2F92822494600F0D8FA40
:1055C000B4E7E179A37943EA0123217A43EA01436D
:1055D0005343834228BF0346B9E700239B46B8E7FD
:1055E000CDE9123B059B8DF85330049A039B8DF84F
:1055F00044708DF845608DF850A08DF854308DF8CA
:105600004020ADF8429010AF0FCF2E460FC60FCFFF
:105610000FC697E80F0086E80F0098E8030028639C
:10562000A986E37A03F0FD03003B18BF012385F848
:105630006F30E3682B67238AA5F87430E27D95F814
:10564000463062F3071385F846300020ACE74FF48C
:105650000043A0F8483043881D2B08BF0021417447
:10566000704790F912007047408800F001007047C1
:105670008078C0F3400070478078C0F3C000704766
:1056800010B54488C06CE30654BFC4F34004002442
:10569000F6F778FB84F001042043C0B210BD4079D6
:1056A000C31E012B05D8B1F81E31012B14BF0320F6
:1056B000042070472DE9F04385B008230DF107025F
:1056C000052104468DF80730FFF7C8FA002879D085
:1056D000F9F790FA002875D13C4D206AFFF74CF895
:1056E0006B6A02AFD3F81F0093F8232002903A713F
:1056F000226AD3F80310C2F8AD10B3F80710A2F86D
:10570000B1101B78206AC3F3801380F8AC30304BA3
:105710001B6813B1012221469847D4F82080686A9B
:1057200098F8AC900E234370C378082603F03F032B
:10573000C37000224FF003010670FBF75AFE2046AB
:10574000FFF70AF9686A4946FBF75BFD0623012269
:1057500008F1AD01686AFBF72DFE6179FF2002F0C8
:1057600041F9686A02F0FAFCD4F8208020464146EC
:10577000FFF795FF94F9122001463B464046FFF79C
:10578000FFF8216A9DF80720002384F89530B1F8CE
:10579000AA30A4F89630FF2384F8B3304FF6FF7395
:1057A000A4F8B4302046FFF7DFFA236A2E70B3F86E
:1057B000AA20A4F8CD20DB7D84F8CF30012005B0ED
:1057C000BDE8F0832046FFF797F9F7E784EF032061
:1057D00064F5032010B50446FCF744FBC0F30B004E
:1057E000A042F9D010BDD4D42DE9FF41564F3A78EC
:1057F000044602F0FF0312B90278FF2A04D140F6F2
:10580000DD112D20F5F79AF87B60FB817B7380F822
:1058100089304E4B00934E4B01934E4B0293FB6AE3
:1058200068465B68039302F083FC02F085F902F09E
:1058300077FD01F053FD484802F0D6F904F1300538
:10584000464802F06FFC284600F047F9284600F071
:1058500049F902F0D3F92179252002F0C3F894F92F
:10586000120002F0BBF904F15001E06CF6F728FADF
:1058700004F158010646E06CF6F749FA8046002E1E
:105880003AD094F82430BBB3B4F94850ED43ED0F4F
:10589000237F13B963885B0709D5D4E918126FF029
:1058A00000439A4208BFB1F1FF3F2FD1ADBB94F83E
:1058B0008B301BB946EA0806F6B2AEB1638813F026
:1058C000100511D1606CC0F30B20FFF783FF94F833
:1058D000463084F8450023F00F03C0F30320034350
:1058E00084F8463084F88B50786A0330FBF718F957
:1058F000387304B0BDE8F081B8F1000F04D094F81B
:105900002550002DC0D1C3E74546C1E704F0E4F8B7
:10591000D4E9182390429941C8D301222946204650
:10592000FFF75AF850B1FBF7C9F8054604F0D4F870
:105930000B4BE5FB0301C4E91801B8E7002DB6D015
:1059400040F61C215DE700BF84EF0320B151030046
:10595000954B0300394C0300D6BE898E5555550032
:1059600040420F0010B50446FFF73EFF20460021DD
:10597000FFF742FB2046BDE81040FEF7B5BFD4D488
:10598000024B9862DB6A1B68184700BF84EF032054
:1059900090F86830016281F8B330D0F86930C1F80E
:1059A000B430B0F86D30A1F8B83070477047FFF7E9
:1059B000A3B8D4D443881A0710B5044612D5036A95
:1059C00011493C2280F89520B3F8AA30A0F896300F
:1059D000FF2380F8B3304FF6FF73A0F8B4308C305B
:1059E000FCF724F86388DB0743BF236A3C22B3F843
:1059F000AA103C2258BF4FF6FF712046FFF75EF811
:105A0000FF2384F8893010BD9B48030080F888107C
:105A10007047D4D4955103004D5103009B510300AE
:105A2000814F030065590300714B0300A15103002E
:105A3000145A0300185A0300205A030082780346C0
:105A400012F0010002D0D978C90710D5900702D50D
:105A5000D97889070AD512F0040008D0D878C0F3A5
:105A6000800080F001008000C0B2704702207047C3
:105A7000C0F34002C0F38003134400F00100184457
:105A80007047022808B507D0042807D0012807D09E
:105A900039212E20F4F752FF262008BD2720FCE7ED
:105AA0002520FAE70023C0F8023001234370037079
:105AB00070478170704710B542700170807814464D
:105AC000FFF7D6FF10FB01F010FB04F2FE2A03DD06
:105AD0005C212E20F4F732FF10BD0023C370437108
:105AE0000371704710B50446FFF7A8FF6379627829
:105AF0000133DBB29A4263710FD1E378A17803439B
:105B0000DBB29942E37008BF23794FF0000208BF6F
:105B10000133627104BFE2702371BDE81040FFF7EA
:105B2000B0BF38B501468078FFF7A2FF0446C878B9
:105B30004D78FFF79DFF0A790B789B1A13FB05F34D
:105B40004A7913FB04F39B1A00FB1530C0B238BD31
:105B500008B501468078FFF78BFF4B780A7813FB76
:105B600002F313FB00F0C0B208BD40F2EF20704713
:105B70000138022808B503D9C4212F20F4F7DEFE2E
:105B800013290A4B05D811290CD8102907D0D22186
:105B9000F3E71529FBD103EB4003D88801E033F884
:105BA000100008BD03EB40039889FAE7765904001A
:105BB00040F25A33584370472C4A38B5948803460C
:105BC0001C43402B1068948004D10421BDE8384068
:105BD000FEF7ACBA802B01D10521F7E703F00304EF
:105BE000032C04D140F6A4313120F4F7A7FEDD07E1
:105BF00006D50C6891602478062C1AD00B2C22D084
:105C00009C0711D50C6821781173072929D00B291D
:105C100022D0052908D1C17B182905D100240025EF
:105C2000C0E91E45012101759B0644BF082353733B
:105C300038BDC47B1C2CE3D100240025C0E91C45E1
:105C40000124C474DCE7C47B122C01BF0024C4749B
:105C5000012480F85240D3E7C17B1129E4D100210F
:105C6000E1E7617880F8A010DEE700BFB4EF032021
:105C70000C4A517B034689B910683BB9B0F8101142
:105C8000B0F8F420914209D8FEF7B4B993881B0705
:105C900006D5007C083818BF0120704700207047E7
:105CA00001207047B4EF032073B504460068036811
:105CB00013F0300F0D4649D1B1F805101A2904D957
:105CC000B5F80730B3F5A47F06D22978204602B094
:105CD000BDE87040FCF76BB9B5F801201A2AF4D979
:105CE000B5F80360B6F5A47FEFD30096E830FBF774
:105CF00099FF174B9A8892070DD51B7B142B0AD15D
:105D00002268136843F0100313602046FCF70DF976
:105D1000002002B070BD23689A7B212AF0D093F84E
:105D20002F31002BECD1236893F82E31002BE7D1D3
:105D300023681A68B3F8AA0042F020021A6003F13F
:105D4000E80103F5B172FBF7F3FFDEE70120E0E7BE
:105D5000B4EF032008B50368DA7B182A04D040F2B8
:105D60007E513120F4F7EAFD1E22DA7308BD08B532
:105D700090F89E30FE2B04D040F66F113120F4F7DE
:105D8000DDFD002380F89E1080F89F3012B9A0F846
:105D90004E2008BDA0F84630012380F84A30F8E7CD
:105DA00008B50368DA7B352A05D10022DA73BDE82D
:105DB0000840FCF7CCB8182A02D11E22DA7308BDBD
:105DC00040F293513120F4F7B9FD037D63B9C37BF1
:105DD000A3F11002032A07D990F8520028B1202B12
:105DE0008CBF00200120704701207047037D63B9FC
:105DF000837BA3F11002032A07D990F8520028B13F
:105E0000202B8CBF00200120704701207047D4D484
:105E10002DE9F843854D06462C68002840F0C480E3
:105E2000AB88190746D594F89E302A2B16D00CD88B
:105E30001C2B13D0222B18D094F89E30FE2B20D18F
:105E400040F2FB513120F4F779FD3C2BF4D1784B33
:105E50001B68002BF0D028469847EDE7002384F814
:105E600041317248FCF759F8E6E784F84201714B7A
:105E70001B68002BF5D004F5A17104F1A40098472C
:105E8000EFE7FE2384F89E30E37B1E2B06D100272C
:105E9000664884F85170FCF75AF8E773A37B242B0B
:105EA0002AD0372B30D0237C082B02BF0223AB73C0
:105EB00084F89E30AB88DA074FD5D5F80080A96802
:105EC00098F80F30D1F80090113B0F2B99F8007023
:105ED0000BD8BB1EDBB2092B00F2A68040F2333296
:105EE00022FA03F3DB0740F19F8009793846FBF77C
:105EF000D5FA88B9394680E0E37B243B072B94BF71
:105F00002B232523A373CEE7012384F8C532002376
:105F1000A37384F84A30C6E7012F01D9162F4ED15A
:105F200098F80E00FCF733F840B198F80E30242BA7
:105F300004D0252B34D12B2388F80E303846FCF7BB
:105F40007FFA0346002849D1FF2FD3D12B69002BBC
:105F500051D02B68012283F8C622AB88580704D59C
:105F6000227C072A04BF0122AA7399074CD5287BFB
:105F70002B6801220D2883F89F2042D011284CD095
:105F800007284CD0FCF766FA034600283AD12A7B52
:105F9000FF2A46D12A683721917382F8C40233E080
:105FA000162F14BF022620266B7B1B0704D5E37B2C
:105FB000113B0F2B98BF08263046BDE8F883112F00
:105FC00015D005D8072F14D00D2FB7D11A4B05E0E7
:105FD000142FB3D1194B1B68002B8BD0AA68134820
:105FE0001279494698470028B7D00646DCE7144B9B
:105FF000F4E7144BF2E799F800100C48FBF7D7FFD1
:10600000F1E7114B09489847AB88DA06CCD5E37B1A
:106010000A2BC9D10B23E373C6E70C4BF2E70C4BF9
:10602000F0E740F2EE510DE70826BDE7B4EF03209C
:10603000B4F5032090F503204962030070F50320B6
:1060400095620300B1620300555D0300A15D03008A
:106050005560030010B503689A7B93F8A010092AD5
:1060600008D193F899208A4204D100229A7383F8C8
:106070004A2010BD1A6812F0080406D022F0080267
:10608000BDE810401A60FBF762BFFF2904D1372238
:106090009A7383F8C442ECE74FF4AF613120F4F710
:1060A0004DFC38B513680E3814460D469A7B092806
:1060B0003ED8DFE800F0053D3D3D0F3D183D3D2752
:1060C000042A05D12046FBF728FF2046FCF792FD65
:1060D000002038BD0F2AFBD1002220461146BDE822
:1060E0003840FCF7FBBD212AF2D12046FBF715FF13
:1060F000002DEDD0226892F8623023F0200382F860
:106100006230E5E7DA7B272AE2D10025DD732046FD
:10611000FBF71DFF236893F83831012B03D1294683
:106120002046F9F7E3FF2368002283F83821CFE700
:1061300040F262213120F4F701FCD4D4002908BFD9
:106140001F21262870B50346144639D81C2806D8C6
:10615000A0F10E03DBB2092B1CD9002070BDA0F109
:106160001D02092AF9D801A050F822F0FD610300B0
:106170005B6103005B6103000D6203005B61030070
:106180005B610300E7610300E7610300E76103006F
:106190001B62030001259D4040F25126354015D178
:1061A000082BDAD11668B37B252B14D12046F9F7DA
:1061B0009DFF86F838510023B37386F84A30CCE748
:1061C0003B2832D03E28C8D1194B27E0BDE87040AB
:1061D0000021FFF766BF2B2BBFD1F37B243B072B9E
:1061E000E9D92A21E2E7134A1568002DB5D00A46FD
:1061F000204619462B46BDE8704018470E4B1B68D9
:10620000002BAAD00A461D212046F4E70B4B1B6841
:10621000002BA2D00A462021F6E7094B1B68002B71
:106220009BD02046BDE870401847064BF6E700BFFC
:10623000A0F5032074F5032080F5032088F50320E2
:1062400094F50320BCF50320024600684978837B5F
:10625000212B15D00CD8042B14D00F2B14D0C07BBD
:10626000272815D0332B0CBF2620FE20FFF766BF52
:106270002B2B03D02D2B09D0252BF0D11620F5E7A1
:106280001420F3E70E20F1E71220EFE72320EDE7DB
:106290001720EBE7024600680B4690F8621041F0C9
:1062A000040180F8621099785878FFF747BFD4D47A
:1062B00070B54B780268262B04465CD01DD81D2B88
:1062C000957B54D00FD8A3F10E02D2B2092A08D878
:1062D000012101FA02F640F25120064220D1082A9B
:1062E00024D0002070BD232BFBD12D2DF9D1254BBF
:1062F0001B68002BF5D09847F3E73E2B3DD005D81F
:106300002B2B3CD03B2BECD11F4BF1E7FF2BE8D1E3
:106310001E4B1B69002BE4D0012382F8C632E0E754
:1063200022461846BDE87040FFF7BBBE252D01D0C0
:106330002B2DD6D12046FBF7F0FD2368DA7B262AE9
:10634000CFD093F8632022F0010283F86320226803
:1063500092F8633023F0080382F863301A21204654
:10636000F9F7C4FE2368002283F83821B9E7362DF7
:10637000B7D1074BBCE7074BBAE7074BB8E7074B6A
:10638000B6E700BF78F50320C0F50320B4EF032083
:1063900084F5032098F50320A4F50320ACF5032031
:1063A0002DE9F34790F8D28290F8D36204460D4667
:1063B000B8F1000F3BD190F82071002E39D194F83C
:1063C00021A184F8207184F821A1FF2384F82231CF
:1063D0001A4B1B6804F1A80913B13946484698477F
:1063E000174B1B6823B101943A46514601A89847C0
:1063F00094F83831012B02D058EA060603D0237BEB
:1064000043F0010323734846FBF72BFC18B1237BB1
:1064100043F00203237306212046FDF787FE002385
:1064200084F838313DB1A37302B0BDE8F087474628
:10643000C3E7B246C5E7E573F6E700BF7CF5032086
:10644000B0F5032038B50C460546D1E93001F5F723
:10645000A7FA637B3BB104F50C74204603F0F4FB10
:10646000204603F005FC0D212846F5F7CFF90E2153
:106470002846F5F7CBF910212846F5F7C7F90F2183
:106480002846F5F7C3F911212846F5F7BFF9284644
:106490001221BDE83840F5F7B9B9D4D4024B002039
:1064A000C3E90400704700BFB4EF032008B5054BF3
:1064B0000022C3E90422FBF7A1FDBDE80840FCF778
:1064C000FDB900BFB4EF032073B5514D002604465B
:1064D0002860AE806E73AE73FF2380F84C30B0F846
:1064E000DA31002B00F0828090F89E30FE2B7DD1B7
:1064F00090F82C31002B79D0037C073B012B75D908
:1065000090F82D31A0F8446080F8A03002210122DB
:10651000FFF72DFC84F8E26102212846FBF7FAFD23
:10652000B4F8DE11B4F8E021B4F8DE30013989B2F4
:10653000B1FBF3F31344A4F8E031B4F840300B445A
:10654000A4F840302046FFF740FC10B1636B0B44C9
:106550006363B4F8DA31012B9CBF0133A4F8DA315C
:10656000002609B184F8E661E37B84F8E2610A3B26
:10657000012B0FD8E388B4F8D0229B1A190409D450
:1065800004F2D22104F11700FAF790FDE673FF231D
:1065900084F84B30B4F8DE2104F1A8012046FAF764
:1065A000CBFDE37B1B491C4A113B0F2B8CBF002307
:1065B000012300932868194BF6F71EFB696911B196
:1065C000287E01F083FE2C68237BDA0703D5104870
:1065D0000021F9F78BFD237B9B0703D504F25910AB
:1065E000FBF7A0FB0023237302B070BD94F89E104C
:1065F000FE2901D0064891E7094B1E68002E8FD076
:1066000003F0B8FB02460B460148B04788E700BFDD
:10661000B4EF0320B95B0300715C03004D66030017
:10662000C4F50320024B1869003818BF01207047D9
:10663000B4EF03200022C281827490F84C3013B171
:106640000221FDF773BD0321FBE7D4D42DE9F04F00
:10665000DFF85C860F46B8F80410D8F800408D05C6
:1066600056BFB4F840200023013287B0814646BFB0
:10667000A4F8403084F8E631A4F840202046FFF723
:10668000A4FB38B10B4604F5A87204F1A80120461A
:10669000FCF778FBB8F8043003F4C06333B1A37C93
:1066A000002B00F0A080032B00F0A380A27CB8F8A0
:1066B0000430012A03D1180544BF0222A274B9F1A3
:1066C000000F40F04C8159065DBFB4F80022013242
:1066D00092B24A46A4F8002203F00A020A2A0FD115
:1066E00098F80C20022A0BD123F008033846A8F8AA
:1066F0000430FFF78DFB08233843C7B2A8F80430F5
:106700003846FFF785FBD8F810303843C7B2002B66
:1067100050D01422002101A806F0A6F894F8210117
:1067200002F068F8054694F8210102F05BF805F5DF
:10673000FA754FF47A73B5FBF3F5B4F8AA30ADF8F7
:1067400004300544E38894F82911D4F8C800ADF862
:106750000830ADF80A50FAF76CFB94F8C632ADF881
:10676000060033B1D8F808301A689B8804928DF877
:1067700014309DF80C3094F8C52262F300038DF8B4
:106780000C3001A8D8F810309847049A002384F8F8
:10679000C63284F8C5326AB194F8C43253B9A37BC7
:1067A000372B07D09DF8143023B11178FF2924D15D
:1067B0001B2B29D9D8F8006096F89E30FE2B49D1C2
:1067C000002F47D1337C073B012B43D996F82C315E
:1067D00013B396F82D31A6F8447086F8A030012244
:1067E00002213046E4E10121A1742046FDF79EFC20
:1067F0005CE70223A3740121F7E70729DAD1022B12
:10680000D8D15178FF29D5D1012184F8C412C4F818
:10681000C82284F8C732CDE796F80FA0AAF1100A73
:106820005FFA8AFABAF1100F40F255813368DA073D
:1068300002D53A460921D4E79D0740F1EE803A4659
:106840000C213046FFF793FA96F8533043F00103DA
:1068500086F85330B4F8E03194F8E3510133A4F8EA
:10686000E031002D00F0FA82F6F734FB10B100237E
:10687000A4F8E031B4F8AA0000F0B2FCA37CB4F8AC
:10688000DE60012B824640F22883237C082B40F0F7
:10689000FD82B4F84030022B40F21F83B4F842501E
:1068A0000135ADB2E388DFF818B42B44A4F8D83131
:1068B000DBF80030002B00F01483012E40F211832E
:1068C000F6F7F8FADBF80030E188024620469847F0
:1068D00000F1010B1FFA8BFB94F8E431002B3AD145
:1068E000012D38D9E37B0BB10B2B34D1A37B93BBA8
:1068F000237C83BBA37C022B2DD194F8E63153BBC0
:10690000D4F8C000F4F7CFFC28B394F89E30FE2BE7
:1069100021D1B4F8DA31012B1DD9B4F8E021B4F853
:10692000D0309A4217D2BAF1000F02D0BAF80E1046
:1069300089B99B1A9BB2013DADB2B5FBF6F59D42FC
:1069400028BF1D4616FB05B6003D18BF01251FFADE
:1069500086FB84F8E251E3889B44A4F8DCB1B8F8E4
:106960000430D8F800505E065FBFB5F8EC31B5F8DA
:10697000DE219B189BB248BF0023A5F8EC3195F8A7
:106980002C311BB92B7C073B012B06D8B5F84430C2
:10699000B5F8DE211344A5F8443095F84A1031B11A
:1069A000B5F84630B5F8DE211344A5F8463095F920
:1069B0005020002AC1BFB5F84E30B5F8DE011B18D3
:1069C000A5F84E3095F831306BB9B9F1000F40F0B1
:1069D000CF8298F80E30022B40F0868295F8A030D6
:1069E000062B18BF162395F8302022B9B04885F839
:1069F0003130FBF789FD2846FFF71CFEAD4B1B68C5
:106A00001BB1AD4A204611689847002384F84C30EA
:106A100007B0BDE8F04FF9F7AFBD580702D53A46C9
:106A20001321DEE6190706D596F8983086F8A030CF
:106A30003A460721D5E61A0602D500221B21D0E6E8
:106A400013F0300238D096F82F31002B60D196F831
:106A50002E31C3B1F37B292B06F1A80006F59771FF
:106A600006F2D22226D0B37BA3F129056B426B41FB
:106A7000FBF7ACF8336823F0200343F010033360D6
:106A8000002386F82E313368DA0641D506F1A800D6
:106A9000FBF7E7F818B106F25910FBF743F9B6F81F
:106AA0000A31A6F8A030B6F80E31A6F8A2300022BE
:106AB000152196E60123DBE713F0400101D02421E4
:106AC0008FE613F4807202D00A461E2189E6DB04A9
:106AD0001ED52C2185E6D8F80050EB7B182B36D03C
:106AE00011D8112B26D0162B28D0B37B002B72D1B6
:106AF000F37B103B102B76D996F83E30002B72D0EA
:106B0000012212216DE6202BEFD13A46062113E037
:106B1000D8F80000C37B352B48D006D8262B4AD0A6
:106B20002F2BE2D10022202142E04E2BDDD100228A
:106B30003C213DE03A460B21284639E02846FBF748
:106B4000CBFE00283FF486AE00220421F4E795F83E
:106B5000C032012B07D13A4605212846FFF707F935
:106B600085F8C07276E695F8C032022BD9B27FF470
:106B700071AE95F8523053B1062385F8A0303A46ED
:106B80002846FFF7F4F8002385F8C032EAE7D8F882
:106B9000003040F20632A3F89A2095F8623013F0E4
:106BA000040F3A460CBF0D211121E9E70022112103
:106BB000FFF7DDF84EE690F83831022B02D10022C3
:106BC0001721F5E790F83831012B8ED190F8393143
:106BD000002BF4D089E7092B05D196F8993086F877
:106BE000A030012225E7BAF1100F7FF633AED8F8B6
:106BF000005095F80EA0BAF1000F40F0C48095F84F
:106C00003F313BB101220E212846FFF7B0F885F84D
:106C10003FA1A7E795F83E3183B195F853A01AF04C
:106C2000030B0BD101220C2128464AF0010AFFF781
:106C30009EF885F853A085F83EB193E795F840316A
:106C400073B195F86930DB0902D001222B2173E77B
:106C50001A4B1B68002B00F096801548984792E06D
:106C600095F82E3183B395F82F316BBBEB7B292B35
:106C700005F1A80005F5977105F2D22222D0AB7B71
:106C8000A3F1290673427341FAF7A0FF002385F8A8
:106C90002E31012214212846FFF769F8B5F80A3190
:106CA000A5F8A030B5F80E31A5F8A230D2E500BFA6
:106CB000B4EF03208CF50320E0990320ACF503200A
:106CC0009CF503200123DFE795F83831012B6ED1C5
:106CD00095F83931002B6AD1E87BA0F12403072B0A
:106CE00065D995F820114B1EDBB2032B09D895F816
:106CF0002121DFF898C2013AD2B2032A1CF803E03E
:106D000004D94FF43F710620F3F718FEBEF1020FCD
:106D100095F83A3114D0BEF1030F13D0BEF1010F34
:106D200004D1012B14BF002301236BB9A0F1470349
:106D3000012B28D90A38042825D901221621FBE67F
:106D4000022BEFE7042BF1D11CF8022095F83B3120
:106D5000022A24D0032A24D0012AE7D1012B14BF10
:106D600000230123002BE1D0EB88B5F83C0105F5A9
:106D70003472F9F77FFA8246B0B901467F48F9F7D5
:106D8000B5F985F838A1B37B002B7FF463AD96F895
:106D9000C432002B3FF45EAD0122FF2121E5022B1E
:106DA000DDE7042BE0D0C1E72C23AB7352E595F867
:106DB000423113B101222221BEE695F8413143B19F
:106DC0006F4B6E481B689847FE280146DBD00122B6
:106DD000B2E695F84A3113B101221D21ACE695F8CF
:106DE0004B3113B101222621A6E695F8CC3213B11E
:106DF00001223E21A0E695F84C319BB1D8F8003035
:106E00001021B3F8AA00F4F7EBFC03699B0706D541
:106E10005C4B5A481B68984701223B218CE65A4B31
:106E20001B681AE795F84E314BB195F8393133B9F3
:106E3000EB7B243B072B02D9012223217CE695F82A
:106E40004D31012B05D1002385F84D31012225213B
:106E500072E695F84D31022B95D1F4E7F6F724F858
:106E600008B1A4F8E051F6F73DF800283FF402AD70
:106E700094F8E6310133DBB2022B84F8E63182BFAD
:106E80000023A4F8E03184F8E631F3E494F83E30CE
:106E900013B1A37B0F2B20D1B4F84250B4F840308B
:106EA0000135ED1A2046B100A5EB8605FEF78DFFF2
:106EB000A8B1A36B626B01339B1A5B1A9D42A8BFFA
:106EC0001D46BAF1000F05D0BAF80E30043B9D42C2
:106ED000B8BF1D46012D3FF7E4AC0125E2E42B4687
:106EE000ECE74FF0010BF7E4012B08D16B7C002B92
:106EF0007FF479AD00212846FDF718F97EE55FB1F2
:106F0000F80633D4390733D4BA0633D4BB0733D1A8
:106F10004FF431613120F7E639B1B5F84610B5F8D4
:106F20004830994201D322235DE5002A05DDB5F8FA
:106F30004E20B5F848309A42F5D2B5F84420B5F85D
:106F400042309A4209D2AA7CB5F8403052B1B5F825
:106F500042209A42CED8082345E595F82C31002BE3
:106F6000E1D1F0E7052BC5D93E233CE51E233AE5E8
:106F70003D2338E5232336E52A2334E5B4EF032007
:106F80006CF50320B8F50320C0F5032088590400F0
:106F900038B504460846E37B162B09D0A3F1180246
:106FA0005342534194F8C02222B10C25284638BDE3
:106FB0000123F7E7002BF8D094F8F03203F0FF0537
:106FC000002BF2D190B194F8FE3123B940F66C3128
:106FD0003120F3F7B3FC052304F1800204F5F771C7
:106FE00005F032FA012384F8C032DFE70223FAE722
:106FF00073B504460190D4F8C830D0F8D80298424E
:1070000014D1D4F8DC62D4F8D030F61A18BF0126B7
:1070100094F8E432002B3FD0B4F8AA0000F0E0F876
:1070200030B940F668513120F3F788FC0126EFE7CC
:10703000B4F8E022B4F8DE309A421AD1B4F8E23261
:1070400082899B1A18BF0123A57B472D15D0E27BAF
:10705000472A10D00025B4F8DE22D4F8D81201A8AF
:10706000F9F73CFF95B30023A3730323A37402B085
:1070700070BD0123E8E73343ECD0154B1B6813B90F
:1070800040F67351CFE7A5F1470255424FF000019A
:1070900001A855419847DEE7002EDBD0B4F8AA30AE
:1070A00094F82911A4F8A131F9F7C3FEB4F8DC3241
:1070B000A4F8A531B4F8DE32A4F8A3010549A4F878
:1070C000A73104F29710FAF7F9FCC3E7E573CCE7B0
:1070D000A8F503208F26030008B5FAF7EFFF024B4F
:1070E000024A1A6008BD00BF70F50320A95C0300C6
:1070F000FAF7F8BF10B50446FCF752F8226A236C81
:107100009A4228BF1A4600F59F711046FAF794FE7E
:10711000B0F5296F28BF4FF4296080B210BD70B55B
:107120000D4604210646F4F75BFB044648B90621E8
:107130003046F4F755FB20B115B190F8E53003B9AE
:107140000446204670BDD4D4014B1874704700BF6C
:1071500060F0032007B57F230DF107008DF807309D
:1071600001F0ECF803469DF9070053B1094B5B7839
:107170005B4240FA83F0142806DC10F17F0F05DB38
:1071800040B203B05DF804FB1420FAE76FF07E0014
:10719000F7E700BFCEF00320024B00221A705A70AE
:1071A000704700BFCEF003201D2310B503700446C6
:1071B000F8F7ACFE6070022010BD1E2310B50370FE
:1071C0000446F8F7A3FE6070022010BD012343803F
:1071D000038000238380C3804FF44863038170479A
:1071E0000E21F4F7FDBA73B501A90546F9F744FE7F
:1071F000044618B121215420F3F7A0FB2846019E34
:10720000FFF7EEFF30B10123A6F8DE308481448120
:107210000482C48102B070BD3C2303804FF4FA4362
:1072200043800123C38083800023038143814FF483
:10723000486383817047D4D4014B1870704700BFF6
:10724000D0F0032008B500F04BFB00F0CDF800F0C3
:1072500005F8BDE8084001F07DBBD4D4034B002104
:107260004FF480521970A3F801207047D4F0032026
:1072700070B50646022014460D4600F0C3F8064BD2
:1072800001221A70054B033CC3F81045C3F808658A
:10729000C3F8045570BD00BFD4F0032000F00040D7
:1072A00008B5022000F0AEF809480A4B0A494FF031
:1072B000010C80F800C000224FF40000C3F8002148
:1072C000C3F80421C3F80821C1F8040508BD00BFB4
:1072D000D4F0032000F0004000F00140114B1A7878
:1072E0006AB1114A11494FF40000C2F80805D1F8FB
:1072F00000213AB91021002099705A7018700020AE
:1073000000F080B8D1F80421002AF3D0D1F8082188
:1073100022B9D1F800140122C9B2ECE710210022F1
:10732000E9E700BFD4F0032000F0014000F0004086
:1073300008B5114B1A7892B1104AC823D2F800113F
:1073400041B1D2F8040120B1D2F80801B0FA80F0BE
:10735000400908BD013B13F0FF03EFD102E058786C
:10736000022804D10620FAF773FB002008BD431E53
:107370005842584108BD00BFD4F0032000F000403F
:107380000A4B1A787AB10A4BD3F800214AB1D3F8E4
:10739000042132B1D3F808211AB9D3F80004C0B2DD
:1073A0007047102070479878704700BFD4F00320D2
:1073B00000F0004008B50A4BD3F80025032A04BFAB
:1073C00001229A600022C3F80025C3F8002501F0CD
:1073D000E9FB044B4FF40002C3F8082508BD00BFC9
:1073E00000F0004000F00140054B4FF40042C3F8AC
:1073F0008020BFF34F8FBFF36F8FFFF7DBBF00BF5E
:1074000000E100E010B50446FFF7D4FF012C06D0E0
:10741000022C0CD054B18C213D20F3F78FFA0B4B8A
:107420000222C3F800250A4AC3F8142510BD074BF1
:107430000322C3F80025064AC3F8142503F5803358
:107440004FF40002C3F80425F0E700BF00F000404D
:10745000D7F00320EFF3108272B60F4B93F845106C
:1074600011B9C2B962B670475B78012B10D0022BFC
:10747000F7D18307F5D40948094B10B40121002442
:10748000C0F84045196102B962B65DF8044B704717
:107490004107E6D4EFE77047E8F1032000800040A1
:1074A0000010004010B504463948631E0472072BD3
:1074B00068D8DFE803F0494E5358675D6204354BE6
:1074C0000F22C3F810258389B3F5166F3ABFA3F6D0
:1074D000381343F48072A3F516622E4B01F07F013E
:1074E000C3F808250022C3F85415C3F81C21D3F8AB
:1074F0000022082C42F488724FF0FF0180F82F1010
:10750000C3F800220ABF40F2022140F20311224ACE
:10751000C3F8341518BF40F25B62C3F838251F4822
:10752000214601F059FC204601F0F6F91C4B1B687E
:10753000062B08D0013306D0164AD2F8683543F43A
:10754000C023C2F8683510BD124B0322C3F81025C2
:10755000B9E7104B0422C3F81025B4E70D4B052200
:10756000C3F81025AFE70B4B0622C3F81025AAE796
:10757000084B0022C3F81025A5E7064B0122C3F8EB
:107580001025A0E740F645513E20F3F7D7F900BF9C
:10759000E8F10320001000402110010015F2032043
:1075A00078F7032030B5364C431E83B02072072B8A
:1075B0005CD8DFE803F03D42474C5B515604314B49
:1075C0000F22C3F81025A3892E4DB3F5166F3ABFCD
:1075D000A3F6381343F48073A3F51663C5F8083592
:1075E00001F07F03C5F8543594F9092001AB01F08F
:1075F00027FD9DF8050005F0CDFA00283BD19DF947
:1076000004001F4901F0FEF8237A1D48082B07BF2C
:107610001D4B40F2022240F2031240F25B63C5F8B8
:107620003425C5F8383503B0BDE8304001F07ABBE9
:10763000144B0322C3F81025C5E7124B0422C3F8EC
:107640001025C0E70F4B0522C3F81025BBE70D4BF3
:107650000622C3F81025B6E70A4B0022C3F810250E
:10766000B1E7084B0122C3F81025ACE740F64551BD
:107670003E20F3F763F940F2E3513E20F3F75EF961
:10768000E8F1032000100040211001002DE9F04333
:10769000061E83B014BF0220042000230F4690462C
:1076A0008DF804008DF8063002F066FB01284FF0DB
:1076B000FF3088BF00208DF8050001A805F002FA10
:1076C000002840F0E0807A4D012385F8453002F033
:1076D00013FA04460028FAD0764B4FF40022C3F880
:1076E0000825002E41D195F82A304FF0010985F880
:1076F0000190002B54D095F82C30002B5BD16E4BB1
:107700006E4A33F818106E4B01F5FA71A3FB013184
:10771000684BA7EB9111C3F8AC252B6A694A6A4FF5
:1077200095F82B0043F400232B622B691944614B1D
:10773000C2F84015C3F8A875012785F82A704FF4E0
:107740000027C3F80475002854D095F82C000028B1
:1077500043D05E48C3F8AC05D2F84031002B49D085
:107760000024204603B0BDE8F083012E40F0908055
:1077700095F82A3002226A70002B6AD095F82C30D6
:1077800023B34E4B0022C3F81C21D3F8002242F44D
:107790008872C3F80022FF23394685F82F30BCE7F2
:1077A000A97A4046FFF7FEFE95F82C30002BA6D0B4
:1077B000424BC3F80090464B33F81810404B01F58C
:1077C000FA71A3FB0131A7EB9111A6E7394B414AAE
:1077D000C3F8AC25A7F129019FE7384BD3F8002265
:1077E00042F00102C3F80022D3F8503503F0F6034B
:1077F000022BB5D0334B0122DA64D3F84C358B42DF
:10780000AEDAEB89952B0BD9002E2DD0324B2931D6
:10781000D9601846314905F0ABF9431C012B41D81A
:1078200001A805F05BF9002837D16B789DF804209A
:10783000012B0BD0022B94D1930792D421491F4BDB
:1078400000200122C1F840051A618AE7520788D456
:10785000F4E7A97A4046FFF725FE95F82C30002B77
:10786000B4D0164B5E608CE71B4B2831D9601846AC
:107870001A4905F077F9431C012BD1D940F2C261B6
:107880003E20F3F75BF840F65C313E20F3F756F804
:1078900040F634013E20F3F751F840F69F313E2088
:1078A000F3F74CF840F2CC613E20F3F747F800BF05
:1078B000E8F1032000F00140905A0400001000405D
:1078C000D34D62100080004040810040081000400D
:1078D000A45A040004100040EC990320E459040069
:1078E000482210B50021174804F0BEFF164801F0E9
:1078F00041FA164B1A68102A13D80123934013F447
:10790000A2341BD113F4045F0BD011484022FF2195
:1079100004F0AAFF4FF08043C3F8084EC3F8104E9E
:1079200010BD0B483822FF2104F09EFF4FF080432A
:107930000022C3F8082EC3F8102E10BD04482422DC
:10794000F1E700BFE8F1032015F2032078F70320E8
:10795000000E0040014BD881704700BFE8F10320C2
:10796000024B012283F82C20704700BFE8F103206E
:10797000024B0344187E00F516607047E45904007A
:10798000014B187F704700BFE8F10320024B986954
:107990001B69C01A704700BFE8F1032010B50D4AFB
:1079A0000D4B117F5469126903EB8103A41A186C03
:1079B0000A4B0B4A53F8213003F2F313A2FB0323C3
:1079C000241AA4EB931402F0D5F9201841F1000118
:1079D00010BD00BFE8F10320E45904007C5A040004
:1079E000D34D6210FF2808B531D81B4B01391885DB
:1079F000072922D8DFE801F0041D16162104041A15
:107A0000164A4FF44031164B084340F00070C3F85B
:107A10001425C3F81805D3F8503503F0F703032BEA
:107A200010D008BD0F4A4FF44031ECE70E4A002158
:107A3000E9E70E4A4FF44031E5E74FF44F713E203D
:107A4000F2F77CFF40F256313E20F2F777FF40F22A
:107A5000CB213E20F2F772FFE8F10320080110006D
:107A600000100040080190630800000608011001A2
:107A70001E4AD2F8003223F0020343F4801310B5FB
:107A8000C2F800321A4C1B4BC4F8A03503F5DE4394
:107A90001C33C4F8A4354FF48023C4F804350378AC
:107AA000032B1DD14378144C0129D2F814156068BA
:107AB00003F03F0321F4702143F40C3340F0030042
:107AC00043F4207308BF41F400216060C2F814152C
:107AD000C2F80009C2F81039012384F8443010BDFF
:107AE00040F2AB313E20F2F729FF00BF001000400A
:107AF00000F001402C110040E8F103200B4B1B6803
:107B0000062B02D0013300D07047094B1B68063B9F
:107B10000833F9D9074AD2F8743723F0807323F079
:107B2000010343F08073C2F87437704778F703207D
:107B30007CF7032000100040224B2DE9F041022782
:107B4000C3F88070BFF34F8FBFF36F8F01F0CCFF8E
:107B5000044602F00FF91C4D001B1C4C00264FF090
:107B600001082061C5F8FC6FC5F8FC8F01F07CF8B6
:107B7000174AC5F83085107C40F20122C5F850261E
:107B8000C5F8007205F02EF8124A1349A683A661C3
:107B9000668584F82C6084F84460C2F80415D5F832
:107BA0000019084B6160A26CC3F880719621E181D5
:107BB0001021C5F804131F6002B19047BDE8F041E1
:107BC00004F0C4BF00E100E000100040E8F1032031
:107BD000EC99032000F001400000020C014B5872A8
:107BE000704700BFE8F10320034B020E0002C3F808
:107BF0002425C3F81C05704700100040044B054ABB
:107C0000034490721B7E03F516639381704700BF97
:107C1000E4590400E8F10320F0B5674C94F82B30E8
:107C200083B0002B00F0B380002814BF022204228E
:107C3000002305460F468DF804208DF8063002F02B
:107C40009BF801284FF0FF3088BF00208DF8050019
:107C500001A804F037FF002840F09480574A84F8C8
:107C60002C00012384F8453084F82A30D2F8003201
:107C700043F00103C2F8003201F03EFF0028FBD0C0
:107C8000002D58D0012D0AD04D4BD3F84C65E38917
:107C9000952B21D94FF4DA613E20F2F74FFE0223F3
:107CA000A17A63703846FFF7FDFB6378022B7DD124
:107CB000434B424ADD645560D3F84C65E389952B0C
:107CC0000AD9404A404906F129031046D36004F01E
:107CD0004FFF0130012864D801A804F0FFFE0028FE
:107CE0005AD163789DF80420012B1DD0022B08D1B6
:107CF000930706D4324A314B0021C2F840150122C5
:107D00001A612369F61A1DB106F1290003B0F0BD0E
:107D10002E4B2F4A33F8173003F5FA73A2FB0323D7
:107D200006EB931003B0F0BD5207E3D52369F61AB2
:107D3000002DE9D1ECE70123A17A63703846FFF703
:107D400031FC6378012B18D11D4A1C49D3640B60A8
:107D5000E389D2F84C65952BBED91A4A1A4906F127
:107D600028031046D36004F0FDFE01300128B3D98A
:107D700040F2C2613E20F2F7E1FD4FF4E9613E209E
:107D8000F2F7DCFD40F65C313E20F2F7D7FD40F221
:107D900006713E20F2F7D2FD40F69F313E20F2F709
:107DA000CDFD40F2CC613E20F2F7C8FD40F25171AA
:107DB0003E20F2F7C3FD00BFE8F1032000100040B1
:107DC00000800040EC990320E4590400905A04001C
:107DD000D34D621008B5FFF759FC00B108BD054B43
:107DE00005490122C1F840051A610220BDE808409A
:107DF000F9F72EBE0010004000800040F8B51D4D80
:107E00006B7F8BB304461646084654B1012C1BD039
:107E1000002029693246411A2046FFF737FC40B15D
:107E2000F8BD012BAF69297F16D000F0F3FC384470
:107E3000EFE7114B11490122C1F840051A610220F8
:107E4000BDE8F840F9F704BE012BAF69297F07D0E0
:107E500000F014FD3844DCE700F0FEFC3844D8E7BD
:107E600000F0E6FC3844D4E740F6C1013E20F2F7CA
:107E700065FD00BFE8F103200010004000800040D5
:107E8000F0B5474A474F484C484ED2F804530221B8
:107E90004FF0FF3083B00023C2F80803C7F8801109
:107EA000C2F800124FF46021C6F84035C4F8081536
:107EB000D2F850153E4CC9B205F01005638584F820
:107EC0002C30002938D1E389952B04D96378012B14
:107ED0005CD0022B50D0324E36480027C6F81071C5
:107EE000394600F04BFF94F844302780EBB1D6F8C8
:107EF00000322D4A84F8447023F4801343F00203C7
:107F0000C6F800324FF48023C2F80835D6F814259D
:107F1000636822F47022C6F8142523F00303264A6E
:107F20006360C6F80039C6F810291DB11C4B102239
:107F3000C3F8042303B0F0BD01218DF80700C2F897
:107F4000103111619DF807304BB90CE09DF80730F6
:107F5000013BDBB28DF807309DF807301BB1D2F83A
:107F60001031002BF2D09DF80730002BABD140F63A
:107F7000FF013E20F2F7E2FC04F006FE013001288A
:107F8000A9D940F617113E20F2F7D8FC04F0F6FD0F
:107F9000013001289FD940F611113E20F2F7CEFCA6
:107FA0000010004000E100E000F0014000800040CF
:107FB000E8F1032015F2032080320200264B10B5B1
:107FC0000022264CC3F84825C3F84425C3F84025B1
:107FD000C3F84C25FFF754FF04F0BEFD94F845307C
:107FE00023B104F075FD68BB84F84500002004F05F
:107FF0007BFD60BB226A1A49174B42F0446242F48F
:108000000032C1F80825174AE07002212062C3F847
:1080100048056061C3F84405A061C3F84005C3F892
:108020004C05C3F84801C3F84401C3F84001C3F844
:108030004C01C2F88010BFF34F8FBFF36F8FC2F8AF
:10804000801110BD40F2AE413E20F2F777FC40F2C5
:10805000B1413E20F2F772FC00800040E8F10320BD
:1080600000F0014000E100E0F8B52B4C2378B3B1FB
:1080700088B9667FE0895F1E18BF0127002E46D0B1
:10808000012BA569217F13D0012EA2783BD000F0EF
:10809000F5FB411911E0BDE8F840FFF7F1BE94F897
:1080A0002C206370E3701AB31C4AC2F84031F8BD4B
:1080B000012E21D000F0AEFB4119206994F82C303C
:1080C0000022091A2280DBB1144BC3F84021A278A8
:1080D0003846FFF7DBFA0028E9D1114B0F4901229E
:1080E000C1F840051A610220BDE8F840F9F7B0BCBC
:1080F000628584F82C20F8BD00F0AEFB4119DCE766
:1081000084F82A30E3E700F093FB4119D5E740F605
:10811000C1013E20F2F712FCE8F10320008000408C
:1081200000100040014BC3F83C05704700100040B0
:1081300010B50446074804F0D7FC28B994E80F00AE
:10814000054C84E80F0010BD40F668113E20F2F7A0
:10815000F5FB00BF5574030034F20320174B184A97
:1081600093F82A10C2F804054FF0010C83F82BC0D5
:10817000586209B393F82C3093B102F5F0321149EB
:10818000114BC2F8AC15D3F84031ABB10E490C4BD2
:1081900000200122C1F8400503201A61F9F758BCFC
:1081A000D2F8003243F00103C2F80032D2F8503561
:1081B00003F0F603022BE9D0704700BFE8F103207B
:1081C00000100040081000400080004038B5174BF8
:1081D00019699A69084482421DD215490124DC704C
:1081E0004C64D1F844250532824205D3114BD3F8B3
:1081F000042102B91C6138BD1A6A0F4C0025C1F870
:10820000445142F48002C1F844054FF480011A62DF
:10821000C4F8041538BD0220F9F71AFC0449054BCF
:1082200000200122C1F840051A6138BDE8F10320A1
:10823000008000400010004000F0014038B51F4CA5
:1082400094F81DC0217F227ABCF1010F0346E0891A
:1082500023D000F041FBA3691844834223D2184A7B
:108260000121E1705164D2F844350533984205D8B4
:10827000144BD3F8042102B9196138BD236A12499D
:108280000025C2F8445143F48003C2F844054FF47A
:1082900080022362C1F8042538BD00F0FFFAA3690B
:1082A00018448342DBD30220F9F7D2FB0449054B83
:1082B00000200122C1F840051A6138BDE8F1032011
:1082C000008000400010004000F00140C30003F1B6
:1082D000804303F5F83310B4084A094CC3F810255D
:1082E000012202FA00F0226AC3F81415054B02437A
:1082F00022625DF8044BC3F8040570470411004086
:10830000E8F1032000F00140044BC3F86005D3F806
:10831000002242F04002C3F80022704700100040E3
:10832000054BD3F80022002122F04002C3F80022BE
:10833000C3F86015704700BF001000400F4AD2F824
:108340001C314BB90E4A92F82F20FF2A17BF524218
:108350001846027001207047D2F8483503F07F03B9
:1083600000215B4282B00370C2F81C11D2F81C31AC
:108370000193019B012002B0704700BF0010004034
:10838000E8F1032030B5304C83B094F82C30A17064
:1083900020BB0122227023B3237A99424ED12B4D68
:1083A00094F90920D5F8003243F00403C5F80032EF
:1083B000084601ABA17A00F043FE9DF8050004F0E9
:1083C000E9FB002835D19DF90400214600F01AFA96
:1083D000204603B0BDE8304000F0A4BC0222227069
:1083E0000BB903B030BD237A8B4227D1174A01283D
:1083F000D2F8003218D143F00803C2F80032144812
:1084000000F0EAFC207A00F087FA124B1B68062B7A
:10841000E7D00133E5D00D4AD2F8683543F4C023E4
:10842000C2F8683503B030BD43F00403C2F800322F
:10843000E5E740F2E3513E20F2F780FA40F6C7212B
:108440003E20F2F77BFA00BFE8F103200010004065
:1084500015F2032078F7032010B5244C94F82C3043
:1084600082B0002B3AD0224A94F808C0D2F80032E9
:1084700001281BD043F00403C2F80032D0B994F9AC
:108480000920A17A01AB604600F0DAFD9DF80500F5
:1084900004F080FB20BB9DF90400214600F0B2F9F6
:1084A000204602B0BDE8104000F03CBC43F0080399
:1084B000C2F800320F48614600F08EFC207A00F0CE
:1084C0002BFA0D4B1B68062B08D0013306D0084A47
:1084D000D2F8683543F4C023C2F8683502B010BD45
:1084E00040F2E3513E20F2F729FA00BFE8F1032001
:1084F0000010004015F2032078F70320054B064AD0
:108500000021C3F84015D2F85035DBB20BB101237E
:10851000136170470080004000100040034B93ED52
:108520000E7B1B6C80ED007B0B607047E8F1032035
:108530002DE9F04101F0DCFAA44BA54C0122DA64EC
:10854000D3F84C352364C4E90E0104F1200104F191
:108550002D0000F07FFC08B1BDE8F081E389952B88
:10856000054606D96378012B00F0A780022B00F0A6
:10857000AF809848236AC0F808350021964BC0F8B0
:10858000AC152162D3F8002284F82B1022F48E72ED
:1085900022F00102C3F8002294F84420E2B1D3F89B
:1085A000002284F8441022F4801242F00202C3F840
:1085B00000224FF48022C0F80825D3F81415626811
:1085C00021F4702122F00302C3F814156260C3F88D
:1085D0000029824AC3F810297C4A6778D2F84815E6
:1085E000A1616777D2F844157B4B61610026022FA9
:1085F000D3F80C01D3F81011C3F80061C3F80C6173
:10860000C3F81061C3F80461C3F80861C3F86C6172
:108610000CD0012F3FD000299ED02378002B62D0B0
:10862000FFF72EFCA36DBDE8F0411847E37813B1C6
:10863000D2F8443133BB002868D100298CD023788C
:10864000002BEDD194F82C306070E070002B00F01E
:10865000AB805E4BC3F84001E4E71A0705D013F086
:10866000F00F02D013F4706F5BD15B49C3F3044287
:10867000012AD1F8541454D1012952D0C3F34253E2
:10868000022B4ED82378002B36D0FFF7F9FBE36C92
:10869000BDE8F0411847237A237700285FD10029ED
:1086A0003FF45AAF2378002B6AD0FFF7E9FB002193
:1086B000636D0846BDE8F041184704F05FFA0130E9
:1086C00001287FF656AF40F611113E20F2F736F939
:1086D00004F05AFA013001287FF64BAF40F617112B
:1086E0003E20F2F72BF994F82C106370E370002908
:1086F0003ED0C2F8403195E794F82C206370E370C7
:10870000002A39D0314AC2F84031C0E7344B1B68E7
:10871000062B06D0013304D02F4BD3F85034D901A7
:108720009BD4237A268D002B4BD0DA1E012A2FD919
:10873000012700202377FFF797FC274BD3F800048D
:1087400010F0010006D0636A5B78B3428CBF002052
:1087500007F00100236D2946BDE8F0411847304677
:10876000FFF782FC636D39463046BDE8F04118479B
:10877000618584F82C1055E7628584F82C2086E703
:1087800094F82C106370E37091B1C2F840318EE719
:10879000114BD3F8143413F006030DD0022B0ED076
:1087A000002701250323C4E7608584F82C0039E7FE
:1087B000618584F82C107AE703230127B9E70423A5
:1087C000B6E740F24D213E20F2F7B8F800800040B5
:1087D000E8F1032000F00140001000408032020068
:1087E00078F70320024B03EB8003186C704700BF3F
:1087F000E4590400024B03EB8003586D704700BF3F
:10880000E4590400024BC0B2C3F80C05704700BF26
:108810000010004010B504460846FFF7EBFF034A7E
:10882000A2FB0020A4EB901010BD00BFD34D62103E
:10883000074A4FF47A7332F9112003FB00F000F27B
:10884000E730044B1044A3FB003080090238704726
:10885000685A0400D34D6210064B074A33F91110D1
:108860004FF47A7300FB03300844A2FB0020800918
:10887000704700BF685A0400D34D621010B504461B
:108880000846FFF7B7FF044A00F2E733023CA2FBB9
:108890000320A4EB901010BDD34D621038B50C4CE2
:1088A00034F9111004EB82041D4664690C4404F68B
:1088B000B7344FF47A7101FB004406491046A1FB1E
:1088C0000414FFF78FFFA40905352544284438BD5B
:1088D000685A0400D34D621038B505460846144660
:1088E000FFF788FF0A4B03EB8403024620465C69CE
:1088F000084B4FF47A7104F6B73401FB0544A41A0F
:10890000A3FB0434FFF76EFFA4090530204438BDF3
:10891000685A0400D34D62100C4B1B68082B00D022
:1089200070470B4A0338D2F84037012823F0004340
:1089300002D9C2F84037704723F47F4343F0004325
:1089400043F44443C2F84037704700BF78F7032030
:1089500000100040024B00221A705A709A70704743
:1089600044F203202DE9F04F83B005469DF83CA06A
:108970009DF830909DF84080494C1E460120BDF87E
:10898000383001938B461746FEF73CFD05F0030394
:10899000DFF820E184F803A043EA0A4343F0807340
:1089A000CEF80435DBF80410DBF80820DBF80C30D7
:1089B000DBF8000004F1040BDC46ACE80F00C4E96E
:1089C00005760D9B84F81C90364A19685B68CEF8D2
:1089D00008B5C4F821301368C4F81D10062B08D060
:1089E000013306D0DEF81835019961F30703CEF89C
:1089F00018352D4B2D49C3F8081515F0FB0F16D06F
:108A0000B8F1020F47D813680D2B1DD1284A294B06
:108A100012F80820C3F82025012D1FD00123022DB4
:108A2000637084F8255023D903B0BDE8F08F224944
:108A3000C3F89815B8F1020FA1F1FC01C3F89C1519
:108A400029D813680D2B1FD0102BDFD0B8F1000FE1
:108A5000E2D04FF4BF713C20F1F770FF124B174981
:108A6000174AC3F8981584F82550C3F89C256570FB
:108A7000104B012200212270C3F80011C3F800122C
:108A80001A6003B0BDE8F08F094A0A4B12F80820BB
:108A9000C3F82025C2E74FF4BA713C20F1F74EFF2E
:108AA00044F2032078F7032000F0014000000202A6
:108AB000B85A040000F0004000F10040501100409E
:108AC0000CF000401A4A537870B563B3194BC3F8E1
:108AD0000C15C3F8100592F8255001249470B5B90F
:108AE0001278E2B1144AC3F804514FF40035C2F8C9
:108AF0000455D3F8006116B15C60C2F808550B78D4
:108B000003704B78043343708B78837070BD002101
:108B10001470C3F80411C3F800421C6070BD9721A3
:108B20003C20F1F70BFF4FF4D5713C20F1F706FF25
:108B300044F2032000F0004000F0014008B5144B5F
:108B40005A7802B3134AC2F80C151978C2F8100506
:108B50004FF0010C83F802C089B10021C2F8041162
:108B6000DB78023B012B05D80B480323C0F85011DA
:108B7000C2F81C35094B0A4AC3F8042508BDBA21BE
:108B80003C20F1F7DBFE4FF4DF713C20F1F7D6FE1D
:108B900044F2032000F000400010004000F00140CB
:108BA000000002020A4B1A786AB10A490A48C1F861
:108BB00008050022C1F89825C1F89C25C1F8982520
:108BC000C1F89C251A7000225A709A70704700BF35
:108BD00044F2032000F0014000000202F8B51B4BF4
:108BE0001B786BB31A4CD4F8043113BB194B022217
:108BF000C4F804231F691A6942F010021A61D4F8FC
:108C0000043107F0100753B9134E4FF40045C6F86E
:108C1000805103F03DFDD4F80431002BF7D027B983
:108C20000C4A136923F010031361094B0222C3F8A5
:108C30000823074BD3F80004003818BF0120F8BD03
:108C40004FF4F2713C20F1F779FE00BF44F20320AB
:108C500000F0004000ED00E000E100E0014B0122E7
:108C60009A60704700F000402A4A1368062B10B53E
:108C70001DD001331BD0284C284BC4F8783703F0A3
:108C80009BFF38B14FF08053D3F83033591C18BFD5
:108C9000C4F84C374FF010231B6E5A1C06D01E49E7
:108CA000D1F88C2563F31742C1F88C2510BD1C49FF
:108CB0000B68063B083320D91748D0F83C3723F01F
:108CC000004323F0FF0343F0004343F09603C0F852
:108CD0003C371368062B0DD10B68063B0833CAD905
:108CE0000D4AD2F8403723F47F4343F4B053C2F81F
:108CF0004037C0E70133EFD0BDE70748D0F83C3735
:108D000043F48063C0F83C371368062BD4D001339A
:108D1000D2D0B0E778F70320001000402C00008983
:108D20007CF70320104B1B68062B02D0013300D0C8
:108D300070470E4B1B68063B0833F9D9027A0C4B7F
:108D40000B49D3F88835022A4FF0805223F4FE43B2
:108D5000D2F820230CBFC2F30662C2F3062243EA14
:108D60000223C1F88835704778F703207CF7032089
:108D70000010004045F6FF7343807047D1B1154A9B
:108D8000D2F83C3723F0004323F0FF0343F00043C5
:108D900043F07D03C2F83C37D2F87C3723F0004320
:108DA00023F0700343F0004343F06003C2F87C37C4
:108DB00041707047074BD3F83C2722F00042C3F8BC
:108DC0003C27D3F87C2722F00042C3F87C2741706F
:108DD000704700BF001000401C4B1B68082B00D0E0
:108DE0007047033901290FD9194BD3F83C2722F0DA
:108DF0000042C3F83C27D3F87C27002122F0004230
:108E0000C3F87C2741707047114A0121C2F804134E
:108E1000D2F83C3723F0004323F0FF0343F0004334
:108E200043F07D03C2F83C37D2F87C3723F000438F
:108E300023F0700343F0004343F06003C2F87C3733
:108E40004170D16311640170704700BF78F703204F
:108E50000010004003460078002863D0F0B5744A43
:108E6000D2F80441D2F810512C4383B05BD1D2F830
:108E70000051002D66D0C2F8004101245461FF2446
:108E80000094009C2CB908E0009C013C0094009CDC
:108E90001CB1D2F81C41002CF6D0009A002A00F038
:108EA000C180634ADD78D2F8484504F07F04A542CA
:108EB000C0F08C805E4A9C7001230024C2F81C41E3
:108EC000C2F80833136493635A4B594C012280252E
:108ED000C4F804531A64D3F84025D3F8446502F566
:108EE0006A52183296424BD9D3F8402502F51C52EB
:108EF00010320025C3F8402504F5F034C3F8405182
:108F0000A3F5DF434C4AC4F8A8256C3BC4F8AC3544
:108F10004FF40023C4F804350B6843F400230B60BE
:108F200003B0F0BD704780244449C2F80843B5FA45
:108F300085F04FF400240022C1F8084540091A705A
:108F400003B0F0BDD2F848455F7804F07F049C7010
:108F5000C2F81C51DE7837BBA642D2F8742544D83B
:108F600094B20F2C02D9B2F5003F3ED3304B012210
:108F70001A649A632E4BD3F81C310193019BA3E72B
:108F80002E4900224FF40026C3F84025C3F84021A3
:108F9000C4F80853C1F80865C3F84021C4F8085361
:108FA000C1F80865CCE7A642E4D2D2F83C4724F0E9
:108FB0000044C2F83C47D2F87C4724F00044C2F891
:108FC0007C475D70012313649363D3E7D2F83C5769
:108FD00025F00045C2F83C57D2F87C5725F00045F3
:108FE000C2F87C5700225A7064E7114CD4F83C2731
:108FF00022F0004222F0FF0242F0004242F07D02E5
:10900000C4F83C27D4F87C2722F0004222F07002FA
:1090100042F0004242F06002C4F87C2701225A70FC
:109020002264A7E74FF4EE71AF20F1F787FC00BF91
:1090300000100040008000404081004000F00140EE
:109040002DE9F04F454C85B0054698460E4617462B
:1090500000F094F82378AB42814602D16378B342A2
:109060003CD0082D1BD18DF80F70BB464FF0040A81
:109070003046FEF77DFC00210346009152465846DB
:10908000414603F08DFDB8F8003025706670A3806E
:10909000A071A77084F8039005B0BDE8F08F05F1CA
:1090A000FF3ABAF1060F50D8DFE80AF0044235283B
:1090B0004F0404000DF10F033A463146002000F042
:1090C00063F8002846D19DF90FB0BAF1060F3CD8DD
:1090D000DFE80AF011382B1E3B11110094F9023021
:1090E000BB42BED1E3788342BBD1A38894F906008A
:1090F000A8F80030D0E74FF0000AB9E70DF10F03F0
:109100003A463146032000F03FF89DF90FB008BB06
:109110004FF0030AACE70DF10F033A463146022047
:1091200000F032F89DF90FB0A0B94FF0020A9FE7A6
:109130000DF10F033A463146012000F025F89DF964
:109140000FB038B94FF0010A92E740F2894106208A
:10915000F1F7F4FB4621A920F1F7F0FB049A032074
:10916000014B1860998070476CF20320024BD86065
:1091700019745A82704700BF98F20320014B187D82
:10918000704700BFC8F50320042810B511D883B17B
:1091900004280CBF10242824A1420AD2064C54F8FB
:1091A000200018B141568A42A8BF0A461A70002012
:1091B00010BD6FF01500FBE7C8F5032030B503467E
:1091C000114890F91C209A4219DD90F924209A4206
:1091D00017DA9A1A846AA05C0C4A15569D420DD083
:1091E0000E32002918BF01309442C0B206D129B115
:1091F000013BDBB2012B01D80130C0B230BD0D20E4
:10920000FCE70020FAE700BFC8F50320C65A0400B7
:1092100008B5054B93F91C30984203DAFFF7CEFFEF
:10922000024B1B56184608BDC8F50320C65A040059
:1092300008B5184B93F82C20FAB9012283F82C209A
:10924000154A1268A2F10800082803D81349014101
:10925000C90709D5911F092910D9013212D04FF43D
:10926000DF71742002F08AFF0D4A9A62D8221A62D6
:1092700083F8242008229A611A7708BD094A0A4116
:10928000D207ECD4084A9A62D8221A6283F82420C2
:109290000422F0E7C8F5032078F70320DEFEFFFF85
:1092A000015B0400EEFCFFFFD45A0400C0B208B515
:1092B00020B94FF0804301221A6008BD4D21B5202E
:1092C00002F05CFF10F0FF0008B508D14FF08043BA
:1092D00001225A60C3F80001034B187008BD7C21BD
:1092E000B52002F04BFF00BFF5F50320014B012232
:1092F0001A707047F5F5032008B548B94FF0804360
:10930000D3F8003113B9044B187808BD0120FCE7ED
:10931000C221B52002F032FFF5F503200020FFF74F
:10932000EBBF4FF08043D3F8080400F00100704712
:109330004FF08043D3F8140400F0010070474FF061
:109340008043D3F81C0400F0030070474FF08042C4
:10935000D2F81834D2F81824C3F3004302F0030201
:10936000824214BF002003F001007047044B1868CC
:10937000062818BFB0F1FF3F0CBF01200020704746
:1093800078F7032008B5094B1A680A2A02D1084B5E
:109390001B6823B1FFF7EAFF08B9082A04D14FF090
:1093A00080430222C3F8342C08BD00BF78F70320A5
:1093B0007CF70320014BD889704700BFF8F50320E4
:1093C000014B9889704700BFF8F5032010B5EFF303
:1093D000108472B6064B03441A7C0132D2B21A745E
:1093E0001B7C012B01D1FFF761FF04B962B610BDF0
:1093F000F8F503200020FFF7E9BFD4D410B5FFF73C
:10940000F9FFFFF78BFF4FF08044084940B1FFF7A9
:10941000B9FF0123236104238B740023CB7410BD97
:1094200003238B740123C4F80433F6E7F8F5032013
:1094300010B5EFF3108472B6094B03441A7C22B9BD
:1094400040F257216D2002F099FE1A7C013AD2B207
:109450001A741B7C0BB9FFF735FF04B962B610BD57
:10946000F8F503200020FFF7E3BF0020FFF744BF1B
:10947000024B987C003818BF01207047F8F5032094
:1094800073B51B4D6B7D63B9286A00F00300FFF7CD
:109490005DFF30B1EFF3108372B6AA7C1AB103B945
:1094A00062B602B070BD0122AA7403B962B64FF071
:1094B00080430822C3F808234FF42073ADF8063028
:1094C000BDF80640A4B2631E9BB2ADF80630002C76
:1094D000F6D14FF080460748C6F80C4102F0FAFF7B
:1094E00085F82540FFF78AFF0823C6F80433D8E73C
:1094F000F8F503201CF603202DE9F347484C237DA3
:10950000002B00F08A800323ADF804304FF0804335
:10951000D3F80051F5B9D3F80481B8F1000F09D0A0
:109520004FF080430022C3F804210222C3F808232D
:10953000FFF7A6FF94F825603A484FF08047F6B24F
:10954000D7F80C8102F0CAFF48B340F243316D20D6
:1095500002F014FE00258DF804500122D3F8048196
:10956000C3F808230DF10409271DA61C19F8010BE7
:1095700003280AD0337843B13B684FF0000A86F8DD
:1095800000A013B19847C7F800A06B1C022B07F18D
:10959000040706F101064FF00105E7D1BDE745B12B
:1095A000A37C032B05D10423A374FFF7EBFE012357
:1095B0003B61B8F1000F1FD04FF080430022C3F889
:1095C0000C21A37C042B02D040F26931BFE7164B7B
:1095D0001A680A2A02D1154B1B6823B1FFF7C6FE91
:1095E00008B9082A04D14FF080430022C3F8342C74
:1095F0000223A374FFF736FF4EB1002384F8253011
:10960000A37C022B01D1FFF7F9FEFFF72BFF0548E2
:1096100002B0BDE8F04702F070BF02B0BDE8F087CD
:10962000F8F503201CF6032078F703207CF70320CD
:1096300010B5054C206A00F00300FFF787FE0028F4
:10964000F8D0002010BD00BFF8F50320F8B505469E
:1096500050B10278042A07D8437842B9013B1F2B46
:1096600002D88378212B07D96FF0150075E0002B05
:10967000FAD18378002BF7D17B4B0127C3F8807098
:10968000BFF34F8FBFF36F8F4FF08046C3F88071E9
:10969000764C0B23C6F808330023C6F80031C6F811
:1096A0000431C6F80C3123746374AB88E381FFF78F
:1096B00038FE08B127702774D6F80C24D6F80C347D
:1096C000D20303D5DF0701D5FFF710FE4FF4AF63D8
:1096D000A3812B78A978637500222262A175E274B8
:1096E000042B4DD8DFE803F005033A484A00012374
:1096F0002362FFF71DFE00284DD0FFF720FE236AEE
:1097000003F00303984246D1AB79002B3DD1FFF71C
:109710008FFFA37D6BB12B785BB9FFF7FFFD05468B
:1097200002F09CFE6FF00043002D00F09980C4E928
:1097300006034FF08043D3F80C24D3F80C34D20343
:1097400003D5DB0701D5FFF7D1FD474A01230020F0
:10975000A0742375C2F880311360F8BDFFF74AFE8C
:109760004FF08043D3F80C14D3F80C24CE03F9D572
:10977000D007F7D50223BBE73D4BB9E73D4BB7E731
:1097800040F21E516D2002F0F9FC4FF0804302229E
:10979000C3F80423BDE74FF080430122DA600022C2
:1097A000C3F80421226AC3F81825334A1368A3F1C9
:1097B0000E01012904D90A2B02D0FFF7D7FD48B1C9
:1097C0004FF080534FF08041D3F84432C3F342331B
:1097D000C1F83C351368A3F10E02012A04D90A2B03
:1097E00002D0FFF7C3FD20B14FF080430122C3F840
:1097F0004C254FF0804301229A600222C3F80423D3
:10980000AA79002A85D1D3F80423910702D440F223
:10981000D141B7E7194A1669116941F01001116188
:10982000D3F8043106F010060BB902F033FF4FF005
:109830008047D7F8043183B1FFF7FAFE26B90F4A03
:10984000136923F0100313614FF080430222C3F821
:1098500008230022C3F804215BE702F019FFE8E7C0
:10986000C4E9063065E700BF00E100E0F8F5032039
:10987000010002000100030078F7032000ED00E082
:1098800010B50D4C04F1240002F028FE48B9A37C69
:10989000022B01D1FFF7B2FDBDE81040074802F0EE
:1098A0002CBE074A012384F82530BDE81040C2F8D9
:1098B0000031FFF79FBD00BFF8F503201CF6032021
:1098C00000E100E038B5164C20780023237508B974
:1098D000FFF7F8FCA37C042B0ED14FF0804500204D
:1098E000FFF734FD18B1D5F80C31002BF7D04FF04D
:1098F00080430022C3F80C2100232374A3746374F3
:10990000084B0122C3F88020BFF34F8FBFF36F8F46
:10991000C3F880214FF080430B22C3F8082338BDE1
:10992000F8F5032000E100E010B501B3F0B14FF00D
:10993000FF33104A1C46E0FB0134944203D9DB217B
:109940006F2002F01BFC1A0D42EA0432C3F30F1021
:10995000094B00EB02404FF22444B2FBF4F103FB4D
:109960001100B0FBF4F040EA0140013010BD0846A0
:10997000FCE700BF3F420F00000024F4014B9B684E
:10998000184700BF20F60320014BDB68184700BFD3
:1099900020F60320014B1B69184700BF20F6032067
:1099A000014B1B6A184700BF20F60320014BDB69FF
:1099B000184700BF20F60320034B1A790AB9FFF7B6
:1099C000F9BC988D704700BF20F60320034B1A792D
:1099D0000AB9FFF7F5BC988A704700BF20F603204C
:1099E000024B1B790BB9FFF74BBD704720F60320E4
:1099F000014B9B69184700BF20F6032010B5144C9B
:109A00002379A3B1636A9847002806DB94F82E30C7
:109A100023B1012384F83030002010BDFFF7E8FFA8
:109A20000028F6DA40F28D116F2002F0A7FB094BF7
:109A3000A361094BE361094B2362094BA360094B06
:109A4000E360094B2361FFF701FE0028E1D0E4E762
:109A500020F60320319603008198030071940300DF
:109A6000F5930300659403006B94030010B50A4C52
:109A700023795BB194F8303053B1A36A984700283A
:109A800006DA4FF4E2716F2002F078FBFFF71AFF5D
:109A9000002384F8303010BD20F6032008B50748B5
:109AA00001F04CF8054800F02FF801F099FA01F0A8
:109AB0007BFA00F039FB012008BD00BF54F60320FB
:109AC00008B501F01DF801F02FFB01F00BFBBDE81C
:109AD000084000F045BB00BF01F084BC103001F02D
:109AE0004DB800BF01F062B801F0B4BD01F07CBE1A
:109AF00001F08EBE01F072BD01F0F0BC08B5272167
:109B0000032002F03BFB00BF024B186000221A71D9
:109B10009A6070475CF6032070B582B01E4C2379C2
:109B2000012B11D0DAB2022A0BD1A0680DF1070186
:109B300000F02EFB0023A36023719DF8070002B004
:109B400070BD012002B070BDA0680DF1070100F0EA
:109B500015FBA5686B7DDB07ECD5AB7F042BE9D04B
:109B600001F068F806460028E4D001F069F82A6997
:109B7000B3682E686D68961945F1000500220A3316
:109B800042F100021B1842EB0102B342AA41D1D3B9
:109B9000A06800F09FFCCDE75CF60320837F0BB14B
:109BA0000020704710B50A684B688C68D1F80CC06B
:109BB000C0F80CC08460026043600A694B6943616D
:109BC000012402618477054B1A792AB998601C71C7
:109BD00000F0C6FF204610BDFFF790FF5CF60320A3
:109BE00070B5044682B00D4601F024F8A37F012B26
:109BF00017D02B686A68A9680646E868E060A1602B
:109C0000236062606A692B69626101222361A27725
:109C10000DF10701204600F0B1FA2EB1012002B08B
:109C200070BD002002B070BD024B0421186802F024
:109C30002FFBF3E75CF60320024B0621186802F0C5
:109C400027BB00BF5CF6032010B5084B1A7952B948
:109C50000446986002221A7100F082FFA07FB0FAD9
:109C600080F0400910BDFFF749FF00BF5CF60320FC
:109C700038B5837FC3B1044609E0A37F042B09D024
:109C8000A37F012B11D002F003FDA37F63B1A37F5B
:109C9000032BF2D1EFF3108572B6204600F0D6FA0E
:109CA00005B962B6A37F2BB938BD4FF4827103208A
:109CB00002F064FAFF21032002F060FA70B5054655
:109CC00000F0B8FF08B3044600F0BAFFA4680346EA
:109CD000E41841F1000628463346224600F08CFB8A
:109CE000A04271EB06034FF000050CD3001B6FF090
:109CF000010361EB0601834275EB010100D370BDE6
:109D00004FF0FF3070BD284670BD40F2291103208E
:109D100002F034FA2DE9F04104460F4600F08AFFC4
:109D200010B38568002362195B41064613B1002019
:109D3000BDE8F08100F084FF2A1841F100033846A5
:109D4000A51843F1000800F057FBA84271EB080189
:109D5000EDD301F047FB00F033FAB36837752344C5
:109D60000120B360BDE8F0814FF4A371032002F03D
:109D700005FA00BF00F064BF08B500F05BFF08B152
:109D8000007D08BD40F29B11032002F0F7F900BFEF
:109D9000F8B50369002B4ED1044601F023FB0546BC
:109DA0000E46FFF7F7FD78B3D4E90003643546F1BA
:109DB0000006A84273EB060223D3C4E90003EFF3C5
:109DC000108672B600F036FF054698B100F038FFF5
:109DD000AB6800220B3342F100021B1842EB010179
:109DE000D4E90002834271EB02053CBF03461146F1
:109DF000C4E9003106B962B62046BDE8F84000F07B
:109E000091BB28463346D8E7FFF7E0FD074600F050
:109E100025FFB8422168626838BF3846963546F15A
:109E20000006401946F10003884273EB02053CBF6F
:109E300008461346C1E74FF4D171032002F09EF9A2
:109E40001C4B1868A0B350E9063130B550F8104CDF
:109E500013F10A02036841F100011519A0F118007D
:109E600041F1000C1BB922E014D31B68FBB153E98C
:109E70000621AA4271EB0C0419D290F814E013F8F1
:109E8000044C7445F0D19C88B0F81CE0A4EB0E049F
:109E90002404EAD553F8100C0A3241F10001851868
:109EA000A3F118001B6841F1000C002BDFD130BD7D
:109EB000704700BF68F6032070B5264D00236B6025
:109EC000EFF3108172B6AA686A60AB60EB6009B903
:109ED00062B66A6872B3204C00269379032BA2F114
:109EE000180028D0136873B39A79042AA3F11803D1
:109EF0008446A6460FD1818B9A8B521A12049A6916
:109F000044BF0CF1180E184642B19C46A2F118034A
:109F10009A7F042AEFD09B7F032B16D1DEF8002016
:109F20001368CEF800300221C368867798476A68C4
:109F3000002AD2D170BD116852F80C3C967169604C
:109F400001219847F3E7A646EAE763219F2002F044
:109F500015F900BF68F603206CF603202DE9F04FD9
:109F60006F4B04681B68456883B08283427D064658
:109F7000894602F00102002B00F0CB80A3F1180CFF
:109F8000002A6ED0DCE90001844275EB0107644AC7
:109F90002FD39CF81420337D9A421BD8DCF808306C
:109FA0001B1841F1000113F10A0E41F1000774453D
:109FB00075EB070280F0A8803269121945F10000A4
:109FC000964577EB000801D2724638469A4288419E
:109FD000C0F08280DCF818300CF11802002B00F081
:109FE0009180A3F1180CDCE90001844275EB0107B4
:109FF000CFD21F466346B068001945F10008002B18
:10A0000044D0CDE90027CA46D3E9007110F10A0C0B
:10A0100048F10002674571EB020245D21A7D96F8BD
:10A0200014C0944519D39A68D21941F1000112F174
:10A030000A0941F1000E4C4575EB0E0745D2376910
:10A040003F1945F1000CB9457EEB0C0B01D24F4690
:10A05000F44697427CEB010C3DD39B6923B3183B3C
:10A06000D2E7DCE90001844275EB01012C4A0CD3F4
:10A07000DCF818300CF118023BB1A3F1180CDCE944
:10A080000001844275EB0101F2D21F46334643F8CA
:10A09000187F1360FFF7D4FE864210D0002389F8A2
:10A0A000003003B0BDE8F08FDDE900273346D1462C
:10A0B00043F8187F1360FFF7C3FE8642EED10123F9
:10A0C00089F8003003B0BDE8F08F2746AC469742D0
:10A0D0007CEB010CC1D2D146114A0423B3779168BD
:10A0E000002333767376B376F37606F118020C4BC1
:10A0F00069B1DB681A600B4B09491878CA6002F035
:10A100002FFACBE71F4676E7224628465EE79A609D
:10A11000F1E712B91746024AB8E7014A1F466AE753
:10A1200068F60320349A032010B50A4C2378FF2BDD
:10A130000AD1094802F0EAF9084B207000221A609F
:10A140009A60DA601A8210BD4FF48D719F2002F080
:10A1500015F800BF349A0320B99E030068F6032067
:10A1600010B5054C2078FF2800D110BD02F0E8F9A9
:10A17000FF23237010BD00BF349A0320034B1A8ABB
:10A1800002F1010CA3F810C0FFF7E8BE68F6032047
:10A1900038B504460D46FFF753FE0346E31AB3FAFB
:10A1A00083F35B0905482B7004F1180102F096F85F
:10A1B00010B10023A377012038BD00BF68F603204B
:10A1C0002DE9F0431F4E34686CB34FF0000835465C
:10A1D000C6464FF004092346246853F8187C53F808
:10A1E000082CD21953F8147C47F1000C82427CEB06
:10A1F000010C1AD22A6812682A6083F80690B268A5
:10A2000083F800E083F801E083F802E083F803E0DC
:10A210007AB1F2681360F3604FF00108002CDAD1D4
:10A22000B8F1000F07D1BDE8F0831D46002CD2D154
:10A23000F6E7B360EFE7044BBDE8F043187802F0AF
:10A240008FB900BF68F60320349A032070B5154E0D
:10A25000B368054600F11801BBB1B368002423B907
:10A2600013E01A681C4682B113469942F9D10CB129
:10A27000AA692260B268914204BF1B68B360F368A8
:10A2800099420AD00023AB7770BD074802F026F848
:10A290000028F9D00023AB77F6E70023F460AB7712
:10A2A000F2E700BF68F603206CF603202DE9F843BF
:10A2B000484E3468002C00F087804FF000080F46AD
:10A2C0000546B14641464FF0040E2346246853F834
:10A2D000180C53F8082C121853F8140C40F1000C09
:10A2E000AA427CEB070C69D2D9F800201268C9F8A1
:10A2F000002083F806E0B268197059709970D9701F
:10A30000002A5FD0F2681360F3604FF00108002C60
:10A31000DBD1B8F1000F03D02F4B187802F020F9F1
:10A320003368002B50D053E90612A94272EB0700A4
:10A3300053F8100C3CBF29463A46A3F1180C0A30DA
:10A340004FF000041B6844F10004091842EB0402BA
:10A350001BB92DE016D81B6853B353E90604884295
:10A3600074EB020E24D29CF8148013F804ECF04530
:10A37000F0D1B3F804E0BCF81C80AEEB080E1EF47C
:10A38000004FE8D0854277EB040E294638BF0146DE
:10A3900053F8100C3A46A3F1180C38BF22461B683C
:10A3A000091842F100020A3142F10002002BD4D117
:10A3B0000CF1180373616046BDE8F8839946002CE0
:10A3C00083D1A6E7B3609FE700239C467361604694
:10A3D000BDE8F88368F60320349A032010B5054CD5
:10A3E0006169204601F07AFF18B1606900231838CE
:10A3F000636110BD68F603201C49096839B3A1F1F7
:10A40000180C9CF8141081421DD870B5DCE900418D
:10A4100012F10A0543F1000EAC4271EB0E0620D298
:10A42000DCF81060341941F10001AC4271EB0E010F
:10A4300015D2DCF8181071B1A1F1180C9CF81410A9
:10A440008142F6D8E2E7DCF818100029D7D14FF0A6
:10A45000FF30014670474FF0FF30014670BD2C467B
:10A460007146B4F10A0041F1FF3170BD68F6032076
:10A4700010B5837F022B06D0837F012B02D0837F10
:10A48000042B1DD110BD437D13F0020313D1032112
:10A490000E4A81779468037600F11801437683763B
:10A4A000C3765CB1D3681960094BD160BDE8104038
:10A4B000187802F055B80023837710BD9160F3E758
:10A4C0004FF4FF719F2001F059FE00BF68F6032092
:10A4D000349A032070B5114D00F118060446314638
:10A4E000284601F0FBFE98B10423A377AA68002355
:10A4F00023766376A376E37642B1EB681E60084B61
:10A50000EE601878BDE8704002F02AB8AE60F6E759
:10A510004FF402719F2001F031FE00BF68F6032066
:10A52000349A03202DE9F04F066983B0002E6ED1D6
:10A53000D0E900158368077DEFF3108472B6DFF869
:10A54000D8C0DCF80020002A52D0BCF8108013F1EB
:10A550000A0E46F10006CDE90008183AB046D2E9E5
:10A56000003611EB0E0A45EB08099A4579EB060C0B
:10A570003DD38B4276EB050C27D3106910EB030C0F
:10A5800046F1000BD4457BEB090B34BF4FF0010CB7
:10A590004FF0000CBCF1000F13D092F814C0BC4572
:10A5A0002DD034BF4FF0010C4FF0000CBCF1000F68
:10A5B00007D013F10A01936846F10005591845F1D7
:10A5C000000592699AB1183AC9E7906813F10A0C2C
:10A5D00046F1000910EB0C0C49F10009614575EBDF
:10A5E000090934BF4FF0010C4FF0000CD2E700987E
:10A5F00004B962B6C0E9001503B0BDE8F08FB2F847
:10A600001CC00198ACEB000CCCF3C03CCEE740F290
:10A6100027219F2001F0B2FD68F60320024B05219F
:10A62000186801F035BE00BF80F60320054B58685E
:10A6300010B1C3680521184710B54FF41B71B02045
:10A6400001F09CFD80F603202DE9F0471646002B13
:10A6500055D0D3E900894B4C804579EB0103A38A9F
:10A660003CBF804689466433B8EB000569EB0107BF
:10A670000022AB422261BA41C4E9028916DBA36918
:10A6800003F2A3139D4277F1000769DA3E4AC4F84A
:10A69000288040464946C4F82C9000F0C7FD3B4A4C
:10A6A000052384F830303260BDE8F087627F237F75
:10A6B0001AB19A071ED40022627703F0010AA36937
:10A6C00003F2A3139D4277F100072EDABAF1000FCF
:10A6D000DCD0A08A2C4AB8EB000069F10001C4E983
:10A6E0000A0100F0A3FD0623284A84F830303260C6
:10A6F000BDE8F087236A01209847237FDBE7214CE0
:10A70000637F2BB1237F9B0702D5236A01209847E3
:10A710000025657701F000F9FFF736F92B461C4A52
:10A7200084F830303260BDE8F08701F0F5F8FFF7CB
:10A730002BF9A08AA369BAF1000F01D0984215D86D
:10A74000B8EB0300104A69F10001C4E90A0100F006
:10A750006DFD02230D4A84F830303260BDE8F08789
:10A7600001F0DAF8FFF710F9A369E9E7B8EB0000A8
:10A77000054A69F10001C4E90A0100F057FD034AE6
:10A7800001238EE780F603201DA60300D9A803004D
:10A79000D1AA030002392DE9F04104292DD8DFE8C0
:10A7A00001F00309292C0C00164A137F003B18BF47
:10A7B000012353770020BDE8F081044600F002FD3C
:10A7C00000F010FE0E460746FFF770FD0D4D804667
:10A7D0006868FFF74DFE224638463146434600245E
:10A7E00000260027C5E902676C60FFF72DFF0220F5
:10A7F000BDE8F081FFF790F9DCE740F21721B020C7
:10A8000001F0BCFC80F603202DE9F84F2E4C637F4D
:10A81000A769804683BB94F81C9019F0010934D1D4
:10A8200000F0E0FD10EB070B41F1000A05460E4673
:10A8300058465146FFF73AFDA8B3D0E900329B4590
:10A840007AEB02011BD30023204AA5622846314639
:10A85000C4E902BAE662236100F0E8FCB9F1000F36
:10A8600018D0A38A1A4A9F4216D0022384F83030A7
:10A87000C8F80020BDE8F88F4FF00009D0E7DD1BD5
:10A880009B4662F100069246DDE7A38A9F4238BFED
:10A890001F46C5E70E4AE8E7012384F83030C8F8C0
:10A8A0000020BDE8F88F637F2BB1237F9B0702D583
:10A8B000236A012098470023064A84F830306377E2
:10A8C000C8F80020BDE8F88F80F603201DA603001D
:10A8D000D9A80300D1AA0300023970B5054603299F
:10A8E00000F2EB80DFE801F006024508754B00221C
:10A8F00083F83120002070BD724C94F830301A1F5C
:10A90000012A40F29F8000F06DFDA26A2369801A3F
:10A910009842B8BF184694F830302061022B7FD09F
:10A92000237FD90740F1C480607F002840F0C080B9
:10A93000236A98470123637794F83020022AD4E9E8
:10A9400002034BD0012A70D02269323843F1FF3123
:10A95000101841EBE2715C4AC4E90A0100F066FCA0
:10A9600094F83030062B0CBF0523042384F83030D4
:10A97000C0E7544C94F83030042B0FD8022B25D864
:10A98000013B012B00F28F80FFF7C6F80028B1D001
:10A9900000F016FD2846FFF737FF15E0053B012BB9
:10A9A00000F28180FFF7B8F80028A3D000F008FD7E
:10A9B00000F018FD06460C46FFF778FC2A460346D1
:10A9C00021463046FFF740FE022070BDFFF7A4F895
:10A9D00000288FD0012384F831308BE7227FD20703
:10A9E0000ED5627F62B9A18A374A401A63F100012D
:10A9F000C4E90A0100F01AFC032384F8303079E737
:10AA00002169314A323843F1FF33401843EBE17199
:10AA1000C4E90A0100F00AFC042384F8303069E735
:10AA200000F072FFFEF7AAFF86E7A169264A401AE6
:10AA300063F10001C4E90A0100F0F8FB022384F885
:10AA4000303057E7042B94F8316019D0002EAFD185
:10AA5000FFF7C4FC0028ABD06060C4E90D6600F0CD
:10AA6000A5FB6068022383773146C3689847D4E921
:10AA70000201FFF7A5FB154B84F830602B60A3E7BC
:10AA800000F052FF0028E1D100200021FFF70EFC6A
:10AA900008B1FFF71FFD00F03FFFFEF775FF2846E6
:10AAA000FFF7B2FE90E74FF4CD71B02001F066FBE6
:10AAB00040F2B311B02001F061FB40F2F111B0207F
:10AAC00001F05CFB80F603201DA6030095A70300A0
:10AAD000032910B506D801290AD840F25D11B0202B
:10AAE00001F04CFB0429F8D10446FFF715F808B92A
:10AAF000002010BD2046FFF787FE022010BD00BFDA
:10AB000010B5EFF3108472B60A4B0B4A1968096846
:10AB1000914202D004B962B610BD93F83030033BC5
:10AB2000012BF7D800F0F8FEFEF72EFF00F048FCEE
:10AB3000F0E700BF80F60320D9A8030010B5064A4D
:10AB4000064C02600023206084F830302377FEF743
:10AB50003DFF5130A06110BDD1AA030080F6032053
:10AB600010B5EFF3108472B6034B0421186801F09E
:10AB70008FFB04B962B610BD80F6032008B5094BFF
:10AB80005A684AB1D3E902218018BDE80840064A54
:10AB900041F1000100F04ABB40F27221B02001F007
:10ABA000EDFA00BF80F603202DA6030008B5064B82
:10ABB0005B681BB1BDE8084000F002BC4FF41E7199
:10ABC000B02001F0DBFA00BF80F6032008B5054B8A
:10ABD0005A680AB1586308BD40F27E21B02001F0E6
:10ABE000CDFA00BF80F6032008B5054B5A680AB1BC
:10ABF000986308BD4FF42171B02001F0BFFA00BF87
:10AC000080F60320044B9B6B03B1184710B540F24C
:10AC10008A21B02001F0B2FA80F60320044B5B6B6E
:10AC200003B1184710B54FF42471B02001F0A6FA13
:10AC300080F60320014B5868704700BF80F6032060
:10AC400008B5054B5A6812B1D3E9020108BD40F2BC
:10AC50009B21B02001F092FA80F60320034B187F6D
:10AC600010F0010018BF988A704700BF80F60320DB
:10AC7000054B1B681BB1D3E908200421104710B510
:10AC80007221452001F07AFAC0F60320054B1B68BB
:10AC90001BB1D3E908200321104710B56C214520D2
:10ACA00001F06CFAC0F603202DE9F04104460D4690
:10ACB00079B9174F3B683BBB16483C60FFF786FFEE
:10ACC0001548FFF791FFFFF755F8637D5B070646D0
:10ACD00005D4D4E908302946BDE8F0411847FEF70D
:10ACE00003FF2036361A7E6000F0F8FB0028FBD008
:10ACF0000A4B0022C3F8A8252946C3F8AC25D4E99D
:10AD00000830BDE8F04118478621452001F036FAA9
:10AD1000C0F603208DAC030071AC030000F00140CD
:10AD2000024B00221A601A81704700BFC0F6032050
:10AD3000704700BF08B5074B1A683AB10648D060A3
:10AD400000211960BDE80840FEF776BFB921452013
:10AD500001F014FAC0F60320A9AC0300C0E9081200
:10AD60002022002101F080BD30B587B04B7A00224F
:10AD70000D460592CDE900220492C3F3800282F0D1
:10AD800001024FF0000162F3820104462A78287A1A
:10AD90008DF815108DF8140069682B480291039006
:10ADA000002A40D1D5E904209DF815C01CF0040FFD
:10ADB000CDE9002028D19DF815202449C3F3400394
:10ADC0005B0043F0010322F0030213438DF81530BA
:10ADD0004B68C3F308038BB1103B5BB2002B1CDB49
:10ADE00003F1604303F5614393F800335B092BB92A
:10ADF00069462046FEF7F4FE07B030BD694620469E
:10AE0000FEF7CCFE07B030BD203A01F1200140F141
:10AE1000FF30009202910190CDE703F00F03194437
:10AE20000B7D5B09E3E72B690493FEF755FE9DF864
:10AE300015305B07CDE9000104D5029A6B7A203208
:10AE40000292B8E76B7AB6E7A9AC030000ED00E028
:10AE500010B5037886B0B3B990ED047B0446406822
:10AE6000217ACDE902036846CDE904338DED007BFC
:10AE70008DF81410FEF78CFFDDE900230120C4E9F2
:10AE8000042306B010BD4FF4AB71452001F076F9F4
:10AE900008B50A4B1B6863B15B7D5B0705D5FEF700
:10AEA00069FF203041F1000108BDBDE80840FEF710
:10AEB00061BF4FF4EE71452001F060F9C0F6032048
:10AEC00030B50C7887B07CBB4B7A05940C7A8DF842
:10AED0001440C3F3800E174C4D6803948EF0010E9E
:10AEE000D1E904414FF0000C6EF3820C1CF0040F0A
:10AEF000CDE900418DF815C0029507D0203C05F141
:10AF0000200541F1FF310094029501919DF8154013
:10AF10000492C3F3400363F3410469468DF815407E
:10AF2000FEF73CFE07B030BD40F21F21452001F086
:10AF300025F900BFA9AC030070B4EFF3108672B618
:10AF400017490D78ADB1174BD3F80445D3F8483104
:10AF50004FF6FF7294421FD0E3B147F6FE739C4256
:10AF600018D84B68013306B962B6C0E9004370BC1B
:10AF700070470C4AD2F80445D2F8043153B14B68FB
:10AF800001334B60C2F80451D2F80445D2F80431C1
:10AF9000002BF4D14B68E6E7002BFBD11C46F9E708
:10AFA000F8F6032000B0004010B50A4C00222274CD
:10AFB0002277094B094801215960C3F84025C3F89D
:10AFC00040214FF400221961C0F8082501F018FB58
:10AFD000206210BDF8F603200080004000F0014020
:10AFE0003749384BF0B44D6A374C002201204A6093
:10AFF00058609860C3F80843C3F84843C3F8042175
:10B00000C3F84021C3F84421C3F84821002D55D08E
:10B010002E4C2F4EC4F8A8652E4AC4F8AC55C4F87F
:10B020005C394FF40023C4F804350523C2F84035D9
:10B030001060D2F84031002BFBD0244800230124BB
:10B040004FF40025C0F808555460D460C2F8403170
:10B05000C2F84035C0F8A835C0F8AC35C0F8AC35FA
:10B060000B7833B391F82840184816491A4E1B4DF7
:10B07000E30003F1804303F5F8330122A2404FF6C9
:10B08000FF774FF48024C0F80825C1F84443C1F885
:10B090004875C1F80443C3F81065C3F81455C0F8E7
:10B0A00004250F4B4FF40062C3F88021F0BC1A60F6
:10B0B0007047044B0222C3F80423F2E71860CFE77D
:10B0C000F8F6032000B000400200070000F0014045
:10B0D000408100400080004048B1004008B000407E
:10B0E00000E100E00D4B0E4A30B4012000210D4C70
:10B0F00058604FF40025C3F84015C3F840114FF4D1
:10B1000080711861C4F80855C2F88011C2F8801027
:10B11000BFF34F8FBFF36F8F30BC7047008000408C
:10B1200000E100E000F0014030B41B4A1B4C1C4D14
:10B130001C4800230121636051609160C2F80853EC
:10B14000C2F84853C2F80431C2F84031C2F8443161
:10B15000C2F848312278C0F8A835C0F8AC3572B1D1
:10B1600094F828209140D20002F1804202F5F83292
:10B17000C2F81035C2F81435C0F8081523700A4B10
:10B180004FF40062C3F88021C3F88020BFF34F8FD3
:10B19000BFF36F8F30BC704700B00040F8F603205B
:10B1A0000200070000F0014000E100E0044B4FF016
:10B1B00080411A6A0123C1F808351360704700BF47
:10B1C000F8F6032010B4144C1449154A0023C4F8AF
:10B1D000A8350120C4F8AC354FF0FF344860086151
:10B1E000C1F808430F4891684FF48074C0F880415B
:10B1F00041B10D494FF48030C1F808031374C1F810
:10B2000040319360126A5DF8044B4FF08041002397
:10B21000C1F808351360704700F00140008000401D
:10B22000F8F6032000E100E000B00040F0B55A4C11
:10B23000A36883B0002B40F09F802578A260002D8A
:10B240005CD1564B994200F29C80430F544E554FAF
:10B2500043EAC101A6FB0132C0F34F33920B03EB6B
:10B26000014307FB1233A6FB03639B0B43EA024334
:10B270004D4A02FB1300420B48F2376101FB02F218
:10B28000120C43F60957494907FB120000FB01F174
:10B29000490D43F6085601EB422207FB0161B0EB72
:10B2A000512F88BF01320026002D41D01F0C1B04F6
:10B2B0009D18684647F10007FFF73EFEDDE90032C2
:10B2C000053346F100064FF48031E2FB01369D4222
:10B2D00077EB060647D32A0C4FF6FF71ADB242EA70
:10B2E0000742002D08BF0D4631494FF48030C1F8A8
:10B2F0004055E260C1F8040303B0F0BD2D4B994204
:10B3000044D8430D264E274F43EAC121A6FB013204
:10B31000C0F34F13920B03EB014307FB1233A6FB61
:10B3200003639B0B43EA0243234A02FB1300A2E799
:10B330001F0A1B069E18684647F10007FFF7FCFD31
:10B34000DDE90032053345F100054FF08071E2FB85
:10B3500001359E4277EB050505D3320E42EA0722FE
:10B3600026F07F45C0E7FF232374144B4FF400629F
:10B37000C3F8002103B0F0BD40F2F921052000F030
:10B38000FDFE4FF49471052000F0F8FE40F2231109
:10B39000052000F0F3FE00BFF8F60320FF7F841EB7
:10B3A00083DE1B43000024F40080841E6F0C010028
:10B3B00000B000407F841E0080841E0000E100E099
:10B3C000064B9A684AB106494FF48032C1F8082307
:10B3D00000221A74C1F840219A607047F8F60320E1
:10B3E00000B0004070B4EFF3108572B6364C207890
:10B3F00020B3364BD3F80425D3F848614FF6FF73DA
:10B400009A4252D043F60951C2F3080301FB03F3F9
:10B41000500A01FB00F003F5807300EB532000217C
:10B42000002E45D047F6FE739A4241D86368013337
:10B4300025B3274A70BCE3FB02017047234AD2F8C8
:10B440000435D2F8041111B3636801336360C2F8A4
:10B450000401D2F80435D2F804110029F4D143F6DE
:10B46000095CC3F30802580A0CFB02F202F5807370
:10B470000CFB00F000EB532063681DB962B6227824
:10B48000002AD6D1134AE3FB020170BC704743F691
:10B490000956C3F30802580A06FB02F306FB00F044
:10B4A00003F5807300EB5320E6E71EB10A48002144
:10B4B0006368BDE7636815B928462946DEE7044A94
:10B4C00030463146DFE700BFF8F6032000B0004009
:10B4D00080841E000080841E61841E0070B4EFF31F
:10B4E000108072B6384A15780DB3384BD3F804552E
:10B4F000D3F848614FF6FF739D4256D043F6095486
:10B50000C5F3080104FB01F16B0A04FB03F301F529
:10B51000807103EB51230024002E49D047F6FE71C1
:10B520008D4245D85168013108B3294824E02749A4
:10B53000D1F80435D1F804414CB35368013353605A
:10B54000C1F80451D1F80435D1F80441002CF4D1EC
:10B5500043F6095CC3F308010CFB01F15B0A01F53A
:10B5600080710CFB03F303EB5123516818B962B6E9
:10B5700010780028D9D11748E1FB0034D2E90C1229
:10B580008B4294412CBF0120002070BC7047C3F354
:10B59000080143F609555B0A05FB01F105FB03F3BE
:10B5A00001F5807103EB5123DFE71EB10A4B002444
:10B5B0005168B9E7516810B903460446D7E7044813
:10B5C00033463446D8E700BFF8F6032000B0004009
:10B5D00080841E000080841E61841E00194B1A485E
:10B5E00010B5012200214FF400245A60C3F8401521
:10B5F000C3F840111A61C0F80845D3F8040520F0DB
:10B600000300C3F80405D3F8080540F00300102137
:10B61000C3F8080591FAA1F1B1FA81F109290CDC0E
:10B620000A48C3F810154FF48074DA60C0F88041FE
:10B6300004605A60DA601A6010BD054840F29F311C
:10B6400000F092FD0080004000F0014000E100E0C9
:10B650003C5B04002DE9F047DFF888815C4E012156
:10B6600000234FF4002284B0C8F80410C8F8403515
:10B67000C8F84031C8F81010C6F80825D8F80425D5
:10B6800022F00302C8F80425D8F8082542F0030286
:10B69000C8F80825102292FAA2F2B2FA82F2092A18
:10B6A00000F39180C8F810254A4A4B4FC8F80C1097
:10B6B0004FF48070C2F880011060484AC8F8041046
:10B6C000C8F80C10C6F8A8253A78C6F8AC8502A8C8
:10B6D000002A56D0019306E00123C6F808A5C8F851
:10B6E0000430C8F80C30FFF727FCDDE90243019D68
:10B6F0004FF4002A4FF48039C6F804A5E3FB09454E
:10B70000FFF71AFCDDE902320199E2FB0931A94297
:10B7100008BFA342E0D1013443F60952C4F3080341
:10B7200045F1000502FB03F3210EC4F34E2441EA68
:10B73000052102FB04F02D0E03F5807300EB53206E
:10B740004C016B01641A43EAD16363EB0506B20155
:10B75000A3011B1B42EA946262EB0602D20042EA9A
:10B760005372DB005B1845EB0205E903DA0380182E
:10B7700041EA534141F10001C7E90C0104B0BDE8C1
:10B78000F087019206E00123C6F808A5C8F8043046
:10B79000C8F80C30FFF7D0FBDDE90243019D4FF400
:10B7A000002A4FF08079C6F804A5E3FB0945FFF7AE
:10B7B000C3FBDDE902320199E2FB0931A94208BF6E
:10B7C000A342E0D1A7E7064840F29F3100F0CCFC4D
:10B7D00000F0014000E100E0F8F6032000B1004075
:10B7E0003C5B04000080004010B5029C201841F131
:10B7F0000001801A61EB0301B0F1004F71F100010B
:10B8000000DA10BD40F2A931052000F0B7FC00BFFE
:10B8100070B4EFF3108572B6364C207820B3364BF7
:10B82000D3F80425D3F848614FF6FF739A4252D0FB
:10B8300043F60951C2F3080301FB03F3500A01FB6D
:10B8400000F003F5807300EB53200021002E45D05B
:10B8500047F6FE739A4241D86368013325B3274AFD
:10B8600070BCE3FB02017047234AD2F80435D2F8DA
:10B87000041111B3636801336360C2F80401D2F8A4
:10B880000435D2F804110029F4D143F6095CC3F35E
:10B890000802580A0CFB02F202F580730CFB00F060
:10B8A00000EB532063681DB962B62278002AD6D116
:10B8B000134AE3FB020170BC704743F60956C3F319
:10B8C0000802580A06FB02F306FB00F003F580733A
:10B8D00000EB5320E6E71EB10A4800216368BDE78C
:10B8E000636815B928462946DEE7044A30463146E2
:10B8F000DFE700BFF8F6032000B0004080841E00A0
:10B900000080841E61841E00024B0122C3F8442380
:10B91000704700BF00B00040024B0122C3F848232B
:10B92000704700BF00B0004008B5FEF733F830B9EB
:10B93000074A936B0133312B936304D808BD044B42
:10B9400000229A6308BD40F2F531052000F016FC94
:10B95000F8F6032010B53F4C237882B0002B55D069
:10B960003D4BD3F8042352035BD43B4BE168D3F83F
:10B970000423D00334D5D3F84031002B30D0636892
:10B9800099425DD800232374334AA168C2F840313C
:10B990004FF48030C2F80803002955D0A3608847CF
:10B9A0002D4BA169D3F80423920324D5D3F8443155
:10B9B0000BB363688B423FD300222277264B616929
:10B9C000C3F844214FF40030C3F8080300293BD0EA
:10B9D0008847214BD3F840310193019B02B010BD41
:10B9E0006268237C002BCDD19142D9D91A4B002219
:10B9F000C3F84021D4E76268237F002BDCD18A4260
:10BA0000E7D2154B0022C3F84421E2E7124AD2F8EC
:10BA100004110029A9D0C2F80431636801336360BE
:10BA2000A3E7D3F84821002A9FD00022C3F8482179
:10BA300063680133636098E7237F002BE1D0BBE7A5
:10BA4000237C002BD2D09DE740F23741052000F047
:10BA500095FB00BFF8F6032000B00040034610B38A
:10BA6000007888B91A79012A1ED85A79012A1BD878
:10BA70009A680E49643A8A4216D8D8680C4B9842A4
:10BA80002CBF00200120704701280CD11A79012A0F
:10BA900009D85A79012A06D8DA680449643A8A42F0
:10BAA00001D89868EAE70020704700BF3C86010093
:10BAB0000040420F08B500230B8581F82A300B6A3D
:10BAC0000921984728B103781BB1E9216A2000F0C9
:10BAD00055FB08BD436A19444162A1F15000FDF7CE
:10BAE000FDBFD4D470B50446FDF7F6FFD4E90632A5
:10BAF000656A503342F100025B1942F1000205F51C
:10BB0000DF6540F2F966B5FBF6F55B1942F100021C
:10BB100083428A410ED294F82A30052B03D0B321F8
:10BB20006A2000F02BFB0A21236A94F858009847FA
:10BB3000B621F5E7044C236813B19847002323602E
:10BB4000BDE87040FFF7F6B834F7032070B504463F
:10BB50000D4639B9012380F85930FFF7C3FF02269B
:10BB6000304670BD0E78032E70D801A353F826F02E
:10BB70005FBB030081BB0300EBBB0300A3BB03005F
:10BB80004868C72801D80026EAE70421FEF7C2F872
:10BB90000028F8D0FDF7A6FF69682046FFF79AFF56
:10BBA000DEE790F8286006BB4D682846FFF756FF91
:10BBB00000284BD02B78D3B9012121702B796A79D9
:10BBC000003B18BF0123002A14BF04220222227264
:10BBD000AA6843F004036F326260EA686372032369
:10BBE000226184F82A3084F829102046B5E794F8B9
:10BBF0002A30052B04D040F293116A2000F0BEFADF
:10BC000026702B796A79003B18BF0123002A14BFE4
:10BC1000042202222272EA6843F004036F32637244
:10BC20006260D4E90632A9685B1842EBE172C4E9AC
:10BC30000432042384F82A30214604F13000FFF74F
:10BC400093F80028D1D140F29511D6E7012384F86A
:10BC50005930CAE7F8B5044620B940F2AD116A2060
:10BC600000F08CFA90F85850052900F2CA80DFE8FD
:10BC700001F003834668727C90F82A30033B012B65
:10BC800002D94FF4DC71EAE7052380F82A3000235B
:10BC900080F859300378EBB12378012B27D1FFF7D7
:10BCA000F7F894F8286063686362C4E906010EBB84
:10BCB000FDF720FF31462046FFF70CFF236A31468F
:10BCC0002846984701462046FFF740FF022840F0EB
:10BCD0009B80F8BDFDF700FF06460F46FFF7D8F83A
:10BCE0001F3647F1000786428F41F3D3D4E7D4E9EA
:10BCF0000401D6E72046BDE8F840FFF7F3BE90F810
:10BD00002A30DA1E012A02D940F2ED11A7E790F895
:10BD100028202AB121462846BDE8F840FFF7CABED0
:10BD2000042B18BF012180F82A10036A0521284638
:10BD300098470028CDD00378002BCAD04FF400716B
:10BD40008DE790F82A30052B02D040F2062186E7D5
:10BD5000036A0221B4E790F82A30052B02D04FF491
:10BD600003717CE7036A0121AAE790F82A30052BCA
:10BD7000C0D040F2122172E790F82A30052B07D08C
:10BD800090F829200AB1032B02D040F2172166E770
:10BD900094F82820002ABDD194F8593083B10223A9
:10BDA00084F82A3084F85920236A082128469847C5
:10BDB00000288ED00378002B8BD040F223214EE751
:10BDC00094F8292062B184F82930214604F130002A
:10BDD000FEF7CAFF00287FF47CAF4FF40A713EE7FC
:10BDE000022384F82A300721236A2846984700282E
:10BDF0003FF46FAF0378002B3FF46BAF40F22F217D
:10BE00002DE74FF40D712AE70128236A0CBF0421A6
:10BE1000032155E770B500F0EDF8002405462646ED
:10BE2000E0B2854200D870BD00F0EAF80134068522
:10BE300080F82A60F4E7F8B504460D4600F0DAF819
:10BE400000270646F8B2864204D8082D0CD96FF0B8
:10BE5000150008E000F0D4F890F82A300137002BE4
:10BE6000F0D04FF0FF30F8BD2CB129462046BDE898
:10BE7000F84000F0D1B821462046F8E72DE9F84314
:10BE80008846074658B300F0B5F84FF0000904465D
:10BE90005FFA89F6B44203D86FF00B00BDE8F8836F
:10BEA000304600F0ADF890F82A5009F10109002D54
:10BEB000EED1304600F0A4F80A490585044680F822
:10BEC0002A5080F8586002463030FEF747FF0123C1
:10BED000276284F82A30284688F80060DEE76FF091
:10BEE0001500DBE755BC030010B5044600F088F8E8
:10BEF000014688B190F828308BB990F82A3073B198
:10BF0000013B012B04D82046FFF7D4FD002010BDD3
:10BF1000012380F82830F9E76FF00100F7E76FF0B0
:10BF20002200F4E770B50D4600F06AF804460028D8
:10BF30004CD090F82A60731E012B4DD8002D48D0AC
:10BF40002846FFF78BFD002843D02B780BBB01233D
:10BF500023702B796A79003B18BF0123002A14BF94
:10BF6000042202222272AA686F3243F00403626044
:10BF7000EA6822616372032384F82A30214604F1BF
:10BF80003000FEF7F1FE50BB40F2C1216A2000F004
:10BF9000F5F8022E20D1002323702B796A79003B1B
:10BFA00018BF0123002A18BF04262672EA6843F04E
:10BFB00004036F3263726260D4E90632A9685B18C9
:10BFC00042EBE172C4E904320423D5E76FF00100CB
:10BFD00070BD6FF01500FBE76FF02200F8E700205E
:10BFE000F6E7D4D4024B00221A601A71704700BFE2
:10BFF00038F70320014B1879704700BF38F703204A
:10C00000044B1A79824283BF1B68602202FB003016
:10C010000020704738F703200A4610F0030110B5DE
:10C020000AD1074C2271206008B9002010BD60239E
:10C030005A4300F019FCF8E76FF00D00F6E700BF77
:10C0400038F70320BFF34F8F0549064BCA6802F447
:10C05000E0621343CB60BFF34F8F00BFFDE700BF2B
:10C0600000ED00E00400FA05094B01225A604FF090
:10C07000FF32C3F80823074B4FF48042C3F88020F7
:10C08000BFF34F8FBFF36F8FC3F88021704700BF9E
:10C0900000E0004000E100E0094B01225A604FF04F
:10C0A000FF32C3F80823074B4FF48052C3F88020B7
:10C0B000BFF34F8FBFF36F8FC3F88021704700BF6E
:10C0C00000C0004000E100E0084B0022C3F8FC2F54
:10C0D0000122C3F8FC2F064B0222C3F88020BFF3D5
:10C0E0004F8FBFF36F8FC3F880217047001000405F
:10C0F00000E100E038B5184C237863B3FDF7E0FCAD
:10C10000EFF3108572B600236360FEF711FEFDF7B2
:10C11000ADFCFFF7D9FFFFF7BFFFFFF7A5FF94F9CD
:10C120000830002B0DDB5A09012103F01F03994051
:10C1300002F12003094A42F82310BFF34F8FBFF3E7
:10C140006F8FFFF74FFF064B064AC3F8082505B966
:10C1500062B60023237038BD40F7032000E100E001
:10C1600000F00140000008C008B572B6024B5B68E1
:10C1700003B19847FFF766FF40F703201FB572B67B
:10C18000134B5D6895B9FFF75DFF2346B2FBF6F2EE
:10C190005C1C002AF9D104AEDCB256FA83F303F832
:10C1A0000C2C0A2234B901A8A847ECE70246002368
:10C1B0000A26EDE7631E04AEDCB256FA83F3B0FB49
:10C1C000F2F602FB1600303003F80C0C3046E9E7BB
:10C1D00040F70320F8B51F4E337805460C46174646
:10C1E000A3BB00F001FAFDF723F877603472FFF784
:10C1F0006BFFFFF751FFFFF737FF174B002D14BF01
:10C2000028461846FDF7FAFB0546E8B9FEF788FD13
:10C21000FDF7E6FBFFF7FEFDFDF740FC18B9B8217E
:10C220001120FFF7ABFF002C0CDB04F01F026409A8
:10C23000A40004F1604404F5614401239340C4F870
:10C2400080312360012333702846F8BD4FF0FF355D
:10C25000FAE700BF40F70320325B0400074B93F975
:10C260000830002B09DB5A09012103F01F03994014
:10C2700002F14003024A42F82310704740F70320BE
:10C2800000E100E0014B1878704700BF40F7032041
:10C29000F8B5037904461BB11B219D20FFF76EFF03
:10C2A0004679017126B901234371217909B9617178
:10C2B000F8BD276826712046B84702280546F4D104
:10C2C00003212046B84708B12F21E6E72368294615
:10C2D000204698470028E8D03021DEE70346006872
:10C2E00000B970478842F9D102681A607047D4D407
:10C2F000F0B5284D284C294F83B02E780136F6B280
:10C30000D5E84F3F0133DBB2C5E8423F002AF7D101
:10C3100001236360C4F80021C4F80421EFF3108204
:10C3200072B6C4F80405236052B962B608E0D4F8C6
:10C3300004314BB92B789E4206D13B69DB0613D4FE
:10C34000D4F80031002BF2D0D4F80431002BD4D132
:10C350002A78B242D1D10322C4F80031C4F80431A2
:10C36000C4F8082303B0F0BD0D4B03214FF4804205
:10C37000C4F80413C3F88021D4F80031002BDFD1B6
:10C38000D4F80431002BDBD1019000F081F9019841
:10C39000D6E700BF49F7032000E0004000ED00E0D1
:10C3A00000E100E070B51446DA078CB01D46864601
:10C3B0008C4633D5C36842681BBA0093CB681BBA5E
:10C3C000049383681BBA019303681BBA03938B68B9
:10C3D00012BA1BBA029205934A680B6812BA1BBACA
:10C3E0006E46069207933046FFF782FFAB070DD5E6
:10C3F000DDE90A10DDE9083200BA09BA12BA1BBA3F
:10C4000020606160A260E3600CB070BD08AD0FCD2C
:10C4100020606160A260E3600CB070BDDEF80410C3
:10C42000DEF80820DEF80C300068EE46AEE80F00BB
:10C43000DCF80000DCF80410DCF80820DCF80C3034
:10C440006E46AEE80F00CEE710B5002482B0CDE90D
:10C450000044FFF7A7FF02B010BD00BF1A4B4FF416
:10C46000805270B5C3F88020BFF34F8FBFF36F8F3A
:10C47000164C174D0021C4F80011C3F880212E6915
:10C480002B6943F010032B610123C4F8043306F039
:10C4900010062360D4F800319BB11EB92B6923F03C
:10C4A00010032B610123D4F808056360C4F8083336
:10C4B0000023C4F80031044B4FF48052C3F88021AC
:10C4C00070BD00F0E5F8E5E700E100E000C00040E5
:10C4D00000ED00E00346002018707047EFF3108273
:10C4E00072B603780121DBB2017002B962B6012B8A
:10C4F0000CBF6FF0220000207047EFF3108372B67C
:10C500000022027003B962B6002070470B4938B5AB
:10C51000042301EBC302157905F0FF042DB1013BA3
:10C52000F7D240216920FFF729FE41F833000121AD
:10C53000547194711171D8B238BD00BF4CF703200B
:10C54000042808B503D947216920FFF717FE034BDC
:10C5500003EBC00300221A7108BD00BF4CF7032093
:10C56000042808B503D950216920FFF707FE094BBD
:10C5700003EBC0000379012B01D05121F4E743798B
:10C5800082790133DBB29A4218BF4371BDE808409B
:10C59000FFF764BE4CF7032038B5114D052495F81C
:10C5A000281005EBC1031A79012A09D158799A7923
:10C5B000904205D05A79D2B29A7155F831309847E5
:10C5C00095F828300133DBB2052B04F1FF3428BF86
:10C5D000002314F0FF0485F82830E0D138BD00BFF7
:10C5E0004CF70320FFF7D8BF4FF08052034BD2F82F
:10C5F00030111960D2F834215A60704778F703205F
:10C60000084B1B68083B082B0AD840F2211222FA7B
:10C6100003F313F0010F044B044818BF184670478A
:10C620000248704778F7032000E701400C050040FE
:10C63000144B1B68062B03D0013301D020BF704779
:10C64000EFF3108072B6104A1369116941F01001BE
:10C6500011610E49D1F80021D1F804110A4303F009
:10C66000100300D040BF20BF00BF00BF00BF00BF0D
:10C6700023B9054A136923F01003136100B962B6A8
:10C68000704700BF78F7032000ED00E000E100E014
:10C69000FFF7CEBFFFF7CCBF914270B53FD2B2FAE1
:10C6A00082F33BB1C3F1200420FA04F49940214302
:10C6B00098409A40150CB1FBF5FC05FB1C1E4FEA97
:10C6C0000E4E030C84B20EEB10401FFA82FE0CFBE0
:10C6D0000EF6864206D9361A964294BF01260226E5
:10C6E000ACEB060C03EB01430CFB1233B3FBF5F090
:10C6F00005FB103304EB034400FB0EFEA6454FEA96
:10C700000C4C09D9AEEB040E964594BF4FF0010EC8
:10C710004FF0020EA0EB0E0040EA0C0070BD73213A
:10C720009620FFF72BFD00BF70B51D460446164648
:10C73000FFF7B2FF049B286000FB16441C6070BD2D
:10C740002DE9F8431C4652EA040349D00746154632
:10C750000E4684B9914204D2FFF79EFF2146BDE800
:10C76000F88321463046FFF797FF04462A463846AD
:10C7700004FB1561F0E74FF00108B4FA84F908FAF8
:10C7800009F3A3FB021220FA08F003FB042240EA9B
:10C79000C67026FA08F1FFF77FFFC9F11F0230FAD1
:10C7A00002F34FF0000C08D140461946AF42A641B3
:10C7B0003CBF18466146BDE8F8835A1E61466CEBE3
:10C7C0000C0C05FB0CFE02FB04EE18461346A5FB01
:10C7D0000228BA1A0EEB080766EB07061746E5E7CC
:10C7E000A6219620FFF7CAFC431A934228D382B3AE
:10C7F00070B5541E052C2DD95C1E022C84460B46A8
:10C8000028D922F0030596084C1953F804EB4CF88C
:10C8100004EBA342F9D1AA4200EB050CA2EB0504FC
:10C820000DD011F8262000F82620012C07D05A78C8
:10C830008CF80120022C02D09B788CF8023070BD5D
:10C840008B18024413F801CD02F801CD9942F9D1B9
:10C850007047704701390244034611F8014F03F84D
:10C86000014B9342F9D170BD10F0030FC9B20346DA
:10C8700007D0BAB303F8011B13F0030F02F1FF3224
:10C88000F7D170B5032A01EB012404EB04441ED94F
:10C89000161FB508032E05F1010521D94FEA550EE3
:10C8A00003EBCE0E9C46CCE900440CF1080CF44599
:10C8B000F9D115F0010F04D025F0010503EB850532
:10C8C0002C6026F003060433334402F0030232B135
:10C8D000012A197003D0022A597018BF997070BDCF
:10C8E0001D46EDE7704700BF10F0030FC9B20346C5
:10C8F00007D0CAB303F8011B13F0030F02F1FF3294
:10C90000F7D170B5032A01EB012404EB044420D9CC
:10C91000161FB508032E05F1010523D94FEA550E60
:10C9200003EBCE0E9C46CCE900440CF1080CE64526
:10C93000F9D115F0010F06D025F00105C5EB85757D
:10C94000A3EB85052C6026F00306043302F00302F6
:10C95000334432B1012A197003D0022A597018BF2A
:10C96000997070BD1D46EDE7704700BF844641EAEF
:10C97000000313F003037DD1403A51D3F0B4F0C962
:10C98000F0C0F0C9F0C0F0C9F0C0F0C9F0C0403A42
:10C99000F5D2F0BC44E0403A42D300BF51F8043B2A
:10C9A00040F8043B51F8043B40F8043B51F8043B89
:10C9B00040F8043B51F8043B40F8043B51F8043B79
:10C9C00040F8043B51F8043B40F8043B51F8043B69
:10C9D00040F8043B51F8043B40F8043B51F8043B59
:10C9E00040F8043B51F8043B40F8043B51F8043B49
:10C9F00040F8043B51F8043B40F8043B51F8043B39
:10CA000040F8043B51F8043B40F8043B51F8043B28
:10CA100040F8043B51F8043B40F8043B403ABDD297
:10CA2000303211D351F8043B40F8043B51F8043B39
:10CA300040F8043B51F8043B40F8043B51F8043BF8
:10CA400040F8043B103AEDD20C3205D351F8043BC8
:10CA500040F8043B043AF9D2043208D0D2071CBF94
:10CA600011F8013B00F8013B01D30B8803806046BD
:10CA7000704700BF082A14D38B078CD010F0030333
:10CA800089D0C3F10403D21ADB071CBF11F8013BA4
:10CA900000F8013BFFF47FAF31F8023B20F8023B86
:10CAA00079E7043AD8D3013A11F8013B00F8013B89
:10CAB000F9D20B7803704B7843708B7883706046A3
:10CAC000704700BF014B1B681B681847389A03204A
:10CAD000014B1B685B681847389A0320014B1B68A1
:10CAE0009B681847389A0320014B1B681B6918473D
:10CAF000389A0320034B1868034BC01A18BF012053
:10CB0000704700BF389A03202CCB030000280CBFCD
:10CB10006FF0150000207047002070470723037056
:10CB20000020704700207047002070470DCB0300A5
:10CB300019CB03001DCB030025CB030029CB030039
:10CB4000014B1B681B681847409A0320014B1B6868
:10CB50005B681847409A0320014B1B689B68184785
:10CB6000409A0320014B1B681B691847409A032019
:10CB7000014B1B685B691847409A0320014B1B68F7
:10CB80009B691847409A0320014B1B68DB691847D3
:10CB9000409A0320014B1B689B6A1847409A032068
:10CBA00030B4044C9DF8085024680295E468A4460B
:10CBB00030BC6047409A0320014B1878704700BF93
:10CBC000F4F70320801A00F3070038B540B20D4691
:10CBD00059B21446FCF71CFB002328706B702044EC
:10CBE00040B238BD10B500220C49134640FA02F499
:10CBF000E40744BFCA545C1C02F1010248BFE3B21F
:10CC0000042AF3D1054AFF24D118032B01D910714E
:10CC100010BD013301F8014BDBB2F6E700F8032049
:10CC20000023036070477047002070474FF0FF30CB
:10CC300070474FF0FF30704770474FF0FF3070473C
:10CC400000207047002070470023037070479DF854
:10CC500000300022FFF7B6BF4FF0FF3070470020D2
:10CC600070474FF0FF3070474FF0FF30704770470C
:10CC700021CC030027CC030029CC03004FCC0300B8
:10CC80002DCC030059CC030033CC030063CC03004C
:10CC900039CC03006FCC030045CC030049CC030022
:10CCA0003BCC030041CC03005FCC030069CC030004
:10CCB000002A04BF00207047F0B503AF2DE9000B38
:10CCC000A2F1010CC2F1000E0023CC5CC55CA542B0
:10CCD00024D19C451ED001EB030800EB030998F812
:10CCE000014099F80150A54218D10EEB0306B41C7F
:10CCF00010D098F8024099F80250A5420ED1F41CC9
:10CD000008D098F8034099F80350A54206D104339F
:10CD10009A42DAD10020BDE8000BF0BD281BBDE827
:10CD2000000BF0BD80B56F460146007860B1002071
:10CD30000A18537853B1937853B1D37853B1127919
:10CD40000430002AF4D180BD002080BD013080BDB8
:10CD5000023080BD033080BD042A09D3D0B502AFB4
:10CD6000A2F1040E6FEA0E0313F00C0F06D123E0BC
:10CD70000B4684466046194600F03CB80B46844694
:10CD800053F8044B1EF00C0F4CF8044B09D04B68C1
:10CD900043600EF00C03042B07D1083A0831083029
:10CDA00008E072466046194606E08B680C3A8360DC
:10CDB0000C310C3084460B46BEF10C0F14D3844664
:10CDC0000B461868103ACCF80000032A5868CCF8D3
:10CDD00004009868CCF80800D86803F11003CCF878
:10CDE0000C000CF1100CECD8BDE8D04060461946A0
:10CDF00000F000B8F0B503AF2DE9000F89B0804610
:10CE0000102A21D3C8F1000000F0030A08EB0A033E
:10CE1000984537D2AAF1010644460D46BAF1000FF3
:10CE20001FD00D46444615F8010BBAF1010F04F866
:10CE3000010B16D04878BAF1020F88F801000AD128
:10CE40008D1C08F102040CE0C4460CEB02039C4567
:10CE5000C0F0E3800BE1CD1C08F10304887888F86A
:10CE60000200032E0ED32E1F251F16F8040F05F8FF
:10CE7000040F70786870B078A870F078E870281D9A
:10CE80009842F2D1A2EB0A0B01EB0A042BF0030249
:10CE900014F0030003EB020C63D04FF00009C0F163
:10CEA0000406049208AACDF820900244F5071EBF9C
:10CEB000257815704FF00109B60744BF34F80960B2
:10CEC00022F80960251A05941C1D089A4FEAC00E25
:10CED0006445CEF10004CDE902045BD243424646EC
:10CEE000CDF800B001EB030804F0180B019608EB35
:10CEF0000A0506EB0A0422FA0EF1D5F8049009FAA5
:10CF00000BF21143224642F8081B624544D2A9683D
:10CF100029FA0EF301FA0BF0184304F10C036345F0
:10CF200060603CD2D5F80C9021FA0EF009FA0BF1B2
:10CF30000843106004F11000604535D22A6929FACF
:10CF40000EF0103608F1100802FA0BF108431860D1
:10CF500006EB0A03181D6045C9D308EB0A05914684
:10CF600023E0634552D22146086843F8040B634529
:10CF70004CD2486843F8040B63453EBF886843F8C9
:10CF8000040B634542D2C868103143F8040B634573
:10CF9000EAD33BE091460AE00435231D05E008355D
:10CFA00004F10803894600E00C35DDE900B8029879
:10CFB00000228DF81C20012807F8262C0ED107AE80
:10CFC000002400200599C90713D0291D085C307082
:10CFD00017F8260C9DF81C2000040BE06879A7F1D7
:10CFE00026062A798DF81C20040202200599C9071B
:10CFF000EBD10020204329FA0EF11043039A02F0EE
:10D0000018029040DDE9042408431860A1180BF0D1
:10D0100003020CEB02039C4529D2561E12F00300BA
:10D0200012D00A46654612F8014B012805F8014B5B
:10D030000CD04A7802288CF801201DD18A1C0CF1F2
:10D040000205032E04D212E065460A46032E0ED3D3
:10D05000111F2A1F11F8040F02F8040F48785070AE
:10D0600088789070C878D070101D9842F2D14046F0
:10D0700009B0BDE8000FF0BDCA1C0CF103058878AB
:10D080008CF80200032EE3D2F1E7F0B503AF2DE9EF
:10D09000000F8EB08346401A90422AD201EB020A5A
:10D0A0000BEB0209102AC0F00C8209F0030429F0EE
:10D0B0000306C4F1000C4E45079660D2A4F1010EA0
:10D0C000002C45D0D0464B4618F8010D012C03F832
:10D0D000010D3FD0D0464B4618F8020D022C03F844
:10D0E000020D1FBFD04618F8030D4B4603F8030D81
:10D0F00030E0102A25D3CBF1000000F0030A0BEB3F
:10D100000A039B4580F01681AAF1010658460D4698
:10D11000BAF1000F00F0FD800D46584615F8014B9E
:10D12000BAF1010F00F8014B00F0F3804878BAF132
:10D13000020F8BF8010040F0E6808D1C0BF102001D
:10D14000E7E0DC460CEB02039C45C0F02A8252E289
:10D150004B46D046079EBEF1030F10D3A8F1040042
:10D16000C57803F8015C857803F8025C457803F81C
:10D17000035C10F8045903F8045D9E42F0D3A2EB5F
:10D18000040E0AEB0C052EF0030015F00303A6EBCA
:10D190000008C0F100000690059510D0A5EB030A29
:10D1A0000020CDF808E04FEAC30E012B8DF83000C7
:10D1B00007F8260C04932FD10CAD002339E0B045BD
:10D1C00080F07781AAF11001ACF1040201EB0C03AD
:10D1D00009EB0C00DD6840F8045C09EB0205A8458A
:10D1E00080F067819C6840F8084C2C1FA0453FBF29
:10D1F0005B6840F80C3CA5F10803984580F0598124
:10D2000051F80C30A9F11009103940F8103C09EB25
:10D210000C008045DAD34CE19AF80000ED079AF84B
:10D2200001308DF8300001D100250AE0A7F1260574
:10D2300002201AF80000287017F8265C9DF83000CC
:10D240002D0445EA032308F1040603430798CEF1B1
:10D25000000486424AD2049804F01808CDF80CB0B5
:10D26000101A0D18ACF10400CDE9000405EB0C0B0D
:10D2700003FA08F05BF804AC2AFA0EF1014309EB5B
:10D280000C0040F8041CACF1040109EB01039E42C0
:10D2900030D25BF8082C0AFA08F122FA0EF4214386
:10D2A00040F8081C191F8E4228D25BF80CAC02FA19
:10D2B00008F12AFA0EF2114340F80C1CA3F1080100
:10D2C0008E4280F0CD805BF8103C0AFA08F1A9F19B
:10D2D0001009103D23FA0EF2114340F8101C09EB1F
:10D2E0000C018E42C2D365449A46BDE055460146C4
:10D2F0009A46BCE0009819460544B5E0009892466D
:10D300002844051FB0E08878CD1C8BF802000BF193
:10D310000300032E0ED32E1F043816F8045F00F806
:10D32000045F75784570B5788570F578C570051D12
:10D330009D42F2D1A2EB0A0201EB0A0922F0030698
:10D3400019F0030503EB060C62D0CDE9056200225B
:10D35000C5F104040AA80A922844E6071EBF99F8FA
:10D36000002002700122A40744BF39F80240845211
:10D370000A984FEAC50EA9EB0506CEF100081A1D62
:10D38000CDF81C90624504955ED26A42CDF80880C3
:10D390008D185A4608F0180B039205EB0A0402EBAD
:10D3A0000A0620FA0EF0D4F8049009FA0BF10143B2
:10D3B000304640F8081B604549D2A16829FA0EF9A9
:10D3C00001FA0BF343EA0903736006F10C036345AA
:10D3D00040D2D4F80C9021FA0EF109FA0BF841EA88
:10D3E0000801016006F11000604580F09E80206910
:10D3F00029FA0EF11032103500FA0BF421431960AE
:10D4000002EB0A03191D6145C7D3554481468EE0DE
:10D41000634580F0BE804946086843F8040B6345C5
:10D4200080F0B780486843F8040B63453EBF8868C6
:10D4300043F8040B634580F0AC80C868103143F8B2
:10D44000040B6345E8D3A4E08146354671E0251D11
:10D45000331D6CE004F1080506F10803894666E017
:10D4600000982844A0F10805DDF80CB0019C049E4A
:10D470000DA80023AA1900EB060C101FC6F1040228
:10D480000D93D5071EBF03788CF800300123920757
:10D4900044BFC25A2CF803200D9804F01802079ECE
:10D4A0000AFA02F220FA0EF0DDF808E0104341F823
:10D4B000040CDDE9051006EB00090EF0030201EB98
:10D4C000000AA9EB0201494580F09580531E12F035
:10D4D000030013D055464A4615F8016D012802F89D
:10D4E000016D0DD055464A4615F8026D022802F826
:10D4F000026D05D01AF8030D09F8030D55464A468A
:10D50000032B78D3A81E437802F8013C037802F875
:10D51000023C10F8013C02F8033C10F8023C0438CD
:10D5200002F8043D9142EED365E004F10C05DDE91B
:10D53000028B049800228DF82420012807F8322C51
:10D540000ED109A8002400260799C90713D0291D68
:10D55000895D017017F8320C9DF8242000040BE05F
:10D56000687902262A798DF824200402A7F1320076
:10D570000799C907EBD10020204329FA0EF1104387
:10D5800008F01802DDF81C909040DDE905620843C0
:10D59000186009EB060102F003020CEB02039C4544
:10D5A00029D2561E12F0030512D00A46604612F820
:10D5B000014B012D00F8014B0CD04878022D8CF85E
:10D5C00001001DD18A1C0CF10200032E04D212E0CE
:10D5D00060460A46032E0ED3111F043811F8042F9B
:10D5E00000F8042F4A7842708A788270CA78C27034
:10D5F000021D9A42F2D158460EB0BDE8000FF0BDB0
:10D600008878CA1C8CF802000CF10300032EE3D2C8
:10D61000F1E780B56F4604290DD35FFA82FC4FF025
:10D6200001330CFB03FCA1F1040E6FEA0E0313F0AF
:10D630000C0F02D118E0034622E003461EF00C0F47
:10D6400043F804CB08D00EF00C03C0F804C0042B40
:10D6500005D10839083006E07146184604E0C0F8E4
:10D6600008C00C390C300346BEF10C0F08D303463A
:10D670001039C3E900CCC3E902CC10330329F7D831
:10D680005818834220D2A1F1010C11F0030E0DD0E5
:10D690001946BEF1010F01F8012B08D05A70BEF1F6
:10D6A000020F1ABF9A70D91C991C00E01946BCF1F0
:10D6B000030F38BF80BD043901F8042F0B1D8342CE
:10D6C000CA708A704A70F7D180BD80B56F46042950
:10D6D00005D30B1FDA4312F00C0F02D11AE00246F9
:10D6E00024E04FF0000C024642F804CB13F00C0F7C
:10D6F00008D003F00C02C0F804C0042A05D1083990
:10D70000083006E01946104604E000220C39826019
:10D710000C3002460C2B09D3002302461039C2E913
:10D720000033C2E9023310320329F7D8501882427D
:10D7300021D2A1F1010C11F003030CD04FF0000E27
:10D74000114601F801EB012B0AD0022B82F801E00F
:10D7500003D1911C04E0114602E000219170D11C1C
:10D76000BCF1030F38BF80BD0439002241F8042FFB
:10D770000B1D8342FAD180BD80B56F4693060BD452
:10D780004AB102F01F03524202F01F02D84001FAD0
:10D7900002F21043D94080BD02F01F0021FA00F0D0
:10D7A000002180BD80B56F4693060BD44AB102F0CC
:10D7B0001F03524202F01F02994020FA02F2114365
:10D7C000984080BD02F01F0100FA01F1002080BDE9
:10D7D00080B56F46BDE88040FFF757BC80B56F4607
:10D7E000BDE88040FFF751BCB0B502AF10293FD370
:10D7F000424202F003054219904220D2A5F1010CE9
:10D800008DB1002386460EF8013B012D07D04370F1
:10D81000022D1ABF837000F1030E00F1020EBCF15D
:10D82000030F04D20BE08646BCF1030F07D3AEF121
:10D830000400002340F8043F041D9442FAD1491B20
:10D8400021F003001044824210D2002342F8043B2E
:10D8500082420BD242F8043B82423CBF42F8043B76
:10D86000824203D242F8043B8242EFD301F003012B
:10D87000421890421FD24B1E11F003040CD04FF0FF
:10D88000000C014601F801CB012C0AD0022C80F8D3
:10D8900001C003D1811C04E0014602E00021817037
:10D8A000C11C032B38BFB0BD081F002140F8041F66
:10D8B000031D9342FAD1B0BD042A09D3D0B502AFFB
:10D8C000A2F1040E6FEA0E0313F00C0F06D123E051
:10D8D0000B46844660461946FFF78CBA0B468446D1
:10D8E00053F8044B1EF00C0F4CF8044B09D04B6856
:10D8F00043600EF00C03042B07D1083A08310830BE
:10D9000008E072466046194606E08B680C3A836070
:10D910000C310C3084460B46BEF10C0F14D38446F8
:10D920000B461868103ACCF80000032A5868CCF867
:10D9300004009868CCF80800D86803F11003CCF80C
:10D940000C000CF1100CECD8BDE8D0406046194634
:10D95000FFF750BA80B56F46042905D30B1FDA4391
:10D9600012F00C0F02D11AE0024624E04FF0000C36
:10D97000024642F804CB13F00C0F08D003F00C025F
:10D98000C0F804C0042A05D10839083006E0194659
:10D99000104604E000220C3982600C3002460C2B49
:10D9A00009D3002302461039C2E90033C2E9023329
:10D9B00010320329F7D85018824221D2A1F1010C6C
:10D9C00011F003030CD04FF0000E114601F801EBEB
:10D9D000012B0AD0022B82F801E003D1911C04E054
:10D9E000114602E000219170D11CBCF1030F38BF39
:10D9F00080BD0439002241F8042F0B1D8342FAD167
:10DA000080BD80B56F46BDE88040FFF7F3B980B5B3
:10DA10006F46BDE88040FFF7EDB9D4D410B584B0AF
:10DA200002AC009400F004F8029A039B04B010BD0D
:10DA300080B56F4686B0844602A8CDE900236246D1
:10DA40000B4600F00DF8D7F808C0DDE90201BCF183
:10DA5000000F1CBFDDE90432CCE9003206B080BD06
:10DA6000F0B503AF2DE9000BD7E902E8BEF1000FD6
:10DA700072D0B8F1000F6FD1002B00F0FC8073451D
:10DA800080F00781B3FA83F1BEFA8EF6711A01F1C4
:10DA9000200608BF1F26C6F1200508FA06F10EFA77
:10DAA00006F82EFA05F52943B6F1200506F01F0603
:10DAB00058BF0EFA05F14FF0010505FA06FC4FF0CC
:10DAC000000558BF4FF0000808E0224633464FEAF1
:10DAD000181444EA01784FEA1C1C0909B2EB080447
:10DAE00063EB0106002E03D445EA0C0502D12DE0BC
:10DAF00014461E465FEA51034FEA3802A21A66EB4B
:10DB00000303002B04D445EA5C05144602D11DE052
:10DB1000224633464FEA980444EA8174141B63EBAF
:10DB20009106002E03D445EA9C0502D10EE014466E
:10DB30001E464FEAD80242EA4172A21A66EBD103AE
:10DB4000002BC2D445EADC051446C0D1B4FBFEF17B
:10DB500001FB1E46294392E00021002B00F080804B
:10DB6000B2EB0E0673EB08067AD3B3FA83F1B8FA78
:10DB700088F6711A01F03F0601F01F01C6F120047A
:10DB800008FA06F50EFA06FC2EFA04F42C43B6F158
:10DB9000200558BF0EFA05F44FF0010505FA01F90A
:10DBA0004FF0000158BF4FF0000C08E032462B4602
:10DBB0004FEA1C1646EA047C4FEA19192409B2EB15
:10DBC0000C0673EB040507D441EA0901B6EB0E021B
:10DBD00075EB080202D23AE016461D465FEA54038E
:10DBE0004FEA3C02B21A75EB030309D4B2EB0E05FF
:10DBF00041EA590173EB080516461D4602D226E09C
:10DC000032462B464FEA9C0545EA8475561B63EB6A
:10DC10009405002D07D441EA9901B6EB0E0275EB8D
:10DC2000080202D213E016461D464FEADC0242EA21
:10DC30004472B21A65EBD403002BB7D4B2EB0E05D5
:10DC400041EAD90173EB080516461D46B0D24FF0E4
:10DC5000000CC0E9001CC0E90265BDE8000BF0BD86
:10DC60004FF0000C16461D46C0E9001CC0E90265D5
:10DC7000BDE8000BF0BDB2FBFEF101FB1E264FF02C
:10DC8000000C0025C0E9001CC0E90265BDE8000BDE
:10DC9000F0BD0DD1B2FBF3F1002501FB13264FF0CF
:10DCA000010CC0E9001CC0E90265BDE8000BF0BD35
:10DCB000B3FBFEFCBEF5803F0CFB1E351AD22904D7
:10DCC000002541EA1241B1FBFEF303FB0EF14CEAE1
:10DCD000134CC1EB1241C2EA0141B1FBFEF202FB5F
:10DCE0001E1642EA0341C0E9001CC0E90265BDE816
:10DCF000000BF0BDB2EB0E0175EB080108D200215C
:10DD00001646C0E9001CC0E90265BDE8000BF0BD85
:10DD10004FEAC87141EA5E034FEACE794FF00048FE
:10DD2000002108E0224635464FEA191444EA0379F7
:10DD30004FEA18181B09B2EB090465EB0306002E25
:10DD400003D441EA080102D12DE014462E465FEAD1
:10DD500053054FEA3902A21A66EB0505002D04D4DB
:10DD600041EA5801144602D11DE0224635464FEAE9
:10DD7000990444EA8374141B65EB9306002E03D4C4
:10DD800041EA980102D10EE014462E464FEAD9022C
:10DD900042EA4372A21A66EBD305002DC2D441EACF
:10DDA000D8011446C0D1B4FBFEF2002502FB1E468A
:10DDB0001143C0E9001CC0E90265BDE8000BF0BDDD
:08DDC00080B56F46FEE7D4D4E4
:10DDC800433A5C55736572735C6C656D6F6E5C2E5F
:10DDD800636172676F5C72656769737472795C738B
:10DDE80072635C696E6465782E6372617465732E04
:10DDF800696F2D3139343963663863366235623577
:10DE08003537665C74726F75626C652D686F7374F4
:10DE18002D302E382E305C7372635C636F6D6D61CC
:10DE28006E642E727300C0023A20C000433A5C55FB
:10DE3800736572735C6C656D6F6E5C2E636172677F
:10DE48006F5C72656769737472795C7372635C691D
:10DE58006E6465782E6372617465732E696F2D31F7
:10DE68003934396366386336623562353537665C0E
:10DE780072616E645F636F72652D302E362E345C6E
:10DE88007372635C696D706C732E727300433A5CD5
:10DE980055736572735C6C656D6F6E5C726D6B5CEF
:10DEA800726D6B5C7372635C6D61747269782E72EB
:10DEB8007300433A5C55736572735C6C656D6F6E85
:10DEC8005C2E636172676F5C7265676973747279DF
:10DED8005C7372635C696E6465782E6372617465E5
:10DEE800732E696F2D31393439636638633662357C
:10DEF80062353537665C74726F75626C652D686F54
:10DF080073742D302E382E305C7372635C706475B8
:10DF18002E72730010617373657274696F6E20607E
:10DF28006C65667420C0102072696768746020662A
:10DF380061696C65643A20C0090A20206C656674C2
:10DF48003A20C0090A2072696768743A20C0004301
:10DF58003A5C55736572735C6C656D6F6E5C2E63AD
:10DF68006172676F5C72656769737472795C7372EA
:10DF7800635C696E6465782E6372617465732E697B
:10DF88006F2D313934396366386336623562353519
:10DF980037665C626C6F636B2D6275666665722DA1
:10DFA800302E31302E345C7372635C6C69622E7271
:10DFB8007300433A5C55736572735C6C656D6F6E84
:10DFC8005C2E636172676F5C7265676973747279DE
:10DFD8005C7372635C696E6465782E6372617465E4
:10DFE800732E696F2D31393439636638633662357B
:10DFF80062353537665C74726F75626C652D686F53
:10E0080073742D302E382E305C7372635C636861D4
:10E018006E6E656C5F6D616E616765722E727300FE
:10E02800433A5C55736572735C6C656D6F6E5C2EFC
:10E03800636172676F5C72656769737472795C7328
:10E0480072635C696E6465782E6372617465732EA1
:10E05800696F2D3139343963663863366235623514
:10E068003537665C6E72662D7061632D302E342EE6
:10E07800305C7372635C2E5C63686970735C6E728B
:10E088006635323834305C7061632E727300433AFF
:10E098005C55736572735C6C656D6F6E5C2E636145
:10E0A80072676F5C72656769737472795C737263A7
:10E0B8005C696E6465782E6372617465732E696F2E
:10E0C8002D31393439636638633662356235353710
:10E0D800665C74726F75626C652D686F73742D3031
:10E0E8002E382E305C7372635C637572736F722E98
:10E0F800727300433A5C55736572735C6C656D6F3F
:10E108006E5C2E636172676F5C72656769737472A7
:10E11800795C7372635C696E6465782E637261748E
:10E1280065732E696F2D3139343963663863366209
:10E138003562353537665C74726F75626C652D684B
:10E148006F73742D302E382E305C7372635C676188
:10E1580074742E727300117374617274206279740E
:10E168006520696E64657820C026206973206E6F0B
:10E17800742061206368617220626F756E646172D9
:10E18800793B20697420697320696E73696465201E
:10E19800C0082028627974657320C00B206F662040
:10E1A800737472696E6729000F656E6420627974F2
:10E1B8006520696E64657820C026206973206E6FBB
:10E1C800742061206368617220626F756E64617289
:10E1D800793B20697420697320696E7369646520CE
:10E1E800C0082028627974657320C00B206F6620F0
:10E1F800737472696E672900433A5C55736572736C
:10E208005C6C656D6F6E5C2E636172676F5C7265C6
:10E218006769737472795C7372635C696E6465783C
:10E228002E6372617465732E696F2D3139343963C9
:10E2380066386336623562353537665C7365717585
:10E24800656E7469616C2D73746F726167652D38C2
:10E258002E302E315C7372635C6974656D2E727337
:10E2680000433A5C55736572735C6C656D6F6E5CE8
:10E278002E636172676F5C72656769737472795C2B
:10E288007372635C696E6465782E6372617465731A
:10E298002E696F2D313934396366386336623562D9
:10E2A800353537665C74726F75626C652D686F738F
:10E2B800742D302E382E305C7372635C7365637511
:10E2C800726974795F6D616E616765725C6372799A
:10E2D80070746F2E727300433A5C55736572735C89
:10E2E8006C656D6F6E5C2E636172676F5C726567DB
:10E2F80069737472795C7372635C696E6465782E95
:10E308006372617465732E696F2D313934396366B0
:10E31800386336623562353537665C74726F75629C
:10E328006C652D686F73742D302E382E305C7372C7
:10E33800635C6174747269627574652E72730043EC
:10E348003A5C55736572735C6C656D6F6E5C2E63B9
:10E358006172676F5C72656769737472795C7372F6
:10E36800635C696E6465782E6372617465732E6987
:10E378006F2D313934396366386336623562353525
:10E3880037665C6465666D742D7274742D312E3336
:10E398002E305C7372635C6368616E6E656C2E729E
:10E3A8007300433A5C55736572735C6C656D6F6E90
:10E3B8005C2E636172676F5C7265676973747279EA
:10E3C8005C7372635C696E6465782E6372617465F0
:10E3D800732E696F2D313934396366386336623587
:10E3E80062353537665C656D62617373792D6E725F
:10E3F800662D302E31312E305C7372635C74696D1A
:10E40800655F6472697665722E72730000433A5CC8
:10E4180055736572735C6C656D6F6E5C2E636172AB
:10E42800676F5C72656769737472795C7372635C39
:10E43800696E6465782E6372617465732E696F2DD9
:10E448003139343963663863366235623535376653
:10E458005C64626C2D302E332E325C7372635C6C9C
:10E4680069622E7273000F417420706167652069BC
:10E478006E6465783A20C0002F72757374632F3804
:10E4880038643965313261653137386661623066C2
:10E498006235636330353061393464613835363814
:10E4A800356434343965612F6C6962726172792F11
:10E4B800636F72652F7372632F7374722F6D6F643D
:10E4C8002E727300433A5C55736572735C6C656DAC
:10E4D8006F6E5C2E636172676F5C726567697374D7
:10E4E80072795C7372635C696E6465782E637261BD
:10E4F8007465732E696F2D31393439636638633624
:10E50800623562353537665C74726F75626C652D7D
:10E51800686F73742D302E382E305C7372635C70A4
:10E5280065726970686572616C2E727300433A5C3B
:10E5380055736572735C6C656D6F6E5C2E6361728A
:10E54800676F5C72656769737472795C7372635C18
:10E55800696E6465782E6372617465732E696F2DB8
:10E568003139343963663863366235623535376632
:10E578005C656D62617373792D73796E632D302ECE
:10E58800382E305C7372635C7075627375625C7090
:10E5980075626C69736865722E727300156279749E
:10E5A800652072616E67652073746172747320618F
:10E5B8007420C00D2062757420656E6473206174C8
:10E5C80020C00026636F70795F66726F6D5F736C31
:10E5D8006963653A20736F7572636520736C69634C
:10E5E80065206C656E6774682028C02B2920646FCD
:10E5F8006573206E6F74206D617463682064657341
:10E6080074696E6174696F6E20736C696365206CE0
:10E61800656E6774682028C0012900433A5C557309
:10E628006572735C6C656D6F6E5C2E636172676F8B
:10E638005C72656769737472795C7372635C696E26
:10E648006465782E6372617465732E696F2D313934
:10E6580034396366386336623562353537665C65EA
:10E668006D62617373792D73796E632D302E382E38
:10E67800305C7372635C7075627375625C7375622B
:10E68800736372696265722E727300433A5C5573E4
:10E698006572735C6C656D6F6E5C2E636172676F1B
:10E6A8005C72656769737472795C7372635C696EB6
:10E6B8006465782E6372617465732E696F2D3139C4
:10E6C80034396366386336623562353537665C746B
:10E6D800726F75626C652D686F73742D302E382ECD
:10E6E800305C7372635C74797065735C7072696DA9
:10E6F8006974697665732E727300433A5C55736565
:10E7080072735C6C656D6F6E5C2E636172676F5CB3
:10E7180072656769737472795C7372635C696E643D
:10E7280065782E6372617465732E696F2D31393483
:10E73800396366386336623562353537665C656DD0
:10E7480062617373792D6E72662D302E31312E30E1
:10E758005C7372635C73616164632E727300C000E2
:10E76800433A5C55736572735C6C656D6F6E5C2EB5
:10E77800636172676F5C72656769737472795C73E1
:10E7880072635C696E6465782E6372617465732E5A
:10E79800696F2D31393439636638633662356235CD
:10E7A8003537665C74726F75626C652D686F73744B
:10E7B8002D302E382E305C7372635C7479706573FB
:10E7C8005C757569642E727300433A5C55736572A3
:10E7D800735C6C656D6F6E5C726D6B5C726D6B5C9F
:10E7E8007372635C626C655C6164762E727300435D
:10E7F8003A5C55736572735C6C656D6F6E5C2E6305
:10E808006172676F5C72656769737472795C737241
:10E81800635C696E6465782E6372617465732E69D2
:10E828006F2D313934396366386336623562353570
:10E8380037665C62742D6863692D302E31302E3155
:10E848005C7372635C706172616D2E727300433A1F
:10E858005C55736572735C6C656D6F6E5C2E63617D
:10E8680072676F5C72656769737472795C737263DF
:10E878005C696E6465782E6372617465732E696F66
:10E888002D31393439636638633662356235353748
:10E89800665C656D62617373792D6E72662D302EBC
:10E8A80031312E305C7372635C726E672E72730046
:10E8B800433A5C55736572735C6C656D6F6E5C2E64
:10E8C800636172676F5C72656769737472795C7390
:10E8D80072635C696E6465782E6372617465732E09
:10E8E800696F2D313934396366386336623562357C
:10E8F8003537665C74726F75626C652D686F7374FA
:10E908002D302E382E305C7372635C636F6E6E65CB
:10E918006374696F6E5F6D616E616765722E727385
:10E9280000433A5C55736572735C6C656D6F6E5C21
:10E938002E636172676F5C72656769737472795C64
:10E948007372635C696E6465782E63726174657353
:10E958002E696F2D31393439636638633662356212
:10E96800353537665C74726F75626C652D686F73C8
:10E97800742D302E382E305C7372635C617474723F
:10E9880069627574655F7365727665725C636C69DC
:10E99800656E745F6174745F7461626C652E727306
:10E9A80000433A5C55736572735C6C656D6F6E5CA1
:10E9B800726D6B5C726D6B5C7372635C73706C69A7
:10E9C800745C626C655C7065726970686572616CB4
:10E9D8002E72730016736C69636520696E646578BE
:10E9E8002073746172747320617420C00D20627585
:10E9F8007420656E647320617420C000433A5C55CE
:10EA0800736572735C6C656D6F6E5C726D6B5C7256
:10EA18006D6B5C7372635C73706C69745C626C655B
:10EA28005C6D6F642E727300433A5C557365727344
:10EA38005C6C656D6F6E5C2E636172676F5C72658E
:10EA48006769737472795C7372635C696E64657804
:10EA58002E6372617465732E696F2D313934396391
:10EA680066386336623562353537665C7070762D88
:10EA78006C69746538362D302E322E32315C7372E3
:10EA8800635C67656E657269632E727300433A5CF6
:10EA980055736572735C6C656D6F6E5C2E63617225
:10EAA800676F5C72656769737472795C7372635CB3
:10EAB800696E6465782E6372617465732E696F2D53
:10EAC80031393439636638633662356235353766CD
:10EAD8005C74726F75626C652D686F73742D302E5F
:10EAE800382E305C7372635C636F6E6E6563746935
:10EAF8006F6E2E727300433A5C55736572735C6C6B
:10EB0800656D6F6E5C2E636172676F5C72656769B5
:10EB1800737472795C7372635C696E6465782E6372
:10EB280072617465732E696F2D31393439636638B3
:10EB38006336623562353537665C73657175656E47
:10EB48007469616C2D73746F726167652D382E302E
:10EB58002E315C7372635C6D61702E727300206974
:10EB68006E646578206F7574206F6620626F756EAD
:10EB780064733A20746865206C656E20697320C0E0
:10EB880012206275742074686520696E6465782047
:10EB9800697320C000433A5C55736572735C6C6599
:10EBA8006D6F6E5C2E636172676F5C726567697307
:10EBB8007472795C7372635C696E6465782E6372D3
:10EBC800617465732E696F2D313934396366386322
:10EBD80036623562353537665C656D6261737379A7
:10EBE8002D74696D652D302E352E315C7372635C22
:10EBF800696E7374616E742E727300433A5C557358
:10EC08006572735C6C656D6F6E5C726D6B5C726D5A
:10EC18006B5C7372635C73706C69745C7065726949
:10EC280070686572616C2E727300433A5C55736547
:10EC380072735C6C656D6F6E5C2E636172676F5C7E
:10EC480072656769737472795C7372635C696E6408
:10EC580065782E6372617465732E696F2D3139344E
:10EC6800396366386336623562353537665C6165A7
:10EC7800732D302E382E345C7372635C736F667438
:10EC88005C666978736C69636533322E7273002F22
:10EC980072757374632F3838643965313261653140
:10ECA80037386661623066623563633035306139A2
:10ECB80034646138353638356434343965612F6CDD
:10ECC8006962726172792F636F72652F7372632F35
:10ECD800666D742F6D6F642E7273002F7275737466
:10ECE800632F383864396531326165313738666188
:10ECF8006230666235636330353061393464613857
:10ED0800353638356434343965612F6C696272611F
:10ED180072792F636F72652F7372632F736C6963D7
:10ED2800652F6D6F642E727300433A5C557365727C
:10ED3800735C6C656D6F6E5C2E636172676F5C727D
:10ED4800656769737472795C7372635C696E646514
:10ED5800782E6372617465732E696F2D3139343979
:10ED68006366386336623562353537665C74726F50
:10ED780075626C652D686F73742D302E382E305C7B
:10ED88007372635C73656375726974795F6D616EC4
:10ED9800616765725C70616972696E675C706572E3
:10EDA8006970686572616C2E727300433A5C5573C2
:10EDB8006572735C6C656D6F6E5C2E636172676FF4
:10EDC8005C72656769737472795C7372635C696E8F
:10EDD8006465782E6372617465732E696F2D31399D
:10EDE80034396366386336623562353537665C7444
:10EDF800726F75626C652D686F73742D302E382EA6
:10EE0800305C7372635C73656375726974795F6D86
:10EE1800616E616765725C70616972696E675C7565
:10EE280074696C2E7273002F72757374632F38387F
:10EE380064396531326165313738666162306662DE
:10EE48003563633035306139346461383536383587
:10EE58006434343965612F6C6962726172792F6329
:10EE68006F72652F7372632F736C6963652F697492
:10EE780065722E727300433A5C55736572735C6CED
:10EE8800656D6F6E5C2E636172676F5C7265676932
:10EE9800737472795C7372635C696E6465782E63EF
:10EEA80072617465732E696F2D3139343963663830
:10EEB8006336623562353537665C656D62617373DA
:10EEC800792D73796E632D302E382E305C73726312
:10EED8005C7075627375625C6D6F642E727300434B
:10EEE8003A5C55736572735C6C656D6F6E5C726DC0
:10EEF8006B5C726D6B5C7372635C6576656E745C7B
:10EF0800626174746572792E727300433A5C55734A
:10EF18006572735C6C656D6F6E5C2E636172676F92
:10EF28005C72656769737472795C7372635C696E2D
:10EF38006465782E6372617465732E696F2D31393B
:10EF480034396366386336623562353537665C74E2
:10EF5800726F75626C652D686F73742D302E382E44
:10EF6800305C7372635C6174747269627574655F36
:10EF78007365727665722E727300433A5C557365D9
:10EF880072735C6C656D6F6E5C2E636172676F5C2B
:10EF980072656769737472795C7372635C696E64B5
:10EFA80065782E6372617465732E696F2D313934FB
:10EFB800396366386336623562353537665C737433
:10EFC800617469635F63656C6C2D322E312E315C20
:10EFD8007372635C6C69622E7273001072616E6783
:10EFE8006520656E6420696E64657820C022206F94
:10EFF8007574206F662072616E676520666F722077
:10F00800736C696365206F66206C656E6774682031
:10F01800C000433A5C55736572735C6C656D6F6EC6
:10F028005C2E636172676F5C72656769737472796D
:10F038005C7372635C696E6465782E637261746573
:10F04800732E696F2D31393439636638633662350A
:10F0580062353537665C6465666D742D312E312EE8
:10F06800315C7372635C6C69622E727300433A5C44
:10F0780055736572735C6C656D6F6E5C2E6361723F
:10F08800676F5C72656769737472795C7372635CCD
:10F09800696E6465782E6372617465732E696F2D6D
:10F0A80031393439636638633662356235353766E7
:10F0B8005C74726F75626C652D686F73742D302E79
:10F0C800382E305C7372635C6174742E727300FF47
:10F0D800FFFFFF1F00433A5C55736572735C6C65F4
:10F0E8006D6F6E5C726D6B5C726D6B5C7372635C82
:10F0F80073746F726167655C6D6F642E7273004321
:10F108003A5C55736572735C6C656D6F6E5C726D9D
:10F118006B5C726D6B5C7372635C6576656E745C58
:10F128006D6F642E7273001173746172742062794A
:10F13800746520696E64657820C027206973206F24
:10F148007574206F6620626F756E647320666F72C7
:10F1580020737472696E67206F66206C656E6774C1
:10F168006820C0001272616E6765207374617274E2
:10F1780020696E64657820C022206F7574206F66E0
:10F188002072616E676520666F7220736C696365B3
:10F19800206F66206C656E67746820C000433A5C17
:10F1A80055736572735C6C656D6F6E5C2E6361720E
:10F1B800676F5C72656769737472795C7372635C9C
:10F1C800696E6465782E6372617465732E696F2D3C
:10F1D80031393439636638633662356235353766B6
:10F1E8005C656D6265646465642D696F2D302E37CA
:10F1F8002E315C7372635C696D706C735C736C69DF
:10F2080063655F6D75742E727300433A5C55736560
:10F2180072735C6C656D6F6E5C2E636172676F5C98
:10F2280072656769737472795C7372635C696E6422
:10F2380065782E6372617465732E696F2D31393468
:10F24800396366386336623562353537665C7472A1
:10F258006F75626C652D686F73742D302E382E3083
:10F268005C7372635C73656375726974795F6D61F1
:10F278006E616765725C70616972696E675C63650F
:10F288006E7472616C2E727300433A5C55736572CA
:10F29800735C6C656D6F6E5C2E636172676F5C7218
:10F2A800656769737472795C7372635C696E6465AF
:10F2B800782E6372617465732E696F2D3139343914
:10F2C8006366386336623562353537665C62742D3D
:10F2D8006863692D302E31302E315C7372635C6C3B
:10F2E80069622E727300433A5C55736572735C6C85
:10F2F800656D6F6E5C2E636172676F5C72656769BE
:10F30800737472795C7372635C696E6465782E637A
:10F3180072617465732E696F2D31393439636638BB
:10F328006336623562353537665C6465666D742DA3
:10F338007274742D312E332E305C7372635C6C6979
:10F34800622E7273000F556E6B6E6F776E2065724A
:10F35800726E6F3A20C000433A5C55736572735CF5
:10F368006C656D6F6E5C2E636172676F5C7265674A
:10F3780069737472795C7372635C696E6465782E04
:10F388006372617465732E696F2D31393439636620
:10F39800386336623562353537665C736571756515
:10F3A8006E7469616C2D73746F726167652D382E88
:10F3B800302E315C7372635C6C69622E7273004329
:10F3C8003A5C55736572735C6C656D6F6E5C2E6329
:10F3D8006172676F5C72656769737472795C737266
:10F3E800635C696E6465782E6372617465732E69F7
:10F3F8006F2D313934396366386336623562353595
:10F4080037665C6E72662D7364632D302E342E3031
:10F418005C7372635C7364632E727300433A5C5569
:10F42800736572735C6C656D6F6E5C726D6B5C722C
:10F438006D6B5C7372635C7761746368646F675C3F
:10F448006E726635322E7273007372635C70657209
:10F458006970686572616C322E727300433A5C554C
:10F46800736572735C6C656D6F6E5C2E6361726739
:10F478006F5C72656769737472795C7372635C69D7
:10F488006E6465782E6372617465732E696F2D31B1
:10F498003934396366386336623562353537665CC8
:10F4A800656D62617373792D73796E632D302E38B3
:10F4B8002E305C7372635C6D757465782E727300A0
:10F4C800433A5C55736572735C6C656D6F6E5C2E48
:10F4D800636172676F5C72656769737472795C7374
:10F4E80072635C696E6465782E6372617465732EED
:10F4F800696F2D3139343963663863366235623560
:10F508003537665C656D62617373792D6E72662D31
:10F51800302E31312E305C7372635C6770696F74A2
:10F52800652E727300433A5C55736572735C6C6543
:10F538006D6F6E5C726D6B5C726D6B5C7372635C2D
:10F548006576656E745C696E7075742E72730043AF
:10F558003A5C55736572735C6C656D6F6E5C2E6397
:10F568006172676F5C72656769737472795C7372D4
:10F57800635C696E6465782E6372617465732E6965
:10F588006F2D313934396366386336623562353503
:10F5980037665C74726F75626C652D686F73742D55
:10F5A800302E382E305C7372635C686F73742E7201
:10F5B8007300433A5C55736572735C6C656D6F6E6E
:10F5C8005C2E636172676F5C7265676973747279C8
:10F5D8005C7372635C696E6465782E6372617465CE
:10F5E800732E696F2D313934396366386336623565
:10F5F80062353537665C706F7374636172642D3180
:10F608002E312E335C7372635C766172696E742E70
:10F61800727300433A5C55736572735C6C656D6F09
:10F628006E5C2E636172676F5C7265676973747272
:10F63800795C7372635C696E6465782E6372617459
:10F6480065732E696F2D31393439636638633662D4
:10F658003562353537665C62742D6863692D302EE6
:10F6680031302E315C7372635C646174612E727325
:10F6780000433A5C55736572735C6C656D6F6E5CC4
:10F688002E636172676F5C72656769737472795C07
:10F698007372635C696E6465782E637261746573F6
:10F6A8002E696F2D313934396366386336623562B5
:10F6B800353537665C74726F75626C652D686F736B
:10F6C800742D302E382E305C7372635C7061636BFE
:10F6D80065745F706F6F6C2E727300433A5C55737C
:10F6E8006572735C6C656D6F6E5C2E636172676FBB
:10F6F8005C72656769737472795C7372635C696E56
:10F708006465782E6372617465732E696F2D313963
:10F7180034396366386336623562353537665C720C
:10F72800616E645F636F72652D302E362E345C73A4
:10F7380072635C626C6F636B2E727300433A5C5544
:10F74800736572735C6C656D6F6E5C2E6361726756
:10F758006F5C72656769737472795C7372635C69F4
:10F768006E6465782E6372617465732E696F2D31CE
:10F778003934396366386336623562353537665CE5
:10F78800656D62617373792D6E72662D302E31311D
:10F798002E305C7372635C7573625C6D6F642E727D
:10F7A8007300433A5C55736572735C6C656D6F6E7C
:10F7B8005C2E636172676F5C7265676973747279D6
:10F7C8005C7372635C696E6465782E6372617465DC
:10F7D800732E696F2D313934396366386336623573
:10F7E80062353537665C62742D6863692D302E3159
:10F7F800302E315C7372635C6576656E742E72733D
:10F80800000F656E64206279746520696E6465789E
:10F8180020C027206973206F7574206F6620626F7F
:10F82800756E647320666F7220737472696E6720D8
:10F838006F66206C656E67746820C000C0013AC0AE
:10F84800013AC000433A5C55736572735C6C656D30
:10F858006F6E5C2E636172676F5C72656769737443
:10F8680072795C7372635C696E6465782E63726129
:10F878007465732E696F2D31393439636638633690
:10F88800623562353537665C686561706C657373BF
:10F898002D302E392E335C7372635C7665635C6D34
:10F8A8006F642E727300433A5C55736572735C6CB7
:10F8B800656D6F6E5C726D6B5C726D6B5C737263A1
:10F8C8005C696E7075745F6465766963655C6261B6
:10F8D80074746572792E727300433A5C557365725D
:10F8E800735C6C656D6F6E5C2E636172676F5C72C2
:10F8F800656769737472795C7372635C696E646559
:10F90800782E6372617465732E696F2D31393439BD
:10F918006366386336623562353537665C74726F94
:10F9280075626C652D686F73742D302E382E305CBF
:10F938007372635C6C326361705C7361722E727394
:10F9480000433A5C55736572735C6C656D6F6E5CF1
:10F958002E636172676F5C72656769737472795C34
:10F968007372635C696E6465782E63726174657323
:10F978002E696F2D313934396366386336623562E2
:10F98800353537665C667574757265732D7574697F
:10F998006C2D302E332E33345C7372635C66757451
:10F9A8007572655C6D617962655F646F6E652E72F4
:10F9B8007300433A5C55736572735C6C656D6F6E6A
:10F9C8005C2E636172676F5C7265676973747279C4
:10F9D8005C7372635C696E6465782E6372617465CA
:10F9E800732E696F2D313934396366386336623561
:10F9F80062353537665C6E72662D6D70736C2D30AE
:10FA08002E342E305C7372635C666C6173682E7280
:10FA18007300433A5C55736572735C6C656D6F6E09
:10FA28005C726D6B5C726D6B5C7372635C696E703B
:10FA380075745F6465766963655C726F7461727909
:10FA48005F656E636F6465722E727300433A5C552E
:10FA5800736572735C6C656D6F6E5C726D6B5C72F6
:10FA68006D6B5C7372635C696E7075745F646576E8
:10FA78006963655C6164635C6E72662E72730043D1
:10FA88003A5C55736572735C6C656D6F6E5C2E6362
:10FA98006172676F5C72656769737472795C73729F
:10FAA800635C696E6465782E6372617465732E6930
:10FAB8006F2D3139343963663863366235623535CE
:10FAC80037665C74726F75626C652D686F73742D20
:10FAD800302E382E305C7372635C7365637572699F
:10FAE80074795F6D616E616765725C6D6F642E72AB
:10FAF800730000000000000000000100000000008A
:10FB080000000000000000000000000000000000ED
:10FB180000000000000000000000000000000000DD
:10FB280000000000000000000000000000000000CD
:10FB380000000000000000000000000000000000BD
:10FB480000000000000000000000000000000000AD
:10FB5800000000000000000000000000000000009D
:10FB6800000000000000000000000000000000008D
:10FB7800000000000000000000000000000000007D
:10FB8800000000000000000000000000000000006D
:10FB9800000000000000000000000000000000005D
:10FBA800000000000000000000000000000000004D
:10FBB800000000000000000000000000000000003D
:10FBC800000000000000000000000000000000002D
:10FBD800000000000000000000000000000000001D
:10FBE800000000000000000000000000000000000D
:10FBF80000000000000000000000000000000000FD
:10FC080000000000000000000000000000000000EC
:10FC180000000000000000000000000000000000DC
:10FC280000000000000000000000000000000000CC
:10FC380000000000000000000000000000000000BC
:10FC480000000000000000000000000000000000AC
:10FC58000000000096E00300640000004600000079
:10FC68002A000000C8DD0300650000002400000031
:10FC78002400000031ED030081000000BA000000FC
:10FC88002F00000031ED030081000000700000002B
:10FC98000D00000012F203007E0000003A0100008F
:10FCA8002F00000012F203007E0000006B0100002C
:10FCB8002B00000012F203007E00000092010000F9
:10FCC8003C00000012F203007E0000005803000010
:10FCD8001900000012F203007E000000610300001A
:10FCE80036000000BADF03006D000000E7000000E6
:10FCF8002A00000057DF030062000000A200000095
:10FD08002700000087FA030072000000DB030000F0
:10FD18002800000087FA030072000000E5030000D5
:10FD28000E00000087FA0300720000006C03000058
:10FD38001D00000087FA0300720000007103000034
:10FD48000E00000087FA0300720000007203000032
:10FD58002D00000087FA030072000000560300001F
:10FD68001D00000087FA0300720000005A0300001B
:10FD78001400000087FA0300720000005B03000013
:10FD88001D00000087FA030072000000380300001D
:10FD98001300000087FA0300720000003803000017
:10FDA8003900000087FA03007200000038030000E1
:10FDB8001C00000087FA03007200000085030000A1
:10FDC8002800000087FA030072000000AD0300005D
:10FDD8001100000087FA030072000000C60300004B
:10FDE8001400000087FA030072000000C703000037
:10FDF8001D000000EB590000080300000800000087
:10FE08000F9E0100059B0100259E01007D9B0100BE
:10FE1800CD9B0100299D0100699C01001D9C0100EA
:10FE2800A1A90100EDA90100FBE0030062000000A8
:10FE38008703000032000000FBE0030062000000BE
:10FE4800B2030000130000000000000004000000DE
:10FE58000400000091500200B3ED03007B00000095
:10FE68009E0000000E000000B3ED03007B000000C0
:10FE7800750000000E000000B3ED03007B000000D9
:10FE8800840000000D000000B3ED03007B000000BB
:10FE98008400000019000000B3ED03007B0000009F
:10FEA800850000000D000000B3ED03007B0000009A
:10FEB800850000002A000000B3ED03007B0000006D
:10FEC8008D0000000D000000B3ED03007B00000072
:10FED8008D0000001D000000B3ED03007B00000052
:10FEE800B60000000D000000B3ED03007B00000029
:10FEF800C200000005000000B3ED03007B00000015
:10FF0800C30000000C000000B3ED03007B000000FC
:10FF1800C30000001300000076616C7565566563C8
:10FF28003A3A66726F6D5F69746572206F766572B2
:10FF3800666C6F774CF8030061000000B3050000A1
:10FF48001E00000000E2030068000000AF0000008F
:10FF58006400000000E20300680000003A000000AE
:10FF68003000000000E203006800000045000000C7
:10FF78002B00000000E20300680000008100000080
:10FF88003100000000E20300680000009B00000050
:10FF98002C00000000E2030068000000920000004E
:10FFA80041000000000000000300000062746C655E
:10FFB80074727565060000004D70736C7575696420
:10FFC80042757379202020204F70656EBADF0300D8
:10FFD8006D000000C40000002900000000E20300DA
:10FFE80068000000610100002600000000E2030034
:08FFF800680000001101000087
:020000024000BC
:100000002E00000000E20300680000002301000051
:100010002600000000E20300680000004A01000022
:100020001300000000E20300680000004A01000025
:1000300027000000BADF03006D000000DE040000AE
:1000400027000000BADF03006D000000DF0400009D
:1000500019000000BADF03006D000000F304000087
:100060002D000000BADF03006D000000DC0400007A
:100070006D00000029E903007F000000DE010000A0
:100080001700000087FA0300720000001704000048
:100090002E00000087FA0300720000001804000020
:1000A0002D00000087FA0300720000002504000004
:1000B0002400000087FA03007200000026040000FC
:1000C0002D00000057F50300620000001D04000031
:1000D0002D00000057F50300620000008B020000B5
:1000E0000500000057F5030062000000AF010000AA
:1000F0006A00000057F50300620000008002000063
:100100000500000000E20300680000004B02000050
:100110003B00000000E20300680000004E02000007
:100120002D00000057F503006200000025050000C7
:100130000500000000E203006800000070020000FB
:100140003D00000000E20300680000007C020000A7
:100150003D00000057F50300620000004A05000062
:100160000500000057F50300620000006F05000065
:100170003800000057F50300620000006B06000025
:100180003C000000B8E80300700000001504000007
:100190003E000000B8E803007000000024040000E6
:1001A00016000000B8E8030070000000DF03000044
:1001B00005000000FEEA030067000000BF00000029
:1001C0002D000000FEEA030067000000CC000000E4
:1001D0002C000000FEEA030067000000D0000000D1
:1001E0002D000000FEEA030067000000D0000000C0
:1001F0003D0000005B6300000801000008000000F3
:10020000C9E70100FEEA0300670000009201000058
:1002100026000000FEEA030067000000B3010000B2
:1002200026000000FEEA030067000000E301000072
:1002300039000000FEEA0300670000000102000030
:1002400025000000DFE2030067000000000400005A
:100250001C000000DFE2030067000000B1040000A2
:100260001C000000DFE2030067000000F003000054
:100270001C00000007F1030027000000D800000068
:1002800042000000DDF00300290000002F00000004
:1002900068000000DDF00300290000006801000094
:1002A0001D000000D1E703002500000078000000D9
:1002B0005000000003EC03002E000000300000009E
:1002C00003000000A9E9030032000000F000000074
:1002D00050000000A9E9030032000000A700000060
:1002E00003000000726D6B00A9E9030032000000FA
:1002F000B8000000430000000000000004000000FF
:100300000400000071530100D9F900000000000052
:100310000400000004000000A153010055FC00008F
:1003200000000000040000000400000081530100F0
:100330000BFA0000000000000400000004000000B0
:100340009153010039FA0000616C6C206675747578
:1003500072657320696E2073656C65637421207704
:1003600065726520636F6D706C657465642C2062C6
:100370007574206E6F2060636F6D706C657465209E
:100380003D3E602068616E646C6572207761732009
:1003900070726F766964656403EC03002E000000E0
:1003A0006D0000001100000003EC03002E000000AF
:1003B0006C0000002800000064F4030063000000EB
:1003C000500000001F00000057F50300620000000D
:1003D000170100001800000057F50300620000003C
:1003E0001A0100002700000087FA030072000000D5
:1003F000C902000028000000000000000400000006
:1004000004000000B153010009FE000000000000DC
:100410000400000004000000C1530100E9FF0000D7
:10042000AEF803003200000062000000010000008E
:1004300051F40300120000006300000001000000FE
:100440005FF3030067000000110100005600000088
:100450005FF3030067000000CD0000002C000000E7
:100460005FF3030067000000C400000061000000AB
:100470005FF3030067000000DD0000001C000000C7
:100480005FF3030067000000660000003100000019
:100490005FF3030067000000300100002D00000042
:1004A0005FF30300670000004D0000004B000000F8
:1004B0005FF3030067000000AD0000002D000000A6
:1004C0005FF3030067000000B100000011000000AE
:1004D0005FF30300670000003900000046000000E1
:1004E0005FF3030067000000FC00000055000000FF
:1004F000CCE403006800000042000000050000009A
:10050000CCE403006800000073000000100000004D
:10051000CCE4030068000000730000003A00000013
:10052000CCE4030068000000730000001C00000021
:10053000CCE40300680000007A0000001000000016
:10054000CCE40300680000007A0000003B000000DB
:10055000CCE40300680000007A0000001C000000EA
:10056000C8DD030065000000290000002B0000002A
:100570007EEE030068000000B300000027000000CA
:1005800003EC03002E0000005800000028000000CB
:1005900023E603006F000000250000003400000087
:1005A000BADF03006D000000850000003A00000083
:1005B00002000100BADF03006D0000004B020000E2
:1005C00039000000AEF8030032000000A300000074
:1005D00046000000AEF8030032000000C300000037
:1005E0004C000000BAF903005F000000EA000000C0
:1005F0005D000000BAF903005F0000002F01000059
:1006000051000000BAF903005F0000004A01000039
:100610005700000002E7030063000000FC00000038
:100620003800000002E7030063000000DC00000067
:100630002300000057F503006200000015010000D0
:100640001E000000C7F303005C00000099030000D7
:100650005600000029E903007F000000C8010000E7
:100660001B00000029E903007F0000002E020000AB
:100670001B00000029E903007F000000F0010000DA
:100680001700000029E903007F000000F7010000C7
:100690002700000029E903007F000000F9010000A5
:1006A0001900000029E903007F000000F9010000A3
:1006B0002100000029E903007F000000090200007A
:1006C0001B00000029E903007F000000A5010000D5
:1006D0001B00000087FA030072000000C702000040
:1006E0005500000057F5030062000000CD01000036
:1006F0000500000057F5030062000000E70100005C
:100700000500000057F5030062000000BF01000073
:100710002D00000057F50300620000003D020000BC
:100720000500000057F50300620000003D040000D2
:1007300077000000DDF003002900000093010000B5
:100740004C000000DDF00300290000009D010000C6
:100750006A000000DDF003002900000086020000AE
:100760002E000000DDF00300290000005D02000003
:1007700028000000DDF00300290000001B0200003B
:1007800019000000DDF0030029000000A7010000AF
:100790000F00000000E2030068000000F301000009
:1007A0002F0000001AFA03003900000022010000A7
:1007B0003E00000057F5030062000000BF06000085
:1007C0000500000057F5030062000000C8060000A5
:1007D0001700000057F50300620000008E070000BC
:1007E0002D00000057F50300620000001008000013
:1007F00047000000C8F40300640000005D02000030
:100800002B000000C8F40300640000007102000027
:100810002F000000CCE40300680000006E0100001F
:1008200047000000B8E80300700000008A000000E4
:100830003D000000B8E80300700000003303000032
:1008400056000000B8E8030070000000BD00000082
:1008500043000000B8E8030070000000CE02000072
:1008600045000000B8E80300700000008F0200009F
:1008700064000000B8E8030070000000DC02000023
:1008800049000000B8E8030070000000C20000004A
:1008900047000000FBE0030062000000D3000000FE
:1008A00049000000FEEA0300670000009C0300000E
:1008B0005B000000FEEA0300670000005803000030
:1008C00026000000FEEA030067000000DB000000D5
:1008D0005000000054FA030032000000390000000C
:1008E0003B00000054FA03003200000063000000E7
:1008F0001300000054FA03003200000080000000E2
:100900002500000054FA0300320000007C000000C3
:100910003400000054FA0300320000007C000000A4
:100920001D00000054FA03003200000085000000A2
:100930002D00000057F5030062000000640800006D
:100940001A00000057F50300620000005D08000077
:100950005B000000C8F4030064000000780200009F
:100960002B000000C8F403006400000090020000A7
:100970002F00000095EA030068000000B8020000A4
:100980004B00000095EA0300680000005B020000D5
:100990003100000095EA0300680000004E020000EC
:1009A0003A00000095EA03006800000060020000C1
:1009B0003C000000FBE0030062000000E3030000D5
:1009C00021000000DDF00300290000003B000000D2
:1009D0004B000000DDF00300290000005000000083
:1009E0004300000051F40300120000007C000000EE
:1009F00025000000C7F303005C000000A90400000C
:100A000005000000C7F303005C000000B90400000B
:100A100026000000C7F303005C000000B8040000DB
:100A2000760000007EEE030068000000FD0000007C
:100A30001B0000007EEE03006800000016010000AD
:100A40001B0000007EEE0300680000000F010000A4
:100A50001B0000007EEE030068000000DE000000C6
:100A60001B000000C7F303005C000000BE04000090
:100A70000500000054FA03003200000009000000E5
:100A80000A000000A9E90300320000007A0000001B
:100A90005A000000C7F303005C00000032050000AC
:100AA00005000000C7F303005C00000034050000EF
:100AB00005000000C7F303005C00000035050000DE
:100AC0000500000007F1030027000000940000006B
:100AD0002F000000C7F303005C000000DE040000EC
:100AE00005000000C7F303005C0000003E050000A5
:100AF0000500000007F10300270000009D00000032
:100B000033000000C7F303005C000000C1040000D4
:100B100005000000C7F303005C000000C2040000F1
:100B200005000000C7F303005C000000E9030000BB
:100B300065000000C7F303005C000000FF03000035
:100B40007800000095DE030024000000140100007E
:100B500029000000BAF903005F000000C002000095
:100B60005800000054FA0300320000000F0000009B
:100B700001000000BAF903005F000000CD02000090
:100B80004E000000BAF903005F000000D10200002F
:100B90005500000095DE0300240000006B010000FA
:100BA0003300000095DE03002400000087010000F0
:100BB0001A0000001AFA03003900000010000000BB
:100BC00001000000C7F303005C0000001A050000EC
:100BD00005000000C7F303005C0000001B050000D7
:100BE00005000000C7F303005C0000001D050000C5
:100BF00005000000C7F303005C0000001E050000B4
:100C000005000000C7F303005C0000001F050000A2
:100C100005000000C7F303005C0000002805000089
:100C200005000000C7F303005C0000002905000078
:100C300005000000C7F303005C0000002A05000067
:100C400005000000C7F303005C0000003005000051
:100C500005000000C7F303005C0000003105000040
:100C600005000000A9E90300320000003300000085
:100C70004800000095DE030024000000E0010000B1
:100C800026000000C7F303005C000000FC04000025
:100C900005000000C7F303005C000000FE04000034
:100CA00005000000C7F303005C000000FF04000023
:100CB00005000000C8F40300640000005F030000AA
:100CC00042000000C8F40300640000006F0300004D
:100CD00046000000C7F303005C00000000050000B0
:100CE00005000000C7F303005C00000002050000DF
:100CF00005000000C7F303005C0000000F050000C2
:100D0000050000006368756E6B2073697A65206D5D
:100D1000757374206265206E6F6E2D7A65726F0038
:100D20000000000000000000010000003527020064
:100D3000000000000800000004000000B92F0200BD
:100D40004D617020636F6E666967206D75737420E6
:100D5000626520636F72726563740000FEEA0300CF
:100D6000670000002300000017000000605374615A
:100D700074696343656C6C6020697320616C726593
:100D80006164792066756C6C2C2069742063616ED7
:100D9000277420626520696E697469616C697A657F
:100DA000642074776963652E82EF030060000000A1
:100DB000540000000D000000BADF03006D000000C9
:100DC0008500000023000000BADF03006D00000072
:100DD000D000000026000000BADF03006D00000014
:100DE000DA0000002400000050445500BADF030080
:100DF0006D0000004903000026000000BADF030078
:100E00006D0000005D03000028000000BADF030051
:100E10006D0000009304000024000000BADF03000E
:100E20006D000000970400002D000000BADF0300F1
:100E30006D0000009C0400002E000000BADF0300DB
:100E40006D000000F402000028000000BADF03007B
:100E50006D0000001A0300002A000000BADF030042
:100E60006D0000003C0300001C000000BADF03001E
:100E70006D000000420300001C000000BADF030008
:100E80006D0000003103000018000000BADF03000D
:100E90006D0000007103000026000000BADF0300AF
:100EA0006D000000750300001C000000BADF0300A5
:100EB0006D0000008103000026000000BADF03007F
:100EC0006D0000008202000022000000BADF030073
:100ED0006D0000008902000031000000BADF03004D
:100EE0006D0000004602000037000000BADF03007A
:100EF0006D0000004702000040000000BADF030060
:100F00006D000000470200004A000000BADF030045
:100F10006D000000610200002C000000E1F80300F9
:100F2000670000002500000021000000E1F8030038
:100F300067000000250000004B000000BADF03003E
:100F40006D0000000605000017000000BADF030076
:100F50006D000000060500000900000013EF03000B
:100F60006E000000C90200002100000013EF030022
:100F70006E000000C90200002D000000B8E8030068
:100F8000700000009304000030000000B8E8030087
:100F900070000000940400001C0000007EEE0300BE
:100FA00068000000780100004B0000007EEE0300A6
:100FB000680000007E010000370000007EEE0300A4
:100FC00068000000980100002C00000087FA030070
:100FD00072000000AE0000002200000087FA03004B
:100FE000720000009E0000001400000087FA030059
:100FF000720000009E0000001A00000087FA030043
:10100000720000009F0000001B000000FBE00300D6
:10101000620000007D0100003900000053445500CB
:10102000050004000600000057F503006200000000
:10103000BE0300002A00000057F503006200000014
:10104000930100004A00000057F503006200000011
:10105000B702000034000000B8E803007000000090
:101060007F02000030000000B8E8030070000000BC
:101070005402000024000000B8E8030070000000E3
:101080006002000030000000B8E8030070000000BB
:10109000A102000029000000B8E803007000000071
:1010A000DD01000030000000B8E80300700000001F
:1010B0008A00000026000000B8E80300700000006D
:1010C000F302000029000000B8E8030070000000EF
:1010D0000C01000027000000B8E8030070000000C9
:1010E0009402000024000000B8E803007000000033
:1010F0009702000029000000B8E80300700000001B
:101100001A02000024000000B8E80300700000008C
:101110001D02000030000000B8E80300700000006D
:10112000D500000027000000B8E8030070000000B0
:101130008B01000024000000B8E8030070000000EC
:101140009001000030000000B8E8030070000000CB
:101150008E0000002A000000B8E8030070000000C4
:10116000AE0300002D000000B8E80300700000008E
:101170009C0000002D000000B8E803007000000093
:10118000820100001C000000B8E8030070000000AD
:101190008C02000026000000B8E803007000000088
:1011A0000001000027000000AEF80300320000003C
:1011B0009500000012000000AEF8030032000000AD
:1011C0009800000019000000AEF803003200000093
:1011D0009D0000000F000000BAF503006000000051
:1011E0002F0000001C000000BAF5030060000000A2
:1011F0003F0000001C000000BAF503006000000082
:101200004F0000001C000000BAF503006000000061
:101210005F0000001C000000BAF503006000000041
:101220001F0000001C000000E3F603006000000047
:10123000E50000003B000000E3F603006000000052
:10124000BF00000015000000496E73756666696393
:1012500069656E745370616365496E76616C69642B
:1012600056616C75650000002FEE03004E00000013
:10127000E405000025000000BADE03006100000064
:10128000230000001E0000004D61796265446F6E0E
:101290006520706F6C6C6564206166746572207681
:1012A000616C75652074616B656E000049F903001F
:1012B00070000000640000001F0000001AFA030024
:1012C0003900000086000000110000001AFA030037
:1012D00039000000830000001100000044F7030003
:1012E00065000000A30100000A00000044F70300AD
:1012F00065000000B40100000A0000005061737333
:101300006B6579456E7472794661696C65644F6F7F
:10131000624E6F74417661696C61626C654175748F
:1013200068656E7469636174696F6E526571756921
:1013300072656D656E7473436F6E6669726D56612A
:101340006C75654661696C656450616972696E6748
:101350004E6F74537570706F72746564456E63720E
:10136000797074696F6E4B657953697A65436F6DF7
:101370006D616E644E6F74537570706F72746564D6
:10138000556E737065636966696564526561736FF4
:101390006E000000000000004861726477617265B1
:1013A000204661696C7572653031323334353637B9
:1013B00038394142434445462400000024000000DF
:1013C0005000000040000000536563757269747935
:1013D0002052657175657374496E76616C696443FA
:1013E00068616E6E656C49645370736D4E6F7453B3
:1013F0007570706F7274656400000000000000007A
:1014000000000000000000004661696C6564546FD4
:1014100046696E616C697A653031323334353637FE
:1014200038396162636465665265706561746564CC
:10143000417474656D70747350616972696E672070
:10144000526573706F6E736544484B657943686588
:10145000636B4661696C6564496E76616C69645062
:101460006172616D65746572734E756D65726963E5
:10147000436F6D70617269736F6E4661696C65640C
:10148000427245647250616972696E67496E50724A
:101490006F677265737347656E65726174696F6EAD
:1014A0004E6F74416C6C6F7765644B657952656AF9
:1014B0006563746564436F6E74726F6C6C657242C1
:1014C0006C65486F73744863694863694465636F0A
:1014D00064654174740000005365637572697479C2
:1014E0004E6F74466F756E64546F6F204C617465F7
:1014F000454E4554444F574E0000005000030050E5
:101500007772697461626C65020900000000000076
:101510007265616461626C650060004006000000F5
:101520005F70726976617465454E4F54434F4E4EFD
:101530006578706563746564556E6578706563740D
:101540006564446174614C656E6774686163747549
:10155000616C43616E6E6F74436F6E73747275630A
:10156000744761747456616C7565436F6E66696724
:1015700046696C7465724163636570744C69737419
:101580004973456D707479556E65787065637465DF
:101590006447617474526573706F6E73654D616CEE
:1015A000666F726D656443686172616374657269C8
:1015B000737469634465636C61726174696F6E49C9
:1015C0006E76616C696443686172616374657269A7
:1015D000737469634465636C61726174696F6E44AE
:1015E000617461436F6465634572726F72457874AC
:1015F000656E6465644164766572746973696E676B
:101600004E6F74537570706F72746564496E766155
:101610006C6964557569644C656E6774684164767D
:101620006572746973656D656E744C326361704385
:101630006F6E6E6563744572726F724E6F43686150
:101640006E6E656C417661696C61626C65496E763F
:10165000616C696453746174654F75744F664D6550
:101660006D6F72794E6F74537570706F72746564BC
:101670004368616E6E656C436C6F73656454696D2D
:10168000656F75744E6F5065726D697473446973DC
:10169000636F6E6E6563746564436F6E6E656374CD
:1016A000696F6E4C696D6974526561636865644702
:1016B000617474537562736372696265724C696DAB
:1016C000697452656163686564416C7265616479CF
:1016D000496E5573654F746865724E6F5265736FCE
:1016E0007572636573496E73756666696369656E65
:1016F0007441757468656E7469636174696F6E496D
:101700006E73756666696369656E74417574686F3A
:1017100072697A6174696F6E456E6372797074690B
:101720006F6E4B6579546F6F53686F7274496E7347
:10173000756666696369656E74456E637279707407
:10174000696F6E496E76616C6964536F757263651B
:10175000496453636964416C7265616479416C6C7E
:101760006F6361746564556E616363657074616213
:101770006C65506172616D65746572730000000084
:101780000400000004000000D5AA010000000000D1
:101790000400000004000000F5AD0100496E766110
:1017A0006C696453697A650035E503006E000000DA
:1017B000350100002B0000004F75744F66426F75B5
:1017C0006E6473556E616C69676E65644CF80300F6
:1017D00061000000280600003C00000041747445D0
:1017E00072726F72436F6465546F6F4C6F6E6700F7
:1017F00032EC030064000000140500000900000042
:1018000032EC0300640000008904000012000000B4
:1018100032EC030064000000890400003D00000079
:1018200032EC0300640000003801000029000000D1
:1018300032EC030064000000480100002D000000AD
:1018400032EC0300640000004D0100002D00000098
:1018500032EC030064000000530100002900000086
:1018600032EC030064000000B80300000500000033
:1018700032EC030064000000B90300000500000022
:1018800032EC030064000000BA0300000500000011
:1018900032EC030064000000BB0300000500000000
:1018A00032EC03006400000053000000220000003E
:1018B00032EC0300640000004A0000002800000031
:1018C00032EC0300640000004B0000002800000020
:1018D00032EC0300640000004C000000280000000F
:1018E00032EC030064000000310000001D00000025
:1018F00032EC03006400000032000000220000000F
:1019000032EC030064000000370000002E000000ED
:1019100032EC030064000000380000002E000000DC
:1019200032EC030064000000390000002E000000CB
:1019300032EC0300640000003A0000002E000000BA
:1019400032EC030064000000350000002E000000AF
:1019500032EC0300640000002405000005000000D4
:1019600032EC030064000000C20400000500000027
:1019700032EC030064000000C30400000500000016
:1019800032EC030064000000C40400000500000005
:1019900032EC030064000000C504000005000000F4
:1019A00032EC030064000000C604000005000000E3
:1019B00032EC030064000000C704000005000000D2
:1019C00032EC030064000000C804000005000000C1
:1019D00032EC030064000000C904000005000000B0
:1019E00032EC0300640000000F0300000E00000052
:1019F00032EC030064000000100300000E00000041
:101A000032EC030064000000110300000E0000002F
:101A100032EC030064000000120300000E0000001E
:101A200032EC030064000000130300000E0000000D
:101A300032EC030064000000140300000E000000FC
:101A400032EC030064000000150300000E000000EB
:101A500032EC030064000000160300000E000000DA
:101A6000F7E703005E000000A50100000100000090
:101A70001BF603005D0000006B0000002500000065
:101A80001BF603005D0000006F0000002000000056
:101A9000AAF703005E000000B10000000100000092
:101AA00091F203005C000000A3000000250000008C
:101AB000556E6B6E6F776E2048434920436F6D6D96
:101AC000616E64556E6B6E6F776E20436F6E6E65E0
:101AD0006374696F6E204964656E746966696572C6
:101AE000506167652054696D656F757441757468E0
:101AF000656E7469636174696F6E204661696C75A7
:101B0000726550494E206F72204B6579204D697384
:101B100073696E674D656D6F7279204361706163A3
:101B2000697479204578636565646564436F6E6E9A
:101B3000656374696F6E2054696D656F7574436F6A
:101B40006E6E656374696F6E204C696D69742045B3
:101B50007863656564656453796E6368726F6E6FF0
:101B6000757320436F6E6E656374696F6E204C6988
:101B70006D697420546F2041204465766963652047
:101B80004578636565646564436F6E6E656374690B
:101B90006F6E20416C726561647920457869737459
:101BA00073436F6D6D616E6420446973616C6C6F1B
:101BB000776564436F6E6E656374696F6E205265FE
:101BC0006A65637465642064756520746F204C6970
:101BD0006D69746564205265736F757263657343D4
:101BE0006F6E6E656374696F6E2052656A656374AB
:101BF00065642044756520546F2053656375726970
:101C0000747920526561736F6E73436F6E6E656396
:101C100074696F6E2052656A6563746564206475CB
:101C20006520746F20556E61636365707461626CCA
:101C3000652042445F41444452436F6E6E65637455
:101C4000696F6E204163636570742054696D656FC0
:101C50007574204578636565646564556E73757049
:101C6000706F727465642046656174757265206F6B
:101C70007220506172616D657465722056616C7579
:101C800065496E76616C69642048434920436F6DF5
:101C90006D616E6420506172616D6574657273521E
:101CA000656D6F74652055736572205465726D693A
:101CB0006E6174656420436F6E6E656374696F6EE8
:101CC00052656D6F7465204465766963652054655F
:101CD000726D696E6174656420436F6E6E656374C6
:101CE000696F6E2064756520746F204C6F77205289
:101CF00065736F757263657352656D6F74652044AB
:101D00006576696365205465726D696E617465649A
:101D100020436F6E6E656374696F6E206475652015
:101D2000746F20506F776572204F6666436F6E6EDA
:101D3000656374696F6E205465726D696E61746558
:101D400064204279204C6F63616C20486F73745239
:101D50006570656174656420417474656D70747339
:101D600050616972696E67204E6F7420416C6C6FB0
:101D7000776564556E6B6E6F776E204C4D502050BA
:101D80004455556E737570706F727465642052653A
:101D90006D6F7465204665617475726553434F209D
:101DA0004F66667365742052656A65637465645333
:101DB000434F20496E74657276616C2052656A6586
:101DC0006374656453434F20416972204D6F6465AD
:101DD0002052656A6563746564496E76616C6964F6
:101DE000204C4D5020506172616D65746572732096
:101DF0002F20496E76616C6964204C4C20506172D2
:101E0000616D6574657273556E737065636966693B
:101E10006564204572726F72556E737570706F7263
:101E2000746564204C4D5020506172616D6574651D
:101E3000722056616C7565202F20556E7375707019
:101E40006F72746564204C4C20506172616D6574D2
:101E500065722056616C7565526F6C6520436861D0
:101E60006E6765204E6F7420416C6C6F7765644CB3
:101E70004D5020526573706F6E73652054696D65A7
:101E80006F7574202F204C4C20526573706F6E73E9
:101E9000652054696D656F75744C4D5020457272A4
:101EA0006F72205472616E73616374696F6E204348
:101EB0006F6C6C6973696F6E202F204C4C205072D0
:101EC0006F63656475726520436F6C6C6973696FCD
:101ED0006E4C4D5020504455204E6F7420416C6C18
:101EE0006F776564456E6372797074696F6E204DAB
:101EF0006F6465204E6F7420416363657074616226
:101F00006C654C696E6B204B65792063616E6E6FFA
:101F100074206265204368616E67656452657175FF
:101F2000657374656420516F53204E6F7420537530
:101F300070706F72746564496E7374616E74205052
:101F4000617373656450616972696E672057697463
:101F50006820556E6974204B6579204E6F7420534C
:101F60007570706F72746564446966666572656EDB
:101F700074205472616E73616374696F6E20436F75
:101F80006C6C6973696F6E516F5320556E6163633A
:101F900065707461626C6520506172616D65746515
:101FA00072516F532052656A65637465644368615A
:101FB0006E6E656C20436C617373696669636174EE
:101FC000696F6E204E6F7420537570706F727465F8
:101FD00064496E73756666696369656E74205365DE
:101FE000637572697479506173736B657920656E7E
:101FF0007472792063616E63656C6564206F722012
:102000006661696C6564506172616D6574657220AA
:102010004F7574204F66204D616E6461746F7279E4
:102020002052616E676552656643656C6C20616C19
:102030007265616479206D757461626C7920626F7C
:1020400072726F776564436F6D6D616E6420616E4F
:10205000642F6F7220706172616D657465722069A2
:102060006E76616C6964526F6C6520537769746336
:10207000682050656E64696E675265736572766537
:102080006420536C6F742056696F6C6174696F6E55
:10209000526F6C6520537769746368204661696C80
:1020A0006564457874656E64656420496E71756910
:1020B000727920526573706F6E736520546F6F2054
:1020C0004C617267655365637572652053696D7005
:1020D0006C652050616972696E67204E6F74205381
:1020E0007570706F7274656420427920486F7374E4
:1020F000486F73742042757379202D205061697286
:10210000696E67436F6E6E656374696F6E205265AA
:102110006A65637465642064756520746F204E6F12
:10212000205375697461626C65204368616E6E65E9
:102130006C20466F756E64436F6E74726F6C6C6565
:10214000722042757379556E616363657074616264
:102150006C6520436F6E6E656374696F6E205061AD
:1021600072616D65746572734164766572746973CA
:10217000696E672054696D656F7574436F6E6E6527
:102180006374696F6E205465726D696E6174656405
:102190002064756520746F204D4943204661696C49
:1021A000757265436F6E6E656374696F6E2046610C
:1021B000696C656420746F20626520457374616288
:1021C0006C6973686564202F2053796E6368726F41
:1021D0006E697A6174696F6E2054696D656F75748C
:1021E000436F6172736520436C6F636B2041646A57
:1021F0007573746D656E742052656A656374656489
:10220000206275742057696C6C2054727920746F49
:102210002041646A757374205573696E6720436C3E
:102220006F636B204472616767696E67547970658C
:1022300030205375626D6170204E6F742044656666
:10224000696E6564556E6B6E6F776E20416476655E
:1022500072746973696E67204964656E7469666932
:1022600065724C696D697420526561636865644F7D
:102270007065726174696F6E2043616E63656C6C2A
:10228000656420627920486F73745061636B657474
:1022900020546F6F204C6F6E67546F6F20456172D2
:1022A0006C79496E73756666696369656E742043FF
:1022B00068616E6E656C730002060407010101140B
:1022C00001000126023202030137081B04060B003D
:1022D000013C02650E3B0231020F011C0201010BA1
:1022E000052205ED0108020202160107010103049F
:1022F0000209020202040801040201050219020394
:102300000106040202160107010201020102020194
:1023100001050402020303010704010107110A0376
:10232000010901030116010701020105020A010367
:10233000010302010F04020C070701030108020256
:102340000216010701020105020902020203070346
:102350000402010502120A0201060303010403023A
:102360000101010203020303030C0405030301043A
:10237000020106010E15050D0103011701100209E6
:10238000010301040702010301020204020A071605
:1023900001030117010A01050209010301040702F3
:1023A00005030104020A01030C0D010301330103BB
:1023B00001060410021A01030112031801090101A8
:1023C00002070301040601010108060A02030C3A90
:1023D000041D250201010105011801010117020573
:1023E00001010107010A02042048012404270124F5
:1023F000010F010D25C601010501020001040207BC
:102400000101010402290104022101040207010162
:102410000104020F0139010402430220031A065687
:102420000206020003590716091809140C0D0103CE
:1024300001020C5E020A060A061A0659072B054617
:102440000A1F010C040C0401032A02050B2C041AB8
:10245000060B033E0241011D020B060A060E022E68
:10246000020C144D01A6083C030F033E052B020B82
:10247000082B0500020602260206020801010101DE
:102480000101011F0235010F010E020601130203B3
:1024900001090165010C021B010D03220E210F8CA5
:1024A0000400160B15000200052D0101050102387C
:1024B00007020E18090701070107010701070107B5
:1024C00001070107017E221A01590CD61A50015644
:1024D0000267052B015E0156093001000337090030
:1024E00014B808DD143C030A06380846080C0674C4
:1024F0000B1E034E010B04210137090E020A02676D
:10250000181C0A060206020609070107013C047EA0
:10251000020A06000C1704310400026A26070C05A3
:10252000051A01050101010201020100202A0633FA
:102530000113010404050187020101BE030602061E
:1025400002060203030701070A05020C011A011320
:102550000102010F020E227B0503042D0358010D19
:1025600003012F2E821D03310F1C0424091E052B8D
:10257000051E0125040E2A9E020A062404240428AE
:1025800008340B0C010F01070102010B010F0107B9
:10259000010203340C0009160A081806012A010971
:1025A00045060201012C0102030102170148080936
:1025B000301301020521031B051B263804140232C7
:1025C000010205080103011D0203040A070907406F
:1025D0002027040C0936031D021B051A07040C07EB
:1025E000504937330D33072E080A0626031D08020B
:1025F000D01F012A0103020210060809212E082A11
:10260000161A261C1417094E042409440A0102193B
:10261000070A063501120827096001140B12012F61
:102620003E0701010104010F010B063B050A0604E8
:10263000010802020216010701020105010A020255
:102640000203020106010507020703050B0A010147
:1026500002010126010A010102010104010A01022D
:1026600008021D5C01051E48080AA63602262245FE
:102670000B0A060D133A060A06141C1B020F041758
:10268000B93C64530C08020102080102011E010258
:10269000020C090A4608022E020B1B4808530D497A
:1026A000070A560858220E0A0609012D010E0A1DB6
:1026B00003200216010E49070102012C0301010249
:1026C0000109080A06060102012501020106070A9E
:1026D000062C040AF61907110129031D55010F32B2
:1026E0000D00666F01050BC400630D000A000500B4
:1026F000003A0000071F010A0451010A061E0206E3
:102700000A460A0A010701150513003AC65B0519B6
:1027100002192C4B0439071140050B070900292029
:10272000617300040107010201000F011D03020192
:102730000E040800006B050D0309070A020800FDDE
:10274000030006170F110F2E021709743CF60A2713
:1027500002C215467A140C140C5709198755014703
:102760000102020102020204010C01010107014100
:10277000010402080107011C01040105010103070E
:102780000100020002000F05010F001F0606D50719
:102790000111020701020105053E2101702D030E02
:1027A000020A0402001F113A0501002AD62B040177
:1027B000C01F01160802E00701040102010F01C554
:1027C0000210294C040A040200444C3DC204011BBF
:1027D000010201010201010A0104010101010601D6
:1027E00004010101010101030102010102010101D2
:1027F00001010101010101020101020401070104BB
:1028000001040101010A011105030105011134024E
:10281000002C04640C0F020F010F01250AAE381DB5
:102820000D2C040907020E069A000311030D03DAAA
:10283000060C04010F0C0438080A0628081E020CB6
:1028400004020E092700080E020D030B03390101D3
:102850000410020C040A0793016700002000020024
:1028600002000F00000000000500000000700007DB
:10287000002D0101010201020101480B3015100178
:10288000650702060202010423011E1B5B0B3A09C5
:10289000090118040109010301052B033B092A184A
:1028A0000120370101010408040103070A021D0188
:1028B0003A0101010204080109010A021A01020297
:1028C000390104020402020303011E0203010B0288
:1028D00039010405010204011402160601013A013E
:1028E00001020104080107030A021E013B01010164
:1028F0000C0109012801030137010103050301044B
:1029000007020B021D013A01020201010303010447
:1029100007020B021C02390201010204080109012D
:102920000A021D01480104010203010108015101CD
:1029300002070C08620102090B0749021B01010191
:102940000101370E01050102050B0124090166048E
:102950000106010202021902040310040D01020221
:1029600006010F01000300041C031D021E024002A9
:1029700001070801020B09012D0301017502220163
:102980007603040209010603DB0202013A01010792
:10299000010101010208060A0201302E020C140492
:1029A000300A040326090C02200402063801010241
:1029B00003010105380802029803010D0107040113
:1029C00006010302C6400001C32100038D016020FF
:1029D000000669020004010A2002500200010301FE
:1029E00004011902050197021A120D012608190B9C
:1029F00001012C03300102040202020124014306FA
:102A0000020202020C0108012F013301010302023C
:102A1000050201012A020801EE0102010401000180
:102A20000010101000020001E201950500030102F0
:102A3000050428030401A5020004410500024D0617
:102A4000460B31047B01360F290102020A033104CF
:102A5000020207013D03240501083E010C0234096E
:102A60000101080402015F030204060102019D0145
:102A7000030815023902010101010C0109010E07C9
:102A800003054301020601010201010304030101E0
:102A90000E0255080203010117015101020601014E
:102AA000020101020102EB010204060201021B0203
:102AB0005508020101026A010101020865010101D4
:102AC0000204010500090102F5010A040401900451
:102AD00002020401200A2806020408010906020372
:102AE0002E0D0102C60101030101C9070106010102
:102AF00052160207010201027A06030101020107D0
:102B0000010148020301010100020B023405050323
:102B100017010001060F000C030300053B0700012D
:102B20003F0451010B020002002E021700050306AC
:102B3000080802071E0494030037043208010E013E
:102B40001605010F000701110207010201056401CA
:102B5000A00700013D040004FE02F3010201070288
:102B6000050100076D07006080F000AD0100010065
:102B70000100020002550500051A05311000010090
:102B800010EF01A0014F0900040008000000AD0192
:102B900000061601C00131010002500100010005CC
:102BA0001A053105010A0001F90300010F010010A7
:102BB0000004000800011E6000207B202C203A2029
:102BC000207B0A2C0A280A207D000000000000005B
:102BD0000C000000040000007F0C0200E70D020062
:102BE000330E020080E403004B000000E50100000A
:102BF0001400000063616C6C656420604F70746940
:102C00006F6E3A3A756E77726170282960206F6E28
:102C1000206120604E6F6E65602076616C75653D49
:102C20003D30303031303230333034303530363082
:102C3000373038303931303131313231333134316C
:102C40003531363137313831393230323132323252
:102C50003332343235323632373238323933303338
:102C60003133323333333433353336333733383328
:102C70003934303431343234333434343534363416
:102C800037343834393530353135323533353435FC
:102C900035353635373538353936303631363236E2
:102CA00033363436353636363736383639373037C8
:102CB00031373237333734373537363737373837B8
:102CC00039383038313832383338343835383638A6
:102CD000373838383939303931393239333934398C
:102CE000353936393739383939617474656D7074EE
:102CF00020746F20646976696465206279207A6542
:102D0000726F617474656D707420746F2063616C90
:102D100063756C617465207468652072656D6169A6
:102D20006E646572207769746820612064697669D1
:102D3000736F72206F66207A65726F617474656D4F
:102D4000707420746F206469766964652077697493
:102D500068206F766572666C6F77617474656D70EC
:102D60007420746F2063616C63756C61746520748A
:102D700068652072656D61696E646572207769743B
:102D800068206F766572666C6F77606173796E63C9
:102D900020666E6020726573756D6564206166746F
:102DA000657220636F6D706C6574696F6E000000F2
:102DB00078030000300520000E076001491220034F
:102DC0009D16A028161FA02D2A24A037742B603D25
:102DD000F42CE03D8DA4203E2CA6A044A4D7204591
:102DE0006EFAA04BD0FD604C3707A14E9A23E15BF1
:102DF000902F618556344186FB43A1864746E18684
:102E00000061218700684187396A8187406DA18709
:102E1000D68C818AF0AFE18C23B1818DFCB2618EBA
:102E200000BCA18F00CCC18FB4CE0191A6D6619118
:102E3000CCD761998CDAA19900DFE19990E2819A6F
:102E4000D0E4C19D71EC819E00F041A2D9F641AB66
:102E500058FA61AE0000E2B1E0A682B41EB8A2B496
:102E6000AECEE2B4E1EB22B55EEE62B500F8A2B5FB
:102E70001EFAC2B50000E3B54B1303B67A3423B68D
:102E8000FEFF63B6FEFF94B600030000830420003B
:102E9000910560005D13A0001217201F0C20601F19
:102EA000EF2C602B2A30E02B6FA6A02C02A8202D3F
:102EB0001EFB202E00FE60369EFFA036FD0121374E
:102EC000010A6137240D2138AB0EA1392F18213AA0
:102ED000F31E214B4034A1531E61E154F06A615549
:102EE0004F6FE1559DBC615600CF615765D1A15729
:102EF00000DA215800E0A159AEE2215BECE4E15C8C
:102F0000D0E8615D2000EE5EF0017F5F4F030000BE
:102F10001C0660005F11A000B417E0000B20200128
:102F20006431A00100FE6002A0BCA10273D1A10324
:102F30000000EE0300102E0400105F0400060000E5
:102F4000900860000E1860010B20E001FFFE2002D7
:102F5000BD1021033034A103A0BC210473D161044E
:102F60000100AE048000FF042E2E307870616E697F
:102F7000636B6564206174203A0A66616C73650056
:102F800097EC03004B000000850B000026000000BA
:102F900097EC03004B0000008E0B00001A000000AD
:102FA00052656643656C6C20616C72656164792062
:102FB000626F72726F776564FF00000000000000AE
:102FC00000000000010000008123020091230200A4
:102FD000692302006578706C696369742070616EA2
:102FE000696300001AF003005A000000810100002C
:102FF000050000006465666D74206C6F676765721C
:103000002074616B656E207265656E7472616E749A
:103010006C790000EEF203005E000000AD000000DD
:103020000D0000006465666D742072656C656173E7
:1030300065206F7574206F6620636F6E7465787499
:10304000EEF203005E000000E20000000D00000050
:1030500047E3030062000000290000001F00000099
:10306000ED260200FD260200FD2602002D270200AB
:1030700042757379202D20546F6F206D616E792019
:10308000696E7374616E636573206F66207468691E
:1030900073207461736B2061726520616C7265616D
:1030A00064792072756E6E696E672E204368656361
:1030B0006B207468652060706F6F6C5F73697A65F0
:1030C0006020617474726962757465206F66207423
:1030D0006865207461736B2EAAE303006900000029
:1030E000AC01000033000000617373657274696F96
:1030F0006E206661696C65643A206E203C20333234
:103100007573697A65000000AAE303006900000096
:10311000480100002E000000AAE30300690000003F
:103120004A0100002A00000028E003006D000000B2
:10313000EE3600000D00000056E8030061000000BC
:103140002C0100001F000000C8F403006400000010
:10315000F600000011000000020202020202020258
:103160000202020000000000000000000000000059
:10317000000000000000000000000000000000004F
:103180000202000000000002000000000000000039
:10319000000000000000000000000000000000002F
:1031A000000000000000000000000000000000001F
:1031B000000000000000000200000000000000000D
:1031C00000000000000000000000000000000000FF
:1031D00000000000000000000000000000010000EE
:1031E00000000000000000000000000000000000DF
:1031F00000000000000000000100000000000000CE
:1032000000000000000000000000000000000000BE
:1032100000000000000000000000000000000000AE
:10322000000000000000000000000000000000009E
:10323000000000000000000000000000000000008E
:10324000000000000000000000000000000000007E
:103250000000000000000000C8F40300640000004B
:1032600051020000090000006F766572666C6F778E
:10327000207768656E20616464696E67206475728A
:103280006174696F6E20746F20696E7374616E74FF
:103290009DEB030065000000BF0000000E00000071
:1032A000BAF903005F000000D30100002300000012
:1032B000BAF903005F000000DF0000000F0000000B
:1032C000455045524D454E4F454E5445494F454E4C
:1032D0004F4D454D454143434553454641554C545B
:1032E00045494E56414C45414741494E4550524F44
:1032F000544F54595045454E4F50524F544F4F50D4
:10330000544550524F544F4E4F535550504F5254B6
:1033100045534F434B544E4F535550504F525445C5
:103320004F504E4F54535550504541464E4F5355B4
:1033300050504F52544541444452494E55534545CF
:103340004E4554554E524541434845434F4E4E52CB
:1033500045534554454953434F4E4E4554494D45B9
:10336000444F5554454E4F4255465345484F53548C
:10337000444F574E45494E50524F4752455353457F
:1033800043414E43454C4544454E4F4B4559454BB3
:10339000455945585049524544454B455952455663
:1033A0004F4B4544454B455952454A454354454486
:1033B000C7F303005C000000830300005600000018
:1033C000C7F303005C000000D203000039000000D6
:1033D000A5F103006C000000280000000B000000B5
:1033E000000000000400000004000000AD390200ED
:1033F00034DE0300600000005C00000040000000BC
:1034000034DE0300600000005C0000004F0000009C
:1034100034DE0300600000005C0000001A000000C1
:10342000DFE2030067000000640300001E000000EC
:10343000DFE2030067000000D40100001F0000006D
:10344000DFE2030067000000DB0100002300000052
:103450007EEE0300680000005E0000001F00000018
:103460007EEE0300680000007E0000001F000000E8
:10347000B8E8030070000000860000003200000081
:103480007EEE030068000000CB0000001B0000007F
:10349000000000000000000001000000010000002A
:1034A0005544020000000000000000000100000080
:1034B000A5430200000000002C00000004000000F2
:1034C000496002000004000000000000000000004D
:1034D0000B0053527C3A0400010000005744542072
:1034E000616C72656164792061637469766500005E
:1034F00024F403002C0000001A0000004700000024
:103500007EEE030068000000670100002800000054
:10351000B8E80300700000008600000023000000EF
:10352000DFE2030067000000B00100002900000096
:1035300004EA03002B0000003F000000120000001E
:103540004661696C656420746F206372656174659F
:10355000207375627363726962657220666F722090
:103560004B6579626F6172644576656E742E205486
:10357000686520277375627327206C696D697420F4
:10358000686173206265656E206578636565646552
:10359000642E20496E6372656173652027737562BE
:1035A000732720666F722074686973206576656E74
:1035B0007420696E206B6579626F6172642E746F1E
:1035C0006D6C205B6576656E745D20286F722023BC
:1035D0005B6576656E742873756273203D204E2995
:1035E0005D20666F7220637573746F6D20657665FC
:1035F0006E7473292E0000002DF5030029000000D1
:1036000018000000010000005744544D6178696DB6
:10361000756D537562736372696265727352656129
:10362000636865644D6178696D756D5075626C692C
:103630007368657273526561636865644661696C3D
:10364000656420746F2063726561746520737562B0
:103650007363726962657220666F7220436861727B
:1036600067696E6753746174654576656E742E2064
:1036700054686520277375627327206C696D6974BF
:1036800020686173206265656E2065786365656496
:1036900065642E20496E63726561736520277375BA
:1036A00062732720666F722074686973206576657F
:1036B0006E7420696E206B6579626F6172642E741E
:1036C0006F6D6C205B6576656E745D20286F72206F
:1036D000235B6576656E742873756273203D204E9A
:1036E000295D20666F7220637573746F6D20657637
:1036F000656E7473292E0000E7EE03002B000000B6
:1037000018000000010000004661696C65642074C7
:103710006F2063726561746520737562736372698B
:1037200062657220666F7220506F696E74696E6791
:103730004576656E742E2054686520277375627314
:1037400027206C696D697420686173206265656EFD
:103750002065786365656465642E20496E637265D3
:103760006173652027737562732720666F722074FA
:10377000686973206576656E7420696E206B657963
:10378000626F6172642E746F6D6C205B6576656E1E
:10379000745D20286F7220235B6576656E742873D4
:1037A000756273203D204E295D20666F722063751F
:1037B00073746F6D206576656E7473292E0000003A
:1037C0002DF5030029000000690000000100000041
:1037D0004661696C656420746F206372656174650D
:1037E000207375627363726962657220666F7220FE
:1037F000426174746572794164634576656E742EB6
:103800002054686520277375627327206C696D6981
:103810007420686173206265656E206578636565F4
:103820006465642E20496E63726561736520277339
:103830007562732720666F722074686973206576DD
:10384000656E7420696E206B6579626F6172642E9B
:10385000746F6D6C205B6576656E745D20286F7289
:1038600020235B6576656E742873756273203D2036
:103870004E295D20666F7220637573746F6D2065CD
:1038800076656E7473292E00E7EE03002B000000AE
:103890000E000000010000004661696C6564207440
:1038A0006F206372656174652073756273637269FA
:1038B00062657220666F722042617474657279531A
:1038C00074617475734576656E742E205468652036
:1038D000277375627327206C696D69742068617342
:1038E000206265656E2065786365656465642E2079
:1038F000496E637265617365202773756273272053
:10390000666F722074686973206576656E742069CD
:103910006E206B6579626F6172642E746F6D6C20BE
:103920005B6576656E745D20286F7220235B65761B
:10393000656E742873756273203D204E295D206684
:103940006F7220637573746F6D206576656E747326
:10395000292E0000E7EE03002B00000024000000E9
:1039600001000000CD1D2D1E272A4C414243444535
:10397000464748494A4B4D4E4F5051525354555665
:103980005758595A0A0B0C0D0E0F1011121314151B
:10399000161718191A1B1C1F20212223242526283C
:1039A000292B2C2E2F303132333435363738393AF3
:1039B0003B3C3D3E3F405B5C5D5E5F6061626364DB
:1039C00065666768696A6B6C6D6E6F70717273742F
:1039D00075767778797A7B7C7D7E7F80818283841F
:1039E00085868788898A8B8C8D8E8F90919293940F
:1039F00095969798999A9B9C9D9E9FA0A1A2A3A4FF
:103A0000A5A6A7A8A9AAABACADAEAFB0B1B2B3B4EE
:103A1000B5B6B7B8B9BABBBCBDBEBFC0C1C2C3C4DE
:103A2000C5C6C7C8C9CACBCCCECFD0D1D2D3D4D5C6
:103A3000D6D7D8D9DADBDCDD00E20300680000006D
:103A4000CA01000028000000436C6F736564506178
:103A5000727469616C4F70656E00000096E003003F
:103A6000640000003B0000002700000096E0030017
:103A70006400000051000000270000000100000069
:103A800069E20300750000007E00000010000000E5
:103A900069E20300750000007E00000017000000CE
:103AA00069E20300750000007F00000010000000C4
:103AB00069E20300750000007F00000017000000AD
:103AC00057DF030062000000A4000000180000009F
:103AD00057DF030062000000A40000002000000087
:103AE00057DF030062000000AE0000001400000079
:103AF00057DF030062000000AE0000001A00000063
:103B000057DF0300620000009D0000001800000065
:103B100057DF0300620000009D0000001F0000004E
:103B200057DF0300620000009D0000002500000038
:103B300096E0030064000000840000001D00000007
:103B4000E3EC03004D000000F50300001C00000042
:103B5000E3EC03004D000000F60300001C00000031
:103B6000E3EC03004D000000FA0300002000000019
:103B7000E3EC03004D000000FA0300002B000000FE
:103B800079F60300690000005A00000023000000DD
:103B900079F60300690000005300000023000000D4
:103BA00096E0030064000000230000002D000000E8
:103BB00096E00300640000003000000016000000E2
:103BC00096E00300640000003000000038000000B0
:103BD00096E003006400000072000000170000007F
:103BE00096E0030064000000590000001700000088
:103BF000026D6964203E206C656E63616C6C656467
:103C00002060526573756C743A3A756E77726170A4
:103C1000282960206F6E20616E20604572726020DE
:103C200076616C756500000000000000080000006F
:103C3000040000002972020029E903007F0000004F
:103C4000310000000C00000029E903007F000000A3
:103C5000330000001500000029E903007F00000088
:103C6000330000001E00000029E903007F0000006F
:103C7000330000002400000029E903007F00000059
:103C8000720000001100000029E903007F0000001D
:103C90004A0000001500000029E903007F00000031
:103CA0004A0000002200000031ED03008100000006
:103CB000310200001900000031ED03008100000016
:103CC0003B020000270000000300000029E9030078
:103CD0007F000000F80000001500000029E9030043
:103CE0007F000000F20000001500000029E9030039
:103CF0007F000000220100001B00000029E90300F2
:103D00007F000000220100003200000029E90300CA
:103D10007F000000E90000001E00000029E9030008
:103D20007F000000100100000C00000029E90300E2
:103D30007F000000120100002100000029E90300BB
:103D40007F000000120100003200000057F5030060
:103D500062000000F20000002300000057F503009D
:103D600062000000F50000001400000057F5030099
:103D7000620000000B0100002800000057F503005E
:103D800062000000110100000D00000057F5030063
:103D900062000000FA0000002300000057F5030055
:103DA00062000000020100001400000029E9030085
:103DB0007F000000710100001100000029E90300EC
:103DC0007F000000710100001700000029E90300D6
:103DD0007F000000750100001100000029E90300C8
:103DE0007F0000007501000018000000436C696549
:103DF0006E744174745461626C65206275666665A8
:103E000072206F766572666C6F77000029E9030097
:103E10007F0000004C0100000E00000029E90300B3
:103E20007F000000530100002000000029E903008A
:103E30007F000000560100000D00000029E903008A
:103E40007F0000007B0100002000000057DF03001E
:103E500062000000BC0000001400000087FA0300AC
:103E6000720000008E0400000E00000087FA0300BC
:103E700072000000C10200000E00000087FA03007B
:103E800072000000020300001400000087FA030023
:103E900072000000D10300002400000087FA030034
:103EA00072000000AE0200001400000087FA030058
:103EB00072000000080300002400000087FA0300DD
:103EC00072000000B70200002000000087FA030023
:103ED00072000000DD0200001400000087FA0300F9
:103EE00072000000A60200002400000087FA030010
:103EF000720000002C03000014000000DFE2030049
:103F0000670000004A01000023000000DFE2030018
:103F1000670000004E01000023000000DFE2030004
:103F2000670000002001000042000000DFE2030003
:103F3000670000002101000047000000DFE20300ED
:103F400067000000670100001A000000DFE20300C4
:103F5000670000006701000038000000DFE2030096
:103F600067000000790100001A000000DFE2030092
:103F700067000000790100003800000068E70300D6
:103F800068000000570000002800000068E70300F8
:103F900068000000580000002800000068E70300E7
:103FA00068000000590000002900000068E70300D5
:103FB00068000000720000001600000068E70300BF
:103FC00068000000720000001C00000079F6030089
:103FD00069000000350000000900000096E00300C1
:103FE000640000008E0000002100000096E0030045
:103FF000640000009D0000001300000075F0030045
:1040000061000000220300002500000075F003009D
:1040100061000000220300003C00000075F0030076
:1040200061000000230300002300000075F003007E
:1040300061000000230300003A00000075F0030057
:1040400061000000280300002700000075F0030055
:1040500061000000350300002500000075F003003A
:1040600061000000350300003C00000075F0030013
:1040700061000000360300002300000075F003001B
:1040800061000000360300003A00000075F00300F4
:1040900061000000480300001F00000075F00300ED
:1040A00061000000480300003600000075F00300C6
:1040B000610000004D0300001F00000075F00300C8
:1040C000610000004D0300003600000075F00300A1
:1040D000610000004E0300002400000075F00300A2
:1040E00061000000530300001C00000075F0030095
:1040F00061000000530300003300000075F003006E
:1041000061000000570300002500000075F0030067
:1041100061000000570300003C00000075F0030040
:1041200061000000580300002300000075F0030048
:1041300061000000580300003A00000075F0030021
:1041400061000000590300002100000075F0030029
:1041500061000000590300003800000075F0030002
:10416000610000005A0300002900000075F0030000
:1041700061000000640300002500000075F00300EA
:1041800061000000640300003C00000075F00300C3
:1041900061000000650300002300000075F00300CB
:1041A00061000000650300003A00000075F00300A4
:1041B000610000006D0300001F00000075F00300A7
:1041C000610000006D0300003600000075F0030080
:1041D000610000006E0300001F00000075F0030086
:1041E000610000006E0300003600000075F003005F
:1041F00061000000720300002400000075F003005D
:1042000061000000760300001D00000075F003004F
:10421000610000007B0300001F00000075F0030038
:10422000610000007B0300003600000075F0030011
:10423000610000007C0300001F00000075F0030017
:10424000610000007C030000360000006E6F7420E7
:10425000696D706C656D656E7465640075F0030062
:1042600061000000DD0200001200000075F0030094
:1042700061000000190300001200000075F0030047
:10428000610000009E0300001F00000075F00300A5
:10429000610000009E0300003600000075F003007E
:1042A000610000009F0300002400000069E2030099
:1042B00075000000AF0100000E00000069E203007D
:1042C00075000000AF0100001500000069E2030066
:1042D00075000000B00100000E00000069E203005C
:1042E00075000000B00100001500000069E2030045
:1042F00075000000FC0100002100000069E20300DD
:1043000075000000FD0100002100000069E20300CB
:1043100075000000FD0100000B000000DFE203005B
:10432000670000004001000012000000DFE203000F
:1043300067000000400100002C000000DFE20300E5
:10434000670000004001000037000000DFE20300CA
:10435000670000004001000018000000DFE20300D9
:1043600067000000410100001F000000E3F60300A9
:1043700060000000E50000005400000075F003003C
:10438000610000009A00000009000000537563639B
:104390006573734F75742D6F662D62616E64206452
:1043A000617461206E6F7420617661696C61626C0A
:1043B0006541757468656E7469636174696F6E20B8
:1043C000726571756972656D656E7473206E6F7458
:1043D000206D6574436F6E6669726D2076616C75D1
:1043E0006520646F6573206E6F74206D61746368FF
:1043F00044657669636520646F206E6F7420737501
:1044000070706F72742070616972696E67456E6357
:1044100072797074696F6E206B65792073697A6543
:10442000206973206E6F74206C6F6E6720656E6FED
:104430007567685365637572697479206D616E6123
:104440006765722070726F746F636F6C20636F6D3D
:104450006D616E64206E6F7420737570706F72740E
:10446000656450616972696E67206661696C656434
:104470002064756520746F20616E20756E737065A1
:1044800063696669656420726561736F6E50616906
:1044900072696E67206661696C6564206475652069
:1044A000746F2072657065617465642061747465F1
:1044B0006D7074734448206B657920636865636B25
:1044C0002076616C756520646F6573206E6F742053
:1044D0006D617463684E756D6572696320636F6D9D
:1044E00070617269736F6E2076616C75657320649C
:1044F0006F206E6F74206D617463685061697269BA
:104500006E6720696E2070726F67657373206F76B7
:1045100065722042522F4544524C696E6B206B6588
:10452000792067656E65726174696F6E2066616976
:104530006C65644465766963652072656A65637459
:104540006564206469737472696275746564206B54
:104550006579446576696365206973206E6F7420A0
:10456000726561647920746F207065666F726D206A
:1045700070616972696E670075F003006100000088
:10458000A10000001A000000DFE203006700000045
:10459000E00000000E000000DFE203006700000002
:1045A000E00000001C00000093E603006E00000025
:1045B0002F0000000900000004050607080900009C
:1045C000DFE20300670000000F0100000E000000A2
:1045D000DFE20300670000000F010000150000008B
:1045E000DFE2030067000000100100000E00000081
:1045F000DFE2030067000000100100002600000059
:1046000093E603006E000000360000000E0000007C
:1046100050616972696E6720526571756573745077
:10462000616972696E6720436F6E6669726D506171
:104630006972696E672052616E646F6D5061697254
:10464000696E67204661696C6564456E6372797056
:1046500074696F6E20496E666F726D6174696F6EFA
:1046600043656E7472616C204964656E7469666935
:10467000636174696F6E4964656E74697479204909
:104680006E666F726D6174696F6E4964656E746990
:104690007479204164647265737320496E666F7229
:1046A0006D6174696F6E5369676E696E6720496EDC
:1046B000666F726D6174696F6E50616972696E6761
:1046C000205075626C6963204B657950616972692D
:1046D0006E67204448204B657920436865636B4BC7
:1046E00065797072657373204E6F74696669636172
:1046F00074696F6E4174747269627574650000004C
:1047000030EA0300640000004302000037000000AC
:1047100015E4030058000000520000000C000000E7
:1047200015E40300580000005200000012000000D1
:1047300015E40300580000005300000012000000C0
:1047400055756964313655756964333255756964D8
:1047500031323853697A654572726F7228290000C8
:104760000F000000100000000F0000000E0000000D
:104770000E000000160000001600000014000000EB
:104780001C000000130000001000000012000000D8
:104790001400000015000000104604003814040046
:1047A0001F4604002E4604003C4604004A4604000E
:1047B00060460400764604008A460400A6460400CB
:1047C000C8130400B9460400CB460400DF460400C9
:1047D000240000002400000024000000500000001D
:1047E0004000000080000000810000008200000006
:1047F00083000000840000008500000086000000A7
:104800008700000088000000890000008A00000086
:104810008B0000008C0000008D0000008E00000066
:104820008F00000090000000910000009200000046
:104830009300000094000000950000009600000026
:104840009700000098000000990000009A00000006
:104850009B0000009C0000009D0000009E000000E6
:104860009F000000A0000000A1000000A2000000C6
:10487000A3000000A4000000A5000000A6000000A6
:10488000A7000000A8000000A9000000AA00000086
:10489000AB000000AC000000AD000000AE00000066
:1048A000AF000000B0000000B1000000B200000046
:1048B000B3000000B4000000B5000000B600000026
:1048C000B7000000B8000000B9000000BA00000006
:1048D000BB000000BC000000BD000000BE000000E6
:1048E000BF000000C0000000C1000000C2000000C6
:1048F00000000000000000000000000000000000B8
:1049000000000000000000000000000000000000A7
:104910000000000000000000C3000000C400000010
:10492000C5000000C6000000C7000000C80000006D
:10493000C9000000CA000000CB000000CC0000004D
:10494000CD000000CE000000CF000000D00000002D
:10495000D1000000D2000000D3000000D40000000D
:10496000D5000000D6000000D7000000D8000000ED
:10497000D9000000DA000000DB000000DC000000CD
:10498000DD0000000000000000000000000000004A
:104990000000000000000000000000000000000017
:1049A0000000000000000000000000000000000007
:1049B00000000000000000000000000000000000F7
:1049C00000000000000000000000000000000000E7
:1049D00000000000000000000000000000000000D7
:1049E00000000000000000000100000002000000C4
:1049F00003000000040000000500000006000000A5
:104A00000700000008000000090000000A00000084
:104A10000B0000000C0000000D0000000E00000064
:104A20000F00000010000000110000001200000044
:104A30001300000014000000150000001600000024
:104A40001700000018000000190000001A00000004
:104A50001B0000001C0000001D0000001E000000E4
:104A60001F000000200000002100000022000000C4
:104A700023000000240000002500000026000000A4
:104A80002700000028000000290000002A00000084
:104A90002B0000002C0000002D0000002E00000064
:104AA0002F00000030000000310000003200000044
:104AB0003300000034000000350000003600000024
:104AC0003700000038000000390000003A00000004
:104AD0003B0000003C0000003D0000003E000000E4
:104AE0003F000000400000004100000042000000C4
:104AF00043000000440000004500000046000000A4
:104B00004700000048000000490000004A00000083
:104B10004B0000004C0000004D0000004E00000063
:104B20004F00000050000000510000005200000043
:104B30005300000054000000550000005600000023
:104B40005700000058000000590000005A00000003
:104B50005B0000005C0000005D0000005E000000E3
:104B60005F000000600000006100000062000000C3
:104B700063000000640000006500000066000000A3
:104B80006700000068000000690000006A00000083
:104B90006B0000006C0000006D0000006E00000063
:104BA0006F00000070000000710000007200000043
:104BB0007300000074000000750000007600000023
:104BC0007700000078000000790000007A00000003
:104BD0007B0000007C0000007D0000007E000000E3
:104BE0007F000000008182838F000000010002002E
:104BF00002000200020002000200020002000200A5
:104C00000600060010001000010010000A0010004D
:104C10000700100001004000100001000700000024
:104C2000120000000F0000001A0000001200000037
:104C3000130000001100000013000000110000002C
:104C4000100000001100000010000000170000001C
:104C500016000000140000000B000000040000001B
:104C60008C430400FC1204000E1304001D13040006
:104C700037130400491304005C1304006D1304008F
:104C8000801304002814040058140400481404007D
:104C9000691404008014040096140400AA1404008B
:104CA000C8FF030007000000000000001000000023
:104CB000000000000B0000001A00000019000000B6
:104CC00015000000160000000F0000001400000096
:104CD000160000008C43040000000000E8130400EC
:104CE00000000000DA160400E5160400FF160400B8
:104CF000181704002D17040043170400521704006E
:104D00006617040014E403007C3A0400F03B04003E
:104D1000C83C040014E403007C3A0400F03B0400A7
:104D2000C83C0400B8450400B9450400BA45040075
:104D3000BB450400BC450400BD45040084390400A3
:104D40008539040086390400873904008839040055
:104D50008939040014E403007C3A0400F03B0400A9
:104D600014E403007C3A0400F03B0400C83C040057
:104D7000B845040014E403007C3A0400F03B04004E
:104D8000C83C040014E403007C3A0400F03B040037
:104D900014E403007C3A0400F03B0400000000002F
:104DA00001000000020000000200000002000000FC
:104DB00002000000020000000200000002000000EB
:104DC000020000000200000014E403007C3A04002A
:104DD000F03B0400C83C0400B8450400B945040099
:104DE000BA450400BB450400BC450400BD450400B1
:104DF00084390400853904008639040087390400A9
:104E000088390400893904008A3904008B39040088
:104E10008C3904008D3904008E3904008F39040068
:104E20009039040091390400923904009339040048
:104E3000943904009539040096390400653904005A
:104E4000673904009739040098390400993904003F
:104E50009A3904009B3904009C3904009D390400F0
:104E60009E390400683904009F390400A039040009
:104E700069390400A1390400A2390400663904002C
:104E8000A3390400A4390400A5390400A63904009C
:104E9000A7390400A839040014E403007C3A040094
:104EA000F03B0400C83C0400B8450400B9450400C8
:104EB000BA450400BB450400BC450400BD450400E0
:104EC00084390400853904008639040087390400D8
:104ED00088390400893904008A3904008B390400B8
:104EE0008C3904008D3904008E3904008F39040098
:104EF0009039040091390400923904009339040078
:104F0000943904009539040014E403007C3A040049
:104F1000F03B0400C83C0400B8450400B945040057
:104F2000BA450400DB390400DC390400DD39040033
:104F3000DE390400DF390400E0390400E1390400FF
:104F4000E2390400E3390400E4390400E5390400DF
:104F5000E6390400E7390400E8390400E9390400BF
:104F6000EA390400EB390400EC390400ED3904009F
:104F7000EE390400EF390400F0390400F13904007F
:104F8000F2390400F3390400F4390400F53904005F
:104F9000F6390400F7390400F8390400F93904003F
:104FA000FA390400FB390400FC390400FD3904001F
:104FB000FE390400FF390400003A0400013A0400FD
:104FC000023A0400033A0400043A0400053A0400DB
:104FD000063A0400073A0400083A0400093A0400BB
:104FE0000A3A04000B3A04000C3A04000D3A04009B
:104FF0000E3A04000F3A0400103A0400113A04007B
:10500000123A0400133A0400143A0400153A04005A
:10501000163A0400173A0400183A0400193A04003A
:105020001A3A04001B3A04001C3A04001D3A04001A
:105030000000000000000000000000000000000070
:105040000000000000000000000000000000000060
:1050500000000000000000001E3A04001F3A040097
:10506000203A0400213A0400223A0400233A0400C2
:10507000243A0400253A0400263A0400273A0400A2
:1050800064390400283A0400293A04002A3A04004A
:105090002B3A04002C3A04002D3A04002E3A040066
:1050A0002F3A0400303A0400313A0400323A040046
:1050B000333A0400343A0400353A0400363A040026
:1050C000373A04000000000000000000000000006B
:1050D00000000000000000000000000000000000D0
:1050E00000000000000000000000000000000000C0
:1050F00000000000000000000000000000000000B0
:10510000000000000000000000000000000000009F
:10511000000000000000000000000000000000008F
:105120000000000014E403007C3A0400F03B04009B
:10513000C83C0400B8450400B9450400BA45040061
:10514000BB450400BC450400BD450400843904008F
:105150008539040086390400873904008839040041
:10516000893904008A3904008B3904008C39040021
:105170008D3904008E3904008F3904009039040001
:1051800091390400923904009339040094390400E1
:105190009539040096390400653904006739040024
:1051A0009739040098390400993904009A390400A9
:1051B0009B3904009C3904009D3904009E39040089
:1051C000683904009F390400A039040069390400DB
:1051D000A1390400A239040066390400A33904008F
:1051E000A4390400A5390400A6390400A739040035
:1051F000A8390400A9390400AA390400AB39040015
:10520000AC390400AD390400AE390400AF390400F4
:10521000B0390400B1390400B2390400B3390400D4
:10522000B4390400B53904006B3904006C3904004A
:105230006D3904006E3904006F39040070390400C0
:1052400071390400723904007339040074390400A0
:10525000753904006A39040076390400773904008E
:1052600078390400793904007A3904007B39040064
:105270007C3904007D3904007E3904007F39040044
:105280008039040081390400823904008339040024
:10529000B6390400B7390400B8390400B93904003C
:1052A000BA390400BB390400BC390400BD3904001C
:1052B000BE390400BF390400C0390400C1390400FC
:1052C000C2390400C3390400C4390400C5390400DC
:1052D000C6390400C7390400C8390400C9390400BC
:1052E000CA390400CB390400CC390400CD3904009C
:1052F000CE390400CF390400D0390400D13904007C
:10530000D2390400D3390400D4390400D53904005B
:10531000D6390400D7390400D8390400D93904003B
:10532000DA390400060000000B0000000400000051
:10533000483A04004E3A0400D0FF03000200000087
:105340000400000010000000070000002000000022
:105350001E000000230000001C0000001D000000D3
:10536000260000002F0000002B0000002700000096
:105370002000000021000000260000001E000000A8
:105380001A0000001F000000250000008C430400EC
:10539000E61F040093430400B1430400D443040017
:1053A000F04304000D44040033440400624404004C
:1053B0008D44040046200400B4440400D544040095
:1053C000FB44040019450400334504005245040021
:1053D00014E40300000000007C3A04000000000018
:1053E000F03B0400C83C0400B8450400B945040083
:1053F000BA450400BB450400BC450400BD4504009B
:105400000000000000020301000301000000000092
:1054100003010003E0440867C9A7D8529DA268EFC2
:10542000DC3BE3006173DB4B48283D0F4D30C591F9
:1054300021C8225225FC73DF44296DEA1BC855029E
:10544000550F4CA0A888E4EF97DCAC29DE60A5805E
:105450008F152EBE73E6132BEE1185FC24ED03D1C0
:10546000EE8DC5FFB8997EEA3A522210178AFC4A9F
:1054700039EA438F0B3DF3C5BC2D4E8F8116AAD060
:10548000FA99C03BF19DFF79417BBBFFC4578BD597
:105490009DE00D18A5CDD18B52074356A5ED058E85
:1054A0007F570718E99668959B699C09B5EFF0F15D
:1054B0003D09D6831C0697ED7EF15AEF3C4C0D0357
:1054C000B877B93539942249A275FA815DD3B6A06F
:1054D0007020A2F5F11CF87465534C815B06200125
:1054E000F7AF0BE3212613155612AE808807A836B6
:1054F000CBB8D216CA0BC5EC9746D13321DDAE1717
:10550000B0DFA91966F7C3EDC7BC3F52FD5ACFB251
:10551000DDE64D9C6D9F0DCFE6A9055321B0A98115
:105520002F173958CF87C675DDA4A7CC2FE24B843F
:105530003E9BD536E9531A11627ECECAA1F363F0C1
:10554000D443C891DA12A80DF0E577BF76317F43D6
:105550009CAF640E7D5107CFBB68D5DBB93068BA0C
:10556000A2FB1A2FA6C2C4E67C80B615EF6A96E4A9
:10557000BCEAC791E6B6B2D61BEA6D714B5BF8196F
:10558000D1438C242A5E314A60FDDC160B3D2BC7CB
:1055900003D3FD15D5DFB742F4F90BE42A4F932D61
:1055A000F38936670BF5A630B4BE14834EC66E97EA
:1055B000BCF27AD1F1DDE71E4F6CF6393C37EA6870
:1055C0008BE1687F86B1D053F2C16651148FE57BC1
:1055D00001A6DD957430914256E35A0DB142A548BB
:1055E000271B49552A7310B365A69C46C14C1A5F08
:1055F000521D59293F984FB86B5B6FE7E1845F9F5D
:1056000041EF7EBE89A1BA8096D400122C33EF18E8
:105610001F557663F5544E7CC0CBE5B9340E41E19D
:10562000171A3AC5254445EC3091193E2E900017C3
:105630007EC929B0B6236478116EE62DBE951AB4E2
:1056400014C92D2683B65104BD6A7651B16FBB854E
:10565000345FAD5579CB66901C4F4F074EB9C830BB
:10566000D61BB31AB37542D72F013F6D40CEDC9DD8
:10567000B1D014A20A0565D174DFAE243EDCE5E0AA
:10568000CE7EF195564422D9DA9CDA6AEA0ED62DFE
:10569000D1B2AD1F9BFB0CE29130D8A3CBE076BA20
:1056A00075C979AE6E8A85C888A5F2A568314A8722
:1056B000F4A597E896F0487D40EFC1F62C135BC344
:1056C0006B519C1FFD79C453910F04E14367F09D1A
:1056D0001F880E06510EA95272ADE009960AC53810
:1056E000A36EE6B77077997D05AD32ABCB715644AA
:1056F000E2FFEA0C99CC375D3C75BEDFD5A2FEE037
:10570000CC68D095B67CD74DDACD371E8806535578
:10571000BBA4C588F144770C33F01334026781BC15
:10572000895CC023ACB592119AEE2223BB8031373D
:10573000A036160C0702DEBDD4F3E20FD87835C2CE
:105740003A091A0EAD8E880CD1F0E50660B6A25269
:10575000A585A29C643992CE9569E7DA93794CA32A
:105760003A4996CCE7D973EA44519BD1346E1E3145
:1057700063C2A50443A4A2D92BB3B57D0C96FD2C1E
:1057800033BD5437150F430A98CC5B0C7445A9D927
:105790001F205156FE1804FC2189DDEB3600E2344F
:1057A000395B013753A303DF8FCD4FCF16AB2CF1FD
:1057B000E1E62DDC14DF71D01ACC179C3055416323
:1057C000A3E6C5D71EFBF368601630B50193261813
:1057D000C90BF7B50F1AEC79FDAE8D2D979CB3CEA2
:1057E000FDD6BC3B951AF658FC5F57F520B4F7ADD3
:1057F000C486D9DBB79EF3151488AA816C978DB93E
:10580000F5FCE26E7D712FCF5D476554D0BB6068BB
:10581000C4D3248E0100000000000000000000003E
:10582000FFFFFFFFFFFFFFFFFFFFFFFFFEFFFFFF89
:1058300000000000252627000102030328040000C1
:1058400090420000BE1100004C010000E80B000077
:1058500086040000010203030102030301010002A8
:105860000700010204010001000001010000010025
:10587000010000010001000000000000020B000018
:1058800001000B0002000A00050009000A000800E0
:10589000140007001E000600320005004B00040043
:1058A0006400030096000200FA000100F401000009
:1058B0000102030302030001F401FA0096006400F0
:1058C0004B0032001E0014000A0005000200010017
:1058D0000C0802170D01010209090101060209184D
:1058E00018030101090983838503020123020224AD
:1058F0000910040405050B0B040B2B1B1B159A9AAE
:105900001C021D16130501490D150508061B1B0F6A
:1059100001010000FEFEFEFEFEFEFEFEFEFEFEFE9D
:10592000FEFEFEFEFEFEFEFEFE16FEFEFEFEFEFE7F
:10593000FEFEFEFEFEFE1F1FFE26FEFEFEFEFEFE1D
:10594000FEFEFEFEFEFEFEFEFEFEFEFE3E3EFEFEF7
:10595000FEFE3B3B60009006BE022C01D012CE053D
:1059600028049042BE1164005006AE027205DA436C
:10597000081300010202A301B103BF05EF024906AB
:10598000A309C505F50B2512010203030102030358
:10599000010204010203030028049042BE117205B3
:1059A000DA4308132C00D002CE0104401000280472
:1059B0009042BE112C00D002CE01B400500BEE0379
:1059C00064005006AE02B400500BEE030102030364
:1059D00028049042BE1128049042BE110102030324
:1059E0000001020201000000101100400000000050
:1059F0000000000000000000000000000406080A8B
:105A00000C0E10121416181C1E20222426282A2CD4
:105A10002E30323436383A3C3E40424446484A4CB6
:105A20004E021A500000000028000000180000007C
:105A3000500100005001000000000000141E000092
:105A4000301100003C730000B45F0000B80BD007B9
:105A50006C396C390000000070170000A00F0000C6
:105A60003C2800003C2800000000DC05E803D417B7
:105A70000000000000000000000000000000000026
:105A8000141E00003011000060EA000060EA00000F
:105A900000002CA6E0A120A820A800000000000023
:105AA0000000000000003408E803280A280A00006B
:105AB0000000000000000000E3A3C3000102000595
:105AC000040008080000D8ECF0F4F8FC000203041D
:105AD00005060708000000000000000000000000AC
:105AE00000000000000000000101010102020202AA
:105AF000030303030404040405050505060606085C
:105B0000090000000000000000000000000000008C
:105B10000000000000010101010202020203030370
:105B200003040404040505050506060708090A0B15
:105B30000C0D00100200FA000000000064726167A2
:105B40006F6F6E2F6C6962732F73636865642F7358
:105B500072632F73636865645F68616C5F727463FE
:045B60002E630000B0
:105B68006465666D740000005345474745522052EE
:105B78005454000000000000010000000000000074
:105B88000879032008F80320000400000000000042
:105B98000000000001000000FFFFFFFFFFFFFFFF04
:105BA80000000000000000000000000000000000ED
:105BB80000000000000000000000000000000000DD
:105BC80000000000FEFFFFFF0000000000000000D2
:105BD80000000000000000000000000001010000BB
:105BE8000000000030750000000000000000000008
:105BF800000000000000000000000000000000009D
:105C0800000000000000000000000000000000008C
:105C1800000000000000000000000000000000007C
:105C2800000000000000000000000000000000006C
:105C3800000000000000000000000000000000005C
:105C4800000000000000000000000000000000004C
:105C5800000000000000000000000000000000003C
:105C68000000000000000000000000000003000029
:105C7800000000000100000000000000000000001B
:105C8800000000000000000000000000000000000C
:105C980000000000000000000000000000000000FC
:105CA80000000000000000000000000000000000EC
:105CB80000000000000000000000000000000000DC
:105CC80000000000000000000000000000000000CC
:105CD80000000000000000000000000000000000BC
:105CE80000000000000000000000000000000000AC
:105CF800000000000000000000000000000000009C
:105D0800000000000000000000000000000000008B
:105D1800000000000000000000000000000000007B
:105D2800000000000000000000000000000000006B
:105D3800000000000000000000000000000000005B
:105D4800000000000000000000000000000000004B
:105D5800000000000000000000000000000000003B
:105D6800000000000000000000000000000000002B
:105D7800010000000000000000000000000000001A
:105D8800000000000000000000000000000000000B
:105D980000000000000000000000000000000000FB
:105DA80000000000000000000000000000000000EB
:105DB80000000000000000000000000000000000DB
:105DC80000000000000000000000000000000000CB
:105DD80000000000000000000000000000000000BB
:105DE80000000000000000000000000000000000AB
:105DF800000000000000000000000000000000009B
:105E0800000000000000000000000000000000008A
:105E1800000000000000000000000000000000007A
:105E2800000000000000000000000000000000006A
:105E3800000000000000000000000000000000005A
:105E4800000000000000000000000000000000004A
:105E5800000000000000000000000000000000003A
:105E68000000000000000000000000000100000029
:105E7800000000000000000000000000000000001A
:105E8800000000000000000000000000000000000A
:105E980000000000000000000000000000000000FA
:105EA80000000000000000000000000000000000EA
:105EB80000000000000000000000000000000000DA
:105EC80000000000000000000000000000000000CA
:105ED80000000000000000000000000000000000BA
:105EE80000000000000000000000000000000000AA
:105EF800000000000000000000000000000000009A
:105F08000000000000000000000000000000000089
:105F18000000000000000000000000000000000079
:105F28000000000000000000000000000000000069
:105F38000000000000000000000000000000000059
:105F48000000000000000000000000000000000049
:105F58000000000000000000000000000000000039
:105F68000000000000000000010000000000000028
:105F78000000000000000000000000000000000019
:105F88000000000000000000000000000000000009
:105F980000000000000000000000000000000000F9
:105FA80000000000000000000000000000000000E9
:105FB80000000000000000000000000000000000D9
:105FC80000000000000000000000000000000000C9
:105FD80000000000000000000000000000000000B9
:105FE80000000000000000000000000000000000A9
:105FF8000000000000000000000000000000000099
:106008000000000000000000000000000000000088
:106018000000000000000000000000000000000078
:106028000000000000000000000000000000000068
:106038000000000000000000000000000000000058
:106048000000000000000000000000000000000048
:106058000000000000000000000000000000000038
:106068000000000001000000000000000000000027
:106078000000000000000000000000000000000018
:106088000000000000000000000000000000000008
:1060980000000000000000000000000000000000F8
:1060A80000000000000000000000000000000000E8
:1060B80000000000000000000000000000000000D8
:1060C80000000000000000000000000000000000C8
:1060D80000000000000000000000000000000000B8
:1060E80000000000000000000000000000000000A8
:1060F8000000000000000000000000000000000098
:106108000000000000000000000000000000000087
:106118000000000000000000000000000000000077
:106128000000000000000000000000000000000067
:106138000000000000000000000000000000000057
:106148000000000000000000000000000000000047
:106158000000000000000000000000000000000037
:106168000100000000000000000000000000000026
:106178000000000000000000000000000000000017
:106188000000000000000000000000000000000007
:1061980000000000000000000000000000000000F7
:1061A80000000000000000000000000000000000E7
:1061B80000000000000000000000000000000000D7
:1061C80000000000000000000000000000000000C7
:1061D80000000000000000000000000000000000B7
:1061E80000000000000000000000000000000000A7
:1061F8000000000000000000000000000000000097
:106208000000000000000000000000000000000086
:106218000000000000000000000000000000000076
:106228000000000000000000000000000000000066
:106238000000000000000000000000000000000056
:106248000000000000000000000000000000000046
:106258000000000000000000000000000100000035
:106268000000000000000000000000000000000026
:106278000000000000000000000000000000000016
:106288000000000000000000000000000000000006
:1062980000000000000000000000000000000000F6
:1062A80000000000000000000000000000000000E6
:1062B80000000000000000000000000000000000D6
:1062C80000000000000000000000000000000000C6
:1062D80000000000000000000000000000000000B6
:1062E80000000000000000000000000000000000A6
:1062F8000000000000000000000000000000000096
:106308000000000000000000000000000000000085
:106318000000000000000000000000000000000075
:106328000000000000000000000000000000000065
:106338000000000000000000000000000000000055
:106348000000000000000000000000000000000045
:106358000000000000000000010000000000000034
:106368000000000000000000000000000000000025
:106378000000000000000000000000000000000015
:106388000000000000000000000000000000000005
:1063980000000000000000000000000000000000F5
:1063A80000000000000000000000000000000000E5
:1063B80000000000000000000000000000000000D5
:1063C80000000000000000000000000000000000C5
:1063D80000000000000000000000000000000000B5
:1063E80000000000000000000000000000000000A5
:1063F8000000000000000000000000000000000095
:106408000000000000000000000000000000000084
:106418000000000000000000000000000000000074
:106428000000000000000000000000000000000064
:106438000000000000000000000000000000000054
:106448000000000000000000000000000000000044
:106458000000000001000000000000000000000033
:106468000000000000000000000000000000000024
:106478000000000000000000000000000000000014
:106488000000000000000000000000000000000004
:1064980000000000000000000000000000000000F4
:1064A80000000000000000000000000000000000E4
:1064B80000000000000000000000000000000000D4
:1064C80000000000000000000000000000000000C4
:1064D80000000000000000000000000000000000B4
:1064E80000000000000000000000000000000000A4
:1064F8000000000000000000000000000000000094
:106508000000000000000000000000000000000083
:106518000000000000000000000000000000000073
:106528000000000000000000000000000000000063
:106538000000000000000000000000000000000053
:106548000000000000000000000000000000000043
:106558000100000000000000000000000000000032
:106568000000000000000000000000000000000023
:106578000000000000000000000000000000000013
:106588000000000000000000000000000000000003
:1065980000000000000000000000000000000000F3
:1065A80000000000000000000000000000000000E3
:1065B80000000000000000000000000000000000D3
:1065C80000000000000000000000000000000000C3
:1065D80000000000000000000000000000000000B3
:1065E80000000000000000000000000000000000A3
:1065F8000000000000000000000000000000000093
:106608000000000000000000000000000000000082
:106618000000000000000000000000000000000072
:106628000000000000000000000000000000000062
:106638000000000000000000000000000000000052
:106648000000000000000000000000000100000041
:106658000000000000000000000000000000000032
:106668000000000000000000000000000000000022
:106678000000000000000000000000000000000012
:106688000000000000000000000000000000000002
:1066980000000000000000000000000000000000F2
:1066A80000000000000000000000000000000000E2
:1066B80000000000000000000000000000000000D2
:1066C80000000000000000000000000000000000C2
:1066D80000000000000000000000000000000000B2
:1066E80000000000000000000000000000000000A2
:1066F8000000000000000000000000000000000092
:106708000000000000000000000000000000000081
:106718000000000000000000000000000000000071
:106728000000000000000000000000000000000061
:106738000000000000000000000000000000000051
:106748000000000000000000010000000000000040
:106758000000000000000000000000000000000031
:106768000000000000000000000000000000000021
:106778000000000000000000000000000000000011
:106788000000000000000000000000000000000001
:1067980000000000000000000000000000000000F1
:1067A80000000000000000000000000000000000E1
:1067B80000000000000000000000000000000000D1
:1067C80000000000000000000000000000000000C1
:1067D80000000000000000000000000000000000B1
:1067E80000000000000000000000000000000000A1
:1067F8000000000000000000000000000000000091
:106808000000000000000000000000000000000080
:106818000000000000000000000000000000000070
:106828000000000000000000000000000000000060
:106838000000000000000000000000000000000050
:10684800000000000100000000000000000000003F
:106858000000000000000000000000000000000030
:106868000000000000000000000000000000000020
:106878000000000000000000000000000000000010
:106888000000000000000000000000000000000000
:1068980000000000000000000000000000000000F0
:1068A80000000000000000000000000000000000E0
:1068B80000000000000000000000000000000000D0
:1068C80000000000000000000000000000000000C0
:1068D80000000000000000000000000000000000B0
:1068E80000000000000000000000000000000000A0
:1068F8000000000000000000000000000000000090
:10690800000000000000000000000000000000007F
:10691800000000000000000000000000000000006F
:10692800000000000000000000000000000000005F
:10693800000000000000000000000000000000004F
:10694800010000000000000000000000000000003E
:10695800000000000000000000000000000000002F
:10696800000000000000000000000000000000001F
:10697800000000000000000000000000000000000F
:1069880000000000000000000000000000000000FF
:1069980000000000000000000000000000000000EF
:1069A80000000000000000000000000000000000DF
:1069B80000000000000000000000000000000000CF
:1069C80000000000000000000000000000000000BF
:1069D80000000000000000000000000000000000AF
:1069E800000000000000000000000000000000009F
:1069F800000000000000000000000000000000008F
:106A0800000000000000000000000000000000007E
:106A1800000000000000000000000000000000006E
:106A2800000000000000000000000000000000005E
:106A3800000000000000000000000000010000004D
:106A4800000000000000000000000000000000003E
:106A5800000000000000000000000000000000002E
:106A6800000000000000000000000000000000001E
:106A7800000000000000000000000000000000000E
:106A880000000000000000000000000000000000FE
:106A980000000000000000000000000000000000EE
:106AA80000000000000000000000000000000000DE
:106AB80000000000000000000000000000000000CE
:106AC80000000000000000000000000000000000BE
:106AD80000000000000000000000000000000000AE
:106AE800000000000000000000000000000000009E
:106AF800000000000000000000000000000000008E
:106B0800000000000000000000000000000000007D
:106B1800000000000000000000000000000000006D
:106B2800000000000000000000000000000000005D
:106B3800000000000000000001000000000000004C
:106B4800000000000000000000000000000000003D
:106B5800000000000000000000000000000000002D
:106B6800000000000000000000000000000000001D
:106B7800000000000000000000000000000000000D
:106B880000000000000000000000000000000000FD
:106B980000000000000000000000000000000000ED
:106BA80000000000000000000000000000000000DD
:106BB80000000000000000000000000000000000CD
:106BC80000000000000000000000000000000000BD
:106BD80000000000000000000000000000000000AD
:106BE800000000000000000000000000000000009D
:106BF800000000000000000000000000000000008D
:106C0800000000000000000000000000000000007C
:106C1800000000000000000000000000000000006C
:106C2800000000000000000000000000000000005C
:106C3800000000000100000000000000000000004B
:106C4800000000000000000000000000000000003C
:106C5800000000000000000000000000000000002C
:106C6800000000000000000000000000000000001C
:106C7800000000000000000000000000000000000C
:106C880000000000000000000000000000000000FC
:106C980000000000000000000000000000000000EC
:106CA80000000000000000000000000000000000DC
:106CB80000000000000000000000000000000000CC
:106CC80000000000000000000000000000000000BC
:106CD80000000000000000000000000000000000AC
:106CE800000000000000000000000000000000009C
:106CF800000000000000000000000000000000008C
:106D0800000000000000000000000000000000007B
:106D1800000000000000000000000000000000006B
:106D2800000000000000000000000000000000005B
:106D3800010000000000000000000000000000004A
:106D4800000000000000000000000000000000003B
:106D5800000000000000000000000000000000002B
:106D6800000000000000000000000000000000001B
:106D7800000000000000000000000000000000000B
:106D880000000000000000000000000000000000FB
:106D980000000000000000000000000000000000EB
:106DA80000000000000000000000000000000000DB
:106DB80000000000000000000000000000000000CB
:106DC80000000000000000000000000000000000BB
:106DD80000000000000000000000000000000000AB
:106DE800000000000000000000000000000000009B
:106DF800000000000000000000000000000000008B
:106E0800000000000000000000000000000000007A
:106E1800000000000000000000000000000000006A
:106E28000000000000000000000000000100000059
:106E3800000000000000000000000000000000004A
:106E4800000000000000000000000000000000003A
:106E5800000000000000000000000000000000002A
:106E6800000000000000000000000000000000001A
:106E7800000000000000000000000000000000000A
:106E880000000000000000000000000000000000FA
:106E980000000000000000000000000000000000EA
:106EA80000000000000000000000000000000000DA
:106EB80000000000000000000000000000000000CA
:106EC80000000000000000000000000000000000BA
:106ED80000000000000000000000000000000000AA
:106EE800000000000000000000000000000000009A
:106EF800000000000000000000000000000000008A
:106F08000000000000000000000000000000000079
:106F18000000000000000000000000000000000069
:106F28000000000000000000010000000000000058
:106F38000000000000000000000000000000000049
:106F48000000000000000000000000000000000039
:106F58000000000000000000000000000000000029
:106F68000000000000000000000000000000000019
:106F78000000000000000000000000000000000009
:106F880000000000000000000000000000000000F9
:106F980000000000000000000000000000000000E9
:106FA80000000000000000000000000000000000D9
:106FB80000000000000000000000000000000000C9
:106FC80000000000000000000000000000000000B9
:106FD80000000000000000000000000000000000A9
:106FE8000000000000000000000000000000000099
:106FF8000000000000000000000000000000000089
:107008000000000000000000000000000000000078
:107018000000000000000000000000000000000068
:107028000000000001000000000000000000000057
:107038000000000000000000000000000000000048
:107048000000000000000000000000000000000038
:107058000000000000000000000000000000000028
:107068000000000000000000000000000000000018
:107078000000000000000000000000000000000008
:1070880000000000000000000000000000000000F8
:1070980000000000000000000000000000000000E8
:1070A80000000000000000000000000000000000D8
:1070B80000000000000000000000000000000000C8
:1070C80000000000000000000000000000000000B8
:1070D80000000000000000000000000000000000A8
:1070E8000000000000000000000000000000000098
:1070F8000000000000000000000000000000000088
:107108000000000000000000000000000000000077
:107118000000000000000000000000000000000067
:107128000100000000000000000000000000000056
:107138000000000000000000000000000000000047
:107148000000000000000000000000000000000037
:107158000000000000000000000000000000000027
:107168000000000000000000000000000000000017
:107178000000000000000000000000000000000007
:1071880000000000000000000000000000000000F7
:1071980000000000000000000000000000000000E7
:1071A80000000000000000000000000000000000D7
:1071B80000000000000000000000000000000000C7
:1071C80000000000000000000000000000000000B7
:1071D80000000000000000000000000000000000A7
:1071E8000000000000000000000000000000000097
:1071F8000000000000000000000000000000000087
:107208000000000000000000000000000000000076
:107218000000000000000000000000000100000065
:107228000000000000000000000000000000000056
:107238000000000000000000000000000000000046
:107248000000000000000000000000000000000036
:107258000000000000000000000000000000000026
:107268000000000000000000000000000000000016
:107278000000000000000000000000000000000006
:1072880000000000000000000000000000000000F6
:1072980000000000000000000000000000000000E6
:1072A80000000000000000000000000000000000D6
:1072B80000000000000000000000000000000000C6
:1072C80000000000000000000000000000000000B6
:1072D80000000000000000000000000000000000A6
:1072E8000000000000000000000000000000000096
:1072F8000000000000000000000000000000000086
:107308000000000000000000000000000000000075
:107318000000000000000000010000000000000064
:107328000000000000000000000000000000000055
:107338000000000000000000000000000000000045
:107348000000000000000000000000000000000035
:107358000000000000000000000000000000000025
:107368000000000000000000000000000000000015
:107378000000000000000000000000000000000005
:1073880000000000000000000000000000000000F5
:1073980000000000000000000000000000000000E5
:1073A80000000000000000000000000000000000D5
:1073B80000000000000000000000000000000000C5
:1073C80000000000000000000000000000000000B5
:1073D80000000000000000000000000000000000A5
:1073E8000000000000000000000000000000000095
:1073F8000000000000000000000000000000000085
:107408000000000000000000000000000000000074
:107418000000000001000000000000000000000063
:107428000000000000000000000000000000000054
:107438000000000000000000000000000000000044
:107448000000000000000000000000000000000034
:107458000000000000000000000000000000000024
:107468000000000000000000000000000000000014
:107478000000000000000000000000000000000004
:1074880000000000000000000000000000000000F4
:1074980000000000000000000000000000000000E4
:1074A80000000000000000000000000000000000D4
:1074B80000000000000000000000000000000000C4
:1074C80000000000000000000000000000000000B4
:1074D80000000000000000000000000000000000A4
:1074E8000000000000000000000000000000000094
:1074F8000000000000000000000000000000000084
:107508000000000000000000000000000000000073
:107518000100000000000000000000000000000062
:107528000000000000000000000000000000000053
:107538000000000000000000000000000000000043
:107548000000000000000000000000000000000033
:107558000000000000000000000000000000000023
:107568000000000000000000000000000000000013
:107578000000000000000000000000000000000003
:1075880000000000000000000000000000000000F3
:1075980000000000000000000000000000000000E3
:1075A80000000000000000000000000000000000D3
:1075B80000000000000000000000000000000000C3
:1075C80000000000000000000000000000000000B3
:1075D80000000000000000000000000000000000A3
:1075E8000000000000000000000000000000000093
:1075F8000000000000000000000000000000000083
:107608000000000000000000000000000100000071
:107618000000000000000000000000000000000062
:107628000000000000000000000000000000000052
:107638000000000000000000000000000000000042
:107648000000000000000000000000000000000032
:107658000000000000000000000000000000000022
:107668000000000000000000000000000000000012
:107678000000000000000000000000000000000002
:1076880000000000000000000000000000000000F2
:1076980000000000000000000000000000000000E2
:1076A80000000000000000000000000000000000D2
:1076B80000000000000000000000000000000000C2
:1076C80000000000000000000000000000000000B2
:1076D80000000000000000000000000000000000A2
:1076E8000000000000000000000000000000000092
:1076F8000000000000000000000000000000000082
:107708000000000000000000010000000000000070
:107718000000000000000000000000000000000061
:107728000000000000000000000000000000000051
:107738000000000000000000000000000000000041
:107748000000000000000000000000000000000031
:107758000000000000000000000000000000000021
:107768000000000000000000000000000000000011
:107778000000000000000000000000000000000001
:1077880000000000000000000000000000000000F1
:1077980000000000000000000000000000000000E1
:1077A80000000000000000000000000000000000D1
:1077B80000000000000000000000000000000000C1
:1077C80000000000000000000000000000000000B1
:1077D80000000000000000000000000000000000A1
:1077E8000000000000000000000000000000000091
:1077F8000000000000000000000000000000000081
:10780800000000000100000000000000000000006F
:107818000000000000000000000000000000000060
:107828000000000000000000000000000000000050
:107838000000000000000000000000000000000040
:107848000000000000000000000000000000000030
:107858000000000000000000000000000000000020
:107868000000000000000000000000000000000010
:107878000000000000000000000000000000000000
:1078880000000000000000000000000000000000F0
:1078980000000000000000000000000000000000E0
:1078A80000000000000000000000000000000000D0
:1078B80000000000000000000000000000000000C0
:1078C80000000000000000000000000000000000B0
:1078D80000000000000000000000000000000000A0
:1078E8000000000000000000000000000000000090
:1078F8000000000000000000000000000000000080
:10790800010000000000000000000000000000006E
:10791800000000000000000000000000000000005F
:10792800000000000000000000000000000000004F
:10793800000000000000000000000000000000003F
:10794800000000000000000000000000000000002F
:10795800000000000000000000000000000000001F
:10796800000000000000000000000000000000000F
:1079780000000000000000000000000000000000FF
:1079880000000000000000000000000000000000EF
:1079980000000000000000000000000000000000DF
:1079A80000000000000000000000000000000000CF
:1079B80000000000000000000000000000000000BF
:1079C80000000000000000000000000000000000AF
:1079D800000000000000000000000000000000009F
:1079E800000000000000000000000000000000008F
:1079F800000000000000000000000000010000007E
:107A0800000000000000000000000000000000006E
:107A1800000000000000000000000000000000005E
:107A2800000000000000000000000000000000004E
:107A3800000000000000000000000000000000003E
:107A4800000000000000000000000000000000002E
:107A5800000000000000000000000000000000001E
:107A6800000000000000000000000000000000000E
:107A780000000000000000000000000000000000FE
:107A880000000000000000000000000000000000EE
:107A980000000000000000000000000000000000DE
:107AA80000000000000000000000000000000000CE
:107AB80000000000000000000000000000000000BE
:107AC80000000000000000000000000000000000AE
:107AD800000000000000000000000000000000009E
:107AE800000000000000000000000000000000008E
:107AF800000000000000000001000000000000007D
:107B0800000000000000000000000000000000006D
:107B1800000000000000000000000000000000005D
:107B2800000000000000000000000000000000004D
:107B3800000000000000000000000000000000003D
:107B4800000000000000000000000000000000002D
:107B5800000000000000000000000000000000001D
:107B6800000000000000000000000000000000000D
:107B780000000000000000000000000000000000FD
:107B880000000000000000000000000000000000ED
:107B980000000000000000000000000000000000DD
:107BA80000000000000000000000000000000000CD
:107BB80000000000000000000000000000000000BD
:107BC80000000000000000000000000000000000AD
:107BD800000000000000000000000000000000009D
:107BE800000000000000000000000000000000008D
:107BF8000000000002000000000200000000000079
:107C0800FFFFFFFFFF1F00001F0000000000000033
:107C18007FFE0000E40700001D4000000000000097
:107C28000000000000000000FFFFFFFF1FFF1B0017
:107C3800BAABBABA10101010A0354D00FF00000002
:107C4800C40900000000000000800040000000009F
:107C5800000000000C0000000000000000FF7F0092
:107C680000000000FBFC02000000000097FC02007E
:107C78000000000029FD020000000000E3FC0200F3
:107C880000000000DFFC020000000000FF00000010
:0C7C98002CCB03000100000070CC0300A6
:0400000300001101E7
:00000001FF
