:101000000879032001110000E92102008DDD0300B1
:10101000E9210200E9210200E921020000000000AC
:10102000000000000000000000000000E9210200B4
:10103000E921020000000000E9210200E92102008C
:1010400059110000C1110000E9210200E92102004C
:10105000E9210200E9210200CD260200451200002C
:1010600091120000E9210200E9210200391200007A
:10107000E9210200CD110000E9210200E92102006E
:10108000E9210200A5270200E9210200E92102006E
:10109000AD110000E9210200E9210200E92102006E
:1010A000E9210200E9210200E9210200E921020010
:1010B000E9210200E9210200000000000000000018
:1010C000E9210200E9210200E9210200E9210200F0
:1010D000E9210200E9210200E92102009D1200003D
:1010E000E9210200E9210200E921020000000000DC
:1010F00000000000E921020000000000E9210200D8
:1011000021F075F80E480F490022814201D004C039
:10111000FBE70D480D490E4A814202D008CA08C0BB
:10112000FAE70C484FF47001026842EA01020260DB
:10113000BFF34F8FBFF36F8F1EF0B9F800DE0000D2
:10114000489A032008F8032008790320449A0320D2
:10115000385B040088ED00E0B0B502AF38F0B2F9BA
:10116000104C206828B1002020600F48103021F07A
:1011700015FD606850B10C4D0020606005F1100055
:1011800021F00CFD05F1280021F008FDA06838B120
:101190000020A06004482830BDE8B04021F0FEBC2B
:1011A000B0BD00BF1C010040F8E6032080B56F46CB
:1011B0000248BDE8804021F0F1BC00BF70DC032094
:1011C00080B56F46BDE8804039F00EBDF0B503AF85
:1011D0004DF804BD154E0020306022F0EFFA144D9A
:1011E0000446286DF0B94FF0FF302865E86D78B1FE
:1011F000296E88420CD0D6F808140170D5E9170181
:101200000130E865884204BF05F1540021F09AFCE2
:10121000286D0130286520465DF804BBBDE8F0402C
:1012200022F002BB034820F05BFE00BF00D100406B
:10123000F8E603200831040080B56F46BDE8804021
:101240003AF06EBBD0B502AF0F4C206930B1102020
:10125000C4F808020D48203021F0A0FC606830B1CD
:101260000220C4F808020948203021F097FC2068C9
:1012700040B10120C4F8080204482030BDE8D04045
:1012800021F08CBCD0BD00BF00710040F8E6032007
:1012900080B56F46BDE8804039F09ABCF0B503AF29
:1012A0002DE9800F3A4D286858B13A4C0120C5F815
:1012B000080204F1100021F071FC04F1180021F083
:1012C0006DFCE86D38B14FF40000C5F808023148F4
:1012D000183021F063FCA86A38B14FF48060C5F87B
:1012E00008022C48183021F059FCA86D28B10020C4
:1012F000A8652848103021F051FC286EE8B3002082
:101300002866D5F86CA32348C5F86CA3BFF35F8F9C
:1013100050E8021F41EA0A0140E80212002AF7D110
:10132000DFF880804FF0000BDFF870900126BFF3EC
:101330005F8F5FEACB7020D13546072E1DD82E4631
:101340002AFA05F418BF0136E00707D0681E0828FE
:1013500015D209EBC000383021F020FCE81FB0FAAC
:1013600080F04FEA501BE003E3D5681E082808D23E
:1013700008EBC00021F012FCDBE727F02EB9064A8B
:1013800000E0074A4FF0FF30082120F04FF900BF7E
:1013900000710240F8E60320AC12040060E703206D
:1013A000BC12040070DA0320F0B503AF2DE9000F82
:1013B0009BB0D0E9014B814608460E46A4EB0B05D5
:1013C00025F0B2FF854201D2002073E23046D9F801
:1013D000005025F0A9FFDFF808152A46009100EB20
:1013E0000B015846234623F06DFE3278FF2A1CD1AC
:1013F0003279FF2A3BD127F05CFC3089012812A802
:1014000014BF1B211D2123F09DFEC0B2022840F015
:101410004882718912A823F0B5FEC0B2022840F0BC
:101420004082D6E9031212A8C4E1B2F10A044FF0D7
:10143000000398BF1C46002C33D0012C46D127F066
:1014400038FC12A8522123F07DFEC0B2022840F0E1
:101450002882B18912A823F095FEC0B2022840F07C
:101460002082D6E9011212A825F062F834E0CDE915
:10147000090100200B90DFE812F009003601590045
:10148000160131006B0193013301A00109A803216A
:1014900023F058FEC0B2022840F00382F18809A868
:1014A000F9E112AC0A2A0BC400F21482DFE812F050
:1014B0000B008D01A701AA01DA01BB01E3011202B1
:1014C000120212028A0112A8102180E127F0F1FB1A
:1014D00012A81E2123F036FEC0B2E2E109A80921BC
:1014E00023F030FEC0B2022840F0DB81746909A805
:1014F000214623F027FEC0B2022840F0D28127F017
:1015000008F812A8294625F089FE9DF84800FF2812
:1015100040F0C68127F04FF8C0B2022840F0C181E8
:1015200027F05DFAC0B20228EBD0BAE109A8052184
:1015300023F008FEC0B2022840F0B381357D09A82F
:10154000294623F0FFFDC0B2022840F0AA81D6E967
:101550000220CDE90E2031698DF8445010910EAC77
:10156000401AE9B24FF0100A012908BF4FF0020AF1
:101570000AF102018842C0F09381204624F090FCD9
:101580000546C00740F09F8112A82146524625F02B
:101590007BFE1298002800F096811399022924D02E
:1015A00004291AD0102928D1C2684FF00208818876
:1015B0000792C27AADF8681001680892827A0292A6
:1015C0005FFA81FC427A0392027A19910121049216
:1015D000C27980790592069012E0D0F800C04FF0F1
:1015E0000108CDF864C001210AE0B0F800C0012173
:1015F000ADF864C04FF0000802E0CDF8661000219D
:10160000002900F05A81079BA2460C93290C9DF8F3
:1016100060308DF83430089B8DF85430029B8DF883
:101620005330039B8DF85230049B9DF868008DF871
:101630005130059B9DF869209DF865E09DF8665046
:101640009DF867408DF85030069B8DF84D000C9842
:101650008DF84F308DF84E208DF84C408DF84B5062
:101660008DF84AE08DF849C08DF84880CDF85500D6
:1016700009AC204623F086FDC0B2022840F011815B
:1016800012A823F02FFD27F0B5F820461A4624F0C3
:101690004FFFC0B2022840F00481DDE90F0154463B
:1016A0009DF844505CE709A8012123F04BFDC0B22E
:1016B000022840F0F680717909A823F043FDC0B2FA
:1016C000022840F0EE80318909A823F05BFDC0B20A
:1016D000022840F0E680B17909A823F0D3FCDCE0D1
:1016E00009A80D215EE009A8072123F02BFDC0B257
:1016F000022840F0D68031690DF148080DF1240A26
:10170000D6E902201491CDE91220401A0428C0F035
:10171000C780404624F0C4FB0546C00740F0C080A7
:10172000404624F0BDFB0446C00740F0B980290CB8
:1017300027F0B1FAC0B2022840F0B380210C27F0A4
:10174000AAFAC0B2022840F0AC80DDE91301DCE760
:1017500009A8112123F0F6FCC0B2022840F0A180B4
:10176000746909A8214623F0EDFCC0B2022840F0BC
:10177000988026F0CEFE12A8294625F04FFD9DF850
:101780004800FF2840F08C8026F015FFC0B20228E8
:1017900040F0878027F023F9C0B20228EBD080E028
:1017A00009A80B2123F0CEFCC0B2022879D1D6E9DA
:1017B000021209A824F0BCFE6FE009A8132123F04F
:1017C000C1FC6AE012A80C2157E012A8082123F0FE
:1017D000B9FCC0B2022864D1718A12A823F0D2FCED
:1017E000C0B202285DD1B18A12A823F0CBFCC0B2EE
:1017F000022856D1711C12A825F0ECFA4DE012A86F
:101800000A2131E012A8122123F09CFCC0B2022868
:1018100047D1718812A823F0B5FCC0B2022840D18C
:10182000D6E90112FFE512A8062123F08BFCC0B215
:10183000022836D1718812A823F0A4FCC0B2022875
:101840002FD1B18812A823F09DFCC0B2022828D164
:10185000F18812A823F096FCC0B2022821D1D6E963
:101860000212E0E512A8022123F06CFCC0B20228AB
:1018700017D171880EE012A8042123F063FCC0B2D6
:1018800002280ED1718812A823F07CFCC0B2022875
:1018900007D1B18812A823F075FCC0B2022800D18C
:1018A0000220022806D1304625F03EFD5844C9F8F2
:1018B000080002201BB026F0D9BD0798CDF85D00C6
:1018C00008988DF85C009DF860008DF8340017983A
:1018D0000C90E5E703480F21034A1FF0A0FE00BF6C
:1018E0002C3A04001C4204003C420400F0B503AF53
:1018F0004DF804BD84B00446D0E901300D46191AF4
:1019000004290CD32268061D084926F06AFCCDE99B
:10191000020102A82946042219F0CEFC08B10020D9
:1019200001E00220A66004B026F0DEBC2CFC03001F
:1019300080B56F460021017301490131016080BD0E
:10194000F8E6032080B56F4641F2683281501044BA
:101950000021017280BDD4D4E0B502AF1F49044616
:10196000002040F20112B0F57F5F2FD00D1800F576
:101970007F5005F1180353E8006F26B943E80026AD
:10198000002EF8D102E0BFF32F8FECE71448686215
:1019900005F128002146FFF7D5FF2046294620F013
:1019A0004BFE0025BFF35F8F54E8000F44E8005161
:1019B0000029F9D1BFF35F8F30B1C669C5614576A3
:1019C000416A88473046F7E720BFEBE705487A1EB3
:1019D00000902B210448054B20F0D1FAB09A032047
:1019E000D969010000040400CA3B0400F00C0400A3
:1019F000F0B503AF2DE9000B94B00446F8680DF183
:101A00003C0826F0C3FD9DF83C00FF2803D040F6BB
:101A1000032020801DE0A7F14E0008F10401851C81
:101A200026F0EAFA02A82946861C26F06CFA0BADCD
:101A3000314626F0E1FA26F0FFFF2078FF2808D093
:101A400026F044FE044820F0F7FB26F06BFC20F063
:101A50005BFD14B026F0F2BCDB000000F0B503AF74
:101A60002DE9000FCDB0FE68D7F80880CDE91D2024
:101A700056F870AFD8F84400C346CDF8AB00C14665
:101A80005BF8410FD6F808E02A90D8F83D00129391
:101A900016917268F568D6F810C07369B169F46977
:101AA000CDF8CB0059F83A0F2192CDF870E01B9594
:101AB000CDF868C0199320911F94329032A88DE818
:101AC000120454460DF1F80ACDE9032E624605953D
:101AD0002AA9CDE90610A6F13001504617F0CCFE38
:101AE00022A89AE82E002EC0429811904398109098
:101AF00044980F9045980E90306A1890706A17902D
:101B000008F14E00D6E90AA526F078F820F07F40CB
:101B1000CDE90A0B209800901F98CDE90104219887
:101B200003901C98CDE908A5049005461B98CDF8B4
:101B300054B005908346189806901798CDF84C90AD
:101B4000CDF830901494079026A822A91A9A199BD0
:101B50009146984617F0B4FD1D98102804D126A888
:101B600016991DF0B9F830B11E99FF20087040F6A3
:101B7000033088805EE0D6E90C40D7F808A01D90BD
:101B8000B06B18900AF14800F66B26F037F820F099
:101B90007F400A9013980B9015980C902098049011
:101BA0001F981899CDE905041D98CDE90816CDE9CF
:101BB000005BCDE9029807902AA822A9149A219BDC
:101BC00017F07EFDDDE92C01DDE92A23CDE90001D6
:101BD0003EAC204604F0E0FC9DF8F850FF2D0AD002
:101BE000611C32AC26F062FA1E9E214626F0EEFA07
:101BF0003571FF201DE00DF1C809211D09F1030514
:101C000026F0FAF92EAE294626F07DF9129C0DF148
:101C1000F8083246404621461CF063FB9DF8F85018
:101C2000FF2D0AD01E9E08F1010126F0CFFAFF20F9
:101C3000357130704DB026F08EBA9AF83800022314
:101C40009AF84A100DF1F8089AF85020022801F08D
:101C5000030008BF012302F0030180F0010081F0BE
:101C6000010108430F990091B0FA80F00E994009E4
:101C7000CDE901132146DDE91032039040461CF006
:101C800063FB9DF82161022E09D198E86E00484659
:101C90006EC01E9E99E83E00301D3EC0A9E732ACE2
:101CA0003EA9292226F0BDFABDF826012146ADF84D
:101CB00030012922DDF822014B903EAD26F08AFA50
:101CC0005046294629223BF082FE4B981E99CAF8BD
:101CD0002A00BDF83001AAF82E000A208AF82960EF
:101CE0000870A7E7102B7DD1F0B503AF2DE9000FE9
:101CF0009DB009908846F868137800F16006D2F824
:101D00000100D2F80540D2F8095043EA002C3969A5
:101D10002B0243EA1463240244EA1060D47BB2F835
:101D20000D20C6E900C042EA0442120242EA1562EE
:101D3000C6E9023218A803F05BF806F1300A1898D9
:101D400006F11003F66B1A9A08F07F041999DDF872
:101D50006CB0069283E80708A4F14002079131466F
:101D600008909AE8200650463BF0ECFCCDF8148031
:101D700080462846494622463BF0E4FCC4F1400236
:101D8000814650463146D7F80CA03BF0F1FC0AF1F1
:101D9000200103910699402CCDE901BA009138BF8A
:101DA00049EA00082948002C08BFA84626F039FF58
:101DB0000AA8DDE9073217F0E7FCDDE90C01DDE9EF
:101DC0000A23CDE9000118AC204604F025FB9DF85C
:101DD0006050FF2D0CD0611C0FAC26F067F9099EF6
:101DE00021461FE0FF21017040F6032181807047EA
:101DF000DDF814900FA8C61C211D1022D7F808800A
:101E000026F0BDF914AD314626F0F6F818AC41467F
:101E10002A4620461CF065FA9DF86050FF2D09D037
:101E2000099E611C26F0D2F9FF20357130701DB07B
:101E300026F091B9099C5146B02204F108003AF00D
:101E400071FF0620C4F804902070F0E7C0FFFF7F08
:101E5000F0B503AF2DE9000B94B00446F8680DF11E
:101E60003C0826F093FB9DF83C00FF2803D040F689
:101E7000032020801DE0A7F14E0008F10401851C1D
:101E800026F0BAF802A82946861C26F03CF80BADCD
:101E9000314626F0B1F826F0CFFD2078FF2808D093
:101EA00026F014FC044820F0C7F926F03BFA20F095
:101EB0002BFB14B026F0C2BADA000000F0B503AF75
:101EC0002DE9000F9FB08246880701D411206EE0F3
:101ED000D56B934605F108030FCB41EA030440EAB2
:101EE0000206344311BF8DE80F000020CDE9020047
:101EF000CDE9000016AE6946304604F07BFB9DF844
:101F00005840FF2C3CD111A8311D00F1030826F0E8
:101F100067FC0AAE414625F0F6FF0DF15809594617
:101F2000324626F08BFE9DF85840FF2C30D12868B1
:101F3000C10741D06968000A0A0E8DF83E200A0ADE
:101F400040EA0160ADF83C200E9016AE0EA9304676
:101F500004F09CFB9DF85840FF2C11D1311D4046E8
:101F600026F062F91BAE414625F0CDFF05A8594683
:101F700032461CF0B6F99DF81440FF2CA6D00DE0B7
:101F800011AD711C132226F025F905A8294602E09F
:101F900005A809F10101013026F0EEF805A90AF1C2
:101FA0000500013126F0E8F8FF208AF804408AF89D
:101FB00000001FB026F0CFB80524EFE7F0B503AF5F
:101FC0002DE9000F8BB0044602A80E460021924670
:101FD00004F0F7F99DF80800FF281ED09DF80B10BB
:101FE000E170BDF809109DF81B20DDE903C5A4F8D8
:101FF0000110BDF81910059E9DF81830ADF81C10A1
:102000008DF81E202374C4E901C5E660A4F8111000
:10201000E27420700BB026F09EB89DF818B0059DB4
:10202000BDF81900ADF8040059469DF81B008DF865
:1020300006002846DDE9038915F004FE02460B463A
:1020400006F1480011461A4625F090FEC0B202285B
:102050001CD1BDF804005146ADF829009DF80600DA
:102060008DF828B00995CDE907898DF82B0002ADD0
:1020700007AA28461CF035F99DF80860FF2E10D0FD
:10208000601C691C26F078F82670C3E705204946D5
:10209000207040460BB0BDE8000FBDE8F04025F0D1
:1020A0003BBEFF20B5E7D4D4F0B503AF2DE9000F58
:1020B0009FB00D46B968069314460B901AA802F01B
:1020C00097FE1A9804F170061C9A05F07F0504F13A
:1020D000900B1B991D9B0FC60892A5F140020A9018
:1020E0009BE8400E50460991594607933BF02AFB66
:1020F0008046304649462A463BF024FBC5F1400263
:102100008146504659463BF033FB04F12001402DF7
:10211000CDE90241079901910899009138BF49EA38
:1021200000082448002D08BFB04626F07AFD0CA810
:10213000DDE9093217F028FBDDE90E01DDE90C23AA
:10214000CDE900011AAC204604F066F99DF868500C
:10215000FF2D0BD0611C11AC25F0A8FF0B9E214672
:102160001322701C3BF033FC35701FE0DDF82C802F
:1021700011A8C51C211D25F03FFF16AE294625F0EC
:10218000C2FE1AAC0699324620461CF0AAF89DF809
:102190006850FF2D07D008F10100611C25F0ECFF0D
:1021A00088F8005002E0FF2088F800001FB025F0FA
:1021B000D2BF00BFC0FFFF7FF0B503AF2DE9000F16
:1021C000B5B016461D46CDE91210B046D6F83D0012
:1021D0000DF1A00C55F8702FCDF8A30058F83A0F68
:1021E000289056F8410FD5F808906B68D5F80CA0E8
:1021F000D5F810E0D5F814B0AC69E9692C90D6F8A0
:10220000030014921593CDF86C90CDF868A0CDF82A
:1022100064E0CDF860B017941691CDF8B3002CA807
:102220008DE800460DF18009CDE9051CA5F13001CE
:1022300007904846CDE903B417F01EFB1CA899E8A7
:102240001E0005F1300B1EC02498119025981090A7
:1022500026980F9027980E90F01D9BE8100AD5F84D
:102260003CA025F0CBFC20F07F40CDE90A08DDE959
:102270001A10CDE908BA0C96CDE900011998029020
:102280001898039017980490169805A981E81102F0
:1022900028A81CA9DDE9142317F012FADDE9282388
:1022A0000DF18009DDE92A01CDE90001484604F07D
:1022B00073F99DF88060FF2E0ED02CAC09F101015E
:1022C00025F0F4FE139D21461322681D3BF07FFB91
:1022D000FF202E71287051E0DDF84C802CA8C61C20
:1022E00009F1040125F00FFE31AC314625F0E6FE80
:1022F0000DF180091299224626F0A0FC9DF880403D
:10230000FF2C0BD008F1050009F1010125F034FF85
:10231000FF2088F8044088F800002FE005F1200B2A
:10232000464608F11804ED6A9BE8000D09F1070024
:102330001CA925F079FF0B20494606F8010B17224E
:1023400025F01DFF199804F12C0120621898606295
:102350001798A0621698E56381E8010D1198206036
:10236000109860600F98A0600E98E060149820614B
:10237000159860611B98A0611A98E06135B025F04E
:10238000EABED4D4F0B503AF2DE9000F8BB00446FC
:102390000220ADF80A0001208DF808001E462C48E6
:1023A00088468DF80920039007A825F06BFC079D4F
:1023B000EDB3DDE9089BFB20D7F808A0CDE904B018
:1023C0000020069004A803A9FFF790FAC0B20228E3
:1023D0001CD104A802A9FFF789FAC0B2022815D1BE
:1023E000DDE90530191A02290ED3049A1949009122
:1023F000811C019122F066FECDE9070107A8314654
:10240000022218F059FFB8B1042004E0C0074FF0D1
:10241000040018BF0D200121207061702846494634
:102420000BB0BDE8000FBDE8F04025F075BC1620EC
:1024300020700BB025F08FBE019851460A9007A876
:1024400080E8200A07AB2046424616F013FFF0E76B
:10245000060005002CFC030091F8673301F51472A7
:10246000012B12BF91F8561202F58C720121A0B116
:10247000D0B502AF9388B0F8154112686340D0F828
:10248000114162401A4390F817315940C90718BFEB
:102490000020002A18BF0020D0BD00207047D4D4EF
:1024A000F0B503AF2DE9000794B002AD8846814630
:1024B000482126F030FAD8F80C404826334B2946FC
:1024C000482C38BF26463046482224F05DF80546A1
:1024D000D8F808008A46214618F0D4FA8E4251D81E
:1024E00003462B4800901A4628465146334621F0B1
:1024F00087FA022C09D22D481FF09EFE30461FF0AD
:102500008DFE20F001F80A2019E09DF80800441E15
:10251000E5B20E2D12D22046A6F1010A15F0E4FD17
:1025200080B282451BD109F1010002A948223BF08B
:102530004EFAC9F84C6089F8004008E0072089F895
:102540000500032089F80400FF2089F80000D8E97D
:10255000000125F0E1FB14B0BDE80007F0BD0D4817
:102560001FF06AFE0C480D4CA0470D48A0470D48CF
:102570000D4950F8250051F825101DF0B9FD002037
:10258000A047BEE70A4B0A4625F06CFF5CFD03003E
:102590007CFD0300D000000014000000F5210200C3
:1025A000290200006847040030470400D100000001
:1025B0006CFD0300F0B503AF2DE9000F95B01C785A
:1025C0008046FF2C15D046481D4616468A4693F88D
:1025D00001B01FF031FE43481FF00CFE284623F0E7
:1025E000CDFD032C18BF4FF0080B1FF08DFF192CE9
:1025F00005D1FF2088F8000015B025F0ACBDB6F875
:1026000058430FA825F03EFB0F98002848D0A7F1AB
:1026100043000094C51C0FA90C2225F0DBFDA7F197
:1026200052002946C61C0C2225F0A9FD12AD3146E8
:102630000C2225F0CFFD02A82946042215F014FB38
:102640009DF80800DDE903549DF81860FF28DDF8C7
:10265000149026D14846314615F0F4FAE1B380F8DB
:1026600000B0304615F0E6FACDE904904046CDE9D9
:10267000025402AD009A51462B4616F0FBFD98F825
:102680000000FF28B5D098E85E0028465EC01648D6
:102690001FF0D2FD284623F063FD1FF035FFABE7A6
:1026A00016209DF80B1088F80310BDF809109DF84E
:1026B0001B20A8F80110BDF81910ADF804108DF812
:1026C000062088F81060C8E90154C8F80C90A8F8F2
:1026D000111088F813208DE7044A25F018FC00BF7C
:1026E000C900000003020000CE0000009CFD0300B2
:1026F000F0B503AF4DF8048D92B00DF104080D460E
:1027000006461146404644221C463BF0BBF8B868DA
:102710002946009030464246234600F005F812B0A4
:102720005DF8048BF0BDD4D4F0B503AF2DE9000FF4
:10273000ADF29C6D189301F1780A1790DCAE91F818
:10274000C84006F1600B90460D46022C199132D11B
:102750000DF168092946C82248463AF0E3FA1520E7
:1027600028710E2028709DF8685098F800000C2DF4
:1027700000F2128306F17004DFE815F00D008C0101
:1027800042012801C9000A01DF010E037502C602D9
:102790000E03AB029700FF2804BF98F80C10002925
:1027A00000F02287411E0329C0F0B882002840F0C3
:1027B000EF8200F05ABF0DF50C792946C8221AAEF7
:1027C00048463AF0AFFA15209DF8301228711220D1
:1027D00028700F2998F8000000F2B68506F1600510
:1027E000DFE811F01000C20302039F04CF04B2051A
:1027F0007C03E0032204B205AB053205B205B20545
:10280000E6028903FF2804BF98F80C200A2A40F04A
:102810009B85D8F80800002802F09882199D0C22A8
:10282000D8F8041095F81901032808BF0822DDF82C
:1028300060A0DAF8383093F8700393F871330244EB
:1028400085F81A210C7813B1012185F818110DF5BE
:102850009F6858B195F81C0195F81D1140F00300D0
:1028600085F81C0141F0030185F81D111AA8514695
:102870001BF0DDFE9DF891000DF55C79022807D074
:10288000600741F1C4829DF89000022801F0BF82E8
:10289000DCAC25F074FF26F048FA01F01C8225F02C
:1028A000F9FB8DF8FC5401F0C7BAFF2804BF98F873
:1028B0000C10082940F02F82D8F80820002A02F0D6
:1028C0004382D8F804000478022C81F01A800DF5B8
:1028D0009F68062A42F22A82199A50F8011FDDF8F1
:1028E00060A0C2F811118188A2F8151192F8F910B0
:1028F00082F81741022900F0FB868188A2F8F410C3
:102900000068C2F8F00082F8F64000F0F1BEFF283F
:1029100004BF98F80C10022900F05186042800F238
:102920003E82DFE810F0E806FB01FB010500E80647
:102930000DF59F600DF59F6B00F1900519989022A1
:1029400000F1180158463AF0EDF9DCAE09F1010149
:10295000112225F014FC0024D8F80400C5E9000475
:10296000C5E904049DF87003C5E90244C007C5E940
:10297000064401F05B85DDF860A0721CB868002198
:10298000CDE900AB102302908CA8FFF7ABF9CBE1A7
:10299000FF2804BF98F80C10022940F0BC81199858
:1029A0000DF59F64B02200F1080120463AF0BAF913
:1029B000D8E90123A046DDF860A0B8681B99CDE9ED
:1029C00000A402908CA8FFF78DF9AFE1042800F273
:1029D000E887DFE810F090060500C707A30190061E
:1029E0009DF86900002801F07881199909F1180013
:1029F0001022D031CDE9001009F1020100F043BFEF
:102A0000FF2804BF98F80C10032940F08481199D19
:102A10004CA8702225F0D7FCDAF8000005F19801E7
:102A200016902022DAE901B9DAF80C60C6A83AF06B
:102A3000CEFF25F031FD40F09A87D8F804000DF55F
:102A40009F6A169A5B461596D0F809101491D0F833
:102A50000110139101781291C17B11911899D0F84E
:102A60000550B0F80D0010905046CDE900965E4636
:102A7000FEF7BEFF9DF8F884B8F1FF0F01F07082F9
:102A80008CA80AF10101053025F076FB8DF834821F
:102A900000F0A8BFFF2804BF98F80C100B2940F0E5
:102AA0003A81D8E901120DF54678404625F00CF838
:102AB000DDF860A02022DAF82C10BEAC25F0B1FBC6
:102AC000DAF830104CAE402225F059FB0DF59F6925
:102AD000214642463346484624F026FF9DF8F80436
:102AE000C00700F049879DF8FB0409F106018DF845
:102AF00006021222BDF8F9049DF8FC449DF8FD641D
:102B0000ADF804027CA83AF062FF09F1180079A937
:102B10000DF59F6A0CC80CC1007808704CA950468E
:102B200003F0C2FC9DF8F804FF2801F073820A202C
:102B300003258DF8710301F096BAFF2804BF98F8B9
:102B40000C10032940F0E78026F030F8DCA83AF0BA
:102B5000E9F825F0A1FC40F01887D8F804001B9D87
:102B6000DBE90E98D0F801100278129505F07F0588
:102B700042EA0122CBF820201692D0F80930D0F892
:102B800005201C0244EA1264120242EA1161CBF8E9
:102B90002840CBF82410C5F140021591C17BB0F854
:102BA0000D00149440EA01404146000240EA136AD5
:102BB0004846CBF82CA0DBE90C643AF0D9FD139021
:102BC000304621462A463AF0BDFDA5F140020446B2
:102BD000484641463AF0B6FD1399402D38BF44EAC5
:102BE0000100EF49002D08BF3046DCAA61F35F0009
:102BF000149B02F12001CDE9003ACDE902120490C4
:102C0000BEA8DDE9153216F0BFFDDBE900ACDDE959
:102C1000BE648CEA0401DBE90289DDE9C03589EA9A
:102C2000050008438AEA060288EA030111430843C3
:102C300041F06780DBE904230DF59F64DBE90601C1
:102C4000CDE90001204603F00BFC9DF8F854DDF8B7
:102C500060A0FF2D01F0FA84611C4CAC25F026FA2F
:102C60008CA821462EE0FF2804BF98F80C100329F9
:102C700051D125F09BFFDCA83AF054F825F00CFC6C
:102C800040F08886D8F8040004F1100525F0C4FA55
:102C90000EC5B968E061204602F0AAF8DDF860A030
:102CA000D4E90201D4E900230DF59F64CDE90001C8
:102CB00051462046FEF79CFE26F033F801F0E581F0
:102CC0008CA8611C053025F057FA8DF8345200F0BD
:102CD00057BEFF2804BF98F80C1007291BD125F018
:102CE000DBFB40F07C86199890F8F900022808D0A8
:102CF000D8F804000AF1680425F08EFA0EC4CAF868
:102D000074000C2000F06FBEFF2804BF98F80C1070
:102D10000C2900F0B085411E032936D28CA81AA9CF
:102D200025F035FFDDF860A00DF59F689DF83002B5
:102D3000FF2800F0E7840DF50C790DF59F60C8229F
:102D4000494639F0EFFF9DF8F8040E2800F0E484BE
:102D5000199D0D2840F0008595F8F980B8F1020F13
:102D600000F0FA8495F81A0100F00300012802BF70
:102D700095F8200100F00300012800F02A8595F85D
:102D8000F8C04FF0020800F051BD002800F06B843D
:102D9000042804D100F0AFBCFF2840F0598498F813
:102DA0000C00042800F0F1830D28B7D000F0A3BC7C
:102DB000FF2804BF98F80C20072A40F0C58225F0B0
:102DC0006BFB40F0A586199D95F8F900022808D004
:102DD000D8F804000AF1680425F01EFA0EC4CAF8F7
:102DE00074000F2000F099BEFF2804BF98F80C2053
:102DF0000B2A40F0A982BEAE09F10401202225F081
:102E0000BEF9DDF864B00DF5467940220BF1240AD5
:102E1000484651463AF0DBFDD8E901124CAC204659
:102E200024F052FE0DF55C78314622464B46404672
:102E300024F07AFD9DF87003C00700F071869DF8BC
:102E4000730308F106018DF8AA001222BDF8710380
:102E5000ADF8A800BDF874431AAE06F145003AF08B
:102E6000B6FD06F1570008F1180109223AF0AFFD4E
:102E700006F120004CA925F0A3FA3046514625F072
:102E80009FFA28465021ADF8AB403AF049FD9BF837
:102E90000801811E38BF0221DDF860A0C9B20229F5
:102EA00001F032820DF55C79032941F04C820F204C
:102EB00025F033FEDAF83820D6AEDCAC25F0B4FCD1
:102EC0009DF85853FF2D41F0E683E01D1AA925F027
:102ED0002CFA09200DF59F6801F0F8BC98F80C1049
:102EE000FF2808BF022900F04E84DDE918A5FF285D
:102EF00000F0308275E2FF2804BF98F80C20082A01
:102F000040F02282D8F80820002A01F02187D8F862
:102F10000400DDE918A50478022C80F040860DF548
:102F20009F68062A41F2048750F8011F0DF55C796D
:102F3000C5F811118188A5F8151195F8F91085F8D3
:102F40001741022907D08188A5F8F4100068C5F858
:102F5000F00085F8F64095F822110DF59F60524675
:102F6000FEF7ACFF00F0A9BFDDE918A5FF2840F08F
:102F7000FB8298F80C100A2900F0DF85012940F047
:102F8000E981D8E90112DCA824F000FF9DF8700364
:102F9000022840F0D4860A2025F069F801F08EBAA4
:102FA000C0FFFF7FFF2804BF98F80C20022A40F0E2
:102FB000CB81199DDCA8602225F005FA9AE850081B
:102FC00005F188013022DAF80C901AA83AF0FFFCDB
:102FD00025F062FA40F0F883D8F804000DF59878EF
:102FE000224633468D9D016816914168159181688E
:102FF00014911899C06813904046CDE900B9FEF7C6
:1030000027FF9DF830A1BAF1FF0F01F0B5800DF553
:103010009F6208F10101501D904625F0ADF8FF2098
:103020008DF8FCA401F0CCB8FF2804BF98F80C2060
:10303000032A40F08981199DDCA8B02225F0C3F94C
:1030400025F02AFA40F07B858D98DBE90EA900F087
:103050007F04DBF83410A4F14002DBF83050159106
:10306000494614905046D8F8046016953AF06AFB29
:1030700015998046284622463AF064FBC4F1400286
:103080001590504649463AF073FBB368F568D6F898
:1030900000907268DCA9039120310291402CCDE9A7
:1030A0001253CDE90035159938BF41EA000816984A
:1030B000002C08BF8046E34825F0B3FD90461AA8CF
:1030C0004A46434616F060FBDBE900C1DBE9022318
:1030D0001AAE1D9870CE69405840084386EA020136
:1030E00084EA0C021143084340F032861499DDF85B
:1030F00060A0CBE908980DF59F6813981329CBF8C9
:1031000028001298CBF82C0041F0DD81DCAB199D32
:103110000DF59F60514605F1D002FFF74DF800F024
:103120004BBDFF2804BF98F80C20022A40F00C8108
:1031300025F03CFD1AA839F0F5FD25F0ADF940F079
:103140004383D8F8040025F067F885E80E00B968D5
:10315000E86005F1100001F04BFED5E90601D5E964
:103160000423CDE90001DCAC25F00FFB25F0DDFDEB
:1031700040F09786E01D1AA925F0D7F8042000F04A
:10318000E8BEFF2804BF98F80C20032A40F0DC803A
:1031900019980DF1680BB02200F10801584639F07A
:1031A000C1FD25F079F940F00F83D8F804000BF148
:1031B00020028168D0F80CA0D0F80490D0F80080EC
:1031C0000020CDE9001ACDE915214B46CDE9022BAF
:1031D00042460490C6A816F0D7FAD5E902E3DDE925
:1031E000C646DDE9C802D5E900C15A40714080EA0F
:1031F0000E0011438CEA04021043084340F0B585E9
:1032000005F11003169CC5E908890FCBC5E90A4AE8
:10321000159DCDF800B001AE86E82003CDE9044A43
:1032200016F0F2FA199D044695F80801022841F0BB
:10323000628185481FF000F825F008FB1FF064F953
:103240000DF59F601AAB39E3FF2804BF98F80C20F6
:103250000C2A79D1DCA8199C00F11005DCA804F136
:103260000801502239F05EFDD8E9010105F1280B73
:103270000E902869139068691290A8691190E86906
:103280001090286A1490686A1590686B0F9004F586
:103290008F709BE8000B1691D5E90EA624F0AEFCCA
:1032A000D4F8142120F07F40D4F81111CDF8332147
:1032B0004C91D4F80D21D4F80A11CDF86B201A9155
:1032C000CDE908A60A904CA80B901AA80C90139868
:1032D000029012980390119804901098CDE9050B74
:1032E0000F98CDE900890790D6A8DCA9DDE9142361
:1032F00016F0E6F91698102806D1D6A90E981BF0FC
:10330000EBFC002800F03A854FF00B090325DDF8AF
:1033100060A00DF59F68BEA908F1060012223AF0E0
:1033200056FBFF208DF8FD948DF8FC540DF55C796B
:103330008DF8F804199D00F0C2BDFF2804BF98F86D
:103340000C20032A00F0A782FF280BD198F80C105C
:10335000DDE918A5042924D024F089FE0D2900F008
:1033600008810DE1DDE918A50539082900F2FC8086
:10337000DFE811F009003700FA00FA009200FA00C5
:10338000FA00DE00F700012800F0E28224F06FFE70
:10339000022840F0F58040F60340ADF8FC0400F050
:1033A00091BDD8F808000DF55C79002801F0C884BB
:1033B000D8F80400047825481EF03EFF601EC0B215
:1033C000102828BF0824204622F07CFF1FF09CF81C
:1033D00003208DF8FD448DF8FC040DF59F6800F086
:1033E00071BD032840F0C080DCAE05F118019022C9
:1033F000304639F097FC0020D8F80410CBE90C10C7
:103400003246CBE910100021CBE90E005346CBE940
:103410001200B8689DF8315200901AAC2046FEF7B1
:1034200043FE9DF86860FF2E00F092830DF59F68C3
:10343000611C08F1050024F09FFE8DF8FC6400F08B
:1034400036BD00BFC0FFFF7F3400000093000000C6
:10345000C81304002000000094000000D400000005
:103460001F000000D8000000DE000000D6000000B1
:10347000C7000000CF0000001E000000C568020069
:103480001C3E0400E0000000CA000000D300000061
:1034900064000000C5000000042865D105F10801A2
:1034A0001AADB022284639F03DFCD8F8010008F1E9
:1034B000210416902022D8F80D002146D8F805B036
:1034C000D8F809A015904CAE24F059FE5FF8801092
:1034D00020461BF001FC40B95FF88C1006F110008B
:1034E0001BF0FAFB002800F0AC8429460DF5987912
:1034F0002031002099E860033346CDE90089CDE909
:1035000002112A460490DCAC204616F03DF94CA886
:1035100000F1100120461BF0DFFB002800F095842D
:10352000FF208DF8F80440F20340ADF8FC044DE1B3
:10353000D0B998F80100002800F08C835FF8EC0007
:103540001EF086FE95F823010DF59F68800700F1B7
:103550003C8695F822110DF59F605246FEF7AEFCB1
:103560002AE3002800F0E88124F081FD01380228D8
:1035700006D20DF59F608CA925F009FB00F09DBCDB
:1035800015208DF8FC0400F09DBCD8F80800002838
:1035900001F0D883D8F8040004785FF844011EF0E5
:1035A0004BFE601EC0B2102828BF0824204622F01F
:1035B00089FE1EF0A9FF8DF8354203209CE024F01F
:1035C0006BFF40F08781D8F804108CACA01C24F06D
:1035D0002BFE19990DF59F6825F0AFF824F07BFEBE
:1035E000DDF860A004207DE118990DF59F60D8E911
:1035F00001A91BF01CF89DF82105022819D00D2007
:103600000DF59F688DF8F80418984346816A826B1F
:10361000DCAC25F089F99DF87003FF2809D025F06E
:1036200055F85FF8C8011EF007FE24F07BFE1EF07F
:103630006BFF0DF59F6051464A4624F0A7FB9DF8AD
:10364000F844022C40F0528124F0E1FD0A20BCE253
:10365000072D08BF042800F0CA81411E0329FFF48A
:103660005DAB002847D10A2D45D198F8010000280C
:1036700000F027815FF818021EF0EAFDDDF860A077
:103680000DF59F680DF55C793DBB0DF59F645146C6
:1036900020461AF07AFF9DF82155FF2D00F0FF8695
:1036A000DCAC0DF59F61292224F0BBFDDDF822057D
:1036B0002146199E29228890BDF82605ADF82402DE
:1036C00006F1D0003AF083F98898C6F8FA00BDF800
:1036D000240286F8F950A6F8FE00199991F81D0108
:1036E000800700F1AC8291F82201800700F1428549
:1036F0000D2001F0E2B815208DF83402DDF860A04D
:103700000DF59F688CA808F10401043090E87C0056
:103710000E207CC18DF8F8040DF55C7908F10401E8
:1037200009F104001BF036FB0C2025F0F6F94B469E
:10373000DAF838204CAC25F0F7F825F000F90AD07B
:1037400025F08DFA5FF8E4021EF076FD484622F07F
:1037500007FD1EF0D9FE199D0DF59F61284625F045
:1037600016FA8CAC2946204623F020F9FF208DF86C
:1037700070039DF83002DCAEFE2818BF2646179D68
:1037800096E81F00DBE3DDE918A524F085FE40F094
:10379000CA80D8F804100DF59F6808F1020024F0E3
:1037A00043FD0DF55C7905F1180109F1060024F0DF
:1037B000BCFD012049468DF8F90408F11200B6223B
:1037C0003AF005F9062039E324F06CFD24F01FFDE2
:1037D00070E34CAE05F1D0045146304622461AF053
:1037E00056FE25F0ACF810D00DF55C7A96E83E0058
:1037F00050463EC05FF8900325F0C6F9504605F1EB
:10380000D00422F0ADFC1EF07FFE206805F1E00C34
:103810001690AB4660681590D4E902AE4C469CE821
:103820006F006FC4DDE915209BF8F8C0CDE9E0AE6C
:103830000DF55C7ECDE9DE020EF118018DF871C345
:1038400099E87D00F1467DC10B2073468DF8700329
:1038500018988DF8A1838DF8A0C3816A826B4CAC57
:1038600025F062F825F06BF83FF475AF25F0F7F915
:103870005FF8080468E7199B09F10800D8E901120C
:10388000D033CDE900308CA8DDF860A05346FEF7B8
:10389000E5F8FFF749BA199DDCA8B02224F093FDA2
:1038A00024F0FAFD40F04F81D8F8040024F0B4FC75
:1038B000FF90FCA80EC0DCAB0DF59F60DDF860A0AA
:1038C0004AE05FF854041EF0C3FC25F036FA40F6D7
:1038D000037030E20520DDF860A08DF83402FF208F
:1038E0000DF59F688DF83002FFF722BA9DF8FA5463
:1038F0000DF59F68DDF860A0280700F160810320C6
:1039000063E15FF890041EF097FC20461CF0A8FDD0
:103910001EF0FAFDDDF860A005200DF59F688DF81A
:10392000340200F0C9BF05200DF59F688DF8FC0436
:10393000FF200DF55C7981E298F80100002800F085
:1039400096815FF8CC041EF083FC112000F044BC8B
:1039500009F108030DF59F6005F1D0025146FEF70D
:103960002BFC27E140F60340ADF83402C6E640F6F2
:103970000320ADF8340235E040F60330ADF83402F0
:10398000FF200DF59F6800F098BF25F0D6F940F6AE
:103990000320D0E125F0D1F905208DF83402FFF79E
:1039A000C1B99DF8690000287FF4F9A998F80C00C6
:1039B0000C287FF4F4A924F06FFD40F0C186D8F8FC
:1039C00004108CACA01C24F02FFC19990DF59F68F5
:1039D00024F0B3FE24F07FFC032000F0B7BE0520E6
:1039E0008DF83402FF208DF83002FFF79BB9199C47
:1039F0000DF59879B02204F10801484639F092F9A2
:103A000008F121060DF5467A20225046314639F05C
:103A1000DEFFD8F801001690D8F809005FF8D0153D
:103A20001490D8F80D0015903046D8F8055094F849
:103A30001EB122F03FFF40B95FF8EC150AF110000B
:103A400022F038FF002800F0FB84CDE912B5C6ABA8
:103A50000DF53E780FCB119000BAC19008BAC09016
:103A600010BA10914146BF9018BA0F920E93BE90B3
:103A7000DCAE30461CF096F90DF59F64002531460A
:103A80004FF4B8722046CDF8DC54CDF8D854CDF8B8
:103A9000D454CDF8D054CDF86856CDF86C56CDF846
:103AA0007056CDF8745639F0EDFEDCAE21464FF479
:103AB000C072304639F0E6FE09F120045FF8449602
:103AC0003046202221468DF8F054C8473046214622
:103AD0002022C8470DF59F64304601228DF8F85426
:103AE0002146C847204631464FF4C27239F0CAFE1B
:103AF0009DF878A604F5B8715FF87C361022504620
:103B000022F088F9002966D000F8015B0139F9E755
:103B10000520199D8DF8FC04FF208DF8F80414E0B1
:103B200040F60330DDF860A0ADF8FC04FF208DF80E
:103B3000F80424F09CFA5D46BFE101204CE3052027
:103B400024F065FB08E124F0ADFBDDF860A031E076
:103B50000DF59F68E80700F0508109F1020024F09C
:103B60005BFB8BE80E00CBF80C00DBE90601CDE92E
:103B700000015146DBE904231AAC2046FEF768F940
:103B80009DF86850FF2D40F08E8108F10800DCA9F7
:103B900024F056FD0020CDF8FC04082088E15FF8F1
:103BA0001C071EF049FB20461CF05AFC1EF0ACFC22
:103BB00024F078FB0DF59F680DF55C797DE19DF8AB
:103BC000FB64102E80F06E8206208DF835020320F3
:103BD0008DF8340296E5A7F13C060025204647F80B
:103BE0003C5C31468DF8785647E90E5547F8305C15
:103BF00022F0CAFEA7F12C09314648461BF026F9EF
:103C000004F5B076102D09D06019013590F86011D7
:103C100090F87021514080F86011F3E7BAF1100F6D
:103C200040F06A8224F0F3FADDE912B50020102892
:103C300000F07B8219F8001024F0B9FBF7E7DAF8FE
:103C40003C4004F1080324F0E2FF00F08F8382ADD2
:103C50000FC590E35FF8D0071EF0FAFA40F6037044
:103C60000DF59F68ADF8FC040DF55C792AE10DF5C2
:103C70005C7824F009FD0DF168090D2043468DF8AC
:103C8000700348461AF0DAFB24F0B8FD0BD099E82F
:103C90006E0040466EC05FF80C0824F075FF24F0FB
:103CA00041FB1EF031FCE00700F091825FF8200834
:103CB0001EF0CEFADCAC24F062FD9DF870530DF5D9
:103CC0009F680DF55C79FF2D00F0468524F0E2F940
:103CD0008DF8FC54F6E00120AFE019990DF59F68CE
:103CE00008F10700B022183139F071FE0920414671
:103CF0008DF830028CA824F0ACFDDDF860A0FFF751
:103D00001AB85FF870089B461695354666461EF051
:103D100093FA5046314642464B4622F01FF9169B15
:103D2000284621465A4622F019F91EF0EDFB25F0EF
:103D300004F840F20340ADF83402FEF7F3BF9DF8FB
:103D4000721324F094F90A0700F1B2830320B5E35B
:103D500024F05DFA199D032004218DF8FC04FF2056
:103D60008DF8FD148DF8F80426E7DDF860A024F046
:103D70007EF940F60340ADF8FC04E0E3DDF864B002
:103D800002260DF168089BF81A119BF820419BF858
:103D9000080101F0030104F0030481F0010102288D
:103DA00084F0010408BF01262143DDF860A0B1FAC8
:103DB00081F1D5E900234909D5E90205039151466E
:103DC0008DE8610040461AF0BFFA9DF8685008F18E
:103DD00002019DF8699012229DF89160C6AC24F012
:103DE00020FA022E40F0AD83BEA84ECCFF2D4EC06F
:103DF000218801807FF48DAADBE308F10800DCA9AB
:103E000024F01EFC0020CDF8FC04072050E0DCACC0
:103E1000514620461AF0B9FB9DF89953FF2D40F00A
:103E2000CD830DF5987C94E86E0060466EC008F175
:103E300004009CE83E003EC0FF20199D8DF8F80468
:103E40003DE00DF5987999E860031AA800F1700437
:103E5000199890F81E01002804BF824683461699DF
:103E600008BF0146159A08BF0246C4E9081B04F1C1
:103E70003000B968C4E90AA280E86003DCA800F059
:103E8000B7FFDDE9DE01DDE9DC23C4E90023C4E995
:103E90000201CDE90001DCAC24F077FC24F045FF01
:103EA00052D00DF59F6824F0F5F88DF8FC54FF20F2
:103EB0008DF8F8040DF55C79199D9DF8F804FF283C
:103EC00040F0908108F1040009F1040190E87C00C1
:103ED00012207CC14C46199D8DF8700308F1040036
:103EE000211D1AF057FF0C20DAF828108DF8F8047D
:103EF0004346DAF838204CAC24F016FD24F01FFDC0
:103F000009D024F0E3FBDFF8900E24F03DFE24F00E
:103F100009FA1EF0F9FA1AACDCA9284624F037FE9B
:103F20002046294622F053FDFF208DF8F8049DF825
:103F30006800FE2818BFA046179D98E81F001FC5FF
:103F40000DF29C6D24F007B9E01D1AA924F0EDF9DB
:103F50000A200DF59F6824F0C1FD39F038FDA9E76E
:103F6000DDE91010702241EA00484CA9DCA838F0C5
:103F7000D9FE139A28022946149DDDF858B040EA6C
:103F8000126A1298C4E900B640EA0222280240EA06
:103F900011614FEA082040EA1568159D1392C4E9A3
:103FA000035220221291C4F80890C4E905A1C4F874
:103FB0001C80DCAC04F19000C6A939F008FD04F1C6
:103FC0002000129A8DE81108514643461398CDE916
:103FD0000369059515F018FC0446199890F8080136
:103FE000022840F00D83DFF8C00D1EF025F924F003
:103FF0002DFC1EF089FA0DF59F64DCA9E01D24F06C
:1040000094F9092021468DF830028CA824F021FC77
:10401000FEF788BE1694D6A800F102080AF1040142
:1040200024F0DEFB82A84146841C24F047F80DF5FD
:104030000878214624F0D4FB0DF55C7918994246A6
:1040400024F0FCFD24F071FE00F02B8399E85E0063
:1040500050465EC0DFF8540D1EF0EEF8504622F0D8
:104060007FF81EF051FA8CA8DCA90530013113222B
:104070000DF59F6839F0ABFCFF208DF834528DF8B8
:104080003002DDF860A0FEF751BEE01DDCA924F08F
:104090004CF9092021468DF830028CA824F0D9FB78
:1040A000FEF742BEBDF8FC949DF8F9845FEA897082
:1040B00041BF199991F81C0140F0020081F81C01E0
:1040C0005FEA895040F13684DAF83C30D3E902E106
:1040D000D3E9042341EA030C4EEA020050EA0C0043
:1040E00000F01184CDF8F8E4CDF8FC14CDF80025EB
:1040F000CDF8043500F010BC16F80A00A7F12C0129
:1041000080F0800006F80A0040461AF09FFEDDF8B5
:1041100060A00020DDE912B5102804D018F80010C6
:1041200024F045F9F8E70DF59F680DF59F603146DD
:1041300022F02AFC0FCE00BAC19008BAC09010BA83
:10414000BF9018BABE90C6A800F11001BEA822F018
:10415000B1FB0DF1380EDDF844C000289EE8104296
:1041600000F0768124F0E9FD40F20340ADF834021E
:10417000FEF7DCBD0B20A0E30DF59F6ADCA90AF178
:10418000080060220AF1680838F0CCFD169808F1A2
:104190000C01C8F8000030221598C8F804001498E3
:1041A000C8F808001398C8F81C90D04681E8510858
:1041B0000AF188001AA939F00AFCCDF8FC5408204D
:1041C0008DF8F804DDF860A074E60E2006E0DFF854
:1041D000B00B1EF03DF810200DF59F680DF55C79D1
:1041E0008DF8F8044C460DF59F69DCA8C8224946B5
:1041F00038F098FD9DF8700312283FF46FAE1AACAA
:1042000011287FF489AE95F8F980B8F1020F04D136
:10421000DFF87C0B1EF01CF873E095F81A0100F033
:104220000300012802BF95F8200100F003000128D7
:1042300004D095F8F8C04FF0020831E04CAE05F11B
:10424000D00B514630465A461AF021F924F077FB3C
:104250000CD096E83E0048463EC0DFF82C0B24F018
:1042600093FC484621F07CFF1EF04EF9DBF800007D
:1042700005F1E00C16900DF1680EDBF804001490C7
:104280007446DBF808001590DBF80CA0AB469CE800
:104290006F006FC47446DDE9142116989BF8F8C0CE
:1042A000CDF804252246CDF8000509F1180E8DF849
:1042B000F9C4CDF80815CDF80CA592E87B008EE87E
:1042C0007B000B204B468DF8F80418988DF8298553
:1042D0008DF828C5816A826B4CAE24F0EFFC24F087
:1042E0002EFB0CD096E83E0048463EC0DFF89C0A04
:1042F0001DF0A2FF484621F033FF1EF005F91AAC6D
:10430000199D0DF59F6807E623F0B1FE002800F027
:1043100026820A2024F001FCDAF83820D6AEDCAC84
:1043200024F082FA9DF85853FF2D40F0B681A01D6D
:104330001AA923F0FAFF06202146ADF8F80408F187
:104340001200B622C4E208F107001AA9B0225D46A5
:1043500039F03DFB03200DF59F628DF8F804501CE9
:1043600041469046B72239F032FBA6E50020CDE960
:104370008400CDE982000DF59F6682A9304602F0E7
:1043800039F924F0CEFC46D14CA8311D00F10309C7
:10439000102224F050FCD6AE494623F0B4FD0DF5B2
:1043A0009F6851463246404619F09BFF24F0B9FC05
:1043B00040F06B812068C10700F074826168000AD8
:1043C0000DF59F660A0E8DF8F6210A0A40EA016093
:1043D0007C90ADF8F4217CA9304602F057F99DF8A5
:1043E000F8540DF59F68FF2D15D1311D484623F077
:1043F0001BFFBEAE494623F086FD0DF59F64514676
:104400003246204619F06DFF24F08BFC40F01184F9
:104410001999FFF768B9711C4CAE132223F0AFFE57
:10442000C6A81ECE1EC024F029FB3EE28CA80DF5C6
:104430009F61083024F004F98D940520FFF7D3BA6A
:10444000DDE9C6CE0DF59F68DDE9C894DDF860A012
:104450004CA8149E90301BF0010104BF0E460D467F
:10446000169A08BF0A46159B08BF0B4600F10C01BF
:1044700080E86400B022C0E9069408F1070081E8F2
:1044800008504CA939F0A3FA082041468DF83002B3
:104490008CA80130B72239F09AFAFEF747BC24F015
:1044A000DEFB49468CA891E87C0004307CC003E226
:1044B0009DF873230F2A00F2BB8106208DF8FD04BE
:1044C0000320FFF75EB8B8684C1C00901AAEDCAA57
:1044D000214630465346FDF7E7FD9DF868500DF53F
:1044E0005C79FF2D24D108F10800DCA924F0A8F89C
:1044F000CDF8FC449AE1DFF870081DF09DFE24F031
:10450000A5F91EF001F8DDF860A009208DF8700310
:10451000DD9424F0B9F84CAEDCAC24F085F99DF8BC
:1045200030510DF59F680DF55C79FF2D00F0C981C4
:1045300008F10500711C23F01FFE8DF8FC54FF20CC
:10454000A3E208F1140C16960DF59878BCE84F001C
:10455000C646AEE84F009CF800008EF80000BDF89B
:104560009600ADF80C02DDF8920082901AA94DCCAD
:104570008C46ACE84D0012222088ACF800000BF10C
:10458000D2008BF8D1908BF8D05039F020FAB8E8EF
:104590003E000BF1E4003EC016998BF8F91098F834
:1045A000001001708298CBF8FA00BDF80C02ABF84D
:1045B000FE000C200DF59F68FEF7B8BE4CA8DCA9E4
:1045C000292239F004FADDF89A03022DC690BDF8CD
:1045D0009E03ADF81C0300F0B0834CA9199C29225E
:1045E00004F1D00039F0F3F9C698C4F8FA00BDF828
:1045F0001C0384F8F9502546A4F8FE000D201DE4A4
:10460000DFF8A0071DF018FE24F020F91DF07CFF54
:10461000DDF860A00920CDF8FC440DF59F6424F07E
:1046200029F82346DAF83820BEAE24F047FB9DF87F
:10463000F8520DF59F68FF2D00F04E818CA8711C7B
:10464000053023F099FD8DF8345235E14CA8211D39
:10465000C61C23F058FCC6AC314623F02FFD0DF5E7
:104660009F6651462246304619F03BFE9DF8F844BD
:104670000DF59F68FF2C00F03B818CA8711C053064
:1046800023F07AFD8DF8344216E108F10101C6A845
:1046900023F072FD07E10DF59F6808F10500711C1C
:1046A000EEE14CA9484623F08BFE09F12004C6A98F
:1046B000202223F0B6FD169812228DF8B303BDF820
:1046C0000402ADF8B0039DF806028DF8B20309F1BB
:1046D00045008DF8B4637CA939F079F909F15700E8
:1046E00079A9092239F073F95846502139F018F99F
:1046F00019990DF59F6891F80801023838BF02201A
:10470000C0B2022800F0C581DDF860A0032840F0A7
:10471000F7810F200DF59F6523F0ACFF2B46DAF8EB
:104720003820D6AE24F0CAFA9DF85843FF2C40F04A
:104730006582E81DDCA923F0F8FD07202946A5E6DF
:1047400005200DF59F688DF83402FF208DF83002AA
:10475000DDF860A0FEF7ECBA199D012040E506F1F6
:1047600090001690E44840F2FF18D7F808A04FF0E8
:10477000FF39834650461AF079FC044650460E46EF
:104780001AF074FCDD4D0023A0FB0502E1FB0523BC
:10479000A4FB0541A6FB056576184FF000014541D5
:1047A00052F1000253F1000024EA080341F1000134
:1047B000BBEB030379EB060379EB050379EB02020C
:1047C000D8D3169C0022DDF860A004F1100384E821
:1047D000070083E8070008218DF87013DA60E260B3
:1047E000DD9023F051FFD6ACDCAB24F09DF89DF8B2
:1047F00058530DF55C79FF2D40F03D81B8680021DC
:104800000090DCAC1AAA534620460026FDF74CFC6B
:104810009DF870530DF59F68FF2D40F02E8108F133
:1048200008001AA923F00CFFCDF8FC6407202CE146
:1048300085F8201105F58F7185F81E0105F58C703E
:10484000BDF874339DF87143A5F8223185F8212114
:1048500085F81F4123F0DCF985F80801DFF8100521
:1048600085F809111DF0E8FC23F073FF1DF04CFEE4
:10487000DAF82C104CA823F0A3FDDAF83010DCAEE7
:10488000402223F07CFC0DF168083146404601F0DF
:104890000BFE23F0B3FF00F07A810A2003248DF889
:1048A00019039FE105250DF59F688DF834528CA8FA
:1048B0000530C6A923F060FCFF208DF83002FEF71A
:1048C00035BAE01D1AA923F030FD052024F006F9C1
:1048D00039F07DF8FFF7F0BAA01DDCA923F025FD23
:1048E00003202146ADF830028CA81230B622D2E562
:1048F000129C132C40F08881F01DDCA923F015FDDB
:1049000009203146C2E50020CDF80405CDF80005A8
:10491000CDF8FC04CDF8F804DFF868140DF59F60BD
:104920001AF0DAF930B1199991F81D0140F002003E
:1049300081F81D0119980C2180F82051054680F856
:104940001F8105F58C78A0F8229180F8216180F80C
:104950001E4190F81901032808BF0821DAF8380031
:1049600090F8702390F87133881885F81A0105F5CE
:104970008F7013B1012188F80010414623F048F9E7
:1049800085F80801DFF8340485F809111DF054FC9E
:1049900023F0DFFE1DF0B8FD0DF59F60012101F051
:1049A00010FD24F0BEF93FD19DF80865DDF80445FF
:1049B000BDF80905ADF8180331469DF80B058DF8D3
:1049C0001A032046DDF8FC94DDF8005513F03AF99F
:1049D00023F010FF40461A4623F0C8F9C0B202285F
:1049E00044D1CDF8F8940DF59F68BDF818030DF586
:1049F0005C79ADF8050551469DF81A0342468DF8DD
:104A0000070548468DF80465CDF80045CDF8FC54FF
:104A100019F067FC24F089F959D10DF59F68012040
:104A20008DF83002FEF787B99DF808259DF8FB0444
:104A30008DF88023DDF804258DF87303BDF8F904A3
:104A4000DF92DDF800259DF80B15ADF87103BDF878
:104A50000905DE92DDF8FC24ADF830018DF8321145
:104A6000DD928DF88313ADF881033BE0484623F0D7
:104A700058FF052536E00DF59F6808F10500611C1B
:104A800023F07AFBFF208DF8FC548DF8F804FFF733
:104A900013BADDF860A091F80901002800F0CE807B
:104AA0000A200DF59F6523F0E5FD2B46DAF8382046
:104AB000D6AE24F003F99DF85843FF2C40F09E80B9
:104AC000A81DDCA923F031FC042029460AE799E857
:104AD0005E0040465EC0BA481DF0AEFB23F022FCEB
:104AE0001DF012FDDCA98CA80530013123F044FB38
:104AF0008DF83452FEF704BEFFC5FCFF40420F00A4
:104B0000B9680BF1100000F073F9DBE9060100252C
:104B1000DBE904238DE803020DF59F60CDE9034531
:104B200014F032FEDDF804150DF59F68DDF8F82469
:104B3000DDF8FC34DDF80005CBE90201CDE9000128
:104B40004046CBE9002301F067FC9DF8F844FF2CB8
:104B500063D182A808F10401C61C23F0D4F988AC03
:104B6000314623F0ABFA0DF556795146224624F032
:104B700065F89DF85843FF2C40F0808008F107004D
:104B8000DCA923F0D2FB02204146FFF784BABEA87D
:104B900008F10401861C23F0B6F9D6A83146841C1E
:104BA00023F08CFA0DF502792146102224F043F807
:104BB00051460DF5467A4A46504619F092FB9DF84B
:104BC0001843FF2C40D09AE86E0040466EC06948FA
:104BD0001DF032FB23F0A6FB1DF096FCDDF860A073
:104BE0000DF55C79C6A90DF59F6808F10500013146
:104BF00023F0C2FA8DF8FC44FFF764B98CA8711C4D
:104C0000053023F0B9FA4CE08CA8DCA9083023F079
:104C100017FD601C8D9005204FE682AD08F1010163
:104C2000132223F0D7FAD6AE2946701C23F0A4FA3B
:104C300030E0611CC6A823F09FFA36E6DAF80000DF
:104C400098B3DAF8041049E008F103004CA923F006
:104C5000B7FB0DF59F64DCA904F12400402238F075
:104C6000B6FE022041468DF8F804601C2322A046BF
:104C700038F0ADFEDDF860A0FEF79EBF99E86E004B
:104C800040466EC04C481DF0D7FA23F04BFB1DF098
:104C90003BFCD6AE8CA8711C053023F06DFA0DF5E7
:104CA0009F68FF208DF8344207E6BE682F4C414DC7
:104CB000D6F80001402807D33046002113F03AFD12
:104CC000D6F80001402846D2421C56F82000C6F80B
:104CD0000021A0FB0401A8421046EBD80BF14000D4
:104CE00000260BF13002CDF8FC14C0E900160DF5DA
:104CF0009F63C0E902660820C2E90016C2E90266A5
:104D000023F0B8FCDAF83820D6AD284619F096FB27
:104D10009DF858438CA8FF2C05D10830DCA923F05E
:104D20008FFC8D9677E70530691C6AE71B4B00E026
:104D30000B4B012007211CF033FC0F481DF0C6F877
:104D4000144A06E01F4A04E0154A02E00B4A00E05C
:104D5000044A23F0DCF8164A40211CF067FC00BF2F
:104D6000ACFC03009CFC03003600000040420F0036
:104D700037000000DC0000008CFC03007CFC03001A
:104D8000CB000000C8130400DF000000D5000000C5
:104D9000E10000006CFC0300D7000000883C040028
:104DA000783C04003500000033000000DD00000006
:104DB000081204007F3DF1FFD90000003800000018
:104DC000D20000004CFC0300D0B502AF92B0BC682A
:104DD0008DF81020FF228DF80420CDE902343A69C5
:104DE000FB68009201AAFDF79FFC12B0D0BDD4D49D
:104DF000F0B503AF2DE9FF07DFF8949000260D46CC
:104E00008046EA46CDE90266CDE900660F2E1ED83F
:104E1000D5F80041402C07D32846002113F08AFC26
:104E2000D5F80041412C2AD23046514610224B463B
:104E300020F0F0FF02460B4605EB8400C4F1400170
:104E40001EF0EEFD2044C5F800010E44DEE704A884
:104E50009AE81E001EC004AB23F016FA1FBFA8E894
:104E60000F0008B0BDE80007F0BD08481DF0E4F9E8
:104E700004A821F0EBFA1DF047FB1DF093FA054B57
:104E80002046402140221CF08BFB00BFE7000000C1
:104E90003C430400F8110400D0B502AF04460A48B0
:104EA0001DF0A8F92078FF2806D023F024FA204628
:104EB000BDE8D04021F054B923F0DEFA6068BDE8C7
:104EC000D0401EF03BB900BFFD010000D0B502AFDD
:104ED00004460A481DF08EF92078012806D123F0F7
:104EE0000AFA6068BDE8D0401EF028B923F0C4FA81
:104EF0006078BDE8D0401BF033B900BF0D01000061
:104F0000F0B503AF4DF804BD044676481DF072F9C4
:104F10002578FF2D15D123F0EEF978481DF06AF9B8
:104F20002579FF2D26D123F0E6F979481DF062F9A5
:104F3000207A1DF09BF960891DF05CF9D4E903012A
:104F4000B5E0002000261DF091F967481DF052F9E8
:104F5000B5F10A0098BF3046E0B1012829D123F00D
:104F6000CAF963481DF046F9A0891DF043F9D4E958
:104F700001019CE023F080FA61481DF03BF9DFE875
:104F800005F00543233221505B415F0023F074FAA2
:104F9000E08811E023F070FA56481DF02BF9DFE8A5
:104FA00005F0066A575C517A8C6096538E0000209B
:104FB00062E023F048FC4D485DF804BBBDE8F040DA
:104FC0001DF018B904202DE023F03DFC4D481DF0E4
:104FD00011F94D48257D1DF00DF9681E18BF0120FF
:104FE0001DF044F915E023F08DFC60791DF03EF9C9
:104FF00020891DF0FFF8A0795DF804BBBDE8F04002
:1050000021F052B9072018E023F075F93F481DF050
:10501000F1F804F108005DF804BBBDE8F04021F0B0
:10502000A3B905201DF022F904F108005DF804BBC6
:10503000BDE8F04021F088B906201DF017F934E0F2
:10504000082048E0042004E009201DF00FF98EE755
:1050500002201DF00BF96088AEE723F053FC608856
:1050600083E707201DF002F960881DF0C3F8A088CF
:105070001DF0C0F819E001201DF0F8F8608A1DF05D
:10508000B9F8A08A1DF0B6F8601C5DF804BBBDE855
:10509000F04021F07BB905201DF0E8F86088164D3E
:1050A000A847A088A847E088A847D4E902015DF88E
:1050B00004BBBDE8F0401DF009BF062000E00A2057
:1050C0001DF0D4F860881DF095F8A08874E70820DA
:1050D0001DF0CCF860785DF804BBBDE8F0401DF031
:1050E000C5B800BFFA0100000B020000FB01000080
:1050F0001202000008020000F52102000C0200006C
:105100000002000002020000110200000102000083
:1051100006020000D0B502AF044604481DF06AF84C
:105120002046BDE8D0401AF055B800BF140000007A
:10513000D0B502AF04460A481DF05CF8208801286B
:1051400009D123F0D8F807481DF054F86088BDE86D
:10515000D0401AF0BFBF0020BDE8D0401DF086B897
:105160000E0000000B010000D0B502AF0446044859
:105170001DF040F82078BDE8D0401DF077B800BFA2
:1051800015000000B0B502AF0546044823F054FBFB
:1051900028462146BDE8B0401DF0F2B802000000EC
:1051A000D0B502AF0F4AD268BFF35F8FA2B1526889
:1051B000012301441360002388420AD0D2F8004141
:1051C000002CFBD0C2F80031D2F8084500F8014BA2
:1051D000F2E701205060D0BD03481DF039F81DF002
:1051E000E1F800BFF8E60320AA000000F0B503AF25
:1051F0002DE9000FB1B005468868002488460028D4
:105200008C6053D0D8E9046B0A90B868D8F80C10B9
:1052100000280895099153D03046594615F032FCC4
:105220002BAC23F0E7FA20461A4622F0C7F82D9857
:105230000E3405900A222C98214606909DF8AD0068
:10524000BDF8B8A0BDF8AE509DF8AC90079017A877
:1052500038F0BDFBB9F1FE0F00F09E8117A9204682
:105260000A2238F0B4FB0598B9F1FF0F2D9006988B
:105270002C900798ADF8B8A0ADF8AE508DF8AD0001
:105280008DF8AC9000F0948101220020B9F10A0F52
:10529000A9F10B0188BF52FA81F0002800F0BC8010
:1052A000012800F0C6804FF0000AC2E098F8041010
:1052B000D8F8000019F054FEAC60297128601AE19A
:1052C00030465946CDE9062315F0DCFB2BAE23F022
:1052D00064F90DF15C0BB11C16229DF8ACA0584688
:1052E0009DF8AD9038F073FBBAF1FE0F00F05981D4
:1052F000594611A87CC97CC01622098801805946EC
:105300008DF82D908DF82CA00BA8023038F05FFBA3
:10531000BAF1FF0F00F051818DF85D900BF10200A2
:105320008DF85CA011A91622162438F050FB2BA88A
:1053300022F0A8FC2B9D002D69D0DDE92CA1FB20DB
:105340000DF1AC0B0422CDE91D1000201F90584632
:1053500003911DA94FF0040921F0B8F82B9E9DF888
:10536000B040002E00F0B4800BF105010DF1980B58
:105370001322CDE9045A584638F029FBDDF89B107A
:105380000DF18C0922910BF1070126980C22CDF822
:10539000850023F050FCD8F8005098F804A0D5E917
:1053A00000018DF884405246209614F057F91FFAF8
:1053B00080FB484621F0F2F8864B02460E468B45AC
:1053C00028BF8B4611465846324621F0DDF8CDE91C
:1053D00000012BA817AB0699079C4246A0479DF8F1
:1053E000AC00FF2800F08A80089E9DF8AF1006F1FF
:1053F0000805F171BDF8AD10A6F805102CAC3071A0
:105400001ECC1EC5DDE9045A002030606BE008990F
:10541000002008600C716AE0B9F10A0F3FF643AF53
:105420000120AA4600FA09F040F20C4108423FF47C
:105430003AAF3046594615F025FB002900F0C780E9
:1054400098F80450D8F800600DF15C080078ADF8C9
:1054500060A00DF12C0AF9682A468DF85D00032042
:105460008DF85E1031468DF85C005046434600F0E2
:10547000BDF89DF82C40FF2C0BD011AD0AF10101B5
:10548000132222F0A7FE089E294622F09FFE002547
:105490001BE011A80AF10401C41C22F00FFE0DF15B
:1054A0002C0A21461022504638F091FA30462946FF
:1054B00019F056FD054608F103000C46514622F04E
:1054C000B3FE089E414622F081FE347135600EE045
:1054D00008990120487100200860E00718BF4FF0CC
:1054E0000D0981F804902846514622F015FCDDE9AB
:1054F000091022F011FC31B022F02DBE089E2C982C
:10550000012809D1DDE924212D98521A82420ED2B8
:105510004FF48270B08075E72846514619F020FD9F
:10552000002231713060B260DDE90401DDE70C1862
:1055300020A8D146AB4621461FF024FEDDE9045ADF
:10554000C0B2022816D120A804214FF004081FF091
:1055500019FEC0B2022816D1229849460444584682
:1055600019F0FEFC039AC6E9025AC6E90424317117
:105570003060BCE70121C00771714FF0040018BF13
:105580000D20307140E701217171C00718BF4FF045
:105590000D0886F8048037E713481CF04DFE079885
:1055A00003E00E481CF048FE484620F0ABFE0AE03F
:1055B0000C481CF041FE2BA803E007481CF03CFE01
:1055C0000BA8FFF79DFC1CF09FFF1CF0EBFE044AAC
:1055D00022F09DFC00FE0300F2000000F700000036
:1055E00010FE0300F4000000F8000000F0B503AF67
:1055F0002DE9000F9BB0044615A8984691460E462B
:1056000022F040FB159D002D64D016980DF1540B2F
:105610000690FB2017990422CDE90710002005947D
:10562000042409905846CDE90369019107A920F0A7
:105630004DFFDDF854A09DF85890BAF1000F57D0F7
:10564000029510AC0BF1050122F030FDDDF843109E
:105650000C2210980C91E11DCDF82D000DAE22F01A
:105660008EFD8DF82C900BF10400CDF828A098E861
:105670003E003EC05946FF208DF854003046FBF7EF
:1056800093FEC0B2022828D10398049AD0E9000101
:1056900013F0E4FF0F9D80B2A84238BF05460AA868
:1056A00029461FF06FFDC0B2022816D10AA80421B6
:1056B0001FF068FDC0B202280FD1059AFF200299A1
:1056C00010700C9851600699284491600199C2E9C4
:1056D000031019E01620207016E00121059AC0077A
:1056E0004FF00400517018BF0D20029D107007E0AC
:1056F0000599012048705FEAC97018BF0D240C702D
:105700000699284622F008FB1BB022F024BDD4D411
:10571000B0B502AF1D490968C90532D11D4C2168D9
:1057200061BB4FF0FF31216094F83810012907D197
:10573000002184F83810216B002918BF0131216342
:10574000A16AC1B1D4E90C23002B04EBC305296481
:1057500085F83C0018BF013363639A4204BF0120FF
:1057600084F8380022F0C7FB04F110001EF0BDFBE6
:105770002068013000E000202060B0BD06481CF029
:10578000AFFB03481CF064FD1CF00CFE04ED00E0D0
:10579000AE00000088E4032050340400B0B502AF2E
:1057A0001D490968C90532D11D4C216861BB4FF004
:1057B000FF31216094F84810012907D1002184F8B5
:1057C0004810216C002918BF01312164A16BC1B1BF
:1057D000D4E91023002B04EBC305296585F84C00A0
:1057E00018BF013363649A4204BF012084F8480063
:1057F00022F081FB04F110001EF01FFB2068013035
:1058000000E000202060B0BD06481CF069FB0348A2
:105810001CF01EFD1CF0C6FD04ED00E0AE00000013
:10582000D0E4032050340400BFB506AF0168DFE8C0
:1058300001F0041F191B17252D1DD0E90101CDE929
:10584000010101A8039028481CF0F6FC27481CF031
:10585000D1FC274903A81CF013FD1CF055FEBFBD69
:105860001E4806E01E4804E0174802E0174800E022
:105870001C4804B0BDE8B0401CF0EABC44681648BF
:105880001CF0DAFC20461CF0C9FC18E0D0E90154F9
:105890000F481CF0D1FC0F481CF0ACFCDFE805F011
:1058A000020C0406002008E0022006E023F02AF89B
:1058B00020461CF05DFD02E001201CF0D7FCBDE895
:1058C000BF401CF021BE00BFBF000000B6000000BA
:1058D000B8000000F7010000B2000000B1000000B5
:1058E000BD000000BE000000B50000001200000076
:1058F0005C17040080B56F4618B1BDE8804022F007
:105900000BBA80BD80B56F46016819B1BDE8804013
:1059100000F0C4B880BD80B56F46C24312061CBFFC
:10592000BDE8804000F00EBD80BDD4D40168426B5C
:105930008A429EBF00210160704780B56F46024BCE
:1059400010460A461BF02CFE9C17040080B56F46DB
:10595000C0B2BDE8804036F0ADBAD4D4F0B503AFE4
:105960004DF804BD0A460646D0E9000113F0A2FC3A
:105970000C461349054606F576701FF083FC0E466B
:1059800095F85E13B1B1013985F85E13090604BFBD
:1059900095F85C13042905D023F0D3F922F0B8FC64
:1059A00022F0BDBC103041F20131A5F85C131DF0AE
:1059B000C9F8F1E703481CF04BFC1CF0F3FC00BFF6
:1059C00058110400EF00000080B56F4601464068A2
:1059D0004A7A00F5B7601AB1BDE880400FF089BD82
:1059E000097ABDE880400FF068BD80B56F4680BD84
:1059F000B0B502AF456865B10289006822F002FFC8
:105A000038B10C46D0F84013294422F0EDFE22F0C4
:105A10007FFCB0BDB0B502AF88B00446D0E9062027
:105A200043690020009002AD21462846FFF7DEFBC7
:105A30002846FFF767FF204608B0BDE8B04000F0F9
:105A400071B8B0B502AF88B00446D0E9062043690A
:105A5000012194F82000CDE9001002AD214628462E
:105A6000FFF7C4FB2846FFF74DFF204608B0BDE80E
:105A7000B04000F057B880B56F460178042907D0D0
:105A8000082918BF80BD0430BDE8804000F058B838
:105A900090F83A00BDE8804022F032B9F0B503AF8B
:105AA0002DE900078AB0D0F800A0044686680020DF
:105AB000A06036B304F10C000DF1140808F10801E0
:105AC00090E82C002CC194F80490DAE900014A46D1
:105AD0001EF0B6FC0A68B0F85803013A0A600AF5ED
:105AE0007E71ADF8140068464246069612F0F6FD47
:105AF000019840B1029922F00FF909481CF0A8FB67
:105B000001E094F8049050464946FFF727FFE1680A
:105B100000200AB0BDE80007BDE8F040FFF7EABE8C
:105B200068000000D0B502AF0446D0E90201FFF7DB
:105B3000E1FE21792068BDE8D040FFF70FBFD4D443
:105B400080B56F4602C8DFE801F002020206BDE838
:105B50008040FFF75FBFBDE88040FFF772BFD0B560
:105B600002AF13F0BFFC68B10C4690F86F1300222F
:105B7000012980F86F2304BF00F51E701CF0E2FFBE
:105B800022F0C6FBD0BD80B56F4600F5B76000219E
:105B9000BDE880400FF091BC80B56F4690F844108E
:105BA00031B1032918BF80BDBDE88040FFF70CBFAD
:105BB0003830F9E7B0B502AF04460025902D08D083
:105BC0006019017D032904BF043000F0EFFA183595
:105BD000F4E7B0BDD0B502AF044600F0A8FB04F175
:105BE0001800BDE8D04000F0A2BBD4D480B56F4609
:105BF0000548002101220160044942500168002942
:105C0000FCD00021016080BD14710040F4FEFFFF54
:105C1000D0B502AF0446006848B90020207323F0D5
:105C20009CF8201D1CF08EFF22F072FBD0BD0448B2
:105C30001CF002FB1FF014FB1CF066FC1CF0B2FB16
:105C40009F000000F0B503AF2DE9000F89B0824638
:105C500030480068C00558D189463049104613F0D5
:105C600079FE0546D0E90046D0F8AC0005F1080BF6
:105C700088460138C5F8AC0058460FF0B3FB241A2B
:105C800066F10000BAEB040179EB000036D3E94677
:105C90005946484613F05EFABAEB0400049004D06B
:105CA000411E684619F072FA58B105AC99E84E00E9
:105CB00020464EC0204615F073FB10B122F043FE83
:105CC000F8E700206C46D5E90212914202D12A7C05
:105CD000D2070DD005EBC101896949B92046594663
:105CE00013F046FA9DF8000002280BD00120EAE7E5
:105CF000C0071CBF05F188001EF0EDF822F070F916
:105D000022F0D8B906481CF0E1F803481CF0A0FACC
:105D10001CF048FB04ED00E0AE000000140A040093
:105D20008C0F040080B56F4609490968C9050AD17E
:105D3000094913F00FFED0F8B020013AC0F8B020A6
:105D400022F075FA80BD03481CF082FA1CF02AFB91
:105D500004ED00E0AE000000040A040080B56F46C8
:105D600009490968C9050AD1094913F0F3FDD0F8BA
:105D70000021013AC0F8002122F059FA80BD034801
:105D80001CF066FA1CF00EFB04ED00E0AE00000013
:105D9000040A040080B56F4608490968C90508D19E
:105DA000084913F0D7FD026C013A026422F03FFA71
:105DB00080BD03481CF04CFA1CF0F4FA04ED00E03E
:105DC000AE000000040A040080B56F4690F8881009
:105DD000032918BF80BD2C30BDE8804000F09BBA7D
:105DE00080B56F4690F8EC10032918BF80BD1830BD
:105DF000BDE8804000F00CB880B56F4690F8F81010
:105E0000032918BF80BD2430BDE8804000F000B8F1
:105E100080B56F4690F84410032908D0042918BFB4
:105E2000052909D14830BDE8804000F074BA4830F7
:105E3000BDE88040FFF7C8BF80BD80B56F46817F59
:105E40000339012988BF80BD2430BDE8804000F0BF
:105E500000B8D0B502AF044690F82700042818BF58
:105E6000D0BD04F13C0000F0F5F9E06A228ED0E9E3
:105E70000001BDE8D040FFF772BE80B56F46417C9F
:105E8000042918BF80BD4068BDE88040FFF7C0BE50
:105E9000D0B502AF044690F83500032809D0042895
:105EA00003D0052818BFD0BD03E004F1380000F08E
:105EB0009DF9002084F83400D0BDD0B502AF04466F
:105EC00090F83500032804D0042807D0052818BF0F
:105ED000D0BD04F1380000F009F803E004F1380007
:105EE00000F084F9002084F83400D0BD80B56F46FE
:105EF00090F85010063907290AD8DFE801F00A0F98
:105F00000904091409045430BDE8804000F076B853
:105F100080BD5430BDE88040FFF76EBF5430BDE80F
:105F2000804000F059B85430BDE8804000F07FB99F
:105F300080B56F4690F82010042918BF80BD24302A
:105F4000BDE8804000F09DB980B56F4690F87C10A8
:105F5000032918BF80BDBDE88040FFF7E9BFD0B579
:105F600002AF0446007A032804D0042804D16068F4
:105F7000FFF7D8FE00206072D0BDD0B502AF044656
:105F8000807C032804D0042804D12068FFF7E6FEB3
:105F90000020E074D0BDD0B502AF0446C07903281C
:105FA00004D0042804D12068FFF7F4FE0020A0717B
:105FB000D0BD80B56F4690F83410032907D004296E
:105FC00018BF80BD5830BDE88040FFF7E5BD5830B0
:105FD000BDE8804000F040B880B56F46017C0329E1
:105FE00007D0042918BF80BD1830BDE8804000F0FC
:105FF00092B91430BDE8804000F000B880B56F461B
:10600000017C042918BF80BD1830BDE8804000F035
:1060100082B980B56F46017F042918BF80BD20304A
:10602000BDE8804000F00CB880B56F4690F858107D
:10603000032918BF80BD0430BDE8804000F05FB97F
:1060400080B56F4690F85C10032918BF80BD0830FA
:10605000BDE8804000F053B9D0B502AF044690F8D7
:106060005C00011F042906D3032818BFD0BD04F12A
:106070006000FFF702FFE06B4068BDE8D040FFF72B
:1060800082BDD0B502AF044690F82000042806D1A6
:10609000E0690078FFF75AFC002084F82200D0BDA8
:1060A00080B56F4690F84010032918BF80BD0C30B2
:1060B000BDE88040FFF7E5BF80B56F4690F844101B
:1060C000032918BF80BD1030BDE88040FFF7D9BF5D
:1060D00080B56F46C0B2032818BF80BDBDE88040C0
:1060E000FFF784BD80B56F46017B042918BF80BDD2
:1060F0008068BDE88040FFF78BBD80B56F4690F8A3
:10610000A810032998BF80BDD0F89000BDE880405A
:10611000FFF77EBD80B56F4690F8D811032918BFF0
:1061200080BD0C30BDE88040FFF7B2BE80B56F4641
:1061300090F80012032918BF80BD1030BDE88040E0
:10614000FFF7BBBE80B56F4690F8E011032918BF7A
:1061500080BD0430BDE88040FFF7DCBF80B56F46EE
:1061600090F820100339C9B2032988BF80BD044AC2
:1061700052F821100844BDE88040FFF7D7BF00BFA8
:106180008813040080B56F4690F820100339C9B217
:10619000042988BF80BD044A52F821100844BDE894
:1061A0008040FFF7C3BF00BFA047040080B56F4623
:1061B000017B032918BF80BD0430BDE8804000F09A
:1061C00055B880B56F4690F82D1041B1032918BF1E
:1061D00080BDD0E90601BDE88040FFF78BBBD0E968
:1061E0000001BDE8804021F097BDD4D480B56F4652
:1061F00090F82C100339052918D8DFE801F00317AF
:10620000170D08123030BDE88040FFF702BF303074
:10621000BDE88040FFF7F2BE3030BDE88040FFF7B8
:106220000FBF3030BDE8804000F001B880BD80B5C0
:106230006F4690F86010052907D0062918BF80BD69
:106240006430BDE88040FFF7FBBE7430BDE880409D
:10625000FFF7C6BD80B56F4690F82510042918BF1A
:1062600080BD2830BDE88040FFF7C2BB80B56F46D7
:106270004179032918BF80BD0430BDE880401CF07F
:10628000CFBB80B56F4690F8441039B1032918BFD1
:1062900080BD1430BDE88040FFF793BFD0E9010115
:1062A000BDE8804021F038BDD0B502AF044690F87B
:1062B0008800032801D028B1D0BD04F14000FFF7C9
:1062C000E0FF18342046BDE8D040FFF7E7BB80B5BB
:1062D0006F4690F8A410032918BF80BD2430BDE894
:1062E0008040FFF731BE80B56F4690F894100329C7
:1062F00018BF80BD0430BDE88040FFF75BBC80B5AF
:106300006F4690F85010032918BF80BD0C30BDE8CF
:106310008040FFF7C5BE80B56F4690F8581003293E
:1063200018BF80BD1030BDE88040FFF7C5BE80B506
:106330006F46017D032918BF80BD0430BDE8804051
:10634000FFF734BF80B56F46C0B2072818BF80BDC5
:106350000846BDE8804021F0D3BC80B56F4680BDC3
:10636000B0B502AF051D0C4634B155E90101FFF788
:10637000C1FA013C1035F7E7B0BDB0B502AF051D5D
:106380000C4634B155E9010121F0C6FC013C103541
:10639000F7E7B0BDB0B502AF00F13A050C463CB12D
:1063A00015F83A0C15F8401BFFF7CCFF013CF6E757
:1063B000B0BDE0B502AFCDE9000101A968461AF011
:1063C000E9F9F0B503AF4DF8048D8EB0054608A885
:1063D000884621F057FC0898C0B1A7F1370008A9FA
:1063E000C61C0C2221F0CBFEA7F146003146C41C8E
:1063F0000C2221F016FF0BAE21460C2221F0BFFE2D
:1064000028463146424611F02FFC01E01620287044
:106410000EB022F037B8D4D4F0B503AF2DE9000F99
:1064200089B0044604A8022122F0C6F922F0FEFB3E
:1064300002D021F0E8FC0FE021F001FDFA68102302
:106440000792BA680692054ACDE904A6009204AA0A
:106450001DF0D6FA21F08AFD21F022BE30FE0300A5
:10646000F0B503AF2DE9000F89B0044604A803215D
:1064700022F0A2F922F0DAFB02D021F0C4FC0FE0F6
:1064800021F0DDFCFA6810230792BA680692054AEB
:10649000CDE904A6009204AA1DF0B2FA21F066FD2F
:1064A00021F0FEBD40FE0300F0B503AF2DE9000F63
:1064B00099B003AE044620220D4621F060FE05F19E
:1064C00020010BAD202221F085FE30460FF04AF866
:1064D00028460FF047F814A80B21FFF772FF9DF82C
:1064E00050B0BBF1FF0F16D09DF85300E070BDF81F
:1064F00051009DF86310DDE91565A4F80100BDF8B1
:106500006100179A9DF86030ADF84C008DF84E1080
:1065100021F0C1FC33E09DF86080DDF85C90BDF8AF
:1065200061009DF86310DDE91552ADF84C00A4F848
:10653000110048468DF84E10E1744146029211F068
:1065400081FB114B82460E4620205146324620F0F8
:106550001BF80E4A2023009203AA1DF051FA0C48A2
:10656000402100902020524633461EF0ABFD094AE0
:10657000202300920BAA1DF043FA21F0F7FC84F8C7
:1065800000B019B021F0E7BD50FE030060FE03002B
:1065900070FE030080FE0300F0B503AF2DE9000F8D
:1065A00089B0044604A80C2122F006F922F03EFB33
:1065B00002D021F028FC17E021F041FC0246F868E7
:1065C0000A4B8C4607901146B86862460690102028
:1065D000CDE904A61FF0D8FF054A1023009204AAB3
:1065E0001DF00EFA21F0C2FC21F05ABD90FE03000E
:1065F000A0FE0300F0B503AF2DE9FE0F044602A88C
:1066000088460721FFF7DDFE9DF808A0BAF1FF0FCD
:1066100016D09DF80B00E070BDF809009DF81B1026
:10662000DDE90365A4F80100BDF81900059A9DF89D
:106630001830ADF804008DF8061021F02CFC1DE098
:106640009DF81860DDF81490BDF819009DF81B1036
:10665000ADF80400A4F8110048468DF80610E17466
:106660003146DDE9035B11F0EDFA074A102321F012
:1066700003FD2674C4E9015BC4F80C9084F800A003
:1066800007B021F068BD00BFB0FE0300F0B503AF56
:106690002DE9FF07044603A80D460821FFF791FEE8
:1066A0009DF80C00FF281ED09DF80F10E170BDF87A
:1066B0000D109DF81F20DDE90463A4F80110BDF85A
:1066C0001D10DDF818C09DF81C50ADF808108DF8AD
:1066D0000A202574C4E90163C4F80CC0A4F81110A1
:1066E000E274207030E09DF81C80069EBDF81D000D
:1066F000ADF8040041469DF81F008DF806003046B5
:10670000DDE9049A11F09EFA09B30246A8790B4616
:10671000002818BF0120107007210E4800900120AA
:106720001EF0D0FC0C4A062321F0F0FFFF2084F875
:1067300010802070BDF80400A4F811009DF8060038
:10674000C4E9019AE660E07408B021F098BE034AFB
:1067500021F0DDFBD0FE0300E0FE0300C0FE0300DD
:10676000F0B503AF4DF804BD054600780C46DFE8F0
:1067700000F00B512436186E7B4D9A208D151C7736
:10678000112D0E677F9E6A002046002180E0204682
:1067900010216FE06A7820460E2111E020460B217F
:1067A00076E06A782046042184E06A7820460C214D
:1067B00080E06A78204609217CE06A782046022140
:1067C0005DF804BBBDE8F04000F048BD6A782046A3
:1067D0000F215DF804BBBDE8F04000F04EBD20463F
:1067E00003210EF0FBFEC043000637D1A8782146F6
:1067F00000F0E2F80646C043000651D1D4E9010199
:1068000088422BD0697800F8011B65E06A78204641
:1068100007214FE0204601210EF0E0FEC0430006B4
:106820001CD1687802285AD001286CD12046012159
:106830000EF0D4FEC0430226000631D1A97820E034
:106840002046112116E06A782046142132E02046C5
:1068500005210EF0C3FEC043000631D002261FE022
:106860006A7820460D2125E06A782046062121E03D
:10687000204612210EF0B2FEC043022600060FD1C0
:10688000697820460EF0AAFEC04305E020460A21A2
:106890000EF0A4FEC0430226000608BF4FF0FF36EC
:1068A000304621F021BD6A782046082102E06A784E
:1068B000204613215DF804BBBDE8F04000F0ECBCBD
:1068C000D4E901018842C9D06A7821F0EBFE636007
:1068D000C4D0A978417002306060FF26E0E720460E
:1068E000022102260EF07AFEC0430006D8D1A97814
:1068F0000029C6D081290AD082290AD0832914BF51
:1069000004210321BDE7AA782046002161E7012187
:10691000B7E70221B5E7D4D4B0B502AF0546007899
:106920000C460421142888BFA0F11501C8B2DFE885
:1069300000F0031A0F1306242046002115E020461C
:1069400004210EF04BFEC04300061DD00220B0BD56
:106950006A1C2046022102E06A1C20460321BDE891
:10696000B04000F06CBC204601210EF037FE22F052
:1069700049F908BF4FF0FF30B0BD6A7820460521C5
:10698000BDE8B04000F088BC28462146FFF7E8FE8D
:10699000C14309060FD1E81C2146FFF7E1FEC143C0
:1069A000090608D1D4E901018842CFD0A97900F8BD
:1069B000011B6060FF20B0BD80B56F4680F0800095
:1069C0000A460649C0B251F8201010460EF006FEE5
:1069D00022F018F908BF4FF0FF3080BDB447040023
:1069E000F0B503AF2DE9C00704460620CDE900103D
:1069F000684600F046FD22F0F6F801D101203BE0A8
:106A0000C0074DD0684600F03CFD21F002FD02D1E8
:106A10000120354630E0C00742D0684600F031FD25
:106A2000C0F30728C1B2022902D10120454623E064
:106A3000C00735D0684600F024FDC0F30729C1B275
:106A4000022902D101204D4616E0C00728D0684631
:106A500000F017FDC0F3072AC1B2022902D10120BC
:106A6000554609E0C0071BD0684600F00AFD21F03A
:106A7000CBFC07D101201546012125542170BDE82A
:106A80000C07F0BDC0070BD065700021062015462D
:106A900084F805A084F8049084F80380A670ECE7DD
:106AA00001200E25E8E7E0B502AF014668460FF089
:106AB00091FD21F0F5FC03D19DF8011001208CBD62
:106AC000019830B1012807BF0020012101200E21CB
:106AD0008CBD002100208CBDBCB504AF05466846C6
:106AE00021F014FD21F0DCFC03D19DF80140FF20D2
:106AF000C9E00198142800F20881DFE800F0C40B17
:106B00003A829B57B348AC33C4C441942C4F1F6F97
:106B1000A2BA7B00684621F0F9FC21F0C1FC40F0EC
:106B2000B9809DF80110FF24E0B2FF284FF001006A
:106B300008BF0C4608BF4FF0FF30A4E0684621F0C4
:106B4000E5FC21F0ADFC00F08280019C1B2C00F2E2
:106B5000D980102096E021F0DFFBC0070C464FF0F3
:106B60000E008CE021F0D8FBC0070C464FF0090066
:106B700085E021F0D1FBC0070C464FF002007EE01B
:106B800021F0CAFBC0070C464FF00C0077E021F063
:106B9000C3FBC0070C464FF0070070E0284600F02A
:106BA0004BF9C0070C464FF00F0068E00220CDE91A
:106BB0000050684600F065FC21F07EFD49D0C0071A
:106BC00000F0A080684600F05CFC21F01DFC27D09E
:106BD000C00700F097800520114654E0684621F078
:106BE00095FC21F05DFC32D0019C062C00F28A80DD
:106BF000112047E021F090FBC0070C464FF0140035
:106C00003DE00120CDE90050284600F015F90C4682
:106C1000C0071ED1684600F034FC21F0F5FB52D1CC
:106C2000FF20002153E021F077FBC0070C464FF016
:106C30000D0024E021F070FBC0070C464FF004006B
:106C40001DE0684621F062FC21F02AFC34D19DF859
:106C50000140FF2016E021F05FFBC0070C464FF01B
:106C600008000CE021F058FBC0070C464FF006006E
:106C700005E021F051FBC0070C464FF0130018BF90
:106C80004FF0FF300021E2B2C0B2120242EA0141ED
:106C90000844BCBD019802283AD81ED001282AD148
:106CA000684621F033FC21F0FBFB3FF43AAF019939
:106CB00033292DD8012437E7019850B1012821D17B
:106CC00012200124DEE7C0071CD021460320144611
:106CD000D9E7122000210024D5E7684621F016FCF0
:106CE00021F0DEFB3FF41DAF0198042810D80A49BB
:106CF0000224095C18E7284600F09EF800F0010025
:106D0000444211E7FF200E24BCE7FF200E24EFE6EB
:106D1000FF240E2108E700BFB44B0400F0B503AF19
:106D20002DE9E00F044601A80D460FF053FC9DF835
:106D30000400012805D19DF80500FF216070217035
:106D400061E00298052871D8DFE800F0032F1723CF
:106D50000531152056E00320CDE9015001A800F0CF
:106D60007FFB20F07F460546C0B24FEA1628FE287A
:106D70002BD1FF2084F8018044E02846FFF7ACFEC9
:106D8000C14309061DD0A4F80100000CE0701720D3
:106D900038E02846FFF7A0FEC143090611D0A4F849
:106DA0000100000CE07018202CE016202AE021F0F1
:106DB000B3FAC00761704FF01A0018BF4FF0FF30F0
:106DC00020E0000A6070FF201CE0FF2830D001A8FE
:106DD00000F046FB20F07F4B8146C0B24FEA1B2AF1
:106DE000FE2803D1FF2084F801A00BE0FF281FD06C
:106DF00001A800F046FB81B2C2B2090A022A05D1FD
:106E0000FF2061702070BDE80E0FF0BDC0070FD0ED
:106E1000300C4FEA1B42A171627184F804A084F81F
:106E20000390A07084F801802570ECE70E2084E7C1
:106E300040F6FF602080E6E7E0B502AF0146684615
:106E40000FF0C8FB21F02CFB03D19DF801100120AD
:106E50008CBD0199DD2900F218810020DFE811F0D6
:106E6000DE00DE00DE00DE00DE00DE00DE00DE0032
:106E7000DE00DE00DE00DE00DE00DE00DE00DE0022
:106E8000DE00DE00DE00DE00DE00DE00DE00DE0012
:106E9000DE00DE00DE00DE00DE00DE00DE00DE0002
:106EA000DE00DE00DE00DE00DE00DE00DE00DE00F2
:106EB000DE00DE00DE00DE00DE00DE00DE00DE00E2
:106EC000DE00DE00DE00DE00DE00DE00DE00DE00D2
:106ED000DE00DE00DE00DE00DE00DE00DE00DE00C2
:106EE000DE00DE00DE00DE00DE00DE00DE00DE00B2
:106EF000DE00DE00DE00DE00DE00DE00DE00DE00A2
:106F0000DE00DE00DE00DE00DE00DE00DE00DE0091
:106F1000DE00DE00DE00DE00DE00DE00DE00DE0081
:106F2000DE00DE00DE00DE00DE00DE00DE00DE0071
:106F3000DE00DE00DE00DE00DE00DE00DE00DE0061
:106F4000DE00DE00DE00DE00DE00DE00DE00DE0051
:106F5000DE00DE00DE00DE00DE00DE00DE00DE0041
:106F6000DE00DE00DE00DE00DE00DE00DE00DE0031
:106F7000DE00DE00DE00DE00DE00DE00DE00DE0021
:106F8000DE00DE00DE00DE00DE00DE00DE00DE0011
:106F9000DE00DE00DE00DE00DE00DE00DE00DE0001
:106FA000DE00DE00DE00DE00DE00DE00DE00DE00F1
:106FB000DE00DE00DE00DE00DE00DE00DE00DE00E1
:106FC000DE00DE00DE00DE00DE00DE00DE00DE00D1
:106FD000DE00DE00DE00DE00DE00DE00DE00DE00C1
:106FE000DE00DE00DE000F011101030107011301C5
:106FF000E1000B010D01F300FF00FB000901F100AE
:10700000E700ED00EF00F700F900E3000501FD00E7
:107010000101E900E500DF00EB00F5008CBDE52192
:107020008CBDD2218CBDDF218CBDE4218CBDDA2149
:107030008CBDE3218CBDE6218CBDDB218CBDDC2128
:107040008CBDD9218CBDD5218CBDE7218CBDDD2126
:107050008CBDDE218CBDD7218CBDE1218CBDD6211C
:107060008CBDE2218CBDCF218CBDE0218CBDD02117
:107070008CBDD8218CBDD3218CBDD4218CBDCD211C
:107080008CBDCE218CBDD1218CBD01200E218CBDAB
:1070900080B56F4617F02AFFC00701D0012080BDE0
:1070A000C8B218B1012804D1012100E0002100205C
:1070B00080BD0120062180BDD0E901239A4204BF92
:1070C00002207047B0B502AF0C78154605F8014BA9
:1070D0009D4245600BD04C785470941C9C42446097
:1070E00005D089789170D11C4160FF20B0BD02208D
:1070F000B0BDD4D4F0B503AF4DF804BD84B00446A0
:107100000020ADF80C00CDE9010001A90A280DD03E
:10711000D5090A5445EA436555EAD31609D042F029
:1071200080020A54DB0901302A46EFE70A2501AA4A
:1071300006E00A4B01A90A2217F028FF02460D4675
:1071400021F0B5FA01D9022004E020F074FF701993
:107150006060FF2004B021F0C7B800BFC811040070
:1071600080B56F460EF03AFA21F04CFD08BF4FF0A3
:10717000FF3080BDF0B503AF2DE9F80FE8460D46AE
:107180000646404613219B46914636F084FAD7F8CE
:1071900008A0002013281BD0F1094FEAD91241EAB8
:1071A0004561ED0942EA4B6245EA496541EA02035D
:1071B00045EADB14234308F800600CD046F0800356
:1071C00008F800304FEADB1B01300E469146E1E73C
:1071D00013246A4606E00D4B6946132217F0D6FECB
:1071E00002460C46DAE90150401B844201D90220D4
:1071F00008E011462846224636F0E9FB2819CAF86D
:107200000400FF2005B021F031B900BFD8110400FF
:10721000F0B503AF4DF804BDD1E901320024062CCE
:1072200008D01D19954207D0065D013405F8016BA1
:107230004D60F4E7FF2000E0022021F055B8B0B522
:1072400002AF21F0DDF8C04300061CBF0220B0BD34
:1072500020462946BDE8B040FFF782BAB0B502AF7C
:1072600021F0CEF8C043000601D00220B0BDD5E920
:1072700001018842F9D021F0D0BBB0B502AF21F0B6
:10728000BFF8C04300061CBF0220B0BD20462946FF
:10729000BDE8B040FFF790BBB0B502AF21F0B0F849
:1072A000C043000601D00220B0BDD5E901018842EB
:1072B000F9D021F0B2BBD4D4F0B503AF4DF804BD82
:1072C00082B00C46014600208AB28DF80600ADF867
:1072D000040001A9032809D0D3090A5409D0D2B265
:1072E00042F080020A5401301A46F3E7032501AA4E
:1072F00006E0094B01A9032217F048FE02460D469D
:1073000021F0D5F901D9022004E020F094FE701993
:107310006060FF2020F026BEA8110400B0B502AFC7
:10732000416851B105680139416020F0F5FF0C4614
:10733000C00704D02146FF240EE002240CE0E0B296
:1073400030B1012806D120F0E7FFC007F3D103E0F8
:10735000002101E0FF240921E0B240EA0120B0BD94
:10736000416899B1F0B503AF4DF8048D82B021F0BA
:10737000CCFC0321CDE90001684600F082F8054607
:10738000C0B2022804D1A8B2040A11E0002070475C
:10739000E8071CBF019E002E09D0DDF800804046A2
:1073A00017F0A4FD0C46C00702D1012E05D10E2412
:1073B000E0B20002023021F0F7B9404617F096FD26
:1073C000C00701D00C46F3E7E0B2090641EA0040ED
:1073D00005F47F4108440130EDE7F0B503AF2DE936
:1073E000800F8046486878B3D1F8009000264FF0AF
:1073F000FF3400254FF0000B01384860092C1AD0EB
:10740000484617F073FD8A46C00716D10AF07F0080
:107410000021324636F0ACF905434BEA010B073642
:1074200001344FFA8AF00028E8D4092C10D15FFA11
:107430008AF002280CD34FF0050A00200221C8E987
:10744000001088F808A009E00020C8E9000005E065
:1074500000200121C8E90010C8E9025B21F0BDB895
:10746000416861B180B56F4621F04FFCFFF734FBF6
:10747000C2434FF6FE71120608BF084080BDFF20D0
:107480007047416869B180B56F4621F03EFC17F046
:107490002DFDC0074FF0010018BF0220BDE880405D
:1074A00000E0002040EA01207047DCB504AF04464C
:1074B0004868A0B1013848600968A7F10F00FFF7DC
:1074C0002DFC17F80F1C17F80E0CFF290AD017F81F
:1074D000092CA27157F80D2CC4F8022003E0FF20FC
:1074E0002070DCBDFE2160702170DCBD416869B395
:1074F000F0B503AF4DF804BD82B0046801394160B6
:10750000684621460FF066F820F0CAFF09D0019DB9
:10751000012D53D8684621460FF05CF820F0C0FFDB
:1075200017D19DF801004FF00071C0B2084301F07F
:107530004071B1F1007F02B05DF804BBBDE8F040DE
:1075400004BF4FF47F0161F31F2070474FF00070BC
:107550007047019E042E31D820460FF011F8C10764
:1075600003D04FF60171084005E0C0F300414942E5
:1075700081EA504000040122014662F30F014FF4FA
:10758000702202EA0022C00718BF911C01F003001C
:10759000022818BF01F07F4001F47F0210444FEA37
:1075A0001040C0D0C90709D0ADF800008DF80260C6
:1075B000BDF80110090241EA0561B6E70E20B2E705
:1075C000416871B180B56F4621F09FFBFFF760FD08
:1075D000C007BDE8804012BF012001F0010100207A
:1075E0007047002002217047DCB504AF04464868AC
:1075F00070B101384860096868460EF0EBFF20F072
:107600004FFF08D19DF80100022121602071DCBDEF
:1076100000202060DCBD01980121C4E90010DCBD20
:107620004168A9B180B56F4621F06FFB0EF0A8FF4D
:10763000C1070C4918BF4FF6017108400106BDE8AB
:10764000804008D04FF4702101EA0020022106E0BA
:107650000020002103E04FF6FF7188430121084319
:10766000704700BF0000FFFFF0B503AF2DE9000B2E
:10767000804691F851000C4620B1032823D03B48A6
:107680001AF0E9FCD4E908562046D4F84C902021A1
:107690002663C4E90A9535F0FEFF082000216063E7
:1076A00005F10800B0423DD8082684F85010304A51
:1076B0002046314617F090FC0022C4E90E9084F871
:1076C0004820C4E9101504F138000DF097FC411C66
:1076D00032D1666B2EB3701E0022202A21D0A15C0D
:1076E000B1F1FF0318BF0123FF294FF0020118BFBA
:1076F0000121904208BF194601320229EDD00A4605
:1077000089B1201DE5881DF053FC80B2A84216D037
:1077100094F85000012110BB84F85010D4E90A9568
:10772000C5E700210022C8E902030120C8E90012D0
:1077300084F8510020F082BE00220121F3E7A388E3
:10774000990723F00300194618BF011DD4E90B0265
:1077500008440830904204D902220121E3E70222C2
:10776000E1E7206801220021DDE700BF2CFF0300D4
:107770003CFF0300F0B503AF2DE9000B814691F803
:1077800051000D4620B103283BD03F481AF063FC5E
:107790002968D5E906C3A888EA6CA881A960AA620D
:1077A000C5E904C3A9B1D5E9082800F1030E2EF0FC
:1077B000030605F12C04083246C43244424546D83B
:1077C000B3420AD20EF4803205214FF0FF3E30461C
:1077D00048E000214FF0010E3BE0002085F850000A
:1077E000AEB1D5E904123046284BAC6AD5F83080EA
:1077F0001EF0CAFE0022C5E90E4085F84820C5E902
:10780000101805F138000DF0F9FB411C23D1A989AE
:107810006A698A4234D328691DF09CFBE96A884270
:1078200005D095F8500070B901206E6BD6E74FF681
:10783000FF72D5E90410D5F808C020EA0202AB892E
:107840004FF0020E0EE0A968D5E904C3A8894FF0F5
:10785000000E002206E04FF6FF7120EA010200212F
:107860004FF0FF3E80B20126104385F85160C9E910
:1078700000E1C9E9020CC9F81030BDE8000BF0BD09
:10788000034B002019F08CFE4CFF03006CFF03003B
:107890005CFF0300F0B503AF2DE9F80F814691F8C6
:1078A00044000C469246DFE800F003D3D61B81B9B2
:1078B000CDE9029A04F1200694E80302A046D4E937
:1078C0000323E5692DC601200870002048F8489F71
:1078D000E66AC246256A0AF8880FC8E9015611E02F
:1078E000CDF80CA0A2461AF8D00FAAF1880820B152
:1078F000032827D058481AF0AEFBCDF80890D4E9F9
:107900001295266D04F1540B2021FF22584635F0C4
:1079100066FED9F800006065B9F80400A4F85800C4
:1079200027F81E0CA7F11E001DF042FBDDF80890A1
:10793000A4F85A00002084F8CC000820C4E91D5B9C
:10794000C4E91F0604F17406039930460DF0E4FB08
:107950000546023007D103206FF001018AF80000CC
:10796000C9F8001070E020F063FF21F0EEF9404606
:10797000FEF72AFA681C60D104F1240204F13005F4
:1079800007CA01F0030631F0030102F1080200EB1F
:1079900001034BC522641AD0DDF80CA0002384F843
:1079A000A030236AC4E91230C4E9141220F0E1FEC9
:1079B0000546023005D16FF00100C9F8000004202F
:1079C00042E020F035FF681C37D1E66B01E0DDF8BE
:1079D0000CA0A6B304F1A4082021404635F05BFEBC
:1079E000F01C20F00305202D01D9032029E01C4BB9
:1079F0003046414620221EF0C7FDD4E90E23194E21
:107A000000961BF0FDFF616B0020226C84F8A00043
:107A10001144206AC4E91208C4E9145120F0A9FEF7
:107A20000546023005D16FF00100C9F800000520BD
:107A30000AE020F0FDFE681C01D0002001E04FF0BC
:107A4000FF3089E82108012084F8440020F01EBBA3
:107A500002481AF000FBFEDE1CFF0300D4FF030007
:107A6000E4FF0300F4FF0300B0B502AF0546887BD6
:107A70000C46DFE800F00332380D1C006068B4F8F3
:107A80000B102181617B2060A17220F068FF2061D2
:107A900004F11000114612F0B3FFC8B1206801686C
:107AA0000020207604F10800C4E9041003E0207EE1
:107AB000C00715D1606927F041FC01210022217621
:107AC00000286A60687008BF6FF001022A7002E047
:107AD000FD2003212870A173B0BD04481AF0BBFA41
:107AE00001481AF0B8FAFEDEC4090400C40004001C
:107AF000F0B503AF4DF8048D0546487A0C46DFE833
:107B000000F003393F0A19006068A17A20602172F1
:107B100020F025FFE06004F10C00114612F070FF28
:107B200000B3206804F10806002100682175C4E94B
:107B3000030604E0207DC0071FD1D4E9030600211D
:107B40004FF000081BF0B6FEC0B218B9304627F05F
:107B5000F3FF68B1002168700120C5F80480297026
:107B6000207502E0FD2028700320607220F08ABC9E
:107B7000FE21F0E704481AF06EFA02481AF06BFA98
:107B8000FEDE00BFA40C0400C4000400F0B503AF87
:107B90002DE9FC0B804691F820000C46DFE800F050
:107BA0000321270C9C00D4E90010D4E90223C4E986
:107BB0000410C4E906231BE0264616F8940F50B1C2
:107BC000032811D1254615F8900F38B1032827D086
:107BD0005E481AF040FAD4E9091010E0D4E90B101D
:107BE00013E05C481AF037FA59481AF034FAFEDE0E
:107BF0002646002246F8241F706006F8702F0022E7
:107C0000254605F8902F45E91910C4E90D10D1E972
:107C10000012002384F88D30C4F88800C4E91712DC
:107C200004F13C0101A8FFF71FFD0199022964D06E
:107C3000DDE902CE0129049B09D1BCF1020F1BD161
:107C4000606B016804310160D4E90D10DFE7656BFA
:107C50000022BCF1010FD5F8009015D14FF6FC724F
:107C6000F4461A4004329E0708BF9AB24A440832CA
:107C70002A600025012209E04FF6FF7099462EEA9E
:107C800000050222734601E000230025012684F846
:107C9000946084F890609EB2354301293FD0002A59
:107CA000C4E91F2CC4E9215940D0022A3CD0D4E9B0
:107CB00006210025C4F82490002AA56143D0D4E908
:107CC0000460766884F879506067C4E91021C4E9DB
:107CD0001296A385C4F828C004F1280101A8FFF773
:107CE00049FD019A901C0FD0DDE90491022A10D2BF
:107CF000C4E90691D4E904107AE703200221307028
:107D00002870C8F8001019E00220C8F8000004200C
:107D100014E0DDE902C507D1636A002207E0022111
:107D2000C4E92159C4E91F1C012200E09446C8E9B6
:107D3000002C0120C8E90259C8E9041384F8200086
:107D400006B020F07BBB04481AF0C0F81401040010
:107D500004010400D4000400E4000400F0B503AF03
:107D60002DE9000FADF54F7D3C9074A802303A909C
:107D7000CAA88A46831C01F59A7033904FF0000C14
:107D800091F82A0100240025DFE810F006003900F0
:107D900045001200A102A613DAE900503293309296
:107DA000CAE902050020319020F0A6FF02F0ABBB2B
:107DB0009AF858010AF5AC783092329388B10328CA
:107DC00021D19AF854010AF5AA7978B103281ED175
:107DD0000020DAE952B63190DAF8505120F08CFFE9
:107DE0002FE0002131902E913F9015E00020DAE93C
:107DF0004FB63190DAF8445120F07EFF1DE0DFF8F5
:107E0000E4071AF028F9DFF89C0E1AF024F9DFF8DD
:107E1000980E1AF020F9FEDECDF808B10020DAE95C
:107E20004BB64FF481758AF854010AF5AA79CAE96C
:107E30004D65CAE94FB6CAF84451CAE952B6CAF804
:107E400050516808802842F2578600204C904CA977
:107E50003046419123F00DF9012300280FD44C98AE
:107E600004280FD0DDF808B1022842F0478601202F
:107E7000DAE94D128AF854010224409E85E0024658
:107E80003F9C5DE05EA831462A4618F067FB5F998B
:107E900000230424002952D09DF878010E284ED1E9
:107EA0009DF87921609C9442C2F0E58374A818F093
:107EB0008DFB7599002940D0769A00230424022A6C
:107EC0003DD3DFF8E85D0223009574A818F034FB79
:107ED00074980023068896B3DDE9761274A818F02A
:107EE00075FB7599002351B342F28300864226D177
:107EF000769A022A23D3009502239DF8D06174A8B4
:107F0000022518F019FB77980023C0B9749A012351
:107F1000DBE903101288ABF80C20BBF808208BF8C3
:107F20000A60012AABF8085002D14968884701234A
:107F30003F9C6FF022003E9001E0002304243E9A13
:107F4000DDF808B11BB112F1230000F0E28301203B
:107F50003E9289F800002BB1110A4FF0FF303F9498
:107F6000409E57E0DAE94D12042C409E0DD174A8D2
:107F700018F0F4FA20F0C5FD05D0769A9DF8D131BD
:107F80009A4232D200253F9410E000253F94042A03
:107F90000CD3DFF8180D0423009074A818F0CCFA65
:107FA0007498779A0468B2EB144F0AD2E8076FF01E
:107FB0000B0218BF6FF015026FF07F414FF0FF30DA
:107FC00028E0DFF8EC0C260C76993346009074A874
:107FD00018F0B2FA759A964202F29B83749A66F38D
:107FE00007060320A346110A14E0DFF8C80C00902E
:107FF00074A818F0A1FA9DF8D701AB46BDF8D511C9
:10800000749A41EA00409DF8D4113F9441EA002659
:10801000110A0520D2B2012342EA01250AF110011A
:108020000328AAF81CB08AF8583161C1409600F0C4
:108030006381052840F067845FFA8BF0052800F023
:10804000D382082800F00A82132800F04B823028DF
:1080500000F004823E2842F05482002E02F058853F
:1080600028780124431E362B02F25385DFE813F0F3
:108070003700370037003700370037003700370048
:108080003700370037003700370037003700370038
:108090003700370037003700370037003700370028
:1080A0003700370037003700370037003700370018
:1080B000370037003700511551155115511537004C
:1080C0005115511551155115511551155115511580
:1080D0003700370051155115370037003700691C3C
:1080E000721E112B00F22E84DFE813F01200E3065B
:1080F0009D06C4055A063E07F006C405C4050908D6
:10810000C4052806FD07C405C405C405C905AF0795
:1081100074A818F05BFA20F0B2FA02F04285769A61
:1081200074A818F07DFA7599002902F0158520F0E1
:10813000F4FD74A818F0C6FA9DF8D041022C02F0A4
:108140001985DDE9751274A818F040FA20F0D9FC01
:1081500002F02585769A74A818F01CFA76999DF895
:10816000D091002902F01E851FF0BDFE20F0CEFC4C
:1081700074A818F055FA7599002902F0ED84BDF83D
:10818000D001769A4195359074A818F049FA7599FE
:10819000002902F0E184BDF8D0014546769A2F907F
:1081A00074A818F03DFA7599002902F0D58420F0E2
:1081B000B4FD74A818F06AFA20F0ABFD02F0DA847E
:1081C000769B4C999DF83421002BCDF808B1CA91CB
:1081D0008DF82C238DF8D421749142F0D484749AB4
:1081E000290A9DF8D4318AF82E918AF83C014198E9
:1081F000CAF82F218AF833315E928DF87C318AF8E3
:108200002C5143F608558AF82D11359B8AF83B010D
:108210008DF83601BAF83201F04ABAF82C11ADF8EF
:108220003401DAF82E012D9100214C9043F60850CC
:10823000E3FB0201DDF8BC90AAF8343143F60952A1
:1082400000238AF83D418AF83A61AAF83881AAF8F1
:108250003691DAF80CB035F0C7FBCDE97401002196
:10826000DF4843F609520023E8FB00512846002569
:1082700035F0BAFBCDE9760104F00102ADF8E091EA
:108280008DF87F518DF87851DBF804005EA90092DB
:1082900074AACDE901214CAB2D9A31460FF070FF45
:1082A000002840F0B384339914208AF84E51329B51
:1082B000DDE9302CDDF808B12E9D3F9C4876BAF8F8
:1082C0002C01A1F81700DAF80C00CAF844013F9419
:1082D0000AF5A0712E95CDE931C374A83092FFF74D
:1082E000C3FB9DF8D001FD2842F004813C99FD209C
:1082F0000870042002F01BB9DAF80C00D0F80490E2
:1083000020F011F9C846D9F80C1058F8083F82B28D
:10831000184611F0E7F874AC0A46611CFE230028E9
:10832000419120461FBF1068013010605EA81CBF3D
:10833000411CFF231C228DF878318DF8D0211322A7
:1083400004784CAE1FF01BFFFF2C74D0CAA84CA9B8
:1083500001301FF011FF8DF82843CAA80DF5E87809
:1083600090E87C00414658467CC118F049F9044623
:10837000DFF8440919F060FFA0B217F0E3FE1FF028
:10838000D1FF1AF0C1F89DF8D001152818BF1C289C
:1083900044D120F0C8F80446DFF8200919F04CFF5A
:1083A000A0B217F0CFFE1AF0AFF8DAF80C00DFF841
:1083B00010394068D0E902125EA81EF045FE4FF465
:1083C0005E70DDE95E4101FB00F6DFF8F888DFF85A
:1083D000F89800259EB1404619F02EFF284619F066
:1083E0001DFF484619F006FF204616F0F3FE013542
:1083F00004F55E741AF088F8A6F55E76EAE76098F0
:1084000020F052F8DAF80C00446820F08CF804F1FF
:10841000080281B21046132211F086F8DAF80C0037
:10842000DFF8A81820F0C7FA8268013282601FF0D6
:10843000FEFE02F066B820F076F8CBF3013480B28D
:10844000012C00F0F480022C40F00781409A042AAD
:1084500080F032810120ADF828037EE7DAF80C10B5
:108460003028D1F8049009F1080800F00A810828A2
:1084700042F0478074A820F0CDF9349820F03AFB00
:1084800000F05881769A74A818F0CAF875990029F6
:1084900000F0C083769A0020DDF8E4C0002A01F0E5
:1084A0001D800B780120022B01F21880DFF8FC07F9
:1084B0000123BDF8D051009074A818F03DF87498CD
:1084C0000078FF2801F0078045EA0441DDF8E4C0A8
:1084D0003B9C41EA0063B3F17F4FC1F09982204693
:1084E00001F001B8002ECDF808B102F00C832C7811
:1084F000721EB2EB840FC2F00683DFF8D407691C4A
:10850000009074A8A30018F017F87798002842F09C
:10851000FA82749D05EB8400419074AE41988542C7
:1085200000F0748330462946042218F079F8A91C1B
:1085300030460222D346759CBDF8D0A118F070F8E1
:10854000BDF8D001043575994FEA00499DF8D00176
:108550000002002908BF00F101094FEA0A40002C7F
:1085600008BF0120040C4FEA1948DA460006D5D1AD
:108570005FEAC9700CD0DFF85C0719F05DFE20F0EF
:10858000A0FBC9F300201DF0DDFD19F0BDFFC5E71C
:10859000DAF80C00DFF840374068D0E902123046C4
:1085A00011F0F9F9DDE974014FF45E72514381B1C4
:1085B00090F85C23032A12BF042AB0F85823A24281
:1085C00002D01FF012FEF2E7D0F84013414420F031
:1085D0000BF976981FF08BFEA0E700BF00C40900DE
:1085E00000204E002401040074A820F013F93898EC
:1085F00020F080FA00F08880769A74A818F010F8BD
:108600007599002900F09880769ABDF8D06174A819
:1086100017F0DCFF9DF8D0017599002900F08E80DD
:1086200046EA0441769A41EA0063002089E03590E9
:1086300020F0DAF91FF06FFC002867D000F5517BBD
:10864000D0F844030C46002800F0DC8174A8409B5D
:1086500059462A460FF0EAFBEEE1DFF8800619F0F2
:10866000EBFDDFF87C0619F0C5FD002C18BF0324D4
:10867000204619F0FBFD19F047FF17208DF828035D
:108680006BE674A820F0C6F820F03BFA01F0E58212
:10869000769A74A817F0C4FF7598002801F0DB8261
:1086A00076980126BDF8D0C100283B98644600F0BA
:1086B0003187002201F0D6BA35902946DFF8EC0563
:1086C0000423009074A80CF05BFF7498DDE97664D5
:1086D000458803883F2D00F21981DFF80816002035
:1086E000062800F0A7820A5A0230AA42F8D1052DC6
:1086F0002F9608BF9C4200F023869C42CDE92C3483
:1087000000F04F8600F085BE2B1918E0022074900F
:1087100094E1309820F0C7F8DFF8CC051AF05CFA45
:108720003C9A0320FD2188F8000089F800001170B0
:1087300001F0FDBE281970E29DF8D0012B18012030
:10874000369A3D9D002A379E19461CBF29460026B1
:10875000002808BF0D4642F0E081002A114618BFEC
:108760000121084342F0D7812C0C3D952006389317
:10877000CDE936260AD0DFF8740519F05DFD1FF04B
:1087800084FE204617F0ECFC1F240BE02C0E00F0BA
:108790004B82DFF85C0519F04FFD1FF076FE204696
:1087A00017F0DEFC19F0B0FEDAF80C00DFF8443503
:1087B000D0F80480D8E902124CA811F0ECF84FF47C
:1087C0005E70DDE94C5148433D9BCDF808B160B186
:1087D000B5F8582399B28A4202D195F85C1389B949
:1087E00005F55E75A0F55E70F1E74E981C461FF02A
:1087F0007EFDDFF8040519F01FFD20F062FA19F084
:1088000083FEABE105F55170002685F85C630FF03F
:1088100002FB05F51C70DFF8E49485F86F63C84728
:1088200005F51E70C8478DF8D06105F520718DF8EB
:10883000D1415EA874AA0FF00DFF1FF090FF2846EB
:108840000FF042FE05F590700FF03EFE05F54A7000
:10885000C84705F54C70A5F87563C84705F54E7017
:10886000C847DFF89C1408F1180085F8706385F894
:108870005F6311F06FF80C4690F83E11022924D086
:1088800095F8673305F51472B0F83591D0F83111C9
:10889000012B90F837C112BF95F856E202F58C72A1
:1088A0004FF0010E1368928859401FFA89F35A401D
:1088B00011430AD18EEA0C01C90706D1022180F8C2
:1088C0003E1100F538701AF03DF92068DFF83434B5
:1088D00001302060D8E9041274A811F05CF8749C8F
:1088E0004194D4F8009044F82869B14500F007811C
:1088F00030342846214602F0C1F901360028F4D16F
:108900004FF0010BFEE0FF2601F0ACB909F5AC61B8
:108910009C422F962D9440F09781CDF808B174AE0B
:108920002A461C4630460CF049FF1FF08CFE00F032
:108930003585CAA8711C01301FF01EFC8DF828B3C4
:1089400002F036B8352800F0C084372840F0928114
:1089500074A817F03BFE1FF092FE02F03481769A65
:1089600074A817F05DFE7599002902F0ED80769AE3
:10897000012A42F22481CD480223BDF8D051009053
:1089800074A817F0D9FD7498DDE97612B0F800905C
:1089900074A817F045FE7599002902F0D580769AE3
:1089A000BDF8D04174A817F03BFE7599002902F07C
:1089B000CB80769ACDF808B1BDF8D0B174A817F085
:1089C0002FFE7599002902F0BF8020F0A6F974A847
:1089D00017F026FE7598002802F0B68076980028D9
:1089E00042F0EB80002E01F03B80C74819F024FCD8
:1089F000284617F0A7FB304617F0B2FB19F084FDAC
:108A000001F05DB8429817F0FBFD0546BF4819F02C
:108A100013FC409819F002FCA8B217F05BFBBC48AD
:108A200019F0E8FB584612F083FC19F06DFD0120A7
:108A3000749015208DF8D4011FF06AFC01205E901F
:108A40001C208DF87C014CA874A95EAA0CF0AAFD2C
:108A5000BDF834B14C98B0B14E984F99509A519B93
:108A6000CB90BDF83601CE93CD92CC91ADF82A03D0
:108A7000ADF828B36FEA0B00DDF808B100067FF40B
:108A80006CAC01F03EBDDDE94E35DDE95041002B17
:108A900000F0BC80BBF1040F00F07B83BBF1050F3D
:108AA00000F05F83BBF1060F40F0EA8342981E4658
:108AB000359117F0A5FDD9E90212964B2F95254661
:108AC000044645A81EF0C0FA4FF45E70DDE945B1DA
:108AD0004843A1B22C462F9D3346002800F03F8426
:108AE0009BF85C23032A12BF042ABBF858238A424E
:108AF00000F09A870BF55E7BA0F55E70EDE74FF016
:108B0000000B4E46A9EB060806EB4600419E06EB1D
:108B1000001000F10804B8F1000F13D028462146D8
:108B200002F0ACF840B1ABEB8B002146302204EBF5
:108B3000001034F04CFF01E00BF1010BA8F101082B
:108B40003034E8E7A9EB0B00306076981FF0CFFBDC
:108B5000002085F874034E981FF0C9FBDAF80C006A
:108B60006D4B42684192D2F86015D2F8642574A822
:108B700010F04CFF4FF4B070DDE9745101FB00F6CA
:108B80003D9A4FF0000B4FF480390024A6421FD0CD
:108B9000285B012819D105EB040891B2B8F802004E
:108BA000884212D108F118000CF058FC08F59C70AE
:108BB0000FF031F93D9A25F804B0C8E9019B88F817
:108BC0000CB0C8E953BBC8E955BB04F5B074DDE788
:108BD00076981FF08CFB4198504900F5AD601CF071
:108BE00051FB044620301FF084FC04F1280019F0EA
:108BF000A9FF28684A4901302860DAF80C001FF004
:108C0000DAFE4268013242601FF011FBDDF808B164
:108C100001F077BC9DF8D001284440F07F433B9899
:108C2000DDF8E4C000F05FBC3E4819F005FB1FF022
:108C30002CFCA9E53C483A2D3C4908BF084619F0F0
:108C4000FBFA1FF022FC16E50DF5E8782A461C46D3
:108C500040460CF0B3FD9DF8D061FF2E00F0D883A4
:108C6000CAA808F1010101301FF086FA8DF82863C7
:108C7000FFF773BB2E4819F0EBFA01F042BCDAF8AB
:108C80000C0002244268D2F87416D2F87806D2F8A2
:108C90007036C2F87046012B41F03384496888472A
:108CA00001F02FBC040B040014060400701A040029
:108CB000401A0400601A04006E00000082000000E8
:108CC00028100400300000001400000034010400EB
:108CD000301A040072000000581004006500000003
:108CE0000C010000F00F040078DC03204D000000B0
:108CF0004C0000006810040090000000452B0200AA
:108D0000DCFC0300ECFC03007100000085000000A7
:108D10000702000028110400980D0400A80D0400AB
:108D2000440104004B0000008600000052000000D7
:108D30006600000075000000FB00000074AE3046C5
:108D400017F044FC75999DF8D081002900F0A587A3
:108D5000769A74A817F064FC7599002900F09B8737
:108D6000769ABDF8D09174A817F074FC9DF8D06184
:108D7000002E00F08987DDE9751274A817F06AFCEF
:108D80009DF8D001002800F07F87DDE9163200242D
:108D9000189D7699002901F04D82002001F04FBA0C
:108DA000DAF80C00D0F8048074A817F039FC759933
:108DB000002901F0AE81769ABDF8D06174A817F051
:108DC0009FFC7699002901F0A481779ADDE974452A
:108DD00074A817F025FC7598002801F09A81769800
:108DE0000022002840F03D87BDF8D00108F544710D
:108DF000ADF87C01204664F30700ADF87A61ADF868
:108E00007821CDF87E01CDF8825174A85EAA1CF0BD
:108E1000DFF9BDF8D0014FF6FF710A94884201F0E6
:108E20007083162670E574A817F0D0FB1FF027FC9E
:108E300001F09786769A74A817F0F2FB75990029CD
:108E400001F08D86769ABDF8D05174A817F0E8FB32
:108E50007599002901F08386769ACDF808B1BDF89E
:108E6000D09174A817F0DCFB7599002901F0778682
:108E70000DF5E878769ABDF8D0B1404617F0D0FBF2
:108E80007598002801F06B867698002841F0798665
:108E9000002E00F092855FF8640119F0CDF92846A4
:108EA00017F050F9304617F05BF919F02DFB00F080
:108EB000ACBD74A817F08AFB7598002841F0218397
:108EC0009DF8D0415FF8900101F029BE74A817F019
:108ED000A7FB7599002901F02B861FF01EFF74A8CF
:108EE00017F09EFB7599002901F02286769ABDF84D
:108EF000D09174A817F094FB7599002901F0188699
:108F0000769ABDF8D05174A817F08AFB759900299C
:108F100001F00E86BDF8D061769A74AC204617F049
:108F20007FFB7598002801F003867698002841F0B1
:108F30002686DAF80C104346BDF8D001ADF8D29180
:108F40004968ADF8D8010420ADF8D661ADF8D45128
:108F50008DF8D001D1E9021200945EA810F03EFA1B
:108F6000CDF8348001F0CDBA74A817F059FB75998B
:108F7000002901F0E385769ABDF8D09174A817F026
:108F80004FFB7599002901F0D9851FF0C6FE74A822
:108F900017F046FB7599002901F0D085769ABDF847
:108FA000D06174A817F03CFB7599002901F0C685C3
:108FB000769ABDF8D05174A817F032FB7598002846
:108FC00001F0BC8576980024CDF808B1002841F066
:108FD000B985BDF8D02143F60850E34B002148EA9B
:108FE000064643F6085B1EF0ADFFDAF80C20D2F817
:108FF000048043F60952CDE97E0107208DF8D001A7
:10900000300CCDE97A44CDE97C448DF80A4240F237
:10901000E2446043ADF80892ADF800521FF0A9F9A0
:10902000CDE97801B0B2604343F609521FF0A1F9CF
:10903000CDE976014B46D8E9021274A800905EA8EB
:1090400010F0CCF9CDF82C90E0E574A817F0BEFA3A
:109050007599002901F08B85769A2E9E002A01F0E1
:1090600095855FF8B8030123009074A817F064FA9F
:109070007498DDE97612047874A817F0D1FA75991E
:10908000002901F07485769A74A817F09FFA7598F4
:10909000002801F06C857698002808BF26461F98A6
:1090A00018BF00201F9041F07385DAF80C00AF4B19
:1090B0004468D4F85016D4F8542674A810F0A6FCCE
:1090C000DDE97410022201314000D0B311F8013CF7
:1090D000012B05D10D78F3B29D4208BF01F8012C98
:1090E00002310238F1E774A817F070FA7598002879
:1090F00041F007829DF8D0419D4801F010BD74A851
:1091000017F064FA75999DF8D0910029CDF808B14F
:1091100001F0F780769A74A817F082FA7599002901
:1091200000F0E786769ABDF8D04174A817F0CAFA25
:109130009DF8D051022D40F01D869DF8D19101F08F
:10914000E0B876982E961FF0D2F88A4904F5CB60E5
:109150001CF098F80C4619F0F5FC1FF0D9F801F056
:10916000D0B92046419311F08DFCCDE9001874ACC4
:10917000359A09F5AC61034620460CF059FB1FF007
:1091800062FA00F06284CAA8611C01301EF0F4FF8C
:1091900099E120464193359111F074FC02460B464B
:1091A0004CA811461A461EF009F99DF83001042812
:1091B00000F09E84DDF808B1FE2840F0E6846E4899
:1091C0002D949DF8314119F037F820462D9C1DF063
:1091D00099F819F099F93599204611F053FC0029B6
:1091E00001F0F8840078410600F131848DF87D01AA
:1091F00003200DF5BC798DF87C01FF2000260621A7
:109200008DF878014846ADF880618DF87E111EF02A
:109210008BF84FF0040BADF82001FB20ADF822B124
:10922000CDE9C540C796C5A848A9F8F75FFBC0B20D
:10923000022840F0658774A9AE4699E87C1008467C
:1092400080E87C10C5A87546F8F7AEF8C0B20228D1
:1092500040F056874298C79C17F0D2F92D9982B2F8
:10926000CD94CDE9CB514199CA9174ACCAAE414677
:10927000204633460FF0FEFF9DF8D0B100F07FBCD2
:10928000BBF13F0F40F20C818846D9F86415ABF171
:10929000400290B2814240F24585D9F86005419381
:1092A0002F950CF06FFA054600205E90287B03286E
:1092B00004BFB5F84C01834501F03F81DDF808B1EA
:1092C0001EF0B5FF41982F99C3E374A817F07EF9FB
:1092D000219875999DF8D09120F0FF04002900F0A5
:1092E000BC83769A74A817F09BF97599002900F051
:1092F0000386769A4FF000081FF0ADFBDAB10878CC
:109300004FF00108022816D85FF860560123CDF807
:109310000491BDF8D041009574A817F00DF9749828
:1093200090F80090B9F1FF0F40F08B87149BDDE9B6
:1093300012C6DDE91085219868F3070000F0E3BD4F
:109340001FF052FBCDE9004882B2CAA82F9B09F555
:10935000AC610CF06DFA9DF828B3FFF78BBB479812
:109360001FF0A2F818466CE300204E005C3D04009C
:10937000030100006C3D04006000000022000000BA
:10938000CC000000740004008400040054000400B9
:10939000640004005400000095000000DDF808B1EE
:1093A0002C94CDF808B174AC20461EF06BFCDDF8AF
:1093B000D0B1BBF1000F00F08583DDE975602B9023
:1093C000429817F01DF91EF0A6FD002800F0DE857A
:1093D0002A912A462B99CDE974B600F5517B7691F6
:1093E00000945EA82C9B59460EF00CFD20469DF87B
:1093F00078414CAEFF2C00F061865EA9053001314A
:109400001EF0BAFE01208DF8D441749000F059BED0
:109410002C9474A81EF036FC749E002E00F05B8322
:109420005846DDE975B8429017F0EAF81EF073FD72
:10943000002800F0B385CDF880810DF5E878CDE9FE
:109440005E6B5EAE00F5517B2C9B894640465946CB
:109450002A4600960EF0D6FC1FF05BFC40F0F58526
:1094600074A81FF085FABDF8D501ADF878019DF814
:10947000D701DDE976418DF87A017498012840F032
:109480004D869DF87A218DF83221BDF87821ADF80E
:1094900030210A46DDE978359DF8D40100F048BE58
:1094A0004298419317F0ACF804465FF8300118F089
:1094B000C3FEA0B216F046FE584616F00BFE19F099
:1094C00023F84FF0FF0B8DF828B3419829461EF082
:1094D00023FCFFF7CFBA3B98DDF8E4C0349B60F380
:1094E000070343F07F4303F001014FF07F42114334
:1094F000160EFF2E00F0F982002E349318BF0126BD
:109500000A0E6FF08073FE2A88BF4FF6017303EADC
:1095100001040D0C3B902806CDF8E4C000F0C88093
:109520005FF8A40118F088FE284616F019FE18F01E
:10953000EBFFD9E9020122460FF0D4FF0A4674ABD3
:109540003A990646FE20002E00F09A805FF8CC1172
:1095500009F11800CDF8D480CDE9412B10F0FAF9CB
:109560002F918346D9E90412C5A85FF8E43110F0C1
:1095700012FA09F544702D90DDE9C54006F5107822
:10958000CDE92B0454F8080B00EB400005015DB158
:1095900004F1100041461DF06EFC303D30340028CF
:1095A000F5D0012086F872039BF83E01314602385F
:1095B00018BF0BF12000F8F74FFF8146002851D06B
:1095C00099F8C800022806D099F800000D2804BFB9
:1095D000012086F872030020ADF87801DBE9000E67
:1095E0002A9074A800F1100298E83B1082E83B1022
:1095F0000BF52870494680900BF520707F902B98D2
:1096000077902C987690359881902A9874900BF1E9
:1096100008002D9CCDE98260B6F85803ADF8100221
:109620000BF5A4707E94CDF8D4E100904CA85EAA0E
:1096300074ABF9F75DF874A849461DF0BDFB9DF8C1
:10964000D001FE280BD00BF5387019F07BFA0320FF
:109650002146ADF8D0015EA874AA1BF0B9FD9DF8B3
:1096600029032A90C7981EF042FE2F991EF0DFFDB5
:1096700041991EF0DCFDCAAB3299DDF808B1FF203C
:109680008DF828031C208DF8D0010C22D1F802504F
:109690000631B3F802801E7848AC1EF0C2FDFF2EE2
:1096A00000F02F87BFA894E80E000EC02A9AD9E2D6
:1096B000D9E9020122462F960FF014FF002872D03C
:1096C0002D9106465FF83C1309F11800CDF8D480BF
:1096D000CDF808B110F03EF92C910446D9E90412F6
:1096E00048A85FF8543310F056F994F83E0131461B
:1096F000DDE94885023818BF04F12000F8F7ACFE18
:1097000006F5107B002853D009F544712891D4E95F
:109710000012B1462B90A446AE46CDE9292174A88B
:1097200000F110029BE87B007BC20CF528704E46CE
:1097300080900CF52070DDF8A0B06446CDE97EB0D5
:1097400035988190299875902A9874900CF10800AA
:109750008390B9F85803ADF8100200208DF8780115
:109760002F98CDF808920DF54A798DF879010CF50E
:10977000A47000904846CDE9768E5EAA2B9D74AB0E
:109780002946F8F7B5FF9DF82803FF2840F094809C
:109790002B7895F8C80002287BD1A3F10B0200209A
:1097A000022A7ED983E0FE208DF8780174A8ECE0CF
:1097B00058F8280900EB40000501002D59D008F1A8
:1097C0004009594648461DF056FB303D08F1300827
:1097D0000028F2D0D8F80000CC462890D8F8040031
:1097E0002A90D8E902E029905EA90F912B969CE877
:1097F0007D007DC12B9E2F98D8B398F8280031901A
:109800002A9898F829B07590DDF8A0C02998CDF86D
:1098100020E0CDF8D8E1CDF8D0C1779074A800F160
:10982000100899E87E00E14640467EC05FF89C043F
:10983000319C8DF8F9B18DF8F84118F0FDFC4046E7
:109840001CF042FB18F060FE2B98A64680F85F43A0
:109850004CA8DDF83CC09CE87E007EC07146FF202D
:109860002B9E4A46089CDDE929538DF81403704667
:1098700045E05FF8DC0418F0DFFC58461CF024FBE0
:1098800018F042FE002086F85F03FF208DF81403D5
:109890002AE00020112B0AD801229A4012F4303F0E
:1098A00005D095F8F920022A18BF95F8F800002293
:1098B00086F85F0386F872235EA829461DF07CFABD
:1098C0009DF87801FE280BD004F5387019F03AF9AC
:1098D00003205946ADF878014CA85EAA1BF078FC2D
:1098E000C5A899E83E003EC02F9870B396F85F0374
:1098F0004FF0020B3199DDE92632DDE92454319134
:10990000CDE92632CDE92454F8B1CDE97623B0462D
:109910008DF8D101CDE9784574AADDF804E102F1B2
:1099200018009EE87A1080E87A1008F52071464603
:1099300031988DF800020E208DF801B28DF8D0011B
:109940005EA80EF087FE1EF00AFF4A980DF54579D5
:10995000DDE92C240DF5E8784B46DDF808B11EF062
:10996000C6FC106835990130106040463246F8F761
:1099700021FE1EF0CDFC5EA899E87C0001467CC16A
:109980009DF87811FE2908BF40461C2190F80190EF
:109990008DF8D01100F10801B0F802800C22456862
:1099A0000678C2AC1EF03DFCFF2E00F0AA85BFA8D1
:1099B00094E80E000EC04A4654E1BDF8D0210021C3
:1099C000E54B43F6085043F608561EF0BBFADAF8AA
:1099D0000C200023546843F60952CDE97801002198
:1099E000DE48E9FB0061304633F0FEFFCDE9760149
:1099F0000220ADF8D2B12B468DF8D001D4E9021285
:109A0000CDF800805EA80FF0E9FC0C95FFF7FEB8DA
:109A1000779800214FF07F420028204608BFD9B236
:109A200008BF23F0FF0262E59BF87303002800F0F3
:109A3000BE82CB481C4618F00BFC47981EF034FD44
:109A400020461EF06EFFFFF7E1B8DDF808B141983F
:109A500029461EF061F900F054BD04EB09004EE206
:109A6000BDF8D0210021BC4B43F6085043F6085600
:109A70001EF068FADAF80C204B46D2F8049043F650
:109A80000952CDE978014FF47A400021E3FB0061EF
:109A90000023304633F0A8FFCDE976010620ADF86B
:109AA000D6812B46ADF8D4B1ADF8D2418DF8D001B6
:109AB000D9E9021274A800905EA80FF08FFC0995F6
:109AC000FFF7A4B8A74818F0B7FB1EF0DEFC18F0AB
:109AD0001BFD162010E3A44818F0AEFB1EF0D5FCC9
:109AE00018F012FD1620FEF7C9BD01F00102B8E022
:109AF000A946429DBDF83261284616F081FD81B22B
:109B0000404632460FF0F2FBFF2106468DF8D01199
:109B1000A3469649ADF8D60100204891FB218DF867
:109B2000D401C691C594C790C5A848A9F7F7DEFE31
:109B3000C0B2022840F0EB80C5A874A9F7F734FC46
:109B4000C0B2022840F0E380894818F075FB304627
:109B500016F0C0FA18F0D8FC2846C79C16F050FD45
:109B6000419982B2CA914146CD94CDE9CB9B5EAC7E
:109B7000CAAE204633460FF07DFB9DF878B1BBF1AD
:109B8000FF0F3FF443A8701C96E29DF83411FF28A4
:109B900008BF002900F066820C2800F07283FF28BD
:109BA00040F08283FF2940F01985BDF83801C007D5
:109BB00000F014850DF5BC7B0C208DF8780158461B
:109BC0001DF0B2FB0421ADF82001ADF8221174A8FC
:109BD0001EF058F8749E002E00F000862D94FB2095
:109BE000DDE97541CDE9C51000202F91C790C5A8CA
:109BF00048A9F7F77BFEC0B2022840F07D8574A823
:109C00002C94AC46B6469BE87E007EC07646654600
:109C10002C9CC5A874A9F7F7C7FBC0B2022840F076
:109C20006B854298A346C79C16F0EAFC2F9982B236
:109C3000CC914146CD94CDE9CA6B74AECAAC3046E6
:109C400023460FF017FB1EF0FEFC00F03F87601C60
:109C5000711CFFF79BBA9DF8D051399820F0FF0096
:109C6000421901263C994FEA1820C870D0B240EA48
:109C70000820A1F801004D6001F108000E70BFA995
:109C80001FF012F800F053BC9DF8D181DDE91632C7
:109C9000189D74AE04E09DF8D081DDE91632189D60
:109CA000159820F0FF0000EB080900204C46002822
:109CB00000F07387E1B2179241EA02242906169355
:109CC0000FD0DFF8200F18F0B7FA1EF0FAFF284681
:109CD000189516F045FA18F017FCCDF8549000F0DE
:109CE00010BCDAF80C108DF8D20101208DF8D131BA
:109CF000234649688DF8D001D1E9021200965EA88A
:109D00000FF06CFB0020CDF854901890F9E31EF092
:109D1000BBFF18BF4FF00D0B419849468DF828B393
:109D2000FFF7D5BBDDF808B112208DF828031846DF
:109D30001EF0F7FDCAA80DF5E87890E87C004146D2
:109D4000DFF8A40E7CC118F077FA1EF0EBFA18F0D9
:109D5000DBFBFEF702BB00BF00204E0000C4090081
:109D60006300000081000000800000000300040088
:109D700021000000DDE9751274A816F027FC1EF022
:109D80007EFC00F00482769A74A816F003FC7699A3
:109D90009DF8D081002900F0B3821EF0A4F8C59090
:109DA0009DF87C01779A8DF8180374A816F0F2FBE1
:109DB00076999DF8D001002900F09E8241901EF016
:109DC00092F8CA909DF87C01779A8DF82C0374A8BC
:109DD00016F0E0FB76999DF8D001002900F08C8206
:109DE00035901EF080F81EF091FE74A816F018FC55
:109DF000759900297DD0BDF8D001769A2F9074A86E
:109E000016F00EFC7599002973D0769ABDF8D0B182
:109E100074A816F005FC759900296AD0BDF8D00128
:109E2000769A2D9074A816F031FC1EF072FF3FF464
:109E300084A9C59948919DF818138DF82411CA99E1
:109E4000C2919DF82C138DF80C134C9945919DF8F7
:109E50003411489A8DF81811769974929DF824213E
:109E600000298DF8D421C29ACDE92886CDE92A545B
:109E70005E929DF80C23DDE91D18DDE91B53DDE939
:109E800019C4DDE9226E8DF87C21459ACDF83CB0ED
:109E90004FF0020BCDF8B0904FF000094C929DF8B6
:109EA00018218DF8342140F036829DF8D4118DF8B8
:109EB0002C137499CA915E99C5919DF87C118DF807
:109EC00018134C99DDF8AC9048919DF834118DF839
:109ED00024114FEA1928DDE92812419B359D2F9C5A
:109EE000DDF83CE0DDE92C6CDDF8A8B020920E90A6
:109EF00011E29DF8D09104E29DF8D0012044DDF8F4
:109F000040801EF0A8FD4FF0FF090446B9F1FF0F95
:109F100000F05E862190E0B240EA03242806149304
:109F2000CDE912C60CD0DFF8E40C18F085F91EF06C
:109F3000C8FE2846119516F013F918F0E5FA22E04C
:109F4000DAF80C000021119143F608528DF8D291F5
:109F5000234640687791E9498DF8D1C101EA46214D
:109F6000114443F60952B1FBF2F17691310CADF890
:109F7000D31105218DF8D011D0E9021274A80090F8
:109F80005EA80FF02BFACDF84080BAE202203146ED
:109F9000749058461DF0C0FE4CAE95E0FE20594628
:109FA0008DF8780130461DF0B7FE74AED9E03598D3
:109FB000CDE94835CDE94A409BF86E0374AD48A918
:109FC000002800F0E6802846F8F76AFA1EF0A1FEA5
:109FD00000F02481691C5EAD359048221EF0FAF82D
:109FE000879E4CAC29464822204633F04BFCDFF8D4
:109FF000402C2046314614F0D6FF1EF078F8DFF8EA
:10A00000341C0FF0A7FC0D46D9E90412DFF8283CF8
:10A010000446C2A80FF0BFFCDDE9C26029902046CB
:10A020001CF0AAFE3599002940F04B83002800F06F
:10A0300048839BF86003012840F0E782BBF8651372
:10A04000DBF8610301F58031EAE29DF8D3118DF868
:10A050003211BDF8D111ADF83011DDE97735DDE908
:10A06000754265E0DFF8F40B2646BDF8364118F07E
:10A07000E3F8204616F02EF818F046FA1EF053FAD0
:10A0800081B2404622460FF031F91EF04CFA359964
:10A0900061914199CDE95F565E91D9E902125EABBB
:10A0A000009374AC83B220460FF05EF91EF0CBFA39
:10A0B0003EF4ACADCAA80130611C62E074A81EF089
:10A0C00057FC2A991EF0B3F801205E901C208DF8F1
:10A0D0007C014CA874A95EAA0BF064FABDF834B1F7
:10A0E0004C9800287EF4B8ACDDE94E35DDE95041EE
:10A0F000002B7EF4CFAC15208DF8280300F058BC5F
:10A1000001218DF82913C00718BF4FF00D0BFFF781
:10A11000DAB90A991EF0DDFC0A18A2E52046FBF721
:10A12000E9FB1520002C08BFFF20079B04AD34CDB0
:10A13000D9F8001007930131C9F80010BDF83011AB
:10A14000FE28ADF879119DF8321161938DF87B11DD
:10A15000CDE95F4204A934C162958DF8780108BF4A
:10A1600046461C2013228DF8D00116F801BB4CA8DE
:10A17000314633F02CFCBBF1FF0F04D0CAA84CA928
:10A1800001301DF0F9FF8DF828B3FEF773BCB1461E
:10A19000B7E02846F8F784F99DF8D041FF2C3DD070
:10A1A000691C5EAD48221EF015F835942946879E3D
:10A1B0004CAC4822204633F065FBDFF8802A20466D
:10A1C000314614F0F0FE1DF092FFDFF8741A359E50
:10A1D0000FF0C0FB0D46D9E90412DFF8683A0446D7
:10A1E000C2A80FF0D8FBC2982990C39828902046A7
:10A1F0001CF0C2FD0A2E40F03F83002800F03C8393
:10A200009BF860032F95012840F0D582BBF86513B9
:10A21000DBF8610374AD01F58031D6E25EA8291D3B
:10A22000C41C14221DF0FDFFCAA82146142233F0DD
:10A23000CEFB6CE34FEA19224C463346454674AEDA
:10A2400035E52198779A00F47F40012A7FF657AED2
:10A25000769902232190009574A816F06DF9779AEB
:10A260005AB17498012376990688009574A816F05F
:10A2700063F9779A012A00F2CA82DDF840802198BA
:10A280003FE61EF050F91DF046FE00283FF4DFAB1C
:10A290000C46012180F8761300F54E7018F052FC40
:10A2A0001EF036F8FFF7D3BB1EF03DF921460446F9
:10A2B000359861904198CDE95F515E90D9E90212DD
:10A2C000CAA8DFF894391CF0BFFE4FF45E70DDE9D8
:10A2D000CA125043A2B2002800F0778191F85C3393
:10A2E000022B04D9B1F858339A4200F0AF8101F53E
:10A2F0005E71A0F55E70EEE7814602E000FEFF01B0
:10A30000C146DDE91D184FF0020BDDE91B53DDE905
:10A3100019C4DDE9226E9DF82C03BBF1020F8DF804
:10A320000C03CA98C290C598209A45909DF81803CE
:10A330008DF81801489872909DF824018DF8CC0191
:10A3400000F01B84C298CAF82F01749045985E9063
:10A350009DF818018DF87C0172984C909DF8CC0105
:10A360008DF834010E988AF848015E98CAF83501D4
:10A370009DF87C018AF839014C981D918AF82E11BC
:10A380009DF80C13CAF83B019DF834018AF833118B
:10A390008AF83F01BAF832011C938AF83431DF4B56
:10A3A000ADF83401DAF82E018AF8472120928DF8B1
:10A3B0003621A2B28DF8D41100214C9043F60850FA
:10A3C000E2FB03018AF82C918AF82D8143F60952A9
:10A3D0000023CDF878801B958AF83A5100258AF839
:10A3E00049B122968AF846616646AAF844C1AAF89D
:10A3F00042E1AAF840411A9443F60854BAF82C8175
:10A40000DAF80C90CDF88CE033F0EEFAC44A002371
:10A41000CDE97401B0B200211996E0FB024143F688
:10A420000952204633F0E0FA339ACDE976012398B9
:10A43000ADF8E0019088116808431FBF9088ADF81F
:10A4400018031068C590114618BF012551F8060F72
:10A450008A8874AB10430BF001024FF000001FBF5D
:10A460008888ADF82C030868CA9018BF0120C599E8
:10A470008DF87F01CA98CDF87911BDF81813609056
:10A48000BDF82C038DF87851ADF87D11ADF884013D
:10A49000D9F804005EA9CDE90023424602914CABF5
:10A4A00022990DF06DFE00287EF4B0AB3399142094
:10A4B000329BDDE9302C81F825000020DDF808B161
:10A4C0002E9D3F9C8AF85A01BAF82C01A1F823006E
:10A4D000DAF80C00CAF850013F940AF5A6712E95DF
:10A4E000CDE931C374A83092FDF7BEFA9DF8D001D2
:10A4F000FD2818D0DAF80C00406800F5BA600AF0C0
:10A50000F8FFDAF80C500AF128044FF481711EF0BC
:10A51000DEFB286800218AF858110AF5AC78CAE9F0
:10A520004B04FDF779BC3C99FD20087005208AF8A2
:10A530002A010DF54F7D1DF00EBE288935910028AA
:10A5400079D001382881B5F90A00012190FA51F03B
:10A5500005F59C716881D5F83801002800F0E2808B
:10A560000E462046414610F08DFA74AC02460B466A
:10A57000314620460DF05AFC7498002800F03281D4
:10A5800004F1040CCAA99CE85D005DC128460DF0E9
:10A59000B5FDDFF8CC1609F5AD601AF073FE30306A
:10A5A0000C4618F0CFFA20683599013020601DF074
:10A5B0003EFE41982F999DF828431DF0ADFBDDF834
:10A5C00008B1FF2C7FF4B6AB9BE7CC981DF06CFF75
:10A5D00041981EF0A6F94FF0140BD4E51DF0A3FF2F
:10A5E000359961914199CDE95F545E91D9E90212A3
:10A5F0005EAB009383B274A80EF0B6FE1EF089FB2A
:10A600003EF404AB4FF0160BBDE5A168C8074FF050
:10A61000050000F04181E268080A110A40EA026080
:10A620001EF016FB28960128ADF8C4112F9529D1EC
:10A630001DF07CFF28E0DFF8400617F0FDFD5846CE
:10A6400015F048FD17F060FF1624A7E074A85EAA75
:10A650000DF07EFF749C4FF0FF0B2CB175992046D6
:10A660001DF05AFB4FF0160BCC981DF01DFF002C6F
:10A670003EF4CCAA87E5DFF8783511460020224663
:10A6800016F08EFF1EF0DDFA729074AE94F8E83288
:10A6900000254FF47020CDE9000570A906F1D00027
:10A6A00072AA1CF0D1F8022031468DF8980204F10C
:10A6B00020004FF494728DF8D05132F033FB2F9D6F
:10A6C000289E94F83E015946023818BF04F1200034
:10A6D000F7F7C2FE84461520BCF1000F00F0DC80C5
:10A6E0009CF8C820022A40F0D78009F544707E907B
:10A6F0002998CDE97660D9E01EF0C6FA30462146A9
:10A7000018BF4FF00D0B8DF828B31DF005FBFEF7B9
:10A71000DCBEDFF8E4341DF0A5FE00BF00C4090074
:10A7200000204E002B912046414610F0ABF9024626
:10A73000DFF8300500900B4674A811461A46022334
:10A740000AF01EFF7598002800F0478201282D941A
:10A7500000F0458274982946B5F852310288DFF836
:10A760001005009074A82C920DF0DCFC9DF8D041EF
:10A77000FF2C00F04281DFF8FC1409F5AD601AF0FF
:10A7800081FD30301DF0B5FE2868132201302860AD
:10A79000CAA874A90130013133F019F935991DF0B7
:10A7A00046FD41982F998DF828431DF0B5FADDF844
:10A7B00008B1FFF7BFBAA06874ADC10700F01A81F5
:10A7C000E168000A40EA0160090A1EF041FAADF8AA
:10A7D000C411012832D11DF0A9FE31E04FF0160B53
:10A7E000FEF771BE7698002800F03C8104F1080C59
:10A7F0005F995EAA9CE8590059C20020FBF77AF8DD
:10A80000359901245E9800283EF458AD10E1749803
:10A810000223769990F80080009574A815F08CFEBC
:10A820007798002800F021812046DDF84080002440
:10A830004FF0FF091EF00FF9FFF768BB1EF001FA99
:10A84000729040F6661094F8E8324FF0C071CDE98E
:10A85000001070A905F1D00072AA1BF0F5FF0020CE
:10A8600029468DF898024FF494728DF8D00104F1C6
:10A87000200032F057FA2F9D94F83E0159460238D5
:10A8800018BF04F12000F7F7E7FD20B1844690F8E7
:10A89000C800022803D115208DF8280332E009F5FD
:10A8A00044707E9028987790299876902A98ADF8F1
:10A8B000100204F52870809004F52070CDF808B2DD
:10A8C000CDF804827F90D4E900027490759274A848
:10A8D000DDF8B4E010302F952A949EE87E007EC00B
:10A8E0002A992F9D01F10800839001F5A4702B99FE
:10A8F000009174A9CDE90110CAA8359A61462C9B34
:10A90000FAF762FAC4981DF0F2FC1DF0A2FDCE49E0
:10A9100009F118000FF01EF806460C461CF02CFA40
:10A9200018B106F5387018F00DF99DF82853FF2D71
:10A9300042D020680DF54A7941465A4601302060E0
:10A940005EAE4B463046F7F735FE9DF878010DF5C3
:10A95000E878FF280CD0AC4696E83E0040463EC062
:10A960006546BA4817F068FC1DF0DCFC17F0CCFD1A
:10A9700009F10104C5AE13223046214633F027F811
:10A980004198314613228DF8D05133F020F8B04869
:10A9900017F052FC1DF0C6FC17F0B6FD47981322C5
:10A9A0001DF082FD2046314633F011F88DF8285312
:10A9B000DDF808B1FDF7D1BCDDF808B196F83E012D
:10A9C000022811D017F068FF4FF47022002318F00E
:10A9D00077F9C6E948010320ADF8D0015EA809F572
:10A9E000447174AA1AF0F4FB1DF092FC47981DF014
:10A9F0005BFD86E505202F9D4EE72D9CF922A11CCD
:10AA00002046B4F8009032F0C9FE2C9BA8F1020059
:10AA1000A4F8F99099B288423CD1CDE96040002475
:10AA20005F992F985F9041985E900020FAF762FF3F
:10AA300074A805F118015EAA0DF0CCFD749800B35E
:10AA4000DDE97501FAF756FF35992F9DDDE9413BA8
:10AA50001DF0EDFB1620002C8DF828037FF467A96C
:10AA6000FFF768B93599FEF729BC7498C446DDF83C
:10AA70004080230A419D008846EA00462046FFF7B1
:10AA800045BA3599DDF808B11DF0D1FB002C7EF4F4
:10AA900019AC36E52F995A464D9141994E944C91F7
:10AAA000CDE9006074AE2B9930460DF087F99DF822
:10AAB000D041FF2C1DD0CAA8711C01301DF05CFBD9
:10AAC00035991DF0B4FB8DF8284370E6429815F0D7
:10AAD00097FD359983B2CD912D99CDE9CB5141990F
:10AAE000CA91D9E90212009474A80EF03DFCFEF759
:10AAF0008DB83599FEF788B83C4800E03D4817F01E
:10AB0000A7FB17F04FFC3D4817F096FB002009E02B
:10AB10000024464803E0344600E01C46384817F05D
:10AB20008BFB20461BF00EFB17F0EEFC17F03AFCF7
:10AB30000D991DF0CEFF0C183648F0E70B991DF06B
:10AB4000C8FF0C182F48EAE709989DF8D01120F0AB
:10AB5000FF0044182C48E2E79DF8D09122E09DF8D0
:10AB6000D0610C9820F0FF0084192B48D7E79DF89E
:10AB7000D0010CE09DF8D19114E02A4819E000249E
:10AB8000DAE70024F1E74FF000090BE000201F9006
:10AB9000234817F051FB1F98C4E72048BFE7A94698
:10ABA00000E0B1469DF818038DF87C01C5985E90D1
:10ABB0001D4817F041FB4846B4E70024CAE709984E
:10ABC00000F47F44C6E7099820F0FF008419C1E72C
:10ABD0000F48A4E71F4A1DF09AF9244AFBE7224ACE
:10ABE0001DF070FA7700000061000000A80000006E
:10ABF00080330400A9000000501A0400070100007F
:10AC0000FA00000006010000FE00000076000000CF
:10AC10000401000000010000FF0000000501000029
:10AC2000FC00000001010000FD0000000201000026
:10AC30002CFD03003CFD03004CFD0300FCFC030065
:10AC40000CFD03001CFD03008CFD0300CD00000083
:10AC5000C8000000F80F040068110400270000007D
:10AC6000DC0E0400AC0E0400CC0E0400BC0E04008C
:10AC7000EC0F0400840504002900000091F829204D
:10AC80000AB10120704780B56F4601F1100200F54E
:10AC90001071104614F038F880F0010080BDD4D453
:10ACA000F0B503AF2DE9000FADF54F7D064696A830
:10ACB00000F10109BEA800F1060B91F835000D4620
:10ACC0009046DFE810F00600D9071A08170049007F
:10ACD00077000020D5E90B2385F8340085F888003B
:10ACE000D5E90201C5E90001C5E91013C5E90E2047
:10ACF000C5E9042317AC05F13801204608F00AFE27
:10AD00001A98023004D1FD203070032000F065BF96
:10AD10000120B64685F8340005F11800AC4694E8E9
:10AD20006E006EC06546DCF82410DCF818A0481CE4
:10AD300008BFBAF1020F05D02B6AAC6AE88BB5F8F0
:10AD40001C804DE00020764685F86400D5E90001BE
:10AD50002A692964C5E90E2005F138045AA842463B
:10AD6000214608F0EDFADDF868A11AF1020004D1DD
:10AD7000FD203070042000F030BFDDE95B801490CE
:10AD80002046FBF733FA1AF1010008D0002015968F
:10AD900085F834004FEA1840169500F0C8BE002030
:10ADA000D5E9042385F88800D5E90001C5E9101329
:10ADB000C5E90E2005F138015AA808F0ABFD5D99F0
:10ADC000881C04D1FD203070052000F006BFBDF8BE
:10ADD0006E01B646BDF86C81DDF868A15C9B5E9C97
:10ADE0000022CDE915E5022985F8342004D04A1C5B
:10ADF00005D1149300F09BBEFF2500F099BEC80753
:10AE00000FD16A684245C0F0A18529685AA8424618
:10AE100019F09AFD5A9818B1DDE95B8000F083BE05
:10AE20005C9CD5E900122046DFF8D83ECDF8509062
:10AE30001BF019F80A46A8EB0401914200F2738551
:10AE4000589008445990BEA858AC21460BF0C2FB5C
:10AE50001DF081FD03D19DF8F94200F004BEBF98BA
:10AE60000D2880F05C8690A90DF5127A01F1030996
:10AE700096A9CD1D0AF10508DFE810F00D00F800D5
:10AE80009800D400530012012601E8007A016B00FB
:10AE90004D0132005F000220CDE99F409FA8FCF7E2
:10AEA0008FFB0C46C00740F0DE85E0B2022800F0C0
:10AEB000D984BEA89FA9FCF797FBBE98149E0228D0
:10AEC00000F0EA80002800F0CD84BF9804F001046F
:10AED0000990554620F0FF0007900494002034E2CA
:10AEE0000420CDE9AD40ADA8FCF7CBFA1DF08CFAFB
:10AEF000144600F0AB85C0070E920FD0ADA8FCF74A
:10AF00005FFB0C46C00740F0A185E0B202281CBFE1
:10AF1000DDF8B892B9F1000F40F052830E2400F032
:10AF200095BDBEA858A90BF055FB1DF014FD40F0CF
:10AF3000458155469DF8F94251E3DDE958018842C3
:10AF400000F07181007855461290002009900C2085
:10AF500076E00220CDE99D40BEA89DA9FCF73DFA10
:10AF6000DDE9BE019DF8006380F00202114300F0AC
:10AF7000D084C0071CBF9E98002800F01E829D99B7
:10AF80000DF52D7804964046BDF80693DDF8024392
:10AF90008B469DF801630BF01DFB9DF8B402012860
:10AFA00040F049829DF8B56200F0B3BC0620CDE9BF
:10AFB0009F409FA8FCF734FB1DF01DFA18BF00F05E
:10AFC0007F4111444FEA114400F04D85C00700F065
:10AFD0004984BEA89FA9D146A246FCF7FEF9DDE947
:10AFE000BE019DF8004380F00202114300F03B8552
:10AFF000C00700F03784BDF806031390DDF802B3F4
:10B000009DF801539FA8FCF70BFB1DF0F4F918BF46
:10B0100000F07F4111444FEA114640F07C823446F3
:10B0200000F021BD58A8FBF73EFD0C46C00740F0DC
:10B030001A8504F001001290002055460990032063
:10B040000890149E0020079000F02FBD0220BC94B1
:10B05000BD90BEAD214628460BF0BCFA1DF07BFC2E
:10B0600040F0B58055469DF8F912D9E10220CDE9AE
:10B070009F409FA8FCF705FA1DF01EFB00F0F3842B
:10B08000C00700F0EF83BEA89FA9FCF7ADFABE98F9
:10B09000149E022840F04E819DF8FC4200F0E3BC73
:10B0A000BEA858A95546FBF739FE9DF8F8029DF851
:10B0B000F912FF2800F0BB80DDF8FBA205220F91FA
:10B0C0009DF8FA120391B6E00220CDE9BE409FA898
:10B0D000BEA9FCF7EAF99DF87C6255469DF87D42D1
:10B0E000FE2E13D0FF2E00F07E859DF87E02DDF847
:10B0F0007FA203909FA8BEA9FCF7D7F99DF87C22F8
:10B100009DF87D02FE2A40F022810446FF229AA982
:10B110004FF0000A33E10320CDE9BE40BEA8FCF7A2
:10B12000B0F91DF076F9344600F09D84C00700F0B8
:10B130009983BEA8FCF744FA0C46C00740F09384FC
:10B14000E0B20F96022800F08D83149EBF9800286D
:10B1500000F08883BE999FA8FBF742FC9DF87D1202
:10B160009DF87C02012840F091820C4600F07BBCE7
:10B170000720CDE9BE409FA8BEA9FCF796F99DF82F
:10B180007C0255469DF87D12FE280F9000F00E823D
:10B19000FF28039100F0AF859DF882020490DDF84E
:10B1A0007E629FA8BEA9FCF780F99DF87C429DF8BD
:10B1B0007DA2FE2C40F0E8805146F7E1DDE95860C1
:10B1C000BF9C801BA0423CD25546042407E2BF9896
:10B1D0002E1D0025CDE9AD409DA800F10208ADACC3
:10B1E0009DA82146FCF761F99DF874029DF875123F
:10B1F000FE2800F0E48098F80420FF288DF87022E3
:10B20000D8F800209B9200F0DC80042D00F006812D
:10B21000307001359B98C6F802009DF8700271707D
:10B22000B0710736DCE74FF0020800F023BC084697
:10B23000FF224FF0000A8DF86802149ECDF824A07A
:10B24000F8E0002E00F0CA81B4F5807F40F0178549
:10B25000F07906F10909049006F1170170781022BF
:10B260000F90B0780390F07B1390307A1290D9F859
:10B2700000001190D9F807001090B9F80400099067
:10B28000B9F80B00089099F80D00D6F803B034789F
:10B29000079092A832F09BFBD6F8310006F13801F6
:10B2A0008E904322B6F83500ADF83C02B08D0B907D
:10B2B00096F83000019096F83700029096F8270033
:10B2C0000D9096F82E000A9096F82F00B9F81FA05E
:10B2D00096F82B800C9099F821907DA832F077FB9E
:10B2E00096F87B0006F17D010E90832296F87C5043
:10B2F0005AA832F06CFB149E04220798ADF840A2C5
:10B30000DA4670730898A6F80B000998B080119877
:10B3100030601098C6F8070012988DF858021398FC
:10B320008DF842928DF85F028DF843828DF8F351CB
:10B3300092AD58E10028049400F09482BF985546DD
:10B34000099020F0FF00079001200890ADE39DF8E0
:10B350008212FF2A8DF8B812DDF87E12AD910492A8
:10B3600000F041849DF8B81206228DF85D12AD9967
:10B37000CDF859128DF8686296A90F940446149E70
:10B380000C70CDF824A055E09DF88202FF2C8DF8BA
:10B39000F402DDF87E021396BC9000F0AC849FA806
:10B3A000BEA9FCF782F89DF87C929DF87D62B9F108
:10B3B000FE0F40F0C3803146F8E00E26A9E2554664
:10B3C0002EE0DBF8070013909BF80D001190BBF8FE
:10B3D0000B000995BBF804A0DBF800600DF51F7B9E
:10B3E0001090BEA89DF8FC12143004919DF804132F
:10B3F000129159469DF8FD4290E82C002CC1BEA840
:10B40000BCA9FCF752F89DF8F8829DF8F912B8F142
:10B41000FE0F40F0ED80149E92AD02E055460E21E5
:10B42000149E0020FF2209900DF51A794FF0000AB2
:10B4300089F8001013E3CDE90F9408F10408DDF852
:10B44000B8924FF0000ACDE91165CDF84CB0B9F1D2
:10B45000000F1CD002209B46BD901398BC90BCA846
:10B46000FCF7DEF80446000CC5B2A1B202290AD0EE
:10B47000E0074BD0BCA8FBF7F3FFC2B2C0F30F212B
:10B48000FE2A09D1CDB2FF209BAB00220DE0FF20A8
:10B49000BBAA4FF000091FE0FF2A37D08DF86C02DD
:10B4A000C0F30740A7F16A03220E1870A9F1010941
:10B4B0009DF86C02FF2809D08DF8EC0245EA0226BF
:10B4C00017F86A0CA7F16E020B4605E026F0FF00A4
:10B4D000BBAA4619FE205B4610709DF8EC02FE28C0
:10B4E00000F08481FF2800F0F480BAF1080F00F02A
:10B4F0007C8117F86E1C0AF1010A88F8041088F89C
:10B50000033088F8020028F8066BA0E7FF209BAB09
:10B5100000220E25BAE7C007009500F0A3819FA87E
:10B52000FCF77EF81CF067FF18BF00F07F41114464
:10B530004FEA114840F0BB80444694E29DF88202F5
:10B54000B9F1FF0F8DF8B802DDF87E02AD9000F082
:10B55000D283BEA8FBF704FF4FEA102B1290C0B2B3
:10B560005946022822D01298C00700F0C483BEA812
:10B57000FBF7F6FE010A1190C0B21091022815D017
:10B580001198C00700F0B783BEA8FBF77AFF1CF044
:10B590003BFF0E92114609D0C00700F0AB83BEA856
:10B5A000FCF70EF892ADC00700F0D581FF220DF533
:10B5B0001A784FF0000A88F80010CDF824A0B0E106
:10B5C000AD9E9F96BEA831460BF035F89DF8F80267
:10B5D000002800F00E819DF8F94237E25546FF221F
:10B5E0004FF0000A149E8DF86842CDF824A036E290
:10B5F000CDE90E143446149E92ADB8F1FF0F00F061
:10B600004583BDF8FD020C909DF8FC020D90BDF83D
:10B61000FA020B90BCA8FBF781FEC2B2C0F307216F
:10B62000FF2A3FF4FEAE022A00F03083E24AD446FD
:10B63000099B00F00100346003EA020ADDE91032E0
:10B64000A6F804C043EA0242A6F80B20120C139B92
:10B6500072730F9A8DF85822129A8DF85F222A463B
:10B66000C6F807309BE8680068C292AD0C9AADF846
:10B6700040220B9A149EADF856220E9A8DF8552250
:10B6800007228DF854828DF84202D1E60391554687
:10B69000DDF87E12099121F0FF01079104F001010C
:10B6A00012910A219DF8820208910490FDE1C007E1
:10B6B00000F0D8809FA8FBF7B3FF1CF09CFE18BFDA
:10B6C00000F07F4111444FEA114540F0A2802C4622
:10B6D000C9E10DF53E78CDF8B4A208F10205ADA997
:10B6E00034221CF077FD9FAE2946B41C34221CF096
:10B6F00098FD40462146342232F069F9DDF8F8928F
:10B7000006F1040E08F1040B4FF0000A4FF0000C94
:10B710000020CDF82CA3CDF87CA2CC450ED20CEBAA
:10B720004C010CF1010C3BF811000BEB41010A79C3
:10B730004988CDF82CC341EA024101E041F0FF0104
:10B74000CA43120600F09F8092AA002800F0DC8015
:10B75000DDF87CA2C1F3074673460AEB4A020EEB02
:10B7600042045200B2B1063A33F8065B8542F9D181
:10B7700013F8044CA7F16A0813F8035C13F8022CC1
:10B7800003F8026CFF2623F8041C8DF8F0428DF8B4
:10B790006C5210E0C1F30F22BAF1070F0DD82671D9
:10B7A0000AF1010AE270FF22A1700DF53C782080B9
:10B7B000FF26CDF87CA2ADAC04E08DF8B4129BACB2
:10B7C0000DF53C78267088F800209DF8B4229DF88D
:10B7D0006C62FF2A03D19DF8F032FE2B9DD10DF54E
:10B7E000127AFF2A18BF0E2690E00E260DF5127A67
:10B7F0008FE002205546A090C09804903046DDE9C5
:10B80000C18BDDF80CA313F071FBC0072CD00C46E4
:10B8100037E0C00726D09FA8FBF702FF1CF0EBFD26
:10B8200018BF00F07F4111444FEA11413FF49DAC35
:10B83000C00717D00020ADF865520990022008908B
:10B840004D46ADF861620494ADF86382ADF85FA235
:10B85000ADF84812CDF818A0149E139CDDF80090A6
:10B86000FFF7F0BB0E24FEE01391BEA83146FBF7B4
:10B87000B7F89DF8F8029DF8F91201280D9157D1FB
:10B880000D9CAA46E2E0BEA8FAF750F8DDF87D026A
:10B890000DF51F7C98900CF10800A099CDF863126B
:10B8A00092AE90E83C0031463CC10B220CF12901DC
:10B8B000DDF8950235469090DDF89E028E90BDF839
:10B8C000A202ADF83C02BDF899020B909DF89402DB
:10B8D0000D909DF89B020A909DF89C020C909DF89B
:10B8E0009D0201909DF8A40202907DA832F06FF8AD
:10B8F000149809220F995646818010990160129977
:10B9000011988DF8580207E00E269246BEA8FAF765
:10B910000DF85546FF229AA94FF0000A00200E703C
:10B920000990149E9BE0DFF8E433002015F038FE08
:10B930009DF8FE021190DDF8FA0210903046129642
:10B9400013F0D4FAC00739D00C467DE0EC4B002050
:10B95000414615F025FEC8B2022800F0CB819DF8C3
:10B96000F43201F001011298119A8DF85E32000C48
:10B97000BC9B120CCDF85A32AD9BCDF861329DF8CC
:10B98000B8328DF868121099ADF84B2208228DF864
:10B990004A128DF865328DF866B28DF860628DF8C6
:10B9A0005F928DF859A28DF85842ADF848020E9971
:10B9B00092ADDDF84CA0FEE500FFFF7FC8B200B3FA
:10B9C00001282CD1BEA812990AF035FE1CF0C3FF45
:10B9D00038D0DDE9C050DDE9C22140EA01032E463E
:10B9E00015432B4324D0130A0D0A43EA016309933C
:10B9F000030A43EA02620A92320A42EA00600B90AA
:10BA000005E0002000260B900025CDE909009FA845
:10BA1000FBF7D6FDC0070F9103D00F9C14E009245B
:10BA200012E00F98C0B202281CBFA098002801D1D4
:10BA30000E2409E09F99BEA80AF0CCFD1CF08BFFF4
:10BA400040F0D4809DF8F9420DF5127A9AA8554637
:10BA5000FF22149E047000204FF0000A09909DF808
:10BA60006842FF2A07D1A01EC0B20B2858D2A649AF
:10BA700031F8108058E09DF843129DF84202119170
:10BA8000BDF84012129441EA004005902AF0FF00F0
:10BA900007909DF8F30110909DF85F020892B4881A
:10BAA000D6F800B09DF858920690D6F8070096F8A0
:10BAB0000DA0B6F80B802E46139054A896E82E00E1
:10BAC0002EC04322BDF83C02ADF84C018E98529036
:10BAD00041A87DA931F0D6FE1EA85AA98A2231F0CC
:10BAE000D1FE049848EA0A418DF870000998079A37
:10BAF000C0B28DF87190CDF872B042EA000A4FEAF8
:10BB00001B40DDF8708040EA0440089D039CDDE99D
:10BB100001EBDDE905C314904FEA184008E00E245C
:10BB20004FF00308E0B2149000204FF0060AFE2503
:10BB3000DDF85490C8EA0040139A09F11106C9E9EA
:10BB400001A032600F9A149889F80220129AC9F85D
:10BB50000C00080CB07109F1180089F8103089F850
:10BB6000034089F8012089F80050B18054A991E878
:10BB70003C003CC043224FEA1C40B0760D9889F847
:10BB800028000C9889F830000A9889F82F000B9843
:10BB9000A9F82D00119889F82C005298C9F83200A4
:10BBA000BDF84C01A9F8360009F13900A6F818C013
:10BBB00089F831E089F838B041A931F008FF1098D0
:10BBC0008A2289F87D000E9889F87C0009F17E00B0
:10BBD0001EA931F0FCFE169D012085F835000DF5FB
:10BBE0004F7D1CF0B8BA0E24FFF790BABF980C90A6
:10BBF0000328BFF41DAFB9F1010F3FF419AFBEA880
:10BC0000129981460AF0E6FC1CF0A5FE3FF41AAF3B
:10BC10001398119941EA002013900498000A40EA11
:10BC2000086011904FEA182040EA0B684FEA1B2089
:10BC300040EA0A6B0F984FEA1A2A00F001000190BF
:10BC4000BF98A09012989F90002002909FA8FBF7A9
:10BC500018FCC0F30721C2B2022A3FF475AEC00738
:10BC600017D0029840283FF4E3AE029A09EB020095
:10BC7000013202920171E9E7204816F0ECF9FF2247
:10BC80000E244FF0000A149EFFF752BB0E21FFF75F
:10BC9000C8BB029809F10101BE907DA8432231F092
:10BCA00096FE119804F0010496900B220998CDF8A5
:10BCB00051020A98CDF84D020B98CDF84902109820
:10BCC00090904FEA1A408DF86602280C8DF85702C2
:10BCD00013988DF84862ADF8440280B2149E0B9020
:10BCE0000DF2F310CDE9978BADF864A2ADF8555283
:10BCF00092ADAFE692AD0E2158E4FEDE8401040061
:10BD000094010400A4010400BA4B0400B40104002F
:10BD1000F0B503AF2DE9FE0F054691F835000C464E
:10BD20009146DFE800F00386891A4065D4E90212E3
:10BD30000020DFF80CC1D4E90A3684F8340084F816
:10BD40008800206BC4E90012C4E90E31C4E9102652
:10BD5000C4E9120CC4E90436A06104F1380801AE4C
:10BD60004A463046414600F06DF80198023003D152
:10BD70001CF08EFB032057E0012084F8340004F10E
:10BD80001C0096E80E000EC04046FAF7AFF8E669D0
:10BD9000022E41D10020226984F86400D4E9000118
:10BDA0002164C4E90E2004F1380804A84A4641463B
:10BDB00007F0C6FA049EB01C03D11CF069FB0420F6
:10BDC00032E04046DDE905ABFAF710FA701C25D1E8
:10BDD000002004F1100384F88800D4E900600ECB41
:10BDE000C4E90E1604F14001DFF854C081E80D10DB
:10BDF00004F1380804A84A46414600F023F8049E9E
:10BE0000B01C03D11CF044FB05200DE04046DDE9E9
:10BE100005ABFAF76BF801E0D4E908AB002085E840
:10BE2000400C84F83400012084F8350007B01CF081
:10BE300092B9024816F00FF9FEDE00BFD4010400EB
:10BE4000C4010400F0B503AF2DE9000F89B00290E2
:10BE50000C4691F850000492DFE810F00E005D00EF
:10BE600069008300AD0029001B003A00A202BA025B
:10BE7000DF02FA02E500FD0094E86F0004F1180CFF
:10BE8000ACE86F00017B012904BF00210173002091
:10BE90004EE094F84C0104F1540A04F5A67830B34E
:10BEA000032800F05683DFF83C0716F0D4F8264646
:10BEB00016F8DC0F30B3032831D1A2461AF8D80F98
:10BEC00030B3032800F09F81DFF81C0716F0C3F899
:10BED000A14619F8640FA9F110010391DFE810F0F1
:10BEE000050023002700EF012802A06DDFE1A06D0F
:10BEF000D4E91756D4F86C900090606E0190A06E53
:10BF000003900EE304F1540A226E9AE809042DE12D
:10BF1000D4E91D1036E1DFF8D80616F09CF8DFF8FA
:10BF2000CC0616F098F8DFF8B80616F094F8FEDEA6
:10BF3000A1694FF0000B2063D1E901239A1A38BFA1
:10BF40005A46130B0125012B88BF150BA84200F0A0
:10BF50002D814FF48070C4F8D810A4F8DD00C4F827
:10BF600064B004F1540105A804F000F9059DA81C73
:10BF700000F02081DDE90608691C40F027814FF0C0
:10BF8000FF310128C4E90D10C4F83C8042D1A069FA
:10BF90000023C4F84080D0E901126065501A84F88B
:10BFA000643038BF1846010B0122012988BF020BFB
:10BFB0001CF008FEA06504F1540105A804F0A4F9E2
:10BFC000059DA81C00F0FA809DF818B0681C40F090
:10BFD0005382BBF1020F40F00281D4E90650236C7A
:10BFE000D4E908216D6805EB033303F6FC7A1E1DC6
:10BFF0000B780396DFE803F0075B4F5246617258F7
:10C00000844C804349004FF0000B002A64D080F834
:10C0100000B046E04FF40070A4F8DD000020606638
:10C02000A069C4F8D80004F1540105A804F09EF8F2
:10C03000059DA81C00F0B680DDE90608691C40F0EB
:10C04000C9804FF0000B012840F0CB80A06984F834
:10C0500064B0C4E9150804F1540605A8049A3146F1
:10C0600004F0E2F8059DA81C00F0AC803046DDF835
:10C070001C801BF056FF681C00F0FB81B7E04AB340
:10C080000B210DE032B304210AE01AB30C233AE08D
:10C0900002B3092337E0EAB1022101E0D2B1032162
:10C0A00001704FF0010935E0A2B107232BE08AB1FE
:10C0B0004FF0010980F800902CE05AB10523012AC5
:10C0C000037007D04B78022A43701EBF8B788370B1
:10C0D000032A62D14FF0000B06250AE0062532B193
:10C0E0000570012A1EBF4B784370022A50D14FF0D1
:10C0F000000B4FF0000A64E2002AEBD00A2302E0B2
:10C10000002AE7D00823012A0370E3D049784FF0D2
:10C1100002094170D4E907124846DFF8D834D4E95F
:10C120000A5619F077FE0246F66805A80B4629461E
:10C13000B047DDE905B81BF1010054D108EB090255
:10C140004FF0000B6264BBEB124F1ED1B2F57F6F54
:10C150001BD80020264606F8DC0F039B56F8C40CBB
:10C1600046F8880C46E9213A46F87C2C214641F8ED
:10C170006C3F41E902A20022C1E901A18A46C860E0
:10C180000AF86C2FC4E91F1034E0A069072516E2F5
:10C1900089784FF003098170BCE7C9784FF0040932
:10C1A000C170B7E71BF0F8FE0C2012E281F80CB06A
:10C1B000012506E21BF0F0FE03200AE21BF0ECFE74
:10C1C000042006E21BF0E8FE0D2002E2C4E90D5057
:10C1D000C4F83C804FEA102A5FFA80FBF1E14FF08F
:10C1E000000B0225EDE14FF0000A0625E9E149EADE
:10C1F0000A4AE6E1D1E90012002384F8D530C4F8F8
:10C20000D000C4E9291204F1840105A8FBF72CFA37
:10C210000598022800F03B81069D0128DDF820806A
:10C2200005D1022D18D1E06F0168043110E0E06FF4
:10C23000012DD0F8009019D14FF6FC7101EA0801E8
:10C2400004315FEA887208BF1FFA88F14944083157
:10C250000160D4E91F10CDE70798012131708AF8F9
:10C260000010691C40F03C81C14610E0606E012165
:10C2700084F8D810A0EB09020020082A06D322F087
:10C280000302A36E083A9A4228BF01203170A169C7
:10C29000012800F02981A14649F8541F0021CDF85A
:10C2A0000C9059F8140CC9F8040009F8101F00216B
:10C2B00084F87810616DC4E91A10C4E9171005A854
:10C2C000049A04F1680103F0AFFF059DA81C00F07B
:10C2D000EE8004F16800C846079E1BF022FE49EA82
:10C2E0000A4A681C02D0C146B0463EE004F168002C
:10C2F00000264FF0FF35C146BBF1010F80F800B0BA
:10C3000031D1E06D04F1C8050121017328462021D7
:10C3100031F0C1F9D4E917010423426884F8C460FC
:10C3200002EB0131C4E91B0501F6FC71C4E91D31C2
:10C3300004F16C0B0499584608F0EEFE06460230F4
:10C3400000F0A38058468846F9F7E5FF4FF0000B50
:10C350004FF0FF35701C05D04FEA162A5FFA86FBB6
:10C36000002502E001E04FF0000B0398012689F858
:10C370000060F9F731FE681C40F02381A0690025B8
:10C38000216C1CF00CFC38BF2846020B012A88BF28
:10C39000060B481CB0FBF6F101FB1600A065A0647B
:10C3A00004F1540105A803F0AFFF059DA81C00F09F
:10C3B00086809DF818B0681C5ED10020BBF1020F8A
:10C3C00040F08A80A16C84F86400A069C4E915017A
:10C3D00004F1540605A8049A314603F025FF059D93
:10C3E000A81C5CD03046DDF81C801BF09AFD681C50
:10C3F0007FF4FDAEA0690025A16C1CF0D0FB38BF16
:10C400002846020B0123012A88BF030B481CB0FBFE
:10C41000F3F101FB1300A065E06404F1540105A8E9
:10C4200003F072FF059DA81C4DD09DF818B0681C44
:10C4300022D1BBF1020F1CD004F11802002084F8B5
:10C44000B40004F1540607CAD4E9123527C663665E
:10C4500004F1540905A8049A494607F0D9F8059D46
:10C46000A81C20D04846DDE90668F9F7E0FE681C04
:10C470002DD1206B01305BE59DF81B00BDF8191034
:10C48000DDF81C8041EA004A9BE0042010E0032014
:10C4900030708AF800001BF07FFD052099E01BF04A
:10C4A0007BFD092095E01BF077FD0B2091E0032038
:10C4B000029989F800001BF07FFF072089E01BF03C
:10C4C0006BFD082085E01BF067FD0A2081E04FEA44
:10C4D000162A5FFA86FB74E002254FF0000B70E02D
:10C4E000A91C7FF477AED6E701200873226A666C38
:10C4F000964272D8A069A246D0E901214AF8540FA9
:10C500000C300AF1040300905AF8385CD04661C33D
:10C5100000200192CAF810200391CAE9051908F811
:10C52000F80F28463146D4F854B018F013FD2146D0
:10C5300041F8700F002001F10C0281F84C000098C6
:10C540008E8063C20198C8610398C1F808B0C1E940
:10C55000080904F1780605A8049A3146FBF79AF910
:10C56000059DA81C07D10299032088F800001BF044
:10C5700023FF06202DE0BDF81E0004903046BDF8D4
:10C580001CB0DDF81890F9F743FC6E1C03D1B4F829
:10C5900074B0D4F87090012088F800005046F9F784
:10C5A0002BFC3EB104984FEA192A4BEA00485FFA87
:10C5B00089FB06E0A0694FF0000B4FF0FF3580F8D3
:10C5C0000CB002994BEA0A20C1E900500120C1F8E1
:10C5D000088084F850001BF06DBD074B1BF042FF34
:10C5E00010040400C4FF03001401040064070400E5
:10C5F000E4010400F401040004020400F0B503AFF8
:10C600004DF8048D84B00446007A0D46DFE800F052
:10C61000031C222F1200012060722068E06004F1E8
:10C62000100018F019F8207C012809D1464815F0AF
:10C630000FFE10E0207F28B1032808D166692CE0A6
:10C64000606921E0206925E03E4815F004FD3C4882
:10C6500015F001FDFEDE684621221CF067F8DDE9D9
:10C6600000129DF80800C4E9061284F8200004F1C5
:10C670001800294616F0AAFB48BB684617F0ECFFE5
:10C680001BF00EFFE7D001986060002020776072F9
:10C69000201D2061E668C4E9056002202075F0B223
:10C6A000022845D0A069294900680968C90542D116
:10C6B00028490DF04FF98846D0F8AC1001B3027C40
:10C6C00042B1D5E90012883009F016F819E00120CE
:10C6D000032528E0D0E9022300EBC305C5E9056185
:10C6E000591CB1F1080318BF0B46C3609A4204BF3E
:10C6F000012101741BF074FFE0E8151209F038F80D
:10C7000002261BF06DFCF0B2022807D160680125FB
:10C710002577F9F707FB0020607204E00320042569
:10C72000207701206661257204B05DF8048BF0BDAE
:10C73000094815F0CBFB064815F08AFD15F032FECE
:10C74000940A0400440204005C00000004ED00E0D0
:10C75000AE000000F409040078170400F0B503AF40
:10C760002DE9000FA7B00C908B4691F8340092464B
:10C77000CDF834B0DFE810F00500B107E307700032
:10C780004F00DBE9071009910BF12801CBF82400D9
:10C790000BF1100090E81C001CC10BF13504DBE923
:10C7A0000001CBE9020120461F2131F003F84FF4CC
:10C7B00000610020ABF8591140F267629BF8281025
:10C7C0000BF59875CBE94C008BF8500101298BF8DB
:10C7D00052018BF856018BF8540108BF41F69A12AA
:10C7E000CBE95020CBE952204FF0010008BF0220D6
:10C7F0008BF858018BF85701DFF8F8930220DFE837
:10C8000001F0023F6279DBF82C600122BBF82A00BC
:10C810009BF829101AE2594611F89C0FA1F1440C1B
:10C8200002910A1D0192002800F02A85032840F099
:10C830005B875B4613F8810F002800F0B281032864
:10C8400040F05887DBE91950CDE909C3DBE91B86C5
:10C8500090F8009000F03BBDDE460BF590741EF89A
:10C86000B40FAEF15C09DFE810F008004B076A076F
:10C87000C701B101A301DC01E306DBE91B35F9E1E6
:10C88000DBE90B01A7F12A03D94A0DF158090E92F1
:10C890000222209341F60C13CDE91D0109202192BB
:10C8A000ADF87C308DF870001B920EA81A904FF4F2
:10C8B000C060ADF8580040F2C13027F82A0C0420BF
:10C8C0008DF8642016E09BF829100DF158091B9093
:10C8D0000EAA1A9245F25322ADF866200B228DF86B
:10C8E00064204FF480628DF839100021ADF8582093
:10C8F0008DF838101F2100EB4000CDE924410021C4
:10C90000059509EB8005CDF820A00DF1900B26913F
:10C9100010AE701C06900A9407954FF002084FF075
:10C92000000AA94500F08B81494611F80C0B0B91C8
:10C93000DFE810F00D0083003F005A001F00A40044
:10C94000BF007400F9003D00DE0010003A004FF413
:10C95000817065E0D9F80840FF201BF013FCC0B2DD
:10C96000022840F00F81B9F80210584618F00AFC6E
:10C97000C8E005201BF0B0FA8400601C1BF0A7FA89
:10C98000C0B2022840F0FE80D9F804504FF00108F0
:10C99000002C00F0A9801BF095FCC0B2022840F0EA
:10C9A000F180043C0435F3E799F80100A1E0092087
:10C9B0009FE003201BF090FA4400601C1BF087FAF4
:10C9C000C0B2022840F0DE80D9F804504FF00009D0
:10C9D000002C00F089801BF03EFCC0B2022840F021
:10C9E000D180023C0235F3E704201BF075FA840085
:10C9F000601C1BF06CFAC0B2022840F0C380D9F86A
:10CA000004504FF00108002C6ED01BF05BFCC0B24C
:10CA1000022840F0B780043C0435F4E740F60220D9
:10CA2000ADF84000314699F8010003228DF842002C
:10CA3000584619F07DFDC0B26FE0D9F808003146C4
:10CA400002224400601C8DF8400002208DF8410055
:10CA5000584619F06DFDC0B2022840F09380D9F815
:10CA600004504FF00009002C3ED01BF0F4FBC0B284
:10CA7000022840F08780023C0235F4E706201BF0D4
:10CA80002BFA0501681C1BF022FAC0B2022879D1EA
:10CA9000D9F80440DDF8189035B3484621461BF01C
:10CAA000C3FB1BF0BBFEC0B202286BD1103D10349B
:10CAB000F2E707201BF010FA0501681C1BF007FACB
:10CAC000C0B202285ED1D9F80440DDF818905DB1FB
:10CAD000484621461BF0A8FB1BF0A0FEC0B202286E
:10CAE00050D1103D1034F2E70A9C0220079D14E05B
:10CAF0000820D9F8084031468DF841000222601C18
:10CB00001BF0E5F9C0B202283CD1D9F80410584610
:10CB1000224619F00DFDC0B20A9CDDF82C900228C7
:10CB20003FF4FBAE2EE0D9F8084016201BF02AFB9C
:10CB3000C0B2022826D18DF840A0B9F80100DDE985
:10CB4000258AADF8410030460494A8EB0A0418F099
:10CB5000C9FA8C421BD301EB0A04249ADFF8080CB3
:10CB6000434600905046214618F0ACFA1BF042FEB6
:10CB700030461A4618F0C0FA26945846D9F80410E0
:10CB8000049AC6E7C00702D04FF00D0801E04FF04D
:10CB900004080C981F264FF0010B0021012400F01F
:10CBA000B4BCDBE91D86DBF87C509BF8829086E301
:10CBB0009BF82001CDF828E0DFE810F005009F0584
:10CBC000C105A2028500DBF8D85092E25C46CDE9AF
:10CBD0000AE914F8CF0FA4F11709DFE810F00500F7
:10CBE0008E05B00523027C00DBF8BC5009E200BFD3
:10CBF0000F18121894340400CDF82C90D94619F867
:10CC0000C90FA9F11108CDF828E0DFE810F0050000
:10CC10007E0598057A006C009BF8CA00DBE930219C
:10CC20008FE09BF82001CDF828E0DFE810F0050048
:10CC300066058805D3026D00DBF8D850C3E20022F8
:10CC4000DDF834B0059D2646DDF820A0D946012345
:10CC500009F8582F00221F24CE46C9E90332099B48
:10CC6000C9E90164C9E90535A9F8020089F801108C
:10CC70000EF85C2FCBE91D3549460BF17C0C98462C
:10CC800091E879000421624679C243469BF87C20F2
:10CC9000CBF89080CDF82C9022B1052A02D0062A3C
:10CCA0003DD108210CEB0100CDF820A041680329FB
:10CCB00006D300680178022904BF417801292BD0EE
:10CCC0004FF00508AEE29BF82C01C00740F020852C
:10CCD000DBE9490419E29BF8E800C00740F01B8536
:10CCE000DBE93804AEE15D46CDF820A015F8D90F98
:10CCF000002800F09580032840F01E85DBE9330A08
:10CD000042E0DBF8CC0025E09BF82C01C00740F0A6
:10CD10000585DBE9490464E280784007D0D5CBF88B
:10CD200094300020D946596829F8C90F1A4601F5F0
:10CD3000B761CDF828E049F8093CA9F1110849F894
:10CD4000051C8BF8C800CBF8B810506800F5C0601F
:10CD5000CBF8CC00DAF800100DF062FE002859D0B4
:10CD600000215D4605F8D91FCDF820A045F81D0C1F
:10CD700015F8111C55F8210C697045F8050CDA46B8
:10CD80000AF8D81F4AE9030A0CF016FE064608986E
:10CD90000C461BF088FD304615F0E1FE307C022881
:10CDA00032D1002030749AF8000070741BF0B0FA91
:10CDB000DBF8BC0001248BF8D940F8F729FF404686
:10CDC0008BF8C940F9F759F8DBF89000406800F596
:10CDD000CA6019F01FFF9BF87C50DBE92010DBE9EB
:10CDE00022249BF87D30DFE815F00B004F00360061
:10CDF0003A002000670072004500A2012C0081006B
:10CE0000CBE9281013202DE01BF082FA03202870B4
:10CE1000042000E0032089F80000032000F016BC85
:10CE20009BF8DA10DBF8D400A9E700220123CBE954
:10CE300028101020CBE92A32ABF8B0008BF89820EC
:10CE40006CE000220124CBE928105801CBE92A42EA
:10CE50008BF898205CE000220124192017E0CBE930
:10CE600028101220CBE92A240021ABF8B0008BF85F
:10CE7000981053E0CBE92A10022000220123CBE9CD
:10CE80002832ABF8B0001FE0002201241520CBF8B7
:10CE90009C10BBF87E10ABF8B0008BF899308BF883
:10CEA0009840CBF8A040CBF8A420CBF8A840CBF812
:10CEB000AC20ABF89A1031E000220123CBE9281016
:10CEC000CBE92A32ABF8B0308BF8982042E101254B
:10CED0000024ABF8B0508BF899308BF89850CBE920
:10CEE0002710CBE92925CBF8AC402FE1C0B28BF855
:10CEF000993040010BF19C0304300126002556C3F4
:10CF0000BBF87E108BF89860CBF8AC50ABF89A1059
:10CF1000C1B2ABF8B010C10640F11C81DBE92612AA
:10CF20004FF000085C46CDE91012ADF8948011F086
:10CF3000010BCDF8908010AB24A94FF0020618BF6A
:10CF4000591C0B6889880E93ADF83C1018BF4FEA46
:10CF5000126B01074FF0010158BF042110F0020FBE
:10CF600018BF414608BF0326C00718BF0E46A06F72
:10CF7000D4F89050D0E9040118F05CF88146A06F15
:10CF8000D0E9060118F056F88246A06F90F82410F8
:10CF900011B190F825000FE0D4F8904060680BF0D4
:10CFA0002DFA616810B10878023005E00868CA7986
:10CFB00010F0010018BF10460D9A916F144691F8B9
:10CFC00022C091F8233091F82910BCF1000F04F829
:10CFD000CF8FA0710E98A060BDF83C0084F807B018
:10CFE0009346A4F80190A4F117096671A4F803A070
:10CFF00044F8135CA081E17308BF0723A373DDF835
:10D0000020A00BF1D000CBF8B8500BF1C0014CC8F8
:10D010004CC1028880780A808870686800F2646079
:10D02000CBF8E0000BF1E00051460DF0E9FCE0B177
:10D03000DBF8B8000BF1C004002100688BF8E810A1
:10D04000CBE938041BF01DFE1BF06CFD04D120461B
:10D0500022F0CEFC834660B10D990120CDF820A0CE
:10D0600081F8CF0081F8E800D1E00320207004208F
:10D07000ECE2DDF834B00120DBF8A4508BF8CF00EF
:10D08000002D8BF8E80069D048461F211F2430F09E
:10D0900002FBDFF8D8261F2D38BF2C464846214614
:10D0A00011F091FFDBF8A420944200F20283DBF838
:10D0B000A020DFF8BC360093234616F0A1FC0DF14A
:10D0C000580849461F22DBF89050404630F06CFB70
:10D0D0000BF1DD0041461F228BF8DC40CBF8D85025
:10D0E00030F075FC00200BF590748BF82001DDF812
:10D0F0002C901BF0A0F8686800F26460CBF8240163
:10D100001BF03BFC78B11BF03CF91BF0BAFD1BF0A7
:10D1100009FD72D1204622F0EAFC834600286CD13A
:10D120001BF0A5FB1CE00320207005208EE20125EA
:10D13000002406268BF89930ABF8B0608BF8985035
:10D14000CBE92715CBE92940CBF8AC20BBF87E0012
:10D15000ABF89A0059464FF00E085CE0DDF82C90D1
:10D16000DBF8AC50002D00F002820BF1B8041F2157
:10D170001F26204630F0D4FBDFF8FC251F2D38BFDA
:10D180002E462046314611F01EFFDBF8AC209642B9
:10D1900000F28C82DBF8A820DFF8E03500933346FC
:10D1A00016F02EFC0BF1DD00DBF8905021461F221B
:10D1B0008BF8DC60CBF8D85030F009FC00200BF580
:10D1C00090748BF820011BF036F8686800F26460F8
:10D1D000CBF824011BF0D1FB002800F0C2811BF02A
:10D1E000D0F81BF04EFD1BF09DFC06D1204622F02E
:10D1F00059FC8346002800F0B8810D990120CDF834
:10D200002C90CDF820A081F8200181F82C014FF05E
:10D2100000084FF00009D1F894004068F8F7B3FC1B
:10D22000DDF828E001208EF800000B98F8F714FFD5
:10D23000B8F1FE0F40F0B780DDF834B0DBE902232F
:10D2400016A815F029FD254600235C469DF86000D0
:10D2500004F89C3FDDE91612A4F1440C04F803AC79
:10D26000DDF820A02073079804F8040C204640F84D
:10D27000041FA26024F8025C44E90396CDE901048E
:10D280000BF19000614600264FF0010890E81C0069
:10D290004FF480704FF001091CC15B4623F8810FE9
:10D2A00053F8250CDE7200F5CA6100F10805C3F8D9
:10D2B000031043F80D8C43F8096C43F8055C0BF838
:10D2C000809FCDE909C34BE9075B4BE90586DFF891
:10D2D000C01405F5767017F0D5FF0C46DAF800108B
:10D2E000039100EBC9001AF05BFF2068DFF8A4345B
:10D2F00001302060D5E90012089516A80CF04BFB10
:10D300004FF45E70DDE916B101FB00B2C6EBC60357
:10D31000A8F1070A002549460B96CDE90629CDE973
:10D3200004A393454AD0D9462E4699F85C030135AB
:10D330000BF55E7B032804BF99F86E038842F0D199
:10D340000B98002800F0F28009F510749846B8F1A7
:10D35000000F0AD00AF1070A2046514619F064FD71
:10D36000A8F107080028F2D004E0DDE90621DDE994
:10D3700004A3D6E7042089F85C03DFF81C0414F04A
:10D380005BFF4846F7F7C6FE15F0BEF8DDF834B08F
:10D3900099F85E03002840F0918148460AF0A2FC0B
:10D3A000DDF820900EE007995FFA8AF02A46C9B2AC
:10D3B00041EA0020099940EA0444A5E04FF0000941
:10D3C000DDF834B018984FF001081AF090FF0120F2
:10D3D000B9F1000F08BF03200A99087045D19BF8E6
:10D3E0008C0038B1DDF80C90032840F08081DBF828
:10D3F000885005E0DBF88450DDF80C90CBF88850BD
:10D40000A868002840F04C814FF0FF30A86005F17B
:10D410000C00D9E9001215F0A2FBA9686FF00042D8
:10D4200028680131A9600168914280F03C816A68F6
:10D430004C1C034610C303EB42060022B34207D044
:10D4400013F8024B012CF9D0022C02F10102F5E78E
:10D450000160032069688A424FF0030108BF01217F
:10D460008BF88C103CD14FF00009099C8BF861803F
:10D470002046F8F7A9FA20468BF89C80F8F78CFB39
:10D48000B9F1000F3BD0D9E900013246DBF8244066
:10D490000CF00FF9D9E900232146009616A809F0EF
:10D4A000D7F99DF85810FF2904D1C449F6B24FF0BE
:10D4B000FE0829E01A980990484689463146DDE978
:10D4C0001854DDF85CA0BDF85AB09DF85980F8F703
:10D4D00045FA5A46C346C846D1462E46099913E036
:10D4E000029908704946019815F070FC20B10C991A
:10D4F000FD200870042014E00998F8F74DFB4FF068
:10D5000000094FF0190800260C9880F801B0C0E916
:10D510000196C0E90341428080F800800120DDF8D7
:10D5200034B08BF8340027B01AF015BE0420DDF8B3
:10D5300034B089F85C0309F25E3499F85E03002880
:10D5400040F0E180984814F077FE4846F7F7E2FD96
:10D5500014F0DAFF99F85E0300283FF41EAF9348F9
:10D56000AFE003202070062070E01BF080F9DBF8AC
:10D57000780043F609530168D0E9020211F0010670
:10D58000A0FB03400CBF344602FB03067D4A204645
:10D5900031460023002530F027FA00044E216FF0B9
:10D5A0006042121BB14138BF40F20120010640F039
:10D5B000B8805C46000C04F8B85FA4F8010054F889
:10D5C000280CE5704068D0F85426002A00F0AF809F
:10D5D000D0F8501610A86C4B0CF018FADDE91010BA
:10D5E0000023DDF828E042000D461AB105F8023BA1
:10D5F000023AFAE7002204234FF0010C5BB190429B
:10D600006ED001F812C001EB4206043B14F8225020
:10D6100001327570F2E7129872461AF068FE96466B
:10D620004FF48070ABF8C500DBF89000CBF8C00079
:10D63000CDF828E00BF1BC0110A85246FAF758FAD1
:10D640009DF84080B8F1FD0F07D107200A990870B6
:10D65000FD200C990870032063E7B8F1FE0FCDF8A8
:10D660002C90CDF820A00AD1DBF874004FF0FE0812
:10D670004FF0000AD0E9009600200790D0E5594607
:10D68000BDF84E409DF84DA0DDE91196BDF8425021
:10D690009DF841B0149809909DF84C000790BAE5A8
:10D6A000444814F01DFC444814F038FC344B1AF084
:10D6B000D9FE304B0020214613F072FF09F25E3490
:10D6C000364814F0B9FD2046F7F74EFD3448F7F719
:10D6D0004BFD14F019FF14F065FE224814F0BBFC5A
:10D6E0002A4A014613F0A2FF164814F0B4FC304851
:10D6F00014F0B1FC124814F0AEFC144814F0ABFC6A
:10D70000174814F0A8FC2748DBE7144814F0A3FCE2
:10D710000F4814F0A0FC0F4814F09DFC0A4814F0C8
:10D720009AFC284814F088FD17F072FCD1E72448D1
:10D7300014F08EFD14F036FE074814F08CFCFEDE6B
:10D7400034080400E4070400740C0400C40004005E
:10D75000640C0400540C040030050400B400040000
:10D76000C0040400740204002C3A0400D004040035
:10D77000F0040400E0040400000504002005040097
:10D780001005040000204E003C3D04004C3D040008
:10D79000381004004810040032000000EB000000C4
:10D7A00044E50300EC00000031000000E800000048
:10D7B0000406040098030400A8030400CCFD030041
:10D7C000EE000000C4000000F0B503AF2DE9000F2B
:10D7D000ADF69C1D834608301E9089469BF8AF032A
:10D7E000C74C0BF56C78CDF888B0CDF88090DFE8A9
:10D7F00010F00800CF02CF026301750147018601D6
:10D8000085014FF000094FF4C050CDF88C800DF524
:10D81000CE618BF8AE93CDE9E8998DF87096ADF8AE
:10D820007106E8A8B74C0646A047B74A05460DF56D
:10D83000CE602946032316F0CBF9B44A0DF5CE602D
:10D84000294616F015FA0DF5CE60294616F060FA55
:10D8500041F601000DF5CE61ADF8710630468DF848
:10D860007096A0474D200DF5CE688DF88006A8482B
:10D870004146CDF87C06A748CDF87806A648CDF8F5
:10D880007406A648CDF870063046A04706460E201E
:10D8900007F8580C46F2133027F85A0C0DF1900A8D
:10D8A0009F4847F85E0C9F4847F8620C9E4847F82F
:10D8B000660C4CF202301A9115211BF054F89B4B68
:10D8C0001AF03AFDDDF8700616F0AEFA0DF23C647F
:10D8D000ADF87A06BDF8740608F106011B902046E3
:10D8E000182230F074F84B20152107F8580C43F239
:10D8F000145027F85A0C8E4847F85E0C8D4847F8AC
:10D90000620C8D4847F8660C49F602401BF02BF874
:10D910008A4B1AF011FDDDF8700616F085FA08F151
:10D92000040CADF87A0604F11801BCE87D007DC155
:10D930000DF5CE664FF42772BCF800000880E8A908
:10D9400030462FF09FFF504642212FF0A4FE304674
:10D950000CF04AF80246504640CA1C910AF10401F4
:10D960001D914E4500F0FA80117809F10109032953
:10D9700040F082805588B5F5007F00F2DC815FEAD7
:10D98000094100F0D2810FFA89F1B1F1FF3F40F374
:10D99000CF81219202215478CB46694A8046BDF856
:10D9A00090A019F05BF90AF10102A7F1680927F8C4
:10D9B000682C0223634A1AF0BBFC1F94002C18BF8A
:10D9C0000235BDF8D04014FA85F5E80300F19D81D9
:10D9D0005D4B404602210422ADF8D05018F086FE7F
:10D9E0005A4A022300924A4627F8685C16F008F863
:10D9F0009DF89000D9469DF89110219A890241EA3C
:10DA00008003BDF8D000184404304128404633D28A
:10DA100005464F481D993C220090A7F1680018F078
:10DA200075FD57E91A208108BAF1000F10D0AAF14C
:10DA30000100884280F0898112F8203002EB8000DA
:10DA4000407860F30E231FFA89F0834280F07A81D8
:10DA50008A4580F0738102EB8A00210A02F82A903D
:10DA6000C1701F998470002949463A4A18BF114372
:10DA7000090A219A417028462C32DDF888B070E7F7
:10DA80000BF57E701B909BF8F803CDF88C80DFE8D7
:10DA900010F0070070017F01F3000A0B100C6C0AF4
:10DAA000DBF8F0030BF56C75154E00214FF0000A02
:10DAB0004FF000081C91CDE39BF8C803CDF88C8093
:10DAC0000BF57278DFE810F005004F016401D70014
:10DAD000AD01DBF8B013DBE9F0025AE19BF8B803C3
:10DAE0000BF56E79CDF88C80DFE810F04C03400127
:10DAF000520179030500DBF8BC5380E3DAE262E20D
:10DB000004ED00E0313B0200B40204006034040084
:10DB100018AAFBD5BF074BE59836350A024699652A
:10DB2000450BBDE3372E8DC28B12E8A202102000F8
:10DB30004DE4CAFB3A97A0383B1C3D2A0204100072
:10DB40007C3D04008C3D04009C3D0400AC3D040081
:10DB50000C3E04000080FFFF5E0000001C9A11686C
:10DB600001391160811CA7F168003E229DF8908068
:10DB70009DF891902FF02BFF4FEA8920BDF8D0102F
:10DB800040EA88000844051D402D00F2E1800BD0DA
:10DB90005FF83C0014F050FB402014F03FFB284697
:10DBA00014F03CFB14F0B0FCA7F1A805A7F1680144
:10DBB0003E221AF00FFBA7F16806002429463E22F8
:10DBC000304647F8284C27F8244C2FF000FF57F830
:10DBD000280C3146DC903E2237F8240CADF8740353
:10DBE000CCA82FF0F4FE24A80DF5CE614FF42772D7
:10DBF0002FF048FE0DF5CE600DF23C6132222FF081
:10DC0000E6FE1B9D022D00F085801E983E228BF8BB
:10DC100029908BF82880C0E90044C0E902442F20F5
:10DC2000CBE90040DC98CBF81800BDF87403ABF8E2
:10DC30001C000BF12A008BF820408BF81E40CCA969
:10DC40002FF0C5FE0BF1680024A94FF427722FF0C6
:10DC500069F80BF20A300DF5CE613222ABF80853A9
:10DC60002FF0B5FE1A98ABF83C03DDF88090DE4C3F
:10DC7000DDF88C802AE2AAE09BF848040BF5896164
:10DC800015910BF580660BF58A6A0BF56C74DFE86D
:10DC900000F003737F120600DBF840049AE39BF860
:10DCA000D8040BF59B68219610B3032801F01E8061
:10DCB000CE4814F0D0F99BF888040BF59168C8B1F0
:10DCC00003285CD19BF86C040BF26C43A8B10328C9
:10DCD000CDF848A056D19BF86A040BF26A4A78B195
:10DCE000032852D1DBF86014DBF85C040A78A2E365
:10DCF00000F0DDBFDAF800107BE3DBF8581485E3B1
:10DD00009BF86824DBF864048DE3B9481E21B94A06
:10DD100014F022F92F20B84BCDE9E8402B21B74869
:10DD20000090E8AAB64814F02AF9B64801F0ECBD14
:10DD3000B54801F0E9BDB54801F0E6BDB44A50462A
:10DD400013F074FCB34801F0DFBDB34A13F06EFC6E
:10DD5000B24814F071FA402014F060FA284614F02A
:10DD60005DFA01F0E6BDAE4814F075F9AD4814F067
:10DD700072F9AD4814F06FF9AC4814F06CF9AC4886
:10DD800014F069F9AB4814F066F9AB4814F063F984
:10DD9000FEDE9BF8C933CBE9ED10DB07CBF8BC23E3
:10DDA00031D0CBE9FB0201208BF8E7030021DBF83F
:10DDB000CA034FF4A023CBF8E103BBF8CE03CBE9B1
:10DDC000F4318BF8E0138BF80414ABF8E5030BF592
:10DDD00074750DF5CE661AF0DFFD9DF87046FD2CCA
:10DDE00000F09582711C24AE13221AF0C8F928465F
:10DDF000F8F7DFF8192C27D1904814F029FADBE95D
:10DE0000ED10DBF8BC2300234FF41604CBE9FB0232
:10DE10000220CBE9F4438BF804348BF8E1138BF840
:10DE2000E0030BF574750DF5CE661AF0B5FD9DF89F
:10DE30007046FD2C00F06D82711CE8A81AF09CF968
:10DE40002846F8F7B6F804E0E8A82ECE2EC01AF05F
:10DE500015FEE8A80DF55F786CC841466CC101223B
:10DE60000388807888700BF289300B8041468BF8EC
:10DE7000C8238BF8AE2313228BF888432FF0A7FD1D
:10DE8000192C70D0FE2C40F0E7800BF5507608F18D
:10DE900003011AF038F86A4814F0DAF90120F7F7AC
:10DEA00037FCDBF826030BF22A31CBF8580311229A
:10DEB000BBF82203ABF85403BBF82403ABF85603BA
:10DEC0000BF55770CBF850639BF821839BF83B937D
:10DED000BBF80863BBF80A43DBF80C532FF077FD5F
:10DEE0000BF276300BF544711122CBF87253ABF87C
:10DEF0007043ABF86E638BF86D932FF068FDDBF821
:10DF000040038BF887839BF844231AF09AFA0B6836
:10DF1000D0F85022D0F85302013B0B601E99CDF887
:10DF20007026CDF8730601F56874DDF87006C1F847
:10DF3000A003BDF87406A1F8A403DBF8A0030178E0
:10DF4000002900F00E81B0F80520A188D0F801006A
:10DF5000514022685040084340F00381224E239DE7
:10DF6000DDF87CA06AE1374814F072F90120F7F778
:10DF700015FCDDF88C80404616F0DAF91A49DBF81A
:10DF8000B8030968C90541F0BE842F490BF0E2FCD3
:10DF90000646007C0D46012804BF06F1880015F0F6
:10DFA0009AFF06F108010DF5CE6016F0A3FA0020E5
:10DFB0000D4C3074C6E902002968013129608BF8E4
:10DFC000CC03CBF8C083D9F800100BF5707002F0C9
:10DFD0007BFAC0B2022800F097810BF56C7207CA79
:10DFE000F7F730FE6FE000BF04ED00E084090400A5
:10DFF000BC3D0400DC3D0400000D0400B802040038
:10E00000CA3B0400E3000000E5000000E20000005D
:10E01000FC3D0400F5000000EC3D0400E4000000BD
:10E0200094020400A409040050050400340C040008
:10E030006408040054090400140804005A00000095
:10E040003D000000B300000040050400AF000000E8
:10E05000120000004C17040000210BF562708BF8D1
:10E06000AE13DDF88C8090E87C005FF8200041461C
:10E070007CC1CBF8C48314F0DFF85FF82C0014F0F7
:10E08000B9F85FF830100BF5717014F0F9F814F06E
:10E090003BFA0DF5CE604FF480421AF047FBDDF8F5
:10E0A00074269DF87806DDF87016CBE9F2128BF82D
:10E0B000D003BB4CD9F800100BF5727014F086FE3B
:10E0C000002840F01C8100208BF8AE032068C005BA
:10E0D00041F01984B3494868B0F5007F1AD04FF475
:10E0E00000724A60C1B2022914D01AF005FA08BFC2
:10E0F000034608BF0121B2EB506F18BF1946C8B2E2
:10E10000022803D001F0010016F074F84FF40070FB
:10E1100016F02CF80020CDF88C800024F7F7F8FAE0
:10E120000020F7F73BFBDBE9E7120BF57278136889
:10E13000D2F80320CDF83C36CDF83F260968DBF84D
:10E14000A403DDF83C26DDF83F36CBF8C9235A4658
:10E15000CBF8B0138BF8C843CBF8CC33CBE9F00B3A
:10E1600017E6914814F074F80020A1888BF8B803E2
:10E170000BF56E792068090441EA10410004013072
:10E18000CBE9EC018648DBE9EC680068C00541F0AA
:10E19000BA83864C002294F8440094F84510022873
:10E1A00084F8442010D00DF5CE658DF871168DF8E9
:10E1B0007006A81C04F146010A222FF008FC04F1A5
:10E1C000440029460AF06AF91E9902208BF8C00320
:10E1D0007748C1F8B963CBF8C804C1F8BD8320986B
:10E1E00001680BF5707010F063FF002840F08A8022
:10E1F0006E48DDF87CA000F14405CBF8BC53684EB6
:10E200003068C00541F07F832978002268780229B0
:10E210002A7068D1022800F0A4800121C00789F883
:10E2200000100AD0DBF8A023BBF8AC03DBF8A8335E
:10E230001170A2F80500C2F80130239D1D9900203D
:10E240008BF8F8030BF55470CBF8F0032AF0FF0AB3
:10E2500021F0FF08CBF8F40328460BF57E7916F081
:10E2600067F80BF5707016F00BF93068C00541F0D7
:10E270004A83504815F002FE4F48D0F80411042993
:10E2800080F0808002680131D0E90234C0F80411C6
:10E29000511C1D93CBE9F434CBF8D80301603068EE
:10E2A000C00541F030832395444D424928460BF088
:10E2B00051FB026B00231C9E022A9FBF531C036369
:10E2C000D0E900A62B4619F0B2FF032A4FD2CDF8B1
:10E2D0006C900D94CDF87CA0CBF8E0A31C96CBE914
:10E2E000F96300F064BED1B920980068D0E900104D
:10E2F00009688847CDF87816CDF874062CE0072019
:10E3000000F09FBD03202DE0062000F09ABD032001
:10E3100000E0042088F80000032000F092BD20985F
:10E32000D5E901480068D0E90010804508BF8C425B
:10E330000ED009688847CDF878160DF5CE61CDF876
:10E34000740601201AF041FB61684046884708E0E6
:10E35000CDF87886CDF8744601200DF5CE611AF01F
:10E3600034FB042089F80000042000F06ABD144842
:10E370000DF5CE620090BA211248134B8DF870A6AD
:10E3800013F0FDFD01680DF5CE620F4B0131016008
:10E390000E48B52100900E488DF8708613F0EFFD01
:10E3A00004ED00E09C99032043000000F8E6032000
:10E3B00088DC03202034040078E3032048E60320AF
:10E3C00024390400683804006434040090370400E1
:10E3D000D83604000BF589611591CBF84404016827
:10E3E00000208BF888040BF59168CBF850140BF5DE
:10E3F0008A6A0020CBF870148BF884040BF26C430B
:10E400008BF86C04CBF85414CBF8581408680A79CC
:10E410000021CDF848A00BF26A4A8BF86A148BF8F9
:10E420006824CBF864040BF269418BF86924CBF8BB
:10E430005C04CBF86014D0E90001199316F000F8E1
:10E440008146D0F88002002841F06E824FF0FF3004
:10E450000D46C9F88002002199F89002012805D1E3
:10E4600009F5487014F06EFB99F89012D9E9A202F0
:10E47000CDF8608090422196239401D1C90742D003
:10E48000002189F89012411C09EB80108A1E18BFE8
:10E490000A46C9F8882290F89832D943090632D042
:10E4A00000F526740C2204F12C011E46B4F8290054
:10E4B000ADF8300394F82B008DF83203E0690E902C
:10E4C000A0690F90E0681190A068179094F8280058
:10E4D0000990606A1090206A169060690790206920
:10E4E0001A9060680C9060780B900DF5CE60B4F8CF
:10E4F00002802FF06CFAB446CDF828804FEA182E2F
:10E50000A26BE36B0AE020981AF0CDF909F546708A
:10E5100014F025FB4FF0FF0C4FF0000ED9F88002ED
:10E5200001210130C9F880022868013828605FFAAB
:10E530008CF50120FF2D08BF03218AF8001019D0A7
:10E540001999FE2DCDE9133208709DF832038DF82C
:10E550009E03BDF83003ADF89C030DF5CE60E8A92D
:10E5600090E8580058C1DDF88090DDF8308040F028
:10E570008480EBE003208BF86C049BF8840488B162
:10E58000032841F0DD819BF882040BF2824AB8B186
:10E59000032841F0D881DBF878146446DBF8740472
:10E5A0000A781AE0DBF870140BF2824A08680A79DC
:10E5B00000218BF882148BF88024CBF87C0403E0D4
:10E5C0009BF88024DBF87C0464460BF281418BF8D5
:10E5D0008124CBF87404CBF8781419F032FF064686
:10E5E0000068002841F0A0814FF0FF30894630607C
:10E5F0000021307B012804D106F58C7014F0A2FABA
:10E60000317BD6E90102904201D1C90714D0002123
:10E610003173411C06EB0010B1F1100218BF0A461D
:10E62000726050F8108FB8F1000F05D04168179153
:10E6300081681191C26808E020981AF034F906F553
:10E64000887014F08CFA4FF000083068A44601215D
:10E6500001303060D9F800000138C9F8000001200D
:10E66000B8F1000F08BF03218AF8001000F069809C
:10E670008BF884044FF0000E1A929DF89E03A7F1C8
:10E6800068038DF87203BDF89C031946ADF870035A
:10E69000E8A890E854006FEA0C00000654C120D0AE
:10E6A000179C4FEA1849119E4FF0000ACDF830C070
:10E6B0000020CDF820E0310C4FEA144C19910024D1
:10E6C000DFE805F0B8B80884779EA78AB380B06504
:10E6D0007AA5578202214CEA06400C910290002054
:10E6E000A2E0DBF854040179006810F039FC1A9AB2
:10E6F000ED92119AEC92179AE890DBF85404CDE968
:10E70000EA82D0E902450DF5CE608DF8A413E8A9A0
:10E7100009F0FAFA9DF87096B9F10A0398BF002340
:10E7200016941095B3B1012B40F0C680BDF87C263D
:10E7300020462B6BE8A99847C00740F0AE80012324
:10E74000BAE00320DDF880908BF884041899032048
:10E750000870D6E2A9F102000223082800F2AC807A
:10E76000DFE800F00592AAAAAAAAAA790500EB6A36
:10E770008BE09DF8720307F8260CBDF8700327F8AC
:10E78000280C24A893E8160016C00F210CE09DF871
:10E79000720307F8260CBDF8700327F8280C24A88C
:10E7A00093E8160016C00C214CEA064002900C912A
:10E7B00023E005200C900EE04CEA064002900D206C
:10E7C0000C9034E00A2031E010212CE04CEA0640A5
:10E7D000029003200C9021E09DF8720307F8260CAC
:10E7E000BDF8700327F8280C24A893E8160016C07B
:10E7F00004214CEA064002900C910020002419E00C
:10E8000006214CEA06400C91029040460CE00E2195
:10E8100009E04CEA0640029007200C90CA464446A4
:10E82000404607E00B210C9104E009200C90CA46F9
:10E830004446404618904FEA0A40DDF830C0DDF803
:10E8400068E0DDF85C80DDF81C90DDF808A0119030
:10E8500004F47F4044E0E2480DF56878DDF878166E
:10E86000DDF874460840EE6A4042054640B134F88F
:10E87000022B41461698B047C00705F10200F4D0BC
:10E88000002D18BF012506E02B6BBDF87226E8A904
:10E89000204698470546E80702D0099103230BE07C
:10E8A000B9F10A0F07D0B9F1030F3FF448AF0223C3
:10E8B000B9F1020F00D10023DDE9E8804FF0080C28
:10E8C000ED990E914FEA184242EA004A000CEC9989
:10E8D0001990002011900F911893DDE9EAE90020CA
:10E8E00017F8262CA7F1A8038DF89A2337F8282CBF
:10E8F0001C46ADF8982324AA92E862005A4662C4E6
:10E9000001218BF88814C8EA0A4B19991E9D090445
:10E91000119E41EA1A411991C5F804140F99C5F8DE
:10E9200010140E99C5F814141899CDF868E0C9B2FE
:10E93000C5F808E441EA0008089948EA0600C2F868
:10E9400004040A98DDF82CE0C0B2C5F800B440EA2F
:10E95000012A099882F828041698C2F82004109811
:10E96000C2F82404BDF89803A2F829049DF89A037C
:10E9700082F82B0402F22C40C5F80C94A2F802A4F1
:10E9800082F801E482F800C493E8160016C01498D7
:10E99000C5F830041398C5F834045FFA8CF00828E1
:10E9A00000F2CD81DFE810F0090034001A003F00CA
:10E9B000CB01CB01CB01CB0158008A4813F03CFCC2
:10E9C000894813F017FC0B9C200600F099808748BB
:10E9D00013F010FC204611F0C3FB95E0844813F0BF
:10E9E0002BFC43F60950199BABFB001203FB0022E2
:10E9F000480A510A40EAC250F6F7C4FB504611F0EB
:10EA000069FB1A997D20A1FB001209FB00221AE084
:10EA10007848744613F010FC204611F077FD0A98F0
:10EA200011F074FD15E0744813F006FC734C504669
:10EA3000A0474046A047300CA0477D20199BABFB68
:10EA4000001203FB0022080B110B40EA0250F6F7FC
:10EA500099FB13F059FD72E1DDF888B028220BF222
:10EA6000DC450BF2044119F0B5FBDBF8DC040BF5D7
:10EA70009C64002800F08A80DDF84880012840F07E
:10EA80009B8020460AF0CAFDDBF8441480B2098955
:10EA9000884240F096800DF5CE60214609F034F9A9
:10EAA0009DF87006B0F10A0198BF0021DDF8809052
:10EAB000002900F00984012940F00984DDF874067A
:10EAC0000DF54C7ADDF87816CDF848800144CDE993
:10EAD000CC01E8AE5146304607F07CFD19F07CFED3
:10EAE00040F0F8839DF8A183DFF86C0E13F0A4FBCF
:10EAF000404615F0DDFA13F007FDDDF8488092E09E
:10EB0000DFF8580E13F076FB00203D4C13F072FB3B
:10EB100013F0FAFC2068219CC00540F0F486DFF871
:10EB2000441E4868B0F5007F1AD04FF400724A6066
:10EB3000C1B2022914D019F0DFFC08BF034608BF98
:10EB40000121B2EB506F18BF1946C8B2022803D09A
:10EB500001F0010015F04EFB4FF4007015F006FBBC
:10EB6000207805214FF0FF0C4FF0000A08284FF0E5
:10EB700000041A9104D021986546F6F77CFFAC4654
:10EB80001599A046012000240870A5E10DF5CE607E
:10EB9000214609F0B9F89DF87006B0F10A0198BF56
:10EBA0000021DDF8488069B3DDF88090012940F04C
:10EBB000DE84BDF87C562EE0DFF8D00D13F048FB64
:10EBC0000BE020460AF02AFD0546DFF8AC0D13F0F5
:10EBD00033FB19F05AFC13F097FCDDF8809022E02B
:10EBE000FEFFFF7FB400000014000000560100008B
:10EBF000450000004400000046000000D50002006F
:10EC000004ED00E0DDF88090022818BF032840F0F2
:10EC1000AB84BDF87256DFF86C0D13F00DFB19F0E4
:10EC200034FC13F071FCDBF8DC040BF20456DFE873
:10EC300000F0020202170DF5CE652146202219F0E0
:10EC4000C9FADDF88C062946DDF8882643690020DC
:10EC500000903046F6F7CAFA2846F6F7DBFE16E0D3
:10EC60000DF5CE652146242219F0B4FADDF88C06A4
:10EC70000121DDF8882643699DF89006CDE9001052
:10EC800030462946F6F7B2FA2846F6F7DAFE30683B
:10EC9000002800F073824046314618222EF084FD91
:10ECA00000200BF58A6A8BF8D8040BF59B68524656
:10ECB0000BF58D6E92E87B00F4468CE87B000BF53B
:10ECC0008B600BF59061024692E87800002278C1D3
:10ECD000DBF88014CBF8702439B3CBF890E40BF256
:10ECE000944190E8780078C18BF8D4240BF59265B4
:10ECF0004946284605F034F9A0B1032088F8000001
:10ED000004208BF848049BF8980530B3032840F0A2
:10ED10001486DBF88835DBF88C25DBF89015DBF8FA
:10ED2000940547E02846F7F7ACFA0BF58D60F6F747
:10ED3000B5FE01208BF8D8045046F7F7B5FA219EAE
:10ED40003078082802D03046F6F795FEDDF888B016
:10ED5000239CDBF84404FFF742BB0BF5A4640020BE
:10ED600001218BF84005CBF830150BF5A6638BF825
:10ED70005405CBF844158BF86805CBF858158BF87B
:10ED80008405CBF86C1517CCCBF834050BF26C501E
:10ED9000CBF848150BF5AB61CBF85C250BF2445270
:10EDA000CBF88835CBF88C25CBF89015CBF89405AB
:10EDB000CBF8704524900DF5CE66DFF8DC0B0DF531
:10EDC0006878CC93002447F8A82C002547F8681CE5
:10EDD000CDF88C0624A8CDF88806DFF8C00BCDF856
:10EDE0008406A7F16800CDF88006DFF8B40BCDF8F3
:10EDF0007C06A7F1A800CDF87806DFF8A80BCDF8BF
:10EE00007406CCA8CDF87006202C11D030193159D9
:10EE10004A4640680369404698479DF8A3A3BAF163
:10EE2000FE0F03D0BAF1FF0F11D101250834EBE733
:10EE3000E80700F07D8403208BF898051B99087083
:10EE400005208BF8AF030DF69C1D19F084B9012045
:10EE5000BAF1010F88BFAAF102005FFA80FCE998BD
:10EE60009DF8AD439DF8ACB3EA9B1990BDF8A12382
:10EE70009DF8A063DDF818E0DDE90451DFE80CF04F
:10EE800002210C1819984FF0000C2B468B46020CEF
:10EE9000060A74461A9014E0012020EA06020020B7
:10EEA0004FF0090C1A902B468B467446002608E05A
:10EEB000100A8B461A9616464FF0090C2B467446DC
:10EEC00002462298214601241892984680F89845D7
:10EED00003A880E80A080691DDF8849099F84800B4
:10EEE00004280DD109F150006546F7F7DDF999F8CE
:10EEF0000000AC46082803D04846F6F7BCFDAC46F7
:10EF0000002C43D01E981999C0F8A614C0F8AA8402
:10EF100022981899A0F8AB141A9980F8A9140399AB
:10EF200080F8B6B4834680F8ADA480F8AA6480F86F
:10EF3000A8C480F8B714DFF8900A13F07DF9DFF861
:10EF40008C0A13F057F90BF59565284615F0CCFBA4
:10EF500013F0DAFADDF8809000208BF8A404DBF8D7
:10EF6000F403CBF80004CBF804540BF580650DF5E1
:10EF7000CE604A46294605F0F9F89DF87006022849
:10EF800000F00B812846F7F7A2F910E0ACF103007E
:10EF9000052800F29780DDF888B0DDF88090DFE882
:10EFA00010F0220006007B0104014401FE00002055
:10EFB000239C8BF898050BF570718BF848040BF5C2
:10EFC0007870CBF82C050BF57472DBF8F4030BF5B5
:10EFD0008066CBF82045CBF82425CBF82815CBF854
:10EFE0004004FFF7F7B91898E34AABF802041A98FF
:10EFF0008BF801648BF800041068C00540F083842E
:10F000002198DFF86049056861688D4232D0C8B246
:10F01000656002282ED005F47F40002300260222DE
:10F02000B0F5807F08BF2E4608BF0122B3EB556FB5
:10F0300018BF324601F47F46B6F5807F4FF00200DC
:10F040004FF0000604BF0E460120B3EB516F18BF0E
:10F050003046C1B202291CBFD2B2022A40F08E82D1
:10F06000022903D000F0010015F0C4F8284615F07D
:10F070007DF8C14ADBF8F4031168C90540F0438408
:10F0800009211E9B8BF8AC1400218BF8A814218851
:10F09000A278A3F8A5140BF2AC4183F8A724CBF80F
:10F0A0000404CBF808140BF204450DF5CE604A4673
:10F0B000294605F05BF89DF8700602287FF462AFE0
:10F0C0000420BBE6DDF888B0BCF1FF0F7FF46FAF22
:10F0D000DFF8E00813F0B0F8DFF8DC0813F08AF886
:10F0E0001A98A54DC4B2042C03D1042013F0BEF825
:10F0F000304613F0BBF813F007FA052C7FF457AF36
:10F100005846DBF8E0B3D0E9F9A02968C90540F01A
:10F11000FA83DFF8A8180AF01DFC0646D0E900546F
:10F12000006B06F13809884601383063484606F01E
:10F1300077F919F06DFA7AEB0000C0F025810DF532
:10F14000CE6A494650460AF04FF819F047FD07D0FD
:10F15000411E0DF5CE6010F019F8002800F0F28085
:10F16000E8AD9AE81E0028461EC028460CF018F9A3
:10F17000002800F0E78019F0E6FBF6E70BF5A16048
:10F180000DF5CE6890E87C004146DFF804087CC1AC
:10F1900013F052F819F0C6F85BE406204EE61A9810
:10F1A00000F00100F6F7FAFA01E773480068C005BD
:10F1B00040F0A983DFF8F8472068002840F07A8300
:10F1C00019F0CBFD207E012807D100202076206990
:10F1D0000130811E18BF01462161E16E0020002927
:10F1E00058D0D4E9040204F1340604EBC2031962D6
:10F1F0001A991977511C8A1E18BF0A4662619042FB
:10F2000004BF01202076D4E902010022E56A013022
:10F2100041F10001E262C4E90201CDB356E90110F7
:10F2200049688847013D0836F7E753480068C0053C
:10F2300040F06983DFF870472068002840F03A8387
:10F2400019F08BFD94F84800012807D1002084F8BC
:10F250004800206C002818BF01302064A16B0020FA
:10F26000C1B1D4E91002002A04EBC20319651A994E
:10F2700083F84C1018BF01326264904204BF012031
:10F2800084F8480018F037FE04F1100014F0ECFD8B
:10F290002068013020608AE61E990020C1F8FD0335
:10F2A000C1F8F90302208BF80004DFF8BC06CBF8A4
:10F2B0000805D9F800100BF580600FF0F9FE002862
:10F2C0003FF475AE0520B9E503283FF4F7ABDFF84E
:10F2D000AC0619E3E99B4FF00E081795092B3FF692
:10F2E00003AC18940024DFE813F00A0064017C01E9
:10F2F0004D01920132029F018901A8015A01A7F133
:10F300006800022547E91AA5F8F75AF9C0074FF037
:10F31000000040F0AA828846CAB20E21022A1CBF11
:10F3200057F8642C002A00F0A08257F8686CE8A80F
:10F33000314607F04FF919F04FFA40F03D829DF841
:10F34000A11391E20DF5CE650020D6E90E12891ABF
:10F3500018BF012196F840201143C9070ED0B16CA7
:10F3600061B92846494614F0D7FD9DF87006FF287C
:10F3700000F0BE800120E8E704ED00E0C0071CBFFC
:10F3800006F1240014F0B1FDD8F80000E74901307F
:10F39000C8F800002298D0E9F4BAD0F8D803096878
:10F3A000C90540F0B082DFF814160AF0D3FA064619
:10F3B000D0E90054D0F8FC0006F10809884601386D
:10F3C000C6F8FC00484606F01CF819F021F97AEB63
:10F3D00000003BD30DF5CE6A4946504609F0DFFEEA
:10F3E00019F0FCFB05D0411E0DF5CE600FF0E0FEDC
:10F3F00060B1E8AD9AE81E0028461EC028460BF012
:10F40000E8FF18B1016901390161F7E70DF5CE6533
:10F410000020D6E90212914202D1327CD2070FD0ED
:10F4200001EB810106EB8101496A49B92846494649
:10F4300014F030FD9DF87306022859D00120E8E74A
:10F44000C0071CBF06F1D80014F045FDD8F8000035
:10F45000B6490130C8F800002298D0E9F0B9D0F8D8
:10F46000C8030968C90540F04E82DFF850150AF05C
:10F4700071FA0646D0E90054406C06F1080A884645
:10F4800001387064504605F0DAFF19F0C1F879EBE5
:10F49000000037D30DF5CE695146484609F0BCFE51
:10F4A00019F09CFB05D0411E0DF5CE600FF06EFEED
:10F4B00058B1E8AD99E81E0028461EC028460BF05A
:10F4C0006FFF10B119F03FFAF8E70020D6E90212F9
:10F4D000914202D1327CD2070ED006EBC10189697C
:10F4E00051B9504609F0B0FEC1B201200229EDD158
:10F4F000DFF8CC0412F0EAFCC0071CBF06F13800AC
:10F5000014F0F3FCD8F80000DDF888B00130C8F83A
:10F510000000DDF88C80DBE9EC01D8F80820F6F774
:10F5200091FB01208BF8F803DFF8980412F090FEAD
:10F53000DBF840039BF84423D0E900010AF0B9F856
:10F54000DBE9D2010A690BF5507190479BF844132F
:10F55000DBF84003F6F702FA0020DDF880908BF824
:10F56000AE03724CFEF7B2BD0A283FF452ABDFF88F
:10F57000180412F061FE13F071FBDAE191427FF49E
:10F5800071AD73E5E8A8CCAD18F0C0FF19F024F90F
:10F5900060D19DF8A11302200022189C74E0E8A815
:10F5A000CCAD18F0B3FF19F017F97BD19DF8A1830A
:10F5B000AFE00220CDE924A024A8F7F762FF18F0FD
:10F5C00028FF314607D0C0074FF00E011CBF259819
:10F5D000002840F0CF80A7F12800FF23002401700D
:10F5E00093E0CCA8F7F754FD19F069F97FF47CAAF1
:10F5F00008F001001A9000240223A8E018F0F0FEA1
:10F600003FF472AA007800241A9007239FE0CCA947
:10F610003046F7F7E5F919F0DFF86CD19DF8A10352
:10F62000FF2307F8280C70E018F0DAFE3FF45CAA1C
:10F63000007800241A90062389E0CCA8F7F728FD6B
:10F6400019F03DF97FF450AA08F001001A90002447
:10F6500008237CE0E99E0220189C0E210022032E44
:10F6600012D8CDE9245024A8F7F70BFF19F0BBFA04
:10F67000294607D0C0074FF00E011CBF259800286F
:10F6800040F0BD80022000220244C8B2D1B21A92DA
:10F6900002EB0020022900F0F1800024032347F848
:10F6A000280C54E0E998DDF888B0DDF88090002857
:10F6B000189C42D001287FF417AA01202946CDE9E1
:10F6C0002450E8A806F086FF19F086F83FF40AAA4D
:10F6D000E99D022D3FF608AA24A8F7F71FFEC1B244
:10F6E000C0F30728FF293FF4FFA9022900F0308169
:10F6F00000F0010022E0701C04239DF8A62301798C
:10F70000006807F8241C47F8280C17F8288CFF2BF2
:10F7100006D1DDF888B0DDF88090189CFFF7E4B9D9
:10F72000CDE919289DF870B311E000BF04ED00E0A9
:10F73000A748A121A74A11F07DF802201A9040EABB
:10F74000082007F8265C002427F8280C09231798BE
:10F750001E4657F8275CF6F7F3F9280AB4461890C6
:10F760004FEA156A21982E46007808287FF403AAEC
:10F77000FFF706BA24980321CDE9E801E8A8F7F7D6
:10F78000B5FE0546000EFF2804D14FF4003060F3AB
:10F790001F2594E07A4C022800F0D880E8A8F7F7FB
:10F7A000A5FE0146000EFF2875D14FF4003060F32E
:10F7B0001F2188460D4682E0E99A002A40D00E219A
:10F7C0000020012A51D10220CDE9246024A8F7F7B6
:10F7D00058FE18F071FF214645D0C0074FF00E01CA
:10F7E0001CBF259800283ED02499E8A806F0F2FE18
:10F7F00018F0F2FF40F08C809DF8A11333E02499BB
:10F80000E8A806F0E7FE18F0E7FF02D19DF8A11383
:10F8100038E7DDF8A4830E21B8F1030FBFF432AF4F
:10F82000CCA8F7F740F9C0074FF000024FF00200F4
:10F8300001BF280440EA066201F00100414623E7C7
:10F84000CDE9E865E8A8F7F71CFE19F0CCF92946E0
:10F8500009D00E21C00706D0E8A8F7F712FE18F06D
:10F860002BFF21464AD1022500202A18C8B2189C35
:10F87000D1B202EB002002291A9207D1DDF888B03C
:10F880004FEA1028DDF88090FFF72EB900230024FE
:10F8900047F8280C5BE7022858D0E8A88846F7F715
:10F8A00025FE010EFF2908D14FF4003161F31F201E
:10F8B000054604E03D4812F013FB022946D005F04E
:10F8C0007F434FF47F012A46B3F1007F61F31F228B
:10F8D00018BF2A46150EFF2D01D111467BE60E21D9
:10F8E000022D3FF478AEB3F1007447F8272C18BF0F
:10F8F00004460123DCA83146424670E60E21C007CB
:10F90000B1D0002109E0164812F0A2FC12F04AFD25
:10F91000E99D0E21032DA6D20121E8B208F00105D0
:10F92000000440EA0460A0E7104812F085FC15F0DE
:10F9300097FC12F0E9FD12F035FD164812F08BFB32
:10F940000C4812F088FB0A4812F085FB2546B6E702
:10F950004FF00E08DDE600BFBA00000047010000CE
:10F96000AE0000009C99032088DC0320C300000047
:10F97000540804007409040041000000F000000075
:10F980000E00000240000000080100001900000005
:10F990005B0000007803040004030400F00204008C
:10F9A000DC020400C802040028E5032050340400EF
:10F9B00080E50320BC000000D4010000140A04000C
:10F9C0008C0F04003E0000001C000000CA01000073
:10F9D0001803040068030400B0B502AF0D680446C4
:10F9E000286848B11168281D00F06EFDC1B20229D7
:10F9F00005D1FF21022005E0FE20E070B0BD00210E
:10FA0000296002216060E170B0BDB0B502AF0D6841
:10FA10000446286860B11168281D00F017FEC0B2C6
:10FA200002280FBFFF21002129600421207000E07F
:10FA3000FE21E170B0BDD4D4F0B503AF2DE9000FC5
:10FA40008DB00B680646186888B1187E0593CDE91D
:10FA5000012670B103281CD1194611F8140F88B182
:10FA6000032819D10020D3F81090049017E0FE204D
:10FA7000CDE00020194601F8140F51F8109C41F810
:10FA80000C9C01E0D3F808900020C3F80C9004907F
:10FA900064E0694812F0DFFA664812F0DCFA674960
:10FAA000D9F808000968C90540F0BB80654909F02C
:10FAB00051FFD0E900640D4606903830D9E900BA0C
:10FAC000079005F0ADFC311A64F10002BBEB0103B5
:10FAD0004FF000087AEB020338BF4FF00108B8F18D
:10FAE000000F31D1ABEB0106B04249D908AC079900
:10FAF000204609F079FB204631460FF047FB0028ED
:10FB000000F0898018F01FFF314306D0817800880B
:10FB100040EA01400390000A11E008A8079914F098
:10FB2000FBF99DF82000FF2878D00698DDE90864ED
:10FB3000243014F0DAF9300A039640EA04601BF12D
:10FB400001014AF100020490C9E9001218F081FC99
:10FB5000B8F1000F05D0059BD3F80C90C3F81090B6
:10FB60009DE7039B0120059AD9B2FF29107508BFB4
:10FB7000032010761DD00020029E1060049A3BE006
:10FB80000198DDF818A0029E02685AF808CFD2E961
:10FB900000940AF104084FEACC01424661B11346D1
:10FBA000083958680832844204BF18688145F5D185
:10FBB0001AE0FF23029E1FE0BCF1030F04BF504672
:10FBC00014F03BF9D9F8001020468847DAF80020F5
:10FBD000022A08D848F8320008EBC2004160501CE5
:10FBE000CAF8000000E008BB2868FF23059901302F
:10FBF0002860032008760875100AD9B2B07041EA6F
:10FC0000022030800520FF2908BF4FF0FF30F07040
:10FC10000DB018F0A0BA0E4812F058F90B4812F0C7
:10FC200055F9074812F014FB12F0BCFB18F076FEF1
:10FC30000548F7E760050400C40A040004ED00E08D
:10FC4000AE000000240A04009E0000007C0F0400A7
:10FC50006C0F0400F0B503AF2DE9000F8BB00B68FB
:10FC6000196849B1197C0493CDE9022039B10329FF
:10FC70000AD1D3F80C800CE0FE21C170A9E0D3F8C2
:10FC80000480C3F8088002E0594812F0E4F9C3F890
:10FC90000C805849D8F808000968C90540F0A280CE
:10FCA000564909F057FE0646F0E802B58946D8E9FC
:10FCB000004A05F0A6FBBBEB000165F10002631AE8
:10FCC0007AEB02030AD2C8E90012D9F80000049BBB
:10FCD0000130C9F80000D3F80880D8E7611A4D4612
:10FCE00006F10809884221D9029406ACD3468A4617
:10FCF0002046494609F053FA204651460FF058FA7B
:10FD0000002869D001690139016151EA0A011BD05B
:10FD1000C478D0F80A20D0F80630B0F80490817882
:10FD20008DF816100188ADF814102AE0029818F02A
:10FD3000BAFD06F1B40005F0DFFC28680499013033
:10FD40002860032008742AE006A8494614F0A2F8A7
:10FD50009DF81B40022C42D09DF81A008DF8160029
:10FD6000BDF81800ADF81400DDF81E00019006F192
:10FD7000D800DDF822A0BDF81C9014F0ACF8019B6F
:10FD80005246029801304BF10001C8E90001286891
:10FD90000499013028600120022C087401D1FF244D
:10FDA00009E000200860BDF81400ADF818009DF8C7
:10FDB00016008DF81A0003999DF81A008870BDF896
:10FDC0001800C1F806300880A1F80490CC70C1F882
:10FDD0000A200BB018F0BFB90A4812F077F80848AB
:10FDE00012F074F8044812F033FA12F0DBFA00BF94
:10FDF0006005040004ED00E0AE000000240A0400E9
:10FE00007C0F04006C0F0400F0B503AF2DE9FE0F6A
:10FE100088460168086868B1087E029160B10328CD
:10FE200017D10A4612F8140F019278B1032813D1A2
:10FE30000E6915E0FF20BAE000200A4602F8140F10
:10FE4000019252F8106C42F80C6C00E08E68CE60A3
:10FE500005E05F4812F0FFF85C4812F0FCF80E6114
:10FE60005C49B0680968C90540F0A4805B4909F0A5
:10FE700071FD0546D0E90032007C8A46D6E9009B38
:10FE8000022130B9D5E90241A142A1EB040138BFFA
:10FE900002315B1A62F10002B9EB03047BEB02044E
:10FEA00009D2DAF8000002990130C6E90032CAF836
:10FEB0000000CE68D3E7A9EB0304A14211D9D5E92C
:10FEC000022105F11403914208BF002817D003EB6B
:10FED000C200914291BFC2F102028A1A002104239A
:10FEE00011E0D8F80000D0E9001205F1240005F077
:10FEF000D1FB18F02FFE03200870012047E00022FC
:10FF000004200423002103EBC101039000EBC20095
:10FF1000059306910490009454B103ACDDF8008081
:10FF200020460BF03DFA002849D0B8F10108F7D17E
:10FF300003A80BF035FA002841D04168009A013936
:10FF40004160114302D0B0F8008015E0D5E902010C
:10FF5000884202D1297CC90734D000212974411C70
:10FF60008A1E18BF0A4605F11401AA6031F83080D4
:10FF700005F1300013F0B9FF19F101004BF1000158
:10FF8000C6E9000118F0E6FD012008700020C10755
:10FF90004FF0010118BF0321029A117618BF01200A
:10FFA000C00711BF0220002010604FEA084007B0D0
:10FFB00018F05CBA084812F04BF912F0F3F909484E
:10FFC00011F084FF064811F081FF00BF60050400B6
:10FFD000C40A040004ED00E0AE000000240A04009E
:10FFE0007C0F04006C0F0400D0B502AF04682068D9
:10FFF00030B1207E30B1032808D00F4812F02BF822
:020000021000EC
:10000000FF20D0BD002020756068A060096804F161
:10001000080000F01BFBC1B201200122022908BF29
:100020000322227601D10220D0BD00222260C9071E
:1000300018BF40F20110D0BDC40A0400F0B503AFF0
:100040002DE90007804691F830000D46DFE800F00A
:100050000383861C4B00D5E9004005F11009AC6014
:10006000616801EB003648462021EE602DF013FB5D
:100070003C4A484601210EF0AFFF0022C5E90D4081
:1000800085F84420C5E90F1605F1340004F0B6FFE9
:10009000411C2ED12E46552116F8100F4FF00009A5
:1000A000314A01EA5001401A332101EA900100F07F
:1000B0003300084400EB101000F00F0005284FF04B
:1000C000000038BF012086F824003046012156E99F
:1000D00002A40EF081FF04F6FF7286F83890C6E99C
:1000E0000AA0C6E90C1205F1380004F087FF411C94
:1000F0000BD020F0FF010022C0B20123084385F895
:100100003030C8E9002018F0BAB9287C552295F89B
:10011000341002EA5002801A332202EA900200F000
:100120003300104400EB101000F00F0041B100212B
:100130004FF0FF3204284FF0000088BF0120DBE7BA
:10014000042883BF002102204FF0FF3200209CBF13
:1001500002220021D0E7024811F07DFFFEDE00BF41
:10016000300404002004040040040400F0B503AF90
:100170004DF804BD84B0054691F889000C4620B1C5
:10018000032829D0274811F066FFD4F884100023F3
:1001900094F88A20616184F88820D1E901122069ED
:1001A000511A38BF19460A0B0126012A88BF0E0BC7
:1001B000C4E90060C4E9023620460AF04FFCC007DB
:1001C0004FF0000021D084F8300004F1880062690B
:1001D000C4E90610C4E9082104F1200101A800F0D7
:1001E00093F80199881C0CD002984A1C10D1E1693F
:1001F000C0B209788142DFD1A26901204FF0FF31FE
:1002000007E018F045F9032007E04FF0FF3100E068
:10021000039AC5E900100120AA6084F8890004B09F
:1002200018F07DB850040400F0B503AF2DE9F00BD1
:100230000546087C0C469046DFE800F00360630842
:100240003D00002084F8240018F07DFC04F114091E
:1002500001A8494600F058F80198811C03D118F014
:1002600017F9032046E09DF80860411C08D09DF86E
:100270000B10BDF80920DDF80C8042EA014133E0A3
:10028000022E89F800602DD1A16804F174060120C6
:1002900060750873304620212DF0FDF9D4E9020184
:1002A0000023426884F87030042302EB0131C4E972
:1002B0000606C4E9083104F118094146484604F02D
:1002C0002BFF0646023003D118F0E2F8042011E0BB
:1002D00048468846F6F71FF8701C02D0310A002005
:1002E00002E0667D4FF0FF30F2B242EA012185E87C
:1002F000030101202074BDE80F0BF0BD014811F08F
:10030000AAFEFEDE60040400B0B502AF8AB0054666
:10031000087C0C46DFE800F0035E61140800002052
:1003200084F8440018F00FFC04F1140103A8FFF74F
:1003300085FE0398811C0FD118F0AAF804203CE038
:1003400004F1180103A8FFF779FE0398811C11D16D
:1003500018F09EF8032030E0DDF81110421C0691E1
:100360000599CDF81B109DF810101BD0069ADDF8EA
:100370001B300CE0DDF81110421C01910599CDF8FD
:1003800007109DF8101006D0019ADDF80730CDF85F
:100390002330089208E0204607F82D1C10F8142F8F
:1003A0008A420DD14FF0FF30297128600898DDF89E
:1003B0002310C5F805000120A96020740AB0B0BD63
:1003C0000649049104F10C010391A7F12D0103AA40
:1003D000F5F7EFFF024811F03EFEFEDE9F19020026
:1003E00080040400F0B503AF2DE9000B804691F8BE
:1003F00058000D4620B103280AD0144811F02BFEF6
:1004000028680024D0E9011385F854402C1D0BC442
:1004100005F104091146484604F016FE064602306E
:1004200003D103206FF0010609E048460C46F5F7BA
:1004300066FF701CC8E9016418BF0026012085F81A
:100440005800C8F8006017F0F9BF00BFA00404000E
:10045000F0B503AF2DE9000B804691F85C000D4626
:1004600020B1032811D0174811F0F5FDD5E900019E
:10047000012300240373436885F8584005F10804FC
:1004800003EB013101F580530BC405F10809114656
:10049000484604F0D9FD0646023003D103206FF030
:1004A000010609E048460C46F5F729FF701CC8E92B
:1004B000016418BF0026012085F85C00C8F80060C0
:1004C00017F0BCBFB0040400F0B503AF2DE9000F76
:1004D00089B00091017B029019B1032904D184688D
:1004E00006E00468446002E0514811F0B4FD846005
:1004F0005049A0680968C90540F090804F4909F04B
:1005000029FA8046F0E802950E46D4E900BA039035
:1005100004F068FFB9EB000165F10002BBEB0103D9
:100520007AEB020306D2C4E9001218F00AFC029822
:100530004468DCE7D146DDF80CA0ABEB0101019685
:10054000884213D904AE0D465146304608F002FEEB
:10055000304629460EF01AFE002859D018F0F3F95B
:10056000294331D05D46D0F800B03CE045460098C4
:1005700055F854AFD0E900B405F104084FEACA00B9
:10058000424648B1114608384B6808329C4204BFC5
:1005900009688B45F5D12EE0BAF1060F04D1284643
:1005A00005F0E6F8D5F800A0DBF8001020468847F3
:1005B000BAF1050F1ED848F83A0008EBCA004160AE
:1005C0000AF10100286016E004A851465D4608F0D3
:1005D000CFFD9DF8100002281DD008F18800DDF83D
:1005E00010B013F078FC681C49F10001C4E9000167
:1005F000012003E0B8B94FF0020B0320019E3168DF
:100600000131316002990873584609B017F02EBFC6
:100610000D4811F05BFC0B4811F058FC064811F036
:1006200017FE11F0BFFE18F079F90548F7E700BF93
:100630006005040004ED00E0AE000000240A0400A0
:100640009E0000007C0F04006C0F0400F0B503AFA7
:100650002DE9000F89B00191017B039019B10329A5
:1006600004D1856806E00568456002E04E4811F057
:10067000F2FC85604D49A8680968C90540F08B8087
:100680004C4909F067F98246F0E8029B8846D5E9B3
:100690000046049004F0D3FEB9EB00016BF10002B8
:1006A000631A76EB020309D2D8F80000C5E90012FC
:1006B0000130C8F8000003984568DAE7CDF808A0D3
:1006C000B146DDF810A0661AB04212D90DF1140B34
:1006D0005146584608F0A0FD584631460EF056FDEA
:1006E000002852D018F02FF931432CD090F800B0E8
:1006F00035E0029E019856F824CFD0E900A4351DBC
:100700004FEACC012B4649B11A46083950680833E4
:10071000844204BF10688245F5D12AE0BCF1020F83
:1007200004BF304613F0A0FBDAF8001020468847DB
:100730003268012A1CD845F8320005EBC20041603E
:10074000501C306015E0504608F07EFD5FFA80FBDB
:10075000BBF1020F1CD00298383013F0C6FB601CAE
:1007600049F10001C5E900010BF00100012102E09F
:10077000B0B902200321D8F800200132C8F80020C7
:10078000039A117309B017F071BE0D4811F09EFB6A
:100790000A4811F09BFB064811F05AFD11F002FEC9
:1007A00018F0BCF80448F7E76005040004ED00E029
:1007B000AE000000240A04009E0000007C0F04002C
:1007C0006C0F0400F0B503AF2DE9F80F044690F864
:1007D00020000091604A04F1240BDFE800F003B828
:1007E000BB0F6A000020944684F8220059466069D5
:1007F000A061204690E86C006CC162464FF48076A0
:100800009046C2F88060BFF34F8FBFF36F8F12F036
:1008100085FC0098524DD0E9001205F1200012F03D
:100820009EF9D5E9000101302860C8F8006009B1DF
:10083000032071E04FF00009264606F8219F494841
:1008400031462BF001FB002877D40120E66184F8C3
:1008500022000DF1040A9BE84E004FF4807B5046C5
:100860004EC0C8F880B0BFF34F8FBFF36F8F12F048
:1008700055FC6FF001006861281D9AE84E004EC0DB
:1008800047F23050686340F20110A885A069E86122
:1008900000F57A70286317F0DCFD05F8289FC8F88A
:1008A00000B094F8210029462BF022FB4246002894
:1008B00037D44FF480781546C2F88080BFF34F8F4D
:1008C000BFF36F8F12F02AFC0098254ED0E900127A
:1008D00006F1200012F043F930686FF00101D6E90B
:1008E000059A01303060716119F10200C5F800808D
:1008F00011D019F1010015D194F821004FF0000931
:1009000084F822902BF0D6FA00280AD484F822909A
:100910004FF0FF3912E0042084F820006FF0010945
:100920000FE0824694F8220018B1E0690078F5F7EC
:100930000DF8002084F8220000E08246012084F8AF
:1009400020004846514605B0BDE8000FF0BD034801
:1009500011F081FBFEDE00BF00E100E0B405040001
:100960005879032011330200F0B503AF4DF804BDF0
:100970000446007A154D20B103280FD0144811F019
:100980006AFB144A60681060012050600022C5F8BC
:1009900004210222C5F80423286068600E48D1E9CA
:1009A0000012203012F018F9D5F8046136B1002099
:1009B000C5F80401F5F71AF9012000E003202072C0
:1009C000B6FA86F0400917F08FBC00BF00700040F7
:1009D000E40504002C760040F8E60320F0B503AFF0
:1009E0002DE9F00B0546087B0C46DFE800F00369B3
:1009F0006C0A320020686060406800F5C0602061C9
:100A000000E0206911460AF00BF8E0B3A0606068CE
:100A1000406807F003FDA0B36068406800F1100172
:100A200002A816F09FFA9DF80800012829D104F1C8
:100A30001000BDF80D10ADF8041081806168DDF87C
:100A40000920026009680092002284F82020C4E98D
:100A5000061004F1180102A804F0CAFB9DF8080072
:100A6000FF2814D00298C1B2022914D160684668E8
:100A700011F012FF626817F074FDC6F81806C6F888
:100A80001C16FE260FE0FD202870032014E0FD2038
:100A90002870042010E0DDF80C90010A00F001003D
:100AA000464241EA0968A068F5F7B2F80120C5F8A6
:100AB000049085F801802E702073BDE80F0BF0BD07
:100AC000014811F0C8FAFEDEB4060400F0B503AF29
:100AD0002DE9000FA3B0814691F8A80001F1400A6A
:100AE00088461546DFE810F00B0026022C022F0086
:100AF0007D001B00C000EA0027018701290308F1DF
:100B00002000D8F8886041462022C8F88C602CF07C
:100B10005EFF706800F5C060C8F8B00015E098F896
:100B20001D0108F21D110191DFE810F00700070216
:100B30000A023D01D7013A0145010AF17003D8F8D4
:100B400018510FCB8EE1D8F8B000294609F068FFA4
:100B5000002800F01081C8F89000D8F88C00406898
:100B600000F5BA6004F0B8FC002800F0B380D8F8B3
:100B70008C00406800F5B76004F0AEFC002800F07F
:100B8000A980D8F88C00CB46406800F5BD6004F021
:100B9000A3FC002800F09F80D8F88C0008F1B00971
:100BA000406800F11001504616F0B4F99AE82E00A2
:100BB00042EA050041EA030630430AF1100011BF82
:100BC0002EC00021C0E90011C0E90211D8F88C1034
:100BD000002088F8B0000968C8E92D19D94688F8BE
:100BE000BC001AAD08F1B401284604F0D3F917F09F
:100BF00005FE00F0C4801A98C1B2022940F0C780F7
:100C0000D8F82000022800F0D980012840F01B818C
:100C100008F1280C0AF120019CE87D007DC10AF151
:100C2000200317F031FB00F00A8198F8764088F82D
:100C3000A9400AF138040FC4DFF8F40511F008FBED
:100C400098F8A900414601F8B00F31F83C0C51F872
:100C5000242CA1F8050051F8400CC1F801001068DF
:100C600000220A74C1E9020108F1B8011AA804F0CF
:100C7000E7FA17F0C3FD00F0868098F8A900454612
:100C800005F8B00F1022A5F1380155F8400CC5F851
:100C9000010035F83C0CA5F80500E81D2CF097FE86
:100CA00005F11700A5F1600117F0BEFA55F8240C04
:100CB0000021006885F83010C5E90A0508F1D8015F
:100CC0001AA804F0A9FA17F099FD06D117F04DFD06
:100CD00007209DE2CB46FE2589E217F006FFCDF8FE
:100CE0001B20069110D08DF868000698CDF8690099
:100CF000DFF84005DDF81B101B9111F09DFA1AA8D2
:100D0000F4F7E4F811F000FC98F8A900414601F866
:100D1000BC0F0120C87151F84C0C51F8302CC1F8AF
:100D2000010031F8480CA1F805001068002201F814
:100D3000042C41E9030108F1B0011AA804F03EF9BE
:100D400017F05CFD03D117F010FD082060E217F0EA
:100D5000CCFECDF82320089171D08DF8680008985A
:100D6000CDF86900DFF8D004DDF823101B9111F0F5
:100D700063FA1AA85FE017F0F8FC032048E217F0C6
:100D8000F4FC042044E217F0F0FC062040E21B9E35
:100D9000010A00F00100CB46454241EA066926E21D
:100DA000CDF80090CDE098F82801C0076DD0DFF8AD
:100DB0006C0411F050F9CDF80090EAE008F1280039
:100DC0005EC85EC500882880DFF85C0498F83E4065
:100DD00011F03EFA4046BDF87C1000F8B04F0022FA
:100DE000A0F805101E99C0F8011050F8241C0968DD
:100DF0000274C0E9021008F1B80110A804F020FA4A
:100E00009DF84000FF2803D117F0AFFC0920FFE157
:100E100017F0C0FECDF82B200A9110D08DF84000BD
:100E20000A98CDF84100DFF80404DDF82B10119189
:100E300011F002FA10A8F4F749F811F065FBFE2052
:100E400088F894006EE100200AF1700488F81D0112
:100E50009AE80F00D8F88C500FC408F21D14C8F897
:100E6000185101940AF18004C8F810510FC4DFF83A
:100E7000CC0311F0EDF9D8F810010021006888F8D2
:100E8000281108F59071C8E948011EF01EFA0121E9
:100E900088F8281108B100213AE10AF18003CDF861
:100EA000009017F0F1F90AF1900539D008F5907922
:100EB00085E80F00172148462CF032FD08F2371064
:100EC000294617F0B1F9D8F810010068C8E95209AD
:100ED0000020DDF8009088F8500108F5A4711AA8E8
:100EE00004F09AF917F08AFC01D1042076E017F09B
:100EF000FCFDCDF86320CDF80090189115D08DF849
:100F000068001898CDF86900CD48DDF863101B9192
:100F100011F092F91AA8F3F7D9FF11F0F5FA04E0ED
:100F20000020C5E90000C5E902004FF0000BC8F839
:100F300014B16CE0BB4811F08EF8B94811F08BF891
:100F4000FEDE08F5A47110A804F066F99DF84000D3
:100F5000FF283ED017F01EFECDF88720219143D107
:100F60000120D8F8101188F8330198F81C0188F88E
:100F70002C01D8F80001C8F82D01B8F80401A8F830
:100F800031010868002188F8281108F59671C8E930
:100F9000480108F5907110A804F010F89DF8400081
:100FA000FF2818D017F0F6FDCDF83B200E912CD07D
:100FB0008DF840000E98CDF84100A448DDF83B10B4
:100FC000119111F039F910A8F3F780FF11F09CFA94
:100FD0001BE0052000E00620DDF800900199087074
:100FE00017F0C3FB052013E18DF840002198CDF8E0
:100FF00041009548DDF88710119111F01DF910A8F6
:10100000F3F764FF11F080FA7CE0D8F814B1D8F857
:1010100010018C4B4068D0E9041210A816F014F8A7
:1010200010994FF0020C0A68934519D20BEB4B0054
:1010300001EB001E0EF1180CDEF808000590DEF83A
:101040000C000490DEF810000290DEF814901AAA4A
:101050009CE87B007BC29EF831C09EF83000039074
:1010600012990A68013A0A60BCF1020F4AD0059849
:1010700008F1F00ECAF8A0000498CAF8A40002987B
:10108000CAE92A091AAA92E87B008EE87B00039835
:1010900088F80801D8F81401DAE92C320130C8F8D0
:1010A0001401DAE92E0142EA010488F809C143EA91
:1010B00000052C43A9D0CAF8E7301E9BCAF8EB20E4
:1010C00098F80621CAF8EF0008F23710CAF8F310B2
:1010D00008F1D001C8F82131BDF87C3088F8202112
:1010E00088F81C211022A8F825312CF070FCD8F8C3
:1010F000100108F590710068C8E95201002088F8D5
:1011000050011EE7524811F0A3F8DDF80090FE21CF
:10111000012288F8950088F81D210022C8F898203F
:1011200088F894100120414601F8B00F002251F8D0
:10113000240C00680A73C1E901011AAE08F1B40178
:10114000304603F027FF17F059FB03D117F00DFBD2
:101150000A205DE01B9ACB46DDF869100228CDF825
:1011600033200C910ED108F19C00D8F89860B8F8A3
:1011700096A098F8945098F8959015A990E81C00BE
:101180001CC134E08DF838000C98CDF83900314896
:10119000DDF833100F9111F04FF80EA8F3F796FE1B
:1011A00011F0B2F908F1940E0DF1400C9EE83B00ED
:1011B00062463BC29DF840509DF84190FE2D18BFFD
:1011C000664606F10800B6F802A0DDE90EEC119EB5
:1011D00015AB90E816000EF0010016C308BF664676
:1011E00008BF45424FEA1E2008BF40EA0C69D8F804
:1011F0009000F4F70DFDCBF804600BF10800ABF89C
:1012000002A08BF801908BF8005015A917F04CFD47
:1012100088F8A80023B016F09EBF00BF640A04003F
:10122000E4060400C4060400260000007C00000060
:1012300025000000790000007D000000240000006F
:1012400078000000BC3E04007A0000007E00000030
:10125000280000007B000000F0B503AF2DE9000777
:101260000546087C0C469146DFE800F00364670AF7
:101270001C002068A1896060E18117F070FB60614B
:1012800004F11400494609F0BBFB38B3A0600088A4
:10129000A08200283FD06068466804F10E00C4E9CF
:1012A000066001E0D4E90660B0F8008056F8080F47
:1012B0007168424608F016F9A0B18A4690F86F139B
:1012C00001291AD1D9F8001000F51E7016F068FF38
:1012D0000220286016F06EFF042028E0022028601B
:1012E000032024E0164810F0A7FF40460EF02AFF26
:1012F00011F00AF9142001210FE0012180F86F1389
:1013000016F058FFD4E90101D1F804C00021A28AE7
:10131000E389006801E01B200121C5E900100120DC
:10132000EA82AB82C5F810C0A5F80C80AE602074CC
:1013300017F0A5B8014810F08EFEFEDEF40604009A
:1013400091000000F0B503AF2DE90007ADF5467D33
:10135000804691F8D8018A4620B103280ED02C4847
:1013600010F079FEDAF80000514641F8080F00202D
:1013700051F8043C17F075F9C1E90C010AF10C09A8
:101380006D4628464946F9F78BFC9DF80040FD2C38
:1013900004D1FE2088F80000032033E080AE691CF1
:1013A0000F2216F0ECFE05F1100142A8F8222BF0F6
:1013B000B9FC4846F4F76CFDFE2C0AD16D46F11CD1
:1013C00028460C222CF003FB2846F4F72DFAFF24C4
:1013D00009E0C2A80ECE0EC0F82217F04FFB84A879
:1013E00042A92BF09FFC454608F1010005F8104B7F
:1013F000C2A90F222CF0EBFA84A92846F8222BF080
:1014000091FC01208AF8D8010DF5467D17F037B818
:1014100004070400F0B503AF4DF804BD054691F88C
:1014200000020C4620B103280ED0114810F013FE24
:101430002068214641F80C0F002051E9023617F0D0
:1014400010F901F12C0343C304F11006284631467C
:10145000FAF75EFC2868023001D1032003E0304631
:10146000F4F72BFD012084F8000216F058BF00BFEE
:1014700014070400F0B503AF2DE9000FADF5517D61
:1014800013461F9001F108001E90887C8A460021B7
:1014900000251C91CDF8ACA02793DFE810F01A00CE
:1014A000DB01260F7A007100D202A20064005D0009
:1014B000A9009A00B10036002600FA04B9006B00BA
:1014C000DA004500020EEF00C100160159000301C9
:1014D0002F00DAF804005146CAF800000022006824
:1014E00041F8140F0A72496059E09AF82000C007C9
:1014F00000F09D84DFF8480E10F0ADFD00201A6862
:101500001C904FF0000801F03DBA554615F81C0F2D
:10151000A5F10804DFE810F005008601E90EF703E5
:10152000E000206800F0E9BB5446002114F81C0FCD
:101530001B9116F0D7FDDFE810F005007501D80EFD
:10154000F809D800DAF8140000211C9101F0E5B97F
:101550001A68002001F0FCBC17F0EDF940F066813C
:10156000DAF81800DCE217F0E6F940F06381DAF807
:101570001800AFE200204FF000081C9001F000B806
:101580009AF82800C00700F0A781DFF8B80D10F026
:1015900062FD17F0D0F940F05181DAF814000168CB
:1015A000002940F03B810221017119F011FA17F076
:1015B00088F88AF81C0040F0AC860AF13404202137
:1015C000202517F084FB0820CAE90545CAF81C004D
:1015D00068E117F0B0F900F0ED82DFF86C0D10F063
:1015E0003AFD17F0A8F940F02D81DAF8180058E21A
:1015F00017F0A1F900F0B082DFF8500D10F02BFDCC
:101600009AF82400C00740F02181DAF8205046E320
:101610000020DAF850901C9000201B9000F085BC50
:101620005446002114F81E0F1B9116F05BFDDFE8F5
:1016300010F00500F9005C0ECF0D67001B959AF8BD
:1016400020109AF81F20DAF8180000251C9501F0E8
:10165000B5BD544614F8320FA4F11E05DFE810F0B2
:101660000500FE00450E75005D00DAE905604FF0EB
:101670000008169000201C9001F0B8B954460021D3
:1016800014F8280F1B9116F02DFDDFE810F005006F
:10169000CB002E0E9D0C7600DAF8140000211C9170
:1016A00001F082BC544614F8580FDFE810F0050032
:1016B000DB001E0E89007300DAE914801D90002003
:1016C0001B9000201C9000F0C4BF00201A681C90E2
:1016D00000201B9001F0BDBC9AF82800C00700F064
:1016E0001C83DFF86C0C10F0B6FC9AF82800C007D9
:1016F00040F0BC8000201B9000201C9001F023B91A
:101700009AF82C00C00740F0B5800021DAE90905FD
:101710001B9100211C9101F06ABD16F07FFE16F0AE
:10172000E1FCDFE810F00500AF00E20D0F0A4F0A00
:1017300016F08EFFDAE90E509AF85E2000211C9117
:101740001D99A1F1270801F0C6B916F067FE16F041
:10175000C9FCDFE810F005009700CA0DE00A1A0B7B
:1017600016F076FFDAE90E309AF85E5000211C91EF
:101770001D99A1F1270801F085BA9AF83400C00735
:1017800040F07C800021DAE90B051B9100211C91BF
:1017900001F02BBC5546002115F8A40F1B9116F043
:1017A000A1FCDFE810F005007300A20D390823004A
:1017B0000020DAF864801B9000201C9001F01CB817
:1017C0005546002115F88C0F1B9116F08BFCDFE8B5
:1017D00010F0050029008C0D8C0B19000020DAF8A0
:1017E00060601B9000201C9001F070BB9AF8B00064
:1017F000C0074FD10021DAF8AC001B9100211C91E9
:1018000001F01BB89AF89800C00747D10021DAF818
:1018100094001B9100211C9101F078BBDFF8340B80
:1018200010F05EFBDFF8300B10F015FCDFF82C0B2E
:1018300010F011FCDFF8280B10F00DFCDFF8240B82
:1018400010F009FCDFF8200B10F005FCDFF81C0B92
:1018500010F001FCDFF8180B10F0FDFBDFF8140BA3
:1018600010F0F9FBDFF8100B10F0F5FBDFF80C0BB4
:1018700010F0F1FBDFF8080B10F0EDFBDFF8040BC4
:1018800010F0E9FBDFF8000B10F0E5FBDFF8FC0AD5
:1018900010F0E1FBDFF8F80A10F0DDFBDFF8F40AE6
:1018A00010F0D9FB0AF11408002D49D0DAF81C1009
:1018B000DAF81400A94228BF29466A1A4318CAE96F
:1018C0000532E8B3CAE90B010021DAF8000000682C
:1018D0008AF82810CAE908080024CDE97A447AA8D1
:1018E0001DF001FD002872D182A87AA908220EF00D
:1018F00007FF8498002800F002838598002840F0B4
:101900000083DDE98201CDE95A015AA84CA916F0FD
:1019100043FD2CA80CC90CC008230A8889780280D2
:101920008170DDE92C01CDE97201DAE90B01DFF804
:10193000682A009272AA12F063F8DAF81850B1E738
:10194000DAF800000AF13401202244685AAD16F09A
:1019500041FCDFF8481A04F1180007F0FBFF82AEE3
:10196000044689462946304615F0C0FB04F5A47BA1
:1019700031464FF49C7258462BF0D4F982AE59464A
:10198000304614F052FA04F5207B314620225846A6
:101990002CF01DF882AE5946304615F0F5FB04F5E3
:1019A0002870314640222CF012F816F009FC16F08F
:1019B000CEFF0168CA071FD04268090A0124130A32
:1019C00041EA0261ADF86D31CDF8691115E0000210
:1019D000CDF86F41CDF86B015AA84CA916F0DCFC8C
:1019E0002CA80CC90CC00A88897802808170DDF8A7
:1019F000B300DDF8B79077E2002400F11001304623
:101A00008DF8684115F0AEFA9DF80802002818BF5D
:101A10003546D5F8011020432F91B5F80510ADF8E3
:101A2000C0102ED0BDF8C000A8F804002F98C8F848
:101A30000000DAF800000068CAE9070800208AF808
:101A400024000AF11C0182A803F0D2FB9DF80802D1
:101A5000FF284DD08298C1B2022940F0438216F08F
:101A600076FF06F0CBFC60B1DAF80000446810F0B5
:101A700013FFDAF8002016F074FDC4F81806C4F855
:101A80001C16B14848F29C01CAF82400504640F8A0
:101A9000201F0022DAF8001009688AF81C20CAE921
:101AA000051019F0A5FA8046012000258AF81C00CF
:101AB000B8F1000F40F02D844FF00071504640F80F
:101AC000201FDAF80010CAF8245009688AF81C5060
:101AD000CAE9051019F09EFA80460120B8F1010FFD
:101AE0008AF81C000AD0B8F1000F40F0128409E017
:101AF0001F99FD200870052000F01CBCDFF8A0082D
:101B000010F0A6FB914A504640F8202F0021DAF849
:101B10000020CAF8241012688AF81C10CAE90520AF
:101B200019F082FA16F0CDFD8AF81C0040F0F1831E
:101B3000DFF8700810F080FBFB2010F06FFB202016
:101B400010F06CFB10F0E0FCDAF800005146006881
:101B500041F8140F0D72496000208DF868015AA8F1
:101B60001DF056FB78BB82A85AA901220EF02EFD6B
:101B70009DF808028399002900F0C6818499002904
:101B800040F0C6818AF80E0001208AF81C000AF194
:101B90001404DFF8140810F04FFB9AF80E000EF052
:101BA0005FFC10F0B1FCDAF8000000688AF81C5005
:101BB000CAE9050400208DF80A02ADF8080282A8DF
:101BC0001DF098FB20B1804601208AF81C00A0E39C
:101BD0009DF80A420121BDF808024FF6FF728AF80B
:101BE0001C100AF1080340EA04400AF1140501023E
:101BF000C0B291435C7241EA0026300AA3F80700A4
:101C0000DFF8A80710F018FB204610F007FBC6F31A
:101C10000F2010F003FB10F077FCDAF80000DFF87B
:101C200090179AF81140466806F5787013F02AFB71
:101C300084610868DFF87C3701300860D6E9021259
:101C400082A807F0A8FE4FF45E71DDE982025143DD
:101C500031B1C0F84043A1F55E7100F55E70F7E761
:101C6000849816F044FBDFF8500710F0E5FA0120E5
:101C700001240EF02FFAFF20FF260EF02BFA10F0B1
:101C800043FCDAF800100020CAF817408AF8160062
:101C9000AAF8146009688AF82400CAE907152846DA
:101CA0001DF09CFA01218AF8241018B1DFF80C0706
:101CB00010F0CEFADAF800009AF81140BAF80F6086
:101CC000456811F07BFD95F86C1631B90121C5F816
:101CD0006466C5F8684685F86C1611F0A5FDDFF856
:101CE000E00610F0B5FADAF80000544644F8140F94
:101CF0000021279B254605F8081FCAF8180016F092
:101D00002EFECAF820000AF1200016F044FDA0B112
:101D1000DAF81800002116F0BEFD0020ADF83401FD
:101D20004C904CA81DF0F0FA90B1804601208AF842
:101D30001C008AF8280001F0F5B91F9903202870CB
:101D4000FD2008700C20F5E200800020571A0300E7
:101D500082A84CA906220EF01DFC9DF8085284981A
:101D6000002800F0D5808598002840F0D0809DF8AC
:101D70000D020122DDF8091200028AF828208AF8F3
:101D80001C2045EA01225A9240EA1160ADF86C012C
:101D9000DDF86B010AF10802AAF80910010C8AF8B3
:101DA00008505171A2F803009088116808431BD0B5
:101DB0000AF1080100208DF8CA008888ADF8C80033
:101DC00008683190DFF8FC0510F036FA31A814F0FD
:101DD000DDF810F099FB16F0BAFD0178012903D067
:101DE000103031A915F0AAF816F0B1FDD0F8101690
:101DF000D0F81406CB0B01F00041C20B43EA40457A
:101E00006FF3DF304018CAE90A5240F2012008BFE0
:101E10001804010640F08280000C0021AAF814008A
:101E2000DAF8000000688AF82010CAE90604DAF837
:101E30001C001DF031FA16F044FC8AF8200041F035
:101E40007181DFF8840510F0F7F9DAE90A01F3F798
:101E500099F910F059FB16F07AFD06F0CFFA00243C
:101E6000D8B3DAF80000DFF86415406800F5C46004
:101E700007F070FD4FF0FF32279BC0E9002216F0FB
:101E8000D6F9DAF80000CAE906448AF8C040CAF870
:101E9000A0001A680AF1180482AD21462846FEF710
:101EA00015FE16F044FD04D11F99FD2008700E2088
:101EB00040E208350DF1CC0B204616F055FA594694
:101EC0009DF8098295E81C001CC1F4F716F9FE2E56
:101ED00011D1DFF8FC0410F0BBF900201C900020A9
:101EE0001B908BE2DDF80C92010A00F0010041EA40
:101EF000096845420FE26BA89BE80E00C9E29DF815
:101F00000842DFF8D004C7E200F0010500E0002538
:101F1000DFF8C00410F090F92846C0E2DFF8B804FA
:101F200010F08AF913F074F8BBE2DFF8B01409F589
:101F3000787013F0A7F90E46279910300D68D5E98F
:101F4000001210F00CFE3068DFF89434013030607D
:101F5000D9E9021282A815F077F8DDE982124FF470
:101F60005E7050434FF0FF3BA1F55E710AF15803DC
:101F70000AF118041D9528931794E8B101F55E72D3
:101F800091F8D4160BF1010BA0F55E7001291146F2
:101F9000F3D192F85D034FF0050818908498B2F8D9
:101FA0005823D9E902E90168269201390160100A33
:101FB000DDF8ACA01990A2E2849816F075FA2B987F
:101FC000DFF82014446D04F5AD66304613F05AF97D
:101FD0008846D5E90012303010F0C1FD0DF5027AC7
:101FE000D4F86015D4F86425DFF8FC33504607F0C8
:101FF0001CFDDDE982214FF4B07041430C324FF0FB
:10200000FF30B1B1134602F5B07513F80C29013059
:10201000A1F5B071042A2A46F3D91988002900F0E5
:102020006C815988D4F86095D4F864B50A0A849B09
:1020300002E00026849B00221C68013C1C60D8F84A
:1020400000300133C8F800304FF0060836B1B6460C
:102050002691CDE91802DDF8ACA050E22898DDF811
:10206000748006684146746804F5BA69484603F00E
:102070000BFAC0B2032102281FD104F5B760414614
:1020800003F002FADDE9115BC0B20421022817D186
:1020900004F5BD60414603F0F7F9C0B205210228FE
:1020A0000ED1706806F0AAF900B3706806F0B6F9B0
:1020B0000721D8B1AC46DE4605E0DDE911CE01E0EE
:1020C000AC46DE46269089464CA87AA94FF0000B14
:1020D0004FF0070890E87C007CC110981590CDE97E
:1020E00018ECCDE911CEDDF8ACA006E2484603F0CD
:1020F000F3F9A0B304F5B76003F0EEF978B304F593
:10210000BD6003F0E9F950B3B84904F5C46007F0C5
:1021100021FC88461D990646203016F041F8D6E984
:1021200000904FF0FF31C6E9001100EA09000130CC
:1021300013D0307A2690F07A109006F10C0096F8C1
:1021400009C096F80AE04CA990E87C007CC1D8F858
:1021500000000130C8F80000B6E715F041FF2B98E9
:10216000D0F828B0DBF80003002840F0C9804FF019
:10217000FF300F9DCBF8000300219BF810030128CE
:1021800005D10BF5727010F0DDFC9BF81013DBE944
:10219000C2024FF6FF79904201D1C90739D0002120
:1021A0008BF81013411CC0EBC000CA1E18BF0A46B2
:1021B000CBF808230BEBC000B0F818831FFA88F1A6
:1021C000494526D000F5467E52460EF1140C9EF885
:1021D000130002909EF812000890DEF804000490AC
:1021E000DEF808000590DEF80C000690BEF802004C
:1021F0000390BEF810409CE86B006BC20EF1280003
:1022000072A990E86C00200A6CC10F9D07941B9086
:1022100008E01D98D0E900120BF5707010F09FFCDB
:102220004FF6FF78DBF800031FFA88FC0130CBF88B
:102230000003CC4532D05AA99AE86D006DC172A84E
:102240006EA990E86C00A9F1010080B26CC18445D0
:10225000DDE906B0DDE902E3DDE90421089D09902E
:102260001B981C9025D1DDF8ACA004200E91CDE97F
:102270000AE39AF838100C92DDF8A8901D9E0F958D
:10228000CDF834B0DFE811F0050042003108230139
:102290000C08DAF83000CAF8340006E117981D99E6
:1022A00010F094FD0E990028DDE90C2BDDE90AE31E
:1022B000D9D10DF5B47C0E917AA9A94614469A4657
:1022C0009CE86D006DC16EA836A990E86C006CC1E9
:1022D000099826901C98CDF854E0CDE90AEAA64664
:1022E000CDF84CA00C94CDF83C90CDF860901990AE
:1022F000DDF83890CDF834B0ADE63D480FF0E6FD9E
:102300003C480FF099FF12F0ABFFCAE03A480FF0DB
:10231000A2FE4FF000091F99C1F8049001F10800D6
:10232000A1F802A081F801800D706BA916F0BCFC29
:10233000DDF8ACA08AF812000DF5517D15F00BBF49
:10234000840A0400E40B0400A40B0400D40B040072
:10235000A40A0400D4090400C4000400940B04007F
:10236000E40A0400E4090400340A0400D40A040066
:10237000840704003400040074010400C40B04004A
:10238000B40C0400C40C040094000400A400040075
:10239000F40B0400040C040094070400AC3E040099
:1023A00096000000530000004E00000051000000A5
:1023B000A8100400B81004004A00000070000000DB
:1023C0004F0000004800000049000000A40704007E
:1023D00050000000AC000000C4000000F810040031
:1023E00008110400DC0D0400EC0D040008100400CA
:1023F000FC0D0400C3000000D4060400DDF8ACA00E
:10240000DFF8E81EDAF80040D4F8049009F118006B
:1024100007F0AFFA90F83E8109F1100B06460D4621
:10242000B8F1020F20D110F037FA16F073F92A68CC
:10243000013A2A601D9AB8F1020F18BF1146289A76
:1024400018BF1046CAE906010020CAE914998AF8A3
:1024500038008AF82000DAF80000CAF85840CAF8B4
:1024600028B0CAF8300060E506F1200182A814F017
:10247000A3FC9DF80802FE2802D1D6E9480103E03A
:1024800010F00AFA16F046F928901D91DDF8ACA07C
:10249000C9E735460EC03EE70FF0CEFE204613F0EA
:1024A00051FE10F031F80FF07DFF10F0F5F9024603
:1024B000DAF834004068D0F81836D0F81C46D21A42
:1024C000A1410ED20020CAE910348AF848000AF16E
:1024D0004000314610F07AFC0028E6D0032000F0DE
:1024E000DFBE05F09BFF002800F0D986DDF8A4B020
:1024F00001204FF009088AF83800DDF868E07AA971
:102500000DF1F80C91E87900624679C236A83AA933
:1025100090E878000FFA88F00A46052878C2CDF8CE
:1025200068E053DB6FF0040010FA88F1279BDDF8B8
:102530006C801D9ADFE811F005003D02D601D90636
:10254000240215988AF83F0019988AF83D002698C9
:102550001E998AF83C0000208AF82200BAF83C0054
:10256000189CA1F81700DAF800008AF83E40CAE982
:102570000CE9CAF838B04C76CAF81800CDE929B988
:10258000CDF86C8082AC0AF114011A462046F5F7AA
:102590006BFA16F0CCF900F0CD8504F1080115F0C6
:1025A000E3FE002E9DF809825AA891E83800024601
:1025B00038C2354600F09380142D18BFFE2D00F070
:1025C00092801C2D00F08F8000F0EABD15988DF8E8
:1025D000430118988DF8420119988DF84101269809
:1025E0008DF840011398CDF834E10DF5987ECDF8C3
:1025F00038910EF11402ADF83201CDF83CB1ADF8CE
:1026000030819CE8790079C20EF1280091E83C0005
:102610003CC00220ADF868016FEA08005AA9000426
:1026200018BF714682AD382215F0D4FDDAF800608B
:1026300029461798382274682BF0C9F9002004F154
:1026400008088AF858001D96CAE91486CDE929B908
:10265000289C1E98DAE90CB9D0E90663D0E9082570
:102660005046008BBAF81AA0DFE810F00500980079
:10267000F3006B045E00D8E90001524606F010FF3B
:10268000002800F0058400F5107CA3460DF5F47ECB
:102690009CE87502734683E875020868DDF8AC9023
:1026A0000138086009F1A0039EE87610184680E81A
:1026B0007610D8E902125AA814F0DAFC9DF89101BC
:1026C000022840F0ED83DFF8440C0FF0C1FD4046D6
:1026D0005146052206F028FF5C4600F032BCB8F1F6
:1026E000020F40F05D852B98DFF84C3C00F1300480
:1026F00090F83E5016CC82A807F04DF983998C4291
:1027000080F0E48582984FF45E7104FB010090F83C
:102710005C13012902BF80F85D53022180F85C132D
:10272000849815F0E4FD69E61D98DFF8C41BCDF828
:102730005C8090464068CDF874A09A4600F5C4606D
:10274000289407F007F90C46D0E900120023C0E9ED
:1027500006B91140C0E90485A1F1FF31C0E9026A60
:10276000B1FA81F143604909169540F8201B10F039
:10277000E9F920681D9A01302060179816F042F898
:1027800050B1169AC0E9906AC0F84882C0E9932B0C
:10279000C0F8549215F04BFD289CD2E3D8E9000113
:1027A00093465246A1461C4606F07AFE002800F0E9
:1027B00069830A6890F86E03013A0A602B99002831
:1027C00081F8600040F062831E9A00202B460D467F
:1027D00005F8A40FDDF8748025F83CAC8A46C2E900
:1027E0001B644C46C2F86600C2F8620045F8408C93
:1027F00025F8320CC2E91DB30AF188000AF168011C
:102800001C22CAF884802BF0E2F8279BD8F8040039
:1028100000F26460CAF8A8000AF1A80015F0BBFF36
:10282000002800F08E84DAF88400016800208AF81D
:10283000B0000AF18800CAE92A101CF0CBFF15F09D
:1028400040FF8AF8B0008AF8A40000F07A8300F014
:1028500068BCDFF8A00AA2460FF0FAFC08F11009E4
:10286000DFF8941A484607F084F8064690F83E01CF
:102870000C46022800F0378206F120015AA814F015
:102880009BFA9DF86801FE2840F02D82D6F834119D
:10289000D6F83101CDF8031280902068DFF85C3A59
:1028A00001382060D8E900125AA807F074F8DDE971
:1028B0005A514FF45E7001FB00F680AC002E00F020
:1028C000C78495F85C03042807D105F510702146EC
:1028D00014F0AAFA002840F0B88405F55E75A6F554
:1028E0005E76EBE703210020D9F1020470EB0B00C8
:1028F00038BFA9F103011B9DDFE811F00500CC03EF
:1029000046038F032703DAF8000000215446CAF873
:10291000140004F81C1FCDF8A4B0CAF818004068D1
:102920001B9500F26460CAF820000AF1200015F03F
:1029300032FF002800F02284DAF818000021CDF8D8
:10294000A89015F0A8FF1CF091FE01218AF828102C
:102950008AF81C1070B18DF809020021DFF8B40963
:1029600083918DF808120FF067FC82A8F2F794FAB1
:102970000FF0CAFD15F0EBFF00F5BA6000F050BC97
:1029800015F0DEFDCDF86C800AF1140B82AC5946CF
:102990002046FEF723F815F0CAFF00F0A883DDF803
:1029A0000C9204F10800BDF80AA29DF8098268ACF7
:1029B000E2E2159856468AF8CF00544618985546D4
:1029C0008AF8CE0019988AF8CD002698DAF8001017
:1029D0008AF8CC00002046F8C0EFCAE9319B169176
:1029E000CAF8181004F8320F45F8146FD6E901122E
:1029F000DFF82439CDE92854CDF86C8082A807F09F
:102A000014F8B07B839914968142CDF8A89040F2D7
:102A1000538482994FF4B07210FB0210012190F898
:102A20000C8001FA08F111F0590F08BF457BB0F88E
:102A30005411B0F84CA1B0F80290048884982B9EF1
:102A40001D9115F031FD26F81C4F1221301D1790F5
:102A5000A6F802902AF064FFB8F1050F00F0EA80B2
:102A6000B8F1060F40F03C81149DDFF8B4182868D7
:102A700012F008FC90F838200123012A98BF1A466A
:102A8000541C80F8384015F0D2FBADF80832A98903
:102A900030882B9BADF80A12012804BFD88B8142E5
:102AA00040F016841E461D9826F8340F1220179DFC
:102AB000B046149131853446169948F8045FA6F85B
:102AC00002A09A46C6E90816002104F82B1F86F8D2
:102AD0002A20B0601D940621544604F8401F0021AE
:102AE0000523A146C4E9030149F8085F211DE380DD
:102AF000EA4B4846C4F802306270EEF7F7FEC0B207
:102B000002284CD148462146EEF7F0FEC0B202281A
:102B100045D1DAE913300425191A042940D3D9F82C
:102B20000020041DDFF800180091214612F0CAFAB7
:102B3000CDE9820182A83146042208F0BDFB78BBB2
:102B400015F0E4FA0AF160010DF5027A15F038FF8C
:102B5000829C022C00F0FF820AF10C05DDF810E2E5
:102B6000BDF80E829DF80C229DF80DC27AAE95E854
:102B70000302334683E80302E00716D05AA896E81A
:102B80001A001AC001201D99FD2A087000F0E68283
:102B9000C2461546F1466646DDF85C803DE0051DFF
:102BA000DDE92469DDF884A034E02B9D05F168009F
:102BB000C5F864E0A5F8628085F861C015F0DDF91C
:102BC00015F076FC1A680AF1740882AD4146284671
:102BD00001F0D4F89DF80842FD2C00F0B08215F009
:102BE00058FD4CAD15F0E0FCFE2C07D115F04BF96B
:102BF000DDE92469FE25DDF884A009E05AA895E8FE
:102C00000E000EC015F03FF94E46DDF858902546EF
:102C1000DDF85C801D99012008704046F3F719F932
:102C20000DF5B47CFE2DCDF884A0B0462496CDF8E9
:102C30009490E1E00120ADF80802002C14988089FE
:102C4000ADF80A0200F04683484540F043832B98D4
:102C50001D99179B0646CDF8509026F834AF824652
:102C60001220B04671801699324648F8043FC6E9F2
:102C70000816002102F82B1F86F82A50A6F8289083
:102C8000B0601D920721544604F8401F0021052220
:102C90006570254645F8083FC4E90301211DE2801F
:102CA00028467E4AC4F80220EEF720FEC0B2022871
:102CB00010D128462146EEF719FEC0B2022809D1EC
:102CC000DAE913300422191A042910D2DDE9226945
:102CD000154602E0051DDDE92269DDF880A07CE0F3
:102CE000DDE928068BE0206801382060B3E22A681D
:102CF000041DDFF834160091214612F0E3F9CDE906
:102D0000820182A831460422042508F0D5FA002861
:102D1000E1D115F0FBF90AF160010DF5027A15F029
:102D20004FFE829C022C00F000820AF10C05DDF8B7
:102D300010E2BDF80E829DF80C229DF80DC27AAE0D
:102D400095E80302334683E80302E00710D072A837
:102D500096E81A001AC001201D99FD2A087000F09B
:102D6000E781C2461546F1466646DDF85C8037E0ED
:102D70002B9D05F16800C5F864E0A5F8628085F830
:102D800061C015F0FAF815F093FB1A680AF174089F
:102D900082AD4146284600F0F1FF9DF80842FD2C27
:102DA00000F0B78115F075FC4CAD15F0FDFBFE2C65
:102DB00007D115F068F8DDE92269FE25DDF880A06D
:102DC00009E072A895E80E000EC015F05CF84E46BA
:102DD000DDF858902546DDF85C801D9901200870CB
:102DE0004046F3F736F80DF5E47CFE2DB046CDF8FD
:102DF00080A02296CDF88C90DDE9280604D101212F
:102E00003170F3F71AF821E0CDF8A4A00DF5EE7AB1
:102E10002C469CE82C0051462CC1254601213170DE
:102E2000F3F70BF874B1142D18BFFE2D0ED01C2D26
:102E30000CD06BA89AE80E000EC01F99DDF8A4A074
:102E4000FFF76ABA5FFA88F00228F2D12B98DFF810
:102E5000E034D0E9311290F8CE4082A806F0D6FDD9
:102E60008399A14240F2248282984FF4B0728499EF
:102E700014FB02000022CDF8A4B0027315F0D7F9BC
:102E8000FFF7BCBADFF87C040FF0E2F94C4658E0DB
:102E9000DFF87C040FF0DCF953E000BF0400080009
:102EA0005AAB1E9C4D461D9E0FCBC4F862000020FD
:102EB00005F88C0FC4F86E3025F824ACCA46C4F867
:102EC0006A20C4F866105C4645F82C6C0AF17A005A
:102ED0000AF168011222CAF864602AF078FD279B83
:102EE000706800F26460CAF890000AF1900015F072
:102EF00052FC002800F00081DAF86400016800202C
:102F00008AF898000AF17A00CAE924100021ADF885
:102F1000B8116EA91CF031FE002840F0FC8072A8A8
:102F20006EA902220DF07CFB7398002800F0C98185
:102F30007498002840F0C38101208AF88C008AF838
:102F4000980001202070FFF759BA15F0F9FA1C9883
:102F5000CDE91B500AF1140B82AC59462046FDF70F
:102F60003DFD15F0E4FC00F0CF8004F1080015F001
:102F7000FBF99DF8098249AC90E82C00214658469F
:102F80002CC1F3F7AFF87DE0DAF800002699C90705
:102F900000F00C810021544604F8281F44F8140C5A
:102FA00044F80C1C24F8081CDAF81C10CAF822108B
:102FB000BAF82010CAF81800AAF8261040681B9525
:102FC00000F26460CAF82C000AF12C0015F0E3FB53
:102FD000002800F09480DAF818000AF12205002198
:102FE00000688AF83410CAE90B050121012410F0A9
:102FF00061FC5FFA80F8B8F1000F40F0CA80284603
:103000001CF018FB002840F0C380012101208AF841
:10301000281026908AF83410FBE015980AF1240154
:103020008AF8230018988AF8220019988AF8210053
:1030300026988AF82000CAE9069BDAF800E09CE8A6
:10304000790079C100218AF8C010CAF8A0E0CDE962
:1030500029B90AF1180B82AC20465946FDF736FD16
:1030600015F065FC00F08F8004F1080015F07CF984
:103070009DF8098246AC90E82C00584621462CC1A8
:10308000F3F73BF8FE2E3FF4B9A96BA894E80E00C5
:10309000FFF7FFB90020AAF81D00DAF80000CAF80F
:1030A0001800CDF8A8900AF11401CDE91AE582AC18
:1030B0001A462046F4F71CFD15F039FC59D004F1EE
:1030C000080115F051F9FE2E9DF8098243A891E8F8
:1030D0003800024638C262D12B980068406800F57B
:1030E000B76002F006FACDF8A4B0FFF787B914F084
:1030F0007DFF1920FFF71EB90320287024E015F08A
:1031000099FA1420FFF716B914F070FF1720FFF793
:1031100011B904200AE0804601208AF88C008AF860
:10312000980020700025FFF7F4B803201D9908705F
:10313000032014E014F05AFF1020FFF7FBB804201E
:103140000AE00320287004201F992070FD200870D9
:103150001820FFF7EFB803201D9908700420299A62
:103160001F99DDF8ACA01070FD2008701120FFF74A
:10317000E1B814F03BFF1320FFF7DCB815F05AFA62
:103180001220FFF7D7B814F031FF1620FFF7D2B89E
:1031900080461F998AF828408AF8344050E0354626
:1031A0006BA990E81C001CC1FFF7B5B8002154467C
:1031B00024F81E1F0022A17044F8060C8AF81D1086
:1031C0008AF81C20CAF8140015F0C9FBCAF82400BC
:1031D0000AF1240015F0DFFA30B3DAF814000AF12E
:1031E0001C05002100688AF82C10CAE9090515F0B1
:1031F00048FD5FFA80F8B8F1000F1BD128461CF09B
:1032000023FAB0B901208AF81E008AF82C000020A9
:103210002690DAF80000CDE929B9406800F5BD60D4
:1032200002F067F9FFF7EAB815F004FA1520FFF786
:1032300081B880461F9901208AF81E008AF82C0068
:1032400000254FF00009FFF767B8012085F87303E8
:103250005C9815F04CF82A49484606F07BFB0D4671
:1032600090F83E115446022916D090F8202090F88C
:10327000E810022903D10E210C2A04D908E0013AF2
:1032800012210E2A04D8192280F8201080F8242058
:1032900000F538700FF056FC15F0DBF851E604200D
:1032A0001F998AF83800FD2008700F20FFF742B8F8
:1032B000204A20460EF0BAF9184A0EF0B7F9002459
:1032C00001E09DF8C8411048FFF7E6B81B4AF0E757
:1032D000144800E015480EF0AFFF82A8F1F728FF70
:1032E0003046F1F725FFFFF7DCB8FEDE2C3E040088
:1032F000640104006C0000003C3E04005401040022
:103300005C3E040069000000AB0000006A000000A1
:103310006B0000006F0000000400040014000400B3
:1033200024000400EA0000002CFC0300E900000077
:103330000C0F04001C0F04004C0F04005C0F040071
:10334000F0B503AF2DE9F80F054691F82C000C46B7
:103350009246DFE810F009003A0040001A008800A9
:10336000C300ED0009013D0194E8070004F10C03DE
:10337000A346019507C300210173E0684BF8300FA5
:10338000CDF800B00BF81C1F0EE0A34601951BF80A
:103390004C0FABF11C010091DFE800F0031A1D2B6C
:1033A0003E00ABF11C00006860630022D0E901011F
:1033B000C4E90F22081A38BF1046010B0122012967
:1033C00088BF020B6264A26306E090480EF043FEE1
:1033D0008D480EF040FEFEDE04F1380007F03EFBA3
:1033E000C0072BD00020A16484F88000606BC4E982
:1033F000140104F1500102A8FCF720FE02980228F3
:1034000003D00230E8D1032043E0A16C002084F80F
:10341000AC00606BC4E9140104F1500502A85246E7
:103420002946FDF715F8029EB01C31D02846DDE98B
:103430000398F2F705FE701CCED001E04FF0FF3686
:1034400001208BF800000098F2F7E3FD019D701C4D
:1034500040F0D1804FF48070A4F8B90000202064BF
:10346000E068C4F8B40004F1300102A8FCF77EFE65
:10347000029EB01C03D115F00BF80420C0E0DDE97A
:103480000398701C0CD0C4E90669C4F82080B2E02F
:10349000042001998BF8000014F08EFF0320AFE0A8
:1034A0004FF0FF36B9F1010FC4E90669C4F8208076
:1034B00036D1E0680023C4F82480D0E901122063EB
:1034C000501A84F8403038BF1846010B01220129F8
:1034D00088BF020B15F076FB6063A06204F1300137
:1034E00002A8FCF711FF029EB01C03D114F0D0FF1C
:1034F000052085E09DF80C00711C0DD09DF813107F
:10350000BDF8112042EA0141DDF80D2040EA022910
:10351000080240EA12686EE0022802D14FF0FF363E
:1035200069E0616A002084F88C00E068C4E90C015D
:1035300004F1300B02A852465946FCF789FF029E5F
:10354000B01C03D114F0A4FF062059E05846DDE971
:103550000398F2F775FD701C4DD1616A002084F864
:103560004000E068C4E90C0104F1300802A85246AA
:103570004146FCF759FE029EB01C03D114F088FFAF
:1035800007203DE09DF80C00009040460195DDF8D5
:103590000D509DF813B0BDF81190F2F72FFD701C7F
:1035A00009D0009949EA0B40000240EA156841EA57
:1035B0000529019D1FE004F10C02002084F8900011
:1035C00004F1300607CAD4E9093527C6019D2364F2
:1035D00004F1300B02A85246594600F019F8029E39
:1035E000B01C03D114F054FF082009E05846DDE96F
:1035F0000398F2F71CFEC5E900690120C5F80880B0
:1036000084F82C0014F042BD700404007408040017
:10361000F0B503AF2DE9000F8FB00090884691F808
:1036200060000292DFE810F007003400370041002C
:103630008D001F003C0108F10805D8E90021C8E908
:10364000052129CDC8E90703566806EB0535043581
:10365000C8F82450556805EB033303F6FC750433B2
:10366000C8E90A3518E098F8600108F1740508F512
:10367000B07A30B1029A032800F0BA80A3480EF065
:10368000EAFCD8E91D62D8E91F4ED8E921C99FE0BC
:103690009F480EF0E0FCFEDE0023C8E91B1088F80E
:1036A000843008F12803C8E9193204AD08F1640137
:1036B0002846F4F76BFADDF810E0BEF1020F00F0D7
:1036C000C9802A1D0DF1280CBEF1010F92E873008C
:1036D00008F13402634673C300F0C980604690E885
:1036E0007A007AC20022D8F83410C8F830200029B5
:1036F00000F0CE800CF10402C8F84810D8F844005D
:1037000008F14C0392E8700070C3D8F84C20C8F858
:10371000580004A811F018F90498002840F0F0802F
:103720000598414641F85C0F0022A1F1480301F1E0
:10373000080451F8480C027381F858200DCB4961F8
:103740000DC408F1640604A8314600F0E3F80798B8
:10375000039C811C79D0BDF81490411CDDF810B099
:10376000DDF818A000F09180022800F08B80D8F8D6
:103770001C004845C0F0B080D8F818104FF6FF7311
:10378000D8F8582024EA030308F164044B4484E881
:10379000020A0393C8F87030924551D1D8F814004A
:1037A00001214546CDF804B00173D8F81420D2E9C0
:1037B00001EC02F10C0445F8746F281D55F8509C7B
:1037C000AA46A0E814400020C5E904C90AF8EC0F95
:1037D0000020D6E9001388F8D00006F10800C8E9F7
:1037E000232408F19402A2E80B40029AC8E929C9EF
:1037F00008F18C0604A83146F4F74CF8DDF810B057
:103800001BF102002BD03046F2F702FB15F09DFAB7
:103810002846DDE9059AF2F7E3FA1BF1010060D1D1
:10382000B8F8702022F00300910718BF021DD8E9F4
:103830000610D8F824301A440832C8F8242001E0D1
:10384000CDF804B0D8F8142026E7009914F0B4FDA0
:10385000042050E0009914F0AFFD03204BE00099E4
:1038600003208AF8000014F0A7FD052043E09CE83F
:103870000B000BC20120D8E90DB9D8F83CA0C8F85C
:1038800030002EE04FF0020B25E0BDF816002AE0D4
:10389000D8F82010D8F8140088F8C020C8E9190119
:1038A00008F1640504A8029A2946FCF7D1FDDDF869
:1038B00010B01BF1020004D1009914F07DFD062028
:1038C00019E02846DDE9059AF2F7BAFB1BF1010081
:1038D00007D14FF0FF3B06E0DDF804904FF0030BFB
:1038E000A2464FEA19400099C9EA0040C1E900B078
:1038F0000120C1F808A088F860000FB014F02BBCBC
:10390000DDE9059A00204FF0060BECE7B4FF030059
:1039100084080400F0B503AF2DE900078AB08246A1
:1039200091F850000C4604F15408DFE810F00C0048
:10393000C900CC0015003A005E007A00AD00090114
:1039400053019F01DF0194E80F0004F110050FC53A
:10395000017B002943D144E001A84146F3F784FEEE
:10396000019B022B01D10320AEE0BDF81000012B1A
:10397000DDE9021202D1BDF8128045E02369012978
:1039800040F099800021A4F8580084F8A51004F1B3
:103990006C05D4E90501C4F8A0306265D4E90823B8
:1039A0000FC501A84146F3F7E5FE0199881C01D136
:1039B000042089E00498022904D001310ED1DDE908
:1039C00002121FE0BDF814100026256ACAB24FEAA1
:1039D000112C01464FEA1548284679E0206900215C
:1039E00001734FF4807014F04EFF01A84146FCF7BC
:1039F000BDFB0199881C01D1052065E0DDE90220AD
:103A00004B1C06D04FEA10484FEA124E4FEA122CD8
:103A100017E1002AC4E90A2049D14FF4007014F0DC
:103A200032FF01A84146FCF7A1FB0199881C01D196
:103A3000062049E0DDE902304A1C0AD0C4E915132A
:103A40004FEA1048E0654FEA134E4FEA132CDAB202
:103A50008FE14FF0FF360022012BC4E91563E065CA
:103A60002CD12169D1E9013584F87420EB1A38BFD3
:103A700013461A0B134618BF0123451E002808BF22
:103A8000D51AC4E91851A56604F1640101A8FCF730
:103A90003BFC0199881C01D1072015E09DF8082006
:103AA000481C2BD192BB206E0121C4E90A100022D0
:103AB000342120632FE00020187392E702211CE0DC
:103AC000AD480EF0C8FAFEDE6FF001030C210DE0E8
:103AD0005FFA8CF5C0EA084042EA0522CAE902060C
:103AE00042EA0E420120CAE9001210214AF80130D0
:103AF00084F850000AB014F0C2BCE9E70398BDF89E
:103B00000AE09DF809C04FEA104832E1206900221E
:103B100002730226F1E7625021694A6802EB003025
:103B200000F6FC720430C4E91002002004F14003E6
:103B300084F87400D4E90502C4E91531C4E9170218
:103B400001A84146F4F722F80198022868D0DDE97F
:103B50000212012866D029B3DDF8189001A810F0F0
:103B6000F3FE0198002863D1E169029AD0B20B7884
:103B7000834251D1DDF80CC0053807280CD8C2F3B8
:103B80000743C2F30725DFE800F0403904040404CA
:103B900007044878A8423FD1012004F1340181E8AC
:103BA000011239E02069616B00294CD1D0E9011282
:103BB000002384F86830511A38BF1946090B0A46A9
:103BC00018BF0122236B5D1E002B08BF8D1AC4E9AC
:103BD0001550E56504F1580101A8FCF795FB019922
:103BE000881C1BD09DF80820481C7FF487AF002A52
:103BF0007FF48CAF606D302102468CE74878A84294
:103C00000AD188789842C7D006E04878A84204BF15
:103C10008878984200F09B80216986E7092053E765
:103C2000082051E704984FEA124E4FEA122C06E0A2
:103C3000DDE902204FF0000C06214FF0000E4FEAA4
:103C40001048D2B295E000220273606B00283FF466
:103C500060AF84F8A5204FF0FF30D4E90E2321692E
:103C6000C4E91223C4F8A010C4E91D2001AE4146E6
:103C70003046F3F7F9FC0198022801D10A2023E726
:103C800006F1040C07AA01289CE86200134662C3EF
:103C900004F1B80192E8680068C107D10120D4E9B5
:103CA0002E13C4F8B400D4F8C00048E0D4F8B8101B
:103CB0000020C4F8B40001293DD104F11006D4F865
:103CC000BC204FF0FF3C84F8B10068CEB4F8C000CF
:103CD000A16CA4F85C00C4E915C2C4F8AC30C4E916
:103CE0001E56C4E9201CA4F86400226604F1600199
:103CF00001A8F3F73FFD0199881C01D10B20E3E6F1
:103D00000DF108094D1C0598022199E80C02DFE825
:103D100005F0022805071146484610E0032120E07F
:103D2000F2B14FEA102CC2B2D4E91203012649467F
:103D30004FEA1048CCE6D4E91630022161654FEA1B
:103D400010484FEA134EDAB24FEA132C11E0100E6E
:103D5000C97840EA0C20C0B281423FF41DAF5BE756
:103D600019464FEA10484FEA194E4FEA192C5FFAEC
:103D700089F24FF0FF36ABE694080400F0B503AFCC
:103D80002DE9000FC5B0144691F825208946CDE9EC
:103D90000140DFE802F00322281A13000021D9E9CC
:103DA000023289F82410D9F82010C9F81010498A75
:103DB00071B1C9E90532C9F81C1015E099F848003D
:103DC000C0070DD1D9F844405CE0D9F8280024E0C0
:103DD00061483721614A0CF02DFD5C480EF03BF93B
:103DE00059480EF038F9FEDE002A7CD0D9F81C3094
:103DF000D9F8141056489342009028BF134603A8E0
:103E000001F0BEFB03AB0FCBC9E90001D9F81000EC
:103E1000C9E905230430C9F82800D0F800A0868835
:103E2000DAE90001324605F05DFB002865D00D4659
:103E300090F85C1303295ED3D0F84013002971D0A9
:103E40000139C0F8401328684C46D046B3460130CB
:103E50002860D9F810100120C9E90AA0A9F830603B
:103E6000D9F800000A8A44F8340F54F8300C606026
:103E700014F8100C42EA00302081086800212175F6
:103E8000C4E9030403A8FB21051DFB2614F043FD30
:103E90002089D4E9001240EA0240CDE9435603905C
:103EA00043A807F009FA00BBBDF80E00FC2845D274
:103EB00003A817F0D3F80121B0F1FF3F89F84810AB
:103EC0001DDDD9F82C0089F824100028014618BF00
:103ED0000121401AC9F82C0009F12800F1F788FDEA
:103EE000D9F8182080E7FE2010E001206FF00B08C1
:103EF00089F8480005E014F0ACFA1C2006E000EA5E
:103F0000E07809F12800F1F773FDFF20029A012102
:103F1000A2F80CB0C2E90181107089F8251045B0F3
:103F200014F019B9019900F51C7014F039F90299CF
:103F3000FD200870032114F08CFAEEE705480EF01E
:103F400087F90EF02FFA00BFF40A040014090400E8
:103F500038120400A7000000D40C04000409040077
:103F6000F0B503AF2DE9000F97B0804690F84400FC
:103F7000894668B1032840F09C8098F8410008F118
:103F80001405D0B1032801953DD04B480EF063F8DD
:103F9000D8F8000008F1040C08F11405D0F800B0BE
:103FA000294602799CE8590059C1002088F841004F
:103FB00088F84020C8F83CB003E098F84020D8F8D2
:103FC0003CB0019528460DF1080A90E8780051466A
:103FD00078C1DBE9000110F033FAB0F85843102241
:103FE00014F0F4FA06AE5146B01C29F0F0FC0BF5C3
:103FF0007E70C8F8240008F12A0031461222A8F881
:10400000284029F0E4FC4446002154F828EF626877
:104010006160002A3FD008F130030DF1400C0CF133
:104020000C0593E8430043C5D8F82460CDF85890B8
:10403000CDE911E23068109690BB0DF12C0A4FF0DB
:10404000FF300CF10402311D306050464B4605F044
:10405000FEFC14F076FE0C9E56B1D8E90B01F1F788
:1040600049FC9AE82F002FC4032488F8414009E056
:10407000D8E90B01F1F73EFC0198012488F8414092
:10408000F2F79FF888F84440002E18BF012630460A
:1040900017B014F0EBB90B480EF0DAF80EF082F915
:1040A00007480EF0C9F811F0DBF80EF02DFA0EF00B
:1040B00079F902480DF0CFFF2408040064090400D8
:1040C000C30000009D000000F0B503AF2DE9F0072C
:1040D000DFF890900E46804615461046694601224C
:1040E0008DF800304FF0010AC8471F4928460422C6
:1040F000C84731686C46204614F096F82846214699
:104100001022C84771686C46204614F08DF8284686
:1041100021461022C847B1686C4614F0D5FD2846E8
:1041200021460722C847F1686C4614F0CDFD2846A9
:1041300021460722C847694628460222ADF800A05A
:10414000C84700206C46CDE902002146CDE90000B9
:1041500028460AF0C9FD4046214614F065F8BDE83E
:104160000F07F0BDF1EB010084FF0300F0B503AFD2
:104170002DE9000FADF5157D814691F8A40090461C
:104180000E4618B3032840F0CB86B2461AF8A00FAB
:10419000AAF17C01169100283DD0032840F0C38687
:1041A000314611F8440F1791DFE810F00500C00602
:1041B000CF063E008602CDE9138A96F845B0D6E9CF
:1041C0000B01D6E90FA5CDF854905DE10DF5E07B2C
:1041D000D6E900A411215846B46029F05CFA207891
:1041E000CDF84C80DFE800F0057A62654B8A917764
:1041F0009458A178B646607801298DF8C10140F045
:10420000FC80012021798DF8C201E0788DF8C3117E
:1042100000285DD1F5E0CDE9138A96F8A1B0D6E982
:1042200025A5D6F89C801FE1314611F8900F0D911D
:10423000002800F0C180032840F07B86B3461BF8BD
:10424000880F002800F07582032840F075863546F7
:1042500015F8860F002800F09D820328CDF850A0A5
:1042600040F06D86B2460A951AF87E0F002800F0DD
:10427000F082032840F06686706E00F09CBD04203A
:104280008DF8C0010120072804D0215C0BF8001034
:104290000130F8E7B646ADE009208DF8C00160783E
:1042A000022840F09180B6460220A3E0B6460220E4
:1042B00030E00320B6468DF8C001207908B18DF8B2
:1042C000C101A178E27860788DF8C3118DF8C22120
:1042D0008DF8C40195E0B64607201BE00120CDF81B
:1042E00054908DF8C0014FF00009A07B02218DF899
:1042F000C101A01C0B96179037AE3DE00520B646D5
:104300008DF8C0010BF1010C7DE0B646062001E0FE
:10431000B64608208DF8C0010BF1020C60788DF8CC
:10432000C10170E00BF8032001F1020809F1040952
:10433000B0F900300BEB080000225C008DF8DE20A5
:1043400084EAE335ADF8DC20032A0AD0C5F3C813AC
:10435000541CB55433B145F08005B55422461D4672
:10436000F2E70324C1F10F018C4215D831462246F1
:1043700029F02DFB08EB0401B9F10C0F00F0AD8220
:1043800011291FBF179848448278C3781EBF0BF8C5
:1043900001304B1C112BC5D1DFF8D40B0DF04CFFB5
:1043A00002200FF085FE0EF0AFF80022032101205D
:1043B0000B9EDDF854B02FE1CDF84C80B6F88CB0F0
:1043C000F56CDDF8348097E001218DF8C111E178BA
:1043D00009B18DF8C211C007B64603BF00208DF8A1
:1043E000C301042001201FBF8DF8C301A0788DF800
:1043F000C40105200BEB000C05E0B4F80300ADF898
:10440000C3010BF1050C5B4650A971CBF0460A467F
:1044100071C218781070ACEB0B0048F80C0F0EF15D
:1044200010006CC96CC0764609780170DFF8440B47
:104430000DF002FFDFF8400B0DF0DCFEB06810F06D
:1044400053F90EF061F85AF81E5B4FF48070314654
:104450004FF0010B21F8A00FA1F17C00149141E96C
:1044600003A541F8048C16904046CDF854900FF007
:1044700011FE0022334603F8442F179383F801B04E
:1044800043E902A543E90601C6E90901B146C6F8B8
:1044900034A0BBF1000FD5E902680FD0BAF80430A0
:1044A0002A46D8F82040CDE9000170A83146A0473F
:1044B0009DF8C001FF285BD1D9F834A0BAF80000FC
:1044C000002853D0BAF802B03046C9F8385029460F
:1044D000D8F818304C465A469847002860D000203B
:1044E000A04608F8900F2646DDE914A958F85C0CA0
:1044F00028F804BC48E91205A6F88EB006F150026F
:10450000D5E9020123C25A460B6B29469847C007DA
:1045100000F09180B06D0C460179006805F0ABF8B1
:1045200080B1B06D037914F0BEF970A805F0BBF846
:104530009DF8C001FF2840F0EF809DF8C1010028E0
:1045400000F0EA8012940120CB4688F80000022394
:104550009DF86600B1468DF862001C46BDF8640007
:10456000ADF860001798DDF830801DE0142418E0E5
:104570000446BDF8D101ADF860009DF8D3018DF877
:104580006200DDE971080F909DF8D0010E907398DC
:104590001190BDF8C20110909DF8C101129000E089
:1045A000FF24DDE914AB1798169D012606702846F6
:1045B000F1F7BEFC28468AF80060F1F7C5FCFF2C35
:1045C00004D1D9F80C304E46002025E00F987190A8
:1045D0000E988DF8D001119873901098ADF8C20123
:1045E00012988DF8C101BDF86000ADF8D1019DF8B9
:1045F00062008DF8D301DFF898098DF8C041CDF83D
:10460000C8810DF019FE70A811F0AAFD0DF07CFF15
:104610000421012001224E46C9B2D2B2120442EA5C
:1046200001210844CBE90003012086F8A4000DF520
:10463000157D13F090BDCDF83480DDF84C800D99D8
:10464000CB4601200870D6E90D230025D6E90901E3
:104650009288CDE97201FF20ADF8C621ADF8C451B2
:104660008DF8C00119681A7950A870ABF0F7BEFF39
:104670009DF84001B146FF2836D1BDF851019DF8A3
:104680005311ADF8DC008DF8DE109DF8502151AECD
:10469000ADF8C001A9F85900D9F8380058CE8DF806
:1046A000C21189F85B1009F1480159C14E4689F8D9
:1046B000582089F88C50D94606F1480441462046D6
:1046C000FFF74EFC48B1042017990870032002211F
:1046D0008AF8000089F80010A7E72046CB46B146CB
:1046E000F1F7CFFDFF245EE70446BDF85101ADF8B8
:1046F00060009DF853018DF86200DDE951080F90CC
:104700009DF850010E9053981190BDF84201109001
:104710009DF84101129046E70020B3460BF8880F40
:10472000CDF834805BF8301C4BF82C1CDDF84C8045
:1047300000E0F16D086835460A79002105F8861F0A
:1047400005F8022C45F8060C86F88520306613F033
:1047500078FE90F85C23042A04D190F85F33F3B11B
:10476000FF2300E01C2313F031FF0120042A2870EE
:104770008BF800000DD1D6E91403B6F88E20B16D88
:104780001B6B9847C0073FF45AAFDDF83480129195
:10479000D9E6B4E396F88420D6F88000D4E790F800
:1047A00067230A953546D3071FBFB0F86C33ADF8C1
:1047B0004431D0F868335093B0F85432D207ADF892
:1047C000C431D0F85032709350AB70AA18BF1A465B
:1047D000938808931268099290F856220868A0F10D
:1047E0000100086018BF0122306EDFF8901710300A
:1047F000079205F0BEF80C4690F83E1102292BD125
:104800002068013820602E6E95F88540D6E90012A8
:1048100070A8234604F032FE9DF8C0019DF8C11136
:10482000FF2837D1002940F0A582D6E900012246B1
:10483000CDF84C800B950FF003FE804690F85F0397
:10484000002851D00820032412900B9DDDF84C80E5
:1048500089E2F06E3246A2E2D0F83111099A089B43
:104860005140B0F835219BB25A401143C8D190F85D
:104870003711079A5140C907C2D100F1200170A831
:1048800012F09AFA21689DF8C00101392160FE28D2
:10489000B9D16FE20346BDF8D101ADF81C029DF815
:1048A000D3018DF81E02DDE971C09DF8D0E1739A45
:1048B000BDF8C26112910C900A99012010962E4603
:1048C000FE2B08709DF81E028DF86A00BDF81C02D0
:1048D000ADF8680000F08D820BE30BEB010CDDF806
:1048E0002CE0DDF854908EE5CDE9051B06F11000B3
:1048F000DFF88C16CDF850A005F02CF80491054691
:10490000D6E902121BA8DFF87C3605F044F82846E9
:10491000DDE91BB498F86EA312F02EFA60B1B8F876
:10492000580398F8601301291BD1B8F86513D8F81B
:10493000613301F580321DE095F83E0141460238B1
:1049400018BF05F12000EDF787FDFF24002808BF00
:1049500015240B9DDDE9138ADDF818B0DDE904317B
:10496000F9E1A968CA0700F0D280EA68090A41EAB9
:104970000263120AADF87C20120C8DF87E2006F539
:10498000427C98F8672308F5107E1E93012A09D10E
:1049900001228DF88620B8F86C23ADF88420D8F871
:1049A000682305E0D8F85022D8F85332CDF8833088
:1049B000209205F528722E9205F52072ADF8C800F8
:1049C000CDE92CC2D5E9000295F8E832CDE924B44E
:1049D000CDE92F68CDE9220222A8039510309EE888
:1049E000761080E87610039808303190BAF1000F05
:1049F00039D000204FF47021CDE9001070A81EA915
:104A000020AA11F021FF88A80A21F1F7DAFC9DF80D
:104A10002002FF287DD1BDF83102ADF8B8019DF824
:104A200033028DF8BA019DF830128B98CDF854906E
:104A3000DDE989968A46834603F004F9CDE9110140
:104A400098F870539DF8094288A822A909F0EFFD53
:104A50009DF8491205F10800022940F08E80032CD0
:104A600040F08F808FE040F666104FF0C071CDF8B7
:104A70005490CDE9001070A81EA920AA11F0E4FE00
:104A80009DF809020C21032808BF082198F870033B
:104A900098F8712301448DF80A12012A04BF0121FC
:104AA0008DF8081258B19DF80C029DF80D1240F0D7
:104AB00003008DF80C0241F003018DF80D1288AD52
:104AC00022A9284609F061FDBDF83102ADF8B40114
:104AD0009DF833028DF8B6018A980C9014F046F8D0
:104AE0009DF849E29DF820421190BEF1FF0FBDF8FC
:104AF000220210909DF8210212901BD1BDF8B40142
:104B0000ADF81C029DF8B6018DF81E0217E10524D0
:104B10001FE7714613F0DAFA8E468B9811909DF8D4
:104B20002102DDF824C29DF830E2BDF82262129025
:104B30000B9D6AE005F114080DF5CC7CBEF1020F67
:104B4000B8E84F00E146A9E84F0098F8000089F85E
:104B50000000DDF84A026E90BDF84E02ADF8BC01CF
:104B60005AD188A870A922AAEDF728FA9DF8200248
:104B7000FF2840F0D980012479E09DF848120229ED
:104B800001D105F10C001299002900F0DF81119983
:104B9000CDE966968DF8A4A10870BDF8B801ADF80E
:104BA000A5019DF8BA01CDF8A0B18DF8A70188A89C
:104BB00022A966AA09F095FB9DF82002FF2812D1D0
:104BC00050A870AC07304E22214628F000FF9DF817
:104BD0000E624DAD04F14F01092213F0FBFA0024DF
:104BE000022E61D10EE0714613F070FA8E468B985A
:104BF00011909DF82102DDF824C29DF830E2BDF845
:104C0000226212900B9DDDF85490DDF818B0DDE9BA
:104C10000431DDE9138A9EE00F9871900E988DF8AB
:104C2000D001119873901098ADF8C20112988DF8C8
:104C3000C101BDF8B401ADF8D1019DF8B6018DF800
:104C4000D3010C988DF8C041729070A8BCE83E006A
:104C500014303EC00D249CF8001001706E98CDF801
:104C6000EA01BDF8BC018DF8E9E1ADF8EE010DF007
:104C700013FE4FF4702200234FF000080EF020F8CE
:104C8000CDE97C0150A870AD07304E22294628F0AE
:104C90009EFE9DF80E6205F14F014DAD092213F005
:104CA00099FA022E1DD14AE00DF1DC0950A95522D6
:104CB000484628F0E7FD0DF1D00806CD404613F038
:104CC0003BFF02208BF8E8000BF1E90049468BF826
:104CD000204028F07CFE8BF83E610BF23F104146ED
:104CE0001AE00DF1DC0A50A95522504628F0CAFD01
:104CF0000DF1D00906CD484613F01EFF0BF1E90077
:104D000051468BF8E8808BF8204028F060FE0BF2CB
:104D10003F1049468BF83E61092228F058FEFF24D7
:104D20000B9DDDF8549015E613F0D0F913F01EFF3B
:104D30001190BDF8220210909DF8210212900B9D57
:104D4000DDF85490DDE9138ADDF818B0DDE90431AF
:104D5000DDE90EEC109E1D98026801320260119A86
:104D60001868013018600868234601380860FF2C75
:104D70007FF4A2ADCDF850A00020AA4609990AF808
:104D80007E0F2A4608982AF80A0C07980AF8080C99
:104D90005AF81E0C4AF80E1C08304AF8120C116F13
:104DA000164642F8771F52F8041CC2F8031042F866
:104DB000130C42F80F2C7549083004F0CBFD0C465B
:104DC000D8F80010054600F5387013F0E9F995F8A9
:104DD0003E01022813D101201C23216801312160EA
:104DE000FE2B8AF800002AD1DDF850A003200A9992
:104DF00008700D9903208BF80000087064E4B16E10
:104E0000B5F835018A880B685040D5F831215A40F1
:104E10001A2310434FF00100DFD195F8372189792B
:104E20005140C907D9D105F1200170A811F0C4FF84
:104E30009DF8C001FE28034629D10320CDE70A9D35
:104E400019469DF84201FF2B8DF86A00BDF840011C
:104E5000ADF8680014D01A2947D1306EF24611928D
:104E6000644696F88530D0E9001270A804F006FB7D
:104E70009DF8C0019DF8C111FF281FD1119A89B377
:104E8000DDF850A0012028708BF8000073E4BDF815
:104E9000D101ADF840019DF8D301DDF8C4C19DF802
:104EA000D0E1739A8DF842017298BDF8C2110C904E
:104EB000012010919DF8C11112918EE70346BDF8B3
:104EC000D101ADF868009DF8D3018DF86A00DDE9E5
:104ED00071C012910C90BDF8C2019DF8D0E1739A97
:104EE000109002E0A446D6461A230120DDF850A017
:104EF000287001201192CDE90EEC8BF800009DF88E
:104F00006A00CB460D998DF86600BDF86800ADF8D3
:104F100064000120FF2B08707FF41AABFFF793BBEE
:104F200012480DF098F810480DF095F80D480DF066
:104F300092F80B480DF08FF808480DF08CF80648F1
:104F40000DF089F803480DF086F8FEDE0E4A12F0E7
:104F5000DEFF00BFA40604000408040044090400A6
:104F6000240204001402040034020400540A040061
:104F7000BB0000001B000000CA0100008C3E0400C2
:104F8000ACFD0300BCFD03005CFC0300B80304009F
:104F9000B0000000B0B502AF13F0E3FE09D14868DD
:104FA0000D461AF082F913F015F808BF023213F01B
:104FB000A6BC01480DF04FF8740A0400B0B502AF6A
:104FC00013F0CFFE09D148680D461AF03DFA13F0F0
:104FD00001F808BF023213F092BC01480DF03BF813
:104FE000B40A0400F8B504AFCDE9021200F5B071BF
:104FF000019101A911F038FA8FBDD4D4BCB504AF2A
:105000000446007CC00718D1E26801250020B0EBFF
:10501000125F4FF001000ED1A1688818B0F5801F13
:1050200001D9012007E06068054B00930B460EF0A4
:10503000E7FC4FF0FF302574BCBD02480DF00BF8C3
:1050400080320400240B0400F0B503AF2DE9000703
:10505000044690F8500060B1032855D1254615F854
:105060004C0FA5F1400A88B103283BD028480CF02A
:10507000F2FF2068A2464AF80C0F00265AE90232D5
:105080005546CAE9013205F8406F02E0D4E903034E
:1050900062699A4202D3B2F5801F10D9012601201D
:1050A0002870B01C03D16FF00106032003E05046C6
:1050B000F0F7F6FF012084F8500013F09ABC42EAA2
:1050C0000306360501D00226E9E74FF0000E42F252
:1050D000107C012684F838E0C4E90663C4E908E2DC
:1050E000C4E90A0C04F118094846FBF76BFB0646B5
:1050F000023004D103206FF001062870D1E7484642
:105100008846F0F7BEFFCAE702480CF0A4FF00BFD4
:10511000C4050400440B0400F0B503AF2DE90007FB
:10512000044690F8580060B103285AD1A2461AF8F4
:10513000540FAAF14405A8B1032830D02A480CF036
:105140008AFFD4F800C0254645F810CF002655E95F
:1051500003E3AA4655F8040CC5E901E3E8600AF840
:10516000446F03E0D4E904CED4E906301E18B6F546
:10517000801F01D9012605E043EA0006B6074FF07B
:10518000020600D01DE000229B0884F8402041F672
:105190004C52C4E90860C4E90AE3C4E90CC204F152
:1051A00020094846FBF70EFB0646023005D10320D6
:1051B0006FF001068AF8000005E048468846F0F7DF
:1051C00060FF13F0C2FDB01C03D16FF00106032095
:1051D00003E02846F0F770FF012084F8580013F030
:1051E00008BC02480CF037FFD4050400540B04003F
:1051F000B0B502AF13F0B5FD09D148680D461AF0FD
:105200008EF812F0E7FE08BF023213F078BB0148B7
:105210000CF021FFB40B0400B0B502AF13F0A1FDF8
:1052200009D148680D4619F0FAFF12F0D3FE08BF05
:10523000023213F064BB01480CF00DFF140C0400A3
:10524000B0B502AF13F08DFD09D148680D461AF0D4
:1052500009F812F0BFFE08BF023213F050BB01483C
:105260000CF0F9FE240C0400F0B503AF2DE9800F1B
:105270000446007DA0B1032868D1A14619F8100F9B
:10528000A9F10C08B0B1032863D1A2461AF80D0F9A
:10529000AAF1050B002856D003285DD1207B36E00B
:1052A000D4F800E0A04648F804EF0022C14609F80F
:1052B0000C2F01E0D8F800E0A34600224BF808EFDD
:1052C0000BF1050ACBF804209EF800204FF4A263EE
:1052D000264D4FF0020C202A38BF4FF4047302F021
:1052E0001F025B5938BF4FF0A04545EA8205D5F84B
:1052F000000723FA02F2D20706466CF3114618BFE4
:1053000040F44036C5F800679EF8000020730DF0A9
:105310009BFB054628B1032689F800608AF80060E7
:105320000CE004F10C000DF07BFB0126584666737F
:10533000F0F79CFF40462674F0F738FF26752846A4
:10534000BDE8080FF0BDDBF800E0BDE706480CF053
:1053500082FE04480CF07FFE01480CF07CFE00BF8A
:1053600034090400D4070400940C04000003005026
:10537000E0B502AF0968019101A9FAF72DFB8CBDD8
:10538000E0B502AF0968019101A9FAF73EFB8CBDB7
:10539000E0B502AF0968019101A9FAF74DFB8CBD98
:1053A000E0B502AF0968019101A9FAF753FC8CBD81
:1053B000E0B502AF0068019001A8FAF725FD8CBDA9
:1053C000E0B502AF0068019001A8FAF70DFE8CBDB0
:1053D000E0B502AF4FF0FF3001900020009068462A
:1053E000ECF7BAFA80B56F46017A09B1082080BDA2
:1053F000D0E90010884224BF401A80BD401A08300E
:1054000080BD80B56F46017A09B1082080BDD0E922
:105410000010884224BF401A80BD401A083080BD69
:1054200080B56F46017A09B1012080BDD0E9001036
:10543000884224BF401A80BD401A013080BD80B52B
:105440006F46017A09B1022080BDD0E90010884280
:1054500024BF401A80BD401A023080BD80B56F461F
:105460008AB001460020069001A806AA03F0B2F80F
:10547000019801281CBF0AB080BDDDE902010AB015
:10548000BDE88040F0F736BAF0B503AF4DF804BD83
:105490000C4604F091FA0E46D4E900120546083095
:1054A0000DF05DFB3268297C0132687C3260012995
:1054B00018BF02205DF804BBF0BDB0B502AF0C46CA
:1054C00004F07AFA0D4601214474017408300DF09D
:1054D00039FB12F0BEFFB0BD80B56F4604F06CFA28
:1054E000007C0A680238B0FA80F0013240090A6094
:1054F00080BDB0B502AF04F05FFA0446022020740C
:10550000204612F0F6FF04F108000DF01BFB12F02C
:10551000A0FFB0BDD0E9001281F00101114301BF2D
:1055200000210222C0E90021704780B56F46024881
:105530000CF08EFE0CF036FF9B000000D0E900124C
:1055400081F00101114304D100210222C0E90021B0
:10555000FEDE80B56F4602480CF07AFE0CF022FFAA
:105560009B000000D0B502AF00211F22102906D0F9
:10557000435C845C445401318354013AF6E7D0BD66
:10558000D0B502AF9A4221BFD21ACC1880E81A00D7
:10559000C26028BFD0BDBA68132101480BF04AF998
:1055A000C13B0400F0B503AF4DF804BD0B68022BFE
:1055B00004D192E87A1080E87A1005E091E87850FA
:1055C00080E87850106808B112F0A9BED2E9020153
:1055D0005DF804BBBDE8F040F0F78CB9F0B503AF5F
:1055E0004DF804BD82B00A460021044668468DF895
:1055F00004100091052908D0D309425408D042F084
:105600008002425401311A46F4E705256A4605E056
:10561000084A684609F0E9FC02460D4613F047F8CF
:1056200001D9022004E012F006FD70196060FF202D
:1056300012F098BCB8110400F0B503AF4DF804BDEA
:1056400082B00A460021044668468DF80410009195
:10565000052908D0D309425408D042F080024254B0
:1056600001311A46F4E705256A4605E0084A68460E
:1056700009F0BBFC02460D4613F019F801D90220CF
:1056800004E012F0D8FC70196060FF2012F06ABCD0
:10569000E8110400F0B503AF4DF8048D0E46014645
:1056A00010C980461546E00048B10A46083808315E
:1056B00053689D42F8D112689642F5D117E0012C4B
:1056C00004D140460EF011FCD8F80040316828465D
:1056D00088473CB158B113F021F906480CF0B8FDE9
:1056E0000CF060FE0122C8F80810C8E9002012F092
:1056F000C9BE00BF9E000000F0B503AF2DE9000B4E
:105700000446154654F8049B0E46804621464FEA4F
:10571000C90048B10A460838083153689D42F8D19B
:1057200012689642F5D118E0B9F1040F04D1404651
:105730000EF0D1FBD8F80090316828468847B9F1BF
:10574000030F09D844F8390004EBC900416009F19E
:105750000100C8F8000000E008B912F06FBE13F0B5
:10576000DDF802480CF074FD0CF01CFE9E000000F9
:10577000B0B502AF12F071FE1DB112F00DFD013D8A
:10578000FAE7B0BDDFB506AF0A4B13F0D2FA01A8B5
:1057900004F03CF90299E0B2814281BF019A039979
:1057A0004FF4B07310FB032084BF04B0D0BD024A95
:1057B0000BF03CFF880D040070050400F0B503AF4A
:1057C0002DE9FC0B0E464968403A044690B28142EE
:1057D00024D930689946FFF7D5FF0246B0F850311A
:1057E00011488846009001AD11464A46284602F00D
:1057F00099FC9DF80400FF280AD00C4906F1080026
:105800000FF040FD30300E460DF09CF913F099FA80
:1058100095E84F004FC412F0E3FB01E01220207026
:1058200006B012F00BBE00BFB80D0400A4FF0300C9
:10583000F0B503AF2DE9000FB1B0BC689146DFF8B9
:10584000705C9B46CDE90D101CAE22469AB13046E5
:10585000194605F017FD1D99002900F0F1851E9AE3
:10586000BDF872008242C0F0F0852B4610F0FBFAC2
:1058700003460A46EAE706F118000990701C0C90EE
:105880000D9808300A9012A8CDF83C9001300B908A
:10589000002C00F0F08530465946224605F0F2FC17
:1058A0001D999DF87050002900F0E7859DF8710062
:1058B0001E9ABDF872301090DFF8FC0B0090304655
:1058C000FFF75EFE0DF1700B1F981190A81F9BE86B
:1058D000000D102860D8DFE810F0110028017000DA
:1058E0007000700070007000700070007000700038
:1058F0007000F80020016801AA019C00BAF1040FB1
:10590000C0F0ED81DFF8B40B414600901CA812F006
:105910007DFF1F98002840F0E2811C980588DFF881
:10592000CC0B0CF089FC12F0E1FD12F0AEFD0CF096
:10593000EBFD0D98DFF8B83BD0E900121CA804F08D
:1059400065F8DDE91C104FF4B072504301F5A67202
:10595000002800F05C821146A0F5B0700B8802F5BB
:10596000B0729D42F4D1A1F5A67010994173052142
:1059700001731830FFF772FD0A98DFF8781B0FF0FB
:1059800081FC303012F0B5FD12F063FD1E9812F06C
:10599000AEFCFF2000F074BC012D0ED1BAF1020F55
:1059A000C0F09D81DFF8140B414600901CA85246C0
:1059B0000223FFF7E5FD00F08CBCDFF8840B0CF050
:1059C0003BFC12F093FDDFF87C0B0CF013FCA81EDF
:1059D000182800F27882DFE810F019004002370240
:1059E0004902760276024C023A02430246027602ED
:1059F00076027602760276027602760276027602E7
:105A00007602760252024F0234023D02DFF8600B4A
:105A100037E2BAF1040FC0F06281DFF8A00A414614
:105A200000901CA812F0F2FE1F98002840F0578149
:105A30001C98DFF8CC3AB0F8028006880D98D0E9BF
:105A400000121CA803F0E2FFDDE91C504FF4B07116
:105A50004843002800F04981297B032906D1B5F885
:105A60005411B14204BF2988012904D005F5B0754D
:105A7000A0F5B070EDE70F9A698892B28A42F5D12D
:105A8000B5F85A014044C10340F13084DFF8740A8C
:105A90000CF0D2FBDFF8704A3046A047B5F85A0147
:105AA000A0474046A0470CF02FFD284602F026FBF9
:105AB0000A98DFF8581A0FF0E5FB303012F019FDA4
:105AC00012F0C7FC052000F018BCF8684A46D0E97F
:105AD000000103F0E5FC38B10A6890F86E03013A62
:105AE0000A60002800F0EB80DFF8F0090CF0A4FB5E
:105AF00012F0FCFC0CF008FDF868494600901CA868
:105B0000109ADFF8B039ECF73DFC9DF870400DF1CC
:105B10005C08FF2C40F0CC81DBE3BAF1020F80F08F
:105B2000A68001240DF15C08B5E0BAF1040FC0F0C5
:105B3000D680DFF88809414600901CA812F066FE66
:105B40001F98002840F0CB801C98B0F80280DFF846
:105B500090090CF071FB12F0C9FC40460AF0BAFA49
:105B60000CF0D2FC0D98DFF87C39D0E900121CA8AB
:105B700003F04CFFDDE91C604FF4B07100FB01F451
:105B8000DFF86459002C00F0B18106F10C002946C1
:105B900009F050FA20B1B6F84C01804500F09B8125
:105BA00006F5B076A4F5B074ECE7BAF10A0FC0F0D0
:105BB0009680DFF80809414600901CA852460A2347
:105BC000FFF7DEFC1F98002840F089801C98418870
:105BD00008910489B0F80680858806880A98DFF85D
:105BE00048190FF04FFB8A46711E89B2FE2900F258
:105BF0002581C6F34A11079450F8212006F01F01B1
:105C00001CAC22FA01F1C90700F0768106904A46E1
:105C1000F86812F0F7FD0028059500F060820A6828
:105C200090F8740301320A6017A9FF2259E2BAF111
:105C30000A0F13D3DFF88408414600901CA852468F
:105C40000A23FFF79DFC1C984FF6FF710578B0F80A
:105C50000880884503D01F9900294DD000250120D8
:105C60000DF15C088DF8480005F0010018E0DFF840
:105C70004C08414600901CA852460223FFF780FCC6
:105C80001C980DF15C081F9901240088002908BFA9
:105C90000404200607D001208DF84800C4F300203A
:105CA0008DF84900F4E2DFF818080CF0C5FA12F09C
:105CB0001DFC200C0AF00EFA0CF026FC09E3BAF1E8
:105CC000080F0CD3DFF8F407414600901CA8524699
:105CD0000823FFF755FC1F98002800F00F810120D2
:105CE0000DF15C08ADF84800D2E21E980DF15C0899
:105CF00012F0FDFA1420E3E0818808914188B0F8A1
:105D000006A044780D980791D0E900121CA8DFF88E
:105D1000003803F07BFEDDE91C124FF4B07045EA59
:105D2000042C02FB00F5DFF8F8970E4600242A4603
:105D3000AAB3337B012B06D1737B1098984204BF22
:105D40003388012B04D006F5B076A2F5B072EFE7E8
:105D500020460F9C7388A4B29C420446F3D1B8F14C
:105D6000000F00F0F482DFF8AC070CF065FA404653
:105D700010F0D6FA0CF0C8FB0420DFF89C17307343
:105D80000A98A6F80E800FF07DFA283012F0B1FBC9
:105D90002868ADF84A80013028601120EDE201F159
:105DA0000C060DF15C08F5B13078012804BF36F817
:105DB0000C0C012804D0A5F5B07506F5B076F2E715
:105DC0000F9936F80A0C89B28142F4D148460CF09A
:105DD00033FA0F980AF07EF910980AF041FB0CF0A4
:105DE00093FB3470E7E70A98DFF838170FF04AFAA8
:105DF000283012F07EFB12F02CFB14201E998DF837
:105E00004800DDF83C900A6801320A603CE21E98C6
:105E100012F06DFADFF8E0060CF00EFA12F066FBF5
:105E200012F033FB0CF070FBF8684946009012A8A2
:105E3000109ADFF8C836ECF7A5FA23E202251CAC6D
:105E4000B8E1DFF818071CE0DFF81C0719E0DFF8FD
:105E5000040716E0DFF8F00613E0DFF8100710E0A3
:105E6000DFF8EC060DE0DFF8E4060AE0DFF8F40600
:105E700007E0DFF8E40604E0DFF8E40601E0DFF81D
:105E8000F4060CF0B7F900201CAC0DF15C080CF026
:105E9000B1F90CF039FB109A4946DFF81836F8686A
:105EA00000902046ECF76EFA9DF87040FF2C06D06B
:105EB000DDE90B0112F060F98DF84840E8E11720A8
:105EC0008DF84800E4E1DFF8B0060CF093F92846BD
:105ED0000AF0C6FAD7E700204FF48031C6E9011076
:105EE00030803073C6E95300C6E955001E98DDF8CE
:105EF0003C9012F0FCF9ECE102255BE11C9806688D
:105F00004568DFF8C0050CF097F912F0EFFADFF8FA
:105F1000B805DFF8B845A0473046A047300C40EA46
:105F2000054A5046A0472846A0474FEA154808951D
:105F30004046A047E94AB5B212F0C1FDE5FB0201B7
:105F400012F0F7FBE64A81460E4612F0B8FDE8FB78
:105F5000020112F0EEFBE14A1FFA8AF4CDE90601D4
:105F600012F0ADFDE4FB020112F0E3FB824688462D
:105F70000CF0CAFABAEB090078EB06004BD2DFF856
:105F800050050CF059F90F980AF0DCF80CF0BCFA47
:105F90000220ADF8B20010988DF8B10013208DF8F2
:105FA000B000D0482D9017A811F06CFEDDF85C8091
:105FB000B8F1000F00F0EB80DDE918A6FB20CDE979
:105FC0002E60002030902EAC2DA912F083FEC0B2BE
:105FD000022878D12CA912F07DFEC0B2022872D11D
:105FE000DDE92F30191A022913D32E9A851CDFF808
:105FF000E414009129460FF065F8CDE9170117ACBC
:10600000DFF8D4140222204605F056F9002800F0EB
:10601000088204255BE0B4F5486FB0D8062DAED3F6
:10602000089880B280087C28A9D80898B0F5202F5D
:10603000A5D3AD4808998142A1D843F60954089BDD
:10604000AAFB04010222079D02EB430208FB041194
:10605000400A92B240EAC150490A12F035FD069A50
:10606000A2FB042305FB0433520A42EAC352801AFE
:1060700071EB5320BFF483AF09980021CDF87890DD
:10608000DDF83C90C0E90011C0E9021106984B46CA
:1060900026900898ADF8A0000798279007208DF863
:1060A0007000F8688DF8AA10CDF880A0CDF8848033
:1060B0001F96ADF8A890D0E900121CA8009017A870
:1060C00003F08CF905E10425C00718BF0D25012058
:1060D00051468DF87100404611F01EFE58E01CA993
:1060E000FE228DF85C201C228DF870200425097892
:1060F000FF295FD1C0075DD00D98DFF83034D0E9BB
:1061000000122046CDF8048003F080FCDDE91C205D
:106110004FF4B07100FB01F80492089D114640460F
:10612000A8B10A88012A08D14B881FFA89F2934244
:1061300004BFB1F85421AA4204D001F5B071A0F512
:10614000B070EDE70A7B002AF7D00A252FE0CDE9F1
:10615000026A0025DDF810A04FF00009DFF8D043F7
:106160000AF5AE76B8F1000F1BD00AF10C002146FB
:1061700008F060FF18B13078002800F0CF800AF5F1
:10618000B07AA8F5B07806F5B0760135EAE71625BD
:106190000DF15C08DDE90B0111F0EEFF8DF84850C0
:1061A00076E0DDF83C901CAC0425DDE9026A1E981F
:1061B00012F09DF811F0FEFFDF480CF03DF812F0F0
:1061C00095F9304609F086FF284610F0A9F80CF042
:1061D0009BF90A204FF0000AADF8B20010988DF834
:1061E000B10015208DF8B000D4482D902046CDE99F
:1061F0002EAAADF8C05011F045FDDDF87080B8F161
:10620000000F3CD0DDE91D56FB20CDF864A0CDE9A0
:10621000176017AC2DA912F05DFDC0B202281ED187
:106220002CA912F057FDC0B2022818D1DDE91830B0
:10623000191A0A2911D3179A00F10A09A5490091E0
:1062400049460EF03FFFCDE91C011CAC2EA90A22E5
:10625000204605F031F8002857D0042004E0C0079C
:106260004FF0040018BF0D2001218DF848008DF873
:106270004910404612F055FBDDF83C9002E0162034
:106280008DF848000DF15C089DF84800FF2820D0EB
:1062900012A8414690E87C00B8487CC1DDF83C90EB
:1062A0000BF0CAFF12F022F912F03CF80CF02CF9B6
:1062B0009DF85C0001280CD1F868494600901CA8A4
:1062C000109A7C4BECF75EF89DF87040FF2C40F084
:1062D000DE801CAE119CFFF7DBBA00BF00C40900D2
:1062E00000204E0006000500FFFF800CA5F85A01B3
:1062F00005F110000CF026FCFF201E990DF15C0842
:10630000DDF83C908DF848007DE5CDE91E69234617
:10631000CDE91C8512A812F016FAB3E74FF4B0705D
:10632000049905FB0016B069002840F0B8804FF0D2
:10633000FF30DDF808A0B06196F8240001281FD1D5
:1063400006F598700CF0FEFB96F8240019E007980B
:10635000A6F858010898A6F85601032030730A9849
:106360006E49A6F85AA1A6F854C10EF08BFF28304A
:1063700012F0BFF812F06DF8FF200DF15C083DE55A
:106380000020D6E907148C4207D1C00705D10021AF
:106390004FF00408042000240BE006F128088C428A
:1063A00008EB011091BFC1F11001611A00244FF0F8
:1063B0000408EFF7D5FF40462146EFF7D1FFB0695B
:1063C00086F824900130B06106F59C70C6E9079903
:1063D00001F021FD08980599A6F8540105F1400047
:1063E000A6F858110199A6F84C010120A6F85611FB
:1063F000109930800798DDF83C9071730221A6F85F
:106400005A01A6F84EA1A6F8029031731E9811F019
:106410006EFF069820300CF095FB039911F007FFF2
:1064200057E7CDE919652346CDE9178A1CA812F074
:106430008AF99DF87050A046FF2D7FF4ABAE48E777
:106440000E999DF87000487019E0F86849469DF86B
:10645000712000901CAC174B2046EBF793FF9DF882
:106460007050FF2D0DD00E9E611C1322701C27F062
:10647000AEFA357008E0FF2004E00E994D7001205F
:1064800001E005200E99087031B011F064BE0E9D38
:1064900013220C99681C27F09AFA2C70F4E725480F
:1064A0000BF0CAFE0EF0DCFE0CF02EF80BF07AFFBB
:1064B0008C0E0400603404009C0E0400701A04006A
:1064C0002D0000002C000000FC010000F52102005E
:1064D0008C0000002CFC0300820504008D000000ED
:1064E0002B0000007C0E04008CFF03002A0000003B
:1064F0005C0E04006C0E04008A000000800504009D
:10650000BC0D040087000000D5000200CC0D040083
:106510001C0E04005D0000003C0E04002C0E040064
:106520002F0000004C0E04000C0E0400BCFC030005
:106530007CFF0300C30000002E0000000E000500D9
:106540008E000000140000001A020000210200006A
:10655000200200001E0200001D02000019020000BF
:106560001C020000160200001502000018020000C4
:10657000170200001B020000230200008B00000035
:10658000F0B503AF4DF804BD044600254FF0FF36CB
:10659000022E15D0204608F0A9FCC00713D1013601
:1065A00001F07F00C6EBC60202F00F0290400543E7
:1065B00048B20028ECD4022E09D1C8B2032806D96B
:1065C00040F2015004E0C8B20002013000E02804AB
:1065D00011F08ABEF0B503AF2DE9000B8946804665
:1065E0004FF0FF3400250026042C15D0484608F053
:1065F0007DFCC00714D105F01F0001F07F020735B4
:10660000013402FA00F0064348B20028ECD4042C0E
:106610000DD1C8B20F280AD9052088F8010001E081
:1066200088F80110012088F8000011F007BFC8F8B1
:1066300004600020F7E7F0B503AF2DE9FE0F4FF03F
:1066400000094FF0FF3A0025002600244FF0000813
:10665000CDE90001BAF1120F44D0019808F046FCD0
:106660008B46C00742D106950BF07F0500214A46B4
:10667000284627F07DF8C9F14002CDE903012846FC
:10668000002127F05FF8A9F14002059444468046B6
:10669000029128460021069D27F06AF8B9F1400FC3
:1066A00038BF4046029AA046059C38BF1146039A5F
:1066B00038BF1543049A38BF1643B9F1000F09F1EA
:1066C00007090AF1010A1CBF48EA010804434FFA0E
:1066D0008BF00028BED4BAF1120F0FD15FFA8BF005
:1066E00003280BD900990520487002E0009981F831
:1066F00001B00120087007B011F02DBD00990020F5
:10670000C1E90256C1E90448F4E7F0B503AF4DF81A
:10671000048D0446002088600D46084601219846F5
:1067200016460EF00FFDC0B2022818D12846314699
:106730000EF008FDC0B2022811D1284641460EF0E5
:1067400021FDC0B202280AD1B96828460EF09AFC91
:10675000C0B2022803D1A8686060002001E0607028
:106760000120207011F08EBEF0B503AF2DE9000FAF
:106770008BB03C691E4688468246D2E90001154628
:10678000237E324600F0C8F8C00705D001208AF801
:1067900001108AF800001AE0CDF80C80D7E90598BE
:1067A000D7F80CB02078032814D1BC683346D5E95B
:1067B000001204AD28460DF031FECDE900B9504677
:1067C000CDF808802A460399234601F0A1FB0BB0BF
:1067D00011F0C1BCC7F80880504621465A464B46C6
:1067E0000BB0BDE8000FBDE8F04010F009B9F0B5FE
:1067F00003AF2DE9000F89B0BD6898460C4683466B
:10680000D1E9000116466B7E00F0A8F8C00701D060
:10681000012019E0D7E9039A287803280FD1D4E999
:10682000001202AC334620460DF0F8FD58462146D2
:1068300042464B46CDF800A001F0C0FB04E02846DC
:106840004946524610F070F909B0BDE8000FF0BD9E
:10685000F0B503AF2DE9000F8DB01D46BB68E846CB
:106860000C460646114640462A460DF0D7FD2849FB
:10687000204603F06FF80DF1180B82468946172168
:10688000584627F04DF860255146B5B10C460846EC
:10689000414610F0F0FA58BB2046594608F034FA49
:1068A000603D04F160010028EFD00120B44620765D
:1068B00098E86F006FC466461CE00AF11801B34601
:1068C0006020C8B18C4601F160031CF818196038CB
:1068D00000291946F5D101208CF81800604698E887
:1068E0007E007EC00CF120000FF098FFFF2007E033
:1068F00001202076FF2004E006480BF0A9FC1D20B3
:106900005E46307011F05CFC0DB011F024BC00BF8D
:106910009406040092000000D0B502AF86B01C4679
:1069200013460A46014601A802F0BDFE9DF8040088
:10693000FF2802D0012101200EE0E2B29DF80530CF
:1069400001200221DFE802F0030205081BB100204C
:1069500002E0022BFBD2052106B0D0BDD0B502AFBC
:1069600086B01C4613460A46014601A802F09BFE6B
:106970009DF80400FF2802D0012101200EE0E2B2C0
:106980009DF8053001200321DFE802F0030205082D
:106990001BB1002002E0022BFBD2052106B0D0BDC6
:1069A000D0B502AF044690F8340018B90020A16AAF
:1069B000C4E90B100648224606490CF00DF925F0F3
:1069C000F7FD032084F8340084F83000D0BD00BF08
:1069D00070DC032030300400F0B503AF2DE9000F68
:1069E000ADF51F7DDFF8A41E8346CDE90910002018
:1069F0000D9009A80BF12804D64BCDE90B0042F607
:106A0000C8705844089041F264300BEB000999F8C3
:106A10003400DFE810F00600EA054C0693006B0036
:106A20003C080020494641F8300F069451F8040C08
:106A300041F80C0CDFF8580E05910BF009FC0CF036
:106A4000BDFEDFF8502E9179C90740F0D2850121B3
:106A500091710CF0E9FEC04DC049C14ED5F8A403B8
:106A60000860D5F8A8034860D5F8AC038860D5F86D
:106A7000B003C860D5F8B4030861D5F8B80348611D
:106A8000D5F8BC030862D5F8C0034862D5F8C40342
:106A90008862D5F8C803C862D5F8CC030863D5F876
:106AA000D0034863D5F8D4030864D5F8D803486404
:106AB000D5F8DC038864D5F8E003C864D5F8E403AE
:106AC0000865D5F8A400A74CC0F3072045284BD98A
:106AD000301D5A214FF05A080BF042FFC0B2C4F8E3
:106AE0004080B0FA80F04FEA501A3FE009F6783063
:106AF000069099F8780B09F14C01059168B30328C9
:106B000040F0AB8509F5D270079099F8A4010DF11A
:106B1000240809F5D67209F5E673DFE810F00800DD
:106B2000B805C805BC04E503A4049504C904D9E963
:106B30001382D9E9151AD9F85C0051E34D4615F8CE
:106B4000400F002800F0FF815A461C46032800F041
:106B50000682DFF8440D0BF07EFAD9F86C8BD9F879
:106B6000701BD9F8740BB2E24FF0000A05F58D5096
:106B700012210BF0F5FE054630461221B0460BF00F
:106B8000EFFEE9B2C0B239B1B0FA80F252094AEA76
:106B90000205022901D102E00125022803D1DFF814
:106BA000FC0C0BF055FB08F10800002101220BF052
:106BB000DFFEC0B20521B0FA80F00722400905438C
:106BC00008F580700BF0D4FEC0B2B0FA80F149092C
:106BD0000D43022804BFDFF8C80C0BF039FB002D71
:106BE00040F00A85604800212160012221505F4960
:106BF000625021580029FCD0DFF8A82C0120002188
:106C00004FF0FF33A0662066082906D0545804319F
:106C1000C4F82405C4F82035F6E755484FF0000CB9
:106C2000DFF8841C4FF0010ECDF81CB04FF000438C
:106C300083460025082D16D04E19367906F01F021E
:106C4000C6F340140EFA02F20BEB8400C0F8802168
:106C50000BEB060080F800C34BF824204859083598
:106C6000C0F80433E6E743484FF40001424A816428
:106C70004249C1F8042301228A600A6001680029A0
:106C8000FCD13F4C00204FF40031D8462074CBF8A3
:106C9000001001218DF842004FF4FA70ADF8400069
:106CA00002208DF83E004FF48050ADF83C00DFF834
:106CB000B40E6030D0E84F2F002A40F07D84C0E849
:106CC000421F002AF6D180264FF48010DFF8C42E30
:106CD000BFF35F8FE6741421C8F880010FA825F078
:106CE0005FFA002800F18A84002001212070A07240
:106CF000E071DFF8940E88F80063012625F081F832
:106D0000002800F17D84DFF8781ED1E84F0F0028BD
:106D100040F05284C1E8406F0028F6D1481CDFF8EB
:106D2000781EBFF35F8FC9F82800002040F20112DF
:106D3000382800F06E840D18383005F1180353E838
:106D4000004F24B943E80024002CF8D11AE0BFF327
:106D50002F8FEDE7047300406000001020C5004055
:106D60000412001018050040ECFBFFFFF0FAFFFFD3
:106D700000E100E00415014002000800001001409D
:106D800001E400E0DFF8140E069C686205F12800BB
:106D9000EAF7CEFDD9F8240029460BF04DFCD34884
:106DA0004FF0010A4D46C0F800A0C0F804A34FF40C
:106DB0000050CBF88001CBF80000DFF8C40D503054
:106DC00045F8040FCA4800F52E606860DFF8D00D62
:106DD00013F008FEB0F1FF3F40F3278413F060FF8B
:106DE00013F06AFF13F074FF13F076FF13F072FFD5
:106DF0008DF8F8A03EA902200CF03CFD002840F0E0
:106E0000D98340F20330ADF8FC004FF0FB103E9008
:106E10003EA903200CF02EFD002840F0CB8300207B
:106E20000021002213F026FE0646002800F12484EB
:106E300041F21020DFF8481D801B88BF012038BFB9
:106E40004FF0FF30C0B268B1012840F00A84DFF88B
:106E5000540D0BF0F1F930460BF0E0F90BF054FB58
:106E6000DFF81C1DBFF35F8F51E8030F002840F0CF
:106E7000DF8341E803500028F6D10120002800F00C
:106E8000DC83DFF8280D3E903EAD284615F030F843
:106E9000B0F1FF3F40F38E83DFF8140D214613F06D
:106EA000BDFEB0F1FF3F40F3CE83924C00200221A3
:106EB0000122602389F82000A9F8140089F8101035
:106EC000C9F80C0089F83320A3718B4B1A60C3F802
:106ED000F0104FF60271C3F8F400ADF8FC104FF457
:106EE00000313E9103F11001062818D02A18537979
:106EF00014790C60FF2B1ABF4B604FF480130023F2
:106F00002C5C0630967843EA04335478D27843EA0E
:106F1000022242EA064222438A601031E4E7774BBC
:106F20004D46774858608020CBF88001CBF80000B0
:106F3000002045F8400FDDF81CB0059845F8040C1A
:106F4000012005F80E0C6F4800211C461950102036
:106F5000186001216C4819500B98D0E90012DFF835
:106F6000200C20300BF038FE66482158002900F034
:106F7000C98121460024CDF81CB04FF001080C5007
:106F80004FF400506149624E85F80080DFF828AC6C
:106F90008B4670500D208DF8F8003EAD2846D04746
:106FA0004FF4004046F80B000F208DF8F8003EA883
:106FB000D0474FF4002046F80B0013208DF8F8005E
:106FC0003EA8D0474FF4800046F80B0016208DF8FD
:106FD000F8003EA8D0474FF4801046F80B0014206C
:106FE0008DF8F8003EA8D0472020C6F8E0808DF844
:106FF000F8003EA8D0474FF0805046F80B001C2008
:107000008DF8F8003EA8D0474FF0804046F80B00BE
:107010001E208DF8F8003EA8D0473E49042070633A
:10702000B061706108603065B0643B483F903B4898
:107030003E90082C0CD0285D06F1E00111F061FEB5
:1070400038BFA6F50871013408FA00F00860F0E7CF
:10705000DDE93E014FF48076C9F8420041F61F5049
:107060002F4DA9F840002F48C9F83C0040F201100C
:10707000C9F84610A9F83000D9F82880C5F8806012
:10708000BFF34F8FBFF36F8F0CF048F8DFF82C0B76
:1070900090F84010012900F0A5820121002280F81B
:1070A000401011F024F92E6020204FF4202189F89F
:1070B000782B09F14C02059209F67832C9F86C8BED
:1070C000C9F8701BC9F8740B0692DDF81CB0C9F83A
:1070D000100509F20C5AC9F80C153EA92E200222FF
:1070E000B0F5D77F20D00A543030F9E704D0004003
:1070F00020C5004001E400E000750040047300403A
:10710000FFFF3F000CFEFFFF08FDFFFFE0FDFFFF5C
:107110002C070050200A005014201C1E0D0F1316BF
:1071200000E100E01811102841F688003EA95844FB
:107130004FF4C07226F0A6FB40F26760E449C9F83C
:10714000A4060BF5E650002640F65D72C9F8B416A9
:107150004FF48071C9F81465C9F8186589F84C694D
:10716000C9F87C6AC9F84467C9F8A866C9F8AC26AA
:10717000C9F8B066C9F8B866C9F8BC6626F0D0FB95
:107180004FF40040D349C9F854094FF01410C9F81E
:10719000681ADFF82C1AD04AC9F8780A09F2145094
:1071A000CE4BCF4CC9F8642A0122C9F8603A09F5E0
:1071B000D273C9F8586989F86A6BA9F8686BC9F87D
:1071C0005C4AC9F86C6AC9F8706AC9F8746A89F8C7
:1071D000A461C9E91382C9E9151AC9F85C000793CB
:1071E000C9E91882C9E91A1AC9F870009AF8046046
:1071F000012E40F2EA81DFF8D009DAF800400BF006
:107200001BF8DFF8C8594FF48060A847B000A847C2
:107210009AF8040009F024F9DAF80000A847002CD5
:1072200008BF4FF4C02425050BF06EF9002D40F087
:10723000CF81D9F86C000079012840F2CC8104EBB1
:107240000030C9F89C0141F2D8300BEB0005D9F8A9
:1072500060100026C9E9651428464FF4907189F83A
:10726000A06126F05DFB89F8886309F56278C9F8AA
:10727000A85109F5D47A0B9A002089F88403C9E94A
:107280006B0509F5D6743EA811F008FD9DF8F8606D
:10729000FE2E03D1032088F8000009E220469DF865
:1072A00000513F9C0490EEF735FF012088F8000064
:1072B0005046EEF747FF4EB98A48844206D1E807A8
:1072C00004D0D9F86C004179002957D0DFF80809BB
:1072D0000AF0BEFFDDF82C80002089F8000241F2A0
:1072E000F8405844C9F8A80141F20C500BEB0005D6
:1072F0003EA842462946F9F775F83E98023004D177
:107300000420D5E103202870C8E32846EEF78CFE60
:107310000020D9E9192189F8CC0141F2D830D9F8F7
:107320007030584409F5E674039409F5D674C9E938
:107330006B02C9E96D1304940124C9E9711300219A
:1073400089F8DC43674CC9E96F0209F57572C9F821
:10735000D84389F8D41389F8D013C9E97410C9F84F
:10736000D82109F5E8761AAD10F06AFE1A980230B5
:1073700043D1032003990870052099E18079012801
:1073800040F01182DFF84C080AF062FFD9E91910C9
:107390000368002089F8CC0141F2D8305844D9F86C
:1073A0007020C9E96C1AC9E96A3009F5E673C9F8B1
:1073B000B8210393DDF82C8009F5DE74002384E8FE
:1073C00003040121C9F8C82109F5757289F8DC3375
:1073D000C9F8D83389F8D41389F8D033C9E97410BF
:1073E000C9F8D82109F5E8753EA810F0F6FE3E9CD4
:1073F000A01C40F09E80032061E10DF1440A10F0D2
:107400003BFD1198013000F078805046049CEEF767
:107410000BFA012089F8CC012046EEF7B3FE41F2C9
:10742000D832DDF82C805A4400202E49C9F8B01318
:1074300009F56B7189F8B40389F8AC0389F8A803DE
:10744000C9E96A02C9F8B01141F20C500BEB000512
:107450003EA810F0C2FE3E98023001D1062027E17E
:1074600011F056FA9FE199F8CC010DF1240804922D
:107470000393DFE810F0090018011C010800540014
:107480007D00300355036CE7D9E96B020DF1240848
:10749000D9E96D1350E799F8880309F5D47A09F50D
:1074A000627800286ED0032840F0F58009AAE8E64B
:1074B00099F8CC010DF12408CDE90332DFE810F092
:1074C0001400EF00F700070042003E01550189E774
:1074D000FA00F5C1022819040503320164005000C6
:1074E00064001400DFE54AF709F5D67AD9F8B82127
:1074F0000DF124089AE803045EE7D9F8BC210020C6
:10750000012189F8DC03C9F8D80389F8D00309F50B
:10751000757089F8D413C9E97412C9F8D80109F54E
:10752000E8761AAD10F08CFD1A98023014D10420C0
:1075300020E711F0EDF9601C40F02F8110F000FE03
:1075400011F0D5F909F5E8753EA810F046FE3E9C0D
:10755000A01C1BD10420B2E00DF1500A10F08CFCED
:10756000149801307FF451AF10F0EAFD11F0BFF92B
:1075700009F5E8761AAD10F063FD1A9802300DD1C6
:107580000520F7E6DAF8005009AA75E611F0C0F90F
:10759000601C40F0028111F0A2F994E00DF15C0A48
:1075A00010F06AFC179801307FF42FAF049C11F0A3
:1075B00096F9A5E006465FE0DFF8D0057921DFF80F
:1075C000D025BFF32F8F09F035F9DFF8F80536E045
:1075D000DFF8FC0533E0DFF834063521DFF830262C
:1075E00009F028F9DFF82C0629E0DFF890050AF009
:1075F00032FDDFF83C0622E00BF0E8F9054602E038
:10760000054624F05DFDDFF824060AF015FE284645
:1076100037E0DFF80C06A7F11D0200902B21DFF800
:107620000406DFF804360AF0AAFC00EAE07623E05C
:107630000020BFF32F8FFFF721BCDFF86C050AF0A5
:1076400007FE0AF0AFFE064613F018FBDFF8301510
:107650000020BFF35F8FC8600EE0DFF81C050AF062
:10766000FAFCDFF8B4050AF0E7FD30460AF0D6FD73
:107670000AF04AFF6FF01506DFF8A0050AF0DCFDFE
:1076800030460BF05BFD0AF03FFF0AF08BFEDFF89F
:10769000E4040AF0E0FCDFF8D8040AF0DCFCDFF8D0
:1076A000C8040AF0D8FCDFF8C4040AF0D4FCFEDEFB
:1076B000079908700699032008700420EEE10399E9
:1076C00008700720F4E709F5E87007F022FC11B113
:1076D00011F0C6F90AE0D9F8C401006800285CD0AE
:1076E0000021C9E97401C9F8D8111EE011F0AEF902
:1076F0000029E8D00022C9E97B01C9E97D1229E00F
:1077000009F5E87007F005FC11B111F0A9F9FBE1EA
:10771000D9F8C4010068002800F0D2810021049447
:10772000C9E97401C9F8D811C0E111F080F9A1B319
:107730000022C9E97701C9E9791225E00BF5AB55BB
:107740003EA810F04AFD3E9CA01C0CD011F0E0F8C1
:10775000601C22D111F066F90029C7D010F075FC29
:1077600010F01FFCEAE70520A9E741F250500BEBAF
:1077700000053EA810F031FD3E9CA01C00F0948155
:1077800011F0C6F8601C08D111F05BF90029CCD0CB
:1077900010F0CBFC10F038FCE7E7039901200870EB
:1077A0000498EEF7DBFC41F2D8300BEB00013EA869
:1077B0004FF4967226F066F8012099F8A04189F8F6
:1077C000A40141F205503BF800105844022C807887
:1077D000ADF85C108DF85E003FF46CAF059A92F83E
:1077E0005801033804281CD8DFE800F003170D12F5
:1077F000080002F5AE70EEF7A5FC12E002F5B070DD
:10780000EEF7ACFC0DE002F5B070EEF7BBFC08E063
:1078100002F5AE70EEF78AFC03E002F5AE70EEF70B
:1078200003FC01204FF4967289F8780B41F238205E
:107830000BEB00083EA9404626F024F841F26530E3
:10784000BDF85C102BF80010584400229DF85E1023
:107850008170002089F800401AA9602A05D08B1891
:1078600088500C32C3E90100F7E70022D9F8420042
:10787000D9F846100023A9F8302032AD302B15D0AE
:10788000EC18EA500633A280F8E700BF303004005D
:107890003A000000F8E60320F4050400560000005A
:1078A00055000000C8140400E81404004E4641F2DC
:1078B0004C4356F83C2F4BF803206022C6E90F01D9
:1078C0000BEB0300B188818041F2E43058441AA9DF
:1078D00025F0D8FF41F2AC300BEB000A29463022EC
:1078E000504626F074F8B348002186F8B210C6E975
:1078F0002911C160016040F60E30089CB94BBA4AAC
:10790000C4F8AD0FB548C4F8982F0022C4F8881FFA
:107910008446B348C4F88C1FC4F89C3F8646FF20B9
:1079200084F8AC0F0420C4F8A0EFC4F8A4CFC4F8C6
:10793000A80F04F6887406F80A1C022A03D025F85A
:1079400012100132F9E7089800214FF09672329B2D
:10795000A64DC0F8B81FC0F8BC1F80F8E21FA0F801
:10796000E01FC0F8CC1FC0F8D01FC0F8D41F022100
:10797000C0F8C82F4FF4FA6289F8441040F6183165
:10798000C9E90F219A4AC0F8D83FC0F8DC5FD2F8A5
:10799000FC10CDE90668C907CDE9044A954909D12B
:1079A00001234FF4A0258B6013600D60954D4B6053
:1079B000535114E08A6802F00902012A06D10A68CC
:1079C000B2F5A02F04BF4A68012A08D08A48A7F15F
:1079D0001D02009012218948894B0AF0D0FA089CB8
:1079E0000BF5A353884D04F6E87204F6B8700390C3
:1079F000C1F8FC5000214FF4203584F8F01FC2E993
:107A00000051604D89F83310686801902868029031
:107A100041F270305844C9E93D1190E8605583E85F
:107A200060550198C4F8001F40F44040208102983E
:107A300060600698C4F8800F0398C4F8880E079811
:107A4000C4F8C00A0498C4F8E8000598C4F8041FF4
:107A5000C4F8841EC4F8801EC4F8581EC4F85C1E06
:107A6000C4E95011C4E93811C4E9041184F8841F31
:107A700084F8901E84F8781EC4F8702E84F8CF1A0B
:107A800084F8F01084F82010A061A172216041F206
:107A900058400BA9584403F0B5FC052089F8340080
:107AA0000DF51F7D10F057BB062008E610F0BFFF54
:107AB00029B10022C9E97701C9E9791245E0049C9E
:107AC0000399012008702046EEF75CFB6BE610F08E
:107AD000BCFA10F066FA0BF5AB561AAD10F0B0FA1E
:107AE0001A98023008D00DF1C80A10F0C5F9329882
:107AF00001307FF48AAC02E00620FFF73BBC10F0B7
:107B000091FF0029E3D1049C10F0A0FF00293FF46D
:107B1000F7AD00220494C9E97B01C9E97D12EEE7C3
:107B200041F250500BEB00061AAD42463146284652
:107B3000F9F770FC1A98023010D00DF1F80A10F025
:107B40009BF93E9801307FF460AC10F07AFF002979
:107B5000ACD010F0EAFA10F057FAE1E70720FFF78F
:107B600009BC00BF489A03203407040044070400FE
:107B70002407040054070400640204000004040005
:107B8000F8E6032060000010489A03203C0D040032
:107B9000780D0400D532020060E70320A1690100DE
:107BA0008938020058000000A5000000A151000023
:107BB000E53802002C070050798401005879032031
:107BC0007CFF0300C10000003F0000001D220200F6
:107BD000C20000001D000000170000000001FF00AF
:107BE000FF000001010000FF00FF01000100000193
:107BF0000403014004050140C0340400AC34040017
:107C000074340400FCFCFFFF3546526E100D040076
:107C10002C0D0400A3000000A40000009700000049
:107C2000B4090400CA3B0400F00C040098000000F2
:107C30009C00000080B56F4600F056FA053080B217
:107C400080BDD4D4DCB504AF0446084600F04CFA3D
:107C500004490530009181B205202246FB230DF036
:107C600031FADCBD9C0F0400F0B503AF2DE9C00B69
:107C70008146104690460E468C6800F035FA164B49
:107C8000054602202146FB220EF07EFC6A1CADF860
:107C90000420124A0223009201AA0BF0B1FE062032
:107CA000A7F11A0227F81A0C02210D4802230090AE
:107CB000A01C0BF0A5FE08F10100207196E80E0053
:107CC00009F104000EC0FF2089F8000089F8108037
:107CD000BDE80C0BF0BD00BFAC0F0400BC0F0400EE
:107CE000CC0F040090F85E13FF291EBF013180F80D
:107CF0005E13704780B56F4602480AF0A9FA0AF091
:107D000051FB00BFE6000000F0B503AF2DE9000F06
:107D100093B082468868B0B3D1E9040102F0B2FEA4
:107D200007AE10F03AFC06F1020B9DF81C809DF89E
:107D30001D9001AC5946162210F073FAB8F1FE0FEF
:107D400024D0204621467CC80DF1340CACE87C00E0
:107D500016220088ACF8000058468DF81D908DF86A
:107D60001C8025F034FEB8F1FF0F16D08AF8019080
:107D700016220AF8028B0DA9504625F028FE13B0F2
:107D8000BDE8000FF0BD0C480AF0A0F809480AF061
:107D900053FA48460EF0B6FA05E005480AF04CFAE8
:107DA00007A8EDF7ADF80AF0AFFB0AF0FBFA00BF49
:107DB000F3000000F9000000DC0F0400F0B503AF91
:107DC0002DE9000BD7F8089080460D682DB1D9E950
:107DD00000010FF0A1FF152010E0D1F804E00E46DD
:107DE00099E83100D7F80CC031C600204B820A82D6
:107DF000C1F80CC07146EDF77DFDFF2088F800004A
:107E000010F01CBBDCB504AF00240194BC680094E6
:107E1000FFF7D4FFDCBD80B56F46D0E90021002319
:107E200003601046BDE88040EDF764BDF0B503AFD8
:107E30002DE9F80FD1F8009004460020B9F1000FA9
:107E400008601BD00E469246F0681D464968328A8B
:107E500000EB0308B6F812B0D84514D92B480D46EC
:107E600016460AF0E9F9304608F034F958460AF0A7
:107E7000D5F90AF049FB2946052008E001202060D9
:107E8000142020713CE0B8F1FB0F0BD90420012233
:107E900020712260484605B0BDE8000FBDE8F04003
:107EA0000FF03ABFCDE90321FB23B26815490091D9
:107EB000414602920DF006F9134A2B4610F022FCBF
:107EC000D84509D10498E0600298C4E9040B0398EE
:107ED000A4F806B0A0800FE00398049930820298BD
:107EE000C6E902080020C6F800904FF00009A6F885
:107EF00012B07160EDF7FEFC0020C4F8089020601D
:107F000010F0C4B8EC0E0400FC0E04008900000060
:107F1000F0B503AF2DE9800F14460A462349834686
:107F200010461E4601F025FD80460D466FF05F0AA3
:107F3000BAF1000F16D00AF1600A214608EB0A09CF
:107F400048460EF098FF0028F2D009F12000314693
:107F50000EF036FC30B10246B8680C4688420CD9A7
:107F6000072000E00A208BF8010001208BF80000B8
:107F700028680138286010F030BB0D4B11462246AE
:107F80000DF071FF3A690C460E460A4B8A42F968B9
:107F9000804638BF164630460EF0F6FA064A2346AB
:107FA00010F06AF8CBF804600020DFE74406040014
:107FB000540604006406040074060400F0B503AF20
:107FC0002DE9E00F0D4640499A46914601F0C2FC6A
:107FD00004468B466FF05F08B8F1000F23D008F11C
:107FE0006008294604EB080630460EF044FF0028DE
:107FF000F2D00FFA89F0002815D406F12005494681
:1080000028460EF07FFB01280DD1284689460EF048
:10801000A9FB284649460EF011FBBE6886420DD9E1
:1080200001200D2101E001200A21DBF800200132AE
:10803000CBF8002003B0BDE8000FF0BD284649464C
:108040000EF0D0FA214B8219014628460EF04EFB65
:108050001F4A334610F056FB284649460EF0EEFA0A
:10806000B1B2884226D328460EF0A4FA894526D21A
:1080700000EB890090F90100002819D528464946EF
:108080000EF00CFB144A014628460EF0FDFA134B85
:1080900002460C461146022022460EF075FA104A9E
:1080A00002230092A7F11E0227F81E6C0BF0A8FC19
:1080B0000020BAE70B480AF0CBF80AF073F9054A3A
:1080C000484609F0B3FA00BF84060400583C040097
:1080D000683C0400083C0400183C0400283C0400F0
:1080E000383C0400ED00000080B56F460249C0B284
:1080F00031F8100080BD00BFD04B0400D0B502AFF6
:10810000074904460C3006F095FF38B1062020736D
:1081100004F11800BDE8D040FDF7A0B9D0BD00BF04
:1081200080FF0300F0B503AF2DE900070D46804640
:1081300098B291B281421AD90F481E461446D7F818
:1081400008900AF079F8B5F84C01DFF830A0D04774
:108150004846032107F0CCFF2046D0473046D047A1
:108160000AF0D2F92846FFF7C9FF052000E0FF20FA
:1081700088F8000010F083B988000000D5000200E4
:10818000F0B503AF2DE9000FA9B08346C8B23C2873
:1081900027D0022821D048BB90490BF578709A4629
:1081A00016460DF06FF80C46DBE902128C4B814647
:1081B000856905A801F0EFFBDDE905214FF45E704C
:1081C000414302F5577011B302780AB98278C2B3FD
:1081D000A1F55E7100F55E70F5E77F480AF038F8AA
:1081E0000DE00BF5CA600EF015FD0CE082480D465F
:1081F0000AF022F8284607F0B3FF0AF085F90BF5DC
:10820000BA60FDF776F9012029B010F02FB9079870
:1082100010F06DF876480AF00FF8304607F092FF3C
:108220000AF072F910F074F814208DF858007148B3
:108230000AF002F816A80DF093FF0AF065F9002085
:10824000E2E7A0F557780495D8F88002002840F0BE
:10825000B9804FF0FF300394C8F8800298F890027C
:10826000012806D108F548700AF06CFC98F89002D5
:1082700000E00020F9680191D8E9A2148C4206D1EF
:10828000C00704D100210825082000240AE008F5D1
:1082900026758C4205EB811091BFC1F10201611A74
:1082A00000240825CDF80890EEF774F828462146FA
:1082B000EEF770F8D8F880024FF0000988F8909235
:1082C0000130C8F8800208F55170C8E9A299FFF79B
:1082D000A2FD0498C8F84003032088F85C03DAF88C
:1082E000031088F86F93A8F85A93A8F85863CDF84C
:1082F0009B10DAF80000DBE904120496CDE924991A
:10830000CDE92299269016A822AB0EF0B1FE9DF879
:1083100081100DF1580E022909D00EF110050EA89A
:1083200000F1080E95E85B10724682E85B10DAF8FF
:1083300003100DF1200CDAF80000CDF86B10614647
:10834000CDE91899CDE916991A909EE87D007DC176
:1083500008F510709CE87E007EC0DDF804C0B868A7
:1083600088F86E0308F516709CE87E007EC00E2229
:1083700008F558703969A8F8729325F028FBB86899
:108380000028029818BF08300AF0DCFB07980FF0AD
:10839000AEFF03990FF04BFF134809F04DFF04980F
:1083A00007F0D0FE50460DF0F1FD0AF0ADF80F4990
:1083B0000BF5B5600CF066FF0268013202600FF049
:1083C00036FF20E7074809F037FF0CF049FF0AF0B5
:1083D0009BF809F0E7FF00BF6D000000C810040023
:1083E000D8100400C300000023000000181004008F
:1083F0008F000000620000005F000000F8B504AFCD
:1084000000F1100168460EF085FD9DE80F0019434C
:108410001043084318BF012004B080BDB0B502AFBF
:108420000446FFF7EBFF88B104F5BA60FDF754F896
:1084300060B104F5B76001F0BFFA0B68027C407CC4
:108440000133022A0B6004D0C00702D10025284660
:10845000B0BD04F5BD60FDF73FF800250028F6D05B
:108460000AF01AFAD4F81826D4F81C36801A71EBE0
:10847000030028BF0125EAE780B56F46007806496A
:1084800010F03FFC38BF4FF0A04141EA80000321CB
:10849000C0F8001780BD00BF00030050F0B503AF67
:1084A0004DF804BD0246D0E901C0147891E8680097
:1084B000012C68C206D1DCF80C105DF804BBBDE8E5
:1084C000F04008470FF02BBFF0B503AF4DF804BDE7
:1084D0000446006880BB10F040FC207B012805D1D9
:1084E00004F58C700AF02EFB207B00E00020D4E91C
:1084F00001158D4206D1C00704D1002104260420B5
:1085000000250AE004F110068D4206EB011091BF30
:10851000C1F11001691A00250426EDF72EFF30463F
:108520002946EDF72AFF00202073C4E901000FF06F
:10853000EFFE5DF804BBF0BD044809F07DFE0CF0D1
:108540008FFE09F0E1FF09F02DFF00BFC30000001E
:10855000F0B503AF4DF8048D8046086870BB0D463A
:108560004FF0FF3101CA2960297B39B1D0B192E8BF
:10857000580008F1040158C100211AE0A96805EB70
:108580000113186103F1140092E8580058C0481C08
:10859000B0F1100118BF01466868A960884204BFA5
:1085A0000120287305F588700AF0CCFA2868411C70
:1085B00000202960C8F800000FF064BF044809F0EB
:1085C0003BFE0CF04DFE09F09FFF09F0EBFE00BFF3
:1085D000C3000000F0B503AF4DF8048D8046086875
:1085E00068BB4FF0FF300D460860087B38B192E859
:1085F0005A0008F104005AC0002101201AE0D5F801
:1086000008C092E8590005EB0C11103159C10CF16A
:108610000100B0F1100118BF01466868A9608842E6
:1086200004BF0120287305F588700AF08BFA2868CA
:10863000411C00202960C8F800000FF023BF044847
:1086400009F0FAFD0CF00CFE09F05EFF09F0AAFE3D
:10865000C3000000F0B503AF4DF8048D80460868F4
:1086600080BB4FF0FF3012F8016B08600D46087CAC
:1086700048B1FF2E1AD008F1010011463F2225F023
:10868000A6F9002019E0EC6811463F2205EB8410A2
:108690000676193025F09BF9601C811E18BF014633
:1086A000A868E960884204BF0120287405F1980099
:1086B0000AF048FA2868FF260130286088F8006030
:1086C0000FF0E0BE044809F0B7FD0CF0C9FD09F059
:1086D0001BFF09F067FE00BFC3000000F0B503AF49
:1086E0004DF8048D86B094460091884669460A1D6F
:1086F0009CE87840114681E87840D8F8001071B9BC
:108700004FF0FF310023C8F8001008F1040101F018
:108710009EF90FF065FC06B05DF8048BF0BD0448CF
:1087200009F08AFD0CF09CFD09F0EEFE09F03AFE1E
:10873000C3000000F0B503AF2DE9000FADF5237DB8
:10874000D0E94A230191D11C4B9143F100013A91A8
:10875000911C4C9143F100014491511C4E9143F105
:1087600000014691D0F818110626D0E94C4CD0F8FB
:1087700024A14F92D0E942B24793D0E944E350910B
:108780009946D0E94781029000F594700090509886
:1087900051914A94CDF8DCC0CDF8ECC04D94CDE9B0
:1087A00048441446CDF814C1CDE935CB9446CDE903
:1087B00020B2CDE91E32519A1B49CDF8E0E0CDF848
:1087C000C0E0154625931993184BCDF8A4E0CDF8D9
:1087D0008CE086462A901B901548CDF8BCB0CDF8A9
:1087E0009CB093461D92134ACDF8E480CDF8D0A0FA
:1087F000CDF8C480CDE92DA8CDF89880CDF8A0A003
:10880000CDF860A03F931C9043911A923E93249020
:1088100042912292CDE92B20CDE93C33CDE94011A4
:10882000CDE9322008E000BF6E6420337465206B10
:10883000322D627965787061002E00F040833F9898
:108840001E9B1494C2183598119582EA000128984D
:10885000179600EB3140289058401E90CDF820B07C
:1088600002EB305A279A1A98139183184B9829993A
:1088700083EA00045098CDF83CC000EB3445CDF8B5
:1088800034E085EA0206519ACDF8249003EB365085
:10889000359080EA344B439B05EB3B60169080EAB1
:1088A00036541C9846184D980AEB7465704002EBDC
:1088B000304C8CEA010806EB38511C9181EA3042B9
:1088C00021983A99034485EA326683EA010E2E998B
:1088D00001EB3E4980EA09001A9003EB305383EA2A
:1088E0003E403A9009EB3060159000EB36405090D6
:1088F00080EA7461519105EB31543F9484EA36402B
:108900002E904FEA30640CEB3260129080EA3850BF
:108910004D9403EB7061139B289C81EA3B628AEAC9
:108920003343109304EB3363139303EB32432893E5
:1089300083EA7060299001EB3050439080EA324026
:10894000279019994FEA30604B903E98421837981B
:1089500082EA000318980E9300EB334E8EEA010072
:108960001990209902EB305822981D9A43184C9880
:1089700083EA00041B9800EB344585EA010603EB0B
:108980003650379080EA344905EB39601B9080EA15
:10899000365CDDE9231046184A9808EB7C65704088
:1089A00002EB304A269A8AEA010B06EB3B512491EE
:1089B00081EA304442991F9885EA34660B1844993D
:1089C000594002EB31425040229003EB305383EA8E
:1089D0003140449002EB3060189000EB3640269016
:1089E00080EA7C61219105EB31513E9181EA36406C
:1089F00020904FEA30610AEB34600B9080EA3B50E4
:108A00004A9103EB70610E9B81EA396288EA334335
:108A10000A930EEB33630C9303EB3243239383EA05
:108A200070601F9001EB3050429080EA32401D9000
:108A300025994FEA30604C903D9842183B9882EA65
:108A400000032D98079300EB334E8EEA01002D9022
:108A50002F9902EB30582B98089A43184E9883EAC6
:108A600000042A9800EB344585EA0106309903EBAF
:108A700036503B9080EA344905EB39600E9080EA2D
:108A8000365C2C984618499808EB7C65704002EBE0
:108A9000304A319A8AEA010B06EB3B512C9181EA6C
:108AA000304441990F9885EA34660B18469959402D
:108AB00002EB314250402B9003EB305383EA3140BC
:108AC000469002EB3060089000EB3641319181EA2C
:108AD0007C612F910AEB3460069005EB31513D919A
:108AE00081EA364180EA3B502A914FEA316149914F
:108AF00003EB7061079B81EA396288EA334305938F
:108B00000EEB3363079303EB3243309383EA7060D9
:108B10002590389B01EB3050419080EA32400F9015
:108B2000099A4FEA306045994E903C98104480EA8B
:108B3000010A349901EB3A4104915140369A34913B
:108B400000EB315932984F9989EA3A4A104480EA49
:108B500001040D9901EB344585EA020600EB36501D
:108B6000459080EA344B05EB3B600D9080EA365E21
:108B70003398C618489809EB7E6586EA000111987B
:108B800000EB314883EA080306EB3350339080EA68
:108B900031424098149985EA32664418479884EA2D
:108BA000000C399800EB3C404140329104EB3154C9
:108BB00084EA3C41479100EB316000EB364139914A
:108BC00081EA7E61369105EB31553C9585EA364167
:108BD00008EB326614914FEA316586EA3351049B03
:108BE00004EB7162489582EA3B6403EB3A6505EB5E
:108BF0003443389383EA71611191109B02EB315138
:108C0000409181EA34410991159A4FEA31614F91BF
:108C10001A9982EA3151359A0FF00BFC129B03EB43
:108C20003443159383EA716112913A9B02EB3151FF
:108C30001A9181EA34411091139A4FEA31613591CA
:108C40001E9982EA31511C9A0FF0F3FB169B03EB3D
:108C500034431E9383EA716104910A9B02EB315104
:108C60001C9181EA34410391189A4FEA31613A919B
:108C7000229982EA3151379A0FF0DBFB0B9B03EB11
:108C80003443169383EA71611391449B02EB315193
:108C9000229181EA34410B910C9A4FEA316137916C
:108CA000199982EA3151249A0FF0C3FB1B9B03EB05
:108CB00034431B9383EA71611991059B02EB315197
:108CC000249181EA3449089A4FEA396144912B99F9
:108CD00082EA31513B9A0FF0ACFB069B03EB344325
:108CE0000C9383EA71610A91469B02EB31512B91FF
:108CF00081EA344B079A0E9C4FEA3B613B912D99D8
:108D000082EA31512C9A02EB716282EA336304EBFE
:108D1000334C8CEA716E02EB3E512C9181EA334464
:108D20004FEA34614691329980EA3152459800EB1E
:108D3000726383EA3A6006EB304888EA726A479ABF
:108D400003EB3A51329181EA304633990D9B4FEA59
:108D500036604590349885EA305001EB706181EAC5
:108D6000326203EB324383EA706501EB3550339096
:108D700080EA32404FEA30614791DDE9272101EB7B
:108D80003261299A289181EA32512E9A4FEA716113
:108D90002991509901EB3261519A2E9181EA325119
:108DA0001D9A4FEA71612791239901EB32611F9A55
:108DB000189181EA3251209A4FEA716123912699E4
:108DC00001EB3261219A269181EA32510F9A4FEAE2
:108DD00071612091309901EB3261259A2D9181EAE0
:108DE00032512A9A4FEA71613091319901EB326127
:108DF0002F9A319181EA3251099A4FEA71612F918C
:108E0000389901EB3261119A349181EA3251149A06
:108E10004FEA71613891399901EB3261369A399193
:108E200081EA3251039A4FEA716136911E9901EB42
:108E30003261049A509181EA3251109A4FEA71617D
:108E40001E91159901EB3261129A519181EA3251CA
:108E5000199A4FEA716121911B9901EB39611B91BC
:108E600081EA32510B9A4FEA71611991169901EB1F
:108E70003261139A1D9181EA32514FEA71611F915B
:108E80000CEB34612A9181EA3E5103EB306E4FEADC
:108E900071618EEA3550259108EB36650C994FEAE1
:108EA0007069179E85EA3A5001EB3B6B0A994FEACD
:108EB0007064013E8BEA31514FEA716CBCE4029E52
:108EC000D6E94A8AD6F830011690D6F834011790C0
:108ED0003F9861901C98609043985F901A985E90BC
:108EE0003E985D9024985C9042985B9022985A90AE
:108EF0003D9859902C985890419857902B9856909F
:108F00003C98559033985490409853903298529092
:108F10001E9871902998709021986F9027986E9064
:108F200019986D9023986C901F986B9020986A9078
:108F3000259869903098CDE967C02F98CDE9659064
:108F40003898CDE96340369862902898819051987E
:108F500080902E987F9050987E9018987D901D98C4
:108F60007C9026987B901B987A902D98CDE978B0CC
:108F7000319877902A9876903498CDE97450399842
:108F8000CDE972E0359891904D9890903A988F90F5
:108F90004B988E9037988D904A988C9044988B90EF
:108FA0004C988A903B9889904998889046988790E9
:108FB0004E988690459885904898849047988390DD
:108FC0004F988290D6F808014990D6F80C01489045
:108FD000D6F810014790D6F814014690D6F818013B
:108FE0004590D6F81C014490D6F820014390D6F85D
:108FF0002401429092A8009A92E83A003AC018F1EF
:1090000004004AF10001C6E94A0117981699A19097
:10901000A091CDE99C10CDE9981018F103004AF118
:109020000001CDE99E0118F102004AF10001CDE9ED
:109030009A0118F101004AF100010022CDE99601E0
:10904000402A76D0029882AC04EB020C00EB820E30
:10905000A05892AB99580E1852A8104441685191EB
:109060008168C06850914F9062A9881845684E95F4
:109070008568C0684D954C9072A88518DCE9019808
:10908000DCF80CC068684B90A8684A909818D5F82E
:109090000CB0D0E901A5C46852A88958835872A8B9
:1090A000CEF8306080581032459E3044CEF8200013
:1090B00049980844CEF8100023484A991844CEF83D
:1090C000000004EB0C00CEF83C0005EB0800CEF8E5
:1090D00038000AEB0900CEF8340042985844CEF824
:1090E0002C0043980844CEF8280044984B99084433
:1090F000CEF8240046984C990844CEF81C004798B6
:109100004D990844CEF8180048984E990844CEF876
:1091100014000E484F990844CEF80C000C485099A2
:109120000844CEF80800074851990844CEF80400D6
:1091300086E7DDE90101C1F800010DF5237D0FF09F
:109140000AB800BF6E642033657870617465206B67
:10915000322D6279DFB506AF044668460BF0CAF9D6
:109160009DE80F0002EBC30300EBC1010FC4DFBD9C
:10917000D1E900239A4205D10B7ADB0702BF022115
:1091800001707047D0B502AF0FF071FCC0E9003438
:10919000501CB0F1080218BF02460A60D0BDD0B51D
:1091A00002AFD1E90042A24205D10B7ADB0702D11E
:1091B0000FF0D7FC0BE004EB84030C31A24201EB6F
:1091C000830391BFC4F10804141B0022042102EBA5
:1091D000820204EB840401EB820203EB8404C0E905
:1091E0000034C0E90212D0BDD0B502AFD1E90042CF
:1091F000A24205D10B7ADB0702D10FF0B2FC09E0E5
:109200000C3101EBC403A24291BFC4F10104141B51
:10921000002204210FF02FB8D0B502AFD1E90042EF
:10922000A24205D10B7ADB0702D10FF09AFC09E0CC
:109230000C3101EBC403A24291BFC4F10204141B20
:10924000002204210FF017B880B56F46D0E9001254
:10925000914204D1027AD20704BF022080BD0022CD
:1092600002724A1C931E18BF1346036000EBC10034
:10927000007B80BDF0B503AF4DF8048D8AB0ADF82A
:10928000142005AA93E870108046101D01F57E7128
:1092900080E870106846FFF721FA019820B1029922
:1092A0000EF03AFD162000E0FF2088F800000AB01A
:1092B0000FF0E8B8DFB506AF0A4B0FF03AFD01A892
:1092C00000F069FB0299E0B2814281BF019A0399E3
:1092D0004FF45E7310FB032084BF04B0D0BD024A7C
:1092E00008F0A4F978100400F4070400F0B503AF07
:1092F0004DF804BD84B00646194814460D4608F0E2
:109300009BFF204606F0E6FEF72006F0E3FE09F09C
:10931000FBF8D6E9001201A8124B00F03CFB0EF05E
:1093200053FEAAB2A9B190F85C33032B12BF042BF1
:10933000B0F85833934202D00EF057FFF2E7A1B2D3
:10934000F7290C4628BFF724A0F85A43002908BF84
:10935000172403980EF0CBFF204604B00EF0C4BFD4
:109360003900000088100400B0B502AF88B01D4677
:10937000194B044601A80DF067FE0EF025FEBA68F1
:10938000ABB251B190F85C53022D03D9B0F85853E9
:10939000AB420ED00EF029FFF3E703980FF084F8EC
:1093A00014202070D2E9000108B0BDE8B0400EF0F2
:1093B000B3BC00F5907104A8FFF7CAF8049820B177
:1093C00005990EF0A9FC162000E0FF2020700398FC
:1093D0000FF06AF808B0B0BD98100400F0B503AF04
:1093E0004DF804BD94B01D46234B044601A800F07F
:1093F000D2FA0EF0E9FDBA68ABB251B190F85C5305
:10940000042D04BFB0F85853AB4211D00EF0EDFE5E
:10941000F3E703980EF06BFF142092F83A102070D7
:10942000107814B05DF804BBBDE8F040ECF78ABFDB
:109430001178022909D102F1080600F5167C6ACEDE
:10944000ACE86A005188A0F8681200F5207104A801
:10945000FFF700F99DF81000FF2805D09DF84A108D
:10946000ECF770FF162000E0FF20207003980EF04C
:109470003EFF14B00EF053BFE8100400D0B502AFA9
:1094800004460FF0BBFA90F85C23042A11BF1C209D
:1094900090F85F036070FF2020700FF097F8D0BD48
:1094A000DFB506AF0E4B0FF044FC01A80DF0CCFD6C
:1094B0000EF08AFDA2B251B1B0F85833934203D1F5
:1094C00090F85C33022B07D80EF08FFEF3E7039879
:1094D0000EF0EAFF002000E0039904B0D0BD00BF09
:1094E00018110400DFB506AF0E4B0FF022FC01A8E7
:1094F00000F051FA0EF068FDA2B251B1B0F8583345
:10950000934203D190F85C33022B07D80EF06DFE26
:10951000F3E703980EF0EBFE002000E0039904B09F
:10952000D0BD00BF38110400F0B503AF4DF8048D75
:109530000E460546D0E9000190463246FFF7D2FFBD
:10954000D0B10C4690F85C13042913D1B0F858132D
:10955000B2B28A420ED1012180F85D8380F85C139B
:1095600005F5767005490BF08DFE10300EF0C1FF49
:109570000EF06FFF0EF0CCFE0EF084BF4811040019
:10958000D0B502AF6FF4FA7313FA82F3B3F5F97F33
:109590009CBF0120052171B341F2932300FB03F42A
:1095A0004B1C08BFB4F1004F28D092B294FBF1F4E9
:1095B000944201DA6420D0BD40F6D774444313B915
:1095C000B4F1004F1DD094FBF1F3934201DD002074
:1095D000D0BDC8B15143421C0FBFB1F1004F91FB48
:1095E000F0F0A0F6D77007211CBF90FBF1F0D0BDC2
:1095F000074808F01CFD084808F005FD064808F07B
:1096000016FD044808F013FD014808F0FCFC00BFFB
:10961000981104008811040078110400FEB506AF0B
:1096200001466846FEF770FB9DF80000B0F10A01A4
:1096300098BF002121B1012908D1BDF80C0003E039
:10964000032803D1BDF8020006B080BD024808F02F
:10965000FFFD08F0A7FE00BFF100000080B56F46D7
:109660000AF0EEFE0A68B0F85A03013A0A600028D0
:1096700008BF172080BDB0B502AF8CB00A460446C3
:109680000EF0DFFE0D46D4E9021200F510736846B5
:109690000DF0EEFC9DF82900296800F00100013969
:1096A00029600CB0B0BD80B56F46BDE88040FFF7C3
:1096B000E5BE80B56F460AF0C3FE0EF087FF80BDA1
:1096C000F0B503AF4DF8048DADF5487D01AD804692
:1096D0001E461446284601F011FE20BA699030BAA1
:1096E0006890B8681022274E00BA6790F86800BAF0
:1096F000669066A92846B0470EF030FD66A9284658
:10970000B047386A102200BA6990786A00BA689047
:10971000B86A00BA6790F86A00BA669066A92846E7
:10972000B047386B0322ADF89801000C8DF89A0110
:1097300066A92846B04766AC796B0FF0C5FA284693
:1097400021460722B04766ACB96B0FF0BDFA284638
:1097500021460722B04766AC29464FF4C272204624
:1097600024F090F862A8214605F08CFD62AB0EF063
:1097700055FFC8E90032C8E902100DF5487D5DF8D3
:10978000048BF0BDF1EB0100F0B503AF4DF804BD63
:10979000ADF5487D044610BA699018BA6890B8686B
:1097A00000BA6790F86800BA669001AD66A92846CD
:1097B00001F0A4FD39692846124E2022B04779698C
:1097C00028462022B047B86901228DF8980166A981
:1097D0002846B04766AE29464FF4C272304624F0A0
:1097E00051F862A8314605F04DFD62AB0EF016FF50
:1097F000C4E90032C4E902100DF5487D5DF804BBF0
:10980000F0BD00BFF1EB0100B0B502AFADF5487D92
:1098100000BA699008BA689010BA679018BA669052
:1098200001AC66A9204601F069FDB9682046104DDB
:109830002022A847F96820462022A8470EF08EFC77
:1098400066A92046A84766AD21464FF4C272284655
:1098500024F018F862A8294605F014FD659805491A
:1098600000BAB0FBF1F202FB11000DF5487DB0BD6E
:10987000F1EB010040420F00F0B503AF4DF8048D4D
:10988000ADF5587D044610BA039018BA0290884688
:10989000B86800BA0190F86800BA0090386900BA58
:1098A0000790786900BA0690B86900BA0590F8691F
:1098B00000BA0490786A0C90386A0B9004A80A9059
:1098C000684609901F4871901F4870901F486F901C
:1098D0001F486E900DAE6EA9304601F00FFD6EADC3
:1098E000414620220EF076FC30462946202205F023
:1098F0007FF90020CDE9D600CDE9D400D4AD3046C3
:10990000294605F0F1F96EAE2946304601F0F6FC25
:1099100009AD2046324600232946FAF7D5FBD0A8E8
:10992000294632460123FAF7CFFBD0AB0EF076FE84
:10993000C4E90432C4E906100DF5587D5DF8048BC6
:10994000F0BD00BF5A6083BE60370BDBAAF5A538B7
:109950006C8883910246006830B94FF0FF311046A1
:1099600040F8081B1146704780B56F46084608F05E
:10997000B7FA024600686FF0004398423FBF411CAF
:10998000104640F8081B114638BF704780B56F4637
:10999000084608F0C3FAD0B502AF0C6844B94FF0DE
:1099A000FF330C4644F8083BC0E900428160D0BD5B
:1099B000184608F095FAD4D40146006808B90EF0AC
:1099C000F0BF80B56F46014808F08AFA3CFC0300FE
:1099D0000146006808B90EF0E4BF80B56F46014843
:1099E00008F07EFA10340400014600686FF000426F
:1099F00090423FBF421C084604C0704780B56F4686
:109A0000014808F08BFA00BF00340400D0B502AF63
:109A10000C683CB94FF0FF330C4608C4C0E9004263
:109A20008160D0BD184608F05BFAB0B502AF0C6893
:109A30006FF00045AC423FBF631C0C4608C4C0E950
:109A400000423CBF8160B0BD184608F067FAF0B52F
:109A500003AF2DE9000B8146087AB0B155685DB3BC
:109A6000D2F8008002F108063BB11868D0E9003254
:109A700001F5AA70194609F072F896E80E0009F18E
:109A800008000EC0C9F800801BE0D1F804C092E8BD
:109A900071400CEB8C0301EB83030C3383E87140C2
:109AA0000CF10100B0F1100218BF024608684A60CC
:109AB000904204BF0120087201F5A67009F042F837
:109AC0000025C9F804500EF0B9BCD4D4F0B503AFEA
:109AD0002DE9FC070D7904460E6829463046FFF74C
:109AE000CAFDD6E90012EA46804650462B460AF0E7
:109AF00095FC13492046FFF72DFF044689466FF079
:109B00005F06BEB160365146A51928460DF0B3F97F
:109B10000028F6D0B8F1000F02D00020287609E026
:109B20002846172123F0FCFE0020287605F12000AE
:109B30000CF074FE0EF044FB06B00EF0A0BC00BFAB
:109B400024060400F0B503AF2DE9FC070FF0CDF8B3
:109B5000EA4650460AF062FC0D492046FFF709FF2D
:109B6000054689466FF05F0676B10EF017FE0028B5
:109B7000FAD00EF007FF0246002032B1022904BFDE
:109B8000108800F0010000E000200EF092BB00BF42
:109B900044000400F0B503AF2DE9FC070FF0A5F871
:109BA000EA4650460AF03AFC0D492046FFF7E1FE2E
:109BB000054689466FF05F0676B10EF0EFFD00288E
:109BC000FAD00EF0DFFE0246002032B1022904BFB7
:109BD0001088C0F3400000E000200EF06ABB00BF18
:109BE00044000400F0B503AF2DE9000792460A4691
:109BF0000E4980461046FFF7ADFE044689466FF0D9
:109C00005F0666B160365046A51929460DF033F956
:109C10000028F6D09AE85F005FC5FF2000E014201E
:109C200088F800000EF0CCFA0EF029BC34060400CF
:109C3000F0B503AF2DE9000F91B00446180427D00A
:109C400001F168001E4692460D46FFF7CDFE88469C
:109C50000FF010F821D2B1B22C22D7E9029B01FB00
:109C60000200A0F12801087803281BD1DAF80000CF
:109C70009AF804300DF1280A0EF089FE00202946DA
:109C80008DE8010A08A852463346FEF741F910E074
:109C9000FE208DF80C000AA820E0FE208DF80C00B4
:109CA0000AA816E0CDF800B008A800224B460CF038
:109CB000A7FE099804909DF820009DF821108DF8CA
:109CC0000D104FF0FF31002818BF02218DF80C1045
:109CD00003A8D8F800100139C8F8001014218DF835
:109CE000281090E86E006EC411B00EF034BAD4D4CF
:109CF000F0B503AF2DE9000F8DB0044618043CD039
:109D000001F168001E4692460D46FFF761FE894646
:109D10000EF0B0FF36D2B1B22C2201FB0200A0F14E
:109D2000280B01209BF80080DFE808F006030203FF
:109D300017201BF8000028B958460DF0C5FAF9683D
:109D400088422ED1B8F1030F21D1DAF800009AF839
:109D500004300DF1180A0EF01AFEBB682846D7F839
:109D60000C8051463246CDF80080FEF727F94FF0BF
:109D7000FF32C00718BF022212E0FE208DF8040057
:109D800006A81FE0FE208DF8040006A815E0D7E91C
:109D90000218584642460CF0C7FEC00705D0022202
:109DA00004E00622D7F80C8000E0FF22CDE902088B
:109DB0008DF805108DF8042001A8D9F800100131A4
:109DC000C9F8001014218DF8181090E86E006EC4C8
:109DD0000DB00EF0C0B9DCB504AF13681279D3E949
:109DE000004300922246FCF733FDDCBDF0B503AF23
:109DF0002DE9000FABB092461A788B46044699467F
:109E0000B2F10A004FF0000198BF084650B3012894
:109E100023D1B9F80C6006B30BF16800D9E90198B9
:109E2000FFF7D6FD0D46A6F1010C01688C4511D255
:109E300023462C240CFB04009AF80420DAF80010C6
:109E400004301C46CDE9000958463346CDF8088059
:109E5000FCF7CDFC0EF0FDFA002112E020702BB0D3
:109E60000EF079B9D7E90258DFE812F00F005C0074
:109E70006A001E000B00A900BE00A5000A014900EF
:109E8000CB00C4E90110FF20E8E7CDF844B0002082
:109E9000B9F81410B9F812B0CDE9155817908B45E0
:109EA00040F2A481A046C8E3B9F80260002E00F099
:109EB0007C83D9E90110CDE910100BF16800FFF7A0
:109EC00087FD8946A6F1010C01688C4580F07083FE
:109ED000334626462C249AF804200CFB0400DAF8BA
:109EE000001034460430009010981E4601901198DE
:109EF00002905846FCF77BFC00F0010E5AE3D9E9CA
:109F0000010100220129CDE92458269200F01A858A
:109F1000002900F01A8503880A2000901EA824A9B1
:109F20002022B1E0B9F812600020B9F81410CDE990
:109F300015588E421790119140F2B080A0466CE304
:109F40000020B9F80290CDE91E580B2120901EAEDA
:109F500030460BF0F7F8C5B2022D40F05984B9F144
:109F6000000F129400F05F830BF16800FFF73CFDD7
:109F700080460068A9F10102824280F0CD831191F0
:109F80001EA80CF00BFB0EF092FC00259AF8043092
:109F900004340491CDE900955946CDE9024024A846
:109FA000FCF7E2FB9DF89000012840F004849DF846
:109FB00091001199B1E30EF09CFB162263E0D9E900
:109FC0000220B9F80460B9F802A01190B9F80600AF
:109FD000CDE91B581D918DF89010ADF89100B24558
:109FE00040F2C581264640E3B9F804600020B9F884
:109FF0000290CDE915581790B14540F22C822646C3
:10A0000049E3B9F804000D2111900020B9F802903D
:10A01000CDE91E5820901EAE30460BF093F8C5B225
:10A02000022D40F0F583B9F1000F129400F048833F
:10A030000BF16800FFF7D8FC80460068A9F1010227
:10A04000824280F06E8310911EA80CF0A7FA0EF0E9
:10A050002EFC9AF80430119D0434CDE90301CDF8AB
:10A0600000905946CDE9015424A8FCF77DFB9DF8EA
:10A070009000012840F0A8839DF89100109951E3C9
:10A080000EF037FB18220023FCF73FFB9DF8780009
:10A0900010B19DF87950BBE31F9853E3002E00F0F8
:10A0A000BA820DF1900815A902220F9140460CF0DA
:10A0B0000DFA24989DF89450002800F0A98312947A
:10A0C0000446404609F101080DF17809411D1322AB
:10A0D0000EF0B1FD0EF096FA09F10701CDF865001A
:10A0E0001BA823F074FC0BF168008DF864501894E1
:10A0F000A6F10109FFF778FC02469AF804000A90DD
:10A10000DAF800000990012052F81E5B10900A2036
:10A11000DDF844A00B9001200E910C9008922C20A9
:10A120000D9609FB00244E46AE4280F0D4822046B4
:10A13000414604F063FF013610B1B0B2824501D24E
:10A140002C34F1E71BA83146B1460BF01BF8C0B226
:10A15000022840F0A8831BA81A3C0CF01FFA00222A
:10A16000CDE90301CDF800905946CDE9012424A89A
:10A17000DDE90923FCF7F8FA9DF8900001280C9816
:10A180004FEAC07200F05A832599079CA2B1DDE91D
:10A190001C02831A8B42C0F085831144DDE924241C
:10A1A0001D91130A43EA0463D2070B9312D00120D6
:10A1B00007940C90109017E0A14240F04F83DDE926
:10A1C0001C01431AA342C0F06D8321441D911AB1B2
:10A1D000012008E000221092401AA11C8842079436
:10A1E000C0F0428300200C90089A98E7BBF1000F62
:10A1F00000F020820DF190080E4615A9022240467B
:10A200000F910CF063F924989DF89450002800F009
:10A21000FF821090404612941EAC411D132220462E
:10A2200009F1010823F0D3FB0EF0ECF9E11DCDF8A4
:10A2300065001BA823F0CBFB1098189011988DF89F
:10A2400064506830FFF7D0FB0E9100F11E0120C86A
:10A25000ABF10102CDE924059AF804000C90DAF87C
:10A2600000004FF00A0A0B900120109001200A9183
:10A270000D902C20D94602FB00149346AB4580F08C
:10A280003A822046414604F0B9FE0BF1010B18B1A9
:10A290001FFA8BF0864201D22C34EFE7CDF818A0DC
:10A2A000CDF898B024A80DF055FC0DF16C0A07907C
:10A2B0005946CDF824B00EF0EEFCC0B2022840F0B2
:10A2C000B08207990EF0E7FCC0B2022840F0A982E4
:10A2D00050461A3C0CF062F9099A00920022CDE92E
:10A2E0000124CDE903011EA81199DDE90B23FCF738
:10A2F0003BFA9DF8780001280D984FEAC07200F0F3
:10A30000BE821F99089CDDF818A09AB1DDE91C02F5
:10A31000831A8B42C0F085821144DDE91E241D9111
:10A32000130A43EA046AD20714D0012008940D905E
:10A3300010900DE0A14240F0D782DDE91C01431AE4
:10A34000A342C0F06E8221441D912AB101200D90DC
:10A35000099A0AE000221092099A401A211D0894D5
:10A360008842C0F0C78200200D900A9981E7BAF1B7
:10A37000000F00F0778110921BA807210AF0E2FE7F
:10A38000C5B2022D40F044820BF168001294FFF731
:10A390002BFB8846014651F804BB5446CDE91E1BF1
:10A3A0002C210AFB0100A0F12809601E584580F00D
:10A3B000CF81A0B22094864249D309F11A0024A982
:10A3C00004F01CFE002842D099F80000DFE800F0FD
:10A3D00002050F3FD9E9010111E0B9F80210D9F8DF
:10A3E00008208A42C0F0AA82D9F8040007E099F850
:10A3F000021009F10300DFF868250CF08BFB30B385
:10A40000119A914223D1DDE9101222F037FCF0B904
:10A41000DDE91C01401A0428C0F09A81CDF83C8087
:10A420000DF16C08214640460AF0ACFEC5B2022D83
:10A4300040F001821EA80DF08DFB014640460AF057
:10A44000A1FEDDF83C80C5B2022D40F082810134CE
:10A4500009F12C09A9E7B9F1000F00F019810DF1FC
:10A460009008129415A90222404611910CF02EF882
:10A47000249C9DF89450002C00F0C98108F105013E
:10A480000DF178081322404623F0A1FA0EF0BAF835
:10A4900008F10701CDF865001BA823F098FA8DF8A4
:10A4A00064500521189418A80AF04CFEC5B2022D7C
:10A4B00040F0AD810BF16800A9F10104FFF794FAB7
:10A4C000D0F800B00DF16C0A2C254FF0000C5C4563
:10A4D00080F05E8123460134A2B29642F7D31091F8
:10A4E00003FB05014FF002088A7F002A08BF4FF0E6
:10A4F00001085FEA0C630E9005D05FFA8CF34345C8
:10A5000040F0DC81E04601F11F05022A08D0012A53
:10A510000DD129684FF480501025E04AE04B1EE031
:10A520002A686B68A8681025D1F82B1017E0002066
:10A53000DFF82434CDE926001022CDE9240024A937
:10A5400002200CF021F8DFF81424022300922A469E
:10A55000022509F055FADDE92423DDE92601CDE9DC
:10A560002601A81CCDE92423DDE91C120F95891AC8
:10A570008142C0F08281504621460AF003FEC5B2F6
:10A58000022D40F09D81CDF8348024A90F9A5046C9
:10A59000D0460BF0CDFFC5B2022D40F08B81109953
:10A5A0002C25DDE90DC0C24691E74FF0020E06E012
:10A5B0004FF0020ED9F800200132C9F80020002225
:10A5C000CDE91E58BEF1000F209218D01EA83346C8
:10A5D0000DF1900CA04690E86400BEF1020F6446B5
:10A5E00064C408BF0A21122200911BA86146FCF72F
:10A5F0008CF89DF86C0060B19DF86D502DE01EA8A0
:10A6000013210AF09FFDC5B2022D40F00181209870
:10A6100098E01C9824E0A046002615A824A90DF077
:10A62000C3FD33460EE024A996E81C0008461CC072
:10A630000A224BE0A0464FF0000B15A824A90DF00C
:10A64000B3FD5B460822009013A8FCF75EF89DF866
:10A650004C00012803D19DF84D504446D8E0149891
:10A6600044466FE026464FF0000A1BA81EA90DF0D5
:10A670009BFD53460822009015A8FCF746F89DF86C
:10A680005400012802D19DF8555014E0169815E0A9
:10A6900026464FF0000915A824A90DF085FD4B466C
:10A6A0000822009013A8FCF730F89DF84C00012810
:10A6B00003D19DF84D503446AAE01498344641E049
:10A6C00024A996E81C0008461CC00C220A20009011
:10A6D0001BA800232CE00E99129C0DF077FF109818
:10A6E000C00700F00A810EF048FA08220B9800908B
:10A6F0001EA80D9BC8E40E99CB460DF067FF10987D
:10A70000C007129C00F005810EF037FA10225B465C
:10A71000CDF800A01EA8B7E40A200DF0E1FF0A2240
:10A7200003E00A200DF0DCFF0C2200901BA84B4632
:10A73000FBF7EBFF129C9DF86C0010B19DF86D507B
:10A7400066E01C9800283FF487AB0121FFF799BB16
:10A750000225D8F80000129C0138C8F800001BAE92
:10A76000022D55D11D980128ECD81EA996E82C0081
:10A7700008462CC006220A20009018A85346FBF772
:10A78000C4FF9DF8600001282DD19DF861503FE085
:10A790000225E0460DF01AFF022D38D118A84146D7
:10A7A0000AF0D0FCC5B2022D31D11D9802281CD967
:10A7B0001A99129CC0E0DDE91F2325981199D21A3D
:10A7C00082420AD20420A8E7DDE91F2325981099C8
:10A7D000D21A824201D20420A4E70A681844129CCB
:10A7E000013A0A60AEE71998ACE724A9119C084623
:10A7F00094E82C002CC004220A2000901EA84B468E
:10A80000FBF783FF9DF8780090B19DF87950129C7A
:10A8100001206070E8074FF0040018BF0D20FFF71B
:10A820001DBB0E994FF0040A0DF0D0FE129C6BE791
:10A830001F98129C86E7DDF83C808AE772B10E9A79
:10A84000DDE924010791116801391160C10753D076
:10A850000799000A0D9640EA016028E01D98811EC4
:10A86000814238BF08461D900E99129C0DF0AEFE35
:10A870001098C00741D00D9635E7022520E00AB3B5
:10A880000E9ADDE91E010891116801391160C107B6
:10A890003ED00899000A40EA016AC7E7FB349B5F93
:10A8A000800000800D960E990DF090FE04200B9014
:10A8B000129C18E71099DDF834806BE70225E0461A
:10A8C000109967E71D98011F814238BF08460E990D
:10A8D0001D90129C0868DDF818A0013808601098D7
:10A8E000C0077FF411AF14E01D98011F814238BFEB
:10A8F00008461D900E9900E7129C18A809210AF03D
:10A9000021FCC5B2022D7FF483AF0798811C0AE0B9
:10A91000129C18A811210AF015FCC5B2022D7FF473
:10A9200077AF0898011D18A80AF00CFCC5B2022DDB
:10A930007FF46EAF1A981D99084403E7094B002075
:10A9400006F02EFE024A0DF0BDFB024A0DF0DFFAC2
:10A950003C0F04002C0F04007C3F04008C3F0400DB
:10A96000FC3E0400EC3E0400F0B503AF4DF804BD1E
:10A970000D46110412D00DF002FE0C4601688E4205
:10A980000ED22C212A7906FB0100037F2868D0E92A
:10A990000001FBF7C1FF00F0010002E0022003E02C
:10A9A00002202268013A22600EF005F908BF012159
:10A9B0000DF0DEBDF0B503AF4DF804BD0D4611043A
:10A9C00012D00DF0DCFD0C4601688E420ED22C2117
:10A9D0002A7906FB0100437F2868D0E90001FBF7D4
:10A9E000BDFF00F0010002E0022003E00220226827
:10A9F000013A22600EF0DFF808BF01210DF0B8BD6A
:10AA00000068027A02B1704780B56F460868D0E9E5
:10AA10000010896888470020BDE880407047D4D482
:10AA2000D0B502AF0446006890B90EF096F9207BCD
:10AA300040B1D1E90012201D08F091F82068411CB6
:10AA4000002003E001200021207320462160D0BDBA
:10AA5000014807F045FA00BF88030400D0B502AFF3
:10AA60000446083003F032FC012808D1D4E9000282
:10AA70001144B1FBF0F202FB10110120D0BD002007
:10AA8000D0BDD4D4FC2938BF704780B56F46024B87
:10AA90000020FB2206F084FD48120400F8B504AF44
:10AAA00000680A460178FF2907D003900948009002
:10AAB0001046094903AB072207E00430029007481B
:10AAC0000749009002AB10460A2206F078FE04B057
:10AAD00080BD00BF11AB01008F14040025350200BA
:10AAE0008514040080B56F460068074A074B00785C
:10AAF000002818BF13464FF00B0218BF0C220DF0B0
:10AB000075FDBDE880406047291204006C17040001
:10AB1000E0B502AF00680278DFE812F021007F00A4
:10AB20005F006F0041009D00AF007700C7004F003D
:10AB3000BD003B004700A500350069002D008D00D9
:10AB4000B700DF009700A100D900E50059005300CD
:10AB5000F3002700E900EE00CD008900D300964AFB
:10AB600001300190934800903CE0D1E900010922B6
:10AB7000CB686D49CAE0794A0130019076480DF002
:10AB8000AAFD0D2276E0D1E900011F22CB687649AB
:10AB9000BCE0D1E900012422CB687749B6E0D1E9D5
:10ABA00000011122CB687C49B0E00DF025FD714A0F
:10ABB000031D08461146102274E00DF003FD704994
:10ABC0009DE0D1E900010722CB6859499EE0D1E917
:10ABD00000010D22CB68574998E00130019071487F
:10ABE0000090714A0846114601AB032242E05D4ADB
:10ABF000043001905A48009022E0694A01300190E7
:10AC000066480DF068FD082234E0604A013001908A
:10AC10005D480DF060FD18222CE00130644A01907F
:10AC20006248009001AB08461146092222E00DF06F
:10AC3000C9FC39495EE00230019045480090454A20
:10AC40000846114601AB112214E0D1E900010822A7
:10AC5000CB683C495AE00DF0B5FC4E494AE00DF096
:10AC6000B1FC374946E0424A013001903F480DF0BF
:10AC700032FD0A2206F0A3FD8CBD0DF0BDFC444A56
:10AC8000031D0846114614220CE0D1E900011022F0
:10AC9000CB682E493AE00DF0AFFC384A031D084658
:10ACA0001146222206F02CFE8CBDD1E900011D22A6
:10ACB000CB6834492AE0D1E900011A22CB68174950
:10ACC00024E0D1E900010522CB6812491EE0D1E958
:10ACD00000010B22CB68194918E0D1E900011222CA
:10ACE000CB68194912E00DF06DFC134902E00DF03C
:10ACF00069FC0C490C2209E00DF064FC084916229D
:10AD000004E0D1E900010422CB68084902B0BDE8A3
:10AD100080401847A5160400991604007F16040009
:10AD2000691604005D1604005416040098FF030021
:10AD30004D160400401604003416040029160400C1
:10AD40001D160400B01404000B160400A813040020
:10AD500061B20100FA15040065AE0100ED150400B2
:10AD600069070200DC150400BD15040039AE0100BE
:10AD7000B3150400D81304008F1504006D150400EA
:10AD8000571504003A1504000D6102002215040055
:10AD90000815040029120400181204003DB2010035
:10ADA000A814040005AE0100A2140400E5AA0100E5
:10ADB000991404007DAE0100961404000068026836
:10ADC0004AB1D1E90001012ACB6807BF0A490B2229
:10ADD000084909221847E0B502AF0430084A01903B
:10ADE0000648009001AB08461146042206F0E7FC35
:10ADF0008CBD00BF9317040088170400253502009E
:10AE000090FF0300F8B504AF00680A46039003A959
:10AE100005230648CDE900310549064B029010464E
:10AE20000C2206F02FFD04B080BD00BFE92E020009
:10AE3000AC170400F0FE030080B56F460068074AB7
:10AE4000074B0078002818BF13464FF0110218BFB7
:10AE50000C220DF0CBFBBDE88040604729120400B6
:10AE60001812040080B56F46D1E900010722CB68B3
:10AE70000149BDE880401847B8170400DCB504AFAD
:10AE80000246D1E9000112681378013B472B00F21A
:10AE90005880DFE813F04800B900A000D500DD00BD
:10AEA000AC00BD00C000EC00E4008800AF009900D9
:10AEB0007C00C700CB00F700F00075009D00030187
:10AEC000790096008500B2007F001A0117018F00FB
:10AED000A400D100A80027018B00F30024016E001C
:10AEE000E1006B0067009200B5005600FF005000C3
:10AEF0007100C400D90056002B015600CE0064003A
:10AF00005300370121016100E800FB005E001301DE
:10AF1000070156003F0133013B010B010F01820085
:10AF20001D014C002F01CB68DFF80413E0E0CB6873
:10AF300009227D49F1E0CB68924983E0CB688A49D8
:10AF40003DE0BC4BCDE900236B46BB4A05F080FCDD
:10AF5000DCBDCB687E49CBE0CB688049A0E0CB6804
:10AF600082495AE0CB680E228A49D6E0CB688A49EA
:10AF7000A2E0CB688A49CBE0CB6824228049CCE0B0
:10AF8000CB6821229849C8E0CB68944917E0CB6888
:10AF90009A49B9E0CB688D497EE0CB68644964E0AA
:10AFA000CB688C49A4E0CB68974962E0CB682A2241
:10AFB0007E49B2E0CB6882499EE0CB687449232287
:10AFC000ABE0CB68844939E0CB682C228C49A4E003
:10AFD000CB68844954E0CB68102293499DE0CB684C
:10AFE0002E22764999E0CB684022724995E0CB68E1
:10AFF0008A4912E0CB6883490FE0CB68744934E09A
:10B00000CB681F22614988E0CB681D22874984E014
:10B01000CB68814974E0CB687E4912227DE0CB6821
:10B02000564969E0CB682F22734976E0CB687149B5
:10B030002EE0CB684E4957E0CB685F4911226CE0A7
:10B04000CB6878490C2268E0CB6820224A4964E04A
:10B05000CB681622724960E0CB6850491CE0CB688F
:10B0600031226A4959E0CB683B490F2255E0CB6851
:10B070006749192251E0CB685C4949E0CB684A49ED
:10B0800038224AE0CB682622594946E0CB6831494C
:10B09000222242E0CB683C491A223EE0CB6850496C
:10B0A00034223AE0CB683D22274936E0CB680D22B6
:10B0B000214932E0CB681F491B222EE0CB682822B1
:10B0C00022492AE0CB683F4916E0CB683E490FE0B1
:10B0D000CB680822154920E0CB68214908E0CB68FD
:10B0E000304905E0CB683249172216E0CB68214988
:10B0F000132212E0CB680B4915220EE0CB681049F1
:10B1000018220AE0CB6817492B2206E0CB680B49CE
:10B110001E2202E0CB684C220A4902B0BDE8D040B2
:10B12000184700BF7222040069220400B81404000A
:10B130005A2204003F220400322204001422040098
:10B14000FC210400B0210400732104004B21040001
:10B15000382104001621040007210400D320040034
:10B16000C020040095200400722004006020040028
:10B170004920040036200400D61F0400A11F04004B
:10B180007D1F0400711F0400571F0400381F0400B6
:10B19000151F0400071F0400EC1E0400D21E04004B
:10B1A000B41E0400A11E0400691E04003F1E04001A
:10B1B000281E0400E81D0400D71D0400A91D04007A
:10B1C000941D04007F1D04006C1D0400521D04002A
:10B1D000431D0400301D04001F1D0400FC1C04005E
:10B1E000C81C0400901C04006F1C0400511C0400C7
:10B1F0002B1C0400091C0400DA1B0400AF1B040014
:10B20000831B0400711B0400581B0400271B04004F
:10B210000E1B0400FC1A0400E41A0400D21A0400F5
:10B22000BC1A0400B01A040068130400931A040046
:10B23000801A0400390702008FF40300D0B502AF72
:10B240000068054A007852F82040044A0DF00CF8D6
:10B25000BDE8D040184700BF304C0400EC4B040060
:10B26000D0B502AF0068054A008852F82040044A71
:10B270000CF0FAFFBDE8D040184700BFA44C040012
:10B28000744C0400D0B502AF86B00446042A02D242
:10B29000002020700BE007480423009002A8FAF772
:10B2A0006FF90299DDE904020968A260216060601B
:10B2B00006B0D0BD701A0400F0B503AF4DF8048D90
:10B2C00082B04668144696420FD3D0F800800546F7
:10B2D00009480A46009021464046234608F090FB64
:10B2E000301B08EB0401C5E900100020A64238BF5E
:10B2F00001200DF059BA00BFA0330400B0B502AF71
:10B30000DCB06D460446284604F04CFD00201121B7
:10B31000CDE95A00CDE9580004F5B87022F0BBF928
:10B32000204629464FF4B87222F0ACFA5CB0B0BDAA
:10B33000F0B503AF4DF804BD0446134806F05AFFBC
:10B340002068C8B10CF0D7FF1048114EB047114823
:10B35000B047208A658AB0472846B0470E48B047B4
:10B360000E48B047E06806F059FF002031465DF80E
:10B3700004BBBDE8F040084700205DF804BBBDE811
:10B38000F04006F073BF00BF0E0000000D02000089
:10B39000F5210200F8010000140000002402000062
:10B3A00080B56F460146006840B14A68831A18BFED
:10B3B00000F1080390420B6000D080BD886830B176
:10B3C000CA68904203D000F108028A6080BD002064
:10B3D00080BD80B56F460146006840B14A68831A57
:10B3E00018BF00F1140390420B6000D080BD886844
:10B3F00030B1CA68904203D000F114028A6080BD67
:10B40000002080BDF0B503AF2DE9000FADF5C65D9E
:10B4100087B0824641F66C100AEB000B8846DBE9E8
:10B42000850100EA0102013202F00C81084318BFD5
:10B4300001200790CDF83480CDE90BBA40F0CD81E2
:10B440009BF82402D94D90B1032840F091820BF56E
:10B450000F7106919BF83C120BF50B70DFE811F0B1
:10B4600005002A00C9146A000C00006830E0DBF80F
:10B470001C02CBF8200223E00BF5387003909BF8F8
:10B48000E0020BF51071029180B1032815D19BF8F1
:10B49000DC020BF512740BF5377548B10328CDE9C2
:10B4A000044500F00281C24806F0D5FD0868B0E00E
:10B4B0002068CDE0BF4806F0CEFDBF4806F0CBFDCA
:10B4C0000021CBF82C028BF83C120BF50F71069182
:10B4D000CBF83002D0F898100822CBF83412D0F80C
:10B4E0009C00CBE99112CBF8380241F6B0305044C1
:10B4F00002F0ECFE01287AD10729CBF840120ED8D1
:10B50000DBF830020844294690F830000DF0F9FBD2
:10B5100028BF01F54071012202FA00F008600DF524
:10B52000ED6001220DF002F90CF0C5FCCBE993129D
:10B530008BF8540241F6B8300CF0E5FE002840F0DC
:10B540002582DBF834020025DBF840124FF07D083D
:10B550004FF00109814208BFDBF83852382000EB78
:10B56000450A052D3AD8DBF830022844A03007F010
:10B5700041FADBF84042082C80F00C8204EB4406D0
:10B58000DBF8301201EB860B01EB4601495D884286
:10B5900012D007F081F9A0FB080201FB0821000B83
:10B5A00040EA015001040AD03BF80A1029B1401AC0
:10B5B00080B2132803D99DE100202BF80A00DDF8A2
:10B5C0002CB00AF1020ADBF8300200EB4601495DBB
:10B5D000012908BF80F8A6900135C2E7DBF84002D8
:10B5E000072840F27081DDE90CA8704D7DE7DBF89B
:10B5F000300290F8A610002940F05B810021CBF8C2
:10B6000040028BF8E0120BF5387103910BF51071C5
:10B610000291CBF844023030002101220BE0435C60
:10B620002C46202B03F01F0328BF04F54074013182
:10B6300002FA03F323600829F1D100200BF53775D6
:10B640008BF8DC020BF51274DBF84402CBF84802ED
:10B650000DF6E84100220023062B03D041F82320F9
:10B660000133F9E7A0300022062A04D0831841F8FC
:10B6700022300132F8E70DF6E8400DF5ED620021C9
:10B680000023CDE90445242B07D010C842F82340FD
:10B6900002EB830406332175F5E741F6B8300DF56A
:10B6A000ED615044902222F0EDF841F6C4300AEBEF
:10B6B000000541F6B8304FF0000B4FF00008504441
:10B6C00008900A95B8F1900F78D005EB0804A4F122
:10B6D0000C01207AF8B1032840F061810898A14656
:10B6E00019F8042FA4F108014044EAB1032A40F0FC
:10B6F00059810AEB0802264602F5DE5A16F8012F98
:10B70000002A49D0032A40F0508115F808004FF074
:10B71000000B09912FE0A1460868214609F804BFF3
:10B7200041F8080D099104E0021D00F110090868B4
:10B7300009920C994FF4DE52661C414401F5DE5A21
:10B740008850CAF804B019494FF0000B0278A1F5EF
:10B750000271202A02F01F0238BF4FF0A0410223DD
:10B7600001EB8201D1F8002763F31142C1F80027F1
:10B77000007805F808000D99096807F065F90028B8
:10B7800057D0032008F11808307089F800002072A3
:10B79000DDF830A00A9D95E700F1080200F10D06E2
:10B7A000DAF8000092460991CDE700BF0805005085
:10B7B000140B0400640B0400440C040005990320DE
:10B7C000DDF82CB0DDF8348008700399087004208F
:10B7D0000699087003208BF82402DBE9B9010843BD
:10B7E00018BF0120089040F0F2819BF8F402002875
:10B7F00000F07B80032840F0DC819BF840030BF5D0
:10B800003F780BF550710991002800F0BC800328A7
:10B8100040F0CE800BF541700A909BF80403DFE8FE
:10B8200010F00500CA00E812F4008101D8F8000009
:10B83000D3E0A4F10C000C3007F0F2F84FF001084F
:10B84000504686F80080EAF711FD099889F80080D3
:10B85000EAF7ACFC089884F80880EAF7ABF9DDF861
:10B860002CB004988BF8DC82EAF73DFDDBF844024B
:10B870000021DE4D029C303008290BD0425CDC4BAD
:10B88000202A02F01F0238BF2B1D013108FA02F2F4
:10B890001A60F1E703990120087094F8A0000328CA
:10B8A00004BF04F10800EAF71EFDDBF83002DDE911
:10B8B0000CA8002180F8A610DBF83002C0E92611A0
:10B8C000DBF8300206E6DBF83012C84D0844C84900
:10B8D00090F830000DF015FA38BF291D012202FA48
:10B8E00000F00860DDE90CA8FFE5DBF8EC02CBF81E
:10B8F000F00263E04FF0000C2BF80AC0DDF82CB02A
:10B90000DBF8301201EB46014A5D82F001024A5534
:10B91000DBF83012DBF84022C1E926250121DBF8F3
:10B92000302282F8A610DBF84022072A0ED8DBF876
:10B930003032AE481A44AE4B92F83020202A02F042
:10B940001F0238BF031D01FA02F21A60DBF8302231
:10B95000200640EA0540DDE90CA802EB4602525DF4
:10B96000A24D10448BF83C128BF834C2CBF82C0259
:10B9700041F698300CF0EEFD50B92046EAF7EFFAA8
:10B98000DBF820029CE5DBF83C0321E003201FE705
:10B99000042020E7A94A2046082105F047FEA848D0
:10B9A00006F059FBA74806F056FBA74806F053FBE4
:10B9B000A64806F050FBA64806F04DFB0021CBF848
:10B9C0003C038BF840130BF550710BF53F78099150
:10B9D0000021CBF8FC028BF80413CBF800030BF525
:10B9E000417290F824100A92FF2900F08F800DF523
:10B9F000ED60A42200238BF8081307F04DF90CF03A
:10BA00005AFACBE9C3128BF814030D9941F678402A
:10BA10005044096807F0DAF90A9A58B9DBF80003CC
:10BA2000FF210BF540764FF4807580F824109BF8C9
:10BA30000893A4E003208CE02046EAF7CBF8DBF87B
:10BA4000005395F8270000F0030405F1250007F0E6
:10BA500023F860F3820405F1260007F01DF860F377
:10BA6000C3040BF54076A008002C85F827004AD0C7
:10BA7000281995F82110007C084495F9201085F8C4
:10BA8000210040B2884210DA4A4252B290423ADC77
:10BA9000002900F0F4804FF0000910F180020FD16E
:10BAA0004A1C0DD16B4806F0CCFA002900F0E38067
:10BAB0004FF0010910F1800202D14A1C00F0D7803A
:10BAC00090FBF1F202FB110085F82100D6F800A0EE
:10BAD00006F0E2FE8346DAF800000D46C0073FD0CC
:10BAE000DAE902235846294607F0C2F87D220CF015
:10BAF000EBFF000B0A0B40EA0150BAF82210401A83
:10BB000072F100002CD23068DDE90BBA00218BF80D
:10BB100034138BF81C1300F126012530CBF82013C9
:10BB2000CBF808030D9D41F674400AEB0004296828
:10BB30002046F9F799FB00283FF47EAF41F68C4090
:10BB400029685044F9F790FB00283FF475AF0A9A32
:10BB50000420099B03211070DDF83480197034E053
:10BB600000200121CAE902B540F20115CAE900101E
:10BB70003068DDF830A0DDE90A2B80F824903068C9
:10BB8000012490F82860147098F80800042804BF75
:10BB900008F10C00EAF71EF80020DDF834808BF87D
:10BBA0000403300640EA09408BF840432844CBF8B0
:10BBB000FC0241F668400CF0CDFC28B92046EAF7BB
:10BBC000CEF9DBF8F002F9E604218BF8F412DBE998
:10BBD000D10150EA010218BF012240F0B8879BF85A
:10BBE000D30C0A920FF20C01D1E810F008050050B6
:10BBF0000C0800503600031103113D003C004D07B6
:10BC000064021304CD04FF04D6071A054C05B204E0
:10BC10009B051E03F1020E066505D602E003000433
:10BC2000AB0350028206C00629066B06D606200723
:10BC3000400493047E02BA02B705F405740B0400B5
:10BC4000840C0400C407040024090400840B0400CD
:10BC5000740704008C120400DBF8C40CCBF89C0CB5
:10BC600000F001BFF7E2DBF8D44CCC480FE0DFF87E
:10BC7000640306F0E6F9DFF85C0306F0CEF95FF83E
:10BC80002C0006F0CAF9DFF85043CBF8D44C00681A
:10BC9000C00540F091872068002842F0CC824FF028
:10BCA000FF3000212060207C012804D104F5886049
:10BCB00006F048FF217CD4E90202904201D1C90775
:10BCC0000ED000212174411C00EB40100A1F18BF48
:10BCD0000A46A26004EBC00010F8185FFF2D09D1DE
:10BCE000D8F80000D0E9001204F5876006F037FFAD
:10BCF000FF2505E0411C0EA840F2071221F067FE67
:10BD00000CF006FBFF2D00F03C870BF24D368BF854
:10BD10004C530EA940F207120CF031FAAF4806F06E
:10BD20008BFAAF4806F066FA9BF84C03DFE810F098
:10BD30001900A4008E00A0005700B000F400A2007B
:10BD400013017F00FE0029005900B40022009E006C
:10BD50002000A600FC002601A800B2001F01EE068C
:10BD60008C000CF089FB0AF5E65008F0B5F90CE1FF
:10BD7000102004E10E2006F079FA307809F06CF812
:10BD800003E10B2006F072FA9BF84D0306F06EFA01
:10BD90009448954CA0479548A0479548DBF85053E8
:10BDA000A047284606F0E4FA9248A0470AF5E65470
:10BDB000C5EBC5052DB1204608F0B0FE073D0734A0
:10BDC000F8E7002006F016FA41F6DC40504409F08E
:10BDD000B3F841F6E340504409F022F8D5E00420DE
:10BDE000C9E0854C0C20A0470CF066FE834806F0A5
:10BDF00001FA41F6BB40824D5044A84741F6C2408B
:10BE00005044A84741F6C9405044A84741F6D040A5
:10BE1000504409F02FF841F6D340504409F02AF875
:10BE20009BF86A0308F06CFF0CF043FEADE0724C27
:10BE30000920A0470CF040FE0CF03BFE9BF84F039E
:10BE4000A04741F6BC4082E0182094E06A4C0220F2
:10BE5000A0476C4806F0CEF90CF02BFE0CF02CFE3F
:10BE600041F6BB40504404F05FF98EE00F2086E0BD
:10BE7000032080E007207BE0012079E011207EE0B4
:10BE8000142006F0F3F9DBE9D50109F047F87CE06E
:10BE900005206DE015206BE00D20049606F0E6F914
:10BEA0009BF84D0306F0E2F950484F4DA84756481D
:10BEB000A847DBE9D50109F031F85448A847DBF879
:10BEC0005C030BF55879DFF84881DFF848A1DFF80B
:10BED00048B100EB4000460096B15048A8474046A4
:10BEE000A8475046A8474C4634F8060BA847584682
:10BEF000A84709F1020008F04FFE063EA146EBE715
:10BF0000474806F077F9002006F074F9DDF8348030
:10BF1000DDE90BBA049E38E0062006F0A7F9DBF84D
:10BF2000500306F025FA30E0122028E0324C0A20B7
:10BF3000A0470CF0C1FD0CF0BCFD3A4806F05AF9E0
:10BF400041F6BB40504408F0F7FF41F6C240504470
:10BF500008F0F2FF19E0082006F088F9324806F0F0
:10BF600049F930464FF4807104F0EEFB0DE01620E5
:10BF700006F07CF9307806F079F906E0132006F037
:10BF800075F9BBF84E0306F035F906F0BDFA9BF8DB
:10BF90004C030FF20C01D1E810F000BF04ED00E0FB
:10BFA0004B001402E301F6055002A401E60233033C
:10BFB000C702990326010B0128048003EF009F04A8
:10BFC0004604F3045D029B00CE035301690585001E
:10BFD000340200BF9C12040088DC0320180000001B
:10BFE000D1010000DC010000F52102001400000076
:10BFF000D6010000E90100006D220200E00100000E
:10C00000394F0200CE010000F4010000F3010000EE
:10C010000B000000E3010000E6010000F501000054
:10C02000F2010000DF0100000A0000001A00000019
:10C0300042F648000AEB00040AF5E6517822204651
:10C0400020F070FE5FF81C0006F0F6F8204608F0BD
:10C0500043F806F059FA42F6C800214650447822C7
:10C060009BF8505FDBF89C6C20F05CFE00202902FE
:10C070008BF8D40E0BF65470CBF8DC0C0B200C3183
:10C08000CBF8D41CCBF8D86C8BF8540F0BF051FFC5
:10C090008EA80CF0EEF90BF015FF40F0BE831720D0
:10C0A00000F052BD0020DBF89C1C8BF8AC0E032086
:10C0B0000CF0FAFC0BF03DFF8EA80CF0EFFDE14D0B
:10C0C0009DF83802FE2840F0AF81062000F03CBD0C
:10C0D0000CF03FFE8BF8BC0C0BF0E5FEABF8D01C6F
:10C0E0000BF6BC410BF084FE0CF0D9FC0DF6E840D9
:10C0F0000CF0D7FD9DF8E80CFD2800F012850BF63A
:10C1000084200DF6E8410BF019FF0CF0E6FD9BF8DA
:10C11000840A022840F0A484DBF88C0A0E22DBF8A3
:10C12000901ACBF8DC0CBBF8D00CCBF8E01C42F238
:10C130000241ABF8E40C42F2526050445144DBF847
:10C140009C5C21F044FC002005F590718BF8110EE9
:10C1500042F228600CF04EF8CBF8E45D8BF8D40C7A
:10C160000BF083FE8EA80CF035FA0BF0ABFE40F01E
:10C170006584212000F0E8BC002103208BF8D41E48
:10C180009BF84D13DBF89C2C8BF8DD1E0CF080FC2B
:10C19000CBF8D82CCBF8DC1C0BF0CBFE8EA80CF027
:10C1A00068F90BF08FFE40F03883132000F0CCBC10
:10C1B00042F64C0041F6BC41504451442C220BF055
:10C1C0005FFF07200BF0C5FE07310CF03DF80BF0C8
:10C1D000B0FE8EA80CF04DF90BF074FE40F01D83FC
:10C1E000102000F0B1BC42F6490041F6BB4150447A
:10C1F00051440E229BF84D439BF84E53DBF89C6C48
:10C2000021F0E5FB2102062041EA05418BF8DC0E16
:10C21000002006318BF8D40E0BF6DC60CBF8D41C72
:10C22000CBF8D86CCBF8DC0C0BF083FE8EA80CF0AE
:10C2300020F90BF047FE40F0F0820F2000F084BCA4
:10C240009BF84D0300218BF8AC1E0002DBF89C1C10
:10C250000C300CF029FCD8F800200AF519568EADE8
:10C2600031462846F5F76EF89DF83892B9F1FE0F81
:10C2700000F04F840DF5DE78691C7C22404621F0E9
:10C28000A6FB30469DF8B542BDF8B652E9F742FF2D
:10C290000226B9F10B0F07D108F1070150A875224A
:10C2A00021F095FB2646099566480068C00540F0D8
:10C2B0008384654D7522D5E9009895F8754050A99D
:10C2C000284620F02FFD0998042CA5F8760085F863
:10C2D000756003D1D9F8041040468847DDF83480F2
:10C2E000C1E39BF84D038BF8D40C584805F0A4FF2C
:10C2F0009BF8D40C04F0B4F806F006F942F65000AE
:10C30000002450442721CBF8144FABF80C4FDBF836
:10C310009C5C9BF8D46C21F003FB012031028BF86C
:10C32000590F0B208BF8DC0E0BF6DC600C318BF810
:10C33000586F8BF8D84ECBF8D81CCBF8DC5CCBF818
:10C34000E00C42F244600AEB0004D8F800208EA80A
:10C350000CF08FF80BF0B6FD40F05F821620F3E38F
:10C3600041F6BB4042F64B025AF8001050449BF88D
:10C370004E334AF802100A2152448BF8DC1E002189
:10C3800080888BF8D41E9BF84D13DBF89C4C908072
:10C3900018028BF8DD1E0BF6DC610A308BF8DE3EEE
:10C3A000CBF8D40CCBF8D84CCBF8DC1C0BF0C1FD8F
:10C3B0008EA80CF05EF80BF085FD40F02E82142064
:10C3C000C2E30C209BF84D138BF8DC0E00208BF899
:10C3D000D40E0B20DBF89C2C8BF8DD1E0BF6DC61F9
:10C3E000CBF8D40CCBF8D82CCBF8DC1C0BF0A1FD8F
:10C3F0008EA80CF03EF80BF065FD40F00E82152083
:10C40000A2E30020DBF89C1C8BF8AC0E0B200CF098
:10C410004BFB0BF08EFD8EA80CF040FC094D9DF8F7
:10C420003802FE2800F08B832046E9F773FE286867
:10C43000C00528463FF427ACBEE3054805F008FFD9
:10C440000EE300BF04ED00E0A07903203C000000F3
:10C45000420000000CF07DFC8BF8B80C0BF023FDC3
:10C46000ABF8CE1C0BF6B8410BF0C2FCD8F800209C
:10C4700002A80BF6D44800F592500CF0CFFB0DF556
:10C48000805090F84802FD2800F0458302A90BF681
:10C490007C1001F592510BF051FD0CF0E8FB9BF87C
:10C4A0007C09022840F0DA8242F2F020DBF89C2C72
:10C4B0005044BBF8CECC42F2486190E87800514439
:10C4C00042F2023078C142F25A6302F590745AF88F
:10C4D00000105044CBF80C8E4AF8031000218BF862
:10C4E000111E42F224615144CBF8081E4FF49071A2
:10C4F000DDF83480CBF8E81D02218BF8D41C0AEB60
:10C5000003018088ABF8ECCCCBF8044ECBF8E42DDB
:10C5100088800BF0AAFC8EA80CF05CF80BF0D2FC23
:10C5200040F08C821F200FE342F649003146504410
:10C530004FF48072DBF89C4C21F049FA0420002172
:10C540008BF8D41E0CF0A4FACBF8D84CCBF8DC1C3A
:10C550000BF0EFFC8EA80BF08CFF0BF0B3FC40F05F
:10C560005C810D20F0E20120DBF89C2C8BF8A40C00
:10C5700000200BF077FDDBF85013CBF8A01C0BF676
:10C58000A4410BF035FCD8F800200BF6D444D0A819
:10C590000CF087FB9DF84003FD2800F0C6820BF2EB
:10C5A0005440D0A90BF0CAFC0CF097FB9BF8540444
:10C5B000012840F055820020DBF8A01C0BF082FF20
:10C5C0009BF85C048BF8DC0CDBF89C0CCBF8D81CDB
:10C5D00042F210615144CBF8E40D00F59070CBF8B5
:10C5E0000C4ECBF8081ECBF8040E0BF03EFC8EA8C8
:10C5F0000BF0F0FF0BF066FC40F020820920A3E274
:10C600000120DBF89C2C8BF8A80C00200BF02AFDF5
:10C610009BF84D138BF8D21C0BF6A8410BF0E8FBEE
:10C620000CF03DFA0DF589600CF03BFB9DF84804D9
:10C63000FD2800F080820BF25C500DF589610BF053
:10C640007DFC0CF04AFB9BF85C05012840F0088259
:10C650000020CBF80C4E0BF035FF9BF8D20C8BF87A
:10C66000DC0CDBF86005CBF8D80C42F214605044C7
:10C67000CBF8080EDBF89C0CCBF8E40D00F59070BD
:10C68000CBF8040E0BF0F1FB8EA80BF0A3FF0BF020
:10C6900019FC40F0D3810C2056E242F650000AF516
:10C6A000E651504440220BF0EBFC09200BF051FC0A
:10C6B00009310BF0C9FD0BF03CFC8EA80BF0D9FE44
:10C6C0000BF000FC40F0A98012203DE241F6BC4096
:10C6D00042F649025AF8001050444AF80210052167
:10C6E0008BF8DC1E00218BF8D41E0BF6DC61CBF836
:10C6F000DC1CDBF89C1CCBF8D81C0AEB0201D0F840
:10C700000300C1F803009BF84D039BF84E139BF800
:10C710004F23000240EA014040EA02600530CBF8B6
:10C72000D40C0BF006FC8EA80BF0A3FE0BF0CAFB9A
:10C7300073D10E2008E2DBE9D51202208BF8C00C81
:10C740000020CBF8902BDBF89C2C0BF08BFCCBF86B
:10C750008C1B0BF54C610BF04BFB0CF049FA0DF503
:10C76000ED600CF05BFA9DF86807FD2800F0E981A8
:10C770000BF694300DF5ED610BF0E0FB0CF077FA61
:10C780009BF8940B022840F06981DBF88C0BCBF806
:10C79000DC0C42F21050DBF8901B5044CBF8E01C4C
:10C7A00042F25061DBF89C2C514490E87800002064
:10C7B00078C102F590718BF8110E42F22C60504452
:10C7C000CBF80C8E0BF088FECBF8041ECBF8E42DD2
:10C7D0008BF8D40C0BF049FB8EA80BF0FBFE0BF092
:10C7E00071FB40F02B812320AEE142F6490041F677
:10C7F000BA41504451441D220BF042FC08200BF07A
:10C80000A8FB08310BF020FD0BF093FB8EA80BF07A
:10C8100030FE0BF057FB00F08A8120468F9E909DE2
:10C82000E9F784FC0FE10CF094FA8BF8B00C0BF0F4
:10C830003AFBABF8CA1C0BF54B610BF0D9FA0CF0C4
:10C84000D7F90DF5CB600CF0E9F99DF85806FD28F5
:10C8500000F065810BF26C700DF5CB610BF06EFB97
:10C860000CF005FA9BF86C07022840F0F78042F2C2
:10C87000E000DBF89C5C5044BBF8CA2C42F24861F3
:10C8800090E85800514442F25660504458C142F278
:10C89000EE015144ABF8E82C0A2221F098F8002070
:10C8A000CBF80C8E8BF8110E42F21C6050440BF04A
:10C8B00013FE05F59071CBF8041ECBF8E45D8BF800
:10C8C000D40C0BF0D2FA8EA80BF084FE0BF0FAFA1F
:10C8D00040F0B4801B2037E10CF03BFA8BF8AC0C35
:10C8E0000BF0E1FAABF8C81C0BF6AC410BF080FA88
:10C8F0000CF0D5F80DF5AA600CF0D3F99DF85005B1
:10C90000FD2800F010810BF264600DF5AA610BF0B8
:10C9100015FB0CF0E2F99BF86406022840F0A080B9
:10C9200041F6D870DBF89C2C5044BBF8C83C42F26E
:10C93000486160C8514460C10088088041F6E470D5
:10C940005044ABF8E63C42F2546190E86800514430
:10C95000002068C102F590718BF8110E42F2186048
:10C960000BF048FCCBF8E42D8BF8D40C0BF07DFADF
:10C970008EA80BF02FFE0BF0A5FA5FD11920E3E093
:10C980000CF0E7F98BF8B40C0BF08DFAABF8CC1C7B
:10C990000BF6B4410BF02CFA0CF02AF90DF5BD5052
:10C9A0000CF03CF90DF5805090F8A007FD2800F040
:10C9B000C0800BF674000DF5BD510BF0BFFA0CF002
:10C9C00056F99BF87408022848D142F2E810DBF8C7
:10C9D0009C2C5044BBF8CCCCDBF88CE842F248618C
:10C9E000DBF89068514438C838C1002302F59074D0
:10C9F0008BF8113E42F22063CBF80C8E5344DDF8E5
:10CA00003480CBF8083E4FF49073CBF8E42D02222B
:10CA10000088CBF8ECECCBF8F06CABF8EACCCBF8B8
:10CA2000044ECBF8E83D8BF8D42C08800BF01DFAAF
:10CA30008EA80BF0CFFD0BF045FA7ED020468F9EDE
:10CA4000909DE9F73AFA19F1010009D0CDE98E96E7
:10CA500090958EA8E8F7E8FE002002E0DDF834802B
:10CA6000012007F0BBFCC548FFF70DB99BF84D133B
:10CA700000208BF8AC0E0902DBF89C0C0A31CBF8D5
:10CA8000D41CCBF8D80C0BF054FA8EA80CF006F995
:10CA90009DF83892DDE90585B9F1FE0F3DD02046BD
:10CAA000DDF83962DDF83D42E9F734FB300AB9F1CF
:10CAB0000A0F08BF4FEA142808BF40EA0465AF48D0
:10CAC0000068C00578D1AE4A02244FEA0820294602
:10CAD00040EA1565D2E90FC092F83830B9F10A0F73
:10CAE00082F83840CDF81480C2F83D5018BF264671
:10CAF000DDF83480F4B244EA0124012BC2F8394055
:10CB00000691B0D1DCF804108847ACE71720FFF796
:10CB100032BA042016E01E2014E0052012E01A208C
:10CB200010E0202010E018200EE008200CE011207A
:10CB30000AE01C2006E00B2006E01D2004E0072090
:10CB400002E02220DDF834800A9A8BF8D30C42F6FA
:10CB5000C8100AEB0009DDE90701084000EA0205F8
:10CB6000D9E9000150EA010618BF012649D199F818
:10CB7000200009F10804C0BBD9F81800C9F81C004E
:10CB80001FE00320E0E700208BF82C0DDBF89C0C65
:10CB900000F59070CBF8D40C0BF0CBF98EA82146A1
:10CBA000F3F720FC8E98023001D10A20CCE7204612
:10CBB000E9F73AFA07F020FD724805F049FB05F065
:10CBC000F1FB007A704960F3840170480860D9F87D
:10CBD0001C00D0E900230DF5ED6006F05DF80BF0C8
:10CBE0006AF9C9E9021289F81000D8F80010204645
:10CBF00006F0ECF810B9D9F81C00E2E7032089F838
:10CC0000200005EA0600012800F0A58042F6F01099
:10CC10004FF0FF3350440590D0E9000181EA030250
:10CC200043401A4300F00E85084318BF01200690C8
:10CC300040F03F8499F83800E0B103281FD1CB467B
:10CC40001BF8640FABF12402002831D0032840F018
:10CC50008680CA460A921AF8480FDFE810F00700EB
:10CC60008900CA08ED018E03E0013502ABF1240210
:10CC7000106881E1D9F83000C9F834006EE14A4605
:10CC800012F84E0FDFE810F0E8026E00B50805005C
:10CC9000170042F62820D8F800105044079206F0FA
:10CCA00095F8002800F0E2820320079A00F0FDBB0F
:10CCB000D9F860005AE1079242F618204A460AEB7A
:10CCC000000412F8620FDFE810F0ED025000940843
:10CCD00005001B004946099411F87A0F0491A1F14F
:10CCE000120B0A92DFE810F01E033E008508AF0326
:10CCF000050099F8A20058B3032800F0B0803AE08C
:10CD0000CB46CDE909421BF86F0FABF10708DFE80E
:10CD100010F005002900700863030800B9F86C00E2
:10CD2000D0E299F87E0070B1032824D1B9F87400DC
:10CD30000021A9F87410012840F05681B9F8765006
:10CD4000D9F878002EE0B9F87C50D9F8700072E07C
:10CD5000D9F87C0077E00BF50570F8F7EFFB0C488D
:10CD600005F079F90B4805F076F90B4805F073F9F1
:10CD70000A4805F070F90A4805F06DF904ED00E085
:10CD8000F8E60320AE000000000601403546526E72
:10CD9000340B040044020400440A0400A408040004
:10CDA000940A0400EC4900680968C9057FF404AFDF
:10CDB000EA49FCF7CFFD0C46C16BB1B1027C2ABB3E
:10CDC000D0E9022300EBC306B161591C8B1EB5826A
:10CDD00018BF0B46C3609A4204BF012101740BF0D7
:10CDE000FFFBE0E8091207F080F80BF091FA012050
:10CDF00089F87E00D9F86800E8F7CCFF4FF480701E
:10CE0000A9F86E004046E9F7C6F891E0DDF83480F5
:10CE10003030D8F80010D1E90012F8F73BFC0BF0E5
:10CE200077FA0120A9F87650A9F87400032089F850
:10CE30007E000420F4E229040131C9E91D1000211B
:10CE4000A9F87410AEE7C9F8800042F65C2050449F
:10CE500042F64C2151441CC81CC10088088099F836
:10CE60008750022089F88700022D00F0BD80CDF8A0
:10CE700020B042F64C200AEB000B0DF6E848BBF858
:10CE800000004146ADF864079BF802008DF8660784
:10CE900042F6502050440CC80CC100880880D9F8D4
:10CEA0008000AD4900680968C9057FF485AEAB49CB
:10CEB000FCF750FD8A46D0F8FC1041B3027C002AF2
:10CEC0005ED1C268BDF8646702EB820300EB8303A6
:10CED0009E829DF86667DD7503F118059E75B8E8BA
:10CEE000500050C55962511CB1F1080218BF0A46E2
:10CEF000B8F8001029808168C260914204BF012106
:10CF000001740BF06DFBE0E82D1206F0E4FFDAF897
:10CF1000000001240130CAF80000D9F8680089F83F
:10CF2000A240E8F71BFF0898A9F87A40E9F725F82E
:10CF30000A990120DDF8348008700998817C183046
:10CF4000042904D0032904D1E9F717F801E0E9F72F
:10CF500022F80120A9F84E00D9F834000021CB4670
:10CF60000BF8641FABF124024BF8040C0021CA46F5
:10CF70000AF8481F4AF8080C0A92C9F8440036E03B
:10CF80009DF866170DF5BD568DF85A16D830BDF8C8
:10CF90006417ADF858163146B8E80C000CC1B8F863
:10CFA0000020DDF834800A80D8F80010D1E90012A2
:10CFB000F8F7A2FB0BF0FEF89DF85A068BF802007A
:10CFC000BDF85806ABF8000042F6502089F88750AB
:10CFD000DDF830A006CE504406C031880180032021
:10CFE00089F8A200042059E25D4804F06FFFD0E9FF
:10CFF0000612114318D00168C9071CBF90F827100A
:10D00000002940F0AE81D0E904230DF5ED6005F074
:10D0100043FE0AF050FFC9E9141289F858000BF0DA
:10D020009BF9C0B10520B2E1002189F8541000F14C
:10D0300022012830C9E913010BF086F9002840F0DD
:10D04000A38199F85400E9F743F805F025FCD9F8D5
:10D050004420C2E90601D9F84400D0E9064505F0AC
:10D060001BFC22462B4605F003FE002249F6BA13AC
:10D07000181A72EB01003EBFD9F84400012180F874
:10D0800027100BF02DFE01284CD191F82A00012821
:10D0900004D0344805F0DCF8D9F8441091F82600A3
:10D0A0000022222380F0010081F82600D9F84400F4
:10D0B00090F8261089F8542000F12802002918BFA2
:10D0C00020231844C9E913200BF03EF9002840F052
:10D0D0005D8199F85400E8F7FBFFD9F84400418CD2
:10D0E000028C511A09B2002948BF494209B2962957
:10D0F0000FDD1D4805F0ACF8D9F84400002180F898
:10D10000271005F0C9FBD9F84420C2E90601D9F877
:10D110004400002180F82A10D9F8440080F8291032
:10D120000BF0DEFD91F826302222002B18BF2022C2
:10D13000002840F03D8191F82400F8B191F82A00D0
:10D14000002840F0388101208C5A81F82A000225FD
:10D150000BF0BDFB62E000BF04ED00E0F409040049
:10D1600078170400B900000016000000B7000000A6
:10D170005C000000E4080400D4080400002091F8DA
:10D180002530CDF8E80CADF8EC0C0220ADF8F20C2F
:10D190000120032BCDF8EE0C26D82BB3032B0DF674
:10D1A000E84E08BF0223002447F6FF7C4FF0010839
:10D1B000A34222D0D9F8446096F82A00002840F013
:10D1C000F2808D5EA5F58040002D00B209D44000AC
:10D1D000032C00F0E4802EF82400013486F82A8025
:10D1E000E6E78CEAE030F3E75FF8800005F030F81E
:10D1F0000BF06DFBD9F84400F9E60BF071FD002847
:10D2000040F0DC8091F828800120DDF8ECBC00259E
:10D21000DDF8F06CBDF8E84C81F829000A990BF0B4
:10D2200094FD087A062812BF0328087DE8F750FF0E
:10D2300000204A4602F84E0F02F8028CDDE90CA8E5
:10D2400002F80C0C012042F80ABC42F8066C02F805
:10D250000B5C22F80E4C907542F61A2042F608211B
:10D260005044514407920E2220F0B1FB42F61A209E
:10D270004FF0000B4D460AEB000105F84FBF02A826
:10D2800000F592560E220AF07AFF4C4642F61C2018
:10D2900044F8505F50442CCE2CC04A4602F862BF7E
:10D2A0003188018099F85710B9F854000229CDE966
:10D2B00009421ED10021CB460BF86F1FABF10708C6
:10D2C0002BF8030CA9F87000012089F86E0009F111
:10D2D000740007F09BF999F87400012804D15FF8F5
:10D2E000700104F0B5FF6CE0D9F87800C9F8680067
:10D2F00086E0A9F86C0099F8560089F86E0042F6AD
:10D300002020504489F86F1042F638210CC851444F
:10D310000CC1008808800020494601F87A0FA1F16D
:10D32000120B0491012042F6442189F87B0042F659
:10D330003420504451441CC81CC10088088009F1A5
:10D340008C0007F0D9FA99F88C00012804D15FF815
:10D35000E00104F07DFF67E0D9F89000C9F86800AB
:10D3600082E0D0E902230DF5ED6005F095FC0AF0AE
:10D37000A2FDC9E9141289F858000AF0EDFF00284F
:10D380003FF469AE042002E0032000E006208AF8A2
:10D39000000003208BF80000DDF830A087E05FF884
:10D3A0002C220BF014F85FF83022012104F03EF932
:10D3B000DFF8442AF9E7DFF8442AF6E7DFF8402AE5
:10D3C000F3E70DF5ED6021220BF0B0F90AF073FDE3
:10D3D000C9E9201289F888000D9942F64820504486
:10D3E000096805F0F3FCC0B90DF5ED6007F00EF922
:10D3F0009DF868070128E4D0DDF86C07C8F8000044
:10D400000020B9F8705089F86E0089F87E00404617
:10D41000C9F87080A9F87C500DE50320DDF8348050
:10D420008BF8000004203CE00DF6E84021220BF0D0
:10D430007DF9DDF8EC2C9DF8F00CDDF8E81CC9E96D
:10D44000261289F8A00042F660200AF05CFF20BB9B
:10D450000DF6E84007F050FA9DF8E80C0128E3D0FB
:10D46000DDF8EC0CCBF80000002409F17C0089F811
:10D470007B400DF5ED6168C801F1140268C20088B7
:10D48000108042F6482050442222C9F87CB020F097
:10D490009EFA89F8A2405846D5E403200499087002
:10D4A00003200A99079A087004201070042089F854
:10D4B0003800D9E92A0150EA010B18BF4FF0010BDF
:10D4C00040F0B28099F82C0170B199F8D800042886
:10D4D00012D003281DD199F8240100283FD0032839
:10D4E00064D1D9E947016DE0002089F8D800D9F866
:10D4F0002801C9F8D0000EE0CA461AF8E80FDFE8A4
:10D5000010F00500550078043A003100D9F8E460C5
:10D51000CFE0D9F8D000C9F8D400BB480068C005F6
:10D520007FF44AABDFF8380D06F0EAFCDFF8344D43
:10D53000606C48BB0120D4E9025660640AF0E8FE42
:10D540000DF5ED6006F09CFF0DF5ED6209F1C003ED
:10D55000C9E92C5607CAC9F8B84007C304E1D9F88D
:10D56000E01008E199F8F000C00723D199F8F140E4
:10D57000D9F8EC60A8E099F8F200C0071ED1B9F81C
:10D58000F020D9F8EC60C9E020680DF5ED62DFF815
:10D59000E03CB7210130206000208DF86807DFF8FB
:10D5A000C80C0090DFF8C40C04F0E9FCDFF8AC0C08
:10D5B00004F051FDDFF89C0C04F04DFDDFF8980CF1
:10D5C00004F049FD02AACDF8E81C02F59252CDF80C
:10D5D000682700240DF5ED6510600026DFF8940C37
:10D5E000CDF874070DF6E840CDF87007DFF8880C29
:10D5F000CDF86C07102C0DD02919285949680A69F3
:10D6000041469047C1B20834FF29F3D002293CD1EA
:10D610000126EFE7F00700F09683032089F82C013C
:10D6200089F8D80089F82401069800EA0B0001283F
:10D6300000F09083DAF80000DDF82CB048B1012842
:10D6400000F0F485DFF8400C2221DFF8402C03F0D5
:10D65000E6FF9BF80E020AF5C669CDF82090002877
:10D6600000F09B80032840F07C8399F8AB0B09F510
:10D670003966DFE810F005007A03BE039E028802D7
:10D68000D9F8980BD9F8A05BDEE1C6D00021CA46D4
:10D690000AF8E81F01215AF8146C8AF83C10C107F7
:10D6A0005A491CBF40F20111CFF6FF7108404AE908
:10D6B000020699F8E000C0072CD099F8E10000F0CC
:10D6C00001042002C9E93B60DFF8B00B04F0B4FDAF
:10D6D000DFF8AC0B04F08EFD204604F0C7FD04F02B
:10D6E00013FF00214FF00108012244B1317A0022DA
:10D6F00002291CBF707A0A4602F001010022C0B262
:10D7000041EA002040EA0241304606F015FF89F860
:10D71000F08025E0B9F8E220C9E93B62357A022DB4
:10D7200008D1D6E90001FBF72BFFC0B2384941EA26
:10D7300000210FE0B47A84B1D6E9000196F809809F
:10D74000FBF71EFFC0B20DB1804506D0000240EAD3
:10D750000440411C304606F0EFFE012089F8F2003B
:10D760000BF0F3FADDE90CA8002009F1B00189F80B
:10D770002401C9F8E0100122484640F8E42F01F1E5
:10D78000100400234160014641F81C2F80F834301A
:10D7900004620376C0E90E0114E7DBF804020AF123
:10D7A000080C0DF5AA610A9009919CE87D007DC1E5
:10D7B00041F674300AEB00015AF800000DF5ED64F3
:10D7C00089888E90201DADF83C124FF45E711FF0D9
:10D7D00062FF0AF2A460002621464FF45F72CAF885
:10D7E000A06620F04FF8DFF8BC5A0AF5D460079025
:10D7F000B6F5B06F0ED0A01929464FF4B07220F0E4
:10D8000041F806F5B076F3E704ED00E00100FFFF14
:10D8100001000200D04608F61C400DF5ED614FF006
:10D82000000A4FF4B062C8F818AC20F02BF80DF5E0
:10D830008050C9F8E0A5C9F8E4A50DF6E846C8F897
:10D8400028AA2021C8F820AA80F84CA602A800F532
:10D85000925B3046CBE9FEAACBF800A41FF01BFF79
:10D860000DF5BD553146284609F040FC0DF5CB6459
:10D870002946204608F0D9FA0BF52E70214609F00A
:10D8800083FC06F1090029464FF49C7220F09FF8B2
:10D890000BF5267021460AF093FD0DF58050022409
:10D8A000314640F2411280F89E430DF58050CBE99D
:10D8B0000AAA80F868A20BF25710CBE90CAACBF8A1
:10D8C00018A0CBF810A020F082F80DF580510320AD
:10D8D0000125079A81F848050DF5805008F5226169
:10D8E000CBE9002580F860A50A20CBE90210F01DE5
:10D8F00059464FF4AB62CBF8F8A2CBF8D0A3CBF8E3
:10D90000C8A3CBE9C4AACBF808A3CBF8F4A3CBF8FF
:10D91000ECA3CBF8E4A3CBE9F6AACBF850A5CBF85F
:10D9200048A5CBF867A5CBF863A5CBF85FA5CBF8E6
:10D930005BA520F04CF808F12100314640F25F521F
:10D9400020F045F8042008F61841C8F8840508F5C9
:10D95000B160C8F8801528211FF0E2FF08F2C55019
:10D960000DF5BD51132288F8C4A5C8F8BCA5C8F8A8
:10D97000B4A520F02CF84FF0E1701521C9E9000A98
:10D980004FF0FF30C9E9060009F5BC60C8F8700621
:10D9900008F5CF60C9E902AA88F82CA6C8F820A625
:10D9A000C8F824A688F81C46C8F814A6C8F808A623
:10D9B000C8F80CA688F80446C8F8FCA5C8F8F0A575
:10D9C000C8F8F4A588F8EC45C8F8E4A5C8F8D8A5C7
:10D9D000C8F8DCA5C8F840A6C8F868A6C8F8745608
:10D9E0001FF09EFF8E980DF5ED61C8F82100CDF86F
:10D9F0006807BDF83C02C8F890A68DF86E57ADF8E0
:10DA00006C0708F8205FDDF86B07C8F8040008F120
:10DA1000100009F093FADDF824C041F2841040446C
:10DA20009CE87E007EC009F5376509F539660A98DD
:10DA3000C9F8708BDDF8348089F8ABABC9F8A05B0E
:10DA4000C9F8980B89F88CABC9F89C0B002000240E
:10DA5000E7F75EFE2968281DC9F8900B0122C9F876
:10DA6000941B297F2A77012900F07781C9F8BC0B24
:10DA700009F6C831C9F8B40B09F6F15AC9F8AC0B6C
:10DA80002868A9F8F04DC9F8C00BC9F8B80BC9F857
:10DA9000B00B002089F8C94B89F8D80C162089F8FA
:10DAA000C80B09F6D84BDFF8A80700F13804C9F80D
:10DAB000D04C0DF5ED600AF041FACE48C9F8D44CCF
:10DAC0000068C0057FF478A820780022E178022859
:10DAD000227015D0B4F801208DF8E80C42EA01411B
:10DAE000D4E90123080CADF8E91C0DF6E8418DF8E6
:10DAF000EB0C2046CDF8F03CCDF8EC2CFAF7CEFC40
:10DB00000C9941F210304FF4847208440DF5ED6128
:10DB10001FF008F9DFF83007C9F8E80DD8F8001051
:10DB200009F54E6001F0C4FA08B103209EE0D9F86F
:10DB3000D44CC9F8E04CAF480068C0057FF43CA85D
:10DB400021780022E078002922704CD0D4E90185A8
:10DB5000012953D10D980068D0E90010854208BF13
:10DB6000414500F0798009688847CDF8F01C0DF632
:10DB7000E841CDF8EC0C01200AF018FFD8F80410A9
:10DB80002846884771E0D9F8B00BD9F8B41B084390
:10DB900074D0D9F8980FD9F89C1F084300F03A8345
:10DBA00009F53B6009F69874F7F7B4FC2046F7F7DF
:10DBB000C5FC99F8F10D09F6C83109F6F15A0028AB
:10DBC00047D0032840F0D58099F8D80C09F6D84BF7
:10DBD000DFE810F00600D3000F0105006C009DE7A0
:10DBE000D9F8D04C65E7D8F80000D0E900100968F2
:10DBF0008847CDF8F01CCDF8EC0C31E0B4F80110FA
:10DC000041EA0042D3B2FF2B2FD04FF0010E4FF06C
:10DC1000000C022B8BF800E08AF800E00A964BD04B
:10DC2000DDE90BB0D3074FF0000348D02B0602F418
:10DC30007F0243EA182342EA08621B0C120CA9F87F
:10DC4000A93B4FEA182342EA03420123C9F8A52B56
:10DC500035E099F8F04D1CE7CDF8F05CCDF8EC8C90
:10DC600001200DF6E8410AF0A1FE04208BF8000027
:10DC700003208AF80000DDF82CB0D2E299F8040CF9
:10DC8000042800F05882032813D141F238200AEB0F
:10DC9000000499F8940F09F6947500284ED00328D3
:10DCA0006FD1D9F8880FD0F800806EE0D9F8E04C39
:10DCB00041E7D9F8D0EB2FE00023DDE90BB041F2CA
:10DCC000DC1200EB020889F8A43B0DF6E84A98E85C
:10DCD0006F0054466FC441F2E8100C99C9F8B0CBFC
:10DCE000C9F8B4CB08449AE87E007EC041F2CC115A
:10DCF00009F6A430DDF830A0C9F898CF5144CBE93B
:10DD000000100A98C9F89CCF89F804CCC9F8D0EB68
:10DD10008BF813C0CBF8080041F2E8100AEB000CB6
:10DD200041F204219CE87D0051447DC13148C9F88D
:10DD3000ECEB0068C0057EF43FAF63E0D9F8E00E7D
:10DD4000D9F8E41E70E0DFF83C05A121DFF80C25CE
:10DD500002F070FD0598F7F7F1FBDFF86C05FEF7B0
:10DD60002CBFDFF83C0504F076F9DFF8300504F04D
:10DD700072F9DFF8240504F06EF9DFF8180504F0F5
:10DD80006AF9DFF80C0504F066F998F83100079598
:10DD90000A94DFE800F004262E0F19DC2200002090
:10DDA00088F83000D8F82C00C8F828000AF0D7FD11
:10DDB000C8F834000D9908F13400FCF721FE032166
:10DDC000002800F0168158E0C2461AF83C0F28B12E
:10DDD00003280AD1D8F838505DE0F4E0D8F83400D0
:10DDE00055E0DFF8C80404F036F9DFF8BC0404F0AD
:10DDF00032F9FEDE04ED00E0B4080400F40804008B
:10DE0000C40804000020D9F8EC1B89F8940F41F2F3
:10DE10000420504441F23822C9F8E00E0AEB020413
:10DE2000C9F8E41E09F6947509F56F680022C9F86F
:10DE30007C1D00F10801C9F8780D1030C9F80C1CE0
:10DE400009F6E86109F68473C9F81C0F09F67850E1
:10DE5000C9F8E84E89F81A2C89F8212F89F8A22EE2
:10DE600009F6EC62C9F8848FC9F8883FC9F88C2F8D
:10DE7000C9F8901FC9F8EC0E87E7D8F828000021F0
:10DE8000C24640680AF83C1F08304AF8080C00F502
:10DE90007E75C8F838502868002840F0CC814FF0D3
:10DEA000FF3000212860287B012804D105F5AC70E3
:10DEB00004F048FE297BD5E90102904201D1C9074F
:10DEC00017D000212973411C00EB8000B1F1100232
:10DED00018BF0A466A6005EB8001486948B11031F5
:10DEE00051F808CB02AA02F5925291E8580058C2A4
:10DEF00009E00D980AF0D7FC05F5A87004F02FFE94
:10DF0000DDF824C0002029680131296001210028A2
:10DF100008BF03218AF8001042D0D0A902AB03F554
:10DF200092530A4693E8700070C2C8F8000008F1E6
:10DF3000040091E81C001CC0002088F84400D8F8B8
:10DF40002800CDF824C0A8F840C0C8F8340008F173
:10DF5000340A0DF5ED6B0D9A58465146F3F77CF9EE
:10DF6000DDF86807022801D1052140E0012059466B
:10DF700088F8300008F1100C91E87D008CE87D00F5
:10DF8000D8F8100001280DD198F814A0BAF1140F98
:10DF900000F0F580BAF11C0F40F0FE80C748EFE0BA
:10DFA000042126E00BF10400514690E87C007CC17E
:10DFB000D8E90201FCF766FD0022C8F868A088F8DD
:10DFC0006D20C8E914010D9808F1480B5946026804
:10DFD00002A800F592552846F5F7D0FE0DF58050C1
:10DFE00090F848A2BAF1FD0F40F0AE800621DDF8AE
:10DFF0002CB088F831100DF5ED64D9F88C0FDDF8F0
:10E000003480016820464246E9F7A8FE9DF868A7DB
:10E01000BAF1FD0F0ED1D9F8900F0DF5ED6442461F
:10E0200001682046F3F726FA9DF868A7BAF1FD0FBC
:10E0300000F0E380611C0DF5BD500AF09DF80A9CCC
:10E0400099F8210F05280DD0062814D10C9941F21A
:10E0500068500844E8F7FEF8D9F8280FB9F82C2FD3
:10E0600009F0CEFFD9F8F00ED9F8F41E09F054FEED
:10E07000002089F8200FA07CA0F10E020B2A14D8F2
:10E0800004F1180104F11400DFE802F0060F0F0D8F
:10E090000F0F0F0F060A0F0A0846E8F72EF804E0E4
:10E0A000E8F720F801E0E7F7C8FE0DF5BD500DF5E3
:10E0B000896178C80A4678C2012389F8943F0388A9
:10E0C00080780C9C907041F2212020441380132210
:10E0D00089F8F0AB1FF07BFCBAF1FE0FA2463FF4CB
:10E0E00091AE09F53F60D146C246D846DDF828B06A
:10E0F00090E87C00734859467CC104F09DF858466E
:10E10000C346D046CA46DDF82090E6F7C5FE04F0C7
:10E11000FBF90DF5ED6040F6CD420AF007FB9DF8E6
:10E120007007DDF86817DDF86C27C9F8201CC9F8FE
:10E13000242C89F8280C41F250200AF0E4F8002839
:10E140003FF460AE04205DE0691C0DF5CB65132241
:10E150000AF040F85846E8F77DF8BAF1140F18BFF6
:10E16000BAF11C0F27D1524804F072F8DDF82CB038
:10E17000D8F83800B8F83C2009F042FF04E04E48D7
:10E1800004F066F8DDF82CB0D8E9000109F0C4FD10
:10E19000002088F8300070E600200BF1050188F8B7
:10E1A00030000DF5BD5009F0E7FF454804F050F888
:10E1B000DDF82CB015E0DDF82CB0BAF1FE0FD7D0A9
:10E1C0001ECD0DF5BD501EC029880180A978817033
:10E1D000384804F03DF8D8F83800B8F83C2009F089
:10E1E0000FFFD8E900010A9C09F096FD4FF48070FA
:10E1F000A8F83000DDF8348022E707990320DDF825
:10E2000030A0087089F8040CD9F8980FD9F89C1F31
:10E21000084305D141F2D05041465044EFF7D4FABB
:10E22000042089F8AB0B03208BF80E020DF5C65DB8
:10E2300007B009F090BF054803F0FEFF07F010F8A3
:10E2400004F062F904F0AEF888DC0320C30000009B
:10E25000F8E60320A405040094050400F00304007C
:10E2600020340400F8E5032058380400A0370400E7
:10E2700064340400DC030400C80304003B00000015
:10E280000400000018030400581204007C1204006B
:10E29000F40004005402040094090400A4020400E1
:10E2A0008402040098DD030044080400B40704005D
:10E2B0007F00000074000000830000008400000064
:10E2C00073000000C0000000F600000080B56F463B
:10E2D000D0E9001291422FBF00204A1C02600120A9
:10E2E00080BDF0B503AF2DE9000F9DB08046107BD7
:10E2F00016468B46B1F84090D1F834A0F9F79AFC55
:10E3000096E834006B46194634C14A46514603909C
:10E310000EAE3046FAF7AEFF9DF83840FF2C05D020
:10E3200008F10100711C09F027FF08E00320DBF869
:10E330002810ADF838000EAA684606F049FF88F8A4
:10E3400000401DB009F007BFF0B503AF2DE9000F85
:10E35000ADB003909A4638489346884603F06CFF68
:10E3600008F11009484607F0AFFD04F0CDF8494622
:10E3700004AA91E8794002F1100C41468CE87940FA
:10E38000F8680790B8687C693E690690CDE901ABF2
:10E39000CDE904BA8DF839408DF838601EAD2846B5
:10E3A00000F075F89DF878B0BBF1FF0F0BD0039C1F
:10E3B000691C1322601C1FF00AFB022084F800B0C5
:10E3C00084F8290034E0D8F828102A46B8F840C06C
:10E3D00005F11808A346B24699E8794088E87940E3
:10E3E000F8682390B86822900198219002982090B4
:10E3F00001208DF8A9B08DF8A8A0ADF87AC0ADF8CD
:10E40000780010A806F0E4FEBDF840004FF6FF715A
:10E41000884208D0DDF80CA002208AF829001620D6
:10E420008AF8000004E004A9039830221FF0CFFA14
:10E430002DB009F090BE00BF47000000F0B503AF5B
:10E440004DF804BD9EB00D4602F5207104466846A5
:10E450001A461E78FAF7FEF89DF80000FF2805D04E
:10E460009DF83A10E7F76EFF16200CE0A6F10B00BE
:10E47000012807D803206A46ADF8000010A82946F5
:10E4800006F0A6FEFF2020701EB009F048BFF0B5D0
:10E4900003AF2DE9000FA3B0059002F1100BD1E9F5
:10E4A00002E0009101901068049050680390D2E956
:10E4B000029A14A8CDF808B000F110089BE85B1090
:10E4C000454685E85B107546CDE9169AF1460398F6
:10E4D0004FF0000A59F8084B15900498CB46149059
:10E4E00092F828008DF8780004EB440092F8291087
:10E4F000060104918DF8791009EB001103915EB1CA
:10E500000BF11001404608F0B6FC98B9303E0AF114
:10E51000010A0BF1300BF2E7019884422FD214A9C3
:10E52000039E292209F02BFE049886F82900601C1E
:10E53000286007E00AEB4A0014A9302209EB00101A
:10E540001FF045FADDF8089099E80F0019431043D1
:10E55000084312D00098816AB0F840C014AA99E824
:10E56000794002F1080888E879400420ADF85000AD
:10E57000ADF852C006A806F02BFEFF2000E01620E2
:10E580000599087023B009F0E6BDF0B503AF2DE999
:10E59000000FABB08246886B90F8720340B902AEB0
:10E5A0000D46304600F043F89DF83100022803D1B3
:10E5B00002208AF8290037E0029906F1100B019138
:10E5C00003990091DDE904891CA99BE85C5018318E
:10E5D00081E85C5000998DF8A10001201F910199FC
:10E5E000ADF870009DF830001E918DF8A000B5F8D0
:10E5F0004000A96ACDE92089ADF872000EA81CAAD6
:10E6000006F0E6FDBDF838004FF6FF7188421FBFE7
:10E61000FF208AF8290016208AF8000001BF02A90D
:10E62000504630221FF0D3F92BB009F094BDF0B55D
:10E6300003AF4DF8048D8D68804601F1100655F842
:10E64000280900EB400004014CB105F140003146BF
:10E6500008F011FC303C30350028F5D000E00025F2
:10E66000404629465DF8048BBDE8F04008F0AABAA0
:10E67000F0B503AF2DE9000F8DB091F810909046E2
:10E680002A4B834610220C46484607F0C3FB002263
:10E6900019B100F8012B0139FAE700255846257415
:10E6A000CDE90155CDE9035501AE314608F06CF9CD
:10E6B0000DF1140A3146504600F0C8FB0BF5B07658
:10E6C000102D09D00BEB0501605D013591F860213B
:10E6D000504081F86001F3E7B9F1100F07D1002035
:10E6E000102816D01AF8001009F061FEF8E716F8A5
:10E6F000090080F0800006F8090009AC05A9204651
:10E7000000F0A4FB0020102803D0215C09F04FFE8C
:10E71000F9E75846314608F037F94046314609F0E6
:10E7200083FD0DB0BDE8000FF0BD00BF1C3E04002E
:10E73000F0B503AF2DE9000B9EB08146D0180D4611
:10E74000039015F8080B0C46CDE90122DFE810F024
:10E750000D001001A300D9005F0026013001EC007C
:10E760006001860046011000800001A8002101E13F
:10E7700001AE0B213046F6F731FFC043000640F0F2
:10E7800019820AF07CF800F0158294F87C2009F0D8
:10E7900089FF00F00F8294F87D10417002300290E2
:10E7A00095E80F000096E8F7E5FCC143090640F044
:10E7B0009B810AF064F800F0FD8194F82E100DF1B1
:10E7C000040800F8011B029004F128004146E8F714
:10E7D0001FFDC143090640F0878105F110030AF0CF
:10E7E00016FA00F0CA81DDE90256B54200F0E28176
:10E7F000012605F8016B0295CDF80080E8F7BAFC18
:10E80000C143090640F07081DDE90201BBE101A8C6
:10E810000421F6F7E3FEC043000640F0CB8101A8D7
:10E820004FF48071F6F708FFC043000640F0C28144
:10E83000DDE90260801BB0F5807FC0F0BB81611C08
:10E8400030464FF480721FF0C2F806F5807053E135
:10E85000627801A80C21E8F71FFD42E101A8092117
:10E86000F6F7BCFEC043000640F0A481D4E90223C1
:10E8700001A8E8F73FFCC143090640F03581216952
:10E8800004F114000DF1440C0022002401EB4101BD
:10E890004FEA410E11E101A80221F6F79FFEC043A5
:10E8A000000640F08781208A01A9E8F705FDC143F1
:10E8B000090640F01981D4E9022301A8E8F71AFCFF
:10E8C000C143090640F01081608A01A9E8F7F4FC11
:10E8D000C143090640F00881A08A01A9E8F7ECFCD1
:10E8E000C143090640F00081E08A01A9E8F7E4FC91
:10E8F000C143090640F0F880208B01A9E8F7DCFC51
:10E90000EFE001A80321F6F769FEC043000640F0DE
:10E9100051816078012840F0B880DDE90201814230
:10E9200000F048810121B6E001A80721F6F756FE64
:10E93000C043000640F03E81666801A83146F6F704
:10E940007BFEC043000640F03581C6EBC60504F1EE
:10E9500008060DF10408002D00F0D780304641462E
:10E96000E7F7DAFF073D0736C1430906F3D0BBE0FE
:10E9700001A80121F6F732FEC043000640F01A81DB
:10E9800002980399884200F01581217A00F8011B52
:10E990006168029001A8E8F7E3FBA2E001A8052165
:10E9A000F6F71CFEC043000640F00481601C11E035
:10E9B00001A80621F6F712FEC043000640F0FA80D7
:10E9C000601C01A9E7F7A8FFC143090640F08C804D
:10E9D00004F1080001A9E7F79FFF82E001A80A21DE
:10E9E000F6F7FCFDC043000640F0E48009F047FF65
:10E9F00000F0E080A27809F055FE00F0DB8061783D
:10EA0000417002300290E01C01A9E8F701FC68E0C7
:10EA100001A80821F6F7E2FDC043000640F0CA80D5
:10EA2000A01C01A9E7F778FFC14309065CD104F1F6
:10EA3000090001A9E7F770FFC143090654D104F1A9
:10EA4000100001A9E7F768FFC14309064CD104F1A2
:10EA5000170101A8E8F730FBC143090644D104F1CE
:10EA60001A0101A8E8F728FBC14309063CD109F0C7
:10EA700006FF00F09F80617F024602F8011B0399A8
:10EA80008A4200F09780617854E0DDE9020181421A
:10EA900000F090800021017001302DE0302A00F05C
:10EAA0009D800CEB0201B0F8036030F8063B0632A3
:10EAB000A1F8076001348D718B8096451CBF857865
:10EAC000FF2DEBD1119404AD11A9342209F082FB82
:10EAD000049E01A83146F6F7AFFDC04300062CD0D6
:10EAE0000220C143090606D0811EC9B20B2961D399
:10EAF000C1B203205FE00298019900295AD0401A60
:10EB00004FF0FF32C9E9002057E004F1240001A9C9
:10EB1000E7F702FFC1430906E6D194F82B0001286C
:10EB200024D109F0ACFE45D0012209F0BBFD41D053
:10EB300094F82C1041700230DEE706EB46002C1DE5
:10EB400001AD460086B120882946E8F7B5FBC143F0
:10EB50000906C6D1A01C2946E7F702FE063E063488
:10EB6000C1430906EED0BCE7FF20BAE709F087FEF3
:10EB700020D0002100F8011BBEE709F080FE19D06B
:10EB8000002200F8012B884214D094F8311000F8CC
:10EB9000011B94F83010029001A8F6F71FFDC04346
:10EBA000000607D1A66B01A83146F6F745FDC04324
:10EBB000000605D00020C9E900011EB009F03EBCE6
:10EBC000DDE9020204F13C01002E95D09042F1D023
:10EBD00011F8013B013E00F8013BF5E7024817211F
:10EBE000024A03F0B9F900BFF5FE03000CFF030071
:10EBF000F0B503AF2DE9F80F90F8806100F5B87813
:10EC000015468946C6F1100383469A4232D9F6B1B9
:10EC10002C484946009001A82A46F6F7B1FC2A4B39
:10EC2000304641461022DDE9014ADDE9039507F04F
:10EC3000F1F8264A53460092224604F0E1FE584677
:10EC4000414601224FF0010AF6F7CCF925B315F041
:10EC50000F064FEA151208BF10264FF0FF3008BF0D
:10EC600000EB151209EB021ABAB158464946F6F7FD
:10EC7000B9F912E0104B304609F0AAFD0F4B0246DD
:10EC80000C4611462846224607F07EFC0C4A2B46CD
:10EC900009F04EFB2E440AE000260D4B304641465B
:10ECA000102207F071FC0B4A334609F02BFD8BF85C
:10ECB000806109F0EBB900BFD03A0400E03A0400EB
:10ECC000F03A0400CCFC0300903A0400A03A04009F
:10ECD000B03A0400C03A040080B56F4609F0C4FFA2
:10ECE000002818BF012080BDD0B502AF0A4600F54C
:10ECF000B8710446FFF7BCFC0020C4E95800C4E921
:10ED00005A0084F88001D0BDF0B503AF2DE9000BA7
:10ED10000246888A938A146958400B6963401843F5
:10ED20004FF0000034D1937D8C7D6340DB072FD101
:10ED3000D2E9004ED2E90259D1E9006CD1E902389A
:10ED400048EA09004CEA0E0146EA0402084343EA95
:10ED50000501114344EA050208434EEA0901B0FAED
:10ED600080F04009114313D046EA03014CEA08023F
:10ED700011430DD084EA060085EA030108438EEAB8
:10ED80000C0189EA080211430843B0FA80F04009F7
:10ED900009F0BBBDD0B502AF04460878DFE800F04B
:10EDA0002D311D1911113D13111135113925112165
:10EDB000112911111111111111111111111111112B
:10EDC00011002070D0BD601C013109F02DFA072020
:10EDD000F7E7487860700320F3E748786070022016
:10EDE000EFE7486860600F20EBE7487860700D201F
:10EDF000E7E7488860801120E3E7487860700020EA
:10EE0000DFE7487860700120DBE709F0E2FE0A20C6
:10EE1000D7E709F0DEFE0C20D3E709F0DAFE062082
:10EE2000CFE780B56F468A68930105D4520108D4B4
:10EE3000BDE8804002F0B3BD0068BDE8804003F04B
:10EE4000BCB80068BDE8804003F0A8B9F0B503AFD6
:10EE50002DE9FF070DF10809214B804600200C68C1
:10EE600010224E688D68D1F80CA04946CDE9040007
:10EE7000CDE90200082007F087FB32BA2DBA530013
:10EE800024BA43EAD5731BBA0793630043EAD272EC
:10EE900012BA0692134A0823009206AA04F0B0FDA3
:10EEA00087209AFA8AF100EAE470082380EA410098
:10EEB00000BA0790680040EAD170082100BA0690B5
:10EEC0000948009009F1080006AA04F099FD40469F
:10EED000494609F0A9F908B0BDE80007F0BD00BF38
:10EEE000E0460400F046040000470400D0E9002397
:10EEF0009A4208D0D0B502AF144614F8011B046042
:10EF0000BDE8D04000E00421D01AB0FA80F04009FA
:10EF1000704780B56F46416831B101394160826800
:10EF20000168531C836000E00021104680BD80B55D
:10EF30006F460246D0E90010814202D0C81D09F098
:10EF400067BD002180BD80B56F460246D0E9001044
:10EF5000814203D001F10E0009F05ABD002180BDAD
:10EF6000F0B503AF4DF804BD0C460546D0E90001ED
:10EF70002246FAF79FF90E46F8F7B4FE30682146AC
:10EF80000130306028465DF804BBF0BDD0B502AF5B
:10EF9000044690423FBF621C08461146D0BD002087
:10EFA000214602F0FDFA80B56F46134641B149296A
:10EFB0003EBF0130013980BD0120482202F0F0FA45
:10EFC00001200021F9E780B56F4609F004FA1F22FD
:10EFD000BDE8804007F0D8BA80B56F4609F0FBF96C
:10EFE0002022BDE8804007F0CFBA80B56F4609F017
:10EFF000F2F90522BDE88040FFF7C8BF02780B7820
:10F000009A421CBF002070470131013022B1012A11
:10F0100009D10968006801E009880088401AB0FA3F
:10F0200080F04009704780B56F4609F01DFE09F079
:10F030000CBAD4D4D0B502AF024600780B7898420F
:10F040000BD1431E0120042B08D8DFE803F0030393
:10F05000070803004878517803E00020D0BD4888B5
:10F060005188081AB0FA80F04009D0BDB0B502AF9F
:10F070000446D0F800013F2808D2811CC4F80011D2
:10F0800054F8205004EB800041680EE007D1204680
:10F090000121D4F8FC50F9F74DFB216805E020462A
:10F0A0000221F9F747FBD4E900512846B0BDD4D47A
:10F0B000F0B503AF2DE9000BC2B081460478FF2004
:10F0C000C84608F8010BFF2C48D02C48D9F8086135
:10F0D0000068C00544D13068002846D14FF0FF30A9
:10F0E0003060307C60B1D1E9001206F5886003F031
:10F0F00036FD6846414640F207121EF068FC1AE0F1
:10F10000F568414640F2071205EB451006EBC000DA
:10F11000047619301EF05BFC681C011F18BF014605
:10F12000B068F160884204BF0120307406F5876042
:10F1300003F008FDFF2409F004FEFF2C07D0694608
:10F14000404640F2071289F800401EF040FCB4F13E
:10F15000FF0018BF012042B009F0D7BB0A4800E009
:10F16000074803F075F803F01DF9064803F064F84A
:10F1700006F076F803F0C8F903F014F904ED00E0A6
:10F18000AE000000C30000009D000000B0B502AF5B
:10F19000044631B10D462046FCF702F930B1013D7D
:10F1A000F9D12046BDE8B040FCF7FAB80020B0BD68
:10F1B000B0B502AF044631B10D462046FCF709F95F
:10F1C00030B1013DF9D12046BDE8B040FCF701B9AE
:10F1D0000020B0BDF0B503AF4DF804BD0446234890
:10F1E00003F008F8224803F005F894F85C0394F85B
:10F1F0005D53DFE800F0030D07090500002004E07F
:10F20000042002E0022004E0032003F02FF805E0D0
:10F21000012003F02BF8284601F03EF9B4F858031A
:10F2200000F090FFD4F8400302F0F8FF1148124EAE
:10F23000B047124894F86E53B04705F0010003F050
:10F2400015F804F5107006F03FFE94F85E0301F027
:10F2500007F90B48B04704F55170FCF769F8002036
:10F2600031465DF804BBBDE8F040084725020000C8
:10F27000FE01000013020000F52102000A01000057
:10F2800007020000BFB506AF0A460446002001F59C
:10F29000B8716D46CDE90200CDE9000010462A465E
:10F2A000FFF7E6F92046294608F0BEFFBFBD80B54E
:10F2B0006F46F6F78DF8D4D4F0B503AF2DE9000F03
:10F2C00089B0002900F09C80146801295568D3F8A2
:10F2D00000A09668D3F80490D3F808E0D3F80C8027
:10F2E0008AEA5403D26823F0AA3B89EA5503CDF891
:10F2F00020E023F0AA3C8EEA560323F0AA3E88EAD7
:10F300005203CDF81C8023F0AA3884EA4B0385EA27
:10F310004C04069482EA480284EA9304049224F09E
:10F32000CC3586EA4E04059582EA940222F0CC366A
:10F3300083EA8502039684EA8603029383EA121322
:10F3400023F0F033019382EA031202605BD0089B42
:10F350008BEA0A0589EA0C0902298EEA0306079B53
:10F3600089EA950288EA030C22F0CC328CEA9603F3
:10F3700023F0CC3385EA820586EA830888EA1516ED
:10F3800026F0F03A85EA0A1545603FD9DDE90565C2
:10F390006E40DDE90345032984EA050E8EEA161561
:10F3A00025F0F03586EA0516866032D082EA090239
:10F3B00083EA0C03042983EA121424F0F03482EA6D
:10F3C0000412C26028D9DDE9016272400261052998
:10F3D00025D08AEA08020629426123D9072985EA4D
:10F3E0000E0282611FBF84EA0301C16109B0BDE85A
:10F3F000000F18BFF0BD104A0720072102F016F9D0
:10F40000114A08F084FD0F4A08F05CFE074A09F033
:10F4100016FA0B4A08F0DBFF054A09F0C9F9074A5A
:10F4200009F0CEF9034A09F0CFF900BF50190400E2
:10F430007019040090190400A01904008019040038
:10F44000601904004019040030190400D0B502AF5F
:10F45000082A28BF08222AB108C9013A0468634073
:10F4600008C0F8E7D0BD80B56F46890051B1026889
:10F47000043982EA121303F00F2382EA03125A407E
:10F4800004C0F3E780BD8A4205D3592A3EBF00EB92
:10F490008100511A704780B56F4609F0B4FAD4D490
:10F4A000F0B503AF2DE9000F8DB0009005AD0E460D
:10F4B0002021284614461EF0EEF8082004F110031F
:10F4C0000290284608212246FFF7F6FE28463146DC
:10F4D00008220496FFF7BAFF05A8082100F0CEFA2B
:10F4E0000C984FF03F384FF0C03A4FF0F0394FF0E2
:10F4F0000F3BC4460AEAB00108EAB022114481EA8F
:10F50000000E09EA3E320BEA3E531A440B9B0AEA0C
:10F51000B30408EAB3252C4463405A4051400C918F
:10F5200009EA33310BEA335211440A9A0AEAB20368
:10F5300008EAB2252B445A40514061400B9109EA38
:10F5400032310BEA32521144099A0AEAB20408EA4B
:10F55000B2252819039080EA0204DDE907266140FC
:10F5600059400A910AEAB20308EAB2201844DDE9D8
:10F57000051580EA020809EA38320BEA385303EB32
:10F58000020B0AEAB5020CEAB52303EB020985EA8D
:10F59000090585EA0B034FF00F3B584007900CEA32
:10F5A000B1230AEAB10018444FF0F03C41400CEAA4
:10F5B00031330BEA31521A444FF03F3350400BEADB
:10F5C000345280EA0E0005900CEA343003EAB62388
:10F5D00010440AEAB6021A44039C82EA0603584021
:10F5E000604080EA0E0009900CEA33300BEA335396
:10F5F0001844DFF86C3480EA080050400BEA3552BA
:10F6000080EA0E0008900CEA353010444840029918
:10F6100080EA090080EA0E00069001F108080498CB
:10F620004246FFF730FF02460B4605A811461A4630
:10F63000FFF70CFFB8F1500F00F0848105A8DFF848
:10F640002424082190470C984FF0F03E4FF00F3CD7
:10F650000EEA30110CEA303211440B9A48400EEA9F
:10F6600032130CEA323423445A4082EA3044614077
:10F670000C910A990EEA31140CEA31352C4484EAD3
:10F68000010585EA3241099A59400B910EEA32117F
:10F690000CEA323303EB010B8BEA020A8AEA3543A8
:10F6A00063400A9305AE78CE0EEA35110CEA353286
:10F6B00011440CEA343281EA05090EEA34152A4471
:10F6C000544084EA3945694007910EEA33110CEA47
:10F6D000333529440CEA36354B4081EA3341414009
:10F6E00005910EEA3611294481EA060585EA3A4673
:10F6F00089EA354586EA0B06694046404140089153
:10F7000083EA3441D84B514008F108024840069042
:10F7100004984146D54C0996CDE90228A0470246F7
:10F720000B460DF1140B11461A46D14B584698471B
:10F73000CC4A5846082190470C984FF0FC3C4FF0BB
:10F7400003384FF0F03A4FF00F3B0CEAB01108EAE3
:10F75000B032114481EA000E0AEA3E320BEA3E530F
:10F760001A440B9B0CEAB31408EAB3352C446340EB
:10F770005A4051400C910AEA33310BEA335211449A
:10F780000A9A0CEAB21308EAB2352B445A405140A7
:10F7900061400B910AEA32310BEA32521144099A64
:10F7A0000CEAB21408EAB2352819019080EA020581
:10F7B000DDE90726694059400A910CEAB21308EACC
:10F7C000B2301844DDE9051480EA02090AEA393248
:10F7D0000BEA395303EB020B0CEAB41208EAB43318
:10F7E00003EB020A84EA0A0484EA0B034FF00F3B9E
:10F7F000584007900CEAB11008EAB13318444FF0B2
:10F80000F03C41400CEA31330BEA31521A4408EA29
:10F81000B63350400BEA355280EA0E0005900CEAF0
:10F820003530019D10444FF0FC3202EAB612DDF88B
:10F8300010801A4482EA06035840684080EA0E00AD
:10F8400009900CEA33300BEA33531844894B80EAB1
:10F85000090050400BEA345280EA0E0008900CEA8E
:10F860003430824C10444840029980EA0A0080EA11
:10F870000E000690039800F1100B40465A46A04730
:10F8800002460B460DF1140A11461A46784B5046B3
:10F890009847744A5046082190470C990B9ADDF816
:10F8A000249081EA3120DDE9075682EA3223DDE93E
:10F8B00005CE83EA304484EA31210C910A9981EA29
:10F8C000312484EA334383EA322289EA392383EA02
:10F8D00034440B9284EA31210A9185EA35218EEA7B
:10F8E0003E2484EA314282EA3522079286EA3622B1
:10F8F00082EA334381EA324183EA392381EA3621BD
:10F900004340414008918CEA3C21099381EA34420A
:10F91000594B4FEA314182EA3E2281EA3C21424082
:10F920004840059003985946069200F118024F4C42
:10F9300040460292A04708F05DFF1A464C4B5046E5
:10F940009847C9E505AC08212046FFF78CFD204605
:10F95000082100F093F80498082200F5A0712046D1
:10F96000FFF774FD0598DDE90631089C83EA500233
:10F97000049022F0AA30DDE909A680EA030884EAAF
:10F98000510323F0AA39039184EA0904029084EA1E
:10F99000980525F0CC3186EA5A0525F0AA3B81EA84
:10F9A00004028BEA0603DDE90B6484EA560525F0C0
:10F9B000AA356C4084EA930C2CF0CC30DDF800C002
:10F9C000444084EA121E2EF0F03E84EA0E04CCF885
:10F9D0001C4088EA810483EA800181EA141323F041
:10F9E000F0335940CCF8181082EA0E1184EA031063
:10F9F000CCF814108AEA4B03029986EA4504CCF845
:10FA0000100084EA9305049825F0CC356C4080EA18
:10FA10004100039981EA490181EA900222F0CC3247
:10FA2000514080EA820083EA850284EA111682EA64
:10FA3000101326F0F03623F0F03374405A4081EA78
:10FA4000061180EA0310CCF80C40CCF80820CCF862
:10FA50000410CCF800000DB0BDE8000FF0BD00BFF1
:10FA6000F01704007DFA01000018040087F401007B
:10FA70004DF401001018040020180400F0B503AF85
:10FA80002DE9000F93B0002900F06681012900F0F4
:10FA90006681022940F26681032900F0668104290B
:10FAA00040F26681052900F06681062940F26681F0
:10FAB00007291FBF8146D0F80080CDF83C804568FB
:10FAC0001FBF0D9500F1080416CC00F1140C1FBFE8
:10FAD0009CE8081884EA0100119085EA0C051FBF14
:10FAE000109585EA00060C9686EA020E1FBF8EEA84
:10FAF0000100129000EA060505951FBF83EA0B037B
:10FB00000993584007901FBF8CEA010283EA080A54
:10FB10008AEA04010E911FBF01EA080656404640DA
:10FB200086EA05081FBF8EEA0B058CEA04030893DA
:10FB300085EA030E1FBF0EEA030B00EA0206134616
:10FB40000A921FBF86EA0B01049188EA01080D9909
:10FB50001FBF8AEA010282EA030106910D921FBFCC
:10FB60000F9B129C5C400B941FBF04EA010685EAC0
:10FB70000601059C61401FBF80EA0E0403941198A2
:10FB800004EA00061FBF86EA0B0481EA040B8BEA35
:10FB9000080002EA0A061FBF09998EEA010585EAF4
:10FBA000060210991FBF05EA010672404A406240F2
:10FBB0001FBF02EA0B018EEA030409948AEA0C03D0
:10FBC0001FBF05931C406C4074401FBF84EA0C03A8
:10FBD000049C5C4084EA01061FBF06EA000383EA36
:10FBE000080B84EA020C81EA08031FBF03EA0C0336
:10FBF000594021404E401FBF06EA0B06704000905E
:10FC000000EA0A0C1FBF80EA0B06019635400495F6
:10FC10001FBF85EA0C08CDF8088083EA040A81EA50
:10FC2000020C1FBF8CEA0A0480EA04068BEA0A026F
:10FC300086EA02011FBF039D0D4085EA080003907C
:10FC40001FBF02EA0E0580EA0503119D29401FBF70
:10FC5000089D2A4081EA020ECDF844E01FBF0699B4
:10FC600004EA01058EEA050008901FBF0C9901EA1D
:10FC70000C0180EA010E8EEA03081FBFC9F81C8040
:10FC8000079906EA01080F991FBF01EA0A01129DB0
:10FC90000CEA050C8CEA01001FBF0F9088EA0001F6
:10FCA000109D01981FBF28401290414003981FBF2C
:10FCB00048401090059901EA0B011FBF4140DDF853
:10FCC000288006EA080672401FBF1D465A404A4077
:10FCD000C9F814201FBF0B9A224082EA0C02029C32
:10FCE0001FBF624082EA0E02C9F810200E9C1FBF9F
:10FCF0000AEA04030898434059401FBFC9F8081096
:10FD0000099901EA0B010F981FBF4140049B59401C
:10FD10000D9B1FBF00980340119843401FBF4B40ED
:10FD2000109883EA0004C9F804401FBF12984340AA
:10FD3000C9F8003082EA05031FBFC9F818305140E6
:10FD4000C9F80C1013B01CBFBDE8000FF0BD104A7D
:10FD50000720072101F06AFC114A08F0D8F80F4A81
:10FD600008F0B0F9074A08F06AFD0B4A08F02FFBCB
:10FD7000054A08F01DFD074A08F022FD034A08F075
:10FD800023FD00BFD0190400F0190400101A04006C
:10FD9000201A0400001A0400E0190400C01904002D
:10FDA000B0190400F0B503AF2DE9000FDDB00DF17F
:10FDB000140A0C4601904FF4B07150461DF06BFCD4
:10FDC0005046082122462346FFF776FA0AF1200E14
:10FDD00000200F264FF0FC354FF0F0394FF0C038BF
:10FDE0004FF0000B0A2800F09A800BF10801441C28
:10FDF0000490002010F1080208D0572E00F2E7808E
:10FE00000AEB80030138DA69DA63F3E7784B0BF128
:10FE10001002CDE9024E05A8044600F009F9FFF7EB
:10FE20002DFE20460BF11004724B08F0FFF800F095
:10FE30000BF90498082809D222460BF10804734BE9
:10FE400005A8214600F0F4F8049A34E06A4B05A8AE
:10FE500008F0ECF8024604980838884280F0C28026
:10FE600052F82010664B08F062FE05A808F0DEF894
:10FE7000024604980738884280F0B48052F8201077
:10FE8000604B08F054FE05A808F0D0F8024604982C
:10FE90000538884280F0A68052F820100BF1080443
:10FEA000594B08F044FE05A80BF11002214600F062
:10FEB000BFF8049A043A8A4280F0938050F82210E6
:10FEC000A446DDF80CE081F4404140F82210002106
:10FED000724608291BD00BEB0100B0F1580379D012
:10FEE000B0F1500378D010684FF00333013103EACA
:10FEF000B03052F8203C584005EA800309EA00146B
:10FF0000634008EA80146340584001C2E1E70EF103
:10FF1000200E0AF1200A08360298E34662E74FF005
:10FF2000020808250DF1140BDFF8F0903E4CB8F1F3
:10FF3000000F2ED005F10806374B584629463246A9
:10FF4000C84700F0ADF805F1100A354B5846314668
:10FF50005246C847FFF787FA324B05F11802584658
:10FF60005146C847890081B10268043982EA1213F8
:10FF7000234082EA03125A4082EA920303F03323B9
:10FF800082EA83025A4004C0EDE7A8F10108203557
:10FF9000CDE70BF59070082100F082F8234E102574
:10FFA000602D0AD0A5F1080158462A46334600F0D4
:10FFB0003FF800F049F80835F2E705A901984FF439
:10FFC000B0721DF05FFC5DB0BDE8000FF0BD074AE8
:10FFD000304403E00F4A01E00D4A0830582101F097
:10FFE00025FB1046054A01F021FB00BFC0170400A5
:10FFF000B0180400C0180400D01804002019040030
:020000022000DC
:10000000E0180400F018040000190400101904009E
:10001000E0170400D017040080180400310002002B
:1000200090180400A018040000030F0C70180400BE
:100030008A4205D3592A3EBF00EB8100511A70470E
:1000400080B56F4608F0DFFC80B56F46A9B1026845
:10005000D2430129026013D04268D243052942608D
:1000600011D94269D243062942611FBF8169C94340
:10007000816180BD074A08F0A7FB084A07F047FFE7
:10008000054A08F01FF8024A052001F0CFFA00BF28
:1000900050180400601804004018040030180400D0
:1000A000D0B502AF0A4A890081B10368043983EAF6
:1000B0001314144083EA0413634083EA930404F0A6
:1000C000332483EA8403634008C0EDE7D0BD00BF5A
:1000D000000C0F03D0B502AF0446044802F08AF8C2
:1000E0002046BDE8D04002F085B800BF0300000004
:1000F000B0B502AF0546044808F09EFB28462146ED
:10010000BDE8B04002F07FB806000000D0B502AFF5
:100110000446044802F06EF820461021BDE8D040A5
:1001200000F012BB0F000000D0B502AF0446044837
:1001300002F060F820460621BDE8D04000F004BB84
:1001400008000000D0B502AF0446044802F052F89F
:100150002046BDE8D040FFF7BDBF00BF0B01000047
:10016000B0B502AF0446764802F044F84FF0FF30D5
:1001700050FA84F1472900F253807248DFE811F009
:10018000D90048008400A000A4008A0092009400D6
:10019000AC00A80076008C0080006E0098009A00E9
:1001A000B200AE006A008200B8006C007E007400ED
:1001B0008E007000C400C2007A0086009E00880095
:1001C000CC007800B000CA006600A600640062009F
:1001D0007C0090005000B6004C0068009600A20021
:1001E0005000CE0050009C0060004E00D400C800BB
:1001F0005E00AA00B4005C00C000BA005000D80045
:10020000D200D600BC00BE007200C6004A00D0007A
:100210008F488EE04D488CE063488AE05B4888E078
:100220008C488D4DA8474648A8478C48A84720468B
:1002300002F01CF800207CE04E487AE0504878E05C
:10024000534876E05C4874E05C4872E05D4870E0DA
:1002500054486EE06D486CE069486AE0704868E0B8
:10026000634866E03B4864E0634862E06F4860E0F2
:1002700057485EE05B485CE04E485AE05F4858E013
:10028000684856E0604854E0704852E0544850E0F6
:1002900051484EE06A484CE063484AE0554848E01F
:1002A000434846E0654844E0634842E03C4840E05B
:1002B0005A483EE058483CE036483AE0474838E083
:1002C000614836E0354834E05E4832E03C4830E092
:1002D00057482EE029482CE056482AE04C4828E0B0
:1002E0003A4826E04B4824E0234822E02F4820E00B
:1002F00044481EE01D481CE018481AE0164818E063
:100300001B4816E0384814E0384812E0104810E066
:100310001C480EE02C480CE02E480AE01E4808E07D
:10032000094806E00F4804E0174802E00C4800E0E6
:100330000D4801F05FFF0020BDE8B04001F05ABF5A
:10034000140000004F0100002701000049010000D7
:100350004A01000033010000310100002E010000BD
:100360004D0100004B0100001301000017010000C7
:100370001E010000100100004C01000020010000DF
:100380001B010000250100004601000023010000C0
:10039000410100003F010000420100003701000060
:1003A000280100001201000038010000390100009E
:1003B0002101000036010000260100003E0100007E
:1003C0002F010000220100002C0100002B01000081
:1003D0002D01000040010000540100005201000006
:1003E0002A01000043010000440100004501000013
:1003F0005501000050010000350100003D010000E2
:100400001D0100003B0100003A0100003C0100001A
:100410002901000053010000150100001C0100002B
:10042000190100001A01000014010000160100006B
:1004300048010000180100001F0100003001000009
:10044000320100001101000034010000240100000D
:100450004E01000051010000F52102005D01000085
:10046000D0B502AF0446044801F0C4FE2046BDE802
:10047000D04001F0FBBE00BF15000000D0B502AFB8
:100480000446044801F0B6FE2046BDE8D04001F025
:100490006FBF00BF05000000D0B502AF044613488F
:1004A00001F0A8FE6FF0120050FA84F0072807D878
:1004B000DFE800F00414101A1A1A1A1212480EE09B
:1004C000E0B2052804D0292814BF0A480A4806E0EB
:1004D000074804E00A4802E0084800E009480078BC
:1004E000BDE8D04001F0C2BEFEDE00BF0901000041
:1004F00044E503008A45040089450400884504005A
:10050000983C0400C03B04004C3A0400D0B502AF54
:100510000446074801F06EFE60B2064901EB800018
:1005200050F8040C0078BDE8D04001F09FBE00BF39
:100530000F010000D44C0400D0B502AF9A4221BF95
:10054000D21ACC1880E81A00C26028BFD0BDBA68A1
:100550001321014800F06EF9C13B0400D0B502AF91
:1005600086B00446022A02D2002000210CE008488E
:100570000223009002A8FFF7DFFF029ADDE90410D2
:10058000A0601078527862706160207006B0D0BDB3
:10059000701A0400D0B502AF86B00446062A02D213
:1005A000002020700DE008480623009002A8FFF705
:1005B000C3FF0299DDE90402E2608A880968C4E9A0
:1005C0000012A06006B0D0BD701A0400D0B502AF12
:1005D00086B004465AB109480123009002A8FFF7EB
:1005E000ABFF0298DDE904120078A26001E0002070
:1005F00000216160207006B0D0BD00BF701A0400F9
:100600006FF31F30B0F5706F38BF704780B56F461D
:10061000024801F01DFE01F0C5FE00BF9900000078
:10062000D0B502AF86B00446022A02D20020207064
:100630000BE007480223009002A8FFF77DFF029914
:10064000DDE904020988A2602180606006B0D0BDA7
:10065000701A0400D0B502AF86B004466AB10878BB
:10066000013804280BD208480123009002A8FFF7A4
:1006700063FF07F010FE207004E0002001E04FF45B
:100680008070208006B0D0BD701A0400D0B502AFD3
:1006900086B0044662B1087808280BD208480123C6
:1006A000009002A8FFF748FF07F0F5FD207004E076
:1006B000FF2001E040F2FF10208006B0D0BD00BF57
:1006C000701A0400D0B502AF86B0044672B1087843
:1006D00002280DD209480123009002A8FFF72CFF41
:1006E00007F0D9FD00F00100207004E0022001E0D5
:1006F0004FF48170208006B0D0BD00BF701A040096
:10070000D0B502AF86B00446082A02D2002020707D
:100710000DE008480823009002A8FFF70DFF02999A
:10072000DDE90402E2600A684968C4E90021A060CA
:1007300006B0D0BD701A040080B56F460078BDE8E1
:10074000804001F0A8BCD4D4B0B502AF054605483E
:1007500008F072F82CB115F8010B01F087FD013C8F
:10076000F8E7B0BD1500000080B56F468A680068E4
:10077000930105D4520108D4BDE8804001F00FB9BF
:100780000068BDE8804001F018BC0068BDE880400A
:1007900001F004BD80B56F4690B0104B0792164A29
:1007A000CDE90003022005900D4804900D48069005
:1007B0000D48CDE902130F9002A9CDE90D0168465D
:1007C0000C900A480B9006A80A900948099004A8C2
:1007D000089008A9074800F02DF800BF20FE03008C
:1007E000EF2B04009EE5030025080200110802001B
:1007F000FD0702004CE003009004040080B56F4642
:100800000B46D0E900121846BDE8804000F0A4B8BD
:1008100080B56F46D0E90023D1E90001BDE88040F2
:1008200000F016B880B56F46D0E90002D268BDE886
:100830008040104780B56F4686B0CDE901010120A8
:10084000ADF8140001A8039003A8049203F09EF8E9
:10085000F0B503AF2DE9000F85B006469B468A46EA
:10086000D80764D115780020002D70D0DAF80C90EC
:100870004FF0000802E01578002D67D0541C68B2D4
:10088000B0F1FF3F07DD304621462A46C847002821
:100890005AD16219EFE7802D09D0C02D12D15BF833
:1008A0003800002104912021C6F2000131E0B2F8A5
:1008B0000140D51C304629462246C847002843D16E
:1008C0002A19D8E7E80703D12021C6F2000102E087
:1008D000D2F80110541DA8074CBF34F8022B002297
:1008E00068074CBF34F8023B0023280748BF34F8A0
:1008F000028BE80644BF0BEBC2008288A80644BF07
:100900000BEBC30083885BF83800ADF81230ADF80C
:10091000102003910BEBC801CDF808A04A6801A98B
:100920000196904780B908F101082246A3E74FEAF3
:100930005B031146DAF80CC030461A4605B0BDE834
:10094000000FBDE8F0406047012000E0002005B046
:10095000BDE8000FF0BDD4D4F0B503AF2DE9000F12
:1009600083B0D0F80890934619F0C05F00F0FA8089
:100970005FEAC90213D4BBF1100F33D2BBF1000FF1
:1009800067D04A1E4FF0000C5B4612F9016F16F15A
:10099000410FC8BF0CF1010C013BF6D1D1E0B0F81A
:1009A0000EC0BCF1000F2CD001EB0B034FF0000B7D
:1009B0000D46624609E0EF2D4FF0030588BF042580
:1009C0003544AE1B013AB3441DD09D421CD02E4687
:1009D00015F9014BB4F1FF3FF3DCE5B2E02DEAD2AB
:1009E000B51CEEE7CA1CCDF8049022F00308B1EB69
:1009F00008060BEB060C0CF0030208D14FF0000EBA
:100A000011E04FF0000B0022ACEB020C99E04C1E01
:100A10004FF0000E14F9013F13F1410FC8BF0EF162
:100A2000010E0136F6D34FEA9C090090A2B14FF6B1
:100A3000FC73C7F6FF7303EA0C0343445E1E0023F6
:100A400016F9015F15F1410FC8BF0133013AF7D123
:100A500003E04FF0000C74E0002303EB0E0C029156
:100A600010E000233FFA83F03FFA93F10844A9EB2A
:100A70000A090EEB8A081AF0030600EB00400CEBA3
:100A8000104C3CD1B9F1000F36D0B9F1C00FCA46B5
:100A900028BF4FF0C00A4FF47C7010EA8A03C646A4
:100AA000DFD00EEB0308AEF11005002355F8104F10
:100AB000D5E90110E643EA68F60946EA941424F001
:100AC000FE342344CC43E40944EA911121F0FE3181
:100AD0001944C343DB0943EA901020F0FE30084478
:100AE000D143C90941EA921121F0FE310B1805F1F9
:100AF00010004045DAD1B5E7DDF804901FE06FF053
:100B00000C00DDF8049000EA8A00B6007044002270
:100B1000031F53F8040F043E6FEA00014FEAD1119E
:100B200041EA901020F0FE300244F2D13FFA82F008
:100B30003FFA92F1084400EB00400CEB104C029994
:100B40000098828994450DD20291C9F34171A2EBBC
:100B50000C0A6FF35F590026DFE801F011020E1155
:100B600056460CE0D0E90002D3685A4603B0BDE80F
:100B7000000FBDE8F04018471FFA8AF14E08D0E98F
:100B800000544FF00008B0B21FFA88F1814208D239
:100B9000226928464946904708F101080028F2D00A
:100BA00014E002992846E3685A46984770B9AAEBC0
:100BB000060000261FFA80F8B0B240450BD2226929
:100BC00028464946904701360028F5D0012003B059
:100BD000BDE8000FF0BD0020F9E7F0B503AF2DE947
:100BE000000F85B00D46016840F2001E0291416879
:100BF000934680684FF000080490C0F2011E4FF049
:100C0000000A002001911AE006EB090010F8010C1F
:100C10000A38B0FA80F04009019B354606EB08011E
:100C2000049EA9EB0802DB68307002989847002800
:100C3000039840F2001EA046C0F2011E7CD1C007FE
:100C400078D12E46D3455DD3ABEB0A0106EB0A0003
:100C5000072909D8D3454FD00023C25C0A2A3DD0CA
:100C600001339942F9D147E0C21CB44622F0030295
:100C7000121A03D1A1F1080300220AE00023C65C86
:100C80000A2E2AD001339A42F9D1A1F108039A42DF
:100C900013D8865885186D6886F00A34AEEB0404C4
:100CA000264385F00A34AEEB040425432E40F64378
:100CB00016F0803F01D10832E9E7914220D0ABEB3A
:100CC00002038118A3EB0A060023CD5C0A2D03D092
:100CD00001339E42F9D113E0134466460AEB030147
:100CE00001F1010A5945ADD2C05C0A28AAD1002001
:100CF0005446D14603900BE0DA46C34504D119E0CF
:100D0000DA466646C34515D0012044460390D946CD
:100D10000498007848B101984FF69C71C0F2030125
:100D20000422C3680298984730B9C1457FF46CAF7C
:100D3000002071E7002000E0012005B0BDE8000FB1
:100D4000F0BDF0B503AF4DF8048D8568D0E90046DD
:100D5000287878B14FF69C72F368C0F20302884697
:100D60001146204604229847414618B101205DF8FB
:100D7000048BF0BDA1F10A003269B0FA80F040099D
:100D8000287020465DF8048BBDE8F040104780B520
:100D90006F4613460A4642F69C31C0F20401BDE894
:100DA0008040FFF755BDD4D4F0B503AF2DE9000F57
:100DB00087B086681C46D7E902CA4FF02B0B16F4A1
:100DC00000154FF0010308BF4FF0FF3B002918BF8B
:100DD0006B0D03EB0A0808BF4FF02D0B310202D454
:100DE0000021069112E023465CB1541E00219E466C
:100DF00014F9015F15F1410FC8BF0131013BF7D173
:100E000001E09E460021884474460692B0F80C909A
:100E1000C84511D2F101CDE904CA23D4C6F341710A
:100E2000A9EB08036FF35F564FF00009DFE801F00C
:100E300051024E0299464CE0D0E900565A460094C1
:100E40003146069BE046284600F080F8002864D131
:100E5000F36828464146524607B0BDE8000FBDE89A
:100E6000F0401847D0E902515A46D0E900A6029155
:100E70000021C9F6E0710390294041F0005141F092
:100E80003001816000945046069B314600F05EF8C8
:100E9000002842D1A9EB0800AB46002485B2A0B2DD
:100EA000A84207D2326950463021904701340028C9
:100EB000F5D032E0DDE904125046F368984760BB94
:100EC000DDE90210C0E902B1002027E099B24FEA43
:100ED0005109D0E900584FF0000A03931FFA89F036
:100EE0001FFA8AF1814209D2D8F8102028463146EB
:100EF00090470AF1010A0028F0D00EE0009428463D
:100F0000069B41465A4600F021F830B9DDE904124B
:100F10002846D8F80C30984720B1012007B0BDE82A
:100F2000000FF0BD03980024A0EB09001FFA80F920
:100F3000A0B24845C8D2D8F810202846314690477C
:100F40000134014601200029F2D0E7E7F0B503AFF4
:100F50004DF8048DD7F8088006461C460D46501CF7
:100F600008D02B6930461146984718B101205DF82A
:100F7000048BF0BD44B1EB683046214642465DF833
:100F8000048BBDE8F040184700205DF8048BF0BDED
:100F9000272919D8DFE801F0141E1E1E1E1E1E1E72
:100FA0001E92841E1E8E1E1E1E1E1E1E1E1E1E1E17
:100FB0001E1E1E1E1E1E1E1E1E1E961E1E1E1E886F
:100FC000002143F25C0289E05C2903D1002145F64F
:100FD0005C4283E0A1F120035F2B78D3F0B503AF2F
:100FE0004DF804BD84B0202924BFA1F17F03212B3B
:100FF0000AD3A1F56043B3F5C85F22BFA1F5702302
:101000004FF6FE76B34272D241F2E8330A0DC0F2D7
:101010000403C1F303459E5C01F00F0213F805E0E1
:1010200013F802C0C1F30322C1F30334C1F3031563
:101030009A5C41F001011C5D5B5D8DF80A20B1FAFC
:1010400081F28DF80B3001AB00258DF80760910817
:101050007B268DF80650ADF804508DF809408DF8C8
:1010600008E05E546FF0010101EB92015C2603EB96
:1010700092025E5475237D2602F8013CDDE90123CE
:101080008DF80D608DF80CC0BDF80C60C0E9002330
:101090000A22068104B05DF804BBBDE8F04023E0FD
:1010A000002146F65C6219E0D20510D5002142F21B
:1010B0005C7213E0002147F25C220FE0002147F24E
:1010C0005C420BE022F07F42B2F5803F03D2016028
:1010D0008122802108E0002142F25C22C0F8061043
:1010E000C0F8021002800222427301737047202967
:1010F0008AD0A1F58013B342FFF486AF85290ED2C2
:10110000044608460D4600F040F9024629462046AE
:10111000002A3FF479AF016081228021BAE70446BA
:1011200008460D46164600F02AF802462946204693
:10113000002A7FF469AFB1F5407F0BD3F20709D0E5
:10114000084600F04DF8024629462046002A7FF462
:101150005BAF01E0AC29D3D9084600F0B6F80246EF
:1011600029462046002A7FF44FAF084600F040F998
:10117000024629462046002A7FF446AFC0E780B5E4
:101180006F46020A014600201F2A05DC7AB1162AA2
:101190001CD1A1F5B45006E0202A18D0302A18BF7F
:1011A00080BDA1F54050B0FA80F0400980BD6FF0DD
:1011B00084006FF09F0250FA81F052FA81F1B0FA88
:1011C00080F0B1FA81F140094909084380BDC8B2F5
:1011D00043F22811C0F20401085CC0F3400080BD56
:1011E00080B56F4640F6AB62102142F6586EC0F2F1
:1011F0000102904238BF002101F1080CC0F2040E38
:1012000000225EF82C30DB02B3EBC02F98BF6146A2
:1012100001F1040C5EF82C30DB02B3EBC02F98BF59
:10122000614601F1020C5EF82C30DB02B3EBC02FFB
:1012300098BF614601F1010C5EF82C30DB02B3EB84
:10124000C02F98BF614601F1010C5EF82C30DB0223
:10125000B3EBC02F98BF61465EF821304FEAC32C34
:10126000BCEBC02F38BF0122C3029C4508BF01322E
:1012700053181F2B5EF823100EEB830E4FEA5151CB
:1012800006D8DEF804204FEA525C1BB9002305E0C3
:1012900040F2FF2C5EF8043C6FF35F53CA4312EB3D
:1012A0000C020FD0C01AACF1010E42F63C0C002328
:1012B000C0F2040C1CF801201344834202D801310F
:1012C0008E45F7D101F0010080BD80B56F46062143
:1012D00042F6DC6EB0F57E4F38BF002101F1030C01
:1012E000C0F2040E00225EF82C30DB02B3EBC02FFC
:1012F00098BF614601F1010C5EF82C30DB02B3EBC4
:10130000C02F98BF614601F1010C5EF82C30DB0262
:10131000B3EBC02F98BF61465EF821304FEAC32C73
:10132000BCEBC02F38BF0122C3029C4508BF01326D
:1013300053180A2B5EF823100EEB830E4FEA51511F
:1013400006D8DEF804204FEA525C1BB9002305E002
:101350004FF0230C5EF8043C6FF35F53CA4312EB6B
:101360000C020FD0C01AACF1010E42F63B3C002338
:10137000C0F2040C1CF801201344834202D801314E
:101380008E45F7D101F0010080BDB0F55E7F3CBF16
:101390000120704701464FF6FE70C0F20300814203
:1013A00007D280B56F46084600F085F880F001004E
:1013B00080BD01220120C0F20E02914208BF704799
:1013C00001F1FF2202F5710202F1E003602B07D365
:1013D000F02A22BFA1F570234FF6FE72934200D28D
:1013E0007047A1F580110020914238BF012070475D
:1013F00080B56F4641F2BD02052142F60C7EC0F277
:101400000102904238BF002101F1030CC0F2040E2A
:1014100000225EF82C30DB02B3EBC02F98BF614690
:1014200001F1010C5EF82C30DB02B3EBC02F98BF4A
:10143000614601F1010C5EF82C30DB02B3EBC02FEA
:1014400098BF61465EF821304FEAC32CBCEBC02F39
:1014500038BF0122C3029C4508BF01325318092B33
:101460005EF823100EEB830E4FEA515106D8DEF8DA
:1014700004204FEA525C1BB9002305E04FF02B0C0F
:101480005EF8043C6FF35F53CA4312EB0C020FD0BB
:10149000C01AACF1010E42F65E3C0023C0F2040C0F
:1014A0001CF801201344834202D801318E45F7D144
:1014B00001F0010080BD80B56F464BF2FC221B217C
:1014C00042F6805EC0F20102904238BF002101F175
:1014D0000D0CC0F2040E00225EF82C30DB02B3EBE0
:1014E000C02F98BF614601F1070C5EF82C30DB027B
:1014F000B3EBC02F98BF614601F1030C5EF82C30AE
:10150000DB02B3EBC02F98BF614601F1020C5EF81D
:101510002C30DB02B3EBC02F98BF614601F1010C08
:101520005EF82C30DB02B3EBC02F98BF61465EF84B
:1015300021304FEAC32CBCEBC02F38BF0122C302BD
:101540009C4508BF01325318342B5EF823100EEB74
:10155000830E4FEA515106D8DEF804204FEA525C60
:101560001BB9002305E040F2B55C5EF8043C6FF364
:101570005F53CA4312EB0C020FD0C01AACF1010E3C
:1015800042F2872C0023C0F2040C1CF80120134403
:10159000834202D801318E45F7D101F0010080BDB0
:1015A00080B56F4686B0904210D9CDE9000241F671
:1015B0009F1001A9C0F202000590CDE90301684621
:1015C00002904FF2AE20C0F2030024E0914212D804
:1015D000884210D9CDE9000141F69F1001A9C0F25F
:1015E00002000590CDE90301684602904EF60C30EA
:1015F000C0F203000FE041F69F10CDE90012C0F2E7
:10160000020001A905900390684602904FF2251050
:101610000491C0F2030002A91A46FFF70BF980B546
:101620006F4649000131FFF705F9D4D4FEB506AF86
:10163000CDE90001694605480590CDE9030101A8FF
:10164000029002A90248FFF7F5F800BF9F190200B7
:1016500096EC0300F0B503AF2DE9000F89B0984672
:10166000034600794FF0010900284FF001006CD1CA
:101670001D689A46D7F808B05B79A87A00062DD481
:101680000C4642F68931934642F68C32C0F2040190
:10169000D5E90006C0F20402002B18BF1146F3681A
:1016A0004FF0030218BF0222984700284BD1D5E91A
:1016B00000015A46CB6821469847002843D1D5E916
:1016C00000010222CB6842F68E31C0F20401984735
:1016D000C8BBBA6840462946904735E073B9D5E99A
:1016E000000342F69036DB68C0F204060C46314631
:1016F0001646032298472146324620BB0120D5E9F1
:10170000003607F82D0CA7F12D00039042F69C300F
:10171000C0F20400D5E90245069001A80590CDE984
:101720000745CDE90136FFF758FA60B942F68E3128
:1017300001A8C0F204010222FFF74FFA18B905A967
:101740004046D84748B1012053461871184683F8DF
:10175000059009B0BDE8000FF0BDDDE905010222EA
:10176000CB6842F69331C0F204019847ECE701469A
:1017700000794A79002A08BF704710B1012008712A
:101780007047D0B502AF08680C46817A090608D4C4
:10179000D0E900010222CB6842F69731C0F2040181
:1017A00007E0D0E900010122CB6843F6A811C0F29E
:1017B000040198472146BDE8D04008717047F0B554
:1017C00003AF2DE9000788B0D0E900450646D5F8FB
:1017D0000CA098462046D04720B1012008B0BDE8B3
:1017E0000007F0BDB07AD7F80890000615D443F68C
:1017F0006F112046C0F2040101220125D0470146A5
:1018000028460029EAD140463146C8470028E4D19D
:10181000D6E90040D0F80CA02CE042F695312046E5
:10182000C0F204010222D047014601200029D5D18F
:10183000A7F1290142F69C3207F8290CC0F20402F4
:10184000CDE90151D6E90201CDE9060104A90592CD
:101850006A46404600940492C8470028BDD1DDE99D
:1018600004010222CB6842F69331C0F2040198478A
:101870000028B2D143F670112046C0F204010122C3
:10188000D047ABE7B0B502AF84B01C460546D0E9FF
:101890000003DB68984707F1080C00218DF80C0065
:1018A00002A89CE80C108DF80D1021460295CDF889
:1018B00000C0FFF7CFFE9DF80D209DF80C10012A07
:1018C00042EA010008BF5FEAC17115D10298817A2E
:1018D000090608D4D0E900010222CB6842F697310C
:1018E000C0F2040107E0D0E900010122CB6843F611
:1018F000A811C0F20401984700F0010004B0B0BD87
:10190000B0B502AF84B01C460546D0E90003DB68E1
:1019100098478DF80C004EF623600021C0F20100BC
:101920008DF80D1041F20051009002A8C0F20401A0
:10193000082223460295FFF78DFE40F26971BB68CD
:10194000C0F202010622009141F21C51C0F20401D2
:10195000FFF780FE9DF80D209DF80C10012A42EA49
:10196000010008BF5FEAC17115D10298817A0906AA
:1019700008D4D0E900010222CB6842F69731C0F2C8
:10198000040107E0D0E900010122CB6843F6A81169
:10199000C0F20401984700F0010004B0B0BDF0B5FA
:1019A00003AF2DE9000F87B0046842F6F1300D4611
:1019B000C0F20400B4F57A7F38D349F27F68A7F10A
:1019C000260E002342F2107941F27B4A4FF0640B5D
:1019D000C0F298082146039502940A4641F25971D3
:1019E000CDF2B7110EEB0304A2FB0116043B4245F6
:1019F0004FEA563101FB19261FFA86FC4FEA9C0577
:101A000005FB0AF54FEA554505FB1B6630F81550F6
:101A1000E580B6B230F816602681DED8DDE90245F1
:101A20000A33092906D80A46ACB915E00A2321462B
:101A30000929F8D98AB241F27B469208023B7243E7
:101A40006426520C02FB1611A7F1260689B230F863
:101A50001110F15204B132B100EB4200013BA7F189
:101A600026014078C854A7F12601C3F10A001944A1
:101A70000122CDE90010284601210023FFF794F947
:101A800007B0BDE8000FF0BD80B56F4682B0D7F853
:101A900008C0CDF800C000F000F880B56F468EB0E9
:101AA0009446BA688C45CDE902C3049100F22A81BC
:101AB0008B423AD89C4500F23681BCF1000F06D02B
:101AC0008C4504D210F90CE01EF1410F3EDD63B3EA
:101AD0008B422AD210F903C01CF1410F25DCA3F17F
:101AE000010C10F90CE01EF1410F08DCA3F1020C0F
:101AF00010F90CE01EF1410FD8BFA3F1030C99427D
:101B000000F0F98010F903E01EF1410F03DC01330E
:101B10008B42F4D30B469C45CDE905C398BF8B425D
:101B20003CD900926246FFF7AFFF41F69F1004A92F
:101B3000C0F202000A910B9008A9099003A808902E
:101B40004FF63810C0F20300FEF774FEACF1010E40
:101B500010F90E3013F1410F08DCACF1020E10F950
:101B60000E3013F1410FD8BFACF1030E614500F008
:101B7000C28010F90C3013F1410F04DC0CF1010CA0
:101B80008C45F3D38C46E645CDE905EC98BF8C45F2
:101B900037D9009272466346FFF776FF8C450ED028
:101BA000BCF1000F04D010F90CE01EF1410FB8DDBC
:101BB0008B4204D010F903E01EF1410FB1DD9C45CA
:101BC00032D000EB0C0191F90030B3F1FF3FD8B2F5
:101BD00055DC4B7800F01F0CE02803F03F0E46D395
:101BE0008B78F02803F03F0343EA8E1345D3C8787F
:101BF0000CF0070100F03F0040EA831040EA81400A
:101C00003DE08E450ED0BEF1000F04D010F90E302D
:101C100013F1410FBDDD8C4504D010F90C3013F1E8
:101C2000410FB6DDE64502D1104600F04FF900EB5A
:101C30000E0191F90030B3F1FF3FD8B23EDC4B7892
:101C400000F01F0CE02803F03F0E13D38B78F02830
:101C500003F03F0343EA8E132ED3C8780CF007013C
:101C600000F03F0040EA831040EA814026E04EEA5F
:101C70008C1004E04EEA8C1020E043EA0C30079010
:101C800041F6AB50C0F2020008A90D9005A80C90D7
:101C900041F64950C0F202000B9007A80A9041F6A5
:101CA0009F10C0F20200099003A808904EF2E020B5
:101CB000C0F20300FEF7BEFD43EA0C30079041F688
:101CC000AB50C0F2020008A90D9005A80C9041F697
:101CD0004950C0F202000B9007A80A9041F69F10ED
:101CE000C0F20200099002A808904EF28E20C0F2C5
:101CF0000300FEF79FFD42F6B4320846C0F204022C
:101D0000FFF794FC41F69F1004A9C0F20200CDE950
:101D1000090108A90B9002A808904FF27120C0F2A7
:101D20000300FEF787FD41F69F1003A9C0F20200F1
:101D3000CDE9090108A90B9002A808904EF2D460E1
:101D4000C0F20300FEF776FDF0B503AF4DF8048D49
:101D500084B0D1E900460546D6F8108027212046F8
:101D6000C04708B101201CE029686D46284640F2B2
:101D70000112FFF70DF99DF80D00812805D3009998
:101D80002046C0470028EDD108E09DF80C20F368FC
:101D9000A918821A204698470028E3D12046272117
:101DA000C04704B05DF8048BF0BDF0B503AF4DF84B
:101DB00004BD84B0054688680C46810107D4400103
:101DC00016D428462146FFF7EAFD98B33CE029687F
:101DD00041F2E83202A80726C0F20402334601F0BD
:101DE0000F060909965DC654A3F10106F6D10FE06E
:101DF000296841F2783202A80726C0F2040233466D
:101E000001F00F060909965DC654A3F10106F6D14B
:101E1000591C42F63A72C1F109011844C0F2040299
:101E20000223CDE90001204601210126FEF7BCFF77
:101E3000002846D1D4E900010222CB6842F638716D
:101E4000C0F20401984708B101263AE0A168281DB4
:101E50008A0105D4490114D42146FFF7A0FD2FE0E3
:101E6000016841F2E83202A80726C0F204023346B4
:101E700001F00F060909965DC654A3F10106F6D1DB
:101E80000FE0016841F2783202A80726C0F204028E
:101E9000334601F00F060909965DC654A3F1010609
:101EA000F6D1591C42F63A72C1F109011844C0F248
:101EB00004020223CDE9000120460121FEF774FF50
:101EC0000646304604B05DF804BBF0BD80B56F46F1
:101ED000024642F6C430C0F204002B21FFF79FFBFC
:101EE00080B56F4684B0024641F60570C0F202002C
:101EF00001A90290781E01904EF69600C0F20300F0
:101F0000FEF798FC80B56F46084642F67071C0F245
:101F100004011822BDE88040FEF71EBD80B56F4663
:101F200084B0024641F64170C0F2020001A902905D
:101F3000781E01904EF69600C0F20300FEF77AFC80
:101F400080B56F46084641F6F671C0F204012022C2
:101F5000BDE88040FEF700BD80B56F4684B0CDE996
:101F6000000140F2FD70C0F2020002A90390684631
:101F700002904EF69600C0F20300FEF75BFC80B5BF
:101F80006F4688B08DE80F0002A84DF65E7CD7F84A
:101F900008E040F62504069040F2FD70C0F2020011
:101FA000C0F2030C0590684604A9C0F20204049034
:101FB000604672460794FEF73DFC80B56F4684B0DC
:101FC00041F2E8330DF1080E8C460722C0F20403FB
:101FD000114600F00F0200099A5C0EF80120A1F1F1
:101FE0000102F5D1481C42F63A72C0F10900714471
:101FF000C0F204020223CDE9001060460121FEF781
:10200000D3FE04B080BD80B56F46024642F6B940AB
:10201000C0F204003321FEF70DFC80B56F46024686
:1020200042F6D240C0F204007321FEF703FC80B5F3
:102030006F46024642F60B50C0F204003F21FEF705
:10204000F9FB80B56F46024642F62A50C0F2040002
:102050006121FEF7EFFB80B56F46024642F65A500B
:10206000C0F204004721FEF7E5FB80B56F4686B05D
:10207000CDE9001041F69F1001A9C0F202000590C1
:10208000CDE90301684602904EF2FB6002A9C0F25E
:102090000300FEF7CFFB80B56F4684B042F6F13CFB
:1020A000C2B2C0F2040C0A2A0ED329235A43130BDE
:1020B000642203FB1202D2B23CF8122027F8022C51
:1020C0000122000604D105E003220346000601D0E8
:1020D000180607D003F07F00013AFB1E0CEB40000E
:1020E00040789854C2F10300FB1E1A440023CDE946
:1020F0000020084601210122FEF756FE04B080BDF3
:1021000080B56F4684B041F27833A7F1020EC2B2B7
:102110008C460120C0F20403014602F00F001209B0
:10212000185C0EF80100A1F10100F5D1481C42F63F
:102130003A72C0F103007144C0F204020223CDE9F7
:10214000001060460121FEF72FFE04B080BD80B56F
:102150006F4684B041F2E833A7F1020EC2B28C465A
:102160000120C0F20403014602F00F001209185CBE
:102170000EF80100A1F10100F5D1481C42F63A72B7
:10218000C0F103007144C0F204020223CDE9001043
:1021900060460121FEF708FE04B080BD80B56F46A1
:1021A00084B041F278330DF1080E8C460722C0F25C
:1021B0000403114600F00F0200099A5C0EF801209A
:1021C000A1F10102F5D1481C42F63A72C0F10900B2
:1021D0007144C0F204020223CDE9001060460121DF
:1021E000FEF7E2FD04B080BD80B56F46FEE780B526
:1021F0006F4680BDE0B502AF27F8020CB81E022181
:1022000000F0B0F98CBDB0B502AF06F0E3FB284694
:102210002146BDE8B04000F0A5B9D4D4D0B502AF96
:1022200004460448FFF7E6FF2046BDE8D04000F032
:102230009FB800BF0C000000D0B502AF044600F00C
:1022400047F92046FFF7D6FFBDE8D04000F0D8BDE3
:10225000D0B502AF044600F03BF92046FFF7CAFFB5
:1022600000F0CEFDBDE8D04000F04EB9E0B502AFC1
:1022700007F8010C781E012100F074F98CBDD4D44C
:10228000FEB506AFCDE901010748049001A8074952
:102290000390781E03AA00F015F80548012100F00C
:1022A00061F906B080BD00BFB522020096E80300C8
:1022B000882F040080B56F46D0E90002D268BDE8DF
:1022C0008040104780B56F4613460A460249BDE874
:1022D0008040FEF7BDBA00BF8C2F040080B56F466A
:1022E0000846114600F03EF9002080BDBCB504AFA1
:1022F00000208029019003D28DF8041001212FE0E5
:102300001A4B0A46880963F39F12B1F5006F07D292
:1023100040F0C0008DF805208DF8040002211FE078
:1023200063F39F100C0B0025B5EB114F09D18DF80D
:10233000050044F0E0008DF8062003218DF804002C
:102340000EE06FF00F0545EA91418DF8041004216D
:1023500063F39F148DF807208DF806008DF8054073
:1023600001A800F0FFF80020BCBD00BFFEFFFF0386
:10237000E0B502AF019001A8042100F0F3F88CBD94
:10238000E0B502AFCDE900016846082100F0EAF8A7
:102390008CBDF8B504AF8DE80F006846102100F041
:1023A000E1F88FBD80B56F4602480E21024AFFF763
:1023B00036F900BFA42F0400B42F0400F0B503AF1A
:1023C0004DF804BD104D04461049114EE86A00F066
:1023D0000300022808BF0E460021C8070CD105F1F2
:1023E000180021460122B04700210028F5D001281D
:1023F00004D101340121F0E705F091BF054B012123
:102400000122FFF7CDF800BF107903201924020044
:102410004924020020300400F0B503AF4DF804BD9C
:1024200082B072B10569C368DE43EC1A04F2FF346E
:1024300088BFAC19BFF35F8F1CB1009400F00FF898
:1024400000E0002005F08EBDDCB504AFC3684FF49A
:102450008064BFF35F8F009400F001F8DCBDF0B53D
:1024600003AF2DE9000B8146B868144688469042B8
:1024700038BF0446E518B5F5806F0ED9D9F80400C9
:10248000C3F580664146184432461BF0A0FAD9F8DD
:10249000040008EB0601A21B04E0D9F80400414641
:1024A000224618441BF093FABFF35F8F6FF39F250A
:1024B000C9F80C502046BDE8000BF0BDE0B502AFF6
:1024C00005F01CFF8CBDE0B502AF05F017FF8CBD19
:1024D000E0B502AF01F072F908494A784AB9012221
:1024E0004A708870C87818B90020CA7005F006FFD5
:1024F0008CBD03483D21034AFEF79CF9F8E6032012
:10250000C42F0400E42F0400B0B502AF124C607871
:10251000E0B1207978B1072808D24FF0FF3101FAF5
:1025200000F06179084300F07F0002E0793060F04C
:102530007F00FFF7C8FF00200025FFF7C4FFA5803C
:10254000A0786570BDE8B04001F06EB9034839214C
:10255000034AFEF76FF900BFF8E60320F42F0400EA
:1025600010300400F0B503AF2DE9800FDFF88C9038
:1025700000EB010B04464FF0010899F8046099F84C
:1025800005A05C4537D0651C14F8010BF1B2072992
:102590000BD378B1FFF792FF013689F80460F0B2EF
:1025A0008628EED1FF202C4608E078B1FFF786FFA1
:1025B000504612E006F1790060F07F00FFF77EFFE1
:1025C0004FF0000A0026A9F804A0DAE708FA01F0A3
:1025D00040EA0A0089F80500824601362C46F1B22D
:1025E00089F804600729CCD107264FF0000A2C4651
:1025F0000106C6D0E2E705F0F0BF00BFF8E6032011
:1026000080B56F460268CA61134650E8002F9A42AF
:102610000AD1BFF35F8F40E800133BB90123002BC1
:10262000BFF35F8FEFD003E0BFF32F8F0023F6E7F8
:10263000B2FA82F0400980BD80B56F460862FFF7AC
:10264000DFFF00B140BF80BD80B56F460146014845
:1026500080BD00BF30300400D0B502AF0146193054
:102660000123BFF35F8FD0E84F2FC0E8443F002C19
:10267000F9D1BFF35F8F02B1D0BD086AFFF7C0FF89
:102680000028F9D040BFD0BD80B56F4680BDD4D4FE
:1026900080B56F46D1E900016822CB680149BDE8E9
:1026A00080401847403004000168064A914204BF48
:1026B0004068704780B56F460348FFF7C9FDFFF7D4
:1026C00071FE00BF303004009A000000F0B503AF87
:1026D0002DE9800F2C4C00262C4D4FF00108082EC0
:1026E0000CD055F8260030B108FA06F0C5F80802FB
:1026F000204600F053FA01360834F0E7E86FB8B32B
:102700004FF0000A0126C5F87CA00021244DBAF143
:10271000080F2DD01E484FEA4118013150F80A40E9
:102720000AF1040AD4F820950091CB46BBF1000FC2
:102730001AD09BFAABF0B0FA80F120291AD204EB40
:102740008100D0F8002722F44032C0F8002741EA87
:102750000800302813D205EBC00006FA01F12BEA7D
:10276000010B00F01BFAE1E7C4F820950099CEE7D1
:1027700005F033BF07481D21074AFEF750FF074AFF
:102780003021FEF753FF00BF30DC03200061004022
:10279000C8140400B8300400F830040018310400F4
:1027A000B0DA0320F0B503AF4DF804BD1E4D286824
:1027B000012803D10020286000F03EF8A86C012811
:1027C00003D10020A86400F037F8E86B012828D175
:1027D0000020E86300F0F2FF04464FF48030C5F8B3
:1027E00004024FF0FF30114D124EC5E900001048B1
:1027F00000F044F800F050F8024605F10C000B46DA
:1028000000F00EFBAA680132AA6000F059F8002817
:102810003046EDD020465DF804BBBDE8F04001F045
:1028200003B805F07CBD00BF0411014040790320CE
:10283000D8300400E8300400D0B502AF00F0BEFF8D
:102840000C494FF440040A6901320A61530A14EB3F
:10285000C252D1E9001443F10003891A74EB030159
:102860003EBF05494FF480320A60BDE8D04000F019
:10287000DBBF00BF407903200413014005498A688B
:102880001AB94FF0FF308860704780B56F46FFF788
:1028900027FB00BF4079032080B56F460648074AF2
:1028A0000069126800F0010182EAC151420A11EB8D
:1028B000C05042F1000180BD407903200415014061
:1028C000F0B503AF2DE9800FDFF88C808A46234CEA
:1028D00083464FF48039C8E900BAFFF7DDFFB0EB5B
:1028E0000B024FF0000671EB0A0238BF012624D21A
:1028F000C21C41F100032546BBEB02047AEB030343
:1029000028BF5A46BBEB00006AEB0101B0F540005E
:102910002C4622F07F4271F10000C5F83C2214D20F
:10292000C4F80090FFF7B8FF023041F10001BBEBA3
:1029300000007AEB0100D0D30AE04FF480306060F1
:102940004FF0FF30C8E9000002E04FF480306060D3
:102950003046BDE8080FF0BD407903200413014064
:1029600080B56F464FF0FF32BDE8804000F000B800
:10297000B0B502AF046802EA010304EA02059D4211
:1029800001D10120B0BDE4431C421BD10E4C0125F6
:10299000EFF3108372B6C4F804512568ED07FCD03C
:1029A00061EA02010160BFF34F8F2068C007FCD0CD
:1029B0000020C4F804012068C007FCD0002083F385
:1029C0001088B0BD0220B0BD00E4014080B56F4664
:1029D0000648BFF34F8F064A016801F4E0611143D6
:1029E0000160BFF34F8F00BFFDE700BF0CED00E0BB
:1029F0000400FA0580B56F460849007801F540717A
:102A000020283CBF40F21051C5F20001096800F0D7
:102A10001F0021FA00F000F0010080BD10050050F9
:102A200080B56F460078074906F06BF938BF4FF064
:102A3000A04141EA8000D0F8001721F44031C0F8ED
:102A4000001780BD00030050B0B502AFC4B22F2CF8
:102A500017D805460E48D1E9001200EBC40000F07B
:102A6000BBF80C4805F01F01202C38BF4FF0A040E8
:102A700040EA8100D0F8000710F4403018BF012070
:102A8000B0BD024A20463021FEF7D0FD28320400B6
:102A9000B0DA03200003005080B56F46FFF7AAFFAD
:102AA00080F0010080BDD4D4F0B503AF2DE9000B58
:102AB00016468946044600F081FE80461F48FFF70F
:102AC000DDFE3046FFF7F0FD0546806840B1D5E9F0
:102AD0000001001B71EB090025D3C5E9004914E092
:102AE0001748C5E90049D0F80C90C560D6E9001038
:102AF000096888470E46A968044611B1E868C968A4
:102B0000884705F1080080E850020D4800F10C04E8
:102B1000FFF7C2FE024620460B4600F081F9FFF7A0
:102B2000CFFE0028F4D0064881680131816040461C
:102B3000BDE8000BBDE8F04000F076BEA830040010
:102B40004079032080B56F460146D0E9002000237C
:102B50000B601AB15168BDE88040084780BDF0B5F0
:102B600003AF4DF804BD0668044686B1656895421A
:102B700008BF8E4210D0096810468847C4E900019A
:102B8000284671685DF804BBBDE8F0400847096855
:102B900010468847C4E9000105F0C1BBF0B503AF9A
:102BA0004DF8048D054600F009FED5E90046804643
:102BB000002028604CB1A16830468847D5E9001054
:102BC000C5E9004609B1C968884740465DF8048BED
:102BD000BDE8F04000F028BEF0B503AF2DE90007D6
:102BE00014468A46064600F0E9FDD6E900598046BB
:102BF000002030601DB1A14508BF554510D0DAF85E
:102C00000010204688470246D6E90030C6E9002178
:102C10000BB1D968884725B1E9684846884700E084
:102C200035604046BDE80007BDE8F04000F0FCBD5F
:102C300080B56F468A68930106D40078520108D4A3
:102C4000BDE88040FFF727BA0078BDE88040FFF775
:102C50007EBABDE88040FFF753BAD4D480B56F4642
:102C60000248BDE88040FFF7C5BA00BF0100000080
:102C7000D0B502AF841A71EB030402D3801A9941D4
:102C8000D0BD0448FFF7D8FAFFF7E8FFFFF73CFC98
:102C9000FFF788FBA0000000F0B503AF4DF804BDBE
:102CA0001C4615460646FFF7F7FD2A46234600F068
:102CB00007F8C6E90001002030725DF804BBF0BDE2
:102CC000D0B502AF00248018594144F10002012A16
:102CD00018BFD0BD02482821024AFFF73DF900BFC6
:102CE0003832040060320400F0B503AF2DE9000F64
:102CF00089B00D460646D2E900011446CB68012290
:102D00002C4998470DF11409824600204FEACA71F8
:102D1000002D42D011B14FF0010A3AE0A17AC0076C
:102D200009060DD438B1D4E900010222CB68254947
:102D300098470028EFD130462146FFF779FF27E07A
:102D4000D4E9008B40B91C494046DBF80C30012225
:102D50004FF0010A9847E0B90120CDE9018B07F84F
:102D60002D0CA7F12D0003901448069001A80590A2
:102D7000D4E90201CDE9070130464946FFF758FF83
:102D80000028C8D1DDE905010222CB680C4998472B
:102D900082460136013D0120B8E709B1012005E076
:102DA000D4E900010122CB680749984709B005F032
:102DB0005DBB00BF86390400543904009C2B04001D
:102DC000932B04008C2B040088390400B0B502AFAB
:102DD0000446007A0D4658B1FFF75EFD02460B46E9
:102DE000D4E90001121A73EB010203D30020B0BD35
:102DF000D4E900012A46FFF757FE01202072B0BD3A
:102E000080B56F46FFF748FD43F6095205F05CFEBA
:102E1000400A40EAC150490ABDE88040FFF7B0BA15
:102E2000F0B503AF2DE9800F9846914606464FF066
:102E3000000B4FF0FF344FF0FF35D6F800A0BAF189
:102E4000000F2CD0DAE90001B9EB000278EB0102A7
:102E50000FD24FF0FF3380EA03024B401A43031BAB
:102E600071EB05033CBF0D4604464AB10AF110065A
:102E7000E3E7DAE90210CAF808B009B149688847FF
:102E8000DAF810003060DAF80810CAF810B019B19A
:102E9000DAF80C00C9688847CAF808B0CDE72046C0
:102EA0002946BDE8080FF0BDB0B502AF05F092FDB0
:102EB0000548FFF79FF92CB115F8010BFFF7D6F97C
:102EC000013CF8E7B0BD00BF15000000B0B502AF8F
:102ED0000546044805F0B0FC28462146BDE8B04050
:102EE000FFF7E2BF0D00000080B56F468A680068FA
:102EF000930106D40078520108D4BDE88040FFF762
:102F0000CAB80078BDE88040FFF721B9BDE880402D
:102F1000FFF7F6B8F0B503AF2DE9000F8BB0D1E99C
:102F200000562221D6F81090D0E900842846C847E0
:102F3000002840F0E180002C00F0B2800022002345
:102F400021460595CDE901960394CDF8108008EB54
:102F50000106002018F80050A5F17F0414F15F0F5E
:102F600007D3222D18BF5C2D03D001308142F1D14F
:102F700099E008EB000106961646884618F9012BE1
:102F8000D4B2B2F1FF3F22DC4D7804F01F0CE02CEC
:102F900005F03F0512D38A78F02C02F03F0242EA96
:102FA000851510D3CA780CF0070401F1040802F06B
:102FB0003F0242EA851242EA844408E045EA8C1462
:102FC00001F1020803E045EA0C3401F10308C518D9
:102FD00007A821464FF00112FDF7DAFF9DF828A05F
:102FE0009DF829B0ABEB0A095FFA89F0012802D1FC
:102FF0000699324640E003993246B542C0F08480DB
:103000008D4200F281808A420CD022B10498805611
:1030100010F1410F78DD8D4204D00498405710F133
:10302000410F71DD049881180298AA1AC6680598A4
:10303000B047002860D1BBF1810F04D307990598F0
:10304000019A904705E007A84A4600EB0A01059857
:10305000B047002850D1802C02D2012006990AE006
:103060000699B4F5006F01D2022004E00420B4F503
:10307000803F38BF03204219802C01D2012009E093
:10308000B4F5006F01D2022004E00420B4F5803FC3
:1030900038BF03204319B1EB08017FF458AF03E0B8
:1030A0000022002321E00B44059D9A42DDE90196B0
:1030B000DDE9031898BF8B4204D9174800904046B9
:1030C000FEF7E2FC8A4201D10A460EE022B118F96D
:1030D000020010F1410FF0DD8B4201D10B4604E0FC
:1030E00018F9030010F1410FE7DD08EB02019A1A0D
:1030F000F3682846984718B101200BB005F0B6B91F
:1031000028462221C847F8E702482B460090049839
:10311000FEF7BAFC502F0400602F04000548016838
:1031200019B94FF0FF310160704780B56F46024812
:10313000FEF7D6FE5879032070320400B0B502AF16
:1031400004464348FFF756F804F13C00192814D907
:1031500004F181000E2821D904F10E010D2900F29D
:1031600029803C48DFE801F00763673131313131B4
:1031700031613131656C4F4862E0DFE800F00D26C7
:10318000264C4E26462626444A265052263E485471
:10319000403C262626262642374851E0DFE800F04C
:1031A00008232529211515151515151515152700A1
:1031B000294845E014F1700041D014F169003CD079
:1031C00014F1160001D13A483AE03F483F4DA84774
:1031D0001F48A8473E48A8472046FFF7C9F80020E7
:1031E0002EE021482CE01D482AE01D4828E01F4819
:1031F00026E01C4824E02C4822E0274820E029480B
:103200001EE02A481CE020481AE01E4818E0234827
:1032100016E01E4814E0194812E0194810E01C4856
:103220000EE01C480CE01E480AE0254808E0224851
:1032300006E0244804E0214802E00E4800E00C4883
:10324000FEF7D8FF0020BDE8B040FEF7D3BF00BFB7
:1032500014000000C0010000B5010000B60100002C
:10326000B4010000BB010000AC010000B00100008F
:10327000AF010000B9010000C4010000BE01000060
:10328000B3010000AD010000B8010000B70100006B
:10329000A9010000AA010000BF010000C301000055
:1032A000C1010000BD010000C2010000AB0100002F
:1032B000B1010000AE010000A8010000BC01000047
:1032C000B2010000BA010000C5010000F5210200B2
:1032D0005B01000080B56F460C4600F011F8054612
:1032E00006480E46FEF7A8FF711E2846FCF700FFB1
:1032F00005F0ACFAFFF708F9FFF754F8A100000059
:10330000D0B502AF044619F0F3FC411C2046D0BDF5
:10331000F0B503AF2DE9800F00240A2900F2E78001
:103320000546774ADFE801F039E3E3E3E30606E325
:10333000E381E7004FF480789146C2F88080BFF3C4
:103340004F8FBFF36F8FFFF7E9FE6E4E6E4806F1A9
:1033500028017063306886F82D40013030602846BF
:10336000C9F8008018F0C4FD002840F1C08005466F
:103370006648FEF761FF2846FFF7E0FEFFF7C4F856
:10338000C9F88080BFF34F8FBFF36F8FFFF7C6FE82
:10339000C6E9054506F1200055E04FF48070C2F8FB
:1033A0008000BFF34F8FBFF36F8FFFF7B7FE554C11
:1033B00058486168002972D0D4F81CB0012945D161
:1033C000A268216900918A4269D255494FF0020EE4
:1033D000E3684FF00A08514E4FF0000942F21075B1
:1033E0008C464FF0010AC0F800E0C0F818808159FF
:1033F000C907FCD042618159C907FCD02B44C0F8F1
:103400000090E360634507D302F5805200990023E2
:103410008A42C4E9022342D23F49C1F800A0D1F850
:10342000001529445945DED34BE04FF48070914696
:10343000C2F88000BFF34F8FBFF36F8FFFF76EFEB0
:10344000304844602030FFF77DFB49E0D4E902ECCE
:103450000026D4F81080B8F1000F16D02E490122B2
:103460002E4B0260C558ED07FCD05CF826504EF894
:103470002650C558ED07FCD00A600136D1F800553A
:1034800029355D4538BF4645EBD30CEB8603B8EBD9
:1034900006010EEB86022161C4E9022311D100214D
:1034A00001601E494258D207FCD0022004F8380FB0
:1034B0004FF0FF3044F8240CA4F11800FFF742FB52
:1034C0000CE0032004F8380F47F2305044F8040CA5
:1034D000012004F80B0CA4F110006060084881463C
:1034E000084804F004FF4FF48070C9F8000020463B
:1034F000BDE8080FF0BD0648FEF7AAFEFEF752FF32
:1035000000E100E058790320FF3F420F5700000020
:10351000A200000004E5014040800040FCFEFFFFE7
:10352000094C0100DCB504AF0246D1E90001126884
:10353000136803F13C04192C14D903F181040E2CF7
:1035400022D903F10E040D2C00F22B80DFE804F0E9
:10355000077A7D3434343434348534347781CB681D
:103560005C4974E0DFE804F00D2828585C284F28F7
:10357000284B55285F6328425267453F2828282852
:103580002848CB68444972E0DFE804F00821242A87
:103590001E1616161616161616162700CB6836496E
:1035A00047E013F1700460D013F1690459D0163369
:1035B00002D1CB6846494AE04C4BCDE900236B462B
:1035C0004B4AFDF745F9DCBDCB682F494FE0CB688E
:1035D0002A4916E0CB682A4913E0CB682B4910E052
:1035E000CB68284933E0CB6837491EE0CB683249C5
:1035F0001BE0CB68334904E0CB68344927E0CB6853
:1036000029490B2234E0CB6826490EE0CB682B49D0
:1036100013E0CB68254901E0CB682049082227E068
:10362000CB681F491FE0CB6821490A2220E0CB6804
:1036300020490C221CE0CB6821490F2218E0CB68FE
:10364000284904E0CB68244901E0CB6823490622DD
:103650000EE0CB68052224490AE0CB68032220490A
:1036600006E0CB680B49072202E0CB680849092233
:1036700002B0BDE8D0401847743304006933040039
:103680005E330400583304004F3304004433040015
:103690003B330400343304002B330400F8140400DB
:1036A000243304001A3304000F330400C014040050
:1036B00005330400F9320400EF320400E032040064
:1036C000D1320400C6320400BC320400B632040019
:1036D000B0320400AA320400A43204009E32040076
:1036E0009B3204009532040090320400F53602004B
:1036F0008FF40300F0B503AF2DE9FE0FD0F800E022
:10370000A7F126080D46BEF1000F704648BF4042A3
:10371000B0F57A7F22D328490024DFF898B042F22E
:1037200010794FF0640A03958C460346B0FBF9F01C
:1037300000FB193508EB0401043CAEB2B6FBFAF607
:103740003BF81620CA8006FB1A5292B23BF81220B0
:103750000A816345E9D8039D0A3400E00A24092858
:103760000DD981B26423B1FBF3F2124902FB1300BD
:10377000023C80B231F8100028F8040000E0024654
:1037800032B10C48013C00EB4200407808F80400DC
:10379000C4F10A0008EB040101220023CDE9001066
:1037A0006FEA0E00C10F2846FDF7FEFA07B0BDE82C
:1037B000000FF0BDF12B04007F969800F0B503AF29
:1037C0004DF804BD154BD879BFF35F8F08BBEFF3FD
:1037D00010810122002472B6DA71114A022C06D03F
:1037E00052F8245003EB840601343563F6E70D4CA0
:1037F0000023022B06D054F82350ED4342F8235007
:103800000133F6E7BFF34F8FBFF36F8FC90700D1C6
:1038100062B6002818BF012004F066BDF8E6032058
:1038200080E100E0D8140400F0B503AF4DF804BD0A
:10383000B8B90D49EFF3108000220C4B72B60C4C56
:10384000CA71022A0AD001EB820653F82250366B65
:1038500026EA050544F822500132F2E7C00700D1FC
:1038600062B604F05CBD00BFF8E60320D814040083
:1038700000E100E080B56F460A460146002007F0EF
:10388000F9F800EAE07080BD80B56F460C46FFF79E
:1038900037FD054606480E46FEF7CEFC711E28464B
:1038A000FCF726FC04F0D2FFFEF72EFEFEF77AFDB1
:1038B000A6000000026872B90279022A02D10171E1
:1038C000002104E0514011F0010118BF0C21002239
:1038D00002600846704780B56F460148FEF700FB5E
:1038E0009033040080B56F460248BDE88040FFF782
:1038F00055B900BF78DC032080B56F4601F1200286
:10390000BDE8804005F06EBCF0B503AF2DE9FF0BBC
:10391000D1E900540C2200681749D4F80C90D0E982
:1039200000862846C847E0B9D6E90001CDE9000184
:1039300006F10C011148CDE905012146079006F179
:10394000080004900E48039068460E4A029002ABAD
:103950002846FCF77DFF20B90B4928460222C847BC
:1039600018B1012008B004F0D0BFD8E900232846E0
:103970002146FCF76DFFF5E73C2F04009F1902007C
:10398000FD07020073F90300482F0400FEB506AFDF
:10399000134972B60A78DAB901220A700090114808
:1039A000FEF74AFC1048FEF725FC104802906846D6
:1039B00001900F48049001A80E490390781E03AAB5
:1039C000FEF780FC0C480121FEF7CCFDFEF79CFDC4
:1039D0000A48016821F48021016000DEFEDE00BF9C
:1039E00080DC0320AD00000007000000B0330400BD
:1039F000B522020096E80300882F040024ED00E0C1
:103A0000D0B502AF0C46994201BF11462246BDE82F
:103A1000D04019F0DCBFBA6820461946FEF725FBF6
:103A2000F0B503AF4DF804BD82B01C46B4EB810F76
:103A3000034628BF8C00E01C8508B1EB900F11D322
:103A400000F47F76B44212D80C482146009010460C
:103A50001A462346FFF7D4FF2846214602B05DF8F8
:103A600004BBF0BD074B0E460020294602E0044B84
:103A7000002021463246FDF793FD00BFE0330400ED
:103A8000D0330400C0330400F0B503AF2DE9FE0FBE
:103A90004FF0000A044680F81AA042F60300A4F88A
:103AA0001B00881C0D4601F01DFB0DF1040980462A
:103AB00009F101000E46132119F07CFE184B01217B
:103AC000E87C03228DF80400484603F073F82A8846
:103AD000022327F81E2C4FF0020B124A0092A7F186
:103AE0001E02FFF78DFFF51C0F4B484603212A46A7
:103AF00003F060F80D4A334604F0BEFAE01C494674
:103B0000142219F064FF4FF4407084F817A0A570D8
:103B1000657084F800B0208307B0BDE8000FF0BDE9
:103B200090450400A0450400B0450400C0450400D1
:103B3000F0B503AF2DE9000798B007AD814611221B
:103B400004F048FB284601F0CDFA0DF13008054697
:103B50008A461421404619F09EFD1B4B50464146B3
:103B6000142202F011FD194A534604F0CFFD4246DB
:103B700002A992E8790014228C468CE87900022090
:103B80008DF8340008F107008DF836A08DF835A0C7
:103B9000CDF8309019F01BFF4FF42050ADF84F00D6
:103BA0004FF44030CDF84B004846F5F711FF0D4675
:103BB00008F1040100F0FAF8014604F04AFC484616
:103BC00018B0BDE80007F0BD584504006845040082
:103BD000F0B503AF2DE9000F9DB005460846CDE9CD
:103BE00000328A46F5F7F4FE04468B46008802212F
:103BF0004FF000088DF81B104FF4285100F1020916
:103C0000ADF80B108DF80A80ADF80890ADF8631090
:103C10008DF8628007AE02A93046FFF735FF2046D7
:103C2000314600F0C3F84FF440708DF84880ADF88D
:103C30006000009814900198139012A9204600F09B
:103C4000B5F84FF4285085F80C8004F01CFFDBF821
:103C50000000A5F80A900130A5F80890A5F80480A6
:103C6000C5F800A0CBF800001DB0BDE8000FF0BD06
:103C7000F0B503AF2DE9000F9DB00546084601924F
:103C80008946F5F7A5FE04468A46008802214FF0D2
:103C9000000B8DF81B1042F6012100F10208ADF86F
:103CA0000B108DF80AB0ADF80880ADF863108DF8F0
:103CB00062B007AE02A93046FFF7E6FE2046314665
:103CC00000F074F84FF440708DF848B0ADF8600023
:103CD000022014900198139012A9204600F066F873
:103CE00042F6012085F80CB004F0CDFEDAF80000B1
:103CF000A5F80A800130A5F80880A5F804B0C5F839
:103D00000090CAF800001DB0BDE8000FF0BDD4D48B
:103D1000F0B503AF2DE9000F9BB005460846884675
:103D2000F5F756FE04468946008802210DF1140B72
:103D30008DF8131042F6A621002600F1020AADF814
:103D40000310ADF85B10694658468DF80260ADF877
:103D500000A08DF85A60FFF797FE2046594600F004
:103D600025F84FF440708DF84060ADF85800012000
:103D700012900D48119010A9204600F017F842F655
:103D8000A6202E7304F07FFED9F80000A5F80AA043
:103D90000130A5F808A0AE80C5F80080C9F8000081
:103DA0001BB0BDE8000FF0BD4C3A0400F0B503AF06
:103DB0002DE9000B8CB005680E2D0AD804462C2086
:103DC00005FB00402C22043019F001FE681C206025
:103DD00004E091F81AE0BEF1FF0F03D1681C0CB0AB
:103DE00004F093BD0B460DF10408B3E875021B31D6
:103DF000C446ACE8750211221888ACF8000008F13E
:103E00001B008DF81EE019F0E2FD04482B21009004
:103E100042460348034BFEF7B2F800BFF0340400FB
:103E2000CA3B04008434040080B56F46F5F7DCFD1E
:103E300000680A68013A0A6080BDB0B502AF04F0BC
:103E40000CFB1DB104F0A8F9013DFAE7B0BDD4D4D4
:103E500004490A680AB904F000BD80B56F46FEF750
:103E60003FF800BFB8E20320B0B502AF04F0F5FAA6
:103E70001DB104F091F9013DFAE7B0BD04490A68AB
:103E80000AB904F0EABC80B56F46FEF729F800BF16
:103E900078E30320D1E900239A4205D10B7ADB07AE
:103EA00002BF0221C1707047F0B503AF4DF804BDE9
:103EB00000230B72531C02EB8202B3F1080418BFFB
:103EC0001C460C6001EB82010C3191E87C007CC047
:103ED0005DF804BBF0BDB0B502AF04F0BEFA1DB191
:103EE00004F05AF9013DFAE7B0BDB0B502AF04F0F5
:103EF000B4FA1DB104F050F9013DFAE7B0BDD4D4D5
:103F000004490A680AB904F0A8BC80B56F46FDF7F9
:103F1000E7FF00BFF8E50320D1E900239A4205D16D
:103F20000B7ADB0702BFFF2101707047D0B502AFEB
:103F300004F09DFD002AC0E9003418BF01320A6078
:103F4000D0BDD4D4F0B503AF2DE9000FA7B00290D7
:103F5000180CADF878300E468DF87A001CA800F1E8
:103F60000801B868934600224FF0000A032A04D0E3
:103F70008B5C01324AEA030AF8E700F08BF807ADE0
:103F800004468846142104F0C6FC4048414600908F
:103F9000284622464346FFF733FD30460696F5F79E
:103FA00017FD0491064604881CAD05F11A00594618
:103FB000112219F00CFD0DF13009594609F10200EA
:103FC0001122CDF814B019F002FD0DF1440BA01C24
:103FD00003904946ADF8300058468DF843A0FFF7EE
:103FE00053FD30465946FFF7E1FE002400201AF049
:103FF0004C0F08BF03208DF889005FEA8A704FF0EC
:10400000000058BF03208DF8880041F202108DF89F
:104010007280ADF87000E81C07A9142219F0D7FCD3
:10402000012029468DF887003046FFF7BFFE1AF0C1
:10403000300F10D042F602108DF88A40ADF88B0098
:1040400013481C903046ADF888401CA9FFF7AEFE1F
:1040500006460124FFE704991122029D04F0E7F8C7
:10406000059905F10C0019F0B2FC0399002C85F8B4
:104070001DA0084618BF3046688106982981EE8049
:10408000AC80286027B0BDE8000FF0BDF03304001D
:1040900003000200016812293CBF0430704780B55C
:1040A0006F46024B00201122FDF77AFA003504001A
:1040B000D0B502AF04460648FEF79CF80549E0B2C9
:1040C00051F820000078BDE8D040FEF7CFB800BF1F
:1040D000C6010000E44C0400F0B503AF2DE9800FE9
:1040E00004461C481C4EB04794F87400FEF7BEF816
:1040F00094F87500FEF7BAF8DFF860804046B047E4
:104100001748B04704F1100001F0DEFE4046D4E944
:1041100000B5D4E9029AB0471248B047584629463C
:104120004A46534601F01AFF0020B0470020B0472E
:104130004046B0470C48256BB04704F1340029468F
:10414000FEF7B2FE00203146BDE8080FBDE8F040A2
:10415000084700BFD0010000F52102001400000054
:104160001F02000027020000D6010000B0B502AF18
:104170001C490968C90530D11C4C216851BB4FF05E
:10418000FF312160217E012907D10021217621699B
:1041900001318A1E18BF0A462261E16DB9B1D4E926
:1041A000042304EBC305C5E90701581C811E18BF91
:1041B000014661618A4204BF0120207603F09BFE24
:1041C00004F12C00FFF739FE2068013000E00020E8
:1041D0002060B0BD0648FDF783FE0348FEF738F8BF
:1041E000FEF7E0F804ED00E0AE00000050E203202E
:1041F00050340400F0B503AF2DE9800F3C4C8246EB
:104200003C4A0028DFF8E480254618BF4546106880
:10421000C0055DD1286800285FD14FF0FF302646E9
:1042200028605FEACA7918BF4646307BC00709D0CC
:104230002046BAF1000F18BF40469346B830FEF74B
:1042400081FC5A46002021467060BAF1000F18BF69
:1042500041460873886004F0FCF81168C90537D13D
:10426000D8BB4FF0FF30BAF1000F2860204618BFCE
:104270004046027B002142BB04F10D022346B9F106
:10428000000F1CBF08F10D024346D3F808C00CEB29
:104290008C0642F8161002EB4602118151600CF1B7
:1042A0000101B1F1100218BF0A469A6059689142A3
:1042B00004BF01210173BAF1000F18BF444604F195
:1042C000B000FEF73FFC2868411C296004F085B966
:1042D0000948FDF7BDFFFEF765F80848FDF7ACFF9C
:1042E00000F0BEFFFEF710F9FEF75CF8D0E0032007
:1042F00090E1032004ED00E0AE000000C3000000E8
:10430000F8B504AF03900A4603A908230548CDE990
:1043100000310549054B029010460322FDF7B2FA21
:1043200004B080BDD97D0200D8350400F01404002B
:10433000BCB504AF044617480068C00524D117482F
:10434000FFF786FD1648D0F8B41006293FBF026873
:10435000D0E90235C4E90035A0603FBF0131C0F8A3
:10436000B410511C016038BFBCBD0168A7F109023F
:104370000E4B013101600020B52107F8090C0948F6
:1043800000900948FDF7FBFD0348FDF761FFFEF7CC
:1043900009F800BF04ED00E0AE0000002034040086
:1043A000B8E20320C835040010350400643404006A
:1043B00080B56F460078074A074B002818BF1346A0
:1043C0004FF0190218BF182204F010F9BDE8804020
:1043D000604700BFF4350400DB3504000C49096870
:1043E000C9050ED10C49022281F8450091F844001C
:1043F00081F84420012818BF7047D1E9121049689C
:10440000084780B56F460348FDF722FFFDF7CAFF56
:1044100004ED00E0AE000000F8E60320F0B503AFC5
:104420004DF8048D804604F0E9FA00F5107090E82C
:104430007C1088E87C1004F0C9F85DF8048BF0BDAE
:10444000D0B502AF034600686FF00044A0420FD21F
:1044500001301860D0B2814281BF4FF45E7110FB11
:1044600001300830194688BFD0BD044AFDF7DEF898
:104470000148FDF753FD00BFE03404004034040060
:10448000DCB504AF14490968C90520D114490A688C
:10449000D2B9CA6C022A3FBF00230B60D1E90234B3
:1044A000C0E900343FBF8160501CC864DCBD0020FF
:1044B0000F4B0860A7F1090207F8090CBA210A4856
:1044C00000900A48FDF75BFD0648FDF709FD03482B
:1044D000FDF7BEFEFDF766FF04ED00E0AE00000054
:1044E000A0E6032020340400C83604000C36040083
:1044F00064340400D0B502AFD1E900329A4208D149
:104500000C7AE40705D104210022C0E90012816081
:104510000FE00C3101EBC3049A42046005D9042179
:10452000D21AC0E90121002203E0C3F10803C0E967
:104530000131C260D0BDD4D4F0B503AF4DF804BD95
:1045400082B00D460181090C817225480268D205AE
:1045500040D1254A158091700068C0053AD12348A2
:104560002349F5F7F7F9064690F840000C46012874
:1045700004D106F138016846FFF7CEFC306B20B35A
:1045800096F8401029B1E84300061ED01948FDF7FF
:104590009DFCD6E90E12002A06EBC20325F07F45EA
:1045A000C3E9115018BF0132F263914204BF0120E8
:1045B00086F84000D6E90001013041F10001C6E96A
:1045C000000106F10800FFF738FC03F0A1FE02B07D
:1045D00003F0A5BE0348FDF73BFEFDF7E3FE00BF79
:1045E00004ED00E0AE0000009C99032048E60320A3
:1045F00050340400D034040080B56F460248FDF703
:1046000027FEFEF7E3F900BF59000000D0B502AF66
:1046100004460D480068C00510D10D48FFF770FC36
:104620000C48816C11B10121617003E001216060CF
:1046300081640021217003F05AFED0BD0348FDF7CC
:1046400007FEFDF7AFFE00BF04ED00E0AE00000086
:1046500030340400F8E50320D0B502AF04460E481C
:104660000068C00513D10E48FFF7F2FB0D48D0F8E3
:10467000B810032902D90121617004E00131C0F8AA
:10468000B81060600021217003F031FED0BD0348F6
:10469000FDF7DEFDFDF786FE04ED00E0AE00000054
:1046A00030340400B8E20320B0B502AFD1E9684568
:1046B00002220270C0E90245D1F86445D1F8902188
:1046C000D1F89831D1F84014C0F816407D246143E8
:1046D000090B818202FB04F1090B418203FB04F107
:1046E000090B0182B0BDD4D4F0B503AF2DE9800F22
:1046F00081460078DFE800F0056C4143269FA16AFF
:10470000A33103F0B9FE7648FDF774FD99F8010076
:10471000FDF7ACFD7348FDF76DFD634E99F802009F
:10472000012840F0AB800120B047704803F0F8FF4B
:104730002046B0476E48FDF75DFD6E4850F82500F5
:104740000078A3E00420FDF791FD09F10100BDE828
:10475000080FBDE8F040FBF7E7BC0920FDF786FD38
:104760004D48FDF747FD4D48FDF744FD4D4615F812
:10477000010F02286ED1002066E0022060E0DFF821
:1047800028810320C0474948494EB047494899F815
:104790000440B047484850F824000078C0474748D4
:1047A00099F8024099F80350B0472846C04744485A
:1047B000B047444850F824000078C04799F80100F9
:1047C000BDE8080FBDE8F04000F046BB072037E029
:1047D00003F091FD3C48364DA84799F80E00FDF7CF
:1047E00045FD3A48A8473A48A847DFF8F0A0A7F1A6
:1047F0001E0B00260C2E1CD0364809EB060595F83A
:104800000580FDF7F7FC08F00100FDF72FFD3248A9
:104810002C79FDF7EFFC5AF824000078FDF726FD0F
:104820006888022127F81E0C5846FDF79BFE0436C7
:10483000E0E703F0D2BE052006E0062000E00820F5
:10484000FDF714FD99F80100BDE8080FBDE8F04040
:10485000FDF70CBD03F04FFD114899F80340FDF73B
:10486000C9FC104850F824000078FDF7FFFC2846EA
:10487000BDE8080FBDE8F04000F0D2BA0020B04714
:10488000194803F04DFF2846B04720463146BDE8A1
:10489000080FBDE8F0400847C8010000EB01000028
:1048A000DB010000544D04006D220200DD01000018
:1048B000F5210200DE010000444D0400D901000092
:1048C000D7010000604D0400CF0100000900000086
:1048D000C7010000D2010000D5010000304D0400E6
:1048E000CD010000CB010000CC010000D30100008D
:1048F000C9010000244D0400D0B502AF04460E48A3
:104900000068C00513D10E48FFF7B8FA0D48D0F87B
:104910000811032902D90121617004E00131C0F8B6
:10492000081160600021217003F0E1FCD0BD034854
:10493000FDF78EFCFDF736FD04ED00E0AE00000053
:104940003034040078E30320F0B503AF2DE9F0071D
:1049500001EB020C4B1D92468146002200260020EE
:10496000CDF804C0052A15D01446924514D00D5731
:1049700005F07F02B24007361043621C002DF1D4CF
:104980001144042C009136D1EAB20F2A33D9FF200A
:10499000052605E0052601E0042663460093FF2076
:1049A00000213202C3B292B2FF2B0DD0DDE90054D8
:1049B0004DB11143C04341EA0302000604D0281B55
:1049C0000021504410E022026FF0010000EB1220A1
:1049D000C0B20B2804D2504951F82020012103E035
:1049E000100A0121C0B20322C9E90012C9F8080067
:1049F000BDE80F07F0BD0C2800F287804B1EDFE8F2
:104A000000F01C07070707092D40263915071F006E
:104A10000021C6E7032003906846029002A8E2F74F
:104A200030FD03F0F6FC36D1FF2069E061452FD060
:104A3000981C00900E780A20B2E700210020B0E711
:104A4000614525D00E78981C00900C20A8E76145A0
:104A50001ED0981C00900E780820A1E70220039039
:104A60006846029002A8E2F70CFD03F0D2FC20D1C8
:104A7000FF203AE061450BD0981C00900E78092089
:104A80008EE7614504D0981C00900E78072087E7D8
:104A9000FF20042684E7C0073AD002A8E2F7F1FC21
:104AA00081B24FEA1128C1B202290FD1FF20464638
:104AB00026E0C0072ED002A8E2F7E3FC81B2C2B222
:104AC000090A022A0DD1FF200E460EE0C0071FD0B2
:104AD00002A8E2F7D6FCC1B2022909D180B2060AC7
:104AE000A2E7C00716D00804063000F47F0158E79B
:104AF000C1070DD000F47F4040EA080000040530F3
:104B00004FF6FF7120EA01014BE7FF200E2647E731
:104B10000E2689E70E26ABE76C4D0400D0B502AF38
:104B2000044600780421142888BFA0F11501C8B2FA
:104B3000DFE800F0031A1012051C00201AE0042020
:104B4000FDF794FB204600F019F8E01C00F016F881
:104B5000A0790FE0022000E00320FDF787FB601C36
:104B6000BDE8D04000F00AB8012003E00520FDF7C1
:104B70007DFB6078BDE8D040FDF778BBD0B502AFD3
:104B800004460448FDF736FB2046BDE8D04000F05F
:104B900003B800BFE6010000B0B502AF04460078DC
:104BA000DFE800F00B3220291A515E306C1E6A18C3
:104BB0001C5C16240D43606E4F00002064E0102042
:104BC000FDF754FB43486478FDF714FB424834E09A
:104BD0000E2008E00B2057E0042052E00C2050E0AB
:104BE00009204EE00220FDF741FB09E00F20FDF710
:104BF0003DFB60784FE003F085FEA07800F0FAF806
:104C0000607827E007203CE003F075FB33486578C7
:104C1000A478FDF7EFFADDB3012D40D103F06BFB73
:104C20003548FDF7E7FA354807E01120FDF71EFB90
:104C300026486478FDF7DEFA254850F8240000780D
:104C400022E014201DE00520FDF710FB6078FDF741
:104C50000DFBA078BDE8B04000F052B80D2010E088
:104C600006200EE01220FDF701FB17486478FDF7DF
:104C7000C1FA04F0010007E00A2005E0082000E086
:104C80001320FDF7F3FA6078BDE8B040FDF7EEBA07
:104C900003F0F2FB2046BDE8B04000F0ABB803F0F3
:104CA000D2FD0F48FDF7A6FA64B1812C06D0822C04
:104CB00006D0832C14BF0C480C48C0E70D48BEE753
:104CC0000B48BCE70748BAE7E1010000DA01000041
:104CD000D84E0400D8010000684E0400E201000034
:104CE000E701000044E5030088450400983C040007
:104CF000C03B04004C3A0400E8010000984D040059
:104D0000F0B503AF2DE9FC0B04463548FDF772FA08
:104D10003448FDF76FFAE720DFF8D0908DF81700E0
:104D2000E0B2C009DFF8C0808DF81600E6208DF8EB
:104D30001500C4F380108DF81400E5208DF81300E1
:104D4000C4F340108DF81200E4208DF81100C4F374
:104D500000108DF81000E3208DF80F00C4F3C000A0
:104D60008DF80E00E2208DF80D00C4F380008DF860
:104D70000C00E1208DF80B00C4F340008DF80A0010
:104D8000E0208DF8090004F001008DF80800684665
:104D900000F108050120002405EB4401082C13D084
:104DA000013411F8022B012AF8D1C00711F8016C67
:104DB00004BF4046FDF71EFA4846FDF71BFA304691
:104DC00000F018F80020E7E70948FDF713FA002083
:104DD00006B0BDE8000BBDE8F040FDF70BBA00BF20
:104DE00014000000F0010000ED010000F6010000D9
:104DF000F1010000D0B502AF04460748FDF7FAF90B
:104E000084F080000549C0B251F820000078BDE868
:104E1000D040FDF72BBA00BFE5010000F44E0400BE
:104E2000D0B502AF04460948FDF7E4F9207801281F
:104E300006D103F060FA0748FDF7DCF9601C00E0DA
:104E400003480078BDE8D040FDF710BA0E0000001E
:104E500044E5030015000000D0B502AF0446044845
:104E6000FDF7C8F904F00100BDE8D040FDF7FEB938
:104E7000EC010000F0B503AF2DE9000B044621481A
:104E8000DFF88490C8472078FFF73AFFDFF87C808E
:104E900065784046C8471E48C84705F001001D4ECA
:104EA000B047C5F34000B047C5F38000B047C5F335
:104EB000C000B047C5F30010B0470020C8474046C7
:104EC000A478C8471448C84704F00100B047C4F3A9
:104ED0004000B047C4F38000B047C4F3C000B047FF
:104EE000C4F30010B047C4F34010B047C4F38010BF
:104EF000B047E009B04700204946BDE8000BBDE8D7
:104F0000F0400847EA010000F5210200140000000B
:104F1000EE0100006D220200EF010000B0B502AF0B
:104F20000546044803F088FC28462146BDE8B04009
:104F3000FDF726BAE4010000D0B502AF04460448EC
:104F4000FDF758F92046BDE8D040FFF7E7BD00BFA8
:104F5000E9010000F0B503AF4DF804BD42184FF071
:104F6000EE31114B90420DD00478614008243CB1E1
:104F700083EA5105CE0708BF4D08013C2946F6E7F4
:104F80000130EFE7C84360B14FF0FF3252FA80F2D0
:104F9000FD2A07D96FF00100484003D10348FCF710
:104FA00095FF012003F0A0B9783BF682083A04008F
:104FB000B0B502AF6FF0010141F62E224B1C00216B
:104FC00002290DD0445C634008243CB1C3F34E0574
:104FD000DB0718BF5540013C2B46F6E70131EFE7F0
:104FE000D843190408BF4FF6FE70B0BDD0B502AF6C
:104FF0000068054A007852F82040044A03F034F96A
:10500000BDE8D040184700BF00530400F45204002C
:10501000D0B502AF0448054CA0470548A047002082
:105020002146BDE8D040084714000000F5210200E9
:105030005A010000B0B502AF43F609520023A0FBAD
:10504000024001FB02050D4A2046294618F0CCFC1F
:10505000000404216FF0F052121BA94138BF40F246
:105060000120010604BF000CB0BD0548FDF7E4F8BF
:10507000FFF7CEFFFDF748FAFDF794F900E20400D0
:10508000C4000000F0B503AF4DF804BD82B0054682
:10509000D0E90130834201D1002009E02A68461C92
:1050A0000C46064903F09DF821B104700220AE6061
:1050B00002F058BF024A02F02AFF00BF2C3A040057
:1050C0004C430400814205D399429FBF0244091A10
:1050D00010467047D0B502AFBC681A462346FCF7AD
:1050E0005FFAD4D480B56F4610F8011B014A52F81C
:1050F000211080BD0C530400E0B502AF13460246F8
:1051000012F8010B80B1012801BF0C48009008463D
:1051100019460FBF04230848009008461CBF1946D3
:105120001023FEF76DFC8CBD05480090084619461B
:105130000223FEF765FC8CBD6C3F04005C3F04005D
:105140004C3F0400F0B503AF4DF804BD82B00546F6
:10515000D0E90130834201D1002009E02A68461CD1
:105160000C46064903F03DF821B104700220AE6000
:1051700002F0F8BE024A02F0CAFE00BF2C3A040058
:1051800078450400F0B503AF4DF804BD82B0044685
:10519000D0E901300D46191A022901D200250FE08D
:1051A0002268861C084903F01CF8084A0223009272
:1051B000A7F1120227F8125C0225FEF721FCA66077
:1051C000284602F0CFBE00BF2C3A0400D0450400B0
:1051D000F0B503AF4DF8048D05460868A0BB0C463A
:1051E0004FF0FF3132F8020B4FF6FF782160217C3F
:1051F00049B140451DD025F8020B1146362202F078
:10520000E9FF00201DE0E668C6EBC60104EBC10122
:10521000088301F11A001146362218F0D8FB701CE1
:10522000C11E18BF0146A068E160884204BF01208A
:10523000207404F1C000FDF785FC2068A5F800800B
:105240000130206003F01EB90448FCF7F5FF00F0C0
:1052500007F8FDF759F9FDF7A5F800BFC3000000F6
:10526000D0B502AF0448054CA0470548A047002030
:105270002146BDE8D040084714000000F521020097
:10528000590100000246006828B94FF0FF3110466E
:1052900002C01146704780B56F460846FCF720FEF5
:1052A000F0B503AF2DE9000FADF5377D13919046B2
:1052B000D0F808110891D0F80C110791D0F810110E
:1052C0000691D0F814110591D0F818110491D0F876
:1052D0001C110391D0F820110291D0F824110191F2
:1052E000D0F828111591D0F82C111491D0F8301164
:1052F0001291D0F83411119100F5947100910021B0
:1053000009921690414580F00D85D0F80041402C5F
:10531000C0F0C18315984FF0060E1091C21C14996D
:105320000D92619241F10003129A851C119E41F188
:10533000000410F1010CCDE95D10089841F100085E
:105340000A934B93059B65926492CDE96222069A7B
:10535000329033924D904F9245903B9004984692F4
:105360003D92029A0799CDE90B48CDE95B869846B4
:105370002C9393463F938A463193019BCDE90E5C73
:10538000CDE95FC505462D9094462E923792134A7B
:1053900030934C9341903590114844933A93114B7C
:1053A0004A964E96CDE951460E462F913991039972
:1053B00038915091479140910B49569236935A90AB
:1053C000349155923E9359903C91CDE94213CDE9E9
:1053D0005322CDE95700CDE9481307E07465206BEF
:1053E0006E642033322D627965787061BEF1000FF2
:1053F00000F0538356982C99CDF88C8042184A9827
:10540000259582EA00033098289300EB33403090D2
:1054100048402C90329902EB305834982996431822
:105420006198CDF888A083EA00042D982E9A00EBAD
:105430003445CDF890C085EA01063399CDF8ACE04B
:1054400003EB36504A9080EA344A5A9BCDF870B04C
:1054500005EB3A602D9080EA3654369846186598E8
:1054600008EB7465704002EB304C8CEA010E06EBE1
:105470003E51369181EA30422F984B99034485EA98
:10548000326683EA010B389901EB3B4980EA090057
:10549000349003EB305383EA3B404B9009EB306090
:1054A0002A9000EB3640389080EA7461329105EB27
:1054B0003154569484EA36402F904FEA30640CEB16
:1054C0003260279080EA3E50659403EB7061289B20
:1054D000309C81EA3A6288EA3343269304EB3363D3
:1054E000289303EB3243309383EA7060339001EBEF
:1054F00030505A9080EA32402E9031994FEA306015
:105500006190559842184E9882EA00033A98209389
:1055100000EB334E8EEA0100319002EB3058DDE9AA
:105520003B10379A4318609883EA0004359800EBE3
:10553000344585EA010603EB36504E9080EA344943
:1055400005EB3960359080EA365CDDE93D104618A0
:10555000649808EB7C65704002EB304A409A8AEA16
:10556000010B06EB3B513E9181EA30445999399841
:1055700085EA34660B185199594002EB314250408C
:105580003C9003EB305383EA3140519002EB3060A2
:10559000219000EB3640409080EA7C613B9105EB26
:1055A0003151559181EA364039904FEA30610AEB2A
:1055B00034601E9080EA3B50649103EB7061209B45
:1055C00081EA396288EA33431D930EEB33631F93FC
:1055D00003EB32433D9383EA7060379001EB305028
:1055E000599080EA32403A903F9A4FEA306060909A
:1055F00054988118529881EA000344981B9300EB59
:10560000334E8EEA020044901C9A01EB30584599C3
:10561000429843185F9883EA0004419800EB3445B0
:1056200085EA0106469903EB3650529080EA3449E8
:1056300005EB3960209080EA365C43984618639801
:1056400008EB7C65704002EB304B479A8BEA010A0D
:1056500006EB3A51439181EA30445899229885EA01
:1056600034660B185B99594002EB3142504042902E
:1056700003EB305383EA31405B9002EB30601C90C7
:1056800000EB3641479181EA7C6145910BEB346038
:105690001A9005EB3151549181EA3641419180EAEB
:1056A0003A504FEA3161639103EB70621B9982EAD1
:1056B000396388EA314119910EEB31611B9101EB9D
:1056C0003341469181EA70603F905C9902EB305023
:1056D000589080EA33402290239A4FEA30605F90DE
:1056E0005398104480EA01034C99179301EB33411E
:1056F000189151404D9A4C9100EB315B48985E995E
:10570000104480EA0105259901EB354686EA02013D
:1057100000EB31505C9080EA354A06EB3A60259008
:1057200080EA31554F9949980BEB756E461862988F
:1057300086EA0002249800EB324989EA0108509970
:1057400006EB3850499080EA32445798299A8EEAFD
:10575000346609EB346900EB020C5D988CEA0003B7
:1057600001EB334181EA020048900CEB305282EAAF
:1057700033405D9001EB306C89EA38510CEB3640D8
:10578000509080EA75604D9002EB71620EEB3050E4
:10579000539080EA3640299082EA3A644FEA3060BA
:1057A000629017988BEA3043189800EB336505EB4D
:1057B00034404F9080EA716024902A9902EB305077
:1057C000579080EA344023904FEA30605E903498DE
:1057D00081EA30514A9800EB7162269882EA30647F
:1057E000279800EB34402A9080EA7160279028992E
:1057F00002EB3050349080EA344026904FEA30601B
:105800004A902C9881EA3051369800EB71624B989F
:1058100082EA30642D9800EB34402D9080EA71606C
:105820002C90219902EB3050369080EA3440189049
:105830004FEA30604B903C9881EA30514E9800EB33
:1058400071621D9882EA30641E9800EB3440289003
:1058500080EA716021901F9902EB30503C9080EA01
:1058600034401E904FEA30604E90319881EA3051BA
:105870003E9800EB7162519882EA3064359800EBF3
:105880003440359080EA716031901C9902EB3050C1
:105890003E9080EA344A4FEA3A605190429881EA59
:1058A0003051529800EB7162199882EA30641A986C
:1058B00000EB34401F9080EA71601D901B9902EB51
:1058C0003050429080EA344B209A4FEA3B6052902D
:1058D000449881EA3051439800EB71665B9886EA00
:1058E000306002EB30485D9A88EA716E06EB3E51FB
:1058F000439181EA30445C994FEA34605B90489868
:105900008CEA305001EB706C49998CEA336309EBF7
:10591000334989EA70660CEB3650489080EA334C84
:10592000259B4FEA3C6009EB3C6C5C904C9885EA07
:10593000305001EB706181EA326203EB324585EA57
:10594000706301EB3350499080EA32402E9A4FEA5F
:10595000306105EB30655D9185EA3350309901EB9C
:105960003261339A309181EA32512F9A4FEA716154
:105970003391389901EB3261329A389181EA325190
:105980003A9A4FEA716132913D9901EB3261379A4F
:105990003A9181EA3251399A4FEA71613D914099C9
:1059A00001EB32613B9A409181EA3251229A4FEAEF
:1059B00071613B91469901EB32613F9A449181EAD2
:1059C0003251419A4FEA71614691479901EB326138
:1059D000459A479181EA3251239A4FEA7161459184
:1059E0004F9901EB3261249A4C9181EA3251299A04
:1059F0004FEA71614F91509901EB32614D9A50918C
:105A000081EA3251189A4FEA71614D912D9901EB5B
:105A100032612C9A2D9181EA3251269A4FEA7161B6
:105A20002C912A9901EB3261279A2E9181EA325109
:105A3000319A4FEA71612F91359901EB3A613591B5
:105A400081EA32511E9A4FEA71613191289901EB36
:105A50003261219A379181EA32514FEA716139916D
:105A600008EB3461419181EA3E51DDF8ACE04FEA48
:105A700070684FEA71618CEA36503F91AEF1010EC9
:105A80001F994FEA706601EB3B6B1D998BEA315110
:105A90004FEA716AAAE4169E2EE1569875903698E0
:105AA00074905A98739034987290559871903E986B
:105AB000709059986F903C986E9054986D90439860
:105AC0006C9058986B9042986A9053986990499856
:105AD000689057986790489866902C98859033986E
:105AE00084902F98839032988290319881903D983D
:105AF000809039987F903B987E903F987D90469813
:105B0000009ACDE97BA04598CDE979804F98CDE901
:105B100077604D987690309895902E98949038981C
:105B200093902D9892903A989190379890904098B1
:105B30008F9035988E904498CDE98CB047988B9093
:105B400041988A904C98CDE988C00DF5267C5098F4
:105B5000CDE986504A98A5906598A4904B98A3905B
:105B60006198A2904E98A1906498A09051989F90AF
:105B700060989E9052989D9063989C905B989B90A3
:105B80005F989A905C989990629898905D98979099
:105B90005E9896901698D0F808115C91D0F80C1188
:105BA0005B91D0F810115A91D0F814115991D0F896
:105BB00018115891D0F81C115791D0F82011569116
:105BC000D0F82411559192E83A008CE83A001599E2
:105BD000149A043142F10002CDE91421C0E94A12BD
:105BE00011991298B490CDE9B001CDE9AC010A98B1
:105BF000B3900D98B2900B98AF900E98AE900C9811
:105C0000B5910021AB900F98AA9040296DD00DF569
:105C1000167C0DF5267816985CF8013058F801408E
:105C200000EB810204EB030B66AC651868686590B5
:105C3000A8686490E868639076AB5E1870686290BC
:105C4000B0686190F068609086A8461864585B5808
:105C500070685F90B0685E90F0685D900CEB01003A
:105C6000D0E901A9D0F80CE008EB0100D0E9018CE3
:105C7000C56886A8589E40581031C2F830B03044EC
:105C800010625C981844106129485D9B20441060A4
:105C900005EB0E00D0630CEB0900906308EB0A00E3
:105CA000506355981844D06256985E9B1844906291
:105CB00057985F9B184450625998609B1844D06174
:105CC0005A98619B184490615B98629B184450619C
:105CD0001848639B1844D0601748649B1844906030
:105CE0001248659B184450608FE7169E0024DDF82B
:105CF00024801099C6F8004108460D461399424683
:105D00000E4B00F087F802460B4606EB8400C4F108
:105D10004001FDF785FE2044C6F8000129443046C5
:105D2000FFF7F0BA0DF5377D02F015BA6E64203337
:105D3000657870617465206B322D62793C43040094
:105D4000B0B502AFADF53A7D002400BAB99008BAFB
:105D50008DF810400394CDE90144BC68B89010BAA6
:105D6000ADF81140240CB79018BA8DF81340B690D6
:105D70005DA8041DB6A92046FAF714F805AD214622
:105D80004FF4B072284617F07DFD01A928460A4657
:105D900000F011F89DF81300BDF8111041EA004021
:105DA0000DF53A7DB0BDDCB504AF02F03DFC062335
:105DB000FFF788F9DCBDF0B503AF4DF8048D90B066
:105DC0006C460D46064620462021904617F063FC9F
:105DD0002046294600F00EF808AD314622462846F6
:105DE000F9F75EFB4046294602F01EFA10B05DF856
:105DF000048BF0BDD0B502AF86B001AB0022102AF3
:105E000003D08C5C9C540132F9E701A902F00CFA32
:105E100006B0D0BD824221BF0B18111A1846704738
:105E200080B56F461146FBF7BBFBF0B503AF4DF8ED
:105E300004BD88B06E460D4604463046202117F05A
:105E40002AFC284631462022FFF72AFA304604F081
:105E50005DF80028F5D06946204602F0B1FA08B096
:105E60005DF804BBF0BD824221BF0B18111A184621
:105E7000704780B56F461146FBF792FBB0B502AF95
:105E8000064B02F0EEFC19B16A1CA260027800E039
:105E90000122B1FA81F011464009B0BD003B040077
:105EA000B0B502AF074B02F0DCFC022902D240F28F
:105EB0000110B0BDA91CA16001784078090441EA35
:105EC0000060B0BD003B0400F0B503AF2DE9000752
:105ED00004461B481B4DA8471B48A84704F1100067
:105EE00000F054F81948A8471948D4E9009AD4E9B1
:105EF0000268A8474AEA080049EA0601084315D0A3
:105F000002F0F9F90E4C2046A8471248A84720464F
:105F1000A8471148A8474846514632464346FCF731
:105F200038FA0020A8470020A84701E002F0A4FAB0
:105F30000020BDE80007BDE8F040FCF75BB900BFFA
:105F400014000000F52102001402000022020000EB
:105F50000E000000260200005C010000F0B503AF57
:105F60004DF8048D04460848984615460E46FCF741
:105F700041F9204631462A4643465DF8048BBDE888
:105F8000F040FCF706BA00BF13000000F0B503AF05
:105F90002DE9800F064612481249884712481149D8
:105FA00096F8008096F8019096F802A096F803B053
:105FB0003479767988470D4D3046A8472046A84762
:105FC0005846A8475046A8474846A8474046A847CD
:105FD00000200449BDE8080FBDE8F040084700BFB5
:105FE00014000000F52102002802000061040200F4
:105FF000F0B503AF4DF804BD84B00D460446D1E9B9
:1060000000010922CB681849984700218DF8080043
:106010008DF8091004F11A0314480422144901955B
:10602000009001A8134DA847217EA7F11203124E3C
:10603000033918BF012107F8121C104908220096E5
:10604000A847617EA7F11103033918BF012107F8A2
:10605000111C0B4908220096A847FBF788FB04B0E7
:106060005DF804BBF0BD00BFC4460400B16002008F
:1060700094FF03005516020085600200E01404003E
:10608000D014040080B56F4600780A4600281DBF72
:10609000064910460422044904BF10460522BDE803
:1060A0008040FAF759BC00BF4A2F040088FF030064
:1060B000F8B504AF0A4610F8011B39B101290DD11A
:1060C00002900E48009002AB0D4904E001900D488B
:1060D0000D49009001AB1046062206E003900548EA
:1060E0000549009003AB10460722FBF768FB04B09C
:1060F00080BD00BF0D6102001C4704001F6102004B
:1061000016470400316102001047040080B56F4655
:106110000A4600681021BDE88040FCF7E5BD80B567
:106120006F460A4600680421BDE88040FCF7DCBDEC
:1061300080B56F460A4600680221BDE88040FCF742
:10614000D3BDD4D4D0B502AF04460448FCF752F80E
:1061500004F00100BDE8D040FCF788B80E01000053
:10616000D0B502AF04460448FCF744F82046BDE829
:10617000D04000F003B800BF03020000D0B502AF6A
:1061800004460078DFE800F0114B303C265E6A439D
:10619000792A6E24286222371A546C815C607F83CE
:1061A0002E2C891885877B527D0002F065F9607876
:1061B000BDE8D040F9F7D4BF1B206FE01020FCF7FA
:1061C00055F83848BDE8D040FCF714B80E2065E01B
:1061D0000B2063E0042061E00C2044E009205DE036
:1061E00019205BE0182059E002F02DFB6078BDE833
:1061F000D04000F059B80F20FCF738F8606838E05C
:1062000002F080FB6078BDE8D04000F05BB807206A
:10621000FCF72CF8601CBDE8D040F9F777BF02F01E
:106220006AF86078BDE8D040FFF78CBF1F2035E0EA
:106230001120FCF71BF86088BDE8D04000F070B872
:1062400014202BE0052029E0152027E00D20FCF785
:106250000DF86078BDE8D04000F054B8062002E0A8
:1062600012201BE00A20FCF701F86068FCF780F8B8
:10627000A068BDE8D040FCF77BB808200EE01E20E7
:106280000CE020200AE0162008E0132006E017208A
:1062900004E01C2002E01D2000E01A20BDE8D040F0
:1062A000FBF7E4BF0F020000D0B502AF044604487C
:1062B000FBF7A0FF2046BDE8D040FBF7D7BF00BFEB
:1062C000F9010000B0B502AF04460948094DA847DE
:1062D0000948A8470948E1B2094A50F8210052F894
:1062E0002110F9F705FF00202946BDE8B040084716
:1062F00014000000F52102002A0200005C53040093
:1063000018530400D0B502AF04460448FBF772FFEF
:1063100004F00100BDE8D040FBF7A8BF0402000074
:10632000D0B502AF04460648FBF764FF0549A0B2AA
:1063300051F820000078BDE8D040FBF797BF00BFC0
:106340000E020000A0530400D0B502AF0446054879
:10635000FBF750FFE068FCF70BF82046BDE8D040A3
:1063600000F002B809020000D0B502AF04460648AA
:10637000FBF740FFA068FBF7FBFFD4E90001BDE895
:10638000D040FCF7A3BD00BF0A020000D0B502AFA9
:1063900004461148FBF72EFF14F8010B48B1012801
:1063A00012D101F0A8FF0D48FBF724FF204604217D
:1063B00006E002F061F80A48FBF71CFF20460221C4
:1063C000BDE8D040FAF7C0B902F03DFA2046BDE87A
:1063D000D040F9F79BBE00BF100200001100000082
:1063E00010000000B0B502AF0546104802F024FAD4
:1063F000A81EE9B2022938BF0220C0B2DFE800F0CF
:106400000210040E00200CE002F01DFA284600F0F5
:106410000FF82046BDE8B04000F00AB8032000E0C5
:106420000120BDE8B040FBF721BF00BF050200001E
:10643000D0B502AF04460448FBF7DCFE04F00100CF
:10644000BDE8D040FBF712BFFF010000D0B502AF9E
:1064500004460448FBF7CEFE0FCCBDE8D040FBF766
:1064600098BF00BF13000000F0B503AF2DE9000F87
:1064700091B000900DF10409886809F11005D1E987
:1064800000640DF1240A4FF0000804EB001B5C458A
:1064900019D00020102803D0215C01F088FFF9E713
:1064A00048463146FFF7A6FC009950464A46C5E9E2
:1064B0000088C5E90288F8F7F3FF3046514601F03D
:1064C000B3FE1034E3E711B001F045BEB0B502AF42
:1064D00086B013460446D1E90120101A984202D230
:1064E000002020710DE008480968009002A800F023
:1064F0000DF802AB00250FCBC4E9011504F10C0126
:106500002CC1206006B0B0BD703B0400D0B502AF16
:106510009A4221BFD21ACC1880E81A00C26028BF64
:10652000D0BDBA6813210148FAF784F9C13B0400D1
:10653000F0B503AF4DF8048D82B00446D0E90130C8
:106540008846191A914201D200200BE015462268B4
:106550004619054901F045FE044A2B4601F08CFD21
:106560000220A66002F020B9803B0400903B0400AA
:1065700080B56F46D0E900128068024BBDE88040CC
:1065800000F002B8A03B0400DCB504AF02F0D1FB80
:10659000009300202346FEF795FDDCBD80B56F46D5
:1065A000D0E900128068024BBDE88040FFF732BCA2
:1065B000B03B0400D0B502AF044600F09FF8074995
:1065C00001EA800140293EBF201D8908D0BD044B4F
:1065D000043104204022FAF7E3FF00BFFCFF030070
:1065E000DC3C0400F0B503AF4DF804BD0C46064694
:1065F00000F084F805463046FFF7DCFF8C423FBFD1
:1066000050F824000C4901EA850151FAA0F13FBF7E
:106610006FF0FF0202EA10421144C0F3C0303FBFE6
:1066200001EB400004305DF804BBF0BD014A204698
:10663000FAF7FCFF9C3C0400FCFF0300F0B503AF3D
:106640004DF804BD0C46054600F058F806462846AD
:10665000FFF7B0FF631C8B423CBF00EB8300428816
:1066600008488B4228BF320C214600EA86001044BD
:10667000061D2846FFF7B6FF301A38BF00205DF828
:1066800004BBF0BDFCFF030080B56F4601F0A3FE24
:106690004022BDE88040FFF7BDBBD4D4F0B503AFC6
:1066A0004DF804BD0C46064600F028F80546304675
:1066B000FFF780FF8C423FBF50F824000A4901EAEF
:1066C000850151FAA0F13FBF6FF0FF0202EA1040CE
:1066D000084404303CBF5DF804BBF0BD014A2046CD
:1066E000FAF7A4FFAC3C0400FCFF0300DCB504AFE8
:1066F00001F09AFF4023FEF7E5FCDCBD80B56F4654
:10670000006880BDF0B503AF4DF804BD0C46FFF73F
:1067100051FFF1B1A3B20A460021012A0ED901EBC3
:106720005204A2EB520200EB840610F82450767853
:1067300066F30E259D4298BF2146EEE710F8212012
:1067400000EB8100407860F30E229A4203D10120D1
:1067500004E0002101E038BF013100205DF804BBF6
:10676000F0BDD4D4B0B502AF0D460446FFF722FF0A
:106770008D4219D200EB850090F90100002805D464
:1067800020462946BDE8B040FFF758BF20462946BD
:10679000FFF784FF3F280BD81CBF205AB0BD074A23
:1067A00040204021FAF742FF024A2846FAF73EFF0E
:1067B000014AF6E7EC3C0400FC3C04000C3D0400FC
:1067C000F0B503AF4DF8048D044608B200281BD481
:1067D0002046FFF797FF012816D120460E46FFF707
:1067E00001FF0C4B21464022FFF73DFB0546884642
:1067F00020463146FFF7B6FF0146404505D9064B16
:1068000000204246FAF7CCFE002528465DF8048BAE
:10681000F0BD00BFBC3C0400CC3C0400D0B502AFCE
:106820000446FFF76BFF0649064B01EA800104317D
:1068300001EB10422046FFF759FF16F0BBFFD0BD19
:10684000FCFF0300483C0400F0B503AF4DF8048D95
:10685000984615460E460446FCF71EF8D7E9022373
:10686000FCF72EFAC4E90C0100201149C4F84E10BF
:1068700041F20801A4F8520084F848000220C4F84C
:106880004A1084F8380084F829003068D6F80310DC
:10689000C4F83A00C4F83D102868D5F80310C4F8CD
:1068A000410084F8498061645DF8048BF0BD00BF4D
:1068B0000003081080B56F4602F0D6F9002818BF13
:1068C000012080BDF0B503AF2DE9C00790F88051DD
:1068D00000F5B87816468946C5F110048246A242F2
:1068E0002ED975B1244B284601F072FF234A234666
:1068F00001F01EFD50464146012200F04CF8361BC7
:10690000A14416F00F054FEA161208BF10254FF0EC
:10691000FF3008BF00EB161209EB02141AB1504603
:10692000494600F038F8164B284641461022FFF73A
:106930002BFE144A2B4600922246FDF761F810E028
:106940000A4B284601F044FF094B02460C4611460B
:1069500030462246FFF718FE064A334601F0E8FCAF
:1069600035448AF88051BDE80C07F0BDD03A0400E8
:10697000E03A0400F03A0400903A0400A03A04001F
:10698000B03A0400C03A040080B56F460A46BDE83C
:106990008040FFF710BAF8B504AFCDE9021200F558
:1069A000B071019101A9FFF75FFD8FBD80B56F4602
:1069B0000A780D2A06D00E2A06D10431BDE880409F
:1069C000F8F7E8B9FF2100E0FE21017080BD80B535
:1069D0006F460A78102A0ED0112A09D0122A1EBF3B
:1069E000FE21017080BD0431BDE88040F8F7D2B9C6
:1069F000FF21017080BD40F60371018080BDD4D4B9
:106A0000BFB506AF0446B86803900878CDE9012306
:106A10000FF20402DFE800F00210050ED1E90101D7
:106A200005E08B78C81C114A194600F073F801AADA
:106A300002AB09E00E200CE04D888A68AA420FD311
:106A4000486801AA02AB294600F014F8019919B16F
:106A500007206070012001E0606000202070BFBD51
:106A6000034B00202946FAF79BFD00BFDC3E0400E3
:106A7000CC3E0400F0B503AF2DE9F80FD2F800903A
:106A800092460C4689452AD2D3E9001698461C4BFB
:106A9000A4EB0905B54228BF354683462846324651
:106AA0000491FFF771FD174B2246CDE902104846CD
:106AB0005946FFF7D8F98D421AD80246124800907D
:106AC0002B46DDE90210FCF79BFF104B284604998A
:106AD0003246FFF79FF9C8E90001002002E0A9EB68
:106AE00004000025CAF80000284605B001F0BEBC2D
:106AF000074B0C46002029462246FAF751FD00BFFD
:106B0000EC420400FC4204001C4304002C4304003B
:106B10000C430400152938BF704780B56F461346F3
:106B200000201422FAF73CFDF0B503AF4DF8048DB8
:106B300082B00646007815468846022815D00128FE
:106B400019D1B3689D4213D87268294617480024AA
:106B500000900020FEF7B6FA154A2B4601F08CFA99
:106B60007078012808BF758017E07078854205D9D4
:106B700001240D2111E0012403210EE0094BF01C3A
:106B800000212A46002400F015F8074A2B4601F0A0
:106B900073FAF07D012808BFB570204602B05DF899
:106BA000048BF0BD2C3F04003C3F04000C3F04006C
:106BB0001C3F0400DCB504AF01F036FD1423FEF7E2
:106BC00081FADCBD09B3F0B503AF2DE9800F0A6887
:106BD00001F1100A009200F11002D1E901E8D1F8A8
:106BE0000C909AE8781882E87818009AC0E9002E8C
:106BF00091F8282091F82910C0E9028980F828200E
:106C0000BDE8080FBDE8F04000E0022180F829103F
:106C10007047D4D4DFB506AFD0E9001204460D4B5F
:106C200001A8F2F7F3FEDDE901010022490019B1E4
:106C300000F8022B0239FAE7039801F058FB0649E5
:106C400004F10800FEF71EFB0C46FBF77BFF01F08A
:106C50005FFBDFBD1C3D04002C3D040080B56F468A
:106C600001F0B9FB4022BDE88040FFF78DBCF0B5D4
:106C700003AF2DE9F00BBD6804460E4668798DF828
:106C80000A00B5F8031000F0C0004028ADF8081065
:106C90002AD102A803219846914600F029F89DF8D0
:106CA0000A004A46BDF80810434641EA00400090F9
:106CB00020463146FFF744F8ADF80C00000C8DF883
:106CC0000E0003A8032100F013F8A8782988BDF866
:106CD0000C2041EA00409DF80E1042EA0141081ADA
:106CE000B0FA80F0400900E0002004B001F00DBED1
:106CF000F0B503AF2DE9FC0780461B4800904E0815
:106D000002A88946414632463346FFF7FFFB174843
:106D10003246009008EB0900DDE9025AA0EB590168
:106D200002A83346FFF7F2FB4FF0FF3000EB590C9F
:106D3000DDE9023100266046441C0AD0B2450BD082
:106D40008C450ED2AC5D1A5CAA5501361C54013834
:106D5000F2E706B001F093BB064A50465146FAF7F7
:106D600065FC034AFAF762FC103B0400203B040078
:106D7000403B0400303B040090F83E11022901D151
:106D800002200EE0FEB506AF00F1200101A800F0E0
:106D900013F89DF80400FE3818BF012006B0BDE8C6
:106DA00080406FF0010151FA80F1B1FA81F1490997
:106DB000084300F00100704780B56F4691F8C82085
:106DC000022A03D1BDE88040FFF7F0BDBDE8804056
:106DD000FFF7FDBDF0B503AF2DE9C007D0E90165B0
:106DE000824608468846741BFEF77CF98C4201D225
:106DF000002013E001EB0509DAF8002009483346CA
:106E0000009028464946FEF75DF901F0F3FC404644
:106E10001A46FEF771F90220CAF80890BDE80C077F
:106E2000F0BD00BF3C3A0400F0B503AF4DF804BD1F
:106E300082B08A88838A04695A400B6863401A4387
:106E400006D1827D8B795A40D20701D1012010E012
:106E5000D0E90045D0E9022345EA030044EA0206EE
:106E6000304305D0009120462946FFF700FF00E09F
:106E7000002001F077B8F0B503AF2DE9C007054653
:106E80000C4655F8103F51F8102FAE885A408B88A9
:106E900073401A4304D1AA798B795A40D20732D071
:106EA000D0E900A8D0E9026948EA09004AEA0602E6
:106EB00010431DD000915046414632464B46FFF7E5
:106EC000D6FE00BB0FCC41EA030C40EA020454EAB0
:106ED0000C041AD080EA0A04564044EA060C81EAFF
:106EE000080683EA0904344354EA0C0407D10AE093
:106EF0000FCC41EA030440EA0206344305D0009572
:106F0000FFF7B5FE08B1012000E00020BDE80C0746
:106F1000F0BDD4D4B0B502AF044601F10800064973
:106F2000F2F727FD00F11005C069E0602CCD08687C
:106F30002CC401380860B0BD4C3E0400D0B502AF8F
:106F40000C4607490830F2F705FD0122D4F803305A
:106F500002722268C0F80920C36001F068F9D0BD50
:106F60006C3E0400F0B503AF2DE9F80F824601F145
:106F700008003049F2F7EEFCD0E904658946D0E913
:106F8000064B45EA0B014FF0000846EA04021143A4
:106F900047D08DF8068000F5A470ADF8048001A9F3
:106FA0000322FEF77DF99DF80610012022465B467C
:106FB00060F39F118DF80610C8B2BDF8041041EAC5
:106FC0000040009030462946FEF7BAFEADF80800B2
:106FD000000C8DF80A000321ADF810800622CDF8D0
:106FE0000C8003AC144B2046FEF7DDFE134A03234E
:106FF000009201AAFCF704FD114B20460021032258
:10700000FEF7D1FE0F4A0323009202AAFCF7F8FC18
:10701000BDF810004FF00108AAF805000398CAF85F
:107020000100D9F800008AF800800130C9F800009A
:1070300001F02CB87C3E0400503A0400603A040091
:10704000703A0400803A0400B0B502AF0C686FF0EB
:107050000045AC423FBF631C0C4644F8083BC0E906
:1070600000423CBF8160B0BD1846FAF757FFD4D448
:10707000F0B503AF2DE9F80F99461B4B804602A8E7
:10708000FFF7E2FF029C54F8280900EB40000501DD
:107090000DB304F1400B49465846FFF7ECFE303D76
:1070A00030340028F4D0206808F110050190D4E9AC
:1070B00001E9D4F80CA09BE84F1085E84F10019827
:1070C000C8E9000E94F8290094F82810C8E9029A3B
:1070D00088F8281000E0022088F82900049801F0C0
:1070E000E3F900F0D3BF00BF9C3E0400F0B503AF4E
:1070F0002DE9000F8BB0044604A80D4600F070F88F
:10710000049801282ED0DDE9059605F11001DDE98E
:10711000078A04A800F064F80498012822D0DDE969
:1071200005504FF480710390DDE907B002902046CE
:1071300016F0F6FB03990020C4E9471B0299C4F836
:1071400024114021C4E94296C4E9448AC4F8185184
:10715000C4F80011C4E94A00C4E94C000BB0BDE812
:10716000000FF0BD05980990044806990090044866
:10717000044B0A9109AA2B21FAF701FFD04604001B
:10718000CA3B0400F83B0400F0B503AF4DF804BD62
:10719000A2B011AD0E460446402101F0BCFB05F142
:1071A00020012846324601F0FCFF01AE294640226C
:1071B00000F0E5FF28463146FCF79EFB691C20469F
:1071C00001F0FEF828463146FCF796FB04F120005A
:1071D00005F1210101F0F4F822B05DF804BBF0BD27
:1071E000D0B502AF0446043001F01EF80020206044
:1071F000D0BDD4D4DCB504AF0C4601F0E3F90922CC
:107200000549984700218DF8040068468DF805105F
:107210000094FAF7ACFADCBD23470400F0B503AFE5
:107220004DF804BD82B00D460446D1E90101EA687B
:10723000401A904201D2FE2022E02846FEF730FE9E
:107240000646C00705D0F0054FF00D0058BF0420DA
:1072500011E0E8682946821E684600F015F800999A
:1072600019B1019A330CFF2005E09DF804100420A9
:10727000002918BF0D20C4E902120121A38061700A
:10728000207002B001F04BB8F0B503AF4DF804BD6B
:10729000D1E90164331B934203D2002101600171E3
:1072A00008E0A51808D2B54206D80B688D601919F8
:1072B000C0E9001201F033B8024B2046294632469D
:1072C000FAF76EF9AC3F040080B56F460178DFE84D
:1072D00001F002020406806880BD407880BD4088CD
:1072E00080BDBCB504AF04468888ADF804000868CA
:1072F0008D79062100906846FFF7FAFCBDF804007E
:10730000A4F8050000982570C4F80100BCBDD4D4D1
:1073100080B56F46D0E900128068024BBDE880401E
:10732000FEF7A1BDBC3F040080B56F460278FF2A7E
:107330000CD10279082A2ED80221DFE802F03305A9
:107340002725050523232A0001692BE0B2F10A0154
:1073500098BF002131B101291CBF012080BD806888
:10736000033080BD0A2A1FD80221DFE802F006069A
:107370001B161B190D1D1D1D0D000130FDF7B2FE62
:1073800004310FE0C1680DE004210BE00069411CED
:1073900008E0002106E00069E2E78068811C01E066
:1073A000C068811D481C80BD02480F21024AFAF7BF
:1073B00036F900BF1C4204002C420400F0B503AFB4
:1073C0002DE9000F89B004460020CDE90312059095
:1073D00003AD2846FEF752FD0E4601F00101C0073D
:1073E00003D06170FE202070C1E1E1B903A8FFF76E
:1073F0008FFF0546F0B21E2843D00A46522842D1DC
:10740000012A00F0ED81002A00F0ED81DFF87C34E4
:1074100002202946B5F80080FEF725FD05460A46FC
:107420000E0A0B202EE006A895E80E000EC0701E76
:10743000C0B2012645080E2D00F2A6810822DFE821
:1074400015F00F006F005F004D00540077007E00C4
:10745000A3018E00A400A301A301A30185004500A0
:1074600006A8FEF70BFD0E46C00740F08D8106A86A
:10747000FEF716FD0546C00700F08A81C5F3002619
:1074800082E10C2062E1B01EC0B241080F2900F277
:1074900070810920DFE811F01000F200C6009C00A6
:1074A000BA0002016D01150144016D012B01950027
:1074B0006D016D016D015301002A00F09781012AD1
:1074C00000F0A88195F800900420A8E006A8FEF737
:1074D000E7FC8046C0073FD101256DE0DDE906806D
:1074E000012208994FF000094FE006A8FEF7C6FCFC
:1074F0000E46C00740F048815FFA86FC042238E05F
:1075000006A8FEF7BBFC0E46C00740F03D81701E8A
:10751000C0B2012800F237815FFA86FC022228E01F
:1075200006A8FEF7BDFCC1072AD0C0F300262BE158
:1075300003A8FFF7EDFE80460846062205E003A8F3
:10754000FFF7E6FE8046084607221EE006A8FEF783
:10755000A7FC8046C0072ED0C8F3002614E106A879
:10756000FEF78CFC0E46C00740F00E815FFA86FCE9
:1075700005224FF00009DDF818800798089904E00B
:107580004FEA10694FEA104E00225FFA8EF345462B
:1075900043EA092304F10C0E25818EE80310FF2035
:1075A00020704FEA1860E0724FEA1840E38066717D
:1075B0002271A072DBE0002506A8FFF7A9FEFF22DA
:1075C000E8E7002A00F0148195F800B00820B6E042
:1075D000002A00F00F81012A00F01E81022A40F2E9
:1075E0002B81032A00F035812888062A698800F05B
:1075F000EA80142A40F0C5806E8A4FF0020BD5F85D
:107600000630D5F80A20D5F80E80DEE0002A00F01A
:10761000F380012A00F0028195F80090022095F88D
:1076200001A04DE0002A00F0E980012A00F0F88076
:10763000022A40F20381032A00F00D81042A40F25D
:107640001281052A00F01281A87829460290E87874
:10765000A14B060268790190062001F0CEFA95F858
:1076600004B0FEF700FC02460298884601993043B8
:1076700040EA0B4040EA0165052050E0002A00F096
:10768000BF80012A00F0CE80022A40F2D980032A6E
:1076900000F0E38095F8009006200EE0002A00F04C
:1076A000B180012A00F0C080022A40F2CB80032A78
:1076B00000F0D58095F800900A2095F801A06D881B
:1076C0003DE0002A00F0A080012A00F0AF80022AED
:1076D00040F2BA80062A69D0032A00F0CC80142A2E
:1076E0004FD18E4B042015211422F9F759FF002A9F
:1076F00000F08C80012A00F09B80022A40F2A680D4
:10770000032A00F0AE806A4B0420294601F075FA86
:107710006E88FEF7A8FB02468846072035460EE035
:10772000002A75D0012A00F08580724B022029467C
:1077300001F063FAFEF797FB05460A4603205FFA5D
:1077400089F14FEA184341EA0A21160A2070300CE9
:10775000A4F80960C4F810C0E381A4F80C80227278
:107760006560618084F801B0E072C4F814E000F054
:10777000A1BC6C48FAF760FD3046F8F771FEFAF7E5
:10778000C3FE012002E0012606F00100607029E638
:10779000DDE906120898394BFEF765FB002968D031
:1077A00090F800E04FEA15480322EEE628884FF0F3
:1077B000000BB5F802E095F8049095F805A04FEAA3
:1077C000004C0020BBE74FF0000BC6EA004C1FFA4C
:1077D00081FE95F80490012095F805A01D46AEE7BE
:1077E000284A00F06FFC284A00F091FB3E4AFBE774
:1077F0002B4AF9E7434AF7E7404AF5E7334AF3E70C
:107800002E4AF1E7234AEFE7424AEDE7264AEBE743
:10781000374AE9E7334AE4E7394AE2E7364AE0E73C
:10782000294ADEE7244ADCE7194ADAE7384AD8E78A
:107830001C4AD6E72D4AD4E7334A08E0244A06E03A
:107840001F4A04E0144A02E0334A00E0174A00F0FD
:10785000F6FF2E4A10E0224A0EE01A4A0CE00F4AC8
:107860000AE0144A08E01B4A00F0A2FF1B4A00F09D
:10787000A7FF034AB8E72A4A00F0A9FD003B04002D
:10788000484504005C4204004C4204006C42040081
:10789000EC410400DC410400FC4104000C42040003
:1078A000CC4104008C4104007C4104009C41040054
:1078B000BC410400AC4104004C4104003C410400C4
:1078C0005C4104006C410400DC400400CC40040036
:1078D000EC4004000C4104002C4104001C41040055
:1078E000FC400400BC400400AC4004008C40040098
:1078F0007C4004009C4004006C4004005C40040098
:107900002C4004001C4004003C4004004C40040097
:10791000DC3F0400CC3F0400EC3F04000C400400BA
:10792000FC3F040067000000F0B503AF2DE900073D
:10793000C4B08246494825900DF1880948488846D8
:107940002490494647481C462390164646482290B4
:10795000104600F0ABF806F1200548B343482590E7
:1079600043482490434823904348229006F1100056
:1079700022A900F09BF8D8B14048259040482490B7
:10798000404823904048229022A9284600F08EF8D3
:1079900070B13E4825903E4824903E4823903E4892
:1079A000229006F1300022A900F080F800284FD183
:1079B0003046214600F080F830B104F1200128461D
:1079C00000F07AF8002843D102AC402101F07FF9A1
:1079D000324A20462021FFF741F9314A2023009204
:1079E0003246FCF70DF82F4A20462021FEF74CFEC8
:1079F0002D4A202300F08AFE042021468DF88800BD
:107A000009F10100402215F0E2FF34AC402101F001
:107A10005EF904F1200120464A46412301F0F5FBBE
:107A2000B0B112AC34A9402200F0FBFB22AD202102
:107A300000F071FF04F1200328464146224601F080
:107A4000B6FB0AF10100294600F0BAFC012000E073
:107A500000208AF8000044B000F011BDE9F9A5B992
:107A60005E2C83A7F297BE2C20B003D20E359DE684
:107A7000CC030148ACF4FDDBEFF491115A52155CD4
:107A800063329ABF652AEB6DDC809C491589D28BE5
:107A9000741C8ED08FED3024766345C27C42040086
:107AA0008C4204009C420400AC42040080B56F4646
:107AB00001F0DAF800F0C9BC80B56F46202215F05D
:107AC000DDF800F0C2BCD4D4F0B503AF4DF8048D9E
:107AD00092B004460AA80D462021164615F0DBFD9B
:107AE0001F2E2AD90DF1080829462022404615F0FC
:107AF0006EFF154B202029463246FEF7B4F90246A8
:107B0000124800900AAD0B4620212846FBF778FF6B
:107B100040462021FFF7ECF828462021FFF7E8F83F
:107B20002046414600F04CFC04F12000294600F0BC
:107B300047FC12B05DF8048BF0BD054B00202021FE
:107B40003246F9F72DFD00BFCC420400DC420400B0
:107B5000BC420400F0B503AF2DE9F80F16C84FF092
:107B600000083CB1601E904229D22C2300FB031078
:107B70002C3001E0002408462C23A7F12D0902FB3C
:107B800003154FF4205A42F6010BA84217D000F11A
:107B90001A06494607F82D8C304627F82CAC00F021
:107BA00014F870B93046494607F82D8C27F82CBCDC
:107BB00000F00BF828B906F112000134E5E74FF6A2
:107BC000FF74204605B000F051BC80B56F460278C6
:107BD0000B789A421CBF002080BD0131013022B1D8
:107BE000012A07D10968006801E009880088401A65
:107BF00000F02BBCBDE88040FFF758BF80B56F4652
:107C000001784278807840EA012040EA024080BD55
:107C1000D0B502AF02780AB90A780AB10520D0BD02
:107C20008278520702D48A78520702D54278032A12
:107C300001D10220D0BD4B780FF20A01022001EBE6
:107C40008304DFE803F0030C111009000120022A6D
:107C500038BF02200021D0BD0648074901E007488F
:107C60000749805C895CD0BD901E0121B0FA80F08C
:107C70004009D0BDDF530400DA530400D55304009B
:107C8000D0530400F0B503AF2DE9800F8246FBF717
:107C900095FDDFF864B0804618495846FDF7F2FAC2
:107CA00000220024B2F5FC5F11D026461346855C05
:107CB0000134FC32012DF5D10024024400EB03090C
:107CC000C4546FF0FA0050B114540130FBE700F0D7
:107CD000AEFA4046FBF7A8FD4FF0000B08E000F0BD
:107CE000A6FA4046FBF7A0FD09F10100CAE90160D0
:107CF000CAF800B000F071BC187A0320603B0400A1
:107D000080B56F46C00718BF80BD0248BDE88040FF
:107D1000FAF79EBAC6000000F0B503AF4DF804BDF7
:107D20000C460646FBF74AFD0E4905463046FDF770
:107D3000A9FA202C3FBFC4EB8412012300F82230A3
:107D400008683FBF0130086028465DF804BB3CBFAF
:107D5000BDE8F040FBF768BD034A20462021F9F753
:107D600065FC00BF503B04009C3F040080B56F469B
:107D7000062A3CBF002080BD02784378D0F802007C
:107D8000C1F8020002200B704A7080BD052A08D994
:107D90000A78052A07D24B784BB1012B03D1012376
:107DA00006E0022101E04FF4817101807047002359
:107DB000B0B502AFCC78072C01D3102C03D94FF407
:107DC00081710180B0BD8D788988C47085704270E2
:107DD00003708180B0BDD4D480B56F460846034996
:107DE0000222BDE88040F8F7B7BD00BF2C47040071
:107DF000CBF8E00C02F59070CBF8DC2CCBF8000D42
:107E0000CBF8041D70479DF81300E070BDF8110019
:107E10009DF82310DDE90565A4F80100BDF82100F7
:107E2000079A9DF82030ADF80C008DF80E102374E1
:107E3000C4E90165E260A4F81100E17470479DF89F
:107E40002080DDF81C90BDF821009DF82310DDE9AD
:107E50000552ADF80C00A4F8110048468DF80E103C
:107E6000E17441460292EFF7EDBE42F248700AEB30
:107E70000004D8F80020704795E80E0050460EC068
:107E80003046DEF753B92B98B0F86820406ED0E941
:107E90000001DDF764BE2374C4E90165E260A4F863
:107EA0001100E174704700208BF8090D4FF49070B9
:107EB000BBF84E137047DDF86C279DF87007DDF8AE
:107EC00068177047DDF8389219F1020070478DF895
:107ED00040005846FEF72CBB31468DF84100022287
:107EE000D9F808007047759BDDF8D101CDF87B31DA
:107EF0005E905E987047D4E90201013041F10001C3
:107F0000C4E9020170471022304615F060BD002020
:107F10000021F9F78BBBD9E9023182B21846F1F79B
:107F2000E1BABDF819909DF818B09DF81BA0DEF7D6
:107F300065B8D8F800200AF5195470474FF48472D8
:107F400014F0F0BEE2FB030143F60952002315F0E2
:107F50004BBD21028BF8DC0E00208BF8D40E0BF603
:107F6000DC60704702B05DF804BBF0BD029884F895
:107F700010806560C4E90209704785F8602096E8C2
:107F80000E000EC0514605F1480090E81C00504616
:107F9000AA461CC1FEF7ECBA02996FF00100086016
:107FA00070470521002089F80414290666F317415B
:107FB00089F8FC0341EA042109F204400531C9E9CA
:107FC0007F1AC9F8040270474FF45E71DDE90102BF
:107FD00051437047012200212A7202020028704793
:107FE000D8F800000130C8F8000070471F99FD2044
:107FF000DDF8ACA0087070471022284615F0E7BCE9
:10800000D0E90001DDF7ABBD0621002089F8F413AB
:10801000310289B289F8EC0365F3174109F57D70E7
:108020000631C9E97B14C9F8F40170470BF1080166
:108030002246F7F7FDBF114630462A4615F0C7BC69
:10804000424628463146E9F7E5B9054641F26970EE
:108050005844072299F8DC41D9F8EC61D9F8BCA161
:1080600015F09CBB8BF8090D4FF4907070470DF51F
:108070009F680DF55C79704700924246FBF7C0BCE3
:108080009BF84D43DBF89C5C15F0A1BC05B0BDE846
:10809000000FF0BD08F10500611C132215F097BC1C
:1080A00084F800B009B0BDE8000FF0BD13222046EF
:1080B00015F08DBC09B0BDE8000FF0BD10222046C0
:1080C00015F085BC01200121F9F7B0BA0446BDF8CE
:1080D0003102ADF81C029DF833028DF81E028A9819
:1080E0000C90704701EB800100221C927047CDE993
:1080F0002B100BF5107CBBF8580329462A902D95C0
:108100009CE87D007DC109F1180070470020279B85
:108110008AF870001498AAF86C001698CDF85C8064
:10812000CAF86000CAF850407047054641F25970DD
:1081300058440E22D9F8BC41D9F8DC6115F02EBBA9
:1081400041F238700BEB0005D9F8C8112846D9F870
:10815000BC41FCF7A9BABDE8000FF0BD3869102298
:1081600000BA6990786900BA6890B86900BA6790F7
:10817000F86900BA66907047132215F028BC3046A3
:1081800015F025BC8DF841003146E01C8DF840000B
:1081900058460222FEF7CCB9F4E8021049680847B5
:1081A000D1E90012FAF7DBBC90E838000A4601205A
:1081B00038C27047DAF800000130CAF80000704792
:1081C000D9F800000130C9F8000070471322701D73
:1081D00015F0FDBB284615F0FABB42462946E9F7E3
:1081E00019B900913146FCF76DBF00F55E70A1F53D
:1081F0005E7170475044CBF8080E4FF49070CBF886
:10820000041ECBF8E80D0220CBF80C4E7047DDF8C9
:1082100060A00DF59F687047016842688368C06878
:108220007047204615F0D3BB102215F0D0BB08686C
:108230000130086070470BF580700BF1DC012022E3
:10824000CBF8FC5015F0C3BBCBF8D41CCBF8D85CF2
:10825000CBF8DC0C704728883146ADF84100584611
:108260008DF84090FEF7B6BD52F82020D1E900010C
:10827000CB682146704701EBC20203EBC404C0E99E
:108280000034C0E90212D0BD0FCB41EA030440EA3A
:1082900002052C4370470298DDE90412C4E901127B
:1082A00000787047FF208DF8F80405208DF8FC0455
:1082B0007047D9F800100139C9F8001006B0BDE8C0
:1082C0000007F0BD28683146CDF8410058468DF8CA
:1082D0004080FEF77FBD012041468DF8310204F158
:1082E0001200B62215F073BB5DF804BBF0BD016847
:1082F0000131016070470120F9F7B8BF07F8010CA0
:10830000781EFAF75BB8D8F800105044FAF75EBD53
:1083100020680130206070472846F6F7E7BD5DF819
:1083200004BBF0BD4046FDF71BBFB02215F04FBBAC
:1083300000924A46FBF764BBA7F16802404631460B
:10834000CDF800A0FBF7FEBD0C9942F614200844BE
:10835000D8F80010E8F708BB0C9942F6182008443A
:10836000D8F80010FAF732BDDDF80C92BDF80AA279
:108370007047C10D1BEB402041F10001002315F0B7
:1083800033BBDBF8FC000BF58074002100688BF830
:108390002C11CBE94904704718C80A4618C20123BA
:1083A0008AF8283003888078138090707047325C98
:1083B00051403154013070476FF001000860704740
:1083C000202215F004BB05F1080114F0ABBC03201A
:1083D0000321F9F72BB913460246084611467047A8
:1083E000DDE9CC014FF00408DDF888B0DDF88090BD
:1083F0008842189C704781B200F47F0202297047BE
:1084000014460546EDF7EAB8C0F30722C1B20229C7
:108410007047C0F30726C1B202297047514628951C
:1084200011F85F0F1D9127391791002129941B9195
:10843000704702EB716282EA33647047BDE8000B5B
:10844000F0BDD0E90001FBF7FBBFB0FA80F04009B6
:1084500080BD286801302860704704460568002008
:1084600001C4704700203146F9F79AB8BDE8000F03
:10847000F0BD2146E8F7CEBF0020F9F7F7BEBDE812
:108480000007F0BD5DF8048BF0BD2846F7F722BE6B
:108490006FF0010028607047D8F808001028704776
:1084A0009DF800000128704701680139016070479C
:1084B000279B002285F89920169AC5F89420CAE9CE
:1084C0001F0170478BF8110E4FF49070CBF8E80D38
:1084D00001208BF8D40C7047DDF83480CBF8080EFF
:1084E0004FF49070CBF8E80D022070474846F7F73C
:1084F00029BE0D46FAF726BB00F47F410022B1F5F4
:10850000807F4FF000034FF0020170472946EEF7DD
:1085100061B806F1080211940DF1240A07CA0EABE6
:1085200007C30EAD70475846F8F76AB801208DF8BA
:10853000CE01BBF86C03ADF8CC01DBF868037047E3
:108540000020CDE929B98AF82000DAF80000CAF83D
:10855000140070470AEB0004D8F800102046E4F736
:108560004DB85368D3F81026D3F81436FAF7A8BBE1
:10857000B2FA82F2520910435DF804BBF0BD6830D4
:108580004FF0FF3111FA82F6F1F72EBA0190B86878
:10859000894600904046DDF763BF02460B46114610
:1085A00030461A46FEF70ABF90E84C00404629467E
:1085B0004CC1DDF74FBEBDF84C105046DDE9144804
:1085C000FCF7E0BDD1E90001CB68704708680138CD
:1085D000086070472146E3F79BBBBDE8080FF0BD7C
:1085E000D0E90012013142F100027047D1E90001E7
:1085F000D1F80CC01946704700F10802019201AA97
:1086000000927047DDF87B100C221E981A9170477B
:108610002D1A64F10000BBEB050170470FCB12BAB5
:1086200000BA09BA1BBA70470446009308461146BF
:10863000224670471F9903202070FD200870704764
:10864000B02214F06FBB9DF8D0B1BBF1FF0F7047A3
:10865000DAE915161691BAF85C10149100211B91F5
:10866000704781F839004FF49070C1E9033003F589
:10867000907070478DF8F804DAF8281070477599F3
:108680009DF8D06100297047DAF82810DAF8382010
:10869000704705F1080083991691BDF80AA29DF86C
:1086A00009927047034603F8012B8B427047D4E9C7
:1086B0000160801B85427047C0F30724C1B20229C4
:1086C000704780460120B8F1000F704794E86E00B3
:1086D00040466EC0704700900846114601AB704797
:1086E0000A68013A0A6024A996E838000A4638C2A6
:1086F00070470020CDE924582690062000901EA83F
:1087000024A9704700925246FBF77AB900922A4694
:10871000FBF776B94FF0C07240F66613FAF7D0BA9D
:1087200099F8035099F80440F9F764BD0023FAF76B
:10873000B3BA43F6095215F057B908F10600B02252
:10874000183115F044B9DDF83C90F9684A46F0F765
:1087500091BD95F8080195F80911FDF743BE9DF804
:1087600078019DF8B211DDF7D6B8FD2089F8000038
:10877000704704F1480651463046ECF7CDBC05F190
:10878000D00152462046D9F719BCDDF860A020463A
:108790005146D9F75DBB1946F2F732B960365146FA
:1087A000AC192046FEF767BB02B05DF8048BF0BD44
:1087B00004200421F8F73ABF1E469246DDF701BEB9
:1087C00005200521F8F732BF06200621F8F72EBF55
:1087D00041461022FDF71EBB9DF8A00301287047FB
:1087E0001022404615F0F3B8C0F8401300F51C7095
:1087F000FAF7A8B902460B46114670479DF8680083
:10880000FF287047D0E90001F0F76CBE5246042300
:10881000ECF7B6BE29463246F7F7D8BE5846314681
:108820008DF84080FEF7D6BA30462346F5F706BEEF
:1088300030468B46DDF76FBD0C46F9F7DBBC0220F6
:108840000221F8F7F3BE0220F9F710BD2046F7F732
:1088500015BE0130B72215F0BAB84FF0FF300860EE
:108860007047044690E826002846FDF7FCBADDF87C
:1088700034B001208BF820018BF82C017047DDE922
:10888000020188427047A4F8DD000020606620697C
:10889000C4F8D800704700688AF828100AF11D0152
:1088A000CAE9080170470068D0E900127047A9F1D1
:1088B00001052C24DAF8002005FB04847047DDF85C
:1088C00088B08846DDF88090C007189C7047D9F8BA
:1088D000440090F82910013180F8291070470020D9
:1088E000D9F8C011C9E97410C9F8D801704700203F
:1088F00009F5E87189F8D003022031C17047C4E955
:108900000021B0BD0320F9F7B1BCBDE8000BF0BDFC
:108910002846DDF70BBC284614F0BDBEC2680846E9
:1089200010472946FFF7F8B92046F5F787BD9DF8AF
:108930000862FD2E70479AF81C00C00770479DF82A
:108940003001FF2870474168013941607047DAF80B
:108950000000406870479DF8F802012870474068A1
:1089600000F26460704727F8680C504614F093BE1C
:108970002F9A2D9B5946EFF759BA0BF59270514635
:10898000F2F73EB804F120004146FDF719BFD0E9E7
:1089900000125046FBF742BD4A4630462946E3F7EF
:1089A000DDBE4FF0FF32084604C070478DF8E80C7A
:1089B0002046EFF773BD406800F5B560FCF762BC78
:1089C0001A4616915046E8F747BC8DF870062846BF
:1089D000EFF764BD054608460C46F9F7C9BC50469A
:1089E00021464246FDF7A4BD5846CDF808B1F7F739
:1089F00007BE30464146BDE80007F0BD08461146B7
:108A00001A46FBF71DBD084611465822F8F7C8BDA7
:108A100010609068431C936080BD00F8014B686053
:108A2000FF20B0BD41F254505844F6F780BA41F2ED
:108A300034505844F6F76DBA204649462A46F5F7B1
:108A400050BC41F244505844F6F77DBA41F24450CC
:108A50005844F6F75EBADDE91363DDE9115C70474F
:108A6000002209F5EE7307C3C9F8E8217047002317
:108A70000B7201EBC203D3E90334704731880180E4
:108A8000B17881707047A5F80D00022068777047B3
:108A90000BF6DC618BF8DC0ECBF8D40C70470BF6D0
:108AA000D444D8F800207047CBF8D40CCBF8D81CAD
:108AB00070479BF84E0320479BF84D03204743F631
:108AC0000850002100237047A0FB020301FB023184
:108AD00070479DF8D00121F0FF0170478DF8F80430
:108AE00008F101002146B72270471B9A0228DDF8E1
:108AF0006910704775999DF8D04120F0FF05002955
:108B0000704775999DF8D051002970474C909DF899
:108B10007C01779A8DF834017047DAF828108DF8C7
:108B2000700370475FFA80FBBBF1000F704781F460
:108B3000404142F82010704706C05522DDF80CB0C5
:108B4000297801707047D4E90001C4E90501C4E93E
:108B500002017047DAF8000001990130CAF80000FC
:108B600070470024042104230022704789980F9045
:108B70009DF830020E908B98704724A90F9E0846EE
:108B800096E82C002CC07047199DF9F755BBC822F8
:108B900014F0C8B8119A0228DDF841107047D0E9E6
:108BA00001236065981A84F8645070471998B022C0
:108BB00000F108017047C2B2022A6FF0010252FAB6
:108BC00080F2704708F10100B0FBF2F101FB1200E6
:108BD0007047D1E90101C4E901017047BBEB050011
:108BE000CDF880067047C0F30725C1B2022970474F
:108BF000D8F800200BF6D448704795F8009095F807
:108C000001A07047C04300064FF0020070470FCB31
:108C100041EA030540EA0206354370474146E2F760
:108C20003FB860F35F08CDF8108070479DF810B032
:108C3000BBF1FF0F7047484614F0C9BE4846F5F730
:108C400050BBDBF85002DBF85312CDF8CB11704764
:108C50007090080C8DF8C6019BF86703704794E884
:108C60006E0048466EC07047102214F007B84046A8
:108C7000DDF70EB94FF0FF31026811FA86F191422B
:108C800070470021FAF716BE01214FF0040BC00710
:108C90008DF8291370475046FCF774BA2146E8F75F
:108CA00051BB2146E1F7FCBF91E81C001CC001202C
:108CB0007047CDE912010020149070473046F5F757
:108CC000BDBB2046F7F73EBA2046FEF70ABB20465A
:108CD00014F0E1BC2046D8F709BE2046DDF7D8B82D
:108CE000D9F8441091F82900704704460868904666
:108CF0000B79D0E90012704700203F9000202E90A1
:108D00007047202800F01F0070470139416000685B
:108D100070479DF8D001FF287047769ABDF8D08142
:108D200070479DF8F854FF2D70479DF87053FF2D44
:108D3000704714460A4601467047FF208DF83002FE
:108D40007047306801303060704701208AF80000B9
:108D500070470220DBF89C2C70474FF0FF302060FA
:108D600070470446087AC0077047D4D42DE9F04F05
:108D7000ADF2CC4D136800AFDB4303F0010807F1FF
:108D8000080A78608B4650461146424601F01AFCAC
:108D90006B494FF4806207F1C80014F01EFE4FF0DB
:108DA0001F0909F101056E0907F10803F21C05F01E
:108DB0001F0553F82240721DEC4053F82220EA4070
:108DC0006400920002F0040204F002041443721CD6
:108DD000B9F11F0F53F8222022FA05F202F0010226
:108DE00044EA020476D107F5996303EB8414A4F5F1
:108DF00000740FCC07F1680CACE80F000FCCACE8A6
:108E00000F000FCCACE80F0094E80F008CE80F00C7
:108E1000DFF830C1BCE80F0007F1A8040FC49CE8DC
:108E20000F0084E80F00B31D5AF8233023FA05FC25
:108E3000B31C0CF0010C5AF82340331DEC405AF8D7
:108E40002330EB4064009B0003F0040304F00204B1
:108E50001C435AF82630EB4003F001030CF1FF3CB1
:108E60001C4384EA0C0407F5996304F0070403EB40
:108E70008414A4F580640FCC07F128050FC50FCC2E
:108E80000FC50FCC0FC594E80F0085E80F0007F160
:108E900048010CF00102084601F096FB0123002274
:108EA00007F1280107F1680001F009FAB9F1010999
:108EB000BFF477AF786807F16802594601F00BF903
:108EC00042465946584601F07FFB07F2CC47BD4663
:108ED000BDE8F08F07F16801084601F024F97B6ACC
:108EE00023FA05FE0EF0010E0EF1FF3E84EA0E0499
:108EF00007F5996304F0070403EB8414A4F50074E8
:108F00000FCC07F1280CACE80F000FCCACE80F0039
:108F10000FCCACE80F0094E80F008CE80F0007F1CD
:108F200048010EF00102084601F04EFB0123002229
:108F300007F1280107F1680001F0C1F973E700BFEC
:108F4000E4530400E45704002DE9F04FADF22C4D3A
:108F500000AF8946D7F8501478600C68E44307F1F5
:108F6000080804F001044046924622461D4601F0DE
:108F700029FB98F8003007F1280603F00F0333703F
:108F800030460122D31002F0070158F8233090F840
:108F900000C08900CB4003F00F03D943090101F061
:108FA0001001ACEB010100F8011B013243F0010399
:108FB000402A0370E6D107F594785246C4460AF178
:108FC000200E10685168634603C3083272459C4600
:108FD000F7D12B4603F1200C07F5A47518685968E2
:108FE0002A4603C2083363451546F7D1DFF8F4C0BB
:108FF000BCE80F0007F5B4750FC59CE80F0085E8C5
:109000000F00414607F5727001F08DF845464FF0AC
:10901000010AAB466035602207F57271284614F0EC
:10902000DCFC00231A46594628460AF1010A01F0E1
:1090300046F9BAF1080FECD196F93F3023F001015F
:1090400001EB630108EB4111602207F1680014F0A5
:10905000C4FC4FF03E084FF0600A042507F1680198
:10906000084601F060F8013DF8D116F908B04FEA62
:10907000DB72C2EB021282F00F01CBF10000104054
:1090800001EA0B01014307F5856349080AFB013139
:109090006022A1F5407107F1C80014F09EFC07F1B1
:1090A000E80108464FEADB7201F08EFA2B462A46A9
:1090B00007F1C80107F1680001F001F9B8F10108F2
:1090C000CBD2786807F16802494601F004F82246DD
:1090D0004946484601F078FA07F22C47BD46BDE8FC
:1090E000F08F00BFE45704002DE9F04383B002AFD6
:1090F000054618463C6A0E469146984600F0A1FC8B
:1091000028B9002420460437BD46BDE8F083204638
:1091100000F097FC0028F4D04146284600F072FC8D
:109120002146304600F06EFC3146284600F032FF02
:1091300004460028E5D0CDF8009033462A46314653
:109140002846FFF701FFDDE7F0B5002355088C182E
:1091500000AF02449D4200D1F0BD11F803C014F8E5
:10916000016D02F801CDC6540133F3E72DE9F0415A
:10917000054600AF10460C46904600F0C7FE064676
:1091800060B1424621462846FFF7F0FD29462846B1
:1091900000F044FC2146204600F040FC3046BDE88B
:1091A000F08180B400AFBD4680BCFFF7DFBFB0B533
:1091B00092B002AF00930546134638460A4607F1BF
:1091C0002001FFF791FF044640B13946384600F0D0
:1091D00025FC202239462846FFF7B6FF20464037B7
:1091E000BD46B0BDB0B5042300AF0446154600F837
:1091F000013B2022FFF7A8FF2022294604F121008D
:10920000BD46BDE8B040FFF79FBF2DE9F041202BE0
:1092100090B0064600AF0C461546984601D800208F
:109220002FE02022691CFFF78FFF00F00AFC0028C6
:10923000F5D02A78042A02D05308032B25D1B8F19F
:10924000410FECD1202205F121012046FFF77CFFE0
:1092500000F0F7FBA8B12B785A08032A03D1226843
:109260005340DB07DBD43146384600F0CBFB2146C8
:1092700007F1200000F0C6FB07F12001384600F09E
:1092800089FE4037BD46BDE8F081012BC7D1B8F15A
:10929000210FC4D102F00102314620464037BD46BD
:1092A000BDE8F04100F0C2BE2DE9F04F044615467E
:1092B0000E46482100F02CF895E8075F092720CEDC
:1092C000C0B4002394E8C000E5FB6063E5FB617374
:1092D000C0C494E8C000E5FB6263E5FB6873C0C4EA
:1092E00094E8C000E5FB6963E5FB6A73C0C494E8D9
:1092F000C000E5FB6B63E5FB6C73C0C42668E5FB4F
:109300006E3648C4243CC0BC013FD8D1BDE8F08FC4
:10931000002200230CC00839FCD1704700B502EED2
:10932000102A91EC084A3CCA5AEC140AA2FB0061CC
:10933000A3FB007CE2FB6A7147EC106AA4FB008689
:10934000E3FB6A81A5FB0097E4FB6A91E5FB6A17E2
:1093500050EC15EAE2FB6E8CE3FB6E9CE4FB6E1CAA
:10936000E5FB6EC7E2FB6096E3FB6016E4FB60C6BC
:10937000E5FB606749EC118A5EEC16AA4FF0000924
:10938000E2FB6A19E3FB6AC9E4FB6A69E5FB6A79F7
:109390004FF0000AE2FB6ECAE3FB6E6AE4FB6E7AF2
:1093A000E5FB6E9A17EE108A4FF0000EE2FB68E6BE
:1093B000E3FB6876E4FB6896E5FB68A617EE908A07
:1093C0004FF0000BE2FB687BE3FB689BE4FB68ABC0
:1093D000E5FB686B12EE102A10323CCA14EE108ABC
:1093E0000020E2FB681002EE101AE3FB68C0E4FB09
:1093F00068E0E5FB680714EE908A0021E2FB68C193
:1094000002EE90CAE3FB68E1E4FB6801E5FB681744
:1094100015EE108A4FF0000CE2FB68EC03EE10EA48
:10942000E3FB680CE4FB681CE5FB68AC15EE908A76
:109430004FF0000EE2FB680E03EE900AE3FB681E9D
:10944000E4FB68AEE5FB686E58EC160AE2FB6019B7
:1094500004EE101AE3FB609AE4FB60A6E5FB60B63D
:10946000E2FB6897E3FB68A7E4FB68B7E5FB686786
:1094700058EC170AE2FB60ACE3FB60BCE4FB606CF9
:10948000E5FB607CE2FB68BEE3FB68E6E4FB686743
:10949000E5FB687C47EC366A07EE90CA51EC100A8F
:1094A00053EC112A55EC124A57EC136A14EE108A49
:1094B0004FF0000C1B184C41554146414F4158EBB1
:1094C000000859EB01095AF1000A5BF1000B5CF14D
:1094D000000CF618674158EB020859EB03095AEBE8
:1094E000020A5BEB030B5CF1000C3F1A78EB0108FE
:1094F00079EB02097AEB030A7BF1000B7CF1000C9B
:1095000052EC361A17EE903A1EEB0C0051F10001A6
:109510004FF0000C5CF1000C58EB050859EB060904
:109520005AEB040A5BEB050B6041694152EB0C02FC
:1095300053F100034FF0000C5CF1000C5AEB070AEA
:109540005BF1000B7041794172417B415CF1000C91
:10955000BBEB040BA841B141BA4173F100037CF1AC
:10956000000CB8F1FF3879F1FF397AF1FF3A7BF15D
:10957000000B70F1000471F1000572F1010673F146
:10958000FF376CF1000C18EB0C0059EB0C015AEB97
:109590000C025BF1000354F1000455F1000556EB99
:1095A000DC7657EB0C0700BD00B5A0FB009AA0FBD2
:1095B00001BC1BEB0B0B4FF0000EEEFB6EAB4AEC4D
:1095C000109A4FF00008E0FB628C58EB0808E1FBB2
:1095D000618BA0FB039AE1FB629C59EB0909EEFB4E
:1095E0006E9B49EC118A4FF00009E0FB649AE1FBA5
:1095F000639C59EB0909E2FB629B02EE109AA0FB07
:109600000598E1FB649AE2FB639C59EB0909EEFBC8
:109610006E9B02EE909A4FF00009E1FB6598E2FB29
:10962000649CE0FB669A59EB0909E3FB639B03EE3C
:10963000109AA0FB0709E1FB660AE2FB650CE3FB5D
:1096400064084041EEFB6E0BE1FB6798E2FB669A13
:10965000E3FB65C95CEB0C0CE4FB64BCE2FB6798C4
:10966000E3FB66A90022E4FB65A25AEB0A0AEEFBC3
:109670006ECAE3FB6728E4FB669259EB0909E5FB38
:1096800065A90023E4FB6738E5FB66325B41EEFB2E
:109690006E93E5FB678258EB0808E6FB6638AEFB85
:1096A0000E45E6FB67426441EEFB6E485241E7FB24
:1096B000678252EB0E0248EC364A07EE902A52ECD3
:1096C000101A57EC118A55EC126A13EE104A4F41EA
:1096D000564155EB08054C4150415BEB010B5CEBEF
:1096E000020C5AF1000A59F100095EF1000EE4196A
:1096F00070415BEB080B5CEB070C5AEB080A59EB6B
:1097000007095EF1000E401A7BEB020B7CEB080CA4
:109710007AEB070A79F100097EF1000E58EC367AEF
:1097200017EE902A13EB0E0157F100074FF0000ED1
:109730005EF1000E5BEB050B5CEB040C5AEB060ACA
:1097400059EB050971416F4158EB0E0852F10002C7
:109750004FF0000E5EF1000E5AEB000A59F10009BD
:109760006141474158EB040842415EF1000EB9EBFC
:109770000609A941A74178EB000872F100027EF1C9
:10978000000EBBF1FF307CF1FF3C7AF1FF3479F140
:10979000000971F1000677F1000578F1010A72F114
:1097A000FF387EF10007C0195CEB070154EB07029C
:1097B00059F1000356F1000455F100055AEBD77634
:1097C00058EB070700BD91E8F807B2E803181B1A29
:1097D0008C4175EB0B0576EB0C0692E8031887417C
:1097E00078EB010879EB0B097AEB0C0A7BEB0B0B9E
:1097F00013EB0B0054EB0B0155EB0B0256F100037E
:1098000057F1000458F1000559EBDB765AEB0B07D2
:10981000704792E8FC03B1E8011C121853EB0A03ED
:1098200054EB0B0455EB0C0591E8031846414F41EE
:1098300058EB0B0859EB0C095FF0000A5AEB0A0AC7
:10984000B2F1FF3273F1FF3374F1FF3475F10005AB
:1098500076F1000677F1000778F1010879F1FF3918
:109860007AF1000A12EB0A0053EB0A0154EB0A02E8
:1098700055F1000356F1000457F1000558EBDA7674
:1098800059EB0A0770472DE90041FFF78DFEDDF81F
:109890000080B8F10108CDF80080F6D1BDE8008164
:1098A0002DE90042FFF7EFFFFFB46946089AFFF782
:1098B00035FD09B000BD2DE9FF414FF00108E94633
:1098C000FFF7EEFFFFB4FFF76FFEFFF76DFEFFB48B
:1098D000694608AAFFF722FD0DF1200888E8FF007D
:1098E0004FF004080DF12009FFF7DAFFFFB44FF045
:1098F0000808E946FFF7D4FFFFB44FF01008E94627
:10990000FFF7CEFFFFB44FF020080DF1A009FFF7DD
:10991000C7FFDDF8C080B8F1000F28D14FF08008F4
:10992000E946FFF7BDFF4FF02008E946FFF7B8FF13
:109930004FF010080DF12009FFF7B2FF4FF00808B3
:109940000DF14009FFF7ACFF4FF004080DF180095D
:10995000FFF7A6FF4FF004080DF16009FFF7A0FF25
:109960008DE8FF00694628AAFFF7D8FC09E04FF010
:1099700060080DF1A009FFF793FF4FF05E08FFF7B5
:1099800082FF31B000BD0018494152415B41644142
:109990006D4176417F414FF0000858EB0808B0F167
:1099A000FF3071F1FF3172F1FF3273F1000374F196
:1099B000000475F1000576F1010677F1FF3778F1C3
:1099C000000810EB080051EB080152EB080253F1BC
:1099D000000354F1000455F1000556EBD87657EB1F
:1099E000080770470300000000000000FFFFFFFFB2
:1099F000FBFFFFFFFEFFFFFFFFFFFFFFFDFFFFFF7E
:109A0000040000002DE9F14FAFF22802FFF786FCB9
:109A10005DF8048B88E8FF00BDE8F08F2DE9F14F79
:109A2000002200230CB40CB40CB401220CB46A461E
:109A3000FFF774FC08B05DF8048B88E8FF00BDE810
:109A4000F08F2DE9F04190E8FE015FF0FF30091A38
:109A50008241834174F1000475F1000576F100063E
:109A600077F1010778EB00088041C00FBDE8F08175
:109A7000FE9BDFEE85FD2F01216C1ADF5205194395
:109A8000FFFFFFFFFEFFFFFFFFFFFFFF00000000E3
:109A90000100000000B50FF2504A9AE8005CB0EBFC
:109AA0000A0071EB0B0172EB0C0273EB0E0374F105
:109AB000FF3475F1FF3576F1000677F1FF3778F165
:109AC000000869EB09090AEA090A0BEA090B0CEA22
:109AD000090C0EEA090E10EB0A0051EB0B0152EBD8
:109AE0000C0253EB0E0354EB090455EB090556F138
:109AF000000657EB090758F1000800BD2DE9F14FAA
:109B00009BB08A4609A81C31AFF29C02FFF7CCFB40
:109B1000684612A9F4A2FFF7C7FB9AE8FF01BDE867
:109B2000001EB0EB090071EB0A0172EB0B0273EB44
:109B30000C03BDE8005E74EB090475EB0A0576EBD7
:109B40000B0677EB0C0778EB0E08FFF7A3FFFFF788
:109B5000A1FF12B05DF8049B89E8FF00BDE8F08F1B
:109B60002DE9F14FFFC94FF00008FFF793FF5DF8B3
:109B7000048B88E8FF00BDE8F08F2DE9F14F8C469B
:109B800092E8F00FBCE80F000019694172417B4177
:109B90009CE8F00054EB080455EB090556EB0A0667
:109BA00057EB0B075FF0000858EB0808FFF772FF50
:109BB000FFF770FF5DF8048B88E8FF00BDE8F08FC9
:109BC00000232DE9F847044691E8EA072DE9EA0762
:109BD000002102B492E8EA072DE9EA0792B068464C
:109BE00012A91BAAFFF760FB20466946FFF786FF14
:109BF00024B0BDE8F0872DE9F841012400250026B6
:109C000001274FF01F0E431E4FEAC27C2CEA0303CC
:109C1000DB174FEAD3785840C01A01FB03FC994385
:109C2000E2FB081CE2FB632C04FB03FC9C43E6FB09
:109C3000084CE6FB636C05FB03FC9D43E7FB085CFB
:109C4000E7FB637C12F0010C01300CFB01F3D2182E
:109C50005208ECFB0468ECFB057824196D19BEF181
:109C6000010ED0D108BCF0C3BDE8F0812DE9F04F62
:109C700000EA4004E4176040001B01EA4105ED17CB
:109C80006940491B40CA576A74407D406C4020C3FC
:109C90000EB4B2E8EA0F6140634065406640674039
:109CA00088EA040889EA04098AEA040A091BA3412C
:109CB000A541A641A74178EB040879EB04097AEBAA
:109CC000040A84EA0B04A0FB011E0022A2FB02BCD2
:109CD000E0FB632EE0FB65BEACFB0C35E0FB663EB3
:109CE000E0FB675EACFB0C67E0FB686EE0FB697E47
:109CF000E0FB6ACE00FB04EE11BC2834B4E800039C
:109D00004FF0000AE0FB681AE0FB692A491852414B
:109D1000B4E80203E0FB61ABE0FB68B3E0FB69354C
:109D20005AEB0A0A5BEB0B0B5B4194E81203E0FB76
:109D30006156E0FB6467E0FB687CE0FB69CE6D4147
:109D400076417F415CEB0C0C7EEB0E0E6FEA0E0E43
:109D500002BCA1E8040CA1E8E850BDE8F08F00BF08
:109D60002DE9F04F00EA4004E4176040001B01EACF
:109D70004105ED176940491B40CA176A74407D4090
:109D80006C4020C30EB492E8EE0361406240634031
:109D900065406640674088EA040889EA0409091BAF
:109DA000A241A341A541A641A74178EB040879EB64
:109DB0000409A4415FEAD47E4FF0000CDFE94AAB0E
:109DC000EEFB6A1CEEFB6B2CDFE949ABEEFB6A3C59
:109DD000EEFB6B5CEEFB646CEEFB647C4FF0000A08
:109DE000EEFB6A8CEEFB649CAAFB0ABEA0FB01AEF4
:109DF000ABFB0B1CE0FB62BEE0FB631EACFB0C2369
:109E0000E0FB652EE0FB663EACFB0C45E0FB674EDD
:109E1000E0FB685EE0FB69CE41BC2436B6E8000397
:109E20000027E0FB68A7E0FB69B7B6E80003E0FBAA
:109E30006817E0FB6927B6E80003E0FB6837E0FB42
:109E40006947B6E80003E0FB6857E0FB69C7BE441A
:109E500024480AFB00F00026DFE92389E0FB68A61E
:109E6000E0FB69B6BBEB080BDFE9218AE0FB681673
:109E700071EB0901E0FB6A264FF0FF39E0FB693620
:109E8000E0FB69460027E0FB6756E0FB69C6E7FB9D
:109E900067E672EB080273EB0A0374EB090475EBD7
:109EA00009057CEB070C7EEB090EBE41DFE90E09CC
:109EB000F60FE6FB607BE6FB691BE6FB682BE6FB27
:109EC0006A3B7042E6FB604BE6FB605B4FF00008CC
:109ED000E6FB68BCE6FB60CE40BC80C6A6E83E1848
:109EE000BDE8F08F4FBC00EE512563FCC2CAB9F348
:109EF000849E17A7ADFAE6BCFFFFFFFFFFFFFFFF41
:109F000000000000FFFFFFFF000000002DE9F04F00
:109F100090E8FE0151EA02001843204328433043F1
:109F2000384350EA080013D0AFF24400B0E8001EF6
:109F3000B1EB090172EB0A0273EB0B0374EB0C0437
:109F40000FC885418E41974178EB03088041C00FCF
:109F5000BDE8F08FDFBDC42962DF9CD890308478E3
:109F6000CD05F0ACD62E21F7AB20A2E5344887040E
:109F70001D0630DC030000000000000000000000AF
:109F8000FDFFFFFFFFFFFFFFFFFFFFFFFCFFFFFFE6
:109F9000020000002DE9F14FFFC9FFF705FBFFB4F8
:109FA0000898FFC8FFF700FBFFB46946AFF23C0218
:109FB000FFF709FC8DE8FF0010996A46FFF7AEF93C
:109FC0008DE8FF0008A96A46FFF7FDFBAFF27C08A9
:109FD000B8E8001E90EA090002BF91EA0A0192EA7D
:109FE0000B0293EA0C0398E8001E01BF94EA0904EF
:109FF00095EA0A0596EA0B0697EA0C074FF000006F
:10A0000008BF012011B0BDE8F08F00BFFFFFFFFFC8
:10A01000FFFFFFFFFFFFFFFF000000000000000048
:10A020000000000001000000FFFFFFFF2DE9F54FD9
:10A0300088B06846FFF7E6FC9DE8FF00FFF7B4FA3A
:10A04000FFB46946AFF2D402FFF7BDFB8DE8FF0015
:10A0500008A96A46FFF762F98DE8FF006946AFF28A
:10A060000C12FFF7D6FB8DE8FF004FF00108FFF759
:10A0700022FC0DF1200888E8FF00FFF795FABDE803
:10A08000000F98EA000802BF99EA01099AEA020A59
:10A090009BEA030BBDE8000F01BF98EA040899EAA8
:10A0A00005099AEA060A9BEA070B18BF00200FD1A0
:10A0B00068466946FFF7B2FC009BDDE9080103F042
:10A0C00001024A406946AFF2BC0300F05EFA01208B
:10A0D0000AB0BDE8F08F2DE9F74F4032FFCA4FF0CC
:10A0E0000008FFF7E8FBFFB4FFF75EFAFFB408A92A
:10A0F0006A46FFF713F90DF1200888E8FF0069466A
:10A10000129AFFF70BF9DDF8408088E8FF00129AF9
:10A1100008A92032FFF702F9DDF8448088E8FF0043
:10A1200013B0BDE8F08F2DE9F34F4031FFC9FFF7C1
:10A130003BFAFFB40999203101F12002FFF7EEF854
:10A14000DDF8208008F1400888E8FF0009996A4698
:10A15000FFF75FFBFFB4119908AAFFF734FB0DF17D
:10A16000200888E8FF0008A96A46FFF7D7F80DF134
:10A17000200888E8FF004FEAC07810EBE87051EB48
:10A18000E87152EBE87253F1000354F1000455F109
:10A19000000556EBD87657EBE8775FEA37075FEABA
:10A1A00036065FEA35055FEA34045FEA33035FEAA7
:10A1B00032025FEA31014FEA30008DE8FF0008A962
:10A1C0006A46FFF726FB0DF1200888E8FF00FFF73D
:10A1D000EBF98DE8FF0011982030FFC8FFF7E4F994
:10A1E000DDF8408008F1200888E8FF00FFF7DCF97F
:10A1F000FFB4DDE9180100F12002FFF78FF8DDF868
:10A20000608008F1200888E8FF00FFF7BCFBDDF85C
:10A21000608088E8FF0008A94246FFF7D4FADDF81D
:10A22000608088E8FF00424602F12001FFF7CBFA88
:10A230000DF1200888E8FF0010A908AAFFF76EF8C2
:10A240000DF1400888E8FF0010A96A46FFF7BBFA45
:10A25000DDF8608008F1200888E8FF001AB0BDE84A
:10A26000F08F00B5B1E8E01FA0E8E01FB1E8E01F03
:10A270008AB14FF0000E5442651B74EB060674EB76
:10A2800007077EEB08087EEB09097EEB0A0A72EBF2
:10A290000B0B74EB0C0CA0E8E01F23B991E8E01F56
:10A2A00080E8E01F0AE00024A4FB045AE643E743E9
:10A2B0004FF0FF386FF0010980E8F80700BD2DE985
:10A2C000FF4F00F1400494E8F00F2C4334433C432B
:10A2D00054EA080454EA090454EA0A0454EA0B0450
:10A2E00004D1FFF7BEFF04B0BDE8F08FFBB94031E9
:10A2F000FFC9FFF759F9FFB408996A46FFF70EF84E
:10A30000DDF8208088E8FF00099940316A46FFF7B0
:10A3100005F88DE8FF00089920316A46FEF7FEFF38
:10A32000DDF8208008F1200888E8FF0000E088B010
:10A3300008994031FFC9FFF737F9FFB411996A4610
:10A34000FEF7ECFF0DF1200888E8FF00109940317E
:10A350006A46FEF7E3FF8DE8FF00119920316A4657
:10A36000FEF7DCFF8DE8FF00109908AAFFF72BFA33
:10A37000DDF8408088E8FF00FFF716F9FFB4189A6F
:10A3800002F14001FEF7CAFFDDF8608008F14008E5
:10A3900088E8FF001B9951B9199940314246FEF7F0
:10A3A000BDFFDDF8608008F1400888E8FF001899DB
:10A3B0006A46FEF7B3FFDDF8608088E8FF000143DE
:10A3C0001143194321432943314351EA070001B4A2
:10A3D0001999203109AA1B9B13B1FFF71AFA01E062
:10A3E000FFF7F1F9DDF8648008F1200888E8FF0044
:10A3F0005DF8048B01431143194321432943314341
:10A40000394351EA08010BD118B09DE80F00FFF75E
:10A4100028FF0098014604B0FFF785FEBDE8F08FE5
:10A4200010A96A46FEF77AFF0DF1400888E8FF00A0
:10A4300018982030FFC8FFF7B7F88DE8FF0008A98B
:10A44000189AFEF76BFF0DF1200888E8FF006946B7
:10A45000189AFFF7B8F9DDF8608088E8FF0010A8C7
:10A46000FFC8FFF790FA8DE8FF0018996A46FFF7DA
:10A47000AAF9DDF8608088E8FF0010A9189AFFF7B4
:10A48000A2F98DE8FF00189920316A46FEF746FFD1
:10A490008DE8FF001A98694608AA10B1FFF7B9F9CC
:10A4A00001E0FFF790F9DDF8608008F1200888E806
:10A4B000FF001CB0BDE8F08F2DE9F34F88B001F12B
:10A4C0004001FFC9FFF770F8FFB408431043184379
:10A4D000204328433043384353D0109908A8FFF74E
:10A4E00091FA08A96A46FEF719FFDDF84480B8E83A
:10A4F000001E90EA090002BF91EA0A0192EA0B02EB
:10A5000093EA0C03B8E8001E01BF94EA090495EA37
:10A510000A0596EA0B0697EA0C074FF0010031D0C6
:10A52000AFF23C6090E8000F109850B3FFC810EBFA
:10A53000080051EB090152EB0A0253EB0B0354F1F3
:10A54000FF3455F1FF3556F1000657F1FF3718D2A9
:10A55000B0F1FF3871F1FF3872F1FF3873F1000884
:10A5600074F1000875F1000876F1010877F1FF3801
:10A5700007D20DF1200888E8FF0000221092414622
:10A58000ACE7002012B0BDE8F08F2DE9F041C2F138
:10A5900001080826FF1BB1E81010B3E82040A541D0
:10A5A000A8FB0447E2FB65477EEB0C0EA8FB0CC73B
:10A5B000E2FB6EC7A0E81010A6F1020606B1EAE7BA
:10A5C000BDE8F081024BE0E7AFF2C053DDE700BF2A
:10A5D000E89E0200064B074ADB7802604FF44272A5
:10A5E0008280C3710822002382710372704700BF0A
:10A5F000D8E7032011640300064B074ADB7A0260A8
:10A600004FF4B0728280C3710822FF2382710372FB
:10A61000704700BFD8E70320C95203002DE9F3417A
:10A62000C41D002824F00704064614BF204600205D
:10A6300000F08EFF071E04DA6FF00B0002B0BDE8D9
:10A64000F081364DE988A8886B7A2A7A0331033085
:10A6500089B280B201F020F90028EDDBA978EB780F
:10A660003C440334002E194424F0030400FB01F1A0
:10A6700014BF2046002001F023F920440EB9002821
:10A68000DADBEA7A0446B2B1EB7B697C1344194405
:10A69000FF29D1D80330002E20F0030414BF204638
:10A6A0000020AA89C9B201F0A9F90028C4DB04443A
:10A6B0000EB9002CC0DB012000F040FFB0B1A97B37
:10A6C000A1B195F82A3033B340234FF48172073497
:10A6D000002E24F0070414BF2046002003F086F863
:10A6E0000028A9DB04440EB9002CA5DBAB7AF3B13A
:10A6F000EB7AABB10734002E24F0070414BF2046D8
:10A700000020A97A08F034FC002895DB044476B9CF
:10A71000002C0CDA90E725232822D8E7D8E703207D
:10A72000012000F00BFF10B1AB7B002BE2D1734B8B
:10A730001B6893B1A97D81B10334002E24F003047A
:10A7400014BF20460020EA7D98470028FFF674AF2A
:10A75000044416B9002CFFF66FAF694B1B688BB130
:10A76000297C79B10334002E24F0030414BF204661
:10A77000002098470028FFF65FAF044416B9002C6C
:10A78000FFF65AAF5F4B1F68AFB1697C99B12B7D63
:10A7900000930334002E24F0030414BF204600204D
:10A7A000EB7CAA7CB8470028FFF646AF044416B9F4
:10A7B000002CFFF641AF072000F0C0FE98B1A97D44
:10A7C00089B10334002E24F0030414BF2046002076
:10A7D0002A7E01F0E7FA0028FFF62EAF044416B9EE
:10A7E000002CFFF629AF95F82300B6FA86F77F090B
:10A7F000A0B16B7FA97E033424F00704194444F010
:10A8000004043B462246C9B201F032FB0028FFF6A1
:10A8100013AF044416B9002CFFF60EAF95F82410C0
:10A8200000294CD004F10708002E28F0070814BFB7
:10A8300040460020EA8C01F0B5F8041EFFF6FCAE9D
:10A840004444002E3ED1002CFFF6F6AEA97F00292D
:10A8500045D095F82230002B41D02A8C0734002EA9
:10A8600002F1240224F0070814BF4046002092B2EF
:10A8700001F098F80028FFF6DFAE404416B9002832
:10A88000FFF6DAAE2B7FA97E033020F0070040F000
:10A890000404194495F822003B462246C9B201F04F
:10A8A000D9FA0028FFF6C8AE044486B9002CFFF69A
:10A8B000C3AEEB6AF3B1C6B1EC620020BEE6002E77
:10A8C000C4D08846E98C40460EF030FCBEE72A8CA6
:10A8D000A97F083292B240460EF02EFCE9E7002E26
:10A8E000E7D0002211461046F6E728343FF5A4AE23
:10A8F0002046A3E6002EE0D1FAE700BFC4F2032011
:10A90000C8F20320CCF203201FB572B6194B1D6BA1
:10A91000EDB9BFF34F8F1849184BCA6802F4E062D3
:10A920001343CB60BFF34F8F00BFFDE72346B2FB5D
:10A93000F6F25C1C002AF9D104AEDCB256FA83F3BD
:10A9400003F80C2C0A2234B901A8A847E1E7024613
:10A9500000230A26EDE7631E04AEDCB256FA83F349
:10A96000B0FBF2F602FB1600303003F80C0C304658
:10A97000E9E700BFD8E7032000ED00E00400FA0596
:10A9800013B5124C2389ADF80030E388ADF80430DC
:10A990006846A388ADF8023005F010F918B1FA2125
:10A9A0009C20FFF7B1FF207D05F024F908B1FD21BF
:10A9B000F6E7E07C05F018F908B1FE21F0E794F81D
:10A9C00028000CF01FFC02B010BD00BFD8E7032028
:10A9D00008B500F0DBFA05F0E5F9FFF7D1FF00203C
:10A9E00008BDD4D438B5054600283DD011F030FC60
:10A9F00010B94FF0FF3038BD0EF0C4FFB0F5FA7F4C
:10AA0000F7D81B4C25631B2500212A4604F10F00B3
:10AA100084F83410217084F82A10E16211F00AFFE2
:10AA20000123A370E370E372A3742376F723032159
:10AA300008202384FB2302222172A072A1731F200D
:10AA40004921E3840A23A580E5806272A081E17434
:10AA5000E27584F82830EFF3108472B601F018FA2A
:10AA600004B962B60020C6E76FF01500C3E700BF67
:10AA7000D8E7032038B51446002840F0C480634D61
:10AA800095F83430032B00F0BB80B9B112B96FF0E8
:10AA9000150038BD0139172900F2B580DFE801F053
:10AAA0000C1D20366069873C6C6F814248565B8D77
:10AAB000909FA2A596B3B3A81378AB700020FFF7C0
:10AAC000ADFD0028B7BF0123022385F834306FF0B5
:10AAD0000B00A8BF85F83430DBE71378EB70EDE7A7
:10AAE0001379002BD3D05379002BD0D01288FB2AB6
:10AAF000CDD863881B3B9BB2E02BC8D81A2AC6D995
:10AB000023686B60424BA2889A80D7E71378EA7B70
:10AB10009342BCD3EB72D1E71378EA7A9342B6D86A
:10AB2000EB73CBE71378EA7A9342B0D86B74C5E73E
:10AB30001378002BABD05378013BDBB2F82BA6D8AF
:10AB400013886B82334B92789A70B7E710786875E8
:10AB50000CF0E0FAB2E71378002B98D02B76ADE733
:10AB6000012000F0EBFC237808B1012B8FD9AB73E7
:10AB7000A4E71388AB81A1E71378AB759EE70720A4
:10AB800000F0DCFC10B92378012B80D9072000F0FD
:10AB9000D5FC18B12378002B3FF479AF2378EB75FF
:10ABA0008CE71378082B3FF672AF2B7486E7138877
:10ABB000FF2B3FF66CAFAB7280E713786B767DE7C7
:10ABC00013780E2B3FF663AFAB7677E72368124A14
:10ABD000C5F81E3063685360238913816EE71378CC
:10ABE000EB766BE713786B7768E713782B7765E77D
:10ABF00013785A1E092A3FF64AAF85F828305DE7D8
:10AC00004FF0FF3045E76FF02C0042E7D8E7032014
:10AC1000DCE70320EAE70320F6E70320F8B50D465A
:10AC2000064630B329B311F0070422D1124F97F82A
:10AC30003430012B02D16FF00B00F8BD032B02D191
:10AC40004FF0FF30F9E701F061F90028F8D028460D
:10AC5000FFF7E4FC0028EEDB0CF0DAFA3046F96A84
:10AC600005F08EF8FFF78CFE032387F8343020467A
:10AC7000E3E76FF01500E0E7D8E7032010B5074CD5
:10AC800094F83430032B03D105F08CF806F09AFDCC
:10AC900001F02CF9002084F8340010BDD8E703201F
:10ACA00008B505F037F8BDE808400249032000F078
:10ACB0003DBC00BFF9A5020008B505F03FF8BDE8AE
:10ACC00008400249022000F031BC00BFD5A50200B7
:10ACD00004F09EBF04F0AABF04F0ABBF38B5054630
:10ACE0000C4600F067F930B13E2D04D12046BDE896
:10ACF000384000F0A3B938BD37B50446204606F009
:10AD000099FD022805460FD004280DD123788A2BFF
:10AD10000DD0942B21D0204600F038F8A17820786F
:10AD2000FFF7DCFF0028E9D0284603B030BD05213D
:10AD30003E20FFF7D3FF0028EDD1E378227901A967
:10AD400043EA02236846ADF8003004F027FF0028EC
:10AD5000D4D053210820FFF7D7FD1A213E20FFF75A
:10AD6000BDFF0028D7D16379A27943EA0223ADF869
:10AD700004306946112301A88DF8063004F040FF25
:10AD80000028BBD06521E5E706F030BC10B503789C
:10AD9000813B04461A2B35D8DFE803F0353B474B9F
:10ADA000556D730E6741818761777B8D9BB5C0CEF2
:10ADB000E0E6ECF234DAD400292000F03FF930B1BB
:10ADC0003E232370222363702923A3701AE00A20F4
:10ADD00000F034F93E23237018B11F2363700A2357
:10ADE000F3E70123A37013236370E37903F00103F6
:10ADF000E371D4F81A30C4F80E30E38B638294F810
:10AE00002030237510BD3E230370042343701423A8
:10AE1000DBE73E2303700A2343700323D5E73E2379
:10AE200003700D2343700523CFE70523237004230C
:10AE300007E05A2000F0BEF808230028F6D05A2276
:10AE400022706370DEE75B2000F0B4F818B15B237A
:10AE500023700623F5E7302323700323F1E73E2315
:10AE600003700B2343700723AFE73E2303700623D1
:10AE700043700C23A9E71323037083789B000133ED
:10AE8000DFE7572303700223DBE73E2303700D2324
:10AE90009BE73E23037001234370112395E73E2374
:10AEA00003700623437012238FE73E2303700923A8
:10AEB0004370132389E73E230370242000F0BEF87B
:10AEC00018B12423A3701423BBE70E23A37010230F
:10AED000B7E73E230370252000F0B0F8227B20B1B5
:10AEE00025230B32A37062708CE70F23A37002F14D
:10AEF0000803637004F10B0104F108000232BDE89D
:10AF0000104011F057BC3E230370262000F096F845
:10AF100018230028D6D02622A27092E73E23037081
:10AF20002A2000F08BF818B12B2363702A234CE7FA
:10AF30001D236370192348E73E23037007234370E2
:10AF40001A2342E7FF2303700D23437080233CE75D
:10AF5000FF23037029234370812336E73E230370C8
:10AF60000C234370232330E73E2303700E234370EA
:10AF700037232AE73E2303700A234370352324E74F
:10AF80003E230370FE2343702B231EE7074B4FF035
:10AF9000FF3141F6FF72C3E9001205490022C1E901
:10AFA00000221F21C3E90212704700BFA8990320A5
:10AFB00010E803203F280CD801380B4BC0F3421295
:10AFC00000F01F0053F8223023FA00F000F00100D7
:10AFD0007047FF2806D04038C0F34212034B00F000
:10AFE0001F00EFE701207047A899032010E8032015
:10AFF0000146074B006849681A4603C240F48C2298
:10B000001A6041F0107242F4FF625A6000207047EB
:10B01000A89903200246034B0068516803C300202F
:10B02000704700BF10E803200246034B00685168D8
:10B0300003C30020704700BFB09903200138064BBE
:10B04000C0F3421203EB820300F01F009B6823FA57
:10B0500000F000F001007047A899032008B510B96E
:10B060006FF0150008BDFFF78FFE0028F8D0002014
:10B07000F8E710B50C4648B141B1FFF73DFE002896
:10B0800020700CBF6FF02200002010BD6FF0150083
:10B09000FBE7D4D4F0B50C88C37C0288A5B2C4F316
:10B0A0000E0404F118060233865B1A44334497B247
:10B0B00013FA82F3013B4288B3FBF7F313FB074318
:10B0C0009BB29A42044A93BF22EA05032A401343E3
:10B0D0009BB20B80F0BD00BF0080FFFFF8B5941C51
:10B0E0000C446343B3F5004FA8BF4FF0FF330E4647
:10B0F00010F00301054617469CB203D0B02114207E
:10B10000FFF702FCB4F5004F01D9B121F7E7142293
:10B11000043011F08FFBEF746C802E80F8BD38B5D1
:10B120000388C48805898B42C4F30E0203D2D1215F
:10B130001420FFF7E9FB84EA0503C3F30E030BB900
:10B14000AC4206D102F118030122C15282741844A4
:10B1500038BD1846FCE7023101444A43B2F5004FBE
:10B16000A8BF4FF0FF3290B21B3020F00300B0F5C3
:10B17000004F34BF00B24FF0FF30704740881B30A3
:10B1800020F00300B0F5004F34BF00B24FF0FF30A5
:10B1900080B2704738B503888B4203D2F721142060
:10B1A000FFF7B2FB857C65B1C388C3F30E03183388
:10B1B000C25A8A4207D3C152811DFFF76BFF002399
:10B1C0008374284638BD0025FBE70346F0B59E880A
:10B1D000DD88B4B2A54200F11800C6F30E0616D001
:10B1E0005F89DD7C845B3D4402353544E41B2844A3
:10B1F0000D88A4B2A54288BF0C805989B1FA81F1AB
:10B200004FEA511188BF25461170DD81F0BD002540
:10B210002846FAE7F8B58288C389002604460D4619
:10B2200092B20E60CBB1C2F30E0241891832871878
:10B230000B44825A9BB29342438104D94FF4A271CA
:10B240001420FFF761FB04D1011DFFF723FF4681A6
:10B250002F600023E3810120F8BD1846FCE78388B6
:10B2600002899BB29A42014602D00831FFF712BF11
:10B2700070478388C0889BB2C31A584258417047B0
:10B28000828873B5C48895B2AC42C2F30E0202F153
:10B29000180212D04189C689835A314499420EDB83
:10B2A0000DF10601ADF80650FFF7F4FEBDF80600FB
:10B2B000001B18BF012002B070BD0020FBE7012079
:10B2C000F9E770B5C488068984EA0602C2F30E0263
:10B2D0000346C4F30E0518300AB9B4420FD19C8955
:10B2E0001A880CB1465B921B914207DCDA7C2C4435
:10B2F0000232224410440A461A8270BD00221046CF
:10B30000FAE7F8B5038A002B38D08B4236D3C488CD
:10B31000858900F11803C4F30E041E1995B91D5553
:10B32000757085891E5B0D44ADB23144858119531A
:10B33000D2B1811DFFF7AEFE00238381002303827B
:10B340000120F8BD1E5BAE4204D04FF4F67114200C
:10B35000FFF7DAFAC57C878A2644023535445E1940
:10B360005F53857DB570DCE7C27C254402322A44F8
:10B3700099189B5A83828B788375DFE70020E0E77A
:10B380008388C2889BB29A4206D0428922B9C3F30D
:10B390000E0318331844704700207047C37C0233F3
:10B3A000C8187047C37C0233C81A70470230704710
:10B3B00038B58388C2889BB29A4207D045892DB997
:10B3C000011DFFF767FEC581012038BD0020FCE7A5
:10B3D00003881380C388C3F30E03183303440B6040
:10B3E000808970474A1E062A08B50346084604D8D5
:10B3F0004FF4D1711520FFF787FA094A914202D91B
:10B4000040F2A311F6E711B903B1196008BD2BB1E1
:10B410001B680022C3E901211A1D1A600430F5E7F8
:10B42000FAFFFF7F0368002223B9C0E90132031D40
:10B430000360704759681B680A44F5E7072970B52F
:10B44000034604D84FF4EC711520FFF75DFA00684D
:10B45000C0B144681A688C42064610D0106860B9C2
:10B4600001F10805AC420DD3546850501868651AB4
:10B47000541800686560505002E01346E9E714680C
:10B480001C60304670BD0023C1E9003203680B60C8
:10B490000160704730B590B18478B1FBF4F304FBE0
:10B4A000131300EB430252898A4201D1D8B230BD56
:10B4B000C27822B900F10803D0B2844201D8FF203B
:10B4C000F5E733F8025F8D4202F10102F4D1EEE7B5
:10B4D0008278038805324B4303EB420318447047DC
:10B4E00010B5114B00EB41041A786389B3FBF2F3FA
:10B4F00003FB0223013A1A44B2F5706F0279807897
:10B5000028BF00231A440B18B2FBF0F100FB1121F5
:10B510005B1AB3FBF0F100FB113313446FEA4343B2
:10B520006FEA5343638110BD18E80320024B03EB1D
:10B5300080035960704700BF18E80320034B03EBFA
:10B5400080035868003818BF0120704718E80320AE
:10B550002DE9F04F10F0070A85B0054604D040F2FF
:10B560006F111720FFF7D0F9544F07F14C06B14681
:10B570000446B0464FF0010B57F8043B8DF80BA082
:10B580003BB101A898479DF80A30082B01D9F52155
:10B59000E7E79DF80B1041BB05B131604F4506F15F
:10B5A0000406E9D1002D70D0DFF81491002289F84B
:10B5B00000209646122758F827A0013FBAF1000F45
:10B5C00056D09AF804609AF802C0FF2E61D039462E
:10B5D0000023481C39D19C44BCF1FF0F40D90AB16B
:10B5E00089F800E04FF49A71BBE79DF80AC0604605
:10B5F000022838BF02204B1D5A0004EB4303441EAF
:10B600002344BDF808406444013CCCF1000C04EA3A
:10B610000C044042B4F5803F03EA000302D340F239
:10B6200005119EE775B19A1A32609170148082F804
:10B6300003B09DF80C001071019810814FEA104C76
:10B64000A2F806C004FB0134A8E758F8210028B18D
:10B6500090F804B0B34504BF80781B180139B8E7EF
:10B66000DBB2E6458AF804303CBF5FFA8CFE01226B
:10B670007B1CA0D10AB189F800E0122640F6FF6ACF
:10B6800058F82670B7B9013EFAD2601B05B0BDE884
:10B69000F08F0023E5E707EB41033846A3F80AA043
:10B6A000FFF71EFF09F10109BB785FFA89F18B42B0
:10B6B000F1D8E8E74FF00009F6E700BF1CE80320E7
:10B6C00018E8032038B54FF6FF730380184B03EBDF
:10B6D00081030246186DA8B184780379B3FBF4F1B5
:10B6E00004FB1133DBB2194600EB4105B5F90A50F2
:10B6F000002D0EDB0131B1FBF4F504FB1511C9B2CD
:10B700008B42F1D1002038BD6381BDE83840FFF79E
:10B71000DFBE00EB41046389C3F30E031380C278DC
:10B72000002AF1D14FF4E5711720FFF7EDF800BFC3
:10B7300018E803201C4B03EB810370B51C6D054614
:10B7400044B3030404D54FF4EC711720FFF7DCF881
:10B7500001462046FFF79EFEFF28014604D0204602
:10B76000BDE87040FFF7B4BEA078B5FBF0F300FB76
:10B770001353DBB219460A1D04EB4206B6F9026008
:10B78000002E09DB0131B1FBF0F200FB1211C9B24E
:10B790008B42F0D1002070BD8B4201D00023E370BA
:10B7A00004EB42025580DAE718E80320094B03EB6B
:10B7B000810310B51C6D01462046FFF76BFEFF2884
:10B7C000014604D02046BDE81040FFF781BE0020AE
:10B7D00010BD00BF18E80320F8B5104B03EB810340
:10B7E00007461C6D01462046FFF754FEFF2805461C
:10B7F00011D0E288238953EA024606D0014620464A
:10B80000FFF766FE01463846B04720462946FFF757
:10B8100067FE0020F8BD0520FCE700BF18E8032004
:10B8200038B50E4B827903EB82030446186D08B9D4
:10B83000052038BD8278E1799142F9D24B1CE37141
:10B8400000EB41035D89B3F90A30002BF3DBA580DF
:10B85000FFF73EFE20600020EBE700BF18E8032062
:10B8600037B50024CDE9004405468DF8060068464A
:10B87000ADF80440FFF7D4FFBDF8044008B103B0B1
:10B8800030BD29462046FFF7A7FF0028EFD040F241
:10B8900035211720FFF738F870B50D4609211E46EF
:10B8A000FFF759FC3246044609212846FFF753FCAE
:10B8B00040EA04031B0454BF00194FF0FF3070BD71
:10B8C00070B5044610F003000E4603D04E21182038
:10B8D000FFF71AF8FFF786FD054624B10348314605
:10B8E0000460FFF77FFD284670BD00BFB4E8032069
:10B8F0002DE9F14FDFF870B09DF828A09DF82C904D
:10B900001E46DBF8003007460D4690461BB9602105
:10B910001820FEF7F9FF524609214046FFF71BFCAD
:10B920004A4684B209213046FFF715FC14FA80F12B
:10B93000DBF80000FFF782FD386018B9286001B01D
:10B94000BDE8F08F04442C60386853464146092214
:10B95000FFF7C4FB28684B460922314601B0BDE819
:10B96000F04FFFF7BBBB00BFB4E8032070B50E4635
:10B970000446FFF703FC05463046FFF7FFFB044B88
:10B980002A1821461868BDE87040FFF77CBD00BF4B
:10B99000B4E80320024B186808B1FFF743BD7047B5
:10B9A000B4E80320D31D23F0070370B5083390B12A
:10B9B00010F0070403D058212220FEF7A5FF0460F1
:10B9C000C280818000F108040A464FF6FF75013AF3
:10B9D00092B2AA4203D103FB01F0083070BD0668A1
:10B9E000266004601C44F2E7EFF3108372B602682D
:10B9F0000A60016003B962B67047D4D41F2AF8B553
:10BA0000044613460ED89200033222F00303B3F526
:10BA1000803F2DD2184DACB1A00710D0682109206D
:10BA2000FEF772FFFF2B4FEA420204D9FF339A421E
:10BA3000A8BF1A46E8E77C2AB8BF7C22E4E7297051
:10BA40006C602B8122F003022823120403FB01F017
:10BA500001276B68120C0025EEB2B14200D8F8BD88
:10BA600014B126181F705E60104401352833F3E7C7
:10BA70004FF0FF30F3E700BFB8E8032070B5154A78
:10BA8000157853680021C8B2854203D8BA2109202D
:10BA9000FEF73AFF1C46184614F8286B01310EB920
:10BAA0002346F0E700219970128999610124D96138
:10BAB00059685C70920803F11E0403F1260524F80E
:10BAC000022FA54243F8041F1144F8D1002343611B
:10BAD000037070BDB8E80320012303707047D4D40D
:10BAE0000A4B1B89B3F5FF7F4FEA930006D25A0831
:10BAF0009B1A9BB2984238BF18467047B3F5EE6F59
:10BB000001D8FF22F4E740F27263F3E7B8E80320BC
:10BB10004B782DE9F04106460C4602F0040702F08E
:10BB2000FB05E3B1A5BBFF23A3707B0804EB57071C
:10BB30003A7D032A02D1022D18BF0133E2180121F8
:10BB4000117503F10C0104EB8303002224F811208A
:10BB50005B68A2703360B2803046BDE8F081002D92
:10BB6000E1D101234B701D4B8D611B89CD6101F12A
:10BB70001E0249689B08204604F1260C22F8023F69
:10BB8000944540F8041F1944F8D100236361CAE7C3
:10BB9000D1F80480142200216170A01810F04AFE30
:10BBA0000E4B1B89B3F5FF7F0FD25A089B1A9BB22D
:10BBB00008EB0301C4F804802384A1606284C4F804
:10BBC0000C80A3842161E284ADE7B3F5EE6F4FF002
:10BBD000FF02EBD940F27263EAE700BFB8E8032046
:10BBE000F8B50C4684F001046400054611461E4673
:10BBF000E4B2FF23837003191B7D012B06D0631C65
:10BC0000DCB250FA83F31B7D012B0AD105EB44070C
:10BC10003B8B3A8C9819904205DD2C4400233B83E2
:10BC200023750020F8BD05EB840432466068184493
:10BC300010F082FE3B8B1E443E830023AB7001203C
:10BC4000F0E781F00101490010B5C9B2FF2383700C
:10BC500043181C7D012C07D10C3120F81120022241
:10BC60001A750023837010BD0131CBB250FA81F1F7
:10BC70000C7D012C05D10C3320F8132002230B7509
:10BC8000EFE74FF499710920FEF73EFE30B502460A
:10BC9000837803F0FF00F3B9137D022B19D0537D95
:10BCA000022B15D10346012089B1D5180C3300248D
:10BCB0002C7522F81340131803241C7502EB800323
:10BCC0005B680B6000F10C0332F813308B800120AD
:10BCD00030BD0123E8E70020FAE730B5034682785B
:10BCE00002F0FF00E2B99A7D022A17D0DC7D022C17
:10BCF00013D1032281B11D190C340020287523F8BB
:10BD0000140098180324047503EB82000C32406879
:10BD100033F8123008608B80012030BD0324E9E73E
:10BD20000020FAE7037D012B01D1008B7047437D92
:10BD3000012B0CBF408B00207047837D012B01D16C
:10BD4000808B7047C37D012B0CBFC08B00207047D8
:10BD5000838B23B9C08B003818BF012070470120A6
:10BD60007047027D022A01D1008B7047437D022B70
:10BD700001D1408B7047032AF6D0032BF9D0002065
:10BD80007047827D022A01D1808B7047C37D022BD0
:10BD900001D1C08B7047032AF6D0032BF9D00020C5
:10BDA0007047D4D42DE9F84305460C46F720052109
:10BDB0009146FFF7D0F9061E21DB1DB914FB06F0F2
:10BDC000BDE8F88315F0030703D098211920FEF78A
:10BDD0009BFDDFF83080C8F81050A8F81460BBB2A3
:10BDE0009C42EBD9B8F81450D8F810004B4607FB2A
:10BDF00005000522F721FFF771F90137EFE74FF052
:10BE0000FF30DDE7CCE803202DE9F0410646069837
:10BE10009DF81C70984643070D46114602D010F05D
:10BE2000030003D025214C20FEF76EFD4FF48B72EA
:10BE3000FFF7B8FD002F06AB044600FB08F10CBF6E
:10BE400018460020FFF7CEFA17B9069B33602C6026
:10BE5000BDE8F08107B5CDE900230B460349024652
:10BE6000081DFFF7D1FF03B05DF804FBE4E80320F1
:10BE700013B5064CCDE900230B46024604F1080138
:10BE800004F10C00FFF7C0FF02B010BDE4E803208E
:10BE9000134B012200214FF0FF309A60C3F80012CB
:10BEA000C3F80803C3F80015C3F804259A60C3F863
:10BEB0000803C3F80015C3F804250A490A4A03F524
:10BEC00080334FF40040C3F80825C1F88000BFF369
:10BED0004F8FBFF36F8FC1F88001C3F808257047FB
:10BEE00000F0004000E100E00000F63FFFF7D0BFA7
:10BEF000024B02681A600020704700BFF4E803207C
:10BF0000014B1B68184700BFF4E80320024B186878
:10BF1000003818BF01207047F4E803208C469B23AB
:10BF200000B50CF8033B054B8E4607CBCEF803005B
:10BF3000CCF80410CCF808205DF804FB04E90320D9
:10BF400070B51B4E736A93F8A84005460CB10128E2
:10BF50000DD0012912D8F36A2846984770B196F897
:10BF6000300058B964B9012D1FD0204670BD338D03
:10BF70001A07EED596F82A30002BEAD0012070BDC2
:10BF8000002DF3D1308D83070AD40028F6D196F81E
:10BF90003130002BEAD196F8320080F0010070BDFC
:10BFA00096F82A0080F0010070BD308DEDE700BFEB
:10BFB000F8E8032010B5154C0CF086FA0CF0D8FD0B
:10BFC000A36BA08E00219847237E93B9A18E606A4F
:10BFD00007F05AF9636AB3F8AA0006F073FF236CFE
:10BFE00094F8301094F83C009847002384F84430CB
:10BFF00010BD94E8070004F10C0383E8070004492E
:10C0000004F1190005F040FDE0E700BFF8E8032067
:10C010001DBF0200034B93F8443003B97047FFF78C
:10C02000C9BF00BFF8E8032008B5094B93F84420C6
:10C03000022A07D1DA7A42F00102DA72BDE808403A
:10C04000FFF7B8BF40F257312720FEF75DFC00BF75
:10C05000F8E8032010B41E4942788C6C2378D20093
:10C0600002F0080203F0F30313438278920002F017
:10C0700004021343C278120102F0100203F0EC0331
:10C080001343027802F0030213432370B1F85430D3
:10C0900063700223A1F84C308C6C00792378420144
:10C0A00023F0200302F020021343012823700CD157
:10C0B0004B6A93F8BA2093F8BB30032A08BF0022DA
:10C0C00003F01F0343EA8213A3705DF8044B70472B
:10C0D000F8E80320F0B5194CA56D83B04DB3636E3D
:10C0E0003BB3B4F868306B702B782F4601F0030136
:10C0F00023F003030B4307F8033B0646B4F868201C
:10C10000616E384610F018FC0DF1020201A9E06ED4
:10C11000E5656766FFF75CF90198FFF747F90346A5
:10C12000B4F86810E06E33600122FFF7EAF803B05C
:10C13000F0BD40F6C4012720FEF7E6FBF8E8032037
:10C14000F8B5254C656A276F2A7D95F82111E765BA
:10C150004FF48173A4F8603094F87430064603EB12
:10C16000820308B9FF2B17D018460BF021FC2B7D5A
:10C170005BB3A06F0BF0D8FFA16FE06D0CF0C4FCB7
:10C18000AEB1B5F8E0000BF0CBFB00200CF04AF9A3
:10C19000022384F84430F8BD95F820018842E3D1A9
:10C1A000002AE6D138460BF0BFFF0CF0E1FC95F811
:10C1B0002131B5F8E420033B012B8CBF002028205F
:10C1C000104480B20CF020F8DBE7E06D0BF0ACFF20
:10C1D0000CF0CEFCD4E700BFF8E803202DE9F04FC7
:10C1E000C44C666A87B096F8201138B9327D94F84D
:10C1F000743003EB8203FF2B00F0F180FF200BF083
:10C20000D7FB676A002304938DF814308DF809304A
:10C21000ADF80A303B7A062B00F21B81DFE813F001
:10C220007B00E600610061001901070007000DF1C5
:10C230000A0103A804F078F9002800F0F680039DB5
:10C24000002D00F0F2800122062384F87D20BDF845
:10C250000A203B72002A5CD0E91CA4F85420216516
:10C26000B7F80920A564022BADF811206AD0053B70
:10C27000012B66D80B780322022B8DF8102000F0DA
:10C28000A180D4F88000FEF7FBFF0546002840F0AF
:10C29000C780236D1B781B2B00F0EB8000238DF8EB
:10C2A0001430F37C84F8315004A823B1B4F854302E
:10C2B000002B40F08A80FFF7CDFEA06C0BF034FF1E
:10C2C0000CF056FCB6F8E2000BF02AFB01200CF053
:10C2D000A9F8012384F8873084F8443007B0BDE81A
:10C2E000F08FB7F81031D4F88000ADF80A300DF1B6
:10C2F00009020DF10A01FEF768FF0546002800F06B
:10C300000781BDF80A20012384F87D303B7A002A9A
:10C31000A2D11146A1E794F87C30A7F810310DF1B5
:10C320000A0103A8ADF80A3004F0FEF8E8B1039D55
:10C33000DDB10122052384F87D203B72BDF80A207F
:10C3400088E701238DF81030D4F88000FEF798FFBD
:10C350000546074600285ED104F000F980F001058B
:10C36000EDB28DF813503B4699E7636A93F851801C
:10C37000B8F1000F5ED1D4F880000DF10A010DF183
:10C380000902FEF722FF0546002853D09DF809A0B8
:10C39000BAF1000F74D1BDF80A30002B5ED1012331
:10C3A0003B7284F87D300023A4F854302365B7F83D
:10C3B0000930A564ADF8113001238DF81030B8F1C3
:10C3C000000FC1D000252B4669E7FFF743FEA06FA1
:10C3D0000BF0AAFEA16CA06F0CF05AFB72E796F866
:10C3E00021318B427FF40AAF37460BE7424BA364FF
:10C3F0000023A4F854302365B7F80920D4F880004E
:10C40000ADF8112001238DF81030FEF739FF0546F5
:10C4100007460028A0D001238DF8133000233EE703
:10C4200001238DF81330236D34E740F2D2512720D9
:10C43000FEF76AFA4FF00008002301223A722E4AF2
:10C44000A4F854302365ADF80A30A264B7F8093077
:10C45000B0E740F2DC512720FEF756FA00232B808C
:10C46000AB700122032384F87D203B72BDF80A20C3
:10C47000F0E607F1BA0001210BF0E0FA01230EE724
:10C480002946D4F88000FEF78DFFFEF78FFF036882
:10C49000D0F804B053EA0B0281462FD1BDF80A2030
:10C4A000002389F8003089F8013089F8023089F8D2
:10C4B000033089F8043089F8053089F8063089F8A6
:10C4C0000730002A3FF46BAF9DF809100029C5D052
:10C4D000297801F00301012906D0BB75012102234F
:10C4E0003B7284F87D10B7E6032384F87D103B721D
:10C4F000B2E600BFF8E803207CE9032001930DF0C9
:10C500001FFC019B83427BEB0101C7D2D04693E71E
:10C5100040F2C3512720FEF7F7F900BF2DE9F04F95
:10C52000A94C656A94F844208BB005F1A8030693E2
:10C53000022A4FF00003CDE9083340F06D82E36D2D
:10C54000032293F8009088465978A4F868101344A1
:10C55000636609EA02030646A4F8602007934FEADF
:10C56000291AC9F3001B002800F0B180002940F00F
:10C57000C5816B7AA28EA1650133DBB283EA990192
:10C5800042F4007211F00107A28640F0D5802A7AA9
:10C59000A2B1032A6B7200F2FF81012A0ED0D4F8F7
:10C5A000800008A9FEF736FE002800F03F822B6FBE
:10C5B00001332B676B6F43F100036B67636A0021E4
:10C5C000297293F8A8304BB16B793BB1238D697117
:10C5D00043F0100323851020A36B9847A38E43F4E8
:10C5E0000063A3862B7D0027C9F3C009002B40F010
:10C5F000AA80AB7A03F00102914500F0E980A36DB7
:10C60000002B00F09C810AF0010A84F832A0B8F1F6
:10C61000000F40F0C4804FF0000994F88A10012008
:10C62000FFF78EFC82468046002800F04E810BF01A
:10C630004BFFD146A38E5A0607D4A36B002140209E
:10C640009847A38E43F04003A38687B1EB884BB98C
:10C65000636A93F8A8302BB1B4F80530B4F807201A
:10C66000134304D0B4F809300133A4F80930002E84
:10C670005CD0B4F8053000220133A4F8053084F80A
:10C680008A20524806F00CFC089830B1FEF78EFE66
:10C6900000220272069905F0D9F9099B33B10022F4
:10C6A0001A720C220998069905F094F9B9F1000F55
:10C6B00070D1A38E1B0607D4A36B494680209847F0
:10C6C000A38E43F08003A3860BB0BDE8F08F2B7DD3
:10C6D000002B40F0108194F88A30013384F88A30BE
:10C6E000A38E43F48063A38695F82131033B012B8D
:10C6F00004D905F091FB074600285AD00BF026F923
:10C700000328A76D00F0FF80002F00F086800AF05C
:10C71000010A84F832A0B8F1000F51D00BF0D4FE1A
:10C72000A78E17F040074FF0010986D0B4F8073004
:10C730000133A4F80730A4E72B7D3746C9F3C009BD
:10C74000002B3FF456AFB4F868308BB9AB7A03F0E6
:10C75000010291457FF453AF0133AB72079B032B6A
:10C7600000F02A81A26D002A7FF44DAF914657E078
:10C770000CF01AFA0328FBD002280BD000287FF413
:10C7800038AFAB7A03F0010399457FF438AF01234A
:10C7900084F83C30FFF70EFC0BB0BDE8F08F0BF0D7
:10C7A00093FEA38E5A0636D5002F00F01A81B146AB
:10C7B0004CE7A36D002BAAD1B4F8682081462FE086
:10C7C0004FF000094F4628E7F8E803201CE9032052
:10C7D000B4F86820002ABFD00798411E012938D933
:10C7E00001330328AB7200F0E780AB6F0133AB6716
:10C7F000EB6F43F10003EB67A36D002B7FF403AFF6
:10C8000099460DE00BF060FE079909A8FFF762FC5E
:10C81000A38E5B06C8D4B1460FE7B4F86820B946CA
:10C82000002A14BF4FF0000B0BF0010B84F832B05C
:10C83000B8F1000F40F0098194F88A100120FFF749
:10C840007FFB8046002840D00BF03EFE4FF00109F0
:10C85000F0E6A38E95F8149043F48053A3860BF072
:10C8600075F8032894F8883007D1B9F1000F0CBF90
:10C870001F221B22934228BF1346B4F86820A16DE3
:10C880009A4200F2B080002900F0B88094F8893014
:10C89000002B4CD1AB6F0133AB67AB7A03F10103D3
:10C8A000AB72EB6F0AF0010A43F1000384F832A087
:10C8B000EB67B8F1000FA5D194F88A100120FFF7BB
:10C8C0003FFB814600289DD1B046EB7C002B3AD13E
:10C8D000002095F82021B5F8E0100BF075FA002043
:10C8E000FFF77CFCB8F1000F3FF4A4AE079909A84C
:10C8F000FFF7F0FB9EE60CF097F9ECE6E06EFEF732
:10C90000E0FC014635E6B4F868201B2A94BF4FF0DE
:10C9100000094FF00109002F82D00AF0010A84F8C3
:10C9200032A0B8F1000F7FF4F9AE474675E6A36B6D
:10C93000002120209847A36D002B7FF464AEB4F84B
:10C94000682099466CE7636A95F82A0193F8A82055
:10C9500095F82031013BDBB2B2FA82F28000032B62
:10C96000D5E91CAB4FEA5212C0B205F1800105F1C6
:10C97000900C60D8CDE9002C4FF0010E4FF0000C68
:10C98000CDE904CE4FF0FB0C039352465B46CDF845
:10C9900008C00BF0CDFF9BE7053A012A41D803F010
:10C9A000D1FD00284CD0238D43F008032385394660
:10C9B000A36B08209847FAE5A38E264943F48053D9
:10C9C000A386238D012043F0010323852871A36BE7
:10C9D0009847AB6F0133AB67EB6F43F10003EB6735
:10C9E0000DE6B14645E694F8303043F0100384F884
:10C9F000303000297FF407AE894611E7002A14BFC2
:10CA00004FF0000B0BF0010B84F832B0C146B8F1C7
:10CA1000000F7FF419AF0FE740F6AD112720FDF7A7
:10CA200073FF40F2B3712720FDF76EFF40F2D4711F
:10CA30002720FDF769FF40F225410620FDF764FF3E
:10CA400040F2DE712720FDF75FFF0BF03DFDC14690
:10CA5000F0E500BF5CE903202DE9F0413E4C94F87D
:10CA60004430012B86B06CD1666A5FFA83F8337963
:10CA700005460F4673B1238D002143F0040323853F
:10CA80003171A36B04209847636A93F8A8300BB107
:10CA900086F80580337A052B06D005B9DFB906B0D4
:10CAA000BDE8F041FFF786BA238D2C4943F002031D
:10CAB00023850220A36B9847636A93F8A830002B64
:10CAC000EBD0236D1B78A3F10203B3FA83F35B0968
:10CAD00084F82A30E1E729462846FFF731FA002892
:10CAE000DDD1337D676A63B997F82121B7F8E21089
:10CAF00001200BF069F9002006B0BDE8F041FFF716
:10CB00001FBB97F8213197F8A82094F874C0013B17
:10CB1000003ADBB218BF0122032BD6E91E0106F151
:10CB2000800406F1900611D8009202460120CDE95A
:10CB30000335CDE9016C0B46059021460BF0F8FE5C
:10CB4000D2E740F60C112720FDF7DEFE40F225412A
:10CB50000620FDF7D9FE00BFF8E8032048E90320CE
:10CB600010B50C4C0C4A94F844300C49116023B1B8
:10CB70004FF4B1712720FDF7C7FE03F0FF022276C4
:10CB800006F07AFB03F026F9206703F027F9A06787
:10CB900010BD00BFF8E80320D0F20320BCCE020095
:10CBA00010B5074A92F8443013B10C24204610BD4A
:10CBB00003F0FF04147606F05FFB204610BD00BFB3
:10CBC000F8E803202DE9F043A54C87B094F84460C1
:10CBD0009DF838C0002E40F03981002900F03681E0
:10CBE000002A00F03381002B00F03081054606F06A
:10CBF000FF002364A163E26284F889C084F83000F6
:10CC000084F88A0084F83C0084F887002085A08698
:10CC100084F8310084F8320084F87D0084F82A001A
:10CC2000A0642065A4F85400E0656066A4F868007C
:10CC300065620AF067FF0BF09BFF95F928010AF087
:10CC4000B3FFD5F8D460D5F8CC000AF0B3FF304676
:10CC50000BF04EFA95F825000AF0B6FFB5F8E03073
:10CC6000672B40F28980B5F8E230672B40F2848070
:10CC7000636A93F8A860002E00F0868093F807336B
:10CC8000002B40F0A08006F071FA95F8212100F108
:10CC9000890101200BF084F8724B18680BF02EFA12
:10CCA000AB7BD5E93012243B072BC4F88010E26639
:10CCB00040F28C80EB7B243B072B40F28780B5F859
:10CCC000F230B5F8F80095F82011984228BF1846C0
:10CCD000042908BF032104F035F8024695F8F40052
:10CCE00095F8F030904228BF104680B2984268D242
:10CCF00095F8211184F87C3005F1E80004F045FF37
:10CD000095F821112F7DB5F8FC60032908BF042197
:10CD100004F018F8002F51D0864228BF0646F6B21C
:10CD200084F8886005F078F8002851D1636A84F8A7
:10CD3000746093F8A830002B3AD02B7D002B4ED195
:10CD40000120FFF7FDF9636AD3F8E8010BF024FA3C
:10CD50000023C4E90033A360D5F82431E888B5F88E
:10CD6000AA1095F825206080218022710BB1012244
:10CD70001A6007B0BDE8F0830AF0D8FD636A93F843
:10CD8000A860002E7FF47AAF06F0F0F995F8202124
:10CD9000354B33F8123001463046344E03F5FA7302
:10CDA000A6FB036301EB931166310AF0F9FF73E709
:10CDB000EA7C72BB0120FFF711FAC9E7043080B2A8
:10CDC000AAE7C3B294E70AF07FFE5CE71B238FE774
:10CDD00005F028F8B04238BF3046C6B2A6E795F84D
:10CDE0002131013BDBB2032BD5E91E0105F18007A0
:10CDF00005F190022FD8CDE9026301920026024688
:10CE000001200B4605903946009004960BF090FDEA
:10CE100096E795F8206195F82A01013EF6B2800068
:10CE2000032ED5E91C89C0B205F1800105F19002FD
:10CE300011D8CDE90363012605960096FB260192E1
:10CE40004B46424602960BF073FDB3E74FF4207158
:10CE50002720FDF759FD40F225410620FDF754FD3E
:10CE6000F8E80320D0F20320605A0400D34D62108A
:10CE7000FFF7A0B8014B93F887007047F8E803204C
:10CE8000064A938E13F4C06F03F4805103D092F8D6
:10CE90007D0000B17047080B704700BFF8E8032021
:10CEA000024B93F83500C0F3C0007047F8E8032048
:10CEB000014B93F88A007047F8E8032029C002006C
:10CEC0001DC5020059CA020015C0020090F8DE20FC
:10CED00012B902F0FF00704710B5363882B00C4628
:10CEE00001F0C0F98F230420237002B010BD00BFF1
:10CEF00070B5002857D0437A0D460446BBB340892D
:10CF00000021FEF753FC002852D0B0F8AA000021FF
:10CF1000FEF762FC002850D194F8546094F8A630D3
:10CF20002BB194F8A7301E43002384F8A630204686
:10CF300001F098F9B3072CD12B46882203F8032B74
:10CF400004F109022934166850689168D2F80CC0BF
:10CF5000C3F80CC01032A2421E605860996003F101
:10CF60001003F0D1117819700022AA7170BD036D01
:10CF7000D0F80E20C3F8AD20428AA3F8B120437B3D
:10CF8000026D03F0FD03003B18BF012382F8AC30B3
:10CF9000C2E726F00406002284F8546011462046B9
:10CFA00001F072FBC8E740F206313220FDF7ACFC1D
:10CFB00040F212313220FDF7A7FC40F21531322049
:10CFC000FDF7A2FC90F83E00003818BF0120704722
:10CFD000036D10B58BB102224272B3F8AA104181E1
:10CFE0004FF6FF73FF2204460385064980F8272089
:10CFF00004F002FD0023236510BD40F261313220B0
:10D00000FDF782FCF1CE020003683BB1064A03F152
:10D010006C011360536951601B68184710B540F6E6
:10D0200077113220FDF770FC84E9032010B5104C15
:10D03000606800F065FC637B9BB9D4E90030002296
:10D040004FF0010C80F804C003F16C00A3F87921C3
:10D0500083F87B2100F0DCFB2068BDE8104001F084
:10D060002BBB0BF043F90AF01FF900236373E4E7CD
:10D0700084E9032090F8400000F0FD00003818BF5C
:10D08000012003F0C7BA00BF38B500F142010446E1
:10D0900090F8400000F0FD00003818BF012084F82F
:10D0A000410003F07FFA94F84030023BDBB2012BE1
:10D0B00094BF0123002384F8483000D938BD03F021
:10D0C000E3FC05460CF0EEFC094BE5FB030194F88C
:10D0D0004830C4E92001002BF0D0002003F07CFD93
:10D0E0000028EBD140F621213220FDF70DFC00BFD6
:10D0F00040420F00F0B5D0F8C8409DF814E09442CB
:10D1000003D190F840208A4201D00020F0BD1EF0EB
:10D11000020190F8454120D10D460A468618013596
:10D1200096F87C61F71E012F00EB820788BF314320
:10D1300053F82260D7F8CC2002F1200C98BF41F0C0
:10D1400004016645EAB2E0D1A242E7D90EF005003B
:10D15000401AB0FA80F04009F0BD0025AC462946DF
:10D160002A46861800EB820296F87C61D2F8CC2021
:10D17000F71E012F9CBF0CF1010C5FFA8CFC02F131
:10D18000200253F82C708CBF314341F004010CF1A4
:10D190000106BA4205F101055FFA86FCB5D1EAB293
:10D1A000A242DED9D2E700BF012938B5044610D02B
:10D1B00094F854309B0704F16C051AD1284600F00E
:10D1C00027FB0023A4F8793184F87B3184F8703090
:10D1D00038BD0A4D6B7B002BEAD00BF087F80AF0C4
:10D1E00063F800236B7394F854309B0704F16C05CB
:10D1F000E4D0284600F084FBE0E700BF84E9032088
:10D20000A03002F04BBE00BF0149363004F018BC1C
:10D21000CDCE020010B5012104460020FEF7C6FA6B
:10D2200020B3627880F85420217811F001021CBFED
:10D23000012280F87C214907034603D502440321DB
:10D2400082F87C11A27883F84020E27883F8552098
:10D2500002F0FD02B2FA82F2520983F84A202279E2
:10D2600083F84920627983F8572010BD40F6CB211E
:10D270003220FDF749FB00BF10B504466C3000F0CA
:10D280003FFB0023A4F8793184F87B3184F87030B7
:10D2900010BD00BF08B501210020FEF787FA28B1B4
:10D2A00090F89400003818BF012008BD40F64A31BC
:10D2B0003220FDF729FB00BF2DE9F04705468CB071
:10D2C0000E4600200121FEF771FA002800F074825A
:10D2D0000446A83000F0D0FF002846D094F854301F
:10D2E000042B42D0AF6A002F00F06981B74B9F42F8
:10D2F0007AD0043B9F4277D002F07AFD07F13B09D8
:10D30000804602A9484600F0B5FBEB7AB8F1000F61
:10D3100000F0D580DC0606F10D0100F1FD81002F43
:10D3200000F058829DF80830022B00F0538295F8E7
:10D330003230E522484604F07EF895F83230044653
:10D340002344484685F8323004F06DF895F8329061
:10D35000A9EB0009B9FA89F94FEA5919B8F1000F98
:10D3600048D104F11802D2B2B8E02046FFF72AFEF5
:10D3700007460028B6D1AB6A954C0BB304F10808F8
:10D3800004F10C0601E0AB6AD3B1A96A0B68AB6289
:10D3900041450F704F708F70CF70F4D0B142F2D012
:10D3A0002068FEF721FB231DD3E84F3F0133DBB29A
:10D3B000211DC1E8423F002AF5D1AB6A002BE4D120
:10D3C0002068A5F10801FEF70FFB231DD3E84F3FAE
:10D3D0000133DBB2211DC1E8423F002AF5D14FF4F1
:10D3E0000073ADF804305EE002F002FD81460028D3
:10D3F00070D00024EB7ADA0640F1EC815807AA7A63
:10D40000697B03D5E87EFE2800F05A8104F10A0307
:10D4100013FB02F3023373703E23337002237171E6
:10D42000F270B370D5F80E30C6F806306B8A73818F
:10D43000347334442B7E6373EB7A13F0080100F0ED
:10D44000E780634C04F1080804234745337178D121
:10D450003379022262F34613AA6A33716AB1EFF399
:10D46000108272B6AB6A1968A962002A00F0C68001
:10D4700000221A705A709A70DA702068A5F10801BB
:10D48000FEF7B2FA231DD3E84F3F0133DBB2211D73
:10D49000C1E8423F002AF5D102274FF004088DF879
:10D4A00004808DF805709DF804209DF8053000205B
:10D4B00062F3070063F30F200CB0BDE8F087D806D5
:10D4C00006F11C0100F11E8127B19DF80830022BE6
:10D4D0007FF42DAF182200244FF001098E23337002
:10D4E000AB7AF37013FB02F302337370D5F80B3091
:10D4F000D5F80F20D5F81310D5F8170030617360F8
:10D50000B260F160D5F81B30D5F81F20B2617361AD
:10D5100095F814A095F8158002F0A8FC0AF1FF33E5
:10D520008A05DBB256D5032B00F24F8186F80DA099
:10D53000B8F1000F64D1F476254C04F10808474592
:10D5400086D004F10C0A57456BD0002F00F0918073
:10D55000B9F1000F2AD0AB6A63B1EFF3108272B653
:10D56000AB6A1968A96202B962B600221A705A70D1
:10D570009A70DA7020683946FEF736FA231DD3E830
:10D580004F3F0133DBB2211DC1E8423F002AF5D1F4
:10D59000AB6A85F83220434500F0C780534500F060
:10D5A000E8809DF80830022B00F0A5803379012235
:10D5B00062F34613337101274FF004086FE702F05E
:10D5C00017FC05F1330980469BE600BFA8E903205C
:10D5D0009CE90320032B00F20181834AD35C73731F
:10D5E000B8F1000FA7D008F1FF385FFA88F8B8F15A
:10D5F000030F00F2F38012F8088006E062B637E706
:10D6000008F1FF33032B00F2E08086F80E8092E7EA
:10D6100003F00302032A49D0590749D50123337186
:10D620008AE7AB6A63B1EFF3108272B6AB6A19682E
:10D63000A96202B962B600221A705A709A70DA7042
:10D640006B7D83BB327963F3461232714FF004086D
:10D650002068A5F10801FEF7C7F9231DD3E84F3F65
:10D660000133DBB2211DC1E8423F002AF5D1022778
:10D6700015E795F80B8018F010083FF410AF3379D8
:10D68000206867F34613A5F108013371FEF7ACF982
:10D69000231DD3E84F3F0133DBB2211DC1E8423FD8
:10D6A000002AF5D1F8E64FF00008D1E7317143E7E1
:10D6B000022A25D0002A40F08480032333713BE7FF
:10D6C0001301023373703E2333700B23B3700123B5
:10D6D0007171F2703371D5F80E30C6F806306B8A6E
:10D6E00073813073EB69C6F80D302B8CA6F81130BE
:10D6F0002B7EF37420E7337923F0680333715AE704
:10D70000327119E79DF818400846224605990FF036
:10D7100013F94FF0010924E69DF818400846224607
:10D7200005990FF009F9C14664E63379022262F3E4
:10D730004613AA6A337162B1EFF3108272B6AB6A14
:10D740001968A96202B962B600221A705A709A70FA
:10D75000DA702068A5F10801FEF746F9231DD3E829
:10D760004F3F0133DBB2211DC1E8423F002AF5D112
:10D7700092E6337962F34613AA6A337162B1EFF32A
:10D78000108272B6AB6A1968A96202B962B6002249
:10D790001A705A709A70DA702068A5F10801FEF7C5
:10D7A00023F9231DD3E84F3F0133DBB2211DC1E82C
:10D7B000423F002AF5D16FE64FF4F1713320FDF7B7
:10D7C000A3F8A4213320FDF79FF84FF4EA7133202A
:10D7D000FDF79AF85B213320FDF796F84FF43F717F
:10D7E0000620FDF791F800BF08580400343270B5E8
:10D7F00092B204461E460D46FEF7D4F824B1034B00
:10D800001C601D745E741D7170BD00BF9CE9032017
:10D8100038B503684BB39A6A52BB596A054629B3B7
:10D8200001F10800154C834208BF2A602068FEF70A
:10D83000DBF8231DD3E84F3F0133DBB2211DC1E8E4
:10D84000423F002AF5D12B687BB12068A3F1080183
:10D85000FEF7CAF8231DD3E84F3F0133DBB2211D89
:10D86000C1E8423F002AF5D12A6038BD034CECE7FD
:10D8700040F28D113320FDF747F800BF9CE90320EB
:10D8800070B505680646F5B11B491C4C284604F0E6
:10D89000FEF80023E360EFF3108272B6AB6A23B3A5
:10D8A000E96A04F10C030B60EB6202B962B63368FB
:10D8B000596A29B101F10805AB421AD100236B6204
:10D8C0000023336070BD696A0029F9D00B4C2068D1
:10D8D000FEF78AF8231DD3E84F3F0133DBB2211D49
:10D8E000C1E8423F002AF5D1E8E704F10C03AB623E
:10D8F000DAE71D46EBE700BFB9D202009CE903203E
:10D9000070B50668002E3CD0716A0546002939D0F2
:10D9100001F108039E421E4C0DD02068FEF764F80A
:10D92000231DD3E84F3F0133DBB2211DC1E8423F45
:10D93000002AF5D12B68002272625A7D8AB100223A
:10D94000A260EFF3108172B69A6AF2B1D86A114AF6
:10D950000260DA6201B962B62846BDE87040FFF79E
:10D960008FBF2068A3F10801FEF73EF8231DD3E81E
:10D970004F3F0133DBB2211DC1E8423F002AF5D100
:10D980002A6070BD024C3346D7E7024A9A62E0E74C
:10D990009CE90320A4E9032038B5C3780C4613F0B2
:10D9A0003F0160D00378C3F380136374054603F02E
:10D9B00015FCA0742B796370E878830923702B79A8
:10D9C00013F0010146D14FF0050C4FF00B0E6246EB
:10D9D000616013F002011CBF05EB0C017246A160EF
:10D9E000590744BF0132D2B213F0080104D002F14A
:10D9F000020CA9185FFA8CF2616113F0100104D0D7
:10DA000002F1030CA9185FFA8CF2A16113F0200156
:10DA100004D002F1120CA9185FFA8CF213F0400343
:10DA2000E16102D0AB180132D2B200F03F002362B4
:10DA3000031D9B1A13F0FF0114BFAB180B46636262
:10DA40006B78013B1B1ADBB2237453B10A441544B3
:10DA5000E56038BD4FF00B0C691D4FF0110E6246AA
:10DA6000B6E7E36038BD20462822BDE838400EF016
:10DA7000E1BE00BF70B5037803F00F06072E2BD070
:10DA8000C3F380134B740C46054603F0A7FB012239
:10DA900002FA06F313F05503A0740CD00023E91C1E
:10DAA000C4E9011362706B78063BDBB223748BB15F
:10DAB0000935E56070BD964208D103216A182374C8
:10DAC0000935C4E901256170E36070BDC4E9013323
:10DAD00063702374E36070BDBDE87040FFF75CBF06
:10DAE000F0B5D0F81011D0F8C86090F8455189B160
:10DAF00000210C460B4600EB83030131D3F8CC2008
:10DB0000CBB22032AB421444F5D9A6420CBF02205E
:10DB10000120F0BD8C460F4600EB81010CF1010C99
:10DB2000D1F8CC405FFA8CF104F1200EA942774481
:10DB3000F2D90721BE42A6FB011423D0D0F8C07051
:10DB400011EB070CD0F8C47044EB0704D0F8CC708C
:10DB500025B3D0F8D010012D0F4407F1400703D0B2
:10DB6000D0F8D40020300744BE4205D0624573EBA4
:10DB7000040417D30120F0BD624573EB040411D2F5
:10DB80000320F0BDD0F8B07011EB070CD0F8B470E2
:10DB900044EB0704D0F8CC70002DDAD12037BE4218
:10DBA000E4D1E9E70220F0BD08B540F28A31212036
:10DBB000FCF7AAFE38B50446FF2380F8153100F5BE
:10DBC0008C7528460CF026F8284604F5A4750CF050
:10DBD00035F828460CF01EF828460CF02FF80021E6
:10DBE0002046FFF7E1FA94F816313BB1D4F808313A
:10DBF00053B104F1E80005F089FA09E0D4F8100106
:10DC000010B1D4F808319BB104F1E80005F0F8F93F
:10DC1000002384F8153194F8160110F0FF0018BFA6
:10DC20000C2084F81631C4F8103184F8143138BD52
:10DC300000F5EC7005F0E4F9E6E700BF022910B545
:10DC40002AD013D8012934D1044608460AF0B8FD79
:10DC50001A4A00F52343A133A2FB0323D4F8102171
:10DC6000980900F2792002B1400010BDCB1E012BB3
:10DC70001FD840F2BF33084640F29174032918BF01
:10DC80001C460AF09DFD0D4B00F52340A130A3FB7F
:10DC9000003004EB901010BD08460AF091FD074BD0
:10DCA00000F52340A130A3FB0030800900F2611091
:10DCB00010BD40F217119E20FCF726FED34D6210D6
:10DCC0002DE9F04104460BF0EDFED4F81021D4F814
:10DCD000C87005460E4694F84501002A46D04FF01C
:10DCE000000C6146634604EB83030CF1010CD3F88E
:10DCF000CC205FFA8CF3203283421144F3D98F4257
:10DD00000CBF0227012738460BF0BEFF312829D966
:10DD1000411CD4E936325AD0C118914228BFD01ADA
:10DD2000D4F8A830D4F8AC205B1B62EB0602012BC0
:10DD300072F1000152DB00219842914160DA41F218
:10DD40008836864228BF06460BF0ACFEC5F1740546
:10DD50000544B54206D8394630460BF0C1FF0546AA
:10DD6000002854D100252846BDE8F081944613468A
:10DD700004EB83030132D3F8CC10D3B220318342B9
:10DD80008C44F5D907236745D4E92C1EA7FB03383B
:10DD90002FD0D4F8C02013EB020CD4F8C42048EBE9
:10DDA0000208D4F8CC20D8B1D4F8D03001281A44D5
:10DDB00002F1400203D0D4F8D4002030024497424C
:10DDC00011D061457EEB080818D301279BE7D61ACE
:10DDD00041F288339E4228BF1E46B5E70026B3E7CE
:10DDE00020329742EDD161457EEB080806D2032729
:10DDF00089E711EB030C4EEB0808D2E7022782E714
:10DE000041F28832934228BF13461E469CE70BF02E
:10DE10004FFED4F8E020D4F8D830B018D4F8DC2085
:10DE2000C4F8E00033449342C4F8D83004BFD4E9C6
:10DE30003A23C4E930230BF037FE94E72DE9F04F85
:10DE400004468BB0052900F26B81DFE811F0210058
:10DE500009003200D20069010C002046FFF7D4F916
:10DE60000BB0BDE8F08F90F8153163B9B0F87A3196
:10DE7000C3F30C03002B00F04A8190F87831033B88
:10DE8000012B40F26A810BB0BDE8F04FFFF7CEB82E
:10DE900090F8153103F0FF05002B00F0B48001214C
:10DEA000FFF782F90AF070F80BB0BDE8F04F0CF004
:10DEB00027BFB0F87A31C3F30C03002B40F02D815B
:10DEC0000BF0F0FDD4F8CC70804694F845018B46F9
:10DED00007F1200150B1012304EB83020133D2F892
:10DEE000CC20DBB2203283421144F5D9D4F8C8509B
:10DEF0008D4200F0D280D4E93A365A19A8EB0303D8
:10DF0000B3FBF5F305FB03F346F100069B18A3EB07
:10DF1000080246F10006F62A4FF0000900F244819B
:10DF2000ED1846F10006CDF8049094F87C112046D7
:10DF3000FFF784FED4E92AA1BAEB050361EB0602E0
:10DF4000012B814672F10000C0F2A58000209F42A3
:10DF5000904100DB1F46D4F8CC3003939F4228BF8A
:10DF60001F4604238DF81930C4E92E563346C4F8F1
:10DF7000D890C4F8DC702A4620460291FFF7B0FD25
:10DF8000019B8DF81800CDF81490BBB302990123C2
:10DF9000BAEB080A61EB0B019A458DF8103071F16C
:10DFA0000003C0F24981AE48002350458B4180F206
:10DFB000D280D4F81031D4F8C810002B00F01F81A3
:10DFC0004FF0FF32154690457BEB0503C0F0AD8066
:10DFD0000891B9453FF641AF04A904F58C700CF0E7
:10DFE000A9FE00287FF43CAF40F273712120FCF7BA
:10DFF0008BFC0BB0BDE8F04F0AF080BACDE90856B3
:10E000008DF81030E5E70BF09BFED4F8E830B0EB6C
:10E01000030CC4E92C0100F1208194F84561D4F887
:10E02000C87004940795002E00F00881BCFBF7F23D
:10E0300007FB0233C21A294628462B4604EB83030A
:10E04000D3F8CC3003F1200E724503D3203A0130CF
:10E05000D21AC0B20131CBB29E42EFD2B4F87A31BB
:10E0600084F84401C3F30C038DF82000002B6CD11D
:10E07000BC4534BF0125012304A88DF818508DF844
:10E080002130FEF7C1FFD4F8D800E738C4F8E0002B
:10E090000BF00AFDE4E600275DE7D4E92A126FF0F1
:10E0A00000439A4208BFB1F1FF3F78D094F8443161
:10E0B0002344204693F87C11FFF7C0FD18F1F703C5
:10E0C00008934BF10003054605900026099304A828
:10E0D00040F202438DF81060ADF818300CF09EFE4F
:10E0E000002800F0B580089AD4F8A83009999B1A46
:10E0F000D4F8AC2062EB01025B1B62F10002002A43
:10E100004DDA0123374645465E4601930DE7FFF79A
:10E11000D7FD00287FF4A4AEB5E6FFF7ADF8CFE653
:10E120004FF4E5712120FCF7EFFBB2EB08026FF032
:10E13000010165EB0B0500239142AB410146FFF461
:10E1400047AF904228BF114642E7D4F840310593CB
:10E150000325002390E750462BE790F87031002B01
:10E160007FF491AE012180F8701144F236500BF02B
:10E17000B7FD00283FF487AE0BF09AFCD4F8D830F6
:10E18000D4F8E02044F2365003441044C4F8D830A8
:10E19000C4F8E0000BB0BDE8F04F0BF085BC0123E4
:10E1A00045465E460193C0E694F87C112046FFF791
:10E1B00045FDD4F8C850D4F8E810D4F8B83005902C
:10E1C0005A1AD4F8EC30B2FBF5F205FB02F2521801
:10E1D00043F1000304212046089209938DF8191099
:10E1E0008DF81090FFF77CFC29468DF8180004A8E4
:10E1F00002F07AFDDDE90856CDF8049095E6039E1D
:10E2000094F84551203655B1012304EB83020133C4
:10E21000D2F8CC20DBB22032AB421644F5D907222B
:10E220008E42A1FB02250BD0D4F8C030D218D4F80E
:10E23000C43045EB0305C6E60020BAE628460DE7E4
:10E24000D4F8B030D218D4F8B43045EB0305BAE6B0
:10E2500040F296412120FCF757FBFFF7A5FC00BFD9
:10E260000040420F90F8143103F0FF020BB9104642
:10E270007047FFF79FBC00BF90F86C00003818BFD4
:10E280000120704770B584B090F81431002B5DD137
:10E2900003F0FF020B780392CDE9012213F0010293
:10E2A00003F0040421D08D680195002C3DD04FF07F
:10E2B000010CCE6880F845C14968C0F8F810203DCF
:10E2C000C0E9321540F27121A0F8FC1099070296BE
:10E2D0003AD50DEB820300EB820559682039531CB7
:10E2E000C5F8CC10BCB904B070BD24B940F2BE2151
:10E2F0002120FCF709FBCD6880F845214968C0F86A
:10E30000C810C0F8F81013F0020340F27121019513
:10E31000A0F8FC10DDD10DEB830200EB8303526803
:10E32000203AC3F8CC2004B070BD80F8454149685C
:10E33000C0F8F810203DC0E932159B0740F271216A
:10E34000A0F8FC10C5D4CEE71346CBE740F2A521D8
:10E350002120FCF7D9FA00BFD0F8102142B190F883
:10E36000143103F0FF020BB910467047FFF722BCCF
:10E370000C221046704700BFF8B50D460646002136
:10E38000D5F8E00104F08CFEB04205F5EC770446C8
:10E3900013D00146384604F051FE002333623CB1ED
:10E3A00094E80E005B1842F10002C5E97632F8BD30
:10E3B00000231A46C5E97632F8BD8368D5F8E02116
:10E3C000934208D2816931B10146384604F036FEE5
:10E3D00000232362E4E7934238BF1346F2693762B1
:10E3E000B360002AE4D00ECA5B1842F10002C5E90E
:10E3F0007632F8BD2DE9F04F8BB090F81421002A49
:10E4000040F00A8104460D4602F0FF03FF2280F827
:10E41000142180F8153190F8456180F8443119468F
:10E42000184604EB83030131D3F8CC20CBB2203261
:10E43000B3421044F5D9D4F8C830984200F0BE80F9
:10E44000D4F8CC30002E00F0B280D4F8D020012EC9
:10E45000134403F1400303D0D4F8D42020321344F2
:10E46000C4F8F0300BF01EFBD4F8CC7094F8456182
:10E4700007F1200856B1012304EB83020133D2F8DF
:10E48000CC20DBB22032B3429044F5D910F5FA66C5
:10E4900041F10009D4F8C8B004F0F8FD82465146B5
:10E4A00004F1E800039004F0C9FDD4F8101111B193
:10E4B0000398FFF761FFC3450CBFD4F8F080D4F890
:10E4C000C880BAF1000F7CD0DAF80800DAF8003022
:10E4D000DAF80410C01841F10001CDE900694246A4
:10E4E00004F0F8FD80456ED3861949F10009D4F88F
:10E4F000C82002F2CF730344B3FBF2F302FB03F331
:10E50000F31AC4F8E83069F10003C4F8EC30002DC8
:10E510004FD0ADB242F2107132464B46E5FB0123BB
:10E52000C4E92A2394F87C112046FFF787FBD4F82E
:10E53000A830D4F8AC209B1B62EB0902012B72F1CE
:10E54000000C0546D4E93A0142DB9F424FF0000C33
:10E550007CEB020CA8BF1F46D4F8CC30C4F8D850CE
:10E560009F4228BF1F460423C4E930018DF81930AB
:10E57000C4E92C694B46C4E92E69C4F8DC70324604
:10E580002046FFF7ADFA0023BD428DF8180008962B
:10E590000595CDF824908DF8103033D804A904F5F2
:10E5A0008C700CF0C7FB90B30BB0BDE8F08F20333C
:10E5B00056E74FF0FF326FF00043B1E741F2883386
:10E5C0004EE7504693E740F24D312120FCF79CF98D
:10E5D00004230027C4E930018DF81930C4E92C69FF
:10E5E000C4E92E69C4F8D8503246C4F8DC7020461D
:10E5F0004B46FFF775FACDE908698DF818000595C7
:10E600008DF810704FF41F712120FCF77DF940F256
:10E610007D212120FCF778F940F267212120FCF7C9
:10E6200073F900BF38B590F81431DBB90D4619B352
:10E6300004460246134900F58C700CF075FB114935
:10E64000224604F5A4700CF06FFBC4F810516B7BEC
:10E6500003F0FF015BB984F816112046BDE838408D
:10E66000FFF7C8BE4FF423712120FCF74DF940F2AB
:10E6700093212120FCF748F940F28D212120FCF75D
:10E6800043F900BF3DDE020038B5024604460D46A0
:10E6900000F58C7007490CF047FB04F5A4700549A0
:10E6A00022460CF041FB29462046BDE83840FFF7E2
:10E6B000A1BE00BF3DDE02002DE9F04F87B090F80B
:10E6C0001531002B40F0C480044603F0FF0B0BF023
:10E6D000E9F994F845115B460133DAB29142FBD275
:10E6E000D4F8C830D4F8E820D4F8EC70861AB6FB19
:10E6F000F3F603FB06F6B61800F1F705A5EB0605E1
:10E7000047F10007AB4294BFA5EB030AAA460029D4
:10E7100000F0E780D4F8CC3003F12002524505D850
:10E72000AAEB0303A3F1200A4FF0010B01291DD02E
:10E73000D4F8D03003F12002524507D8AAEB0303E6
:10E740000BF1010BA3F1200A5FFA8BFB02290DD01C
:10E75000D4F8D43003F12002924507D3AAEB030387
:10E760000BF1010BA3F1200A5FFA8BFB04EB0B0307
:10E77000204693F87C11FFF761FA04EB8B035044B9
:10E78000D3F8CC808045D94669D3A8EB0A08B8F104
:10E79000000FC0F2B180D4F8E830D4F8B020D4F83B
:10E7A000EC10AD1947F10007D21A4FF0000600F146
:10E7B0009C80D4F8C800B2FBF0F200FB02F2D21841
:10E7C00041F10001C4E93A21AA1A002AC0F28D8061
:10E7D00004EB0903204693F87C11FFF72FFAD4F8D5
:10E7E000A830D4F8AC205B1B62EB0702012B72F15E
:10E7F0000001824647DB04EB89094FEAE87198453E
:10E80000D9F8CC60C4F8D8009141A8BF98464645D5
:10E8100028BF464604238DF80930C4E92E573B46ED
:10E82000C4F8DC602A462046FFF75AF90023B245B7
:10E830008DF808000495CDF804A005978DF80030F8
:10E8400037D8694604F58C700CF074FA002858D05B
:10E8500009F09AFB07B0BDE8F04F0CF051BA94F8FC
:10E860004521D4F8C8305A452DD90BF1010BAB42E4
:10E870005FFA8BFB3BD904EB8B03D946D3F8CC80F2
:10E8800008F1200583E70423C4F8D8008DF8093087
:10E89000C4E92E57C4F8DC602A463B462046FFF701
:10E8A0001FF9CDE904578DF80800CDF804A08DF8C4
:10E8B00000602046FEF7A8FC09F066FB07B0BDE843
:10E8C000F04F0CF01DBAAB420DD85A00B5EB430F18
:10E8D00038BF1546FFF45BAF40F245412120FCF7FD
:10E8E00013F88B4642E71D4651E7FFF75DF94FF4F9
:10E8F00085612120FCF708F840F24E412120FCF709
:10E9000003F840F25A712120FBF7FEFFF0B5070C27
:10E91000A7F5AA42144B543A012A03EA90231FD9BF
:10E9200027F4004042F6AA22801A18BF01200022D4
:10E93000162116461F2487EA060562EA05050135F9
:10E9400010D0DD03ADB245EA5606E503ADB201399C
:10E9500045EA52024FEA53034FEA5404EBD1F0BDAB
:10E960000020E4E70020FAE7E0FF3F0000F0FD00B0
:10E97000003818BF012070472DE9F041B0F86A70E7
:10E98000B0F86C50164671B308F09AFB02210446A9
:10E9900002F0D8F902218046204602F0D3F947451B
:10E9A00028BF4746BFB21B2F38BF1B27FB2F28BFEE
:10E9B000FB27854228BF0546ADB21B2D38BF1B255E
:10E9C000FB2D28BFFB25B4F5A47F38BF4FF4A474FA
:10E9D000B4F5296F28BF4FF429647780F580B4809F
:10E9E0003481BDE8F08105F0F9FACFE7304BF0B59E
:10E9F000B0F86C70B0F86A601D890C461146DA8870
:10EA0000974228BF1746964228BF16461B2E85B050
:10EA10002ED0B5F5A47F2DD040F648039D4201AA23
:10EA200028BF1D46FFF7A8FFBDF80A30BB4228BF2C
:10EA30003B46E380BDF80C30AB4228BF2B46238118
:10EA4000BDF80630B34228BF33466380BDF80830B6
:10EA5000AB4228BF2B46A380FF232370E3881B3BD8
:10EA60009BB2E02B08D940F209513920FBF74CFF4B
:10EA70001B2FCED105B0F0BD63881B3B9BB2E02BB2
:10EA800002D940F20B51F0E72389A3F5A4739BB29E
:10EA900040F64812934202D940F20D51E5E7A388AF
:10EAA000A3F5A4739BB29342E4D940F20F51DCE783
:10EAB00044EA032007B50023CDE9003303238DF892
:10EAC00006306846FCF7ACFE08B1002004E0009870
:10EAD00005F0C6FC0028F4D003B05DF804FB13B5C4
:10EAE00001210020FCF762FEC0B901210846FCF7B5
:10EAF0005DFEF8B9FFF7DEFFA0B9062301906C4672
:10EB000000908DF806302046FCF78AFEC0B1002345
:10EB10000093636007238DF806301FE0A830FFF7ED
:10EB2000ABFB10B1012002B010BDFEF7B3FB002813
:10EB3000DBD0F7E7A830FFF79FFB0028DAD0F1E73A
:10EB40000098403004F03CFA0028DCD0EAE7009B53
:10EB5000586F503004F034FA0028E4D12046FCF716
:10EB60005FFE0028F3D00020DDE7D4D4F7B5002302
:10EB7000CDE9003304460E4617466846FCF750FEC2
:10EB800008B100201AE0009DA542F6D03046FFF7FC
:10EB9000EDFE05F1AD0395F8AC20394601F01CFD02
:10EBA0000028EAD095F8B32094F8B30005F1B40337
:10EBB00004F1B40101F010FD0028DED003B0F0BD77
:10EBC000054A516A11F8030B02F11D03C0F38010CE
:10EBD000127F01F001BD00BF84EF03200138C0B2F5
:10EBE000032808B504D94FF43F710620FBF78CFECB
:10EBF000014B185C08BD00BF285804000138C0B2A2
:10EC0000032808B504D94FF43F710620FBF77CFEBA
:10EC1000014B185C08BD00BF805804000138C0B229
:10EC2000032808B504D94FF43F710620FBF76CFEAA
:10EC3000014B185C08BD00BF5C59040010B50446C8
:10EC40000A48FEF7E7FA20460949FFF71BFB204672
:10EC5000FEF710FA38B12046FEF716FA2046FEF706
:10EC6000CFFA002010BD1220FCE700BF78EA032095
:10EC700080EA032038B5044606F04AFBD8B12046A6
:10EC800005F0EEFB08B9002038BD204605F07EF8FF
:10EC90000546204605F026F978B9002DF3D0B5F8E1
:10ECA000AA000221FCF798FD0028ECD041F6D621FD
:10ECB0003920FBF729FE4220E6E70C20E4E7F0B517
:10ECC00087B0054602A9008802F0BCF80446002877
:10ECD0007CD1029B93F86A21029ED11E4A424A418E
:10ECE0008DF8062096F8A820002A72D1DA7B222A15
:10ECF00072D19DF8062082F0010293F862308DF8FF
:10ED000007209B0603D49DF80730002B68D0EB88C2
:10ED10001B3B9BB2E02B65D82989A1F5A4739BB25C
:10ED200044F2481083425DD86B881B3B9BB2E02BBA
:10ED300058D8AA88A2F5A4739BB2834252D8B1F5E1
:10ED4000296F51D8B2F5296F4ED8FF2786F82F7159
:10ED50009DF80630002B41D1029B93F8A810B1FA20
:10ED600081F103AA06F1A8004909FFF705FE6A88A8
:10ED7000BDF81230BDF81410B5F806C0934228BF94
:10ED8000134640F64800A6F83431BDF80E30AA8884
:10ED9000814228BF0146634528BF6346A6F830314B
:10EDA000BDF81030834228BF03462889834228BF1C
:10EDB00003468A42A6F83231134628BF0B46A6F80E
:10EDC000363186F82E71002386F82F31204607B0A1
:10EDD000F0BD1A6892068CD422468EE73A24F2E7F8
:10EDE0001A24F3E71224F1E71124EFE710B5032109
:10EDF0000020FCF7DBFC044670B90321FCF79AFC09
:10EE0000044620B940F225313920FBF77DFD034B44
:10EE100093F96C1006F01CFA204610BD44EA03205A
:10EE200010B50446FFF746FE58B901210020FCF753
:10EE3000BDFCD0B901210846FCF7B8FCD8B90120C7
:10EE400009E000F0D5FF68B1FFF7D0FF044606F0F7
:10EE5000F5FB08B1002010BD204606F0EBFB0028B2
:10EE6000E3D0F7E7002CE0D1F4E7A830FFF704FA8D
:10EE70000028DFD0EEE7A830FFF7FEF980F00100B0
:10EE8000C0B2E8E7014B5888704700BF44EA03204E
:10EE9000006890F8A8303BB190F8E23123B100232C
:10EEA00080F8E23105F0B0B87047D4D4044BD87B79
:10EEB000C0F3400080F0010000F00100704700BF87
:10EEC00044EA032010B501F053FB01F017FD00F0F8
:10EED000EBFF02F081FC04F05DF802F08BF808F023
:10EEE00041F9012000F07EFF184B194C194A00210E
:10EEF00019604FF01B13C4E900234FF4A473A360FF
:10EF00004FF479432361144BA4F86410586860638C
:10EF10001B89A181102204F13C0084F83210E173B6
:10EF200023870DF087FC012304F15A0042F210728E
:10EF3000C4E9102284F83C30637508F02DF904F11F
:10EF40004C00BDE8104008F04DB900BFD4F20320DA
:10EF500044EA032003021B0028580400044B41F636
:10EF60004C521B21C3E9062299731A62FFF7AABF0C
:10EF700044EA0320F7B53B4DAB69C0F8E8302B7C81
:10EF8000003B18BF012380F8293100F1A807364B58
:10EF9000C0F8C8300446384605F020F8064600F0B0
:10EFA00065FF830654BF1B236B88A4F8123158BF3A
:10EFB0001A462E4BA97B1B6848BFAA88A4F81421C7
:10EFC00084F8F010A4F8F26023B194F92811B4F891
:10EFD000AA009847264B1B681BB12649B4F8AA0023
:10EFE00098472549384600F08CFF0123A4F8DE300D
:10EFF000224B1B681BB1B4F8AA0000219847204B94
:10F000001B681BB1B4F8AA00002198471D4B1B6870
:10F0100013B1B4F8AA0098471B4B1B6813B1B4F89E
:10F02000AA009847AB886A8869780191297800918D
:10F03000033303329BB292B204F1C40104F1C00065
:10F04000FCF756FCD4F8C03023B940F2E241392035
:10F05000FBF75AFCD4F8C43013B940F2E341F6E7A9
:10F0600003B0F0BD44EA032000093D00E4F20320B0
:10F07000DCF2032068EA03204EEA0320F4F20320C6
:10F08000E8F20320ECF20320F0F203202DE9F34133
:10F0900004460E4606F03CF9002800F09680204613
:10F0A00006F0D0FA40B1B6F80130013B7F2B03D90E
:10F0B000122002B0BDE8F081204606F0C7FA08B978
:10F0C0000C20F6E7204605F0CBF90028F8D12046C1
:10F0D00006F080F880460028F2D1204606F046F976
:10F0E0000028E5D0B6F80170F17842F2107320469E
:10F0F0005F4306F092FA04213078FCF757FB0621B3
:10F1000005463078FCF752FB2DB140B141F676212F
:10F110003920FBF7F9FB18B390F8E58005462C4E33
:10F120003368EBB14035284603F059FFC0B128469B
:10F1300003F046FFA0B9B8F1000F07D0254B2846D1
:10F140001B68984760B141F68A21E1E7224933689C
:10F15000096A42462846984710B141F68F21D7E701
:10F16000204606F067FA014638B93A46204604F0D0
:10F1700011FE40B341F69821CAE702210DF10600C5
:10F18000FCF7A0FA054608B90D2092E7BDF8061075
:10F1900001F0B6FE2946204606F0E0FB2846FFF7C0
:10F1A000E9FE3A462946204604F0F4FD024610B135
:10F1B00041F6B421ACE7084B9B6E23B105F597717E
:10F1C00005F1A8009847002073E7422071E700BFCF
:10F1D000D8F20320E0F2032044EA0320074B018821
:10F1E0009A88914207D3B0F8032091B219B1A3F8DD
:10F1F0006420002070471120704700BF44EA0320BC
:10F20000024B1B6803B118470C207047D4F203204F
:10F2100010B5044603F0C4FE2070002010BD10B5E8
:10F220000378012B044601D9122010BDFFF757FCCB
:10F2300060B92078FFF79AFB01280DD004F117037D
:10F24000E21D611CBDE8104001F068BB01F008FC44
:10F250000028EED00C20E8E7A37903F0C003C02B10
:10F26000E2D1EBE710B50378012B04460AD8FFF78B
:10F2700036FC48B9214611F8010BFFF777FB01F086
:10F28000C9FB38B9122010BD01F0EAFB0028F1D00B
:10F290000C20F8E70020F6E708B5008801F0E6FB4F
:10F2A00000280CBF3020002008BD38B50546FFF708
:10F2B00016FC044638B92878003818BF012001F040
:10F2C000C9FB204638BD0C20FCE708B5FFF707FC5A
:10F2D00018B901F0AFFB002008BD01F0C1FB002808
:10F2E000F7D00C20F8E708B50821FCF709FE00204C
:10F2F00008BDD4D4034B5A8802801B788370002049
:10F30000704700BF44EA032010B5014604460020C0
:10F3100001F048F908B92060A080002010BD10B5A8
:10F3200004460120FFF77CFD28B10120214601F0B1
:10F3300021F9002010BD0C20FCE7D4D473B58378EC
:10F340001A2B064608D8042B04D9334A22FA03F3B1
:10F35000DB0705D412251AE0292B01D03B2BF9D16C
:10F360003088B0F5706FF5D2694601F06BFD88B951
:10F37000009B93F82C2102F0FF05C2B9B27883F804
:10F380002D21FF2283F82C216846FFF781FD2846B6
:10F3900002B070BD30880921FCF708FA0446002845
:10F3A00037D0B0F8AC0101A901F04CFD08B10C2533
:10F3B000EDE7B4F8AE010821FCF7F8F920B94FF4F5
:10F3C00004613920FBF7A0FA03781BB994F8C8311F
:10F3D000032BECD1019B93F84221002AE7D194F84A
:10F3E000F02102F0FF05002AE1D1B4F8B021A3F822
:10F3F000442194F8B82183F84621027D83F84721FF
:10F40000B27883F8482184F8F021FF2283F8422162
:10F41000BDE70225BBE700BF20003804FFF74FBC63
:10F4200037B508800D4601A901F00CFD044640B92E
:10F43000019810F8A81FB1FA81F12A464909FFF78F
:10F440009BFA204603B030BD10B50446FFF747FBDA
:10F4500058B92078FFF78AFA611CE27901F012FCB2
:10F4600080F001004000C0B210BD01F0F9FA0028A0
:10F47000EFD00C20F8E7D4D42DE9FF410646007800
:10F48000012813D17378012B03D9022B0CD1B38837
:10F4900053B17288B2B1B388A3B10A214A434FF481
:10F4A000A0614B439A420DDB12247AE00028FBD185
:10F4B0000121FCF77BF90546002840F08E8040F6DC
:10F4C0009A5107E001210020FCF770F9054620B9A8
:10F4D00040F63F513920FBF717FAB388002B76D15D
:10F4E000FDF770FD002874D195F81431002B72D10E
:10F4F0002846FFF7A3FB04460028D5D10121084682
:10F50000DFF82C81FCF752F998F81410074619B16E
:10F5100010B940F65B51DDE798F834200023CDE9BF
:10F52000023312F001031CBFD8F8440002905207C6
:10F5300041BF04AA02EB8303D8F8482043F8082C03
:10F54000002941D097F81431002B3DD07388DBBBE4
:10F5500098F834300093D8F8402098F8361002AB71
:10F560003846FDF7C7FD78B33846FEF7F5FE07F1DC
:10F570004003064605F14002683753F8041B42F881
:10F58000041BBB42F9D12846FFF758FB024610B1D5
:10F5900040F682519EE70C2E07D101462846FFF720
:10F5A00073F8204604B0BDE8F08116B140F68B51E7
:10F5B00090E798F83530296D43F0040385F854300E
:10F5C0002846FFF72FF8ECE7B2887188E6E71124A8
:10F5D000E7E73A24E5E70C24E3E7FEF743FE0446B9
:10F5E0000028DED195F8543095F8A62022B195F880
:10F5F000A720134385F8A600053B012BD1D82B6D1E
:10F6000013B940F6AA5165E701210846FCF7CEF888
:10F610004FF4C072294606460DF08EF9002386F895
:10F6200094300423316D86F854303046C9E700BF6A
:10F6300044EA032010B50446002000F0D3FB204626
:10F64000BDE81040FFF718BF07B503788DF800300C
:10F6500043788DF8013068460023ADF80230ADF8EC
:10F660000430FFF709FF03B05DF804FB73B5062310
:10F670000025CDE900558DF806306846FCF7D0F836
:10F6800008B1002610E0009D95F8CD30802BF4D015
:10F6900095F8E560002EF0D095F83131002BECD1D3
:10F6A00095F8CC30002BE8D101210020FCF77EF842
:10F6B000044620B941F2BB213920FBF725F9A830D7
:10F6C000FEF7DAFD224B1B7D73B3E0B194F85430A2
:10F6D000053B012B17D82046FEF73EFE054610B12C
:10F6E00041F2C621E8E72046FDF772FC94F8543059
:10F6F00023F0040384F854302A4629462046FEF7B6
:10F70000C3FF00250DE001210846FCF74FF8044631
:10F7100010B941F2D221CFE7A830FEF7ADFD60B9B4
:10F720000C25284602B070BD28B9002EF8D0FF2362
:10F7300085F8CC30E5E7002EF9D12046FEF70CFE27
:10F7400005460028EDD12046FDF742FCE9E700BF61
:10F7500044EA032073B5054601A9008801F094FB33
:10F76000064620B9019C94F8A8301BB10C263046FF
:10F7700002B070BD94F8823203F0FF0633BB94F8F8
:10F780006230DB0724D5D4F8A430002BEED1D5F8B5
:10F790000230C4F87832D5F80630C4F87C326B8970
:10F7A000A4F8803204F51A7205F10C031C3553F8E5
:10F7B000041B42F8041BAB42F9D10C2104F515706F
:10F7C000FCF79EFBFF2384F88232D0E73A26CEE78F
:10F7D0001A26CCE730B589B003466A4600F1180511
:10F7E00018685968144603C40833AB422246F7D15F
:10F7F0001868206002236846ADF81C30FFF7AAFFA6
:10F800001E220446002168460DF054F8204609B037
:10F8100030BDD4D4F7B50678EF2E04460F4603D991
:10F820001226304603B0F0BD90F901204378002A3B
:10F83000F6DB82789207F3D113F010001DD19D06FC
:10F8400003F0030216D5002AEAD11907E8D421797A
:10F85000E278E57942EA0122617942EA0142A1793E
:10F8600041EA0521257A41EA05418A42D8D81F2A72
:10F8700012D8D5E7032AE8D1D2E713F0600FCFD131
:10F8800003F00702052A05D003F00F010D22CA403C
:10F89000D207C5D51D07DAD5627A013A062ABFD844
:10F8A000A27A032ABCD813F0040302D1023A012A37
:10F8B00003D8E27A012AB3D813B9A37C032BAFD8BB
:10F8C000237DF8B1012BABD1237E012BA8D818B32F
:10F8D0006378D90702D500F04DFA20B36378227D12
:10F8E00003F01803082B2ED1022A1CD10321304625
:10F8F000FBF75CFF054660B304F0B2FD002834D08E
:10F900000C268EE7022B8BD0A37D013B022B87D8E0
:10F91000E37D0F2BD8D983E700F0B2FA820707D432
:10F92000237D022B01D111267BE7A37D022BFAD088
:10F9300000F0A6FA4307CBD4237D032BF3D0A37D9D
:10F94000032BC5D1EFE7022AD0D0237F002BCDD0E7
:10F95000E9E703213046FBF7EDFE0546002843D0DA
:10F96000224B93F96C1005F073FC0021304607F030
:10F97000BCFB28BB284605F05AFE21463870E074CF
:10F98000284605F055FDE37E0646002B3FF449AFBF
:10F9900000287FF446AFE96C02466846FCF7B8F8E9
:10F9A000E86C32460121FCF74CF9E96C6846042208
:10F9B000FCF7AEF8E86C32463146FCF742F930E726
:10F9C000403003F00CFB0028D4D0637813F0330FE1
:10F9D0007FF426AF296AA67D284605F046FEFFF78C
:10F9E000FDF88642C6D08BE707261AE744EA0320D3
:10F9F00030B50279042A8BB003464FD84088B0F561
:10FA0000804F4BD82649114400248A7C4D7BADF8A9
:10FA1000004042F0100242EA4502CD7D097F8DF898
:10FA2000084042EA850242EAC10202F01F028DF854
:10FA30000020BDF80020ADF809201A888DF80B20B1
:10FA40008DF80E00120A000A8DF80C208DF80D407A
:10FA50008DF80F008DF810405A7B8DF811205A79DF
:10FA60008DF812209A79D3F807008DF81320B3F897
:10FA70000B209B7B8DF81A307F2305908DF81B306F
:10FA800069464FF0011302A8CDE90734ADF81820FC
:10FA90008DF82440FFF7BEFE0BB030BD1220FBE70F
:10FAA0002858040037B50446FFF7A0F923781F2B28
:10FAB000054618D8C16C04226846FCF729F822468E
:10FAC000E86C12F8013B0021FCF78AF868B1EC6C95
:10FAD0002046FCF732F9002102462046FCF7B1F837
:10FAE000002003B030BD1220FBE70720F9E737B54F
:10FAF0000446FFF77BF923781F2B054618D8C16C05
:10FB000000226846FCF704F82246E86C12F8013B34
:10FB10000121FCF765F868B1EC6C2046FCF702F9AE
:10FB2000012102462046FCF78CF8002003B030BDCE
:10FB30001220FBE70720F9E773B50546FFF756F9F2
:10FB4000002604468DF8046005F07CFD2B788DF8C6
:10FB50000760C001012BADF8050005D101A92046C1
:10FB6000FFF794FA02B070BD2BB9204602B0BDE891
:10FB70007040FFF77FB81220F4E710B5044634F860
:10FB8000020B0880022180B2FBF710FE20B1214653
:10FB9000BDE8104007F0E2B9022010BD008808B5AA
:10FBA0000880022180B2FBF701FE20B1BDE80840C9
:10FBB000002107F0D3B9022008BDD4D4027803464F
:10FBC00072B1427862B142881A2A09D982881A2A07
:10FBD00006D9044A006810609B8893800020704713
:10FBE0001220704744EA0320014B587400207047EC
:10FBF00044EA0320014B98740020704744EA032034
:10FC0000024B1B6803B1184711207047F8F203201C
:10FC100008B5052000F0F2F807F044FA014B024A5B
:10FC20009A6608BD44EA0320EDE90200082000F0CE
:10FC3000E5B807F043BA10B5044604B910BD23680F
:10FC400098476468F9E703680BB9016070471A4682
:10FC50005B6813B18A42FAD170478A4218BF51607B
:10FC6000704708B504F05AF905F0CAFA20B140F21D
:10FC700063119320FAF748FEBDE808400320FBF724
:10FC8000EFBD08B50220FBF7EBFD0020FBF7E8FD18
:10FC9000FBF780FE00F024FCFCF782FF20B140F26D
:10FCA00043119320FAF730FE08BDFFF7EABF08B50D
:10FCB000FFF7D7FF06F0D8FB20B14FF4BC719320BB
:10FCC000FAF722FE08BD08B505F004FB04F058F968
:10FCD000BDE8084005F0A4BA08B500F009FCFCF73F
:10FCE0003FFF0220FBF7BCFDBDE808400020FBF70A
:10FCF000B7BDD4D408B5064B01221A7105F0F2FA4B
:10FD000006F0BAFBFFF7E8FFBDE8084001F08ABD46
:10FD1000B4EA032010B5064C064904F10800FFF7C9
:10FD200092FF04F10C000449BDE81040FFF78BBFBF
:10FD3000B4EA03200C9A0320149A032010B5094C4E
:10FD4000094904F10800FFF77EFF04F10C000749A0
:10FD5000FFF779FF04F110000549BDE81040FFF7F7
:10FD600072BF00BFB4EA03201C9A0320249A032028
:10FD70002C9A0320014B1879704700BFB4EA032086
:10FD800038B5074C0D4601F009FDA0682560FFF766
:10FD900052FFFFF7E3F802F07BF80123237538BD2B
:10FDA000B4EA032010B50A4CE068FFF744FF20696D
:10FDB000FFF741FFFFF786F8202000F033F82620F8
:10FDC00000F030F8292000F02DF80023237510BD35
:10FDD000B4EA032000487047C9EA0320004870478E
:10FDE000CBEB0320014B83F819027047B4EA0320E0
:10FDF000014B93F819027047B4EA0320C20807497F
:10FE000000F0070001238340885C03438B540449BE
:10FE10000B78934238BF13460B707047C09903208C
:10FE2000CEEC032010B50F4BC40803EBD002012128
:10FE300000F0070001FA00F0195D21EA00011955F0
:10FE400009490B78A34205D1002012F8014914B1E9
:10FE500000B10B7010BD002BFAD0013BDBB20120CA
:10FE6000F3E700BFC0990320CEEC0320014BD3E998
:10FE700000017047C099032000487047C8990320CB
:10FE8000054B1868C0F3C022C0F30020400040EAD0
:10FE9000820040F001007047C099032001230380D5
:10FEA00040F201134380704708B509F06BFD084A22
:10FEB000002332F82310814205D302EB83029378AA
:10FEC000044A137008BD01330C2BF2D10023F7E76D
:10FED00050580400CFEC0320024B1878072828BFA5
:10FEE00007207047CFEC032009F04CBD0B46892258
:10FEF00003F8032BD0F80920C1F80320427B1A71C4
:10FF0000704738B50D460446FFF7BAFF2B78002B33
:10FF100008BF034684F874306B78002B08BF034693
:10FF200084F875306B88A4F8763038BD2DE9F04F31
:10FF30000468984694F8633094F80FA043EAD3031A
:10FF40000F46D90785B0164604F1A80902D4BAF1C4
:10FF5000260F5FD194F8A850002F55D1FFF790FFDE
:10FF60008DF80B00002E51D1FFF78AFF2B4B8DF837
:10FF70000C00D3F800B0BBF1000F0CD0AAF12602A0
:10FF8000534253410093284603AB0DF10B024946FF
:10FF9000D847054630B99DF80B3013B19DF80C00D9
:10FFA00028B90925BAF1260F2AD10020034694F872
:10FFB000292132B19B0700F002002DD560B3022049
:10FFC0000346FF2284F8392194F8382102F0FF0516
:10FFD000F2B99DF8382084F83B0184F8382184F880
:10FFE0003A31A4F83C8103A948468DF80C708DF88D
:10FFF0000D60ADF80E80FFF784FF002384F83931DF
:020000023000CC
:10000000284605B0BDE8F08F3846A9E73046ADE791
:100010003A25F2E71A25F3E70925F1E7FCF2032078
:1000200037B58B78046803F0070384F819314B78EF
:1000300003F0070384F8183126230546E37394F888
:10004000393113BB94F83831012B1ED094F821318B
:1000500094F81821D91E012998BF04239A42B4F8B4
:100060001E3118D194F8202194F81901D11E0129CC
:1000700098BF04229042B4F81C110CD1022284F8DB
:100080003821A4F83A11A4F83C31284603B0BDE861
:10009000304001F030BF022094F81D2194F81C116B
:1000A00000902846FFF742FF0028EED04FF466711B
:1000B000AE20FAF729FCD4D410B50468B4F8AA30FD
:1000C00084F87E11A4F87F3194F82001FEF796FDA4
:1000D00084F8810194F82101FEF790FD84F88201F3
:1000E000034904F27510BDE8104001F0CDBC00BF1B
:1000F000EDFE020038B5036893F83831012B044651
:100100000D4602D11E21FFF7D7FF2368002083F898
:10011000380165B1182283F8992009229A7393F85F
:100120004A3093B940F25B41AE20FAF7EDFBDA7B3F
:10013000243A072A03D8DD73204601F0EEFE20465C
:100140001821BDE8384001F018BF38BD08B5036874
:100150009A7B22B14FF4E671AE20FAF7D5FB242248
:100160009A7308BD034610F0010007D19A0704D422
:1001700013F0040018BF03207047022070472DE9D8
:10018000F34B0546104616461F46FFF7EBFF834626
:100190000846FFF7E7FF46EA01044BEA040404437C
:1001A000E4B2003CDDF828800190894618BF0124A4
:1001B000FFF766FE064018BF5E46FFF761FE95F842
:1001C0002021019B10EA090118BF1946B24214BF51
:1001D0003346002388F8003095F821218A4208BF71
:1001E00000210B4388F801100AD1EB88013FFF1A68
:1001F000BFB247F6FD739F428CBF002404F0010498
:10020000C6B995F82001FEF7F9FC03280ED195F840
:100210003831012B0AD1B5F83C2195F82031012A5B
:100220000AD1042B0AD0042388F80030204602B0FB
:10023000BDE8F08B032EE9E7032BF7D00323F3E7A8
:10024000032906D101280AD10421518013800120FD
:100250007047042903D1012801D00321F5E70020CC
:100260007047012807D0022805D0033801288CBF29
:1002700000200120800070472DE9F0410C6894F8BF
:100280003A22D31E012B05460F462DD894F8203173
:10029000D91E012928D8D31A18BF012394F83B028C
:1002A000FFF7DFFF06460BBB1046FFF7DAFF80467D
:1002B00094F89F306BB948EA060313F0FF0306D0A9
:1002C000204601F06BFE3B68DB8803449BB2A4F838
:1002D0003832B4F83832EB701B0A2B71AE7085F8E7
:1002E00001800520BDE8F0810023D7E74FF000082A
:1002F000DEE770B50568EC7BA4F12406072E024604
:100300000B4615D994B9AD7B292D11D04D786E07C8
:1003100006D08D786D0703D0FFF782FE204670BDB2
:10032000BDE870401978104601F027BE0124F5E7BA
:100330002024F3E72DE9FF47046894F80EA0AAF102
:1003400025030E4659425941052A054639D1E37B1A
:10035000272B3BD104F10F0796F8019096F8028005
:1003600009F0070908F0070809F1FF3308F1FF3227
:1003700003EA090302EA0802134321D14046FFF7CA
:10038000F1FE70B394F8203198422AD094F83A21C3
:1003900018EA020F14D0BAF1250F22D094F81921CF
:1003A00018EA020F1DD1464A0138013B52FA80F08B
:1003B000DBB2032B00790FD81A441379834210D98A
:1003C000284604B0BDE8F047FFF794BEBAF1250F08
:1003D00074D104F10E07BFE74FF4DD710620FAF780
:1003E00093FA4846FFF7BEFE40B194F821318342AC
:1003F00004D094F83B3119EA030FE1D0B6F803605A
:1004000003AB00932046334642464946FFF7B7FE0A
:100410002C6878BB94F83831012B28D1E38894F804
:100420002011B4F83C0104F53472FFF709FF0646C9
:10043000D0B901462846FFF73FFE2B6883F83861A4
:100440003E702B6803F10F02974201D10022DA734C
:100450002B6803F10F0297422CD1284601F05DFD75
:10046000002004B0BDE8F0872C23A373E9E784F8EB
:100470003801E6E7E388A4F8D062013EF61AB6B286
:1004800047F6FD739E4206D9282384F8313028466A
:1004900002F020F8DCE7E37B0D2B02D00A3B012BB6
:1004A00001D82A23F1E7BDF80C30A4F8D232292371
:1004B0003B70CDE7002283F84A20D1E70220D0E745
:1004C0008058040008B50368DA7B262A05D022B1DB
:1004D00040F2D351AE20FAF717FA2722DA7308BD9B
:1004E000024B002283F832209A867047D2EC032018
:1004F000FFF7F6BF044B93F83220012A1ABF0360BE
:1005000001200020704700BFD2EC0320054B93F878
:100510003210012902461DBF012083F832009A865D
:1005200000207047D2EC0320054B024693F83200BE
:1005300020B1136009B19B8E0B800120704700BF72
:10054000D2EC0320044B93F8320000229A8610B1BB
:1005500083F8322001207047D2EC0320034B93F83C
:100560003200B0FA80F04009704700BFD2EC03209F
:100570007047D4D450B90A4A1346012003F8010B3E
:100580000868C2F801008A889A807047012805D15E
:10059000034B0A689A608A88D8719A81704700BFB5
:1005A00008ED032050B90B4B187888B1D3F801201F
:1005B000B3F805300A608B8001207047012806D10E
:1005C000044BD87920B19A680A609B89F3E7002030
:1005D000704700BF08ED032030B542401C78087812
:1005E0005D7860404C786C4020449D788C786C40FD
:1005F0002044DD78CC786C4020441D790C795B79FF
:1006000049796C4020444B4018441044B0FA80F0C3
:10061000400930BD10B9044B18787047012806BF57
:10062000014BD8790020704708ED0320F7B500236F
:100630008A888DF80600ADF8042008680B4A8DF80A
:100640000730019D1478014602F5A872D8B28442A1
:1006500001D8082008E052F8087F5668AE4208BF6B
:100660008F4203F10103F1D103B0F0BD18ED032077
:1006700030B5094B01465C78002203F20113D0B279
:10068000844201D8082005E013F8015F8D4202F191
:100690000102F4D130BD00BF18ED03200246002056
:1006A0000139C9B2FF2900D17047535C83F00103BF
:1006B0000344D8B2F4E7D4D4F8B52D4C6378013BA9
:1006C000DBB22218834292F80251637030D01A01D3
:1006D0000101961C8F1C2644274406F1100C56F885
:1006E00004EB47F804EB6645F9D1823282312244AB
:1006F000214402F1100652F8047B41F8047BB24217
:10070000F9D1E118221891F8026182F802610626F7
:100710007343704303F5857300F58570E618E3585D
:1007200023502718B388BB8091F83A3182F83A31C8
:100730002846FFF79DFF082818D12378013BDBB23C
:100740009D42237012D02B3304EBC30393E80300C4
:1007500005F12B0204EBC20282E803002078FFF7C8
:1007600087FF08281CBF241884F80251F8BD00BF79
:1007700018ED0320F0B5254D95F8984189B0224633
:1007800005F2991168460CF0D7F821466846FFF744
:1007900085FF0446B8B300EB4001C9B202A8FBF7DD
:1007A000AFFB631E95F8A161DBB2012495F89811A7
:1007B00005E0721CB2FBF1F001FB1022D6B206F18B
:1007C00020020DEB020010F8202C002AF1D103EBDF
:1007D00043012031694406EB46022A4411F8187C93
:1007E00082F8A27111F8177C11F8161C82F8A37117
:1007F00082F8A41100F8204C013BAA19DBB2FF2BB0
:1008000082F89941D2D109B0F0BD00BF18ED0320A4
:1008100070B5064688B00C46002A4ED0294A92F898
:10082000A131D01890F8991119B9FF212820FAF7B1
:100830006BF803EB43011144013391F8A251E570C9
:1008400091F8A35191F8A41161710021257180F8EC
:10085000991192F89811B3FBF1F001FB103382F873
:10086000A13192F8C23123B9174902F5DD7001F0C8
:10087000EAF8657905F03F0545F0400565710D2200
:10088000002168460BF0D6FFE3788DF80F3023790E
:100890008DF80E3004AA0423694630468DF80D50B9
:1008A0000BF0B8FD9DF81F3023709DF81E3063706B
:1008B0009DF81D30A37008B070BD03216018FBF7D0
:1008C0001FFBD6E718ED032075070300044B5A7889
:1008D000824286BF1B1893F84A010020704700BF70
:1008E00018ED0320044B5A78824286BF1B1893F8F8
:1008F00042010020704700BF18ED0320064B002284
:100900004FF461711A8083F8C32183F8C421A3F8DE
:10091000C61183F8C221704718ED03202DE9F04776
:100920008246894617469846FFF780FE0828054606
:10093000064603D0FFF79CFE082860D1324C63784E
:10094000072B5ED8082D15D12678731C072E23702F
:1009500003D96C212820F9F7D7FF06F12B02D9F82B
:10096000000044F8320004EBC203B9F804209A8076
:1009700083F806A065786B1C290163704B1C07F196
:100980001002234412F8010D03F8010FBA42F9D105
:10099000813108F11003214413F8012D01F8012FD2
:1009A0009845F9D11021404600F092F925441021D4
:1009B00085F84201384600F08BF985F802616678C7
:1009C00085F84A010023114885F83A313146FFF78E
:1009D00065FE0128054607D80D483146FFF75EFE43
:1009E000002818BF0135EDB284F89851002528463B
:1009F00084F8A151FFF7BEFE2846BDE8F08712201B
:100A0000FBE70720F9E700BF18ED03205AEE0320AB
:100A100062EE032008B5FFF709FE082807D0FFF7AC
:100A200027FE082803D0FFF747FE012008BD00205D
:100A3000FCE7D4D410B5064B5878013840B20028F2
:100A400000DA10BDC4B22046FFF736FE601EF5E79F
:100A500018ED0320014B83F8C301704718ED032004
:100A6000014B93F8C301704718ED0320431E9BB25E
:100A70004AF2B71293429DBF024BA3F8C601012070
:100A80000020704718ED0320014BB3F8C6017047F2
:100A900018ED032008B5FFF7C9FD082803D0BDE80D
:100AA0000840FFF7E5BD08BD30B50A4B5C788442CD
:100AB0000ED9184490F802012B3003EBC004A5793D
:100AC0000D7053F830001060A3889380012030BD72
:100AD0000020FCE718ED032008B506F00FFC18B164
:100AE000BDE8084006F032BC082008BD02460748B1
:100AF00010B590F8C34124B1417821B1023006F01D
:100B00009DFB204610BD0C46FBE700BF18ED0320FF
:100B10002DE9F74F2F4C9A466378834280468946E9
:100B200056D9231893F8425185F00105F9B193F88D
:100B30004A31E3B945F002070135BAF1000F18D187
:100B4000FA070AD5062101FB084104EB08105246BA
:100B500001F585718230FFF75BFEBB0734D504EBEE
:100B60000810524649460230FFF752FE2CE02F464D
:100B7000E3E794F8A1614FF0010B002DE0D0A31939
:100B8000019393F8991199B90092DAB101F050F9F3
:100B900006EB46012144019B81F8A2014FEA102C8B
:100BA000009A81F8A3C1000C81F8A40183F899B1DF
:100BB00094F898310136B6FBF3F103FB1166F6B2F7
:100BC000013DDAE747F00407384603B0BDE8F08F8F
:100BD0000027F9E718ED0320F8B5184C064648B38E
:100BE000617804F5A170FFF759FD94F89851074614
:100BF000294604F29910FFF751FD2D1AEDB2AF42CC
:100C00001AD800256278EBB29A4201D80120F8BDCB
:100C1000E21892F842215AB9062101FB034104EB84
:100C20000313324601F5857103F18200FFF7F0FDF1
:100C30000135E7E70546E5E70020E8E718ED032082
:100C4000074B5A78824209D91A1892F842212AB9D8
:100C5000062202FB003000F58570704700207047C7
:100C600018ED0320064B5A78824281BF1B1893F877
:100C70003A01B0FA80F0400998BF0020704700BFE9
:100C800018ED0320F8B50E460746062130461546F6
:100C900000F01EF8044670B10C4B0022587803F2A5
:100CA0003913D1B2884202D801242046F8BD03F896
:100CB000015F0132F5E731463846FFF7EBFE0828C1
:100CC000F3D0024B034483F83A51EDE718ED0320CB
:100CD00001440023884203D1B3FA83F040097047EE
:100CE00010F8012B1343F5E7F8B5D0E90476054673
:100CF0000C460AF093F818B952212920F9F704FE9E
:100D0000E4B1D5E90423D21B63EB0603012A73F196
:100D100000014FF0000113DB6FF001009042994198
:100D200001DA5C21E9E7631E1344B3FBF4F35C438F
:100D3000E41946F10006C5E904461C462046F8BD04
:100D40000C46FBE7022905D13C281BD980100F383F
:100D500080B27047CB1E012B0FD804290CBF9623FD
:100D60004FF4167303F5BC730CBF10224022984257
:100D700008D9C01A90FBF2F0EAE7702802D9C01037
:100D80000E38E5E700207047022908B5034614D065
:100D900005D8012909D0E7212920F9F7B5FD033944
:100DA0000129F8D840F6A66008BD40F6C41040F20C
:100DB000E242002B08BF1046F6E740F6C410F3E706
:100DC000034B80F880101B680BB1408818477047B0
:100DD00000F3032010B5029C801A7E3888422268F6
:100DE00094BF091A491A02EB510222601A680129BC
:100DF000A2EB51021A6094BF0020012010BD69B11E
:100E0000A0F57A7241F270739A4207D84FF47A7360
:100E1000B0FBF3F000F5506080B2704740F2E2435F
:100E2000B0FBF3F0F8E7D4D40B2808B504D940F2AE
:100E300029112920F9F768FD014B33F8100008BD8E
:100E40008858040038B50C4600210546FAF7AEFC78
:100E5000206048B902212846FAF7A8FC2060B0FAC1
:100E600080F04009400038BD0020FCE70368587B53
:100E7000C0B293F830302BB900F0FB00003818BF37
:100E8000012070470020704710B50C46FFF7DAFFCD
:100E900038B92046FFF7EAFF80F001004000C0B2F9
:100EA00010BD0220FCE7D4D4036830B50024D3F889
:100EB000C800A3F84040B3F8444042F210754443E0
:100EC000B4FBF1F4A3F844404C1E05FB0242B2FB14
:100ED000F1F2A3F84220094AB2FBF1F20132A3F881
:100EE00048209A8F05FB02445A6BB4FBF1F450433F
:100EF0009C63B0FBF1F0586330BD00BF005A620242
:100F000038B54FF4427204460D4600210BF092FCB6
:100F10006FF0360284F86320042284F864206FF0B6
:100F20003B0284F865206F2284F86620032284F84F
:100F30006720002284F868206FF07F0284F869201F
:100F40002B2284F86220FE22012384F89E207F2237
:100F5000E375E27284F8A830A4F8AA5038BDD4D45E
:100F600013B540F6B8338387B0F8D220D0F8C81054
:100F70000190044601A8FFF797FF0C4B1B68062B56
:100F800001D001330FD10A4B1B68063B08330AD945
:100F9000D4F8CC00FDF7BAFC80F00100C0B284F8B0
:100FA000070302B010BD0020F9E700BF78F7032067
:100FB0007CF70320054B1B7833B9054B1A681B7966
:100FC000026003710120704700207047E0EE0320AB
:100FD000D0990320054BFF221A70054A0168116061
:100FE0000179117100221A70704700BFE0EE0320F2
:100FF000D099032007B5064A1068009012798DF841
:1010000004206846FFF7E6FF03B05DF804FB00BF6D
:1010100019F20300C2B292FAA2F2030A93FAA3F3FE
:101020001B0E100E40EA0320704770B50131C9B2A3
:101030000530002210F8013F8B4216D310F8054C02
:101040000023012505FA03F626421CBF01F1FF31FA
:10105000C9B269B10133082BF4D10132D2B2052AE9
:10106000E8D19B214620F9F74FFCC91AC9B2F4E731
:1010700003EBC200C0B270BD0B6870B5C0F80130A0
:101080000B7903F01F03437100230446C372054626
:10109000461D15F8010F00F015FF6871E37AB5429F
:1010A0001844E072F5D170BD70B581EA11418CB27F
:1010B0000546C17A032682EA0400FFF7ABFF013E32
:1010C00000EB0010221816F0FF0690B2F5D1444054
:1010D0002522B4FBF2F302FB1343C3F3C4022A44F8
:1010E000D8B2567803F00703012202FA03F31E4236
:1010F00007D161432846C1F30741BDE87040FFF7BF
:1011000094BF70BDF8B590F822506B1E242B044696
:1011100003D9E1214620F9F7F7FBDAB1C07D0028B9
:1011200043D194F8243094F8231002FB0132252394
:10113000B2FBF3F103FB1123DBB204EBD30284F81F
:101140002430117E03F007060122B240114202D082
:1011500084F82530F8BDB3FBF5F205FB12330133FB
:1011600003F0FF0304F11C0111F8012F9A4219D377
:1011700011F8055C0022012606FA02F72F4208D07A
:10118000013B13F0FF0304D102EBC00284F82520D9
:10119000E0E70132082AEFD10130C0B20528E3D1DF
:1011A000D721B7E79B1ADBB2F6E7E288496A04F178
:1011B0001700FFF779FF84F82500CBE70378890152
:1011C00023F0400301F040010B43037070470378A4
:1011D00003F07F0343EAC113037070470078C0092E
:1011E00070471F2A38B50546144603D9A8212A207E
:1011F000F9F78AFB093006340BF09EFB6C7038BDA2
:101200001F2A38B50546144603D9CA212A20F9F702
:101210007BFB093006340BF08FFB6C7038BD037814
:1012200003F00F03032B02463ED0052B42D1C37FB0
:1012300090F82000034392F82100034392F8220023
:10124000034392F8230000F01F00184333D0537873
:10125000222B2FD1B2F81930B1B1B3F5506F13D999
:1012600040F607518B4225D8B2F81B30B3F5FA7F10
:1012700020D2B2F81D000A3880B240F67643984278
:101280008CBF002001207047991F89B240F67A4038
:1012900081420FD8917D481E07280BD8994209D268
:1012A000B2F817109942DEE74078A0F10C035842DB
:1012B0005841704700207047C37813F03F035DD05A
:1012C00007295BD8DFE801F0040B1E29343F4A559B
:1012D000037913F0010F0CBF00200520704702793D
:1012E00012F002004BD0052002F0010202EB420294
:1012F00000EB42000729C0B241D1021F9A42C8BF89
:1013000000207047027912F0040038D0052012F056
:10131000020F1CBF0630C0B2E6E7027912F00800E7
:101320002DD0052012F0040F1CBF0130C0B2EEE733
:10133000027912F0100022D0052012F0080F1CBF15
:101340000230C0B2EEE7027912F0200017D0084652
:1013500012F0100F1CBF0330C0B2EEE7027912F09A
:1013600040000CD0052012F0200F1CBF1230C0B27C
:10137000EEE702795006F5D50620F4E70020704725
:1013800070B50C46064611461D4624B94FF41F7130
:101390002A20F9F7B9FAFFF78FFF10B940F27D2143
:1013A000F6E7031F2B443F2B02DD40F27E21EFE7DF
:1013B0002A4621463044BDE870400BF0BDBA30B536
:1013C000C1F38003C1F380142344C1F3001404EB80
:1013D00044042344C1F3401404EBC404C1F34005A6
:1013E00003EB4403C1F300042C4404EB4404C1F3B5
:1013F000C0052C44134403EB440313F0FF031CBF4C
:1014000001330171C17818BFDBB221F03F0103F055
:101410003F042143C170591C41701AB104339B1A17
:10142000013AC25430BD4378C278013B02F03F021A
:10143000981AC0B27047F8B5174606460D461946C9
:10144000FFF7F1FF441AE4B2BC4228BF3C464DB15D
:10145000F27802F03F020432114431442246284619
:101460000BF06AFA2046F8BD0346084671B13F2BDF
:101470000BD8074AD35C03F07F02914205D08CBFA2
:101480000120002000EAD31070470120704700BF00
:10149000A05804001B2A08B504D940F299312A202B
:1014A000F9F732FABDE808400BF046BA8388A1B1DB
:1014B000B3F5506F11D940F6075293421BD8C38839
:1014C000B3F5FA7F17D200890A3880B240F6764326
:1014D00098428CBF0020012070479A420BD8B3F588
:1014E000486F08D84278511E072904D89A4202D280
:1014F00042889A42E2E700207047013001F1200360
:1015000051F8042B40F8042B9942F9D10B88038041
:10151000704738B515460446FFF7EFFF2B68C4F84F
:1015200023306B68C4F8273038BD2DE9F04F85B003
:10153000884603A99DF8384001931546FFF782FCC1
:10154000814618B9039E2DB901237375012005B09A
:10155000BDE8F08FD6F8C0A029465046F9F7DFFD68
:10156000074608B90020F2E7FDF78CFC8542F9D860
:1015700039465046F9F712FF727DA0F80190002A13
:1015800018BF4FF0020880F8008083463846F9F70C
:101590000DFF0746DCB1B6F8E640C4B108F082FAA8
:1015A00040F271225443241841F1000179603C60FB
:1015B00001992A460BF103000BF0BEF9294650466B
:1015C000F9F7E8FD28B983212B20F9F79DF9214689
:1015D000ECE7039B93F8A83033B103A8FDF758FC60
:1015E000039B0022A3F8DA210023AEE7437837B546
:1015F000C3F301120446032A03D8DFE802F0050E04
:101600001D05002003B030BD057803F00F00002356
:1016100000936288231D022107E0057803F00F0084
:10162000002300936288231D012145EA0020FFF773
:101630007CFF60B10120E5E7FEF71EFC03685B0557
:10164000DFD56078257800F00F000123E0E700F097
:10165000D7F9EFE71A230B7001234B708B7070479B
:10166000FF230B7002234B7083238B70014B1B787D
:10167000CB707047E4EE03202DE9F84FD0F80480DA
:10168000D8F81C6030460C46F9F77AFE054620B9BA
:101690004FF4AA711020F9F737F901463046F9F7EF
:1016A0007DFEB5F800B01FFA8BF7824617B94FF4EC
:1016B000AC71EFE7224B1B6800F10309D3B998F82E
:1016C000023098F8032023706378A4F802B002F087
:1016D0000F0223F00F03134323F0C00363709AF843
:1016E000003003F00303012B0FD0022B0DD04FF479
:1016F000BB71CFE7B8F802003A464946984705461D
:101700000028DCD12846BDE8F88F627863F3051223
:1017100062703046F9F74CFE054610B94FF4C071BF
:10172000B8E7FB2F02D940F28F11B3E73A4649469A
:10173000201D0BF001F93046F9F791FDE2E700BFFB
:1017400004F3032038B5134C10220021201D0BF0A8
:1017500071F801252574102204F10803002104F119
:101760001400C4E901330BF065F884F8205004F14B
:101770001803C4E90533084A00236362A36284F8AE
:101780002C30C4F82D30C4F8313084F83530136073
:10179000A36338BDE4EE032004F3032010B5084C26
:1017A0002378FF2B04D040F299111020F9F7ACF800
:1017B0000AF092FE2070BDE81040FFF7C3BF00BFE3
:1017C000D599032010B5034C20780AF09FFEFF2323
:1017D000237010BDD5990320FFF7B4BF014B1878D3
:1017E0000AF0A4BED599032010B521B940F2A92171
:1017F0001020F9F789F84A600B72EFF3108472B683
:10180000031D0B6042681AB1127A012A08BF0360F7
:1018100003681960016004B962B6BDE81040FFF7C3
:10182000DDBFD4D4014B024A1A6070470CF3032089
:10183000791603002DE9F341DFF89481054608F19C
:101840001407D8F80830D8F81840227A012A22D193
:10185000D8F8382052B1137A1BB9BF211020F9F7FC
:1018600053F8D8F83840C4B9002093E01A7A012A16
:10187000FAD0544A1C46EFF3108172B650680068E3
:10188000506001B962B6A34208BFC8F83840237A55
:101890001BB9EE21E2E73A46EDE7267AF6B20523D8
:1018A0002372731E0B2B7ED8DFE803F07A062336F3
:1018B000773F4E3F3F3F3F6B636813B94FF403716F
:1018C000CCE72046294698470420EFF3108272B6F1
:1018D000237A052BD9B24FF0000369D12372D8F8CF
:1018E0003810A14201D1C8F83830002A45D162B67B
:1018F00043E0636813B940F21521AFE7294620465B
:1019000098470346C3F30723012BADF80400C0B288
:101910003ED0022BD9D129E0636813B940F21D21D2
:101920009CE7204698470020CFE7274B1B68002BF9
:10193000F9D06068324629469847A6F10A02534218
:1019400053415B000420E4E763680BB9FE2185E79F
:1019500086222A7001225988AA706A710022986929
:10196000A5F80310AA71F9F77AFC0420D8F83830EA
:10197000A34202D10023C8F8383000283FF461AFF9
:1019800008E0124B29461B6820469847034668B971
:10199000267298B102B0BDE8F0814FF415715DE791
:1019A00040F257215AE740F25A2157E70220DDE77B
:1019B00011B940F27B2151E7184696E7002B7FF4DE
:1019C00040AF51E7E8EE032008F303200CF30320B7
:1019D000E4EE032010B51346027A22B140F2023140
:1019E0001020F8F791FF0A46BDE810400146014873
:1019F000FFF7FABEE8EE03200222FFF7EBBFD4D4D4
:101A0000044890F82C301BB903492430FFF7F4BF89
:101A1000704700BFE4EE0320551603000346064856
:101A200090F83C203AB190F8352022B900F82D3BCF
:101A30000249FFF7E1BF7047E4EE0320611603009F
:101A40000322FFF7C7BF0422FFF7C4BF10B50A4641
:101A5000037A23B140F20A311020F8F755FF01460E
:101A6000BDE8104001480723FFF7BEBEF8EE032093
:101A70001346027A0AB1037270470A4601460148CA
:101A8000FFF7B2BEE8EE03200222FFF7F1BF032208
:101A9000FFF7EEBF8D230B7030F8AF3CA1F8033099
:101AA00030F8653CA1F8053030F8613CA1F807300A
:101AB00030F8633CA1F8093030F85F3CA1F80B30F6
:101AC000704708B5CB1E012B04D8800100F5747057
:101AD00080B208BD012902D10E30C000F8E702290A
:101AE00002D10F308000F3E74FF40C710620F8F7B5
:101AF0000BFF30B587B004460D46FDF7D7F980B32C
:101B000034F8B84C69462046FDF78AFC18B1FB2131
:101B10002C20F8F7F9FEBDF80630ADF80E30BDF810
:101B20000830ADF81030BDF80230ADF8123003A81F
:101B3000BDF80430ADF80C40ADF81430FDF76EFC84
:101B400010B14FF48271E3E7ADF80C009DF80C3052
:101B5000002063F307009DF80D3063F30F2007B0FA
:101B600030BD2B46992203F8032BD4F80920C5F881
:101B70000320D4F80D205A60B4F811201A810423F0
:101B8000ADF80C30E2E740687047033901298CBF9B
:101B9000C08A4FF42960704770B590F878608D88DE
:101BA0000C89033E012E04D943B11678033E012E61
:101BB00004D8B5F5296F38BF4FF4296590F87960DE
:101BC000033E012E04D943B15378033B012B04D8C3
:101BD000B4F5296F38BF4FF42964CB884A88A0F840
:101BE0006020A0F86430A0F86250A0F8664070BD94
:101BF0008383BDF8003001834283C38370471B2277
:101C000000290CBF4FF4A4734FF429634FF01B114C
:101C100082840284028502F1A472C0E90521C160B8
:101C2000C3844384C3838383438203827047034610
:101C3000F0B5B3F85810B3F8642093F87940B3F8CE
:101C40005C50B0F84E70B0F85200914228BF114677
:101C5000B3F86620A3F84E10033CAA42E4B228BFB2
:101C60002A46012CB3F8544087BFB3F85660154696
:101C70004FF429664FF429658C4238BF0C46B242B6
:101C800038BF32468F42A3F85250A3F85440A3F80D
:101C9000562026D1401B18BF0120B3F86020B3F8AE
:101CA0005A10B3F84C50B3F85040914228BF114637
:101CB00093F87820033A012A15D9B3F85E20B3F8D7
:101CC0006260B24228BF32468D42A3F84C10A3F89E
:101CD00050200BD1944218BF40F0010000F00100E9
:101CE000F0BD0120D9E74FF42962EDE70120F5E7C7
:101CF0000149FFF7C9BE00BF951A03000B8BA2F87C
:101D00000B304B8BA2F80D308B8BA2F80F30CB8BA6
:101D1000A2F809000249A2F811301046FFF790BE60
:101D2000F31A030038B5CB1E012B044610D9C58B1E
:101D3000438C9D4228BF1D46207AFFF7C2FE63896F
:101D4000AB4228BF2B46984238BF184680B238BDF8
:101D50004FF42965F0E72DE9F84307460E468089E0
:101D60009DF82080194614469946FFF7AAFE494679
:101D700005463846FFF7D6FF854228BF054641464F
:101D8000B88AA8F10308FFF79CFEB8F1010F8CBFD9
:101D9000FA8A4FF4296290420346ADB228BF134637
:101DA000A01D15FA83F330441844BDE8F88313B539
:101DB000828F0346403049B9598F93F87940009497
:101DC00093F87830FFF7C7FF02B010BD198FF4E722
:101DD00070B50C46154619464BB9068FFFF7E7FF5D
:101DE00028443044A04294BF201A002070BD468F82
:101DF000F4E738B50D4611460446FFF7D8FF2844EE
:101E0000606438BD01F19C0383423DBF9C38401A99
:101E1000400800207047D4D4014B1878704700BFA9
:101E200021EF0320014B1878704700BFD69903209B
:101E3000094AD2E90003434083EAB01181EA432111
:101E40004FEAF3435360054B116058434FEAF0608B
:101E500000EB8000704700BF24EF0320BB79379E62
:101E6000094AD2E90003434083EAB01181EA4321E1
:101E70004FEAF3435360054B116058434FEAF0605B
:101E800000EB8000704700BFD8990320BB79379ED4
:101E900010B50A4C09480821FAF732F8D4E90032A3
:101EA0001343F7D0064CFFF7DBFF2060FFF7D8FFA6
:101EB000236860601843F6D010BD00BFD899032096
:101EC00024EF032000F05503400800F055000344C0
:101ED00003F033009B0803F03303034403F00F00C7
:101EE00000EB13107047036800229A7383F84A20AE
:101EF000A3F846207047026892F8A8302BB9A2F8E0
:101F00004E30012382F8503070470023A2F84E3043
:101F100092F8503001335BB2F4E708B5026892F8EA
:101F2000A83013B982F8503008BD92F85030013B08
:101F30005BB2002B82F85030F6DA52214A20F8F7D3
:101F4000E3FC08B5036883F89B1083F89A203522D8
:101F5000DA73FFF7D0FF002008BDA0F10A03042BBD
:101F600009D9A0F14703012B05D9243807288CBFD4
:101F7000002001207047012070470268136810B5E7
:101F800013F0080408D143F00803136082F8981096
:101F9000FFF7B1FF204610BD0120FCE7D0F8C820B4
:101FA00041F64B539A429CBF4AF6C873B3FBF2F317
:101FB000B0F8D020B0F8DE0088BF0623134410FB31
:101FC00003F080B27047D4D4174B184A9A60184A6D
:101FD0005A60184A1A60184A9A62184ADA62184A0D
:101FE000DA60184A9A61184A1A63184A1A62184A3B
:101FF000DA64184A9A64184A5A62184B184A9A6066
:10200000184A5A62184ADA62184A1A61184A5A611A
:10201000184A9A61184A1A63184A9A64184ADA6484
:10202000184A9A63704700BF10F303202925030064
:102030004F2503007B260300E5280300E129030068
:1020400021290300F3290300AD2D0300E92A030031
:10205000A92C0300CB2C0300452B030010F4032014
:102060003F2503006F2C0300112A0300C129030040
:10207000312A03004D2A0300512E03000F2D0300C7
:10208000FB2C0300592C0300044B054A5A65054BF1
:10209000054A1A65054A5A65704700BF10F30320C8
:1020A000F531030010F40320DF3103001F32030079
:1020B000054B064A9A65064A1A66064B064A9A6511
:1020C000064ADA65704700BF10F30320F3020300ED
:1020D0003503030010F403204D010300C504030081
:1020E000F7B5054601A80F46FEF704FA20B94FF4EC
:1020F000AA615120F8F708FC0198322200210AF069
:1021000099FB019C26463F2F06F8037F43D83F2FBB
:1021100044D8DFE817F046004C006C0075008D00D5
:102120005C015C019A00B3009E005C015C01A300AD
:10213000AF00B30043004300B7005C015C01CC007A
:10214000CC00E300E300EA00430043005C01EF0041
:10215000FC00000104010B010D010F0111011B0125
:1021600025013C013E01430043002D01460144018D
:102170004300430043004300430043004300430047
:1021800043004300430043004300430048014A0129
:10219000430040014201FF2F00F00D8140F2445105
:1021A000A7E72946304600F0CDFAC0B9BBE02E685B
:1021B000D6F83032636096F834322372286890F88B
:1021C0009F3033B9FFF7EAFE2B68DB881844A6F886
:1021D0003602B6F8363263721B0AA3720820FEF785
:1021E00095F9002840F0F58040F2575181E72B68BF
:1021F00093F8A82052BB93F82D3123710220EEE70B
:102200002B68D3F878226260D3F87C22A260B3F8FE
:102210008022A281D3F85822C4F80E20D3F85C2281
:10222000C4F81220D3F89030C4F816301720D6E73F
:102230002A68D2F8F6316360D2F8FA31A3602B68CD
:10224000D3F89430E3600D20C9E72B6893F8A030F1
:10225000D3E73146284600F0E1FCA6E711232371BD
:10226000592363710023A3713923E371102323726F
:102270000620B4E72B6893F89A30BEE7304600F0AA
:10228000BBFC92E72B6893F8A82052B993F8A020E2
:102290003AB193F89D20227193F89C30637103202A
:1022A0009DE793F89B20227193F89A30F6E72B680C
:1022B000B3F80C212271120A6271B3F8A220A27144
:1022C000120AE271B3F808212272120A6272B3F89C
:1022D000A030A3721B0AE372092080E72B6893F8F1
:1022E0003A21227193F83B31D8E729463046FDF771
:1022F000C3FF5AE72B680F21B3F8AA00F9F756FA83
:1023000000F15B013046FFF7F8F8232067E730461D
:1023100004F030FF49E7304604F035FF45E72E4B27
:102320001B68002B43D140F24951E2E62B4BF7E703
:102330002B4BF5E72B4BF3E72B4B1B68002BF2D015
:1023400023202A4631469847042048E7264B1B683D
:10235000002BE8D02A4631462420984705203EE746
:10236000214B1B68002BDED02A4631462520F4E79E
:102370002B680F21B3F8AA00F9F718FA00F17D02D3
:1023800000F15B013046FFF7C4F82B2027E7174B1D
:10239000C6E7174BC4E7174BC2E7174BC0E7174B0D
:1023A000BEE7174BBCE7174BBAE7174BB8E7294610
:1023B00030469847F9E62B68304693F8C722D3F8A1
:1023C000C812FFF767F82B6893F8C702EDE6012003
:1023D00005E703B0F0BD00BF10F5032018F503209A
:1023E00014F503201CF5032020F503202CF5032011
:1023F00030F5032034F5032038F5032024F50320BD
:1024000028F503203CF5032040F503203F289ABF20
:10241000024B53F820000020704700BF10F3032048
:102420003F289ABF024B53F820000020704700BF9E
:1024300010F4032030F8023CF7B5B0F8826004468F
:102440000D4673B1012268468DF80020ADF8016099
:10245000ADF80330FCF7D4FE18B195216320F8F7EE
:1024600053FA194B1B6813B1A4F128009847174B76
:102470001B680BB130469847832300272B70AF7041
:10248000A5F80360637AD4F89C006B71F8F7F1FE4D
:1024900008B9BA21E2E739463046F9F79DF9022139
:1024A0003046F9F799F918B9094B1B6803B19847F9
:1024B0004FF4017303F00402002062F307001B0ACB
:1024C00063F30F2003B0F0BD44F5032048F503206B
:1024D0004CF50320F7B50568D5F8C06004464FF603
:1024E000FF770DF102010DF101023046ADF80270E7
:1024F000F8F76BFE01A93046F8F78CFE48B1019859
:10250000F8F754FF2168A83100220272FFF79EFA03
:10251000E7E7044905F1280003B0BDE8F040FFF704
:102520008FBA00BF3524030003681A7C073A012ADA
:1025300081BF4A785A7407221A74002070470268D3
:10254000137C073B012B84BF08231374704770B5BD
:102550000268D57BE5B9CB88D688A2F8D032013B9A
:102560009B1B9BB247F6FD76B34206D9282382F81F
:102570003130FFF7AFFF284670BDD1F80130C2F807
:10258000D2324B7982F8D63203680A22DA73F2E744
:102590000125F0E72DE9F74F06468946904601935D
:1025A000FFF7FCFCD6F8F471044657B90023C8F8CD
:1025B0000030F38823449CB2019B1C8003B0BDE82B
:1025C000F08F00F015FD0028F0D1D6E97632D6F86C
:1025D000C8C00CFB04FE1EEB030ED7E902130B442C
:1025E000D7E9001542F100025B1845F1000573457B
:1025F00075EB020114D2BEEB03016FF0010B62EB2D
:10260000050A8B4570EB0A0A03D23D215620F8F7E4
:102610007BF93869471E3944B1FBF0F1E0FB013525
:10262000B3EB0E0365EB02056FF001029A424FF027
:102630000002AA4101D24821E8E7B3FBF9F209FB05
:102640001233B3FBFCF291B20CFB1133C8F800302B
:10265000F3881C441444A4B2AEE70B46822203F86C
:10266000032BD0F80920C1F80320D0F80D205A60C0
:10267000427C1A720023CB70704770B50368DD7B13
:1026800006460C46002D5BD193F829110622204600
:10269000FEF70CFF014628B921783046BDE87040AE
:1026A000FFF76BBC32686389D088A2F8D032013B57
:1026B0001B1A9BB247F6FD70834207D9282382F884
:1026C00031303046FFF706FF284670BDA3886FF40F
:1026D00050601818062895BFA3F5506340F2E241F8
:1026E0004FF47A704B4398BF4343C2F8D83288BF47
:1026F00029466378C1B103EB830303EB83039B009B
:10270000A2F8D2326388C1B164214B43C2F8D432FB
:10271000E388A2F8DC322389A2F8DE32002382F8B3
:10272000E4320D23D373CFE7C3EB431003EB8003F5
:1027300003EB83035B009BB2E2E740F2E241E4E794
:102740000125C1E7F8B50D6804460F46D5F84402E7
:1027500095F82911FEF753FB6FF45062821892B27C
:10276000B5F83E322071062A4FEA102060718BBF07
:1027700040F2E2426422B3FBF2F3B3FBF2F3637084
:10278000B5F84832A3714FEA1323E371B5F84A3222
:1027900023724FEA13236372386890F89F308CBF1E
:1027A000002601263BB9D5F8441205F50F7305F54F
:1027B0001072FFF7EFFEB5F83C32A3721B0AE3720A
:1027C000D5F8403246B16422B3FBF2F3A370C3F3F1
:1027D0000723E3700C20F8BD40F2E242F4E70B4619
:1027E000842203F8022BD0F80920C1F80220D0F887
:1027F0000D205A6070470B46852203F8022BD0F853
:102800000920C1F80220B0F80D209A807047D4D476
:10281000F0B5044685B00D46FF2600F8E96C10F8C7
:10282000EA3CF3B1174F3B781BB162211F20F8F748
:102830006BF80C21381DF9F763FB3E70002304F898
:10284000E93C2A468A2302F8033BD4F80930C5F84C
:102850000330D4F80D305360D4F81130936005B0D4
:10286000F0BD01A80C21F9F74BFBA4F51573039AF1
:102870001A6001AB03CB44F8F20C44F8EE1C04F8E8
:10288000EA6CDBE72CEF032010B5054C23782BB95D
:102890000C21201DF9F734FBFF23237010BD00BF6E
:1028A0002CEF0320024690F8FE31BBB990F8FF31BF
:1028B00003F0FF010BB100207047094B1878002886
:1028C000F9D01970D968C2F89410043303CBC2F858
:1028D000F601C2F8FA11FF2382F8FE310120704799
:1028E0002CEF032038B50368DC7B054634B1113C7E
:1028F0000F2C8CBF01240824204638BD1A7D002AE5
:10290000FAD0D3F8A4302BB9FFF7F5FA2B681122CF
:10291000DA73F1E7BDE838400C220A21FFF711BB5A
:1029200038B50268D37B04460D463BB1132B05D066
:10293000113B0F2B8CBF0120082038BDD2F8A430EA
:10294000ABBB92F8523013B92046FFF7D4FA226895
:10295000D5F80B30C2F8EE31D5F80F30C2F8F231AD
:102960002368D5F81320C3F89020B3F8AA20A3F861
:10297000F122D5F80120C3F8F322D5F80520C3F8D9
:10298000F7222368B5F80920A3F8FB222368002565
:1029900083F8B85183F8FE512068084900F53A7071
:1029A000FFF72AF823681622DA732846C5E720467F
:1029B0000C22BDE838400321FFF7C3BA11280300F9
:1029C00008B50368DA7B162A04D040F253211F2091
:1029D000F7F79AFF012283F851201822DA7308BD15
:1029E0000368DA7B122A03BF13220020DA73022065
:1029F000704710B50368DB7B1C2B044606D1FFF73C
:102A00008CFA23682022DA73002010BD0220FCE734
:102A100008B50368DA7B112A04D040F27E211F201A
:102A2000F7F772FF012283F851201222DA7308BDF2
:102A300008B50368DA7B182A04D040F28A211F20E7
:102A4000F7F762FF1C22DA7308BDD4D410B503680F
:102A5000DA7B202A044604D040F29D211F20F7F79C
:102A600053FF93F85220B3F8AA00002183F85110C5
:102A700082B1C3F8C31183F85210A3F8C7110D49EE
:102A8000A3F8C40103F5DD70FEF7B6FF236800224A
:102A9000DA7310BD0121A3F8B30183F8B51183F8EF
:102AA000B221054983F8B921A3F8B62103F2A91090
:102AB000EAE700BFF7270300DF2703003E230B7080
:102AC0000C234B7004238B70D0F80930C1F803300D
:102AD000D0F80D30C1F80730B0F81130A1F80B3044
:102AE000C37C4B737047D4D438B5046894F8A850AD
:102AF0001DB9E37B23B101201AE02368DB07FAD478
:102B0000D1F801200D4BD1F8051013400C4AC4F840
:102B10006230C3F307630A4043F00803C4F8662039
:102B200084F86530FFF7E7F91DB90423E37300204B
:102B300038BD236843F001032360F8E72FC904F789
:102B40006FDB008038B503689A7B042A34D1D1F852
:102B50000120D1F80550C3F86220C2F3076242F0A9
:102B6000080283F8652000229A7383F84A200268DD
:102B7000C3F8665092F8A8204C1C0AB983F83F218C
:102B800093F84021B2B993F88B2102F0FF008AB983
:102B9000B3F8AA2083F88C01A3F88D21D1F8012085
:102BA000C3F88F2162680549C3F8932103F28310AB
:102BB000FEF722FF002038BD0120FCE7BD2A0300FC
:102BC000036893F8402112B1094B1B68184793F82A
:102BD0008B215AB9B3F8AA20A3F88D211A220549EE
:102BE00083F88C2103F28310FEF706BF704700BF05
:102BF00050F50320BD2A030010B50446FDF736F951
:102C0000044A054B02400B40C4F80120C4F80530CB
:102C1000092010BD2FC904F76FDB008037B50C46C3
:102C20000568FDF723F90A4A0A4B0A4095F8621035
:102C30000192034000930B408DF800306B4603CBAC
:102C4000C4F801000920C4F8051003B030BD00BF6E
:102C50006FDB00802FC904F708B503689A7B1AB1AF
:102C6000CF211C20F7F750FE04229A7308BD08B547
:102C7000036893F8A82032B9DA73A3F84E20BDE8B0
:102C80000840FFF74AB91A68D10703D4DD211C2098
:102C9000F7F73AFE22F001021A60F0E787230B7083
:102CA00030F8A63C4B807047036893F8A8109A7BD5
:102CB00049B9052A01BF002283F83E2083F84A2043
:102CC0009A73002070470F2AF4E738B5046894F827
:102CD000A85045B9E37B4BB9FFF70DF945B902237D
:102CE000E373002038BD23685B07F5D50120F9E7C1
:102CF000236843F004032360F3E7036893F8A820F4
:102D00001AB11A6822F004021A60FFF706B908B572
:102D100003689A7B1AB172214B20F7F7F5FD93F8FF
:102D2000A820002A14BF0F2205229A7308BD10B5EF
:102D3000D0E90D42A24206D30B8DC98E05334B4319
:102D4000121B934202D3012380F83E3010BDD4D42D
:102D500038B5DB04154604D5037D13B10023436366
:102D600038BD446B01344463FFF7E1FF836B9C4241
:102D7000F6D30023436303492846BDE83840FEF7F5
:102D800083BE00BF9D2C03000C230B7008234B70E7
:102D900000238B70B0F85630A1F80330437A4B71A2
:102DA0004389CB8083890B817047D4D470B5046884
:102DB000A37B94F8A860012B054607D01EB9E37BDE
:102DC00023B1012038E023689807FAD494F85330EF
:102DD0009A0713D44A7884F85D204A88A4F85E20C4
:102DE0008A88A4F86020D80743F0020284F85320B0
:102DF0000FD5164904F15400FEF746FE94F85330FF
:102E0000D90710D4CEB9E37B43B153214020F7F763
:102E10007BFD94F83E31002BEBD1EFE70123E37308
:102E20002846FFF768F8A37B012B4FF0000304BF8F
:102E3000A37384F84A30002070BD23689A0701D537
:102E40005821E3E743F002032360E9E7892D0300FB
:102E500010B5046894F853309A070CD4A37B1BB1C7
:102E600077214020F7F750FD0122A27384F84A2011
:102E7000A4F8463010BD94F8A8303BB9E37B0BB9F9
:102E8000FFF74BF8002384F83E31F3E723689B07F4
:102E9000F8D5FFF742F8236823F002032360F1E737
:102EA00070B50568044604F03BF9054BE8721B68F1
:102EB00001461BB12046BDE87040184770BD00BFF9
:102EC00058F50320024B1B6803B11847704700BF39
:102ED00054F5032010B50B794C790A68012843EAB0
:102EE000042108BF41F48031104610BDF0B51F4DDC
:102EF0002B78002414709BB1013B6D68DBB21E1B64
:102F0000012E0FDC05EBC40655F8347076688E424E
:102F100008BF874227D0B84271EB060612D2147060
:102F20000020F0BD1E19771005EBC70E55F837C00D
:102F3000DEF804708445C6F347068F412CBF334644
:102F40003446DCE705EBC30455F8335064688C4223
:102F500008BF854206D0A84271EB040428BF0133A4
:102F60001370DDE71C4614700120DAE74CEF0320F4
:102F700010F0070208B503D063214820F7F7C4FC1E
:102F800018B1034B197258601A70C80008BD00BF11
:102F90004CEF0320014B00221A7070474CEF0320C6
:102FA000014B187A704700BF4CEF032007B5FFF7BD
:102FB00091FF0DF10702FFF799FF03B05DF804FBE5
:102FC00090F838300BB90020704790F83830012B5A
:102FD000F9D090F83800073818BF0120704790F8F2
:102FE0003830012BDAB201D0FFF7EABF1046704744
:102FF000024B1879003818BF012070475CEF03209E
:1030000030B50D4AFF231371D0E9065373B1D0E9EF
:1030100002140C44D9689D612144D960816939B199
:10302000CB610023C0E90633137130BD1560F5E7AD
:10303000002BF6D0D960F4E75CEF032010B5124AFC
:10304000FF231371C16189B91368836103B1D8612A
:103050001060C1690023C36099B1CB687BB18468FB
:10306000A3420AD230213720F7F74EFC8B698861E2
:103070008361002BEDD0D861EBE71B1BC3600023FD
:10308000CB600023137110BD5CEF0320034B1B6862
:10309000002003B9704718469B69FAE75CEF0320EC
:1030A0000B4B00221B6830B504464FF0FF3510462D
:1030B00023B911B9002808BF104630BDDA68A24212
:1030C00003D3AA423CBF154618461A469B69EFE750
:1030D0005CEF032030B585B01546089BC01A099BEC
:1030E00061EB0304002C214602DA404264EB440108
:1030F00003AB00932A4602AB09F0FCFA002C0398BC
:1031000001DA00B1281A05B030BDD4D470B50F4C27
:10311000FF232371036A1BB181689D68A94203D212
:10312000E5213720F7F7F0FBC2698669DA619E6115
:1031300052B193619A691AB1D361C26811444A1BB2
:10314000DA600023237170BD2360F3E75CEF032096
:1031500007B5002301A8019309F0D8FC019810F0ED
:10316000030018BF012003B05DF804FB10B5FFF7A2
:10317000EFFF002814BF1424002409F0A1FC4042F2
:1031800000F01400204410BD73B50C46B1F80510D2
:103190001A29054621D9B4F80730B3F5A47F1CD30A
:1031A000B4F801201A2A18D9B4F80340B4F5A47F62
:1031B00013D30068009400F1A806E830FEF718FD6C
:1031C00030462C68FEF733FD10B9012002B070BD07
:1031D00004F25910FEF78CFDF7E70020F6E708B57A
:1031E00003689A7B1AB12621A320F7F78DFB2122D1
:1031F0009A7308BD38B50568AB7B213B022B0446AA
:103200000BD8FFF7C1FF18B12068062100F074FF4A
:10321000002085F84A00A87338BD0120FCE7026849
:103220001368D90610B5044603D4B821A320F7F7D4
:103230006BFB990601D5B921F8E723F01003136061
:10324000FEF76BFE20680621BDE8104000F054BF79
:10325000FF230B70074A0D234B7082238B7013687A
:10326000C1F803305368C1F807309368C1F80B30D8
:10327000704700BF62EF032002481622002109F0C8
:10328000D9BA00BF62EF0320F8B51C4D6B7D044630
:103290009BB390F8A83023BBD0E97676FFF766FFA2
:1032A00094F82021164B33F8123066304FF47A72BE
:1032B00003F23F63B3FBF2F3DB1946F100061B1880
:1032C000B4F8AA202A8046F100066B60AE60E3885D
:1032D0006B8005F10C000B49BDE8F8400222FEF7B7
:1032E000C7BB4B0609D5B0F8AA302B80D0F878328E
:1032F0006B60D0F87C32AB60E9E7F8BD62EF032089
:10330000605A04005132030038B5054605F058FAFA
:1033100000F55F4341334FF47A72B3FBF2F4FFF7E9
:1033200025FF033D00F1BE03012D8CBF00202820A6
:103330002344184438BD10B5044690F87900FFF7CF
:10334000E3FF012201462046BDE81040FEF751BDD3
:10335000094B53F8203070B503F523430C4616464D
:10336000A1334FF47A72B3FBF2F505F021FA34443D
:103370002C44204470BD00BF4C5A04002DE9F04F8E
:103380008FB09A4600230A9390F8213107930446A0
:1033900088460692FCF7A8FD814694F82B01FDF7BC
:1033A00043FD8144FFF7E2FEE37B472B1FFA89F9D7
:1033B00000F160063FD00D2B3DD0A37BA3F1470168
:1033C0004B424B410393069B002B7CD1637B032B29
:1033D00079D1039B002B62D0B4F8D03243455ED143
:1033E000D4F81832C4F80832D4F8C830B4F8EC2154
:1033F000C4F80C32B4F88A321344C4F810322046B0
:1034000003F0DCFD94F829513DB1D4F8D85241F6CF
:103410004B539D428CBF0025012594F8E43263B9DB
:10342000D4F8C820D4F8D8329A421ED0B4F8AA00F2
:1034300003F0BFFE19E00123C4E7B4F8AA0003F0CB
:10344000B5FE20B940F242713020F7F75DFAB4F8CA
:10345000E032A4F8DE30B4F8E2328381B4F8D0323E
:1034600043810025013B0382C58194F82A31002B5A
:103470005DD1002D5CD1D4F8D432C4F8D830B4F882
:10348000D232A4F8DC30D4F8D832C4F8C830D4F83A
:10349000DC32C4F8D030022384F82A516373A17B54
:1034A000292954D0A1F12C0251425141E27B292A11
:1034B00000D041B1B4F8D032A8EB03031B0402D40E
:1034C000204602F053FFB4F888B294F821310893F3
:1034D000A8EB0B0B0FFA8BFB04F51673BBF1000F77
:1034E0000493BFBFD4E99C23C4E9A023002384F83C
:1034F0002B32B8BF0123E788B8BF0493D54BA8BFD0
:10350000CDF810A0A8EB07071B783FB2B8BFBB46A9
:1035100013B106F02BFAE0B90025637B032B00F210
:103520002582DFE813F081009B01DA00BF013DB185
:103530004FF04D13C4F8E0300023A4F8E4309AE7CC
:103540004FF09613C4F8E030A4F8E45093E701215B
:10355000ACE7B4F80032012BDED9637B022BDBD061
:1035600094F82A32002BD7D194F82A31002BD3D1EA
:1035700094F82B01FDF758FC637B00F5C869012B1B
:103580001FFA89F941D1A37CD4F8D850032B34D148
:10359000D4F80C322B444946D4F80C02099306F0B7
:1035A000A9F9D4F80852099BD4F81022C4F80802EB
:1035B000451B49461846554306F09CF9D4F8143289
:1035C000C4F81402C31A4946D4F8C8001D4406F0D2
:1035D00091F9B4F8EC31D4F810223B44A3EB0B037F
:1035E0009B1AD4F81822013B821A02FB03550123CF
:1035F000C4F8180284F82A328FE794F8211194F85D
:10360000E501FDF7C1FB4319C5E7D4F8C8004946F9
:1036100006F070F9B4F8EC51D4F818323D44A5EB3B
:103620000B05C31A5D43E2E794F8211194F8E50114
:10363000FDF7AAFB0746D4F8D8004946384406F0FF
:1036400059F94946C4F81402D4F8C80006F052F9F2
:103650000BA9C4F818020CA804F046FF0B9B0093BA
:10366000D4E9A001DDE90C2306F026FA814604F135
:10367000A800FFF760FED4F88C3294F82101D4F84A
:10368000D8B00A9305F09CF80A9BD4F81412203B9A
:103690005B445B1A9B1B3B44A3EB090300F52340EF
:1036A0004FF47A72A130B0FBF2F01B1A0A93B4F80F
:1036B000DC3094F821013031324603EB4101FFF751
:1036C00047FED4F88C220A9B9B1A2230DA2BC4F8CE
:1036D0001C025CD840F2C741B6E6D4F8D830D4F822
:1036E0000C024946184406F005F94946C4F814028C
:1036F000D4F8C80006F0FEF8C4F8180204F1A800D7
:10370000FFF719FED4F8D830D4F80C721F44B4F87F
:10371000EC31002B40F09A80BAF1000F00F0968057
:1037200094F8210105F04CF8D4F81412D4F878324A
:1037300094F821217F1A203F1F44D4E99CBC464BBA
:1037400053F82220A7EB0B074FF47A7302F2E7320B
:10375000B2FBF3F21744BF1B00F52340A130B0FBCE
:10376000F3F03F1AD4F80832D4F8102294F821016B
:103770000A9702FB0311B4F8DC30303103EB41014E
:103780003246FFF7E5FD0123C4F81C0263730A9B70
:10379000D4F818225B1BD4F8C8500A937E3DAD1AAA
:1037A000D4F81C22AD1B954228BF1546002284F890
:1037B0005822D4E9A021D21841F10001C4E99A218C
:1037C000C4F8E85104F1E800FEF7DDF9042384F8B9
:1037D0006132D4E99A232844C4E9A023C4F85C02E6
:1037E000A4F8888202F004FF20B1D4F85C321E33C2
:1037F000C4F85C32B4F8D831A3EB08031BB2002B39
:10380000D4BF00220122520084F86022039A002AC9
:1038100040F0AF80BAF1000F40F0AE80637B002B28
:1038200000F0C780D4F8C810D4F8183204F5167028
:10383000C91AFDF759FA80B2002800F0BA80189B27
:1038400003B1188001200FB0BDE8F08FD4F8141236
:103850007F1A87E778EF03204C5A0400D4F8180247
:10386000D4F8C830B4F8EC21D4F810121B1A0BFBB2
:1038700003F30A93D4F814323A44D4F80872521A73
:103880003033013A07FB0133B4F8DC1000FB02339C
:1038900001EB430194F821013246FFF759FDC4F8CA
:1038A0001C0274E7D4F8C83003FB0BF30A93BAF197
:1038B000000F1CD0B4F8EC21CAB984F82B22D4F83C
:1038C0001892B4F8ECC109FB1B3E049BCDF828E02C
:1038D00073B3BCF1000F2BD1D4E99E32D4E99C0123
:1038E000984271EB020208D340F20E51ACE594F815
:1038F0002B22002A7FF44BAFE1E70799364A52F8B2
:103900002120D4E99C01CDE904010498203B1B1A35
:1039100002F2E7314FF47A7B02F52342B1FBFBF16F
:103920000B44A132B2FBFBF29B1A9B1B73440A931C
:10393000674409FB07F730377F000898324639465D
:10394000FFF706FDC4F81C02D4F8C80041F64B533B
:1039500098423FF61CAF0AAB0093324604F507735A
:103960003946FDF737FA84F82B0210E740F226516A
:103970006AE5BAF1000F1CD0B4F8000218B3B4F82D
:10398000021294F80422A4F8021201FB02229042CF
:1039900001F101050DDD002B0BDD002384F8603201
:1039A000A4F80252FEF744FA00F00700013084F850
:1039B000040204F5167104F50C7007F0BBF920B988
:1039C00040F2765140E50146DBE7069B83F00103B8
:1039D00084F82832002036E74C5A0400F0B504463B
:1039E00085B018B9A5213020F6F78EFF052900F221
:1039F000CB80DFE801F003C42A25C9BF90F8283244
:103A0000C288A3B1B0F82632934208BFB0F8DC31C7
:103A10009A1AA0F8DE21E380D4E99A232046C4E96B
:103A20009C2302F037FD94F84C3005B0F0BDB0F89F
:103A300024329B1AA0F8DE31B0F824329BB2EAE7B8
:103A400005B0BDE8F04004F059BD06F02BF8D4E90C
:103A50009C23801A61EB0301012871F1000302DA53
:103A600040F20161BFE76FF0010383424FF00003B2
:103A70008B4102DA40F20261B5E7D4F8C8300BB1ED
:103A8000B0FBF3F3E07BB4F8262247280ED0A17BED
:103A9000463901290AD90D2808D0E1880B449BB288
:103AA000D11A0D0443D501339BB242E00132A4F890
:103AB0002622B4F88A32E588344F0133A4F88A32DA
:103AC000B4F842301D44B4F84030013DED1AADB2B7
:103AD00003AE3B685BB1B4F826120139002289B20B
:103AE00020469847B4F826321844A4F82602B4F8C1
:103AF00026126B1A18042CD4002300961A4620466E
:103B0000FFF73CFC012890D1B4F82622B4F8D81174
:103B1000BDF80C301344521A12049BB204D5EA1AB1
:103B200012F4004F18BF0B46A4F82632D1E7013239
:103B300093B2A4F8263294F82932002BB9D1B4F804
:103B4000DC31B4F82622934204BF0133A4F82632B4
:103B5000AFE7A37C0394002B14BF08233E23304619
:103B600084F83130FEF7B6FC204602F049FD002310
:103B700063735AE705B0BDE8F040F9F779B9437BC4
:103B8000042BF4D0C6212EE7CB212CE75CF50320D3
:103B900013B500234373A0F888321A4600931946E0
:103BA0000446FFF7EBFB20B140F2E7113020F6F7B7
:103BB000ABFE01236373C4F81002C4F80802A4F832
:103BC0002602A4F8240284F82902E388A4F88A02D1
:103BD000013BE38002B010BD2DE9F8430E460446D8
:103BE00018B9D3213020F6F78FFE052900F2A780FF
:103BF000DFE801F00376413DA52E06F0A1F8C4E907
:103C00005001204601F0A2FED4F83401CB3805F073
:103C10004BFF204601F016FD054600BB014620463D
:103C200001F07BFB00F1E506D4F83401B04209D283
:103C3000301A322838BF3220032106F051F860B123
:103C400005F036FFC4F83461204601F095FE45B119
:103C50002046BDE8F84301F090BE0125F2E70025BB
:103C6000F2E7D4E95023C4E94A23BDE8F883BDE86C
:103C7000F84304F043BC01F076FB042384F83931A7
:103C80008146884605F00EFF07220F46A9FB023148
:103C900002FB0811D4E94A525B1941EB0205D4F842
:103CA00010213AB159EA080204D0984277EB050294
:103CB00028BF012684F83861D4E95226121A66EB2F
:103CC000070694F8581139B9012A76F100010BDA88
:103CD000204601F055FE03E0012A76F10006F7DBED
:103CE000002384F85031C0E7984277EB05010FD2EA
:103CF00059EA08080CD01B1A65EB07019A4276EBCB
:103D0000010005DB012B71F10000A4BF1A460E462D
:103D10000C490123914284F851314FF0000384F89B
:103D20003031B341B8BF0A4604F1E80004F5987198
:103D300007F0ACF8002898D140F2B26152E7EF21C9
:103D400050E700BF0040420FF8B50D46D0F8101103
:103D50000023D0E9506780F81431044681F8E5214A
:103D600080F85031D0F81001FDF7FAF8D4F81001BE
:103D7000C0E99C67C0E9A067C0F88C52FFF708FF54
:103D800004F002F9BDE8F84006F0BABFD0F810011F
:103D90007047D4D42DE9F84304460E46154690F8F2
:103DA000503103F0FF07002B40F0948000F1E80849
:103DB00039467822404608F03DFD474922464046B4
:103DC00006F0B2FFC4F81061FF2384F8503166B1E9
:103DD000FEF746F800F00700013086F804023F497C
:103DE000324606F50C7006F09FFF40F202434FF09A
:103DF0000009A4F8383184F8309105F0CDFD00F1C8
:103E00009E06204601F01EFCB6B20146C0B3FCF788
:103E10006BF800F1280189B2284605F06BFD2844B3
:103E2000C4F8340105F03EFE301841F10001C4E948
:103E30005001012084F81401A4F8269001F09EFEA0
:103E4000E53D2D1AC4F818514FF0FF356FF00041D1
:103E5000D4E95023C4E952510025C4E94823C4E9F8
:103E60004A2384F8515142F2107204F59871404689
:103E700007F00CF838BB40F2B9113020F6F744FDDA
:103E8000204601F04AFADFF85890E530C4F83401D2
:103E9000B9F8020048B1E08C38B1FDF7E1FFB9F89C
:103EA0000230B0FBF3F202FB1300064405F0FAFD0A
:103EB000361841F10001C4E95061002DC4D0AD199C
:103EC00041F10001C4E72946204601F085FD38464E
:103ED000BDE8F8830C27FAE7D93B0300DD3903007E
:103EE00078EF032038B5044690F850319BB1FF239A
:103EF00080F85831012101F06FFD94F8503153B131
:103F000004F1E805284605F085FE284605F096FEF2
:103F1000002384F85031002038BDD4D4F0B50023FC
:103F200085B0CDE9003303238DF806306846F7F7F6
:103F300077FC88B1114E012333710023CDE90233A0
:103F400002238DF80E3002A8F7F76AFC044638B158
:103F50000023337105B0F0BD0098FFF7C3FFE5E71C
:103F6000029D6B7B002BEED005F50C77384605F0F3
:103F700051FE384605F062FE6C73E4E778EF0320EB
:103F8000054B002201215A7119701A7142F2107208
:103F90005A80FFF7C3BF00BF78EF032008B590F841
:103FA000582142B990F8142142B1D0E946319942E2
:103FB00002D901F0E5FC0022104608BD0122FBE712
:103FC00008B503F0C9FC044B9A6882422ABF1879ED
:103FD000002080F0010008BD78EF032010B50446F2
:103FE000FFF7C4F8226A236C9A4228BF1A4600F5EC
:103FF000C1711046FDF706FFB0F5296F28BF4FF4D9
:10400000296080B210BDD4D4F0B5044685B090F8D4
:104010004C3003F0FF05002B6AD1437B032B67D1A3
:1040200005F040FDD4E99C23801A61EB03010128CF
:1040300071F100035CDB6FF00103834275EB01015A
:1040400004DA40F2AA513020F6F75EFCD4F8C8201A
:10405000E3880AB1B0FBF2F2013313449BB2A4F837
:104060002432B4F82422B4F8DC319B1A1BB2002BA2
:104070003EDD04F50C7005F0CDFD002838D0FF239F
:1040800084F82932B4F84230E5881A4E1D44B4F859
:104090004030013DED1AADB20DF10E0733686BB142
:1040A000B4F824120139002289B220469847B4F8A6
:1040B000243210FA83F39BB2A4F82432B4F82432E9
:1040C000EB1A1B0414D4B4F8241200970023012225
:1040D00089B22046FFF752F9012809D1B4F82432F9
:1040E000BDF80E2012FA83F39BB2A4F82432D5E770
:1040F00005B0F0BD5CF503202DE9F3470446062921
:1041000000F20481DFE811F00700860075008300EB
:1041100089008E00FC00D0E99C01D4E99E239042E6
:1041200071EB030354D294F82A32002B50D0637BF6
:10413000032B4DD1FFF71AF894F821A18146FBF724
:10414000D3FE064694F82B01FCF76EFE064494F865
:104150002B01FCF769FED4E99C23D4F87872D4F8DB
:10416000E85180465046BF1A04F022FB694A52F8D3
:104170002A20A5F1600302F52342A1324FF47A719F
:10418000B2FBF1F29B1AA3EB09031B1A09F189098F
:1041900009EB5309B6B2603B08F5C86873431FFAD0
:1041A00088F8B3FBF8F360335A08A9EB53039F4236
:1041B00002D391444F4501D905F0DEFBD4F8C80085
:1041C000314605F097FB0023C4F8180284F82A3220
:1041D000514B1B7903F0FF025BB90092B4F8DC117C
:1041E00001232046FFF7CAF828B140F2CE61302003
:1041F0002AE00423637303F0C7FE06F081FDE28822
:10420000A4F826220023A4F88A3284F8293202B0C6
:10421000BDE8F08703234373F9E703F0A5FBC4E986
:104220009E01F4E700F1A8081121B0F8AA00F7F701
:10423000BDFA002862D094F82131022B5CD005D859
:10424000012B08D0DC21B420F6F75EFB033B012BE9
:10425000F8D81E3000E00A30858894F82101DFF894
:10426000B890C31E012B8CBF00272827FFF74CF8FE
:104270006E30A842D4F8182234BF2B1A0023D4F889
:10428000C85099188D4284BFAD1AED1A99F80530BF
:1042900007F1DC0798BF002523B9D4F8E8309D4228
:1042A00028BF1D4604F1E800D4F8E861FDF76BFC77
:1042B0000644022005F0E8FCAD1B25EAE5758542C1
:1042C00028BF05460221284605F00AFD10B105F079
:1042D000EFFB2E4401233A4631464046FDF778FD78
:1042E000D4F8E831C9F80800D4F8C800184402B07E
:1042F000BDE8F04705F0D8BB1430ADE79625ACE734
:10430000A83002B0BDE8F047FFF715B840F29C7145
:104310006DE700BF4C5A040078EF0320012A70B506
:1043200006460D4614460BD0022A0ED08AB903F079
:1043300013FB224601462846BDE87040FFF704BD46
:1043400003F00AFBC6F88C0270BDD0F88C12012273
:10435000F1E740F2C3713020F6F7D6FA70B50446A3
:1043600021B1012978D040F2D37172E000F0FBFF57
:1043700094F8513105460E46DBB150EA010318D0DE
:10438000D4E94832D4E95001C01A61EB0201334646
:104390002A4608F0BBF905FB01F300FB0633A5FB39
:1043A00000021344D4E94821121843EB0103C4E985
:1043B0004823E08C30B1FDF73BFDE38CB0FBF3F21A
:1043C00002FB1300D4E94832ED1846EB02062D1823
:1043D0004FF0000346F1000640F20242C4E948569D
:1043E000C4E9505684F83031A4F8382184F85131AA
:1043F00094F8583103F0FF01DBB9D4E952026FF0B1
:1044000000439A4208BFB0F1FF3F18D02046D4E9DC
:10441000505600F082FFD4E95232E5305B1B62EB6C
:1044200006021B1A62F10002002A08DA204601F097
:10443000A7FA03F0A9FDBDE8704006F061BC04F5E1
:10444000987104F1E80006F075FC0028F1D14FF4F2
:10445000E0613020F6F758FA002380F81431E8E7DD
:1044600090F85001003818BF012070470B46812298
:1044700003F8032BB0F80920A1F80320C27A9A7040
:1044800070470B468C2203F8032BD0F80920C1F8A3
:104490000320D0F80D205A607047D4D4044B1A780A
:1044A000012AD0B203D01878831E58425841704771
:1044B00084EF03200D4B33F811300239C9B20229C1
:1044C00010B598BF0A4C4FF47A7203F2E733B3FB8E
:1044D000F2F300F1FF3298BF34F811104FEAC21224
:1044E00088BFF021134400FB013010BD605A040066
:1044F00024590400F0B5D928054628BFD925303500
:10450000BDF81460ADB2FF2D06F0020728BFFF25ED
:1045100016F00106044601F5A57023D11FBB002B40
:1045200000F0CB80911EC9B202299ABF7F4D35F8A9
:10453000111040F648010844D92C40F28380D93C40
:10454000951EA4B2EDB2F721002B00F0D680022D0B
:1045500004F1F604B4FBF1F400F2CC80744B33F8B0
:1045600015306DE0EFB1911EC9B202299BBF714DAC
:1045700005EB41014FF41471C9880144D01E012894
:1045800039D801F614409830002E3CD0023AD2B20D
:10459000022A9BBF674B03EB4203C0235B8A18448C
:1045A00050E053B1911EC9B202299BBF614D05EB8A
:1045B000410140F648018989DFE7032A06D1691DD8
:1045C00009B24FF4C87505EB8111D6E7042A06D16C
:1045D000691D09B24FF4BF7505EB0111CDE7022A41
:1045E0000BBF05F10B0105F10A0109B209B20CBFBD
:1045F0008900C900C1E7022A14BF4FF4B070B4208B
:104600009C310844BFE7F3B1911EC9B202299ABF99
:10461000494D35F8111040F64801D92C084411D9FC
:10462000D93C951EA4B2EDB2F72163B3022D04F17B
:10463000F604B4FBF1F45DD83E4B03EB45031B8B52
:1046400003FB0400F0BDF12C214628BFF121032A11
:1046500006D1133109B24FF4C87505EB8111DCE7BF
:10466000042A06D1133109B24FF4BF7505EB0111CD
:10467000D3E7022A0BBF1931183109B209B20CBFB6
:104680008900C900C9E7022DB4FBF1F3DBB23BD8C6
:104690002A4931F8151001FB0300C3EB4311C3EBAA
:1046A000C103E41AA3B2002BCCD00833032A9BB277
:1046B0002DD19B0103F21A4371E7032A07D1053577
:1046C0002DB24FF4C87101EB8515284434E7042A54
:1046D00006D105352DB24FF4BF7101EB0515F4E796
:1046E000022A0BBF0B350A352DB22DB20CBFAD001F
:1046F000ED00EAE740F69213A2E7022DB4FBF1F3D6
:10470000DBB201D80E49C4E740F69211C3E7042A90
:1047100003D11B0103F5467341E7022A0BBF9B003F
:10472000DB0003F5BB7303F5CD7338E730590400A4
:104730003C59040024590400305904003C59040039
:104740003C59040010B5294B5A6AD2F80F30C0F812
:10475000CC30537D117D1B0443EA0123D17C0B43F4
:10476000C0F8D430B2F819306FF4506159180629E6
:104770008DBF40F2E241A3F550634FF47A714B4391
:1047800096BF4B430021012180F82A11C0F8C830A0
:10479000937DF9B103EB830303EB83039B00A0F844
:1047A000DC30B2F81730F1B164214B43C0F8D83097
:1047B000B2F81B30A0F8D030B2F81D30A0F8D230DB
:1047C00092F8243003F01F025B0980F8232080F860
:1047D0002B3110BDC3EB431403EB840303EB8303C2
:1047E0005B009BB2DBE740F2E241DEE784EF0320AF
:1047F000074A0346506AD3F86920C0F80320B3F88B
:104800006D20A0F8072093F86810FCF7D7BC00BF14
:1048100084EF03208B88F7B513F0180506460C4685
:104820001FD1086820B940F2EA312D20F6F76CF864
:1048300001F074F9217C677CFFF73CFEA3880093AC
:1048400001462B463A463046FFF754FED4E9022390
:10485000BB30824273F100032CBF0120002003B063
:10486000F0BD0120FBE738B50B46882203F8032B87
:104870000C4600F10902293052F8041B43F8041BCE
:104880008242F9D112781A70A5880123A3710221FE
:104890002846F6F78BFF58B1E3784BB10221284642
:1048A000F6F79AFF20B140F233212D20F6F72CF8CD
:1048B00038BDD4D4D0F8803073B50BB101221A6062
:1048C0004388DB0727D50023CDE90033134E056A63
:1048D00002238DF80630FF2333776846F6F7A0FFF2
:1048E000C8B9009CA542F8D095F8B32094F8B3005D
:1048F00005F1B40304F1B401FBF76EFE0028ECD01F
:1049000094F8AC303377D4F8AD30C6F81D30044B92
:10491000B4F8B1209A8002B070BD00BF84EF0320CC
:10492000A1EF032038B5084D044600F169010623C4
:10493000686A0022FCF724FD94F86810686ABDE8F4
:104940003840FCF73BBC00BF84EF032070B5044641
:104950000D46173019461646FCF78EFB84F8205199
:1049600084F82151FF2384F82231E91E01298CBFEC
:104970000021012104F1E800FDF741F9314604F17D
:10498000A800FCF71DFA94F82A31002B14BF4D2320
:104990009623A4F8E230A4F8E0300023A4F8E43031
:1049A00070BDD4D470B504460E466588407F15F0BE
:1049B0000401134618BF04F177013246FCF7A8F84A
:1049C0004107054621D4C2070BD5012384F868307E
:1049D000607FFCF735F90368C4F869308388A4F870
:1049E0006D30AB0701D4012070BD094B586AD4F873
:1049F0007730012184F87610C0F80930B4F87B30A4
:104A0000A0F80D30FCF7E3FBEDE70020ECE700BF7A
:104A100084EF032010B50446084694F8D8306BBBE9
:104A2000237884F8D930082904F1DB0216D004F188
:104A3000DA01FCF739F820B94FF477612D20F5F74A
:104A400063FF94F8DA3043F0020384F8DA3004F1BB
:104A5000D0000B49BDE81040FCF7CEBF094B586AA7
:104A6000034613F8031BC1F3801184F8DA10D0F861
:104A70000310C4F8DB109B889380E8E710BD00BFEB
:104A80008344030084EF032070B504460E461546A8
:104A9000FBF7AEF998B9237884F8C030637CA4F8AA
:104AA000C16084F8BF500BB194F8483084F8C3302B
:104AB00004F1B6000249BDE87040FCF79DBF70BD2F
:104AC000054F030038B5B0F848301B4D0133C3F330
:104AD0000E03A0F848302B7B04462BB103F006FCF4
:104AE00002F0E2FB00232B7300232B7094F8893033
:104AF0002BB101212046BDE83840FFF72FBC637C75
:104B0000C3B1B4F848209A4214D301212046FFF7DC
:104B100025FC6388DB0748BF236A204644BFB3F8FF
:104B2000AA104322BDE838405CBF43224FF6FF7114
:104B3000FFF7AABF0021DDE784EF032010B5FFF7E0
:104B4000ADFC064C28B1237B1BB103F0CFFB02F078
:104B5000ABFBA06ABDE81040FFF7B4BF84EF0320B1
:104B60002DE9F0410746FFF799FC054620B940F6CC
:104B700082412D20F5F7C8FE214CA26A166A0EB1BB
:104B800096F829611FB3616A11F8097B02F1690384
:104B9000F80992F86820FBF71FFDC0B1606A314642
:104BA000FCF73DFB98B1A56AFFF778FC10B940F619
:104BB0005C41DEE72378E26A03F180435269013BFE
:104BC000284652F8233007F00F0198470546237B0B
:104BD0001BB103F08BFB02F067FB7DB1A06AFFF70E
:104BE000DDF930B103F032F9E36ABDE8F0419B68CA
:104BF0001847A06ABDE8F041FFF764BFBDE8F08147
:104C000084EF0320074A0346906A03B909B9FFF706
:104C100059BF1378D26A03F180431269033B52F8FB
:104C20002330184784EF03202DE9F043032985B092
:104C30000546174607D14388980723D40024204609
:104C400005B0BDE8F083428890F88830D107DBB228
:104C5000F4D5002BF2D14FF00108DFF8D49099F889
:104C60000C60C6B1FBF738FF0828387016D002AACE
:104C70000DF10701FBF718FF38B940F6F7612D2059
:104C8000F5F742FE4FF00208E7E79DF8070002A99A
:104C9000FEF78CF906463B78082B08D1D9F824108A
:104CA00011F8030BC0F38010FEF780F90646D9F81F
:104CB000241095F86F2011F8030B05F17003C0F371
:104CC0008010FBF789FCD9F82410044611F8030B77
:104CD000C0F38010FBF7DEFE8146FBF7C3FF40B157
:104CE000B9F1080F1BD04846FBF7F0FD80F0010337
:104CF000D8B23A78082A14D01CB96C7FA21A544250
:104D000054416A8853079AD4002897D176B9EC7C2D
:104D1000444518BF002C0CBF012400248FE700205D
:104D2000E7E780F001022240D4B2EAE7344686E7A2
:104D300084EF032070B50D46044691F82911D5F88B
:104D4000C8001646FCF75BF8B5F8D030A4F8AE30D2
:104D5000B5F8D230A4F8AC00A4F8B03095F82B31F7
:104D600084F8B230237F04F1A00273B394F8683062
:104D7000012B2AD194F86E3003F0C003402B24D1CC
:104D8000D4F86930C4F8A030B4F86D309380236A49
:104D900093F8AC2084F89920082E03F1AD0004F1BB
:104DA000A601D3F8AD3004F19A0219D0C4F8A630A8
:104DB00083888B80304604F19901FBF775FE40B97A
:104DC00040F6E2312D20F5F79FFD0023C4F8A03016
:104DD000DCE794F8993043F0020384F8993070BD11
:104DE000C4F89A30838893800023C4F8A6308B805F
:104DF000F5E7D4D42DE9FF4108230DF10702052181
:104E000004468DF80730FFF70FFF054620B900254F
:104E1000284604B0BDE8F081F9F7D2FE0646002826
:104E2000F5D1344F216A7A6A91F817C010460DF116
:104E3000080810F8033BC3F3401303EA0C03CB75D7
:104E4000D2F80330C1F8AD308388A1F8B1301146F3
:104E5000D4F820C011F81F3BC3F380138CF8AC309A
:104E6000D2F81F000B79029060468DF80C30FFF7E6
:104E700069FC94F91220206A43460121FFF766FD80
:104E8000216A84F89560B1F8AA30A4F89630FF231F
:104E900084F8B3304FF6FF739DF80720A4F8B430C0
:104EA0002046FFF747FF144904F18C00FCF7A4FDEE
:104EB000FAF79EFF60B9236A1049B3F8AA20A4F854
:104EC000CD20DB7D84F8CF3004F1C400FCF794FDE5
:104ED000236A0022B3F8AA102046FFF7D5FD084B3D
:104EE0001B6800223A70002B92D0206A2146984716
:104EF0008EE700BF84EF0320674803006D44030082
:104F000064F503200B468B2210B503F8032BD0F871
:104F10000920C1F80320427B1A71CB78A3B130F885
:104F2000B43C1B0710D4B1F8054002212046F6F727
:104F30003DFC48B102212046F6F74EFC20B140F27C
:104F400076212D20F5F7E0FC10BDD4D4032973B5EC
:104F5000044604D0052927D0012002B070BD0823E3
:104F60000DF107028DF80730FFF75EFE0028F3D041
:104F7000237C23B19DF807102046FFF74BFD0F4D12
:104F80006B6A062204265A701E702046FFF730FC1A
:104F9000686A94F85C20A16DFCF732F9686A2E709B
:104FA00003F0C2F80020D8E7054B1B68002BF9D0AE
:104FB000984780F00100C0B2CFE700BF84EF032024
:104FC00060F50320F8B504460F4619B300F130052B
:104FD000284600F08CFDA0B963881A072ED5284614
:104FE00000F09CFD0646284600F081FD301AC0B254
:104FF00000F0C4FD474A536803442846536000F05C
:1050000052FD284600F054FD02F0DEFD21792520F6
:1050100002F0CEFC3F4E94F87620706A00230370B5
:1050200043706388103B0D2B64D8DFE803F05F63A7
:105030005B0C634063636363636363402046BDE866
:10504000F840FFF73FBD062343702023037020463E
:10505000FFF7CEFB638823F008039BB2152B05D026
:1050600094F85420216D706AFCF7BBF8706A03F065
:105070005BF8032321793370002002F0B3FD05466D
:1050800007B9B06063881B0704D500F054FD0544E0
:10509000C4F81C516388103B0D2B36D8DFE803F0B1
:1050A00038352F2F352F353535353535352F0C2300
:1050B00043700346212103F8091B52B1D4F877202D
:1050C000C0F80920B4F87B209A800121FCF77FF812
:1050D000BDE7226FC0F80920B4F874209A8094F8D4
:1050E0006F10F3E7062303704370B0E702230370E9
:1050F0000623F9E740F259612D20F5F705FC2179E7
:105100000120BDE8F84003F023B940F6F541F3E78C
:10511000F8BD00BF84EF032038B54388102B044648
:1051200004D1BDE838400121FFF74CBF0B4D2B7B6C
:1051300023B102F09BF8402003F0CCF8686A02F03B
:10514000F3FF608810F0040002D1217903F000F928
:10515000002003F059F801232B7038BD84EF0320A1
:105160000121FFF72FBFFFF7FBBFD4D4024B012172
:10517000986AFFF727BF00BF84EF032010B5144CD7
:10518000237B1BB103F0B2F802F08EF8A06AFEF7A1
:1051900005FFA16A18B14B8803F0180323B9BDE8D5
:1051A00010400846FFF78EBCFFF778F920B940F6AB
:1051B00086312D20F5F7A8FB2378E26A03F18043BE
:1051C000D268013BBDE8104052F82330084618472A
:1051D00084EF032008B590F894300BB1012008BD8E
:1051E00090F8CC30002BF9D190F8BE3003F0FF00DE
:1051F000002BF4D0FAF7FCFD80F00100C0B2EEE71E
:1052000010B50648037803F0FF042BB92422214689
:1052100007F010FB204610BD0C24FBE784EF0320B1
:1052200010B50A4C00232370FAF7D4FD6062FFF733
:10523000E7FF20B14FF442712D20F5F765FBE36ADB
:1052400013B940F20B31F7E710BD00BF84EF032024
:1052500030B54FF4B07285B004460D46002107F01A
:10526000E9FAFF2323701323638042F21073E3846F
:10527000F6F704FC00220146E0646846F6F748FCB5
:10528000E06C00220121F6F7DCFCE16C04226846A8
:10529000F6F73EFC0022E06C1146F6F7D2FC04F172
:1052A0003000A57400F0E4FB02A8FBF783FE20B9F0
:1052B0004FF449712D20F5F727FB02A904F13600C0
:1052C000FBF7DAFE05B030BDFF23C86C0B70F6F7B4
:1052D00003BCD4D4014B024ADA62704784EF032046
:1052E000F0590300044B054A1A60054B054A1A6041
:1052F000054B064A1A60704760F50320F54D030020
:1053000064F503201D43030068F503208156030064
:105310000078FF3818BF01207047F7B504463030D9
:105320000E4600F0FBFB6188CA06074605D5282219
:1053300000F004FC6D3003B0F0BD8B07E06C0FD5BE
:10534000F6F71FFD217905463846FFF7B3F8638865
:1053500000930146627933462846FFF7CBF8E9E728
:10536000F6F7FFFCEEE7D0E9020170472DE9F041C6
:10537000067DB31EDBB2012B06F0FD068CBF4FF09D
:1053800000084FF00108371E18BF0127012B044603
:105390001AD800F1700190F86F00FBF77BFB05460F
:1053A00063889B0617D4082D10D186B3FAF720FD29
:1053B000B8BBE37E93B3D4F81530C4F86930B4F8C1
:1053C0001930A4F86D3006E00825E9E72846FBF718
:1053D00089FA0028E9D1657784F81C8084F8687020
:1053E000FBF752FB054604F05DFB104B0022E5FB8A
:1053F0000301C4E9180184F8762011462046FFF71E
:10540000D1FA60B940F2A3412D20F5F77DFA04F1FD
:1054100069013046FBF7C6F80028DCD10020BDE862
:10542000F08104F169010120F4E700BF40420F0060
:105430002DE9F04F07460C4605460FCF9DB010AE44
:105440000FC60FCF0FC697E80F000DF1200886E8B2
:105450000F0040466E7900F00BFBA37A277D039383
:105460002378049363787A1E03F07F0A022AD146D8
:1054700000F28380D90603D4A67D731E022B7CD84C
:10548000637E03F0FD03012B02D1032F08BF042725
:10549000A37E03F0FD03012B02D1032E08BF0426D7
:1054A000617A404600F0EBFA237D227F022B08BF91
:1054B000617D02F1010206BF0131C9B20121D2B200
:1054C000404600F0DEFA1AF0080F6CD1404600F0BA
:1054D00025FB6378DA06834654D4F6F701FB394698
:1054E00082465846FEF7E6FFCDF8009001460123BC
:1054F00032465046FEF7FEFF2179E37843EA012366
:10550000617940F2712243EA014300F5247053436C
:10551000B0FBF2F05043984239D84FF0000B94F8AA
:1055200018A00793A37C05930AF1FF33D3F1000A77
:10553000E86C4AEB030AF6F714FC0690E86CF6F701
:1055400020FC0699079B814238BF014688B268B3A8
:1055500008A90A910AA90C930693ADF82C90CDF8EE
:1055600034B08DF838708DF83960FFF753F9069B29
:10557000E0B945201DB0BDE8F08F40F212310620A1
:10558000F5F7C2F92822494600F0D8FAB4E7E179E4
:10559000A37943EA0123217A43EA01435343834237
:1055A00028BF0346B9E700239B46B8E7CDE9123B85
:1055B000059B8DF85330049A039B8DF844708DF849
:1055C00045608DF850A08DF854308DF84020ADF82E
:1055D000429010AF0FCF2E460FC60FCF0FC697E8E1
:1055E0000F0086E80F0098E803002863A986E37A95
:1055F00003F0FD03003B18BF012385F86F30E3681B
:105600002B67238AA5F87430E27D95F8463062F363
:10561000071385F846300020ACE74FF40043A0F8AC
:10562000483043881D2B08BF00214174704790F912
:1056300012007047408800F0010070478078C0F386
:10564000400070478078C0F3C000704710B54488B0
:10565000C06CE30654BFC4F340040024F6F778FBA3
:1056600084F001042043C0B210BD4079C31E012B59
:1056700005D8B1F81E31012B14BF03200420704758
:105680002DE9F04385B008230DF1070205210446FA
:105690008DF80730FFF7C8FA002879D0F9F790FAAB
:1056A000002875D13C4D206AFFF74CF86B6A02AFB9
:1056B000D3F81F0093F8232002903A71226AD3F89E
:1056C0000310C2F8AD10B3F80710A2F8B1101B78A0
:1056D000206AC3F3801380F8AC30304B1B6813B1E1
:1056E000012221469847D4F82080686A98F8AC9047
:1056F0000E234370C378082603F03F03C3700022D3
:105700004FF003010670FBF75AFE2046FFF70AF937
:10571000686A4946FBF75BFD0623012208F1AD01EB
:10572000686AFBF72DFE6179FF2002F041F9686A93
:1057300002F0FAFCD4F8208020464146FFF795FF9E
:1057400094F9122001463B464046FFF7FFF8216AD4
:105750009DF80720002384F89530B1F8AA30A4F80A
:105760009630FF2384F8B3304FF6FF73A4F8B430BB
:105770002046FFF7DFFA236A2E70B3F8AA20A4F8B8
:10578000CD20DB7D84F8CF30012005B0BDE8F0836B
:105790002046FFF797F9F7E784EF032064F503202D
:1057A00010B50446FCF744FBC0F30B00A042F9D04F
:1057B00010BDD4D42DE9FF41564F3A78044602F08B
:1057C000FF0312B90278FF2A04D140F6DD112D2023
:1057D000F5F79AF87B60FB817B7380F889304E4B3C
:1057E00000934E4B01934E4B0293FB6A68465B68F5
:1057F000039302F083FC02F085F902F077FD01F0DB
:1058000053FD484802F0D6F904F13005464802F04D
:105810006FFC284600F047F9284600F049F902F0ED
:10582000D3F92179252002F0C3F894F9120002F08F
:10583000BBF904F15001E06CF6F728FA04F15801C5
:105840000646E06CF6F749FA8046002E3AD094F806
:105850002430BBB3B4F94850ED43ED0F237F13B9A7
:1058600063885B0709D5D4E918126FF000439A42A8
:1058700008BFB1F1FF3F2FD1ADBB94F88B301BB9FE
:1058800046EA0806F6B2AEB1638813F0100511D1EE
:10589000606CC0F30B20FFF783FF94F8463084F868
:1058A000450023F00F03C0F30320034384F8463080
:1058B00084F88B50786A0330FBF718F9387304B01A
:1058C000BDE8F081B8F1000F04D094F82550002D08
:1058D000C0D1C3E74546C1E704F0E4F8D4E9182392
:1058E00090429941C8D3012229462046FFF75AF831
:1058F00050B1FBF7C9F8054604F0D4F80B4BE5FBB3
:105900000301C4E91801B8E7002DB6D040F61C2108
:105910005DE700BF84EF03207D510300614B03006E
:10592000054C0300D6BE898E5555550040420F00E8
:1059300010B50446FFF73EFF20460021FFF742FB6B
:105940002046BDE81040FEF7B5BFD4D4024B9862A4
:10595000DB6A1B68184700BF84EF032090F86830AB
:10596000016281F8B330D0F86930C1F8B430B0F8D2
:105970006D30A1F8B83070477047FFF7A3B8D4D4A2
:1059800043881A0710B5044612D5036A11493C2210
:1059900080F89520B3F8AA30A0F89630FF2380F85D
:1059A000B3304FF6FF73A0F8B4308C30FCF724F816
:1059B0006388DB0743BF236A3C22B3F8AA103C226A
:1059C00058BF4FF6FF712046FFF75EF8FF2384F8BB
:1059D000893010BD6748030080F888107047D4D420
:1059E0006151030019510300675103004D4F03003B
:1059F000315903003D4B03006D510300E059030092
:105A0000E4590300EC5903008278034612F00100C8
:105A100002D0D978C90710D5900702D5D97889075F
:105A20000AD512F0040008D0D878C0F3800080F0C6
:105A300001008000C0B2704702207047C0F34002EE
:105A4000C0F38003134400F001001844704702289B
:105A500008B507D0042807D0012807D039212E2007
:105A6000F4F752FF262008BD2720FCE72520FAE79F
:105A70000023C0F802300123437003707047817027
:105A8000704710B54270017080781446FFF7D6FF5A
:105A900010FB01F010FB04F2FE2A03DD5C212E2036
:105AA000F4F732FF10BD0023C370437103717047D8
:105AB00010B50446FFF7A8FF637962780133DBB2C3
:105AC0009A4263710FD1E378A1780343DBB2994224
:105AD000E37008BF23794FF0000208BF0133627101
:105AE00004BFE2702371BDE81040FFF7B0BF38B5C6
:105AF00001468078FFF7A2FF0446C8784D78FFF78B
:105B00009DFF0A790B789B1A13FB05F34A7913FB67
:105B100004F39B1A00FB1530C0B238BD08B501462E
:105B20008078FFF78BFF4B780A7813FB02F313FBA7
:105B300000F0C0B208BD40F2EF20704701380228E3
:105B400008B503D9C4212F20F4F7DEFE13290A4B30
:105B500005D811290CD8102907D0D221F3E715292F
:105B6000FBD103EB4003D88801E033F8100008BDF7
:105B700003EB40039889FAE74659040040F25A3390
:105B8000584370472C4A38B5948803461C43402B31
:105B90001068948004D10421BDE83840FEF7ACBA07
:105BA000802B01D10521F7E703F00304032C04D176
:105BB00040F6A4313120F4F7A7FEDD0706D50C68C6
:105BC00091602478062C1AD00B2C22D09C0711D57A
:105BD0000C6821781173072929D00B2922D00529B7
:105BE00008D1C17B182905D100240025C0E91E4534
:105BF000012101759B0644BF0823537338BDC47B44
:105C00001C2CE3D100240025C0E91C450124C474E8
:105C1000DCE7C47B122C01BF0024C474012480F88B
:105C20005240D3E7C17B1129E4D10021E1E761783B
:105C300080F8A010DEE700BFB4EF03200C4A517BD0
:105C4000034689B910683BB9B0F81011B0F8F420D8
:105C5000914209D8FEF7B4B993881B0706D5007C9A
:105C6000083818BF01207047002070470120704796
:105C7000B4EF032073B504460068036813F0300FD7
:105C80000D4649D1B1F805101A2904D9B5F80730E5
:105C9000B3F5A47F06D22978204602B0BDE8704053
:105CA000FCF76BB9B5F801201A2AF4D9B5F80360EE
:105CB000B6F5A47FEFD30096E830FBF799FF174BBA
:105CC0009A8892070DD51B7B142B0AD12268136882
:105CD00043F0100313602046FCF70DF9002002B0DA
:105CE00070BD23689A7B212AF0D093F82F31002BC6
:105CF000ECD1236893F82E31002BE7D123681A6882
:105D0000B3F8AA0042F020021A6003F1E80103F59B
:105D1000B172FBF7F3FFDEE70120E0E7B4EF032009
:105D200008B50368DA7B182A04D040F27E5131208E
:105D3000F4F7EAFD1E22DA7308BD08B590F89E302C
:105D4000FE2B04D040F66F113120F4F7DDFD002367
:105D500080F89E1080F89F3012B9A0F84E2008BD40
:105D6000A0F84630012380F84A30F8E708B5036808
:105D7000DA7B352A05D10022DA73BDE80840FCF74A
:105D8000CCB8182A02D11E22DA7308BD40F2935112
:105D90003120F4F7B9FD037D63B9C37BA3F1100291
:105DA000032A07D990F8520028B1202B8CBF00207D
:105DB0000120704701207047037D63B9837BA3F105
:105DC0001002032A07D990F8520028B1202B8CBF6B
:105DD00000200120704701207047D4D42DE9F843FA
:105DE000854D06462C68002840F0C480AB88190712
:105DF00046D594F89E302A2B16D00CD81C2B13D0E5
:105E0000222B18D094F89E30FE2B20D140F2FB516B
:105E10003120F4F779FD3C2BF4D1784B1B68002B33
:105E2000F0D028469847EDE7002384F841317248C6
:105E3000FCF759F8E6E784F84201714B1B68002B28
:105E4000F5D004F5A17104F1A4009847EFE7FE2313
:105E500084F89E30E37B1E2B06D10027664884F829
:105E60005170FCF75AF8E773A37B242B2AD0372B09
:105E700030D0237C082B02BF0223AB7384F89E3002
:105E8000AB88DA074FD5D5F80080A96898F80F30AD
:105E9000D1F80090113B0F2B99F800700BD8BB1E66
:105EA000DBB2092B00F2A68040F2333222FA03F370
:105EB000DB0740F19F8009793846FBF7D5FA88B9AE
:105EC000394680E0E37B243B072B94BF2B2325231B
:105ED000A373CEE7012384F8C5320023A37384F8AB
:105EE0004A30C6E7012F01D9162F4ED198F80E007F
:105EF000FCF733F840B198F80E30242B04D0252B52
:105F000034D12B2388F80E303846FCF77FFA03464D
:105F1000002849D1FF2FD3D12B69002B51D02B68FA
:105F2000012283F8C622AB88580704D5227C072AB1
:105F300004BF0122AA7399074CD5287B2B68012244
:105F40000D2883F89F2042D011284CD007284CD030
:105F5000FCF766FA034600283AD12A7BFF2A46D18D
:105F60002A683721917382F8C40233E0162F14BFD8
:105F7000022620266B7B1B0704D5E37B113B0F2BEE
:105F800098BF08263046BDE8F883112F15D005D8F4
:105F9000072F14D00D2FB7D11A4B05E0142FB3D112
:105FA000194B1B68002B8BD0AA68134812794946FD
:105FB00098470028B7D00646DCE7144BF4E7144BAB
:105FC000F2E799F800100C48FBF7D7FFF1E7114B07
:105FD00009489847AB88DA06CCD5E37B0A2BC9D1B0
:105FE0000B23E373C6E70C4BF2E70C4BF0E740F2F0
:105FF000EE510DE70826BDE7B4EF0320B4F503200A
:1060000090F503201562030070F503206162030020
:106010007D620300215D03006D5D030021600300CC
:1060200010B503689A7B93F8A010092A08D193F859
:1060300099208A4204D100229A7383F84A2010BD25
:106040001A6812F0080406D022F00802BDE81040D9
:106050001A60FBF762BFFF2904D137229A7383F8D5
:10606000C442ECE74FF4AF613120F4F74DFC38B592
:1060700013680E3814460D469A7B09283ED8DFE88F
:1060800000F0053D3D3D0F3D183D3D27042A05D15B
:106090002046FBF728FF2046FCF792FD002038BD84
:1060A0000F2AFBD1002220461146BDE83840FCF7FC
:1060B000FBBD212AF2D12046FBF715FF002DEDD0C4
:1060C000226892F8623023F0200382F86230E5E71C
:1060D000DA7B272AE2D10025DD732046FBF71DFF7E
:1060E000236893F83831012B03D129462046F9F76C
:1060F000E3FF2368002283F83821CFE740F26221D2
:106100003120F4F701FCD4D4002908BF1F21262830
:1061100070B50346144639D81C2806D8A0F10E03E2
:10612000DBB2092B1CD9002070BDA0F11D02092A89
:10613000F9D801A050F822F0C961030027610300DB
:1061400027610300D9610300276103002761030071
:10615000B3610300B3610300B3610300E7610300AF
:1061600001259D4040F25126354015D1082BDAD14A
:106170001668B37B252B14D12046F9F79DFF86F8CE
:1061800038510023B37386F84A30CCE73B2832D02D
:106190003E28C8D1194B27E0BDE870400021FFF729
:1061A00066BF2B2BBFD1F37B243B072BE9D92A21D8
:1061B000E2E7134A1568002DB5D00A462046194675
:1061C0002B46BDE8704018470E4B1B68002BAAD029
:1061D0000A461D212046F4E70B4B1B68002BA2D07A
:1061E0000A462021F6E7094B1B68002B9BD020466E
:1061F000BDE870401847064BF6E700BFA0F5032046
:1062000074F5032080F5032088F5032094F503201E
:10621000BCF50320024600684978837B212B15D00A
:106220000CD8042B14D00F2B14D0C07B272815D0EA
:10623000332B0CBF2620FE20FFF766BF2B2B03D08D
:106240002D2B09D0252BF0D11620F5E71420F3E7EC
:106250000E20F1E71220EFE72320EDE71720EBE710
:10626000024600680B4690F8621041F0040180F885
:10627000621099785878FFF747BFD4D470B54B783F
:106280000268262B04465CD01DD81D2B957B54D06C
:106290000FD8A3F10E02D2B2092A08D8012101FABF
:1062A00002F640F25120064220D1082A24D00020D4
:1062B00070BD232BFBD12D2DF9D1254B1B68002B55
:1062C000F5D09847F3E73E2B3DD005D82B2B3CD09B
:1062D0003B2BECD11F4BF1E7FF2BE8D11E4B1B6989
:1062E000002BE4D0012382F8C632E0E722461846AC
:1062F000BDE87040FFF7BBBE252D01D02B2DD6D1B8
:106300002046FBF7F0FD2368DA7B262ACFD093F8EE
:10631000632022F0010283F86320226892F8633040
:1063200023F0080382F863301A212046F9F7C4FEEF
:106330002368002283F83821B9E7362DB7D1074BFF
:10634000BCE7074BBAE7074BB8E7074BB6E700BF18
:1063500078F50320C0F50320B4EF032084F5032073
:1063600098F50320A4F50320ACF503202DE9F347AD
:1063700090F8D28290F8D36204460D46B8F1000F2F
:106380003BD190F82071002E39D194F821A184F8E6
:10639000207184F821A1FF2384F822311A4B1B6855
:1063A00004F1A80913B1394648469847174B1B68B2
:1063B00023B101943A46514601A8984794F83831E0
:1063C000012B02D058EA060603D0237B43F00103D9
:1063D00023734846FBF72BFC18B1237B43F00203E1
:1063E000237306212046FDF787FE002384F8383109
:1063F0003DB1A37302B0BDE8F0874746C3E7B2469C
:10640000C5E7E573F6E700BF7CF50320B0F5032090
:1064100038B50C460546D1E93001F5F7A7FA637B9C
:106420003BB104F50C74204603F0F4FB204603F066
:1064300005FC0D212846F5F7CFF90E212846F5F782
:10644000CBF910212846F5F7C7F90F212846F5F7B3
:10645000C3F911212846F5F7BFF928461221BDE8F6
:106460003840F5F7B9B9D4D4024B0020C3E9040091
:10647000704700BFB4EF032008B5054B0022C3E905
:106480000422FBF7A1FDBDE80840FCF7FDB900BF01
:10649000B4EF032073B5514D002604462860AE804A
:1064A0006E73AE73FF2380F84C30B0F8DA31002BF6
:1064B00000F0828090F89E30FE2B7DD190F82C3138
:1064C000002B79D0037C073B012B75D990F82D3137
:1064D000A0F8446080F8A03002210122FFF72DFCD3
:1064E00084F8E26102212846FBF7FAFDB4F8DE11D8
:1064F000B4F8E021B4F8DE30013989B2B1FBF3F32E
:106500001344A4F8E031B4F840300B44A4F8403010
:106510002046FFF740FC10B1636B0B446363B4F893
:10652000DA31012B9CBF0133A4F8DA31002609B11E
:1065300084F8E661E37B84F8E2610A3B012B0FD823
:10654000E388B4F8D0229B1A190409D404F2D221AA
:1065500004F11700FAF790FDE673FF2384F84B303F
:10656000B4F8DE2104F1A8012046FAF7CBFDE37B65
:106570001B491C4A113B0F2B8CBF002301230093A6
:106580002868194BF6F71EFB696911B1287E01F0E6
:1065900083FE2C68237BDA0703D510480021F9F726
:1065A0008BFD237B9B0703D504F25910FBF7A0FB5F
:1065B0000023237302B070BD94F89E10FE2901D011
:1065C000064891E7094B1E68002E8FD003F0B8FBF8
:1065D00002460B460148B04788E700BFB4EF0320EE
:1065E000855B03003D5C030019660300C4F50320CE
:1065F000024B1869003818BF01207047B4EF032020
:106600000022C281827490F84C3013B10221FDF750
:1066100073BD0321FBE7D4D42DE9F04FDFF85C868E
:106620000F46B8F80410D8F800408D0556BFB4F8EE
:1066300040200023013287B0814646BFA4F8403095
:1066400084F8E631A4F840202046FFF7A4FB38B1D7
:106650000B4604F5A87204F1A8012046FCF778FB6C
:10666000B8F8043003F4C06333B1A37C002B00F00E
:10667000A080032B00F0A380A27CB8F80430012A8C
:1066800003D1180544BF0222A274B9F1000F40F0F3
:106690004C8159065DBFB4F80022013292B24A46DD
:1066A000A4F8002203F00A020A2A0FD198F80C205D
:1066B000022A0BD123F008033846A8F80430FFF76C
:1066C0008DFB08233843C7B2A8F804303846FFF7DB
:1066D00085FBD8F810303843C7B2002B50D01422B5
:1066E000002101A806F0A6F894F8210102F068F84C
:1066F000054694F8210102F05BF805F5FA754FF4B0
:106700007A73B5FBF3F5B4F8AA30ADF8043005445C
:10671000E38894F82911D4F8C800ADF80830ADF832
:106720000A50FAF76CFB94F8C632ADF8060033B1A4
:10673000D8F808301A689B8804928DF814309DF8B8
:106740000C3094F8C52262F300038DF80C3001A8D8
:10675000D8F810309847049A002384F8C63284F899
:10676000C5326AB194F8C43253B9A37B372B07D032
:106770009DF8143023B11178FF2924D11B2B29D97E
:10678000D8F8006096F89E30FE2B49D1002F47D1F3
:10679000337C073B012B43D996F82C3113B396F881
:1067A0002D31A6F8447086F8A0300122022130462F
:1067B000E4E10121A1742046FDF79EFC5CE7022381
:1067C000A3740121F7E70729DAD1022BD8D1517838
:1067D000FF29D5D1012184F8C412C4F8C82284F855
:1067E000C732CDE796F80FA0AAF1100A5FFA8AFA2D
:1067F000BAF1100F40F255813368DA0702D53A46F4
:106800000921D4E79D0740F1EE803A460C2130463D
:10681000FFF793FA96F8533043F0010386F85330AC
:10682000B4F8E03194F8E3510133A4F8E031002DDD
:1068300000F0FA82F6F734FB10B10023A4F8E0313F
:10684000B4F8AA0000F0B2FCA37CB4F8DE60012B1F
:10685000824640F22883237C082B40F0FD82B4F866
:106860004030022B40F21F83B4F842500135ADB2E4
:10687000E388DFF818B42B44A4F8D831DBF80030F3
:10688000002B00F01483012E40F21183F6F7F8FA82
:10689000DBF80030E18802462046984700F1010B02
:1068A0001FFA8BFB94F8E431002B3AD1012D38D933
:1068B000E37B0BB10B2B34D1A37B93BB237C83BB3A
:1068C000A37C022B2DD194F8E63153BBD4F8C00041
:1068D000F4F7CFFC28B394F89E30FE2B21D1B4F806
:1068E000DA31012B1DD9B4F8E021B4F8D0309A4246
:1068F00017D2BAF1000F02D0BAF80E1089B99B1A5C
:106900009BB2013DADB2B5FBF6F59D4228BF1D46D9
:1069100016FB05B6003D18BF01251FFA86FB84F85B
:10692000E251E3889B44A4F8DCB1B8F80430D8F80D
:1069300000505E065FBFB5F8EC31B5F8DE219B185C
:106940009BB248BF0023A5F8EC3195F82C311BB958
:106950002B7C073B012B06D8B5F84430B5F8DE2177
:106960001344A5F8443095F84A1031B1B5F84630D3
:10697000B5F8DE211344A5F8463095F95020002AD9
:10698000C1BFB5F84E30B5F8DE011B18A5F84E3082
:1069900095F831306BB9B9F1000F40F0CF8298F81B
:1069A0000E30022B40F0868295F8A030062B18BFDF
:1069B000162395F8302022B9B04885F83130FBF71E
:1069C00089FD2846FFF71CFEAD4B1B681BB1AD4A85
:1069D000204611689847002384F84C3007B0BDE882
:1069E000F04FF9F7AFBD580702D53A461321DEE65E
:1069F000190706D596F8983086F8A0303A46072150
:106A0000D5E61A0602D500221B21D0E613F030028B
:106A100038D096F82F31002B60D196F82E31C3B1C3
:106A2000F37B292B06F1A80006F5977106F2D22216
:106A300026D0B37BA3F129056B426B41FBF7ACF881
:106A4000336823F0200343F010033360002386F8FB
:106A50002E313368DA0641D506F1A800FBF7E7F8D6
:106A600018B106F25910FBF743F9B6F80A31A6F847
:106A7000A030B6F80E31A6F8A2300022152196E615
:106A80000123DBE713F0400101D024218FE613F44A
:106A9000807202D00A461E2189E6DB041ED52C2115
:106AA00085E6D8F80050EB7B182B36D011D8112B87
:106AB00026D0162B28D0B37B002B72D1F37B103B52
:106AC000102B76D996F83E30002B72D0012212217D
:106AD0006DE6202BEFD13A46062113E0D8F80000EE
:106AE000C37B352B48D006D8262B4AD02F2BE2D19A
:106AF0000022202142E04E2BDDD100223C213DE04E
:106B00003A460B21284639E02846FBF7CBFE002801
:106B10003FF486AE00220421F4E795F8C032012B41
:106B200007D13A4605212846FFF707F985F8C072D4
:106B300076E695F8C032022BD9B27FF471AE95F8A3
:106B4000523053B1062385F8A0303A462846FFF765
:106B5000F4F8002385F8C032EAE7D8F8003040F2B4
:106B60000632A3F89A2095F8623013F0040F3A46E3
:106B70000CBF0D211121E9E700221121FFF7DDF8FB
:106B80004EE690F83831022B02D100221721F5E7AA
:106B900090F83831012B8ED190F83931002BF4D098
:106BA00089E7092B05D196F8993086F8A0300122A3
:106BB00025E7BAF1100F7FF633AED8F8005095F8FC
:106BC0000EA0BAF1000F40F0C48095F83F313BB100
:106BD00001220E212846FFF7B0F885F83FA1A7E76C
:106BE00095F83E3183B195F853A01AF0030B0BD101
:106BF00001220C2128464AF0010AFFF79EF885F889
:106C000053A085F83EB193E795F8403173B195F8FC
:106C10006930DB0902D001222B2173E71A4B1B6874
:106C2000002B00F096801548984792E095F82E3199
:106C300083B395F82F316BBBEB7B292B05F1A800B3
:106C400005F5977105F2D22222D0AB7BA3F129067C
:106C500073427341FAF7A0FF002385F82E31012219
:106C600014212846FFF769F8B5F80A31A5F8A030D5
:106C7000B5F80E31A5F8A230D2E500BFB4EF03207D
:106C80008CF50320E0990320ACF503209CF503204C
:106C90000123DFE795F83831012B6ED195F83931B2
:106CA000002B6AD1E87BA0F12403072B65D995F866
:106CB00020114B1EDBB2032B09D895F82121DFF8F8
:106CC00098C2013AD2B2032A1CF803E004D94FF467
:106CD0003F710620F3F718FEBEF1020F95F83A3126
:106CE00014D0BEF1030F13D0BEF1010F04D1012B5C
:106CF00014BF002301236BB9A0F14703012B28D94E
:106D00000A38042825D901221621FBE6022BEFE7D9
:106D1000042BF1D11CF8022095F83B31022A24D033
:106D2000032A24D0012AE7D1012B14BF0023012319
:106D3000002BE1D0EB88B5F83C0105F53472F9F78A
:106D40007FFA8246B0B901467F48F9F7B5F985F870
:106D500038A1B37B002B7FF463AD96F8C432002BCF
:106D60003FF45EAD0122FF2121E5022BDDE7042B7C
:106D7000E0D0C1E72C23AB7352E595F8423113B153
:106D800001222221BEE695F8413143B16F4B6E4896
:106D90001B689847FE280146DBD00122B2E695F831
:106DA0004A3113B101221D21ACE695F84B3113B1E4
:106DB00001222621A6E695F8CC3213B101223E210C
:106DC000A0E695F84C319BB1D8F800301021B3F80B
:106DD000AA00F4F7EBFC03699B0706D55C4B5A4805
:106DE0001B68984701223B218CE65A4B1B681AE727
:106DF00095F84E314BB195F8393133B9EB7B243BE3
:106E0000072B02D9012223217CE695F84D31012B75
:106E100005D1002385F84D310122252172E695F830
:106E20004D31022B95D1F4E7F6F724F808B1A4F818
:106E3000E051F6F73DF800283FF402AD94F8E63152
:106E40000133DBB2022B84F8E63182BF0023A4F8C1
:106E5000E03184F8E631F3E494F83E3013B1A37BDB
:106E60000F2B20D1B4F84250B4F840300135ED1A60
:106E70002046B100A5EB8605FEF78DFFA8B1A36BF8
:106E8000626B01339B1A5B1A9D42A8BF1D46BAF183
:106E9000000F05D0BAF80E30043B9D42B8BF1D4626
:106EA000012D3FF7E4AC0125E2E42B46ECE74FF07F
:106EB000010BF7E4012B08D16B7C002B7FF479AD3B
:106EC00000212846FDF718F97EE55FB1F80633D4B6
:106ED000390733D4BA0633D4BB0733D14FF4316109
:106EE0003120F7E639B1B5F84610B5F84830994287
:106EF00001D322235DE5002A05DDB5F84E20B5F863
:106F000048309A42F5D2B5F84420B5F842309A425A
:106F100009D2AA7CB5F8403052B1B5F842209A4265
:106F2000CED8082345E595F82C31002BE1D1F0E7C8
:106F3000052BC5D93E233CE51E233AE53D2338E524
:106F4000232336E52A2334E5B4EF03206CF5032030
:106F5000B8F50320C0F503205859040038B504469D
:106F60000846E37B162B09D0A3F118025342534184
:106F700094F8C02222B10C25284638BD0123F7E73A
:106F8000002BF8D094F8F03203F0FF05002BF2D17B
:106F900090B194F8FE3123B940F66C313120F3F70B
:106FA000B3FC052304F1800204F5F77105F032FA11
:106FB000012384F8C032DFE70223FAE773B5044601
:106FC0000190D4F8C830D0F8D802984214D1D4F83F
:106FD000DC62D4F8D030F61A18BF012694F8E432F7
:106FE000002B3FD0B4F8AA0000F0E0F830B940F62A
:106FF00068513120F3F788FC0126EFE7B4F8E0226E
:10700000B4F8DE309A421AD1B4F8E23282899B1A7F
:1070100018BF0123A57B472D15D0E27B472A10D04E
:107020000025B4F8DE22D4F8D81201A8F9F73CFF05
:1070300095B30023A3730323A37402B070BD01238F
:10704000E8E73343ECD0154B1B6813B940F6735196
:10705000CFE7A5F1470255424FF0000101A8554185
:107060009847DEE7002EDBD0B4F8AA3094F8291157
:10707000A4F8A131F9F7C3FEB4F8DC32A4F8A531C5
:10708000B4F8DE32A4F8A3010549A4F8A73104F24C
:107090009710FAF7F9FCC3E7E573CCE7A8F50320EE
:1070A0005B26030008B5FAF7EFFF024B024A1A60AD
:1070B00008BD00BF70F50320755C0300FAF7F8BF48
:1070C00010B50446FCF752F8226A236C9A4228BF96
:1070D0001A4600F59F711046FAF794FEB0F5296F35
:1070E00028BF4FF4296080B210BD70B50D46042151
:1070F0000646F4F75BFB044648B906213046F4F730
:1071000055FB20B115B190F8E53003B9044620468F
:1071100070BDD4D4014B1874704700BF60F00320D9
:1071200007B57F230DF107008DF8073001F0ECF86B
:1071300003469DF9070053B1094B5B785B4240FA67
:1071400083F0142806DC10F17F0F05DB40B203B09A
:107150005DF804FB1420FAE76FF07E00F7E700BF4C
:10716000CEF00320024B00221A705A70704700BF05
:10717000CEF003201D2310B503700446F8F7ACFED3
:107180006070022010BD1E2310B503700446F8F78E
:10719000A3FE6070022010BD012343800380002302
:1071A0008380C3804FF44863038170470E21F4F756
:1071B000FDBA73B501A90546F9F744FE044618B1B6
:1071C00021215420F3F7A0FB2846019EFFF7EEFF94
:1071D00030B10123A6F8DE30848144810482C48169
:1071E00002B070BD3C2303804FF4FA434380012377
:1071F000C38083800023038143814FF448638381EC
:107200007047D4D4014B1870704700BFD0F00320F2
:1072100008B500F04BFB00F0CDF800F005F8BDE834
:10722000084001F07DBBD4D4034B00214FF48052C1
:107230001970A3F801207047D4F0032070B50646FA
:10724000022014460D4600F0C3F8064B01221A70C6
:10725000054B033CC3F81045C3F80865C3F8045553
:1072600070BD00BFD4F0032000F0004008B502203C
:1072700000F0AEF809480A4B0A494FF0010C80F8BB
:1072800000C000224FF40000C3F80021C3F804211D
:10729000C3F80821C1F8040508BD00BFD4F00320DD
:1072A00000F0004000F00140114B1A786AB1114A19
:1072B00011494FF40000C2F80805D1F800213AB98D
:1072C0001021002099705A701870002000F080B8CA
:1072D000D1F80421002AF3D0D1F8082122B9D1F83D
:1072E00000140122C9B2ECE710210022E9E700BF37
:1072F000D4F0032000F0014000F0004008B5114B2D
:107300001A7892B1104AC823D2F8001141B1D2F8CC
:10731000040120B1D2F80801B0FA80F0400908BD9C
:10732000013B13F0FF03EFD102E05878022804D1AB
:107330000620FAF773FB002008BD431E584258414F
:1073400008BD00BFD4F0032000F000400A4B1A78BB
:107350007AB10A4BD3F800214AB1D3F8042132B1F3
:10736000D3F808211AB9D3F80004C0B2704710202E
:1073700070479878704700BFD4F0032000F00040B9
:1073800008B50A4BD3F80025032A04BF01229A60EE
:107390000022C3F80025C3F8002501F0E9FB044BE7
:1073A0004FF40002C3F8082508BD00BF00F00040FC
:1073B00000F00140054B4FF40042C3F88020BFF3BA
:1073C0004F8FBFF36F8FFFF7DBBF00BF00E100E01F
:1073D00010B50446FFF7D4FF012C06D0022C0CD0C8
:1073E00054B18C213D20F3F78FFA0B4B0222C3F8E6
:1073F00000250A4AC3F8142510BD074B0322C3F821
:107400000025064AC3F8142503F580334FF4000223
:10741000C3F80425F0E700BF00F00040D7F00320D8
:10742000EFF3108272B60F4B93F8451011B9C2B941
:1074300062B670475B78012B10D0022BF7D183071F
:10744000F5D40948094B10B401210024C0F8404587
:10745000196102B962B65DF8044B70474107E6D482
:10746000EFE77047E8F10320008000400010004083
:1074700010B504463948631E0472072B68D8DFE84C
:1074800003F0494E5358675D6204354B0F22C3F831
:1074900010258389B3F5166F3ABFA3F6381343F46A
:1074A0008072A3F516622E4B01F07F01C3F8082508
:1074B0000022C3F85415C3F81C21D3F80022082C6D
:1074C00042F488724FF0FF0180F82F10C3F80022B9
:1074D0000ABF40F2022140F20311224AC3F83415D8
:1074E00018BF40F25B62C3F838251F48214601F0FF
:1074F00059FC204601F0F6F91C4B1B68062B08D0FE
:10750000013306D0164AD2F8683543F4C023C2F8D6
:10751000683510BD124B0322C3F81025B9E7104B94
:107520000422C3F81025B4E70D4B0522C3F810253B
:10753000AFE70B4B0622C3F81025AAE7084B002241
:10754000C3F81025A5E7064B0122C3F81025A0E7D4
:1075500040F645513E20F3F7D7F900BFE8F103208C
:10756000001000402110010015F2032078F70320DD
:1075700030B5364C431E83B02072072B5CD8DFE851
:1075800003F03D42474C5B515604314B0F22C3F888
:107590001025A3892E4DB3F5166F3ABFA3F6381305
:1075A00043F48073A3F51663C5F8083501F07F0333
:1075B000C5F8543594F9092001AB01F027FD9DF879
:1075C000050005F0CDFA00283BD19DF904001F49C4
:1075D00001F0FEF8237A1D48082B07BF1D4B40F22F
:1075E000022240F2031240F25B63C5F83425C5F86D
:1075F000383503B0BDE8304001F07ABB144B0322AC
:10760000C3F81025C5E7124B0422C3F81025C0E7C4
:107610000F4B0522C3F81025BBE70D4B0622C3F81C
:107620001025B6E70A4B0022C3F81025B1E7084B36
:107630000122C3F81025ACE740F645513E20F3F790
:1076400063F940F2E3513E20F3F75EF9E8F10320DD
:1076500000100040211001002DE9F043061E83B008
:1076600014BF0220042000230F4690468DF804002A
:107670008DF8063002F066FB01284FF0FF3088BF1E
:1076800000208DF8050001A805F002FA002840F05E
:10769000E0807A4D012385F8453002F013FA044664
:1076A0000028FAD0764B4FF40022C3F80825002EAC
:1076B00041D195F82A304FF0010985F80190002B4F
:1076C00054D095F82C30002B5BD16E4B6E4A33F8BA
:1076D00018106E4B01F5FA71A3FB0131684BA7EB53
:1076E0009111C3F8AC252B6A694A6A4F95F82B00B3
:1076F00043F400232B622B691944614BC2F84015F7
:10770000C3F8A875012785F82A704FF40027C3F83D
:107710000475002854D095F82C00002843D05E480A
:10772000C3F8AC05D2F84031002B49D000242046E4
:1077300003B0BDE8F083012E40F0908095F82A3028
:1077400002226A70002B6AD095F82C3023B34E4B7E
:107750000022C3F81C21D3F8002242F48872C3F837
:107760000022FF23394685F82F30BCE7A97A40462E
:10777000FFF7FEFE95F82C30002BA6D0424BC3F845
:107780000090464B33F81810404B01F5FA71A3FBFB
:107790000131A7EB9111A6E7394B414AC3F8AC255B
:1077A000A7F129019FE7384BD3F8002242F00102EC
:1077B000C3F80022D3F8503503F0F603022BB5D0FE
:1077C000334B0122DA64D3F84C358B42AEDAEB89C5
:1077D000952B0BD9002E2DD0324B2931D96018466C
:1077E000314905F0ABF9431C012B41D801A805F044
:1077F0005BF9002837D16B789DF80420012B0BD062
:10780000022B94D1930792D421491F4B00200122CF
:10781000C1F840051A618AE7520788D4F4E7A97ACB
:107820004046FFF725FE95F82C30002BB4D0164BC0
:107830005E608CE71B4B2831D96018461A4905F069
:1078400077F9431C012BD1D940F2C2613E20F3F7F6
:107850005BF840F65C313E20F3F756F840F6340111
:107860003E20F3F751F840F69F313E20F3F74CF8F5
:1078700040F2CC613E20F3F747F800BFE8F1032067
:1078800000F00140605A040000100040D34D621027
:10789000008000404081004008100040745A0400FD
:1078A00004100040EC990320B4590400482210B59C
:1078B0000021174804F0BEFF164801F041FA164BAC
:1078C0001A68102A13D80123934013F4A2341BD151
:1078D00013F4045F0BD011484022FF2104F0AAFFEB
:1078E0004FF08043C3F8084EC3F8104E10BD0B484C
:1078F0003822FF2104F09EFF4FF080430022C3F89E
:10790000082EC3F8102E10BD04482422F1E700BF52
:10791000E8F1032015F2032078F70320000E004061
:10792000014BD881704700BFE8F10320024B0122D0
:1079300083F82C20704700BFE8F10320024B03447A
:10794000187E00F516607047B4590400014B187F8B
:10795000704700BFE8F10320024B98691B69C01A09
:10796000704700BFE8F1032010B50D4A0D4B117FA1
:107970005469126903EB8103A41A186C0A4B0B4A71
:1079800053F8213003F2F313A2FB0323241AA4EBD0
:10799000931402F0D5F9201841F1000110BD00BF89
:1079A000E8F10320B45904004C5A0400D34D62108E
:1079B000FF2808B531D81B4B01391885072922D873
:1079C000DFE801F0041D16162104041A164A4FF4CC
:1079D0004031164B084340F00070C3F81425C3F83B
:1079E0001805D3F8503503F0F703032B10D008BD6A
:1079F0000F4A4FF44031ECE70E4A0021E9E70E4A06
:107A00004FF44031E5E74FF44F713E20F2F77CFF31
:107A100040F256313E20F2F777FF40F2CB213E2074
:107A2000F2F772FFE8F10320080110000010004097
:107A30000801906308000006080110011E4AD2F8F0
:107A4000003223F0020343F4801310B5C2F8003271
:107A50001A4C1B4BC4F8A03503F5DE431C33C4F8A5
:107A6000A4354FF48023C4F804350378032B1DD1CB
:107A70004378144C0129D2F81415606803F03F03D1
:107A800021F4702143F40C3340F0030043F42073DD
:107A900008BF41F400216060C2F81415C2F8000963
:107AA000C2F81039012384F8443010BD40F2AB31E4
:107AB0003E20F2F729FF00BF0010004000F0014017
:107AC0002C110040E8F103200B4B1B68062B02D061
:107AD000013300D07047094B1B68063B0833F9D9C6
:107AE000074AD2F8743723F0807323F0010343F080
:107AF0008073C2F87437704778F703207CF703204F
:107B000000100040224B2DE9F0410227C3F880709D
:107B1000BFF34F8FBFF36F8F01F0CCFF044602F02D
:107B20000FF91C4D001B1C4C00264FF00108206172
:107B3000C5F8FC6FC5F8FC8F01F07CF8174AC5F852
:107B40003085107C40F20122C5F85026C5F800723D
:107B500005F02EF8124A1349A683A661668584F8BB
:107B60002C6084F84460C2F80415D5F80019084B5D
:107B70006160A26CC3F880719621E1811021C5F883
:107B800004131F6002B19047BDE8F04104F0C4BF88
:107B900000E100E000100040E8F10320EC99032030
:107BA00000F001400000020C014B5872704700BF0A
:107BB000E8F10320034B020E0002C3F82425C3F8AA
:107BC0001C05704700100040044B054A03449072A6
:107BD0001B7E03F516639381704700BFB459040000
:107BE000E8F10320F0B5674C94F82B3083B0002BFC
:107BF00000F0B380002814BF0222042200230546AF
:107C00000F468DF804208DF8063002F09BF801280D
:107C10004FF0FF3088BF00208DF8050001A804F068
:107C200037FF002840F09480574A84F82C00012345
:107C300084F8453084F82A30D2F8003243F001034A
:107C4000C2F8003201F03EFF0028FBD0002D58D0D2
:107C5000012D0AD04D4BD3F84C65E389952B21D9E2
:107C60004FF4DA613E20F2F74FFE0223A17A6370EF
:107C70003846FFF7FDFB6378022B7DD1434B424A28
:107C8000DD645560D3F84C65E389952B0AD9404AE9
:107C9000404906F129031046D36004F04FFF01303C
:107CA000012864D801A804F0FFFE00285AD16378A7
:107CB0009DF80420012B1DD0022B08D1930706D478
:107CC000324A314B0021C2F8401501221A61236962
:107CD000F61A1DB106F1290003B0F0BD2E4B2F4A54
:107CE00033F8173003F5FA73A2FB032306EB931066
:107CF00003B0F0BD5207E3D52369F61A002DE9D190
:107D0000ECE70123A17A63703846FFF731FC637812
:107D1000012B18D11D4A1C49D3640B60E389D2F8AA
:107D20004C65952BBED91A4A1A4906F1280310460C
:107D3000D36004F0FDFE01300128B3D940F2C261E6
:107D40003E20F2F7E1FD4FF4E9613E20F2F7DCFD61
:107D500040F65C313E20F2F7D7FD40F206713E203E
:107D6000F2F7D2FD40F69F313E20F2F7CDFD40F212
:107D7000CC613E20F2F7C8FD40F251713E20F2F78F
:107D8000C3FD00BFE8F10320001000400080004068
:107D9000EC990320B4590400605A0400D34D6210DA
:107DA00008B5FFF759FC00B108BD054B0549012294
:107DB000C1F840051A610220BDE80840F9F72EBE5F
:107DC0000010004000800040F8B51D4D6B7F8BB364
:107DD00004461646084654B1012C1BD000202969E0
:107DE0003246411A2046FFF737FC40B1F8BD012B5F
:107DF000AF69297F16D000F0F3FC3844EFE7114B50
:107E000011490122C1F840051A610220BDE8F8407D
:107E1000F9F704BE012BAF69297F07D000F014FDEC
:107E20003844DCE700F0FEFC3844D8E700F0E6FC1C
:107E30003844D4E740F6C1013E20F2F765FD00BFAB
:107E4000E8F103200010004000800040F0B5474AF0
:107E5000474F484C484ED2F8045302214FF0FF30B0
:107E600083B00023C2F80803C7F88011C2F80012DB
:107E70004FF46021C6F84035C4F80815D2F8501503
:107E80003E4CC9B205F01005638584F82C300029FA
:107E900038D1E389952B04D96378012B5CD0022B70
:107EA00050D0324E36480027C6F81071394600F0DF
:107EB0004BFF94F844302780EBB1D6F800322D4ABE
:107EC00084F8447023F4801343F00203C6F80032B0
:107ED0004FF48023C2F80835D6F81425636822F4DD
:107EE0007022C6F8142523F00303264A6360C6F8FF
:107EF0000039C6F810291DB11C4B1022C3F8042309
:107F000003B0F0BD01218DF80700C2F810311161F6
:107F10009DF807304BB90CE09DF80730013BDBB210
:107F20008DF807309DF807301BB1D2F81031002BC7
:107F3000F2D09DF80730002BABD140F6FF013E2078
:107F4000F2F7E2FC04F006FE01300128A9D940F660
:107F500017113E20F2F7D8FC04F0F6FD013001289D
:107F60009FD940F611113E20F2F7CEFC00100040E0
:107F700000E100E000F0014000800040E8F1032053
:107F800015F2032080320200264B10B50022264C49
:107F9000C3F84825C3F84425C3F84025C3F84C2549
:107FA000FFF754FF04F0BEFD94F8453023B104F010
:107FB00075FD68BB84F84500002004F07BFD60BBC4
:107FC000226A1A49174B42F0446242F40032C1F867
:107FD0000825174AE07002212062C3F84805606155
:107FE000C3F84405A061C3F84005C3F84C05C3F8C5
:107FF0004801C3F84401C3F84001C3F84C01C2F87A
:108000008010BFF34F8FBFF36F8FC2F8801110BD88
:1080100040F2AE413E20F2F777FC40F2B1413E2003
:10802000F2F772FC00800040E8F1032000F001400C
:1080300000E100E0F8B52B4C2378B3B188B9667F36
:10804000E0895F1E18BF0127002E46D0012BA569CD
:10805000217F13D0012EA2783BD000F0F5FB41190F
:1080600011E0BDE8F840FFF7F1BE94F82C206370F2
:10807000E3701AB31C4AC2F84031F8BD012E21D07A
:1080800000F0AEFB4119206994F82C300022091A47
:108090002280DBB1144BC3F84021A2783846FFF7A9
:1080A000DBFA0028E9D1114B0F490122C1F8400544
:1080B0001A610220BDE8F840F9F7B0BC628584F887
:1080C0002C20F8BD00F0AEFB4119DCE784F82A3023
:1080D000E3E700F093FB4119D5E740F6C1013E20EC
:1080E000F2F712FCE8F1032000800040001000408D
:1080F000014BC3F83C0570470010004010B5044622
:10810000074804F0D7FC28B994E80F00054C84E830
:108110000F0010BD40F668113E20F2F7F5FB00BFDE
:108120002174030034F20320174B184A93F82A10E5
:10813000C2F804054FF0010C83F82BC0586209B354
:1081400093F82C3093B102F5F0321149114BC2F87B
:10815000AC15D3F84031ABB10E490C4B00200122D5
:10816000C1F8400503201A61F9F758BCD2F8003273
:1081700043F00103C2F80032D2F8503503F0F603A1
:10818000022BE9D0704700BFE8F103200010004047
:10819000081000400080004038B5174B19699A69F3
:1081A000084482421DD215490124DC704C64D1F888
:1081B00044250532824205D3114BD3F8042102B97C
:1081C0001C6138BD1A6A0F4C0025C1F8445142F4B5
:1081D0008002C1F844054FF480011A62C4F8041506
:1081E00038BD0220F9F71AFC0449054B0020012292
:1081F000C1F840051A6138BDE8F103200080004055
:108200000010004000F0014038B51F4C94F81DC02C
:10821000217F227ABCF1010F0346E08923D000F0D0
:1082200041FBA3691844834223D2184A0121E1701B
:108230005164D2F844350533984205D8144BD3F82D
:10824000042102B9196138BD236A12490025C2F818
:10825000445143F48003C2F844054FF48002236282
:10826000C1F8042538BD00F0FFFAA3691844834221
:10827000DBD30220F9F7D2FB0449054B0020012291
:10828000C1F840051A6138BDE8F1032000800040C4
:108290000010004000F00140C30003F1804303F5EB
:1082A000F83310B4084A094CC3F81025012202FA29
:1082B00000F0226AC3F81415054B024322625DF8F0
:1082C000044BC3F80405704704110040E8F1032093
:1082D00000F00140044BC3F86005D3F8002242F0DF
:1082E0004002C3F80022704700100040054BD3F84D
:1082F0000022002122F04002C3F80022C3F86015DA
:10830000704700BF001000400F4AD2F81C314BB933
:108310000E4A92F82F20FF2A17BF524218460270C9
:1083200001207047D2F8483503F07F0300215B42FB
:1083300082B00370C2F81C11D2F81C310193019B6A
:10834000012002B0704700BF00100040E8F1032098
:1083500030B5304C83B094F82C30A17020BB012292
:10836000227023B3237A99424ED12B4D94F90920E0
:10837000D5F8003243F00403C5F80032084601ABDB
:10838000A17A00F043FE9DF8050004F0E9FB002807
:1083900035D19DF90400214600F01AFA204603B0B9
:1083A000BDE8304000F0A4BC022222700BB903B03B
:1083B00030BD237A8B4227D1174A0128D2F80032E8
:1083C00018D143F00803C2F80032144800F0EAFC68
:1083D000207A00F087FA124B1B68062BE7D0013396
:1083E000E5D00D4AD2F8683543F4C023C2F86835A9
:1083F00003B030BD43F00403C2F80032E5E740F2B9
:10840000E3513E20F2F780FA40F6C7213E20F2F712
:108410007BFA00BFE8F103200010004015F20320B2
:1084200078F7032010B5244C94F82C3082B0002B40
:108430003AD0224A94F808C0D2F8003201281BD062
:1084400043F00403C2F80032D0B994F90920A17AAC
:1084500001AB604600F0DAFD9DF8050004F080FBFA
:1084600020BB9DF90400214600F0B2F9204602B07D
:10847000BDE8104000F03CBC43F00803C2F80032F5
:108480000F48614600F08EFC207A00F02BFA0D4B6D
:108490001B68062B08D0013306D0084AD2F868358D
:1084A00043F4C023C2F8683502B010BD40F2E35176
:1084B0003E20F2F729FA00BFE8F103200010004047
:1084C00015F2032078F70320054B064A0021C3F874
:1084D0004015D2F85035DBB20BB101231361704760
:1084E0000080004000100040034B93ED0E7B1B6C9E
:1084F00080ED007B0B607047E8F103202DE9F0412F
:1085000001F0DCFAA44BA54C0122DA64D3F84C3517
:108510002364C4E90E0104F1200104F12D0000F0F0
:108520007FFC08B1BDE8F081E389952B054606D9AB
:108530006378012B00F0A780022B00F0AF809848F1
:10854000236AC0F808350021964BC0F8AC152162AB
:10855000D3F8002284F82B1022F48E7222F001024C
:10856000C3F8002294F84420E2B1D3F8002284F842
:10857000441022F4801242F00202C3F800224FF4A9
:108580008022C0F80825D3F81415626821F4702100
:1085900022F00302C3F814156260C3F80029824A6E
:1085A000C3F810297C4A6778D2F84815A16167772B
:1085B000D2F844157B4B61610026022FD3F80C01E1
:1085C000D3F81011C3F80061C3F80C61C3F810614F
:1085D000C3F80461C3F80861C3F86C610CD0012FC3
:1085E0003FD000299ED02378002B62D0FFF72EFCCD
:1085F000A36DBDE8F0411847E37813B1D2F84431D8
:1086000033BB002868D100298CD02378002BEDD112
:1086100094F82C306070E070002B00F0AB805E4B63
:10862000C3F84001E4E71A0705D013F0F00F02D0B9
:1086300013F4706F5BD15B49C3F30442012AD1F894
:10864000541454D1012952D0C3F34253022B4ED8B3
:108650002378002B36D0FFF7F9FBE36CBDE8F0413F
:108660001847237A237700285FD100293FF45AAFB7
:108670002378002B6AD0FFF7E9FB0021636D0846E1
:10868000BDE8F041184704F05FFA013001287FF699
:1086900056AF40F611113E20F2F736F904F05AFABF
:1086A000013001287FF64BAF40F617113E20F2F75C
:1086B0002BF994F82C106370E37000293ED0C2F8B7
:1086C000403195E794F82C206370E370002A39D08C
:1086D000314AC2F84031C0E7344B1B68062B06D044
:1086E000013304D02F4BD3F85034D9019BD4237AD3
:1086F000268D002B4BD0DA1E012A2FD9012700200E
:108700002377FFF797FC274BD3F8000410F0010004
:1087100006D0636A5B78B3428CBF002007F001008B
:10872000236D2946BDE8F04118473046FFF782FC2B
:10873000636D39463046BDE8F0411847618584F8DD
:108740002C1055E7628584F82C2086E794F82C10CD
:108750006370E37091B1C2F840318EE7114BD3F8EA
:10876000143413F006030DD0022B0ED00027012580
:108770000323C4E7608584F82C0039E7618584F819
:108780002C107AE703230127B9E70423B6E740F268
:108790004D213E20F2F7B8F800800040E8F10320B8
:1087A00000F00140001000408032020078F7032002
:1087B000024B03EB8003186C704700BFB4590400F0
:1087C000024B03EB8003586D704700BFB45904009F
:1087D000024BC0B2C3F80C05704700BF0010004048
:1087E00010B504460846FFF7EBFF034AA2FB002042
:1087F000A4EB901010BD00BFD34D6210074A4FF498
:108800007A7332F9112003FB00F000F2E730044BD9
:108810001044A3FB0030800902387047385A040026
:10882000D34D6210064B074A33F911104FF47A7397
:1088300000FB03300844A2FB00208009704700BF02
:10884000385A0400D34D621010B504460846FFF7AD
:10885000B7FF044A00F2E733023CA2FB0320A4EB7B
:10886000901010BDD34D621038B50C4C34F9111076
:1088700004EB82041D4664690C4404F6B7344FF4DB
:108880007A7101FB004406491046A1FB0414FFF76E
:108890008FFFA40905352544284438BD385A040003
:1088A000D34D621038B5054608461446FFF788FFD9
:1088B0000A4B03EB8403024620465C69084B4FF4E5
:1088C0007A7104F6B73401FB0544A41AA3FB0434FF
:1088D000FFF76EFFA4090530204438BD385A040064
:1088E000D34D62100C4B1B68082B00D070470B4A0D
:1088F0000338D2F84037012823F0004302D9C2F8E8
:108900004037704723F47F4343F0004343F444432C
:10891000C2F84037704700BF78F7032000100040CE
:10892000024B00221A705A709A70704744F203206A
:108930002DE9F04F83B005469DF83CA09DF830909E
:108940009DF84080494C1E460120BDF83830019307
:108950008B461746FEF73CFD05F00303DFF820E1E8
:1089600084F803A043EA0A4343F08073CEF8043549
:10897000DBF80410DBF80820DBF80C30DBF8000033
:1089800004F1040BDC46ACE80F00C4E905760D9B4E
:1089900084F81C90364A19685B68CEF808B5C4F8AC
:1089A00021301368C4F81D10062B08D0013306D0FF
:1089B000DEF81835019961F30703CEF818352D4B11
:1089C0002D49C3F8081515F0FB0F16D0B8F1020FAA
:1089D00047D813680D2B1DD1284A294B12F80820BF
:1089E000C3F82025012D1FD00123022D637084F8C8
:1089F000255023D903B0BDE8F08F2249C3F898155C
:108A0000B8F1020FA1F1FC01C3F89C1529D8136835
:108A10000D2B1FD0102BDFD0B8F1000FE2D04FF498
:108A2000BF713C20F1F770FF124B1749174AC3F88A
:108A3000981584F82550C3F89C256570104B0122C9
:108A400000212270C3F80011C3F800121A6003B0AD
:108A5000BDE8F08F094A0A4B12F80820C3F8202518
:108A6000C2E74FF4BA713C20F1F74EFF44F2032005
:108A700078F7032000F0014000000202885A040049
:108A800000F0004000F10040501100400CF00040A8
:108A90001A4A537870B563B3194BC3F80C15C3F871
:108AA000100592F8255001249470B5B91278E2B1FE
:108AB000144AC3F804514FF40035C2F80455D3F8F2
:108AC000006116B15C60C2F808550B7803704B78F2
:108AD000043343708B78837070BD00211470C3F829
:108AE0000411C3F800421C6070BD97213C20F1F7CF
:108AF0000BFF4FF4D5713C20F1F706FF44F2032041
:108B000000F0004000F0014008B5144B5A7802B361
:108B1000134AC2F80C151978C2F810054FF0010C71
:108B200083F802C089B10021C2F80411DB78023B4E
:108B3000012B05D80B480323C0F85011C2F81C358F
:108B4000094B0A4AC3F8042508BDBA213C20F1F7B5
:108B5000DBFE4FF4DF713C20F1F7D6FE44F2032038
:108B600000F000400010004000F001400000020250
:108B70000A4B1A786AB10A490A48C1F80805002266
:108B8000C1F89825C1F89C25C1F89825C1F89C2505
:108B90001A7000225A709A70704700BF44F2032086
:108BA00000F0014000000202F8B51B4B1B786BB3CC
:108BB0001A4CD4F8043113BB194B0222C4F8042315
:108BC0001F691A6942F010021A61D4F8043107F0E3
:108BD000100753B9134E4FF40045C6F8805103F007
:108BE0003DFDD4F80431002BF7D027B90C4A1369A6
:108BF00023F010031361094B0222C3F80823074B2B
:108C0000D3F80004003818BF0120F8BD4FF4F2710A
:108C10003C20F1F779FE00BF44F2032000F0004051
:108C200000ED00E000E100E0014B01229A60704796
:108C300000F000402A4A1368062B10B51DD00133FE
:108C40001BD0284C284BC4F8783703F09BFF38B171
:108C50004FF08053D3F83033591C18BFC4F84C3749
:108C60004FF010231B6E5A1C06D01E49D1F88C25DC
:108C700063F31742C1F88C2510BD1C490B68063BF5
:108C8000083320D91748D0F83C3723F0004323F0AD
:108C9000FF0343F0004343F09603C0F83C371368EA
:108CA000062B0DD10B68063B0833CAD90D4AD2F802
:108CB000403723F47F4343F4B053C2F84037C0E752
:108CC0000133EFD0BDE70748D0F83C3743F4806369
:108CD000C0F83C371368062BD4D00133D2D0B0E7AC
:108CE00078F70320001000402C0000897CF7032057
:108CF000104B1B68062B02D0013300D070470E4B7F
:108D00001B68063B0833F9D9027A0C4B0B49D3F8A0
:108D10008835022A4FF0805223F4FE43D2F82023F4
:108D20000CBFC2F30662C2F3062243EA0223C1F873
:108D30008835704778F703207CF703200010004047
:108D400045F6FF7343807047D1B1154AD2F83C37DE
:108D500023F0004323F0FF0343F0004343F07D037F
:108D6000C2F83C37D2F87C3723F0004323F070037D
:108D700043F0004343F06003C2F87C374170704712
:108D8000074BD3F83C2722F00042C3F83C27D3F826
:108D90007C2722F00042C3F87C274170704700BF57
:108DA000001000401C4B1B68082B00D07047033993
:108DB00001290FD9194BD3F83C2722F00042C3F800
:108DC0003C27D3F87C27002122F00042C3F87C27FF
:108DD00041707047114A0121C2F80413D2F83C37A0
:108DE00023F0004323F0FF0343F0004343F07D03EF
:108DF000C2F83C37D2F87C3723F0004323F07003ED
:108E000043F0004343F06003C2F87C374170D16304
:108E100011640170704700BF78F703200010004014
:108E200003460078002863D0F0B5744AD2F80441B4
:108E3000D2F810512C4383B05BD1D2F80051002DF1
:108E400066D0C2F8004101245461FF240094009CC4
:108E50002CB908E0009C013C0094009C1CB1D2F8A5
:108E60001C41002CF6D0009A002A00F0C180634A11
:108E7000DD78D2F8484504F07F04A542C0F08C802C
:108E80005E4A9C7001230024C2F81C41C2F80833DA
:108E9000136493635A4B594C01228025C4F8045340
:108EA0001A64D3F84025D3F8446502F56A521832A3
:108EB00096424BD9D3F8402502F51C5210320025BA
:108EC000C3F8402504F5F034C3F84051A3F5DF435F
:108ED0004C4AC4F8A8256C3BC4F8AC354FF40023C9
:108EE000C4F804350B6843F400230B6003B0F0BDF5
:108EF000704780244449C2F80843B5FA85F04FF41E
:108F000000240022C1F8084540091A7003B0F0BDE2
:108F1000D2F848455F7804F07F049C70C2F81C5179
:108F2000DE7837BBA642D2F8742544D894B20F2C11
:108F300002D9B2F5003F3ED3304B01221A649A6346
:108F40002E4BD3F81C310193019BA3E72E4900223D
:108F50004FF40026C3F84025C3F84021C4F8085355
:108F6000C1F80865C3F84021C4F80853C1F8086582
:108F7000CCE7A642E4D2D2F83C4724F00044C2F841
:108F80003C47D2F87C4724F00044C2F87C475D702F
:108F9000012313649363D3E7D2F83C5725F00045CF
:108FA000C2F83C57D2F87C5725F00045C2F87C57F0
:108FB00000225A7064E7114CD4F83C2722F000429A
:108FC00022F0FF0242F0004242F07D02C4F83C274A
:108FD000D4F87C2722F0004222F0700242F00042D6
:108FE00042F06002C4F87C2701225A702264A7E78D
:108FF0004FF4EE71AF20F1F787FC00BF0010004086
:10900000008000404081004000F001402DE9F04F19
:10901000454C85B0054698460E46174600F094F834
:109020002378AB42814602D16378B3423CD0082D0D
:109030001BD18DF80F70BB464FF0040A3046FEF787
:109040007DFC00210346009152465846414603F0FC
:109050008DFDB8F8003025706670A380A071A770F0
:1090600084F8039005B0BDE8F08F05F1FF3ABAF13E
:10907000060F50D8DFE80AF0044235284F040400F8
:109080000DF10F033A463146002000F063F8002846
:1090900046D19DF90FB0BAF1060F3CD8DFE80AF0CF
:1090A00011382B1E3B11110094F90230BB42BED186
:1090B000E3788342BBD1A38894F90600A8F8003076
:1090C000D0E74FF0000AB9E70DF10F033A463146F9
:1090D000032000F03FF89DF90FB008BB4FF0030AE2
:1090E000ACE70DF10F033A463146022000F032F8AA
:1090F0009DF90FB0A0B94FF0020A9FE70DF10F03E1
:109100003A463146012000F025F89DF90FB038B9F4
:109110004FF0010A92E740F289410620F1F7F4FB93
:109120004621A920F1F7F0FB049A0320014B1860B7
:10913000998070476CF20320024BD86019745A82F0
:10914000704700BF98F20320014B187D704700BFA5
:10915000C8F50320042810B511D883B104280CBF2A
:1091600010242824A1420AD2064C54F8200018B139
:1091700041568A42A8BF0A461A70002010BD6FF0FF
:109180001500FBE7C8F5032030B50346114890F9F8
:109190001C209A4219DD90F924209A4217DA9A1A73
:1091A000846AA05C0C4A15569D420DD00E320029EF
:1091B00018BF01309442C0B206D129B1013BDBB2E5
:1091C000012B01D80130C0B230BD0D20FCE70020DA
:1091D000FAE700BFC8F50320965A040008B5054B0E
:1091E00093F91C30984203DAFFF7CEFF024B1B566F
:1091F000184608BDC8F50320965A040008B5184B58
:1092000093F82C20FAB9012283F82C20154A126811
:10921000A2F10800082803D813490141C90709D55C
:10922000911F092910D9013212D04FF4DF71742037
:1092300002F08AFF0D4A9A62D8221A6283F824202B
:1092400008229A611A7708BD094A0A41D207ECD46C
:10925000084A9A62D8221A6283F824200422F0E78E
:10926000C8F5032078F70320DEFEFFFFD15A040083
:10927000EEFCFFFFA45A0400C0B208B520B94FF0BD
:10928000804301221A6008BD4D21B52002F05CFF29
:1092900010F0FF0008B508D14FF0804301225A605A
:1092A000C3F80001034B187008BD7C21B52002F003
:1092B0004BFF00BFF5F50320014B01221A707047E8
:1092C000F5F5032008B548B94FF08043D3F80031D5
:1092D00013B9044B187808BD0120FCE7C221B52062
:1092E00002F032FFF5F503200020FFF7EBBF4FF04F
:1092F0008043D3F8080400F0010070474FF080432A
:10930000D3F8140400F0010070474FF08043D3F805
:109310001C0400F0030070474FF08042D2F818346C
:10932000D2F81824C3F3004302F00302824214BFB0
:10933000002003F001007047044B1868062818BF8E
:10934000B0F1FF3F0CBF01200020704778F70320E9
:1093500008B5094B1A680A2A02D1084B1B6823B1C9
:10936000FFF7EAFF08B9082A04D14FF08043022230
:10937000C3F8342C08BD00BF78F703207CF7032026
:10938000014BD889704700BFF8F50320014B98893D
:10939000704700BFF8F5032010B5EFF3108472B6E4
:1093A000064B03441A7C0132D2B21A741B7C012B87
:1093B00001D1FFF761FF04B962B610BDF8F50320D3
:1093C0000020FFF7E9BFD4D410B5FFF7F9FFFFF78E
:1093D0008BFF4FF08044084940B1FFF7B9FF0123EC
:1093E000236104238B740023CB7410BD03238B747F
:1093F0000123C4F80433F6E7F8F5032010B5EFF3C2
:10940000108472B6094B03441A7C22B940F25721EA
:109410006D2002F099FE1A7C013AD2B21A741B7CBC
:109420000BB9FFF735FF04B962B610BDF8F503209C
:109430000020FFF7E3BF0020FFF744BF024B987CFA
:10944000003818BF01207047F8F5032073B51B4D95
:109450006B7D63B9286A00F00300FFF75DFF30B150
:10946000EFF3108372B6AA7C1AB103B962B602B0E8
:1094700070BD0122AA7403B962B64FF0804308227E
:10948000C3F808234FF42073ADF80630BDF806404A
:10949000A4B2631E9BB2ADF80630002CF6D14FF09B
:1094A00080460748C6F80C4102F0FAFF85F82540CF
:1094B000FFF78AFF0823C6F80433D8E7F8F503203E
:1094C0001CF603202DE9F347484C237D002B00F0C8
:1094D0008A800323ADF804304FF08043D3F8005165
:1094E000F5B9D3F80481B8F1000F09D04FF08043EB
:1094F0000022C3F804210222C3F80823FFF7A6FFC5
:1095000094F825603A484FF08047F6B2D7F80C81BE
:1095100002F0CAFF48B340F243316D2002F014FE5E
:1095200000258DF804500122D3F80481C3F80823E4
:109530000DF10409271DA61C19F8010B03280AD0F8
:10954000337843B13B684FF0000A86F800A013B1AE
:109550009847C7F800A06B1C022B07F1040706F11F
:1095600001064FF00105E7D1BDE745B1A37C032B10
:1095700005D10423A374FFF7EBFE01233B61B8F18F
:10958000000F1FD04FF080430022C3F80C21A37CB2
:10959000042B02D040F26931BFE7164B1A680A2A41
:1095A00002D1154B1B6823B1FFF7C6FE08B9082A84
:1095B00004D14FF080430022C3F8342C0223A3745B
:1095C000FFF736FF4EB1002384F82530A37C022B31
:1095D00001D1FFF7F9FEFFF72BFF054802B0BDE808
:1095E000F04702F070BF02B0BDE8F087F8F5032045
:1095F0001CF6032078F703207CF7032010B5054CF8
:10960000206A00F00300FFF787FE0028F8D0002052
:1096100010BD00BFF8F50320F8B5054650B102783B
:10962000042A07D8437842B9013B1F2B02D883781C
:10963000212B07D96FF0150075E0002BFAD1837844
:10964000002BF7D17B4B0127C3F88070BFF34F8FFE
:10965000BFF36F8F4FF08046C3F88071764C0B23B9
:10966000C6F808330023C6F80031C6F80431C6F83E
:109670000C3123746374AB88E381FFF738FE08B1C3
:1096800027702774D6F80C24D6F80C34D20303D5EF
:10969000DF0701D5FFF710FE4FF4AF63A3812B78EE
:1096A000A978637500222262A175E274042B4DD85B
:1096B000DFE803F005033A484A0001232362FFF77D
:1096C0001DFE00284DD0FFF720FE236A03F00303A0
:1096D000984246D1AB79002B3DD1FFF78FFFA37D98
:1096E0006BB12B785BB9FFF7FFFD054602F09CFEDE
:1096F0006FF00043002D00F09980C4E906034FF09D
:109700008043D3F80C24D3F80C34D20303D5DB0701
:1097100001D5FFF7D1FD474A01230020A07423752E
:10972000C2F880311360F8BDFFF74AFE4FF0804366
:10973000D3F80C14D3F80C24CE03F9D5D007F7D501
:109740000223BBE73D4BB9E73D4BB7E740F21E5163
:109750006D2002F0F9FC4FF080430222C3F804238D
:10976000BDE74FF080430122DA600022C3F80421F4
:10977000226AC3F81825334A1368A3F10E010129A0
:1097800004D90A2B02D0FFF7D7FD48B14FF0805320
:109790004FF08041D3F84432C3F34233C1F83C3533
:1097A0001368A3F10E02012A04D90A2B02D0FFF795
:1097B000C3FD20B14FF080430122C3F84C254FF088
:1097C000804301229A600222C3F80423AA79002A66
:1097D00085D1D3F80423910702D440F2D141B7E7F1
:1097E000194A1669116941F010011161D3F8043169
:1097F00006F010060BB902F033FF4FF08047D7F8A0
:10980000043183B1FFF7FAFE26B90F4A136923F03A
:10981000100313614FF080430222C3F80823002293
:10982000C3F804215BE702F019FFE8E7C4E906305A
:1098300065E700BF00E100E0F8F503200100020049
:109840000100030078F7032000ED00E010B50D4C97
:1098500004F1240002F028FE48B9A37C022B01D1B8
:10986000FFF7B2FDBDE81040074802F02CBE074AE2
:10987000012384F82530BDE81040C2F80031FFF71D
:109880009FBD00BFF8F503201CF6032000E100E0B7
:1098900038B5164C20780023237508B9FFF7F8FC7B
:1098A000A37C042B0ED14FF080450020FFF734FD40
:1098B00018B1D5F80C31002BF7D04FF080430022BF
:1098C000C3F80C2100232374A3746374084B012292
:1098D000C3F88020BFF34F8FBFF36F8FC3F8802191
:1098E0004FF080430B22C3F8082338BDF8F503205E
:1098F00000E100E010B501B3F0B14FF0FF33104AC2
:109900001C46E0FB0134944203D9DB216F2002F0B6
:109910001BFC1A0D42EA0432C3F30F10094B00EB93
:1099200002404FF22444B2FBF4F103FB1100B0FB00
:10993000F4F040EA0140013010BD0846FCE700BFEA
:109940003F420F00000024F4014B9B68184700BF02
:1099500020F60320014BDB68184700BF20F60320E8
:10996000014B1B69184700BF20F60320014B1B6AFF
:10997000184700BF20F60320014BDB69184700BFE2
:1099800020F60320034B1A790AB9FFF7F9BC988D2A
:10999000704700BF20F60320034B1A790AB9FFF77E
:1099A000F5BC988A704700BF20F60320024B1B7954
:1099B0000BB9FFF74BBD704720F60320014B9B69A5
:1099C000184700BF20F6032010B5144C2379A3B12B
:1099D000636A9847002806DB94F82E3023B10123F0
:1099E00084F83030002010BDFFF7E8FF0028F6DAD9
:1099F00040F28D116F2002F0A7FB094BA361094BC8
:109A0000E361094B2362094BA360094BE360094BF7
:109A10002361FFF701FE0028E1D0E4E720F60320F0
:109A2000FD9503004D9803003D940300C19303008E
:109A3000319403003794030010B50A4C23795BB1CD
:109A400094F8303053B1A36A9847002806DA4FF4EF
:109A5000E2716F2002F078FBFFF71AFF002384F811
:109A6000303010BD20F6032008B5074801F04CF84F
:109A7000054800F02FF801F099FA01F07BFA00F0A8
:109A800039FB012008BD00BF54F6032008B501F0E2
:109A90001DF801F02FFB01F00BFBBDE8084000F0C2
:109AA00045BB00BF01F084BC103001F04DB800BFD1
:109AB00001F062B801F0B4BD01F07CBE01F08EBED1
:109AC00001F072BD01F0F0BC08B52721032002F0BF
:109AD0003BFB00BF024B186000221A719A6070476E
:109AE0005CF6032070B582B01E4C2379012B11D097
:109AF000DAB2022A0BD1A0680DF1070100F02EFBAB
:109B00000023A36023719DF8070002B070BD0120FF
:109B100002B070BDA0680DF1070100F015FBA5684B
:109B20006B7DDB07ECD5AB7F042BE9D001F068F847
:109B300006460028E4D001F069F82A69B3682E6867
:109B40006D68961945F1000500220A3342F10002C2
:109B50001B1842EB0102B342AA41D1D3A06800F026
:109B60009FFCCDE75CF60320837F0BB1002070479C
:109B700010B50A684B688C68D1F80CC0C0F80CC0EE
:109B80008460026043600A694B6943610124026199
:109B90008477054B1A792AB998601C7100F0C6FFCA
:109BA000204610BDFFF790FF5CF6032070B5044619
:109BB00082B00D4601F024F8A37F012B17D02B684B
:109BC0006A68A9680646E868E060A1602360626090
:109BD0006A692B69626101222361A2770DF1070195
:109BE000204600F0B1FA2EB1012002B070BD002075
:109BF00002B070BD024B0421186802F02FFBF3E79E
:109C00005CF60320024B0621186802F027BB00BF58
:109C10005CF6032010B5084B1A7952B904469860D7
:109C200002221A7100F082FFA07FB0FA80F0400992
:109C300010BDFFF749FF00BF5CF6032038B5837FF6
:109C4000C3B1044609E0A37F042B09D0A37F012BF5
:109C500011D002F003FDA37F63B1A37F032BF2D1E8
:109C6000EFF3108572B6204600F0D6FA05B962B659
:109C7000A37F2BB938BD4FF48271032002F064FA40
:109C8000FF21032002F060FA70B5054600F0B8FF2E
:109C900008B3044600F0BAFFA4680346E41841F193
:109CA000000628463346224600F08CFBA04271EBAA
:109CB00006034FF000050CD3001B6FF0010361EBAE
:109CC0000601834275EB010100D370BD4FF0FF30F8
:109CD00070BD284670BD40F22911032002F034FA0D
:109CE0002DE9F04104460F4600F08AFF10B3856865
:109CF000002362195B41064613B10020BDE8F081E4
:109D000000F084FF2A1841F100033846A51843F1FA
:109D1000000800F057FBA84271EB0801EDD301F0F9
:109D200047FB00F033FAB368377523440120B36072
:109D3000BDE8F0814FF4A371032002F005FA00BFE3
:109D400000F064BF08B500F05BFF08B1007D08BDFE
:109D500040F29B11032002F0F7F900BFF8B5036948
:109D6000002B4ED1044601F023FB05460E46FFF7BB
:109D7000F7FD78B3D4E90003643546F10006A84244
:109D800073EB060223D3C4E90003EFF3108672B627
:109D900000F036FF054698B100F038FFAB680022AE
:109DA0000B3342F100021B1842EB0101D4E900021F
:109DB000834271EB02053CBF03461146C4E9003102
:109DC00006B962B62046BDE8F84000F091BB2846CF
:109DD0003346D8E7FFF7E0FD074600F025FFB8421D
:109DE0002168626838BF3846963546F1000640194A
:109DF00046F10003884273EB02053CBF0846134658
:109E0000C1E74FF4D171032002F09EF91C4B186892
:109E1000A0B350E9063130B550F8104C13F10A02E6
:109E2000036841F100011519A0F1180041F1000C7F
:109E30001BB922E014D31B68FBB153E90621AA42E7
:109E400071EB0C0419D290F814E013F8044C74452B
:109E5000F0D19C88B0F81CE0A4EB0E042404EAD5F1
:109E600053F8100C0A3241F100018518A3F11800D3
:109E70001B6841F1000C002BDFD130BD704700BFE3
:109E800068F6032070B5264D00236B60EFF3108158
:109E900072B6AA686A60AB60EB6009B962B66A68BC
:109EA00072B3204C00269379032BA2F1180028D01E
:109EB000136873B39A79042AA3F118038446A6465B
:109EC0000FD1818B9A8B521A12049A6944BF0CF1FC
:109ED000180E184642B19C46A2F118039A7F042A34
:109EE000EFD09B7F032B16D1DEF800201368CEF84D
:109EF00000300221C368867798476A68002AD2D169
:109F000070BD116852F80C3C967169600121984748
:109F1000F3E7A646EAE763219F2002F015F900BFA8
:109F200068F603206CF603202DE9F04F6F4B0468B0
:109F30001B68456883B08283427D0646894602F0ED
:109F40000102002B00F0CB80A3F1180C002A6ED088
:109F5000DCE90001844275EB0107644A2FD39CF8C9
:109F60001420337D9A421BD8DCF808301B1841F1CD
:109F7000000113F10A0E41F10007744575EB070269
:109F800080F0A8803269121945F10000964577EB00
:109F9000000801D2724638469A428841C0F0828059
:109FA000DCF818300CF11802002B00F09180A3F1BE
:109FB000180CDCE90001844275EB0107CFD21F4683
:109FC0006346B068001945F10008002B44D0CDE984
:109FD0000027CA46D3E9007110F10A0C48F10002CB
:109FE000674571EB020245D21A7D96F814C094457C
:109FF00019D39A68D21941F1000112F10A0941F10D
:10A00000000E4C4575EB0E0745D237693F1945F1F7
:10A01000000CB9457EEB0C0B01D24F46F44697423B
:10A020007CEB010C3DD39B6923B3183BD2E7DCE901
:10A030000001844275EB01012C4A0CD3DCF8183086
:10A040000CF118023BB1A3F1180CDCE900018442C9
:10A0500075EB0101F2D21F46334643F8187F1360B7
:10A06000FFF7D4FE864210D0002389F8003003B0F9
:10A07000BDE8F08FDDE900273346D14643F8187F6D
:10A080001360FFF7C3FE8642EED1012389F800304A
:10A0900003B0BDE8F08F2746AC4697427CEB010C3D
:10A0A000C1D2D146114A0423B37791680023337695
:10A0B0007376B376F37606F118020C4B69B1DB6860
:10A0C0001A600B4B09491878CA6002F02FFACBE7E7
:10A0D0001F4676E7224628465EE79A60F1E712B906
:10A0E0001746024AB8E7014A1F466AE768F60320A6
:10A0F000349A032010B50A4C2378FF2B0AD1094863
:10A1000002F0EAF9084B207000221A609A60DA60C7
:10A110001A8210BD4FF48D719F2002F015F800BF18
:10A12000349A0320859E030068F6032010B5054C81
:10A130002078FF2800D110BD02F0E8F9FF2323703A
:10A1400010BD00BF349A0320034B1A8A02F1010CA0
:10A15000A3F810C0FFF7E8BE68F6032038B5044640
:10A160000D46FFF753FE0346E31AB3FA83F35B0988
:10A1700005482B7004F1180102F096F810B1002385
:10A18000A377012038BD00BF68F603202DE9F04316
:10A190001F4E34686CB34FF000083546C6464FF08A
:10A1A00004092346246853F8187C53F8082CD21964
:10A1B00053F8147C47F1000C82427CEB010C1AD25C
:10A1C0002A6812682A6083F80690B26883F800E073
:10A1D00083F801E083F802E083F803E07AB1F268E3
:10A1E0001360F3604FF00108002CDAD1B8F1000FD2
:10A1F00007D1BDE8F0831D46002CD2D1F6E7B3604D
:10A20000EFE7044BBDE8F043187802F08FB900BFC8
:10A2100068F60320349A032070B5154EB3680546DE
:10A2200000F11801BBB1B368002423B913E01A6828
:10A230001C4682B113469942F9D10CB1AA69226039
:10A24000B268914204BF1B68B360F36899420AD0B8
:10A250000023AB7770BD074802F026F80028F9D03C
:10A260000023AB77F6E70023F460AB77F2E700BF9B
:10A2700068F603206CF603202DE9F843484E346855
:10A28000002C00F087804FF000080F460546B146CD
:10A2900041464FF0040E2346246853F8180C53F837
:10A2A000082C121853F8140C40F1000CAA427CEB55
:10A2B000070C69D2D9F800201268C9F8002083F889
:10A2C00006E0B268197059709970D970002A5FD091
:10A2D000F2681360F3604FF00108002CDBD1B8F195
:10A2E000000F03D02F4B187802F020F93368002BB1
:10A2F00050D053E90612A94272EB070053F8100C34
:10A300003CBF29463A46A3F1180C0A304FF000042E
:10A310001B6844F10004091842EB04021BB92DE04C
:10A3200016D81B6853B353E90604884274EB020E37
:10A3300024D29CF8148013F804ECF045F0D1B3F863
:10A3400004E0BCF81C80AEEB080E1EF4004FE8D011
:10A35000854277EB040E294638BF014653F8100CAE
:10A360003A46A3F1180C38BF22461B68091842F17F
:10A3700000020A3142F10002002BD4D10CF1180383
:10A3800073616046BDE8F8839946002C83D1A6E747
:10A39000B3609FE700239C4673616046BDE8F88385
:10A3A00068F60320349A032010B5054C61692046F5
:10A3B00001F07AFF18B1606900231838636110BD9D
:10A3C00068F603201C49096839B3A1F1180C9CF800
:10A3D000141081421DD870B5DCE9004112F10A0564
:10A3E00043F1000EAC4271EB0E0620D2DCF8106097
:10A3F000341941F10001AC4271EB0E0115D2DCF8C9
:10A40000181071B1A1F1180C9CF814108142F6D803
:10A41000E2E7DCF818100029D7D14FF0FF300146F1
:10A4200070474FF0FF30014670BD2C467146B4F1C5
:10A430000A0041F1FF3170BD68F6032010B5837F3B
:10A44000022B06D0837F012B02D0837F042B1DD1EA
:10A4500010BD437D13F0020313D103210E4A81770F
:10A460009468037600F1180143768376C3765CB175
:10A47000D3681960094BD160BDE81040187802F02C
:10A4800055B80023837710BD9160F3E74FF4FF7157
:10A490009F2001F059FE00BF68F60320349A032084
:10A4A00070B5114D00F1180604463146284601F0FA
:10A4B000FBFE98B10423A377AA6800232376637672
:10A4C000A376E37642B1EB681E60084BEE60187825
:10A4D000BDE8704002F02AB8AE60F6E74FF40271B2
:10A4E0009F2001F031FE00BF68F60320349A03205C
:10A4F0002DE9F04F066983B0002E6ED1D0E900152A
:10A500008368077DEFF3108472B6DFF8D8C0DCF8FB
:10A510000020002A52D0BCF8108013F10A0E46F138
:10A520000006CDE90008183AB046D2E9003611EB32
:10A530000E0A45EB08099A4579EB060C3DD38B4290
:10A5400076EB050C27D3106910EB030C46F1000BDA
:10A55000D4457BEB090B34BF4FF0010C4FF0000CDE
:10A56000BCF1000F13D092F814C0BC452DD034BFFD
:10A570004FF0010C4FF0000CBCF1000F07D013F1AD
:10A580000A01936846F10005591845F100059269E2
:10A590009AB1183AC9E7906813F10A0C46F100091C
:10A5A00010EB0C0C49F10009614575EB090934BF4A
:10A5B0004FF0010C4FF0000CD2E7009804B962B6DE
:10A5C000C0E9001503B0BDE8F08FB2F81CC00198D7
:10A5D000ACEB000CCCF3C03CCEE740F227219F202F
:10A5E00001F0B2FD68F60320024B0521186801F066
:10A5F00035BE00BF80F60320054B586810B1C36814
:10A600000521184710B54FF41B71B02001F09CFDD7
:10A6100080F603202DE9F0471646002B55D0D3E9EC
:10A6200000894B4C804579EB0103A38A3CBF8046EF
:10A6300089466433B8EB000569EB01070022AB42A1
:10A640002261BA41C4E9028916DBA36903F2A313AC
:10A650009D4277F1000769DA3E4AC4F828804046F7
:10A660004946C4F82C9000F0C7FD3B4A052384F806
:10A6700030303260BDE8F087627F237F1AB19A07DD
:10A680001ED40022627703F0010AA36903F2A31328
:10A690009D4277F100072EDABAF1000FDCD0A08AD4
:10A6A0002C4AB8EB000069F10001C4E90A0100F08E
:10A6B000A3FD0623284A84F830303260BDE8F087D5
:10A6C000236A01209847237FDBE7214C637F2BB16E
:10A6D000237F9B0702D5236A0120984700256577D1
:10A6E00001F000F9FFF736F92B461C4A84F83030A8
:10A6F0003260BDE8F08701F0F5F8FFF72BF9A08A8A
:10A70000A369BAF1000F01D0984215D8B8EB030045
:10A71000104A69F10001C4E90A0100F06DFD02234D
:10A720000D4A84F830303260BDE8F08701F0DAF885
:10A73000FFF710F9A369E9E7B8EB0000054A69F1F2
:10A740000001C4E90A0100F057FD034A01238EE726
:10A7500080F60320E9A50300A5A803009DAA030035
:10A7600002392DE9F04104292DD8DFE801F0030971
:10A77000292C0C00164A137F003B18BF0123537786
:10A780000020BDE8F081044600F002FD00F010FE5C
:10A790000E460746FFF770FD0D4D80466868FFF7CF
:10A7A0004DFE224638463146434600240026002707
:10A7B000C5E902676C60FFF72DFF0220BDE8F0815C
:10A7C000FFF790F9DCE740F21721B02001F0BCFC64
:10A7D00080F603202DE9F84F2E4C637FA769804651
:10A7E00083BB94F81C9019F0010934D100F0E0FD0E
:10A7F00010EB070B41F1000A05460E46584651463C
:10A80000FFF73AFDA8B3D0E900329B457AEB02018D
:10A810001BD30023204AA56228463146C4E902BA68
:10A82000E662236100F0E8FCB9F1000F18D0A38ABA
:10A830001A4A9F4216D0022384F83030C8F800200C
:10A84000BDE8F88F4FF00009D0E7DD1B9B4662F1B1
:10A8500000069246DDE7A38A9F4238BF1F46C5E740
:10A860000E4AE8E7012384F83030C8F80020BDE83C
:10A87000F88F637F2BB1237F9B0702D5236A0120CA
:10A8800098470023064A84F830306377C8F80020E0
:10A89000BDE8F88F80F60320E9A50300A5A8030012
:10A8A0009DAA0300023970B50546032900F2EB802A
:10A8B000DFE801F006024508754B002283F83120DD
:10A8C000002070BD724C94F830301A1F012A40F2FB
:10A8D0009F8000F06DFDA26A2369801A9842B8BF7C
:10A8E000184694F830302061022B7FD0237FD9079F
:10A8F00040F1C480607F002840F0C080236A984700
:10A900000123637794F83020022AD4E902034BD064
:10A91000012A70D02269323843F1FF31101841EB1F
:10A92000E2715C4AC4E90A0100F066FC94F8303038
:10A93000062B0CBF0523042384F83030C0E7544CA9
:10A9400094F83030042B0FD8022B25D8013B012B73
:10A9500000F28F80FFF7C6F80028B1D000F016FD96
:10A960002846FFF737FF15E0053B012B00F28180F9
:10A97000FFF7B8F80028A3D000F008FD00F018FD9C
:10A9800006460C46FFF778FC2A4603462146304629
:10A99000FFF740FE022070BDFFF7A4F800288FD01B
:10A9A000012384F831308BE7227FD2070ED5627FF6
:10A9B00062B9A18A374A401A63F10001C4E90A0169
:10A9C00000F01AFC032384F8303079E72169314A1A
:10A9D000323843F1FF33401843EBE171C4E90A0117
:10A9E00000F00AFC042384F8303069E700F072FFBD
:10A9F000FEF7AAFF86E7A169264A401A63F1000123
:10AA0000C4E90A0100F0F8FB022384F8303057E76C
:10AA1000042B94F8316019D0002EAFD1FFF7C4FC9D
:10AA20000028ABD06060C4E90D6600F0A5FB60684B
:10AA3000022383773146C3689847D4E90201FFF7C0
:10AA4000A5FB154B84F830602B60A3E700F052FFA4
:10AA50000028E1D100200021FFF70EFC08B1FFF72C
:10AA60001FFD00F03FFFFEF775FF2846FFF7B2FE1F
:10AA700090E74FF4CD71B02001F066FB40F2B311C6
:10AA8000B02001F061FB40F2F111B02001F05CFB5D
:10AA900080F60320E9A5030061A70300032910B590
:10AAA00006D801290AD840F25D11B02001F04CFB14
:10AAB0000429F8D10446FFF715F808B9002010BDA5
:10AAC0002046FFF787FE022010BD00BF10B5EFF350
:10AAD000108472B60A4B0B4A19680968914202D079
:10AAE00004B962B610BD93F83030033B012BF7D8A0
:10AAF00000F0F8FEFEF72EFF00F048FCF0E700BF84
:10AB000080F60320A5A8030010B5064A064C026093
:10AB10000023206084F830302377FEF73DFF51306A
:10AB2000A06110BD9DAA030080F6032010B5EFF3CD
:10AB3000108472B6034B0421186801F08FFB04B92E
:10AB400062B610BD80F6032008B5094B5A684AB1B9
:10AB5000D3E902218018BDE80840064A41F100010E
:10AB600000F04ABB40F27221B02001F0EDFA00BFC4
:10AB700080F60320F9A5030008B5064B5B681BB1FE
:10AB8000BDE8084000F002BC4FF41E71B02001F097
:10AB9000DBFA00BF80F6032008B5054B5A680AB1FE
:10ABA000586308BD40F27E21B02001F0CDFA00BF0D
:10ABB00080F6032008B5054B5A680AB1986308BDB2
:10ABC0004FF42171B02001F0BFFA00BF80F60320DE
:10ABD000044B9B6B03B1184710B540F28A21B0209B
:10ABE00001F0B2FA80F60320044B5B6B03B1184707
:10ABF00010B54FF42471B02001F0A6FA80F60320BE
:10AC0000014B5868704700BF80F6032008B5054B1C
:10AC10005A6812B1D3E9020108BD40F29B21B0206D
:10AC200001F092FA80F60320034B187F10F0010028
:10AC300018BF988A704700BF80F60320054B1B6839
:10AC40001BB1D3E908200421104710B5722145201B
:10AC500001F07AFAC0F60320054B1B681BB1D3E95B
:10AC600008200321104710B56C21452001F06CFA33
:10AC7000C0F603202DE9F04104460D4679B9174F7F
:10AC80003B683BBB16483C60FFF786FF1548FFF763
:10AC900091FFFFF755F8637D5B07064605D4D4E9BD
:10ACA00008302946BDE8F0411847FEF703FF20367B
:10ACB000361A7E6000F0F8FB0028FBD00A4B002219
:10ACC000C3F8A8252946C3F8AC25D4E90830BDE867
:10ACD000F04118478621452001F036FAC0F60320DE
:10ACE00059AC03003DAC030000F00140024B0022D0
:10ACF0001A601A81704700BFC0F60320704700BF7A
:10AD000008B5074B1A683AB10648D06000211960AF
:10AD1000BDE80840FEF776BFB921452001F014FADE
:10AD2000C0F6032075AC0300C0E908122022002100
:10AD300001F080BD30B587B04B7A00220D460592F8
:10AD4000CDE900220492C3F3800282F001024FF0A9
:10AD5000000162F3820104462A78287A8DF81510E2
:10AD60008DF8140069682B4802910390002A40D1A5
:10AD7000D5E904209DF815C01CF0040FCDE9002092
:10AD800028D19DF815202449C3F340035B0043F00C
:10AD9000010322F0030213438DF815304B68C3F30F
:10ADA00008038BB1103B5BB2002B1CDB03F160434B
:10ADB00003F5614393F800335B092BB969462046DC
:10ADC000FEF7F4FE07B030BD69462046FEF7CCFE24
:10ADD00007B030BD203A01F1200140F1FF30009270
:10ADE00002910190CDE703F00F0319440B7D5B093D
:10ADF000E3E72B690493FEF755FE9DF815305B07DA
:10AE0000CDE9000104D5029A6B7A20320292B8E7AC
:10AE10006B7AB6E775AC030000ED00E010B503787F
:10AE200086B0B3B990ED047B04464068217ACDE941
:10AE300002036846CDE904338DED007B8DF81410D4
:10AE4000FEF78CFFDDE900230120C4E9042306B0EE
:10AE500010BD4FF4AB71452001F076F908B50A4BEF
:10AE60001B6863B15B7D5B0705D5FEF769FF20308A
:10AE700041F1000108BDBDE80840FEF761BF4FF495
:10AE8000EE71452001F060F9C0F6032030B50C7872
:10AE900087B07CBB4B7A05940C7A8DF81440C3F3D1
:10AEA000800E174C4D6803948EF0010ED1E90441D9
:10AEB0004FF0000C6EF3820C1CF0040FCDE9004142
:10AEC0008DF815C0029507D0203C05F1200541F111
:10AED000FF310094029501919DF815400492C3F34F
:10AEE000400363F3410469468DF81540FEF73CFECC
:10AEF00007B030BD40F21F21452001F025F900BF09
:10AF000075AC030070B4EFF3108672B617490D7874
:10AF1000ADB1174BD3F80445D3F848314FF6FF7263
:10AF200094421FD0E3B147F6FE739C4218D84B6899
:10AF3000013306B962B6C0E9004370BC70470C4AE1
:10AF4000D2F80445D2F8043153B14B6801334B6059
:10AF5000C2F80451D2F80445D2F80431002BF4D1E0
:10AF60004B68E6E7002BFBD11C46F9E7F8F6032017
:10AF700000B0004010B50A4C002222742277094B21
:10AF8000094801215960C3F84025C3F840214FF416
:10AF900000221961C0F8082501F018FB206210BDDD
:10AFA000F8F603200080004000F001403749384B9C
:10AFB000F0B44D6A374C002201204A605860986016
:10AFC000C3F80843C3F84843C3F80421C3F8402139
:10AFD000C3F84421C3F84821002D55D02E4C2F4EE4
:10AFE000C4F8A8652E4AC4F8AC55C4F85C394FF4CF
:10AFF0000023C4F804350523C2F840351060D2F8A8
:10B000004031002BFBD02448002301244FF40025BD
:10B01000C0F808555460D460C2F84031C2F84035D9
:10B02000C0F8A835C0F8AC35C0F8AC350B7833B3F0
:10B0300091F82840184816491A4E1B4DE30003F1B9
:10B04000804303F5F8330122A2404FF6FF774FF417
:10B050008024C0F80825C1F84443C1F84875C1F8F8
:10B060000443C3F81065C3F81455C0F804250F4B0A
:10B070004FF40062C3F88021F0BC1A607047044BA3
:10B080000222C3F80423F2E71860CFE7F8F60320A2
:10B0900000B000400200070000F001404081004085
:10B0A0000080004048B1004008B0004000E100E0EE
:10B0B0000D4B0E4A30B4012000210D4C58604FF466
:10B0C0000025C3F84015C3F840114FF48071186192
:10B0D000C4F80855C2F88011C2F88010BFF34F8F32
:10B0E000BFF36F8F30BC70470080004000E100E08C
:10B0F00000F0014030B41B4A1B4C1C4D1C4800237F
:10B100000121636051609160C2F80853C2F848534E
:10B11000C2F80431C2F84031C2F84431C2F84831B3
:10B120002278C0F8A835C0F8AC3572B194F8282060
:10B130009140D20002F1804202F5F832C2F8103597
:10B14000C2F81435C0F8081523700A4B4FF400629A
:10B15000C3F88021C3F88020BFF34F8FBFF36F8FF8
:10B1600030BC704700B00040F8F603200200070032
:10B1700000F0014000E100E0044B4FF080411A6A0A
:10B180000123C1F808351360704700BFF8F60320AB
:10B1900010B4144C1449154A0023C4F8A8350120F2
:10B1A000C4F8AC354FF0FF3448600861C1F808437B
:10B1B0000F4891684FF48074C0F8804141B10D4947
:10B1C0004FF48030C1F808031374C1F84031936024
:10B1D000126A5DF8044B4FF080410023C1F8083536
:10B1E0001360704700F0014000800040F8F6032033
:10B1F00000E100E000B00040F0B55A4CA36883B015
:10B20000002B40F09F802578A260002D5CD1564B2A
:10B21000994200F29C80430F544E554F43EAC101BE
:10B22000A6FB0132C0F34F33920B03EB014307FB44
:10B230001233A6FB03639B0B43EA02434D4A02FB16
:10B240001300420B48F2376101FB02F2120C43F685
:10B250000957494907FB120000FB01F1490D43F66C
:10B26000085601EB422207FB0161B0EB512F88BF6A
:10B2700001320026002D41D01F0C1B049D1868468A
:10B2800047F10007FFF73EFEDDE90032053346F1E6
:10B2900000064FF48031E2FB01369D4277EB060653
:10B2A00047D32A0C4FF6FF71ADB242EA0742002D98
:10B2B00008BF0D4631494FF48030C1F84055E26077
:10B2C000C1F8040303B0F0BD2D4B994244D8430D9F
:10B2D000264E274F43EAC121A6FB0132C0F34F138C
:10B2E000920B03EB014307FB1233A6FB03639B0B9B
:10B2F00043EA0243234A02FB1300A2E71F0A1B068C
:10B300009E18684647F10007FFF7FCFDDDE90032B3
:10B31000053345F100054FF08071E2FB01359E4297
:10B3200077EB050505D3320E42EA072226F07F456A
:10B33000C0E7FF232374144B4FF40062C3F80021CD
:10B3400003B0F0BD40F2F921052000F0FDFE4FF4FE
:10B350009471052000F0F8FE40F22311052000F062
:10B36000F3FE00BFF8F60320FF7F841E83DE1B433D
:10B37000000024F40080841E6F0C010000B0004027
:10B380007F841E0080841E0000E100E0064B9A6866
:10B390004AB106494FF48032C1F8082300221A74DA
:10B3A000C1F840219A607047F8F6032000B00040D1
:10B3B00070B4EFF3108572B6364C207820B3364B5C
:10B3C000D3F80425D3F848614FF6FF739A4252D060
:10B3D00043F60951C2F3080301FB03F3500A01FBD2
:10B3E00000F003F5807300EB53200021002E45D0C0
:10B3F00047F6FE739A4241D86368013325B3274A62
:10B4000070BCE3FB02017047234AD2F80435D2F83E
:10B41000041111B3636801336360C2F80401D2F808
:10B420000435D2F804110029F4D143F6095CC3F3C2
:10B430000802580A0CFB02F202F580730CFB00F0C4
:10B4400000EB532063681DB962B62278002AD6D17A
:10B45000134AE3FB020170BC704743F60956C3F37D
:10B460000802580A06FB02F306FB00F003F580739E
:10B4700000EB5320E6E71EB10A4800216368BDE7F0
:10B48000636815B928462946DEE7044A3046314646
:10B49000DFE700BFF8F6032000B0004080841E0004
:10B4A0000080841E61841E0070B4EFF3108072B6B9
:10B4B000384A15780DB3384BD3F80455D3F84861A2
:10B4C0004FF6FF739D4256D043F60954C5F3080169
:10B4D00004FB01F16B0A04FB03F301F5807103EB3C
:10B4E00051230024002E49D047F6FE718D4245D8E5
:10B4F0005168013108B3294824E02749D1F80435BF
:10B50000D1F804414CB3536801335360C1F804517E
:10B51000D1F80435D1F80441002CF4D143F6095C8C
:10B52000C3F308010CFB01F15B0A01F580710CFB10
:10B5300003F303EB5123516818B962B61078002861
:10B54000D9D11748E1FB0034D2E90C128B42944167
:10B550002CBF0120002070BC7047C3F3080143F6E4
:10B5600009555B0A05FB01F105FB03F301F5807149
:10B5700003EB5123DFE71EB10A4B00245168B9E702
:10B58000516810B903460446D7E7044833463446A9
:10B59000D8E700BFF8F6032000B0004080841E000A
:10B5A0000080841E61841E00194B1A4810B50122C8
:10B5B00000214FF400245A60C3F84015C3F840112D
:10B5C0001A61C0F80845D3F8040520F00300C3F859
:10B5D0000405D3F8080540F003001021C3F808055E
:10B5E00091FAA1F1B1FA81F109290CDC0A48C3F8FA
:10B5F00010154FF48074DA60C0F8804104605A601E
:10B60000DA601A6010BD054840F29F3100F092FDEB
:10B610000080004000F0014000E100E00C5B04000D
:10B620002DE9F047DFF888815C4E012100234FF4BB
:10B63000002284B0C8F80410C8F84035C8F840317A
:10B64000C8F81010C6F80825D8F8042522F003021F
:10B65000C8F80425D8F8082542F00302C8F80825E0
:10B66000102292FAA2F2B2FA82F2092A00F3918031
:10B67000C8F810254A4A4B4FC8F80C104FF4807098
:10B68000C2F880011060484AC8F80410C8F80C10CD
:10B69000C6F8A8253A78C6F8AC8502A8002A56D084
:10B6A000019306E00123C6F808A5C8F80430C8F8DD
:10B6B0000C30FFF727FCDDE90243019D4FF4002A1F
:10B6C0004FF48039C6F804A5E3FB0945FFF71AFCDF
:10B6D000DDE902320199E2FB0931A94208BFA34228
:10B6E000E0D1013443F60952C4F3080345F10005E3
:10B6F00002FB03F3210EC4F34E2441EA052102FBB1
:10B7000004F02D0E03F5807300EB53204C016B0108
:10B71000641A43EAD16363EB0506B201A3011B1B64
:10B7200042EA946262EB0602D20042EA5372DB0004
:10B730005B1845EB0205E903DA03801841EA53413F
:10B7400041F10001C7E90C0104B0BDE8F0870192A6
:10B7500006E00123C6F808A5C8F80430C8F80C3084
:10B76000FFF7D0FBDDE90243019D4FF4002A4FF0C3
:10B770008079C6F804A5E3FB0945FFF7C3FBDDE9C3
:10B7800002320199E2FB0931A94208BFA342E0D18C
:10B79000A7E7064840F29F3100F0CCFC00F00140E2
:10B7A00000E100E0F8F6032000B100400C5B04006B
:10B7B0000080004010B5029C201841F10001801A61
:10B7C00061EB0301B0F1004F71F1000100DA10BD2F
:10B7D00040F2A931052000F0B7FC00BF70B4EFF3D0
:10B7E000108572B6364C207820B3364BD3F804253A
:10B7F000D3F848614FF6FF739A4252D043F609518D
:10B80000C2F3080301FB03F3500A01FB00F003F548
:10B81000807300EB53200021002E45D047F6FE73C5
:10B820009A4241D86368013325B3274A70BCE3FBD1
:10B8300002017047234AD2F80435D2F8041111B33B
:10B84000636801336360C2F80401D2F80435D2F8AA
:10B8500004110029F4D143F6095CC3F30802580A25
:10B860000CFB02F202F580730CFB00F000EB53209E
:10B8700063681DB962B62278002AD6D1134AE3FB69
:10B88000020170BC704743F60956C3F30802580A18
:10B8900006FB02F306FB00F003F5807300EB532078
:10B8A000E6E71EB10A4800216368BDE7636815B981
:10B8B00028462946DEE7044A30463146DFE700BF26
:10B8C000F8F6032000B0004080841E000080841E33
:10B8D00061841E00024B0122C3F84423704700BF5D
:10B8E00000B00040024B0122C3F84823704700BF5C
:10B8F00000B0004008B5FEF733F830B9074A936B43
:10B900000133312B936304D808BD044B00229A63A2
:10B9100008BD40F2F531052000F016FCF8F60320D2
:10B9200010B53F4C237882B0002B55D03D4BD3F857
:10B93000042352035BD43B4BE168D3F80423D003C8
:10B9400034D5D3F84031002B30D0636899425DD8AC
:10B9500000232374334AA168C2F840314FF4803089
:10B96000C2F80803002955D0A36088472D4BA16970
:10B97000D3F80423920324D5D3F844310BB363687E
:10B980008B423FD300222277264B6169C3F84421C2
:10B990004FF40030C3F8080300293BD08847214BFF
:10B9A000D3F840310193019B02B010BD6268237C43
:10B9B000002BCDD19142D9D91A4B0022C3F8402196
:10B9C000D4E76268237F002BDCD18A42E7D2154B93
:10B9D0000022C3F84421E2E7124AD2F804110029F8
:10B9E000A9D0C2F80431636801336360A3E7D3F8D8
:10B9F0004821002A9FD00022C3F848216368013300
:10BA0000636098E7237F002BE1D0BBE7237C002B0A
:10BA1000D2D09DE740F23741052000F095FB00BFF2
:10BA2000F8F6032000B00040034610B3007888B950
:10BA30001A79012A1ED85A79012A1BD89A680E4908
:10BA4000643A8A4216D8D8680C4B98422CBF002022
:10BA50000120704701280CD11A79012A09D85A7996
:10BA6000012A06D8DA680449643A8A4201D89868FB
:10BA7000EAE70020704700BF3C8601000040420F0B
:10BA800008B500230B8581F82A300B6A09219847F5
:10BA900028B103781BB1E9216A2000F055FB08BDED
:10BAA000436A19444162A1F15000FDF7FDBFD4D4AF
:10BAB00070B50446FDF7F6FFD4E90632656A5033E7
:10BAC00042F100025B1942F1000205F5DF6540F228
:10BAD000F966B5FBF6F55B1942F1000283428A4133
:10BAE0000ED294F82A30052B03D0B3216A2000F03F
:10BAF0002BFB0A21236A94F858009847B621F5E7F2
:10BB0000044C236813B1984700232360BDE87040BC
:10BB1000FFF7F6B834F7032070B504460D4639B97F
:10BB2000012380F85930FFF7C3FF0226304670BD6D
:10BB30000E78032E70D801A353F826F02BBB030018
:10BB40004DBB0300B7BB03006FBB03004868C728A9
:10BB500001D80026EAE70421FEF7C2F80028F8D051
:10BB6000FDF7A6FF69682046FFF79AFFDEE790F829
:10BB7000286006BB4D682846FFF756FF00284BD0CB
:10BB80002B78D3B9012121702B796A79003B18BF3A
:10BB90000123002A14BF042202222272AA6843F061
:10BBA00004036F326260EA6863720323226184F8DF
:10BBB0002A3084F829102046B5E794F82A30052B5E
:10BBC00004D040F293116A2000F0BEFA26702B795F
:10BBD0006A79003B18BF0123002A14BF0422022205
:10BBE0002272EA6843F004036F3263726260D4E940
:10BBF0000632A9685B1842EBE172C4E904320423FF
:10BC000084F82A30214604F13000FFF793F8002829
:10BC1000D1D140F29511D6E7012384F85930CAE713
:10BC2000F8B5044620B940F2AD116A2000F08CFA54
:10BC300090F85850052900F2CA80DFE801F003832C
:10BC40004668727C90F82A30033B012B02D94FF4EE
:10BC5000DC71EAE7052380F82A30002380F85930A8
:10BC60000378EBB12378012B27D1FFF7F7F894F88D
:10BC7000286063686362C4E906010EBBFDF720FF1C
:10BC800031462046FFF70CFF236A31462846984785
:10BC900001462046FFF740FF022840F09B80F8BD98
:10BCA000FDF700FF06460F46FFF7D8F81F3647F1AD
:10BCB000000786428F41F3D3D4E7D4E90401D6E7E5
:10BCC0002046BDE8F840FFF7F3BE90F82A30DA1EB0
:10BCD000012A02D940F2ED11A7E790F828202AB1F5
:10BCE00021462846BDE8F840FFF7CABE042B18BF1E
:10BCF000012180F82A10036A052128469847002868
:10BD0000CDD00378002BCAD04FF400718DE790F8A6
:10BD10002A30052B02D040F2062186E7036A022171
:10BD2000B4E790F82A30052B02D04FF403717CE77A
:10BD3000036A0121AAE790F82A30052BC0D040F20F
:10BD4000122172E790F82A30052B07D090F82920AD
:10BD50000AB1032B02D040F2172166E794F828209D
:10BD6000002ABDD194F8593083B1022384F82A30D7
:10BD700084F85920236A08212846984700288ED045
:10BD80000378002B8BD040F223214EE794F8292032
:10BD900062B184F82930214604F13000FEF7CAFF71
:10BDA00000287FF47CAF4FF40A713EE7022384F849
:10BDB0002A300721236A2846984700283FF46FAFAE
:10BDC0000378002B3FF46BAF40F22F212DE74FF4A7
:10BDD0000D712AE70128236A0CBF0421032155E7CE
:10BDE00070B500F0EDF8002405462646E0B2854225
:10BDF00000D870BD00F0EAF80134068580F82A60AA
:10BE0000F4E7F8B504460D4600F0DAF800270646D8
:10BE1000F8B2864204D8082D0CD96FF0150008E05E
:10BE200000F0D4F890F82A300137002BF0D04FF012
:10BE3000FF30F8BD2CB129462046BDE8F84000F09F
:10BE4000D1B821462046F8E72DE9F8438846074651
:10BE500058B300F0B5F84FF0000904465FFA89F6D0
:10BE6000B44203D86FF00B00BDE8F883304600F011
:10BE7000ADF890F82A5009F10109002DEED13046B5
:10BE800000F0A4F80A490585044680F82A5080F895
:10BE9000586002463030FEF747FF0123276284F8DE
:10BEA0002A30284688F80060DEE76FF01500DBE7EF
:10BEB00021BC030010B5044600F088F8014688B1A3
:10BEC00090F828308BB990F82A3073B1013B012BE0
:10BED00004D82046FFF7D4FD002010BD012380F8D0
:10BEE0002830F9E76FF00100F7E76FF02200F4E780
:10BEF00070B50D4600F06AF8044600284CD090F862
:10BF00002A60731E012B4DD8002D48D02846FFF71C
:10BF10008BFD002843D02B780BBB012323702B799A
:10BF20006A79003B18BF0123002A14BF04220222B1
:10BF30002272AA686F3243F004036260EA682261E9
:10BF40006372032384F82A30214604F13000FEF79F
:10BF5000F1FE50BB40F2C1216A2000F0F5F8022E3C
:10BF600020D1002323702B796A79003B18BF01236D
:10BF7000002A18BF04262672EA6843F004036F32D1
:10BF800063726260D4E90632A9685B1842EBE17221
:10BF9000C4E904320423D5E76FF0010070BD6FF0EF
:10BFA0001500FBE76FF02200F8E70020F6E7D4D495
:10BFB000024B00221A601A71704700BF38F7032045
:10BFC000014B1879704700BF38F70320044B1A79EA
:10BFD000824283BF1B68602202FB00300020704752
:10BFE00038F703200A4610F0030110B50AD1074CB8
:10BFF0002271206008B9002010BD60235A4300F070
:10C0000019FCF8E76FF00D00F6E700BF38F70320E2
:10C01000BFF34F8F0549064BCA6802F4E062134331
:10C02000CB60BFF34F8F00BFFDE700BF00ED00E026
:10C030000400FA05094B01225A604FF0FF32C3F8A1
:10C040000823074B4FF48042C3F88020BFF34F8F83
:10C05000BFF36F8FC3F88021704700BF00E000403E
:10C0600000E100E0094B01225A604FF0FF32C3F8B3
:10C070000823074B4FF48052C3F88020BFF34F8F43
:10C08000BFF36F8FC3F88021704700BF00C000402E
:10C0900000E100E0084B0022C3F8FC2F0122C3F8A6
:10C0A000FC2F064B0222C3F88020BFF34F8FBFF353
:10C0B0006F8FC3F8802170470010004000E100E05E
:10C0C00038B5184C237863B3FDF7E0FCEFF3108527
:10C0D00072B600236360FEF711FEFDF7ADFCFFF7BB
:10C0E000D9FFFFF7BFFFFFF7A5FF94F90830002B3A
:10C0F0000DDB5A09012103F01F03994002F12003CF
:10C10000094A42F82310BFF34F8FBFF36F8FFFF739
:10C110004FFF064B064AC3F8082505B962B600234F
:10C12000237038BD40F7032000E100E000F001403B
:10C13000000008C008B572B6024B5B6803B19847AF
:10C14000FFF766FF40F703201FB572B6134B5D681B
:10C1500095B9FFF75DFF2346B2FBF6F25C1C002A9F
:10C16000F9D104AEDCB256FA83F303F80C2C0A22A0
:10C1700034B901A8A847ECE7024600230A26EDE7F8
:10C18000631E04AEDCB256FA83F3B0FBF2F602FB98
:10C190001600303003F80C0C3046E9E740F7032076
:10C1A000F8B51F4E337805460C461746A3BB00F082
:10C1B00001FAFDF723F877603472FFF76BFFFFF7A2
:10C1C00051FFFFF737FF174B002D14BF28461846C5
:10C1D000FDF7FAFB0546E8B9FEF788FDFDF7E6FB3B
:10C1E000FFF7FEFDFDF740FC18B9B8211120FFF75D
:10C1F000ABFF002C0CDB04F01F026409A40004F167
:10C20000604404F5614401239340C4F88031236005
:10C21000012333702846F8BD4FF0FF35FAE700BF21
:10C2200040F70320025B0400074B93F90830002B12
:10C2300009DB5A09012103F01F03994002F1400371
:10C24000024A42F82310704740F7032000E100E063
:10C25000014B1878704700BF40F70320F8B5037909
:10C2600004461BB11B219D20FFF76EFF467901712B
:10C2700026B901234371217909B96171F8BD276895
:10C2800026712046B84702280546F4D103212046EE
:10C29000B84708B12F21E6E723682946204698478A
:10C2A0000028E8D03021DEE70346006800B9704777
:10C2B0008842F9D102681A607047D4D4F0B5284D8D
:10C2C000284C294F83B02E780136F6B2D5E84F3F7F
:10C2D0000133DBB2C5E8423F002AF7D10123636096
:10C2E000C4F80021C4F80421EFF3108272B6C4F838
:10C2F0000405236052B962B608E0D4F804314BB9A2
:10C300002B789E4206D13B69DB0613D4D4F800316A
:10C31000002BF2D0D4F80431002BD4D12A78B242C9
:10C32000D1D10322C4F80031C4F80431C4F8082381
:10C3300003B0F0BD0D4B03214FF48042C4F8041349
:10C34000C3F88021D4F80031002BDFD1D4F80431B8
:10C35000002BDBD1019000F081F90198D6E700BFF6
:10C3600049F7032000E0004000ED00E000E100E0BC
:10C3700070B51446DA078CB01D4686468C4633D518
:10C38000C36842681BBA0093CB681BBA04938368E6
:10C390001BBA019303681BBA03938B6812BA1BBACA
:10C3A000029205934A680B6812BA1BBA6E4606924F
:10C3B00007933046FFF782FFAB070DD5DDE90A1082
:10C3C000DDE9083200BA09BA12BA1BBA206061600E
:10C3D000A260E3600CB070BD08AD0FCD206061605D
:10C3E000A260E3600CB070BDDEF80410DEF8082037
:10C3F000DEF80C300068EE46AEE80F00DCF8000016
:10C40000DCF80410DCF80820DCF80C306E46AEE8EE
:10C410000F00CEE710B5002482B0CDE90044FFF74D
:10C42000A7FF02B010BD00BF1A4B4FF4805270B589
:10C43000C3F88020BFF34F8FBFF36F8F164C174D9B
:10C440000021C4F80011C3F880212E692B6943F044
:10C4500010032B610123C4F8043306F01006236097
:10C46000D4F800319BB11EB92B6923F010032B6166
:10C470000123D4F808056360C4F808330023C4F826
:10C480000031044B4FF48052C3F8802170BD00F09E
:10C49000E5F8E5E700E100E000C0004000ED00E065
:10C4A0000346002018707047EFF3108272B60378CD
:10C4B0000121DBB2017002B962B6012B0CBF6FF033
:10C4C000220000207047EFF3108372B60022027042
:10C4D00003B962B6002070470B4938B5042301EB5D
:10C4E000C302157905F0FF042DB1013BF7D24021BD
:10C4F0006920FFF729FE41F833000121547194713E
:10C500001171D8B238BD00BF4CF70320042808B51C
:10C5100003D947216920FFF717FE034B03EBC00344
:10C5200000221A7108BD00BF4CF70320042808B58B
:10C5300003D950216920FFF707FE094B03EBC00028
:10C540000379012B01D05121F4E74379827901333A
:10C55000DBB29A4218BF4371BDE80840FFF764BEE2
:10C560004CF7032038B5114D052495F8281005EB3C
:10C57000C1031A79012A09D158799A79904205D0D4
:10C580005A79D2B29A7155F83130984795F82830D7
:10C590000133DBB2052B04F1FF3428BF002314F074
:10C5A000FF0485F82830E0D138BD00BF4CF70320E8
:10C5B000FFF7D8BF4FF08052034BD2F8301119600B
:10C5C000D2F834215A60704778F70320084B1B6873
:10C5D000083B082B0AD840F2211222FA03F313F089
:10C5E000010F044B044818BF1846704702487047B3
:10C5F00078F7032000E701400C050040144B1B684E
:10C60000062B03D0013301D020BF7047EFF3108019
:10C6100072B6104A1369116941F0100111610E4997
:10C62000D1F80021D1F804110A4303F0100300D01F
:10C6300040BF20BF00BF00BF00BF00BF23B9054AF5
:10C64000136923F01003136100B962B6704700BF8D
:10C6500078F7032000ED00E000E100E0FFF7CEBF37
:10C66000FFF7CCBF914270B53FD2B2FA82F33BB133
:10C67000C3F1200420FA04F49940214398409A40E1
:10C68000150CB1FBF5FC05FB1C1E4FEA0E4E030C0E
:10C6900084B20EEB10401FFA82FE0CFB0EF68642AF
:10C6A00006D9361A964294BF01260226ACEB060C38
:10C6B00003EB01430CFB1233B3FBF5F005FB103326
:10C6C00004EB034400FB0EFEA6454FEA0C4C09D9CF
:10C6D000AEEB040E964594BF4FF0010E4FF0020EE4
:10C6E000A0EB0E0040EA0C0070BD73219620FFF70E
:10C6F0002BFD00BF70B51D4604461646FFF7B2FF7E
:10C70000049B286000FB16441C6070BD2DE9F843B3
:10C710001C4652EA040349D0074615460E4684B922
:10C72000914204D2FFF79EFF2146BDE8F8832146DF
:10C730003046FFF797FF04462A46384604FB15614A
:10C74000F0E74FF00108B4FA84F908FA09F3A3FB03
:10C75000021220FA08F003FB042240EAC67026FA0F
:10C7600008F1FFF77FFFC9F11F0230FA02F34FF023
:10C77000000C08D140461946AF42A6413CBF1846BE
:10C780006146BDE8F8835A1E61466CEB0C0C05FB54
:10C790000CFE02FB04EE18461346A5FB0228BA1A4B
:10C7A0000EEB080766EB07061746E5E7A62196207D
:10C7B000FFF7CAFC431A934228D382B370B5541EC4
:10C7C000052C2DD95C1E022C84460B4628D922F05C
:10C7D000030596084C1953F804EB4CF804EBA342FC
:10C7E000F9D1AA4200EB050CA2EB05040DD011F81B
:10C7F000262000F82620012C07D05A788CF801203A
:10C80000022C02D09B788CF8023070BD8B18024449
:10C8100013F801CD02F801CD9942F9D17047704764
:10C8200001390244034611F8014F03F8014B9342CA
:10C83000F9D170BD10F0030FC9B2034607D0BAB3E7
:10C8400003F8011B13F0030F02F1FF32F7D170B5AB
:10C85000032A01EB012404EB04441ED9161FB5087A
:10C86000032E05F1010521D94FEA550E03EBCE0E3B
:10C870009C46CCE900440CF1080CF445F9D115F0C4
:10C88000010F04D025F0010503EB85052C6026F08F
:10C8900003060433334402F0030232B1012A197053
:10C8A00003D0022A597018BF997070BD1D46EDE77C
:10C8B000704700BF10F0030FC9B2034607D0CAB3D8
:10C8C00003F8011B13F0030F02F1FF32F7D170B52B
:10C8D000032A01EB012404EB044420D9161FB508F8
:10C8E000032E05F1010523D94FEA550E03EBCE0EB9
:10C8F0009C46CCE900440CF1080CE645F9D115F052
:10C90000010F06D025F00105C5EB8575A3EB850564
:10C910002C6026F00306043302F00302334432B1E4
:10C92000012A197003D0022A597018BF997070BD7E
:10C930001D46EDE7704700BF844641EA000313F04F
:10C9400003037DD1403A51D3F0B4F0C9F0C0F0C92F
:10C95000F0C0F0C9F0C0F0C9F0C0403AF5D2F0BC68
:10C9600044E0403A42D300BF51F8043B40F8043B56
:10C9700051F8043B40F8043B51F8043B40F8043BB9
:10C9800051F8043B40F8043B51F8043B40F8043BA9
:10C9900051F8043B40F8043B51F8043B40F8043B99
:10C9A00051F8043B40F8043B51F8043B40F8043B89
:10C9B00051F8043B40F8043B51F8043B40F8043B79
:10C9C00051F8043B40F8043B51F8043B40F8043B69
:10C9D00051F8043B40F8043B51F8043B40F8043B59
:10C9E00051F8043B40F8043B403ABDD2303211D3F9
:10C9F00051F8043B40F8043B51F8043B40F8043B39
:10CA000051F8043B40F8043B51F8043B40F8043B28
:10CA1000103AEDD20C3205D351F8043B40F8043BF8
:10CA2000043AF9D2043208D0D2071CBF11F8013BF6
:10CA300000F8013B01D30B8803806046704700BFBC
:10CA4000082A14D38B078CD010F0030389D0C3F1CC
:10CA50000403D21ADB071CBF11F8013B00F8013BAD
:10CA6000FFF47FAF31F8023B20F8023B79E7043A4C
:10CA7000D8D3013A11F8013B00F8013BF9D20B7809
:10CA800003704B7843708B7883706046704700BFAB
:10CA9000014B1B681B681847389A0320014B1B6821
:10CAA0005B681847389A0320014B1B689B6818473E
:10CAB000389A0320014B1B681B691847389A0320DA
:10CAC000034B1868034BC01A18BF0120704700BF02
:10CAD000389A0320F8CA030000280CBF6FF0150035
:10CAE0000020704700207047072303700020704724
:10CAF0000020704700207047D9CA0300E5CA030030
:10CB0000E9CA0300F1CA0300F5CA0300014B1B6820
:10CB10001B681847409A0320014B1B685B68184745
:10CB2000409A0320014B1B689B681847409A0320DA
:10CB3000014B1B681B691847409A0320014B1B6877
:10CB40005B691847409A0320014B1B689B69184793
:10CB5000409A0320014B1B68DB691847409A032069
:10CB6000014B1B689B6A1847409A032030B4044C61
:10CB70009DF8085024680295E468A44630BC6047DC
:10CB8000409A0320014B1878704700BFF4F7032048
:10CB9000801A00F3070038B540B20D4659B214466A
:10CBA000FCF71CFB002328706B70204440B238BD9A
:10CBB00010B500220C49134640FA02F4E40744BFC2
:10CBC000CA545C1C02F1010248BFE3B2042AF3D14B
:10CBD000054AFF24D118032B01D9107110BD013370
:10CBE00001F8014BDBB2F6E700F8032000230360F5
:10CBF00070477047002070474FF0FF3070474FF08C
:10CC0000FF30704770474FF0FF307047002070478B
:10CC1000002070470023037070479DF80030002209
:10CC2000FFF7B6BF4FF0FF307047002070474FF05E
:10CC3000FF3070474FF0FF3070477047EDCB030077
:10CC4000F3CB0300F5CB03001BCC0300F9CB0300AF
:10CC500025CC0300FFCB03002FCC030005CC030041
:10CC60003BCC030011CC030015CC030007CC030020
:10CC70000DCC03002BCC030035CC0300002A04BFED
:10CC800000207047F0B503AF2DE9000BA2F1010CB5
:10CC9000C2F1000E0023CC5CC55CA54224D19C45AA
:10CCA0001ED001EB030800EB030998F8014099F846
:10CCB0000150A54218D10EEB0306B41C10D098F811
:10CCC000024099F80250A5420ED1F41C08D098F801
:10CCD000034099F80350A54206D104339A42DAD1B1
:10CCE0000020BDE8000BF0BD281BBDE8000BF0BD27
:10CCF00080B56F460146007860B100200A1853786D
:10CD000053B1937853B1D37853B112790430002AD8
:10CD1000F4D180BD002080BD013080BD023080BDD7
:10CD2000033080BD042A09D3D0B502AFA2F1040EAE
:10CD30006FEA0E0313F00C0F06D123E00B46844676
:10CD40006046194600F03CB80B46844653F8044B45
:10CD50001EF00C0F4CF8044B09D04B6843600EF0EA
:10CD60000C03042B07D1083A0831083008E072465A
:10CD70006046194606E08B680C3A83600C310C3033
:10CD800084460B46BEF10C0F14D384460B4618683C
:10CD9000103ACCF80000032A5868CCF804009868D0
:10CDA000CCF80800D86803F11003CCF80C000CF1A3
:10CDB000100CECD8BDE8D0406046194600F000B831
:10CDC000F0B503AF2DE9000F89B08046102A21D3BA
:10CDD000C8F1000000F0030A08EB0A03984537D2B7
:10CDE000AAF1010644460D46BAF1000F1FD00D46C8
:10CDF000444615F8010BBAF1010F04F8010B16D0E7
:10CE00004878BAF1020F88F801000AD18D1C08F1A8
:10CE100002040CE0C4460CEB02039C45C0F0E38026
:10CE20000BE1CD1C08F10304887888F80200032E7A
:10CE30000ED32E1F251F16F8040F05F8040F707867
:10CE40006870B078A870F078E870281D9842F2D128
:10CE5000A2EB0A0B01EB0A042BF0030214F003000F
:10CE600003EB020C63D04FF00009C0F104060492FA
:10CE700008AACDF820900244F5071EBF257815704A
:10CE80004FF00109B60744BF34F8096022F8096081
:10CE9000251A05941C1D089A4FEAC00E6445CEF170
:10CEA0000004CDE902045BD243424646CDF800B00F
:10CEB00001EB030804F0180B019608EB0A0506EBDA
:10CEC0000A0422FA0EF1D5F8049009FA0BF2114384
:10CED000224642F8081B624544D2A96829FA0EF39B
:10CEE00001FA0BF0184304F10C03634560603CD277
:10CEF000D5F80C9021FA0EF009FA0BF108431060F6
:10CF000004F11000604535D22A6929FA0EF0103676
:10CF100008F1100802FA0BF10843186006EB0A0347
:10CF2000181D6045C9D308EB0A05914623E0634507
:10CF300052D22146086843F8040B63454CD2486836
:10CF400043F8040B63453EBF886843F8040B634510
:10CF500042D2C868103143F8040B6345EAD33BE082
:10CF600091460AE00435231D05E0083504F1080365
:10CF7000894600E00C35DDE900B8029800228DF802
:10CF80001C20012807F8262C0ED107AE0024002013
:10CF90000599C90713D0291D085C307017F8260CB5
:10CFA0009DF81C2000040BE06879A7F126062A7979
:10CFB0008DF81C20040202200599C907EBD100203E
:10CFC000204329FA0EF11043039A02F01802904010
:10CFD000DDE9042408431860A1180BF003020CEBF0
:10CFE00002039C4529D2561E12F0030012D00A46B5
:10CFF000654612F8014B012805F8014B0CD04A7820
:10D0000002288CF801201DD18A1C0CF10205032E88
:10D0100004D212E065460A46032E0ED3111F2A1FC2
:10D0200011F8040F02F8040F487850708878907057
:10D03000C878D070101D9842F2D1404609B0BDE8C2
:10D04000000FF0BDCA1C0CF1030588788CF80200B3
:10D05000032EE3D2F1E7F0B503AF2DE9000F8EB058
:10D060008346401A90422AD201EB020A0BEB0209D6
:10D07000102AC0F00C8209F0030429F00306C4F161
:10D08000000C4E45079660D2A4F1010E002C45D04D
:10D09000D0464B4618F8010D012C03F8010D3FD086
:10D0A000D0464B4618F8020D022C03F8020D1FBFA4
:10D0B000D04618F8030D4B4603F8030D30E0102A54
:10D0C00025D3CBF1000000F0030A0BEB0A039B45CC
:10D0D00080F01681AAF1010658460D46BAF1000FFC
:10D0E00000F0FD800D46584615F8014BBAF1010FCE
:10D0F00000F8014B00F0F3804878BAF1020F8BF88A
:10D10000010040F0E6808D1C0BF10200E7E0DC46F8
:10D110000CEB02039C45C0F02A8252E24B46D046FB
:10D12000079EBEF1030F10D3A8F10400C57803F8E1
:10D13000015C857803F8025C457803F8035C10F81D
:10D14000045903F8045D9E42F0D3A2EB040E0AEBEF
:10D150000C052EF0030015F00303A6EB0008C0F148
:10D1600000000690059510D0A5EB030A0020CDF82D
:10D1700008E04FEAC30E012B8DF8300007F8260CAB
:10D1800004932FD10CAD002339E0B04580F07781B6
:10D19000AAF11001ACF1040201EB0C0309EB0C0045
:10D1A000DD6840F8045C09EB0205A84580F0678162
:10D1B0009C6840F8084C2C1FA0453FBF5B6840F8B6
:10D1C0000C3CA5F10803984580F0598151F80C30CA
:10D1D000A9F11009103940F8103C09EB0C0080450A
:10D1E000DAD34CE19AF80000ED079AF801308DF897
:10D1F000300001D100250AE0A7F1260502201AF827
:10D200000000287017F8265C9DF830002D0445EAD0
:10D21000032308F1040603430798CEF10004864275
:10D220004AD2049804F01808CDF80CB0101A0D1862
:10D23000ACF10400CDE9000405EB0C0B03FA08F097
:10D240005BF804AC2AFA0EF1014309EB0C0040F83C
:10D25000041CACF1040109EB01039E4230D25BF8DF
:10D26000082C0AFA08F122FA0EF4214340F8081CAF
:10D27000191F8E4228D25BF80CAC02FA08F12AFA88
:10D280000EF2114340F80C1CA3F108018E4280F00D
:10D29000CD805BF8103C0AFA08F1A9F11009103DA5
:10D2A00023FA0EF2114340F8101C09EB0C018E42D8
:10D2B000C2D365449A46BDE0554601469A46BCE055
:10D2C000009819460544B5E0009892462844051F89
:10D2D000B0E08878CD1C8BF802000BF10300032E20
:10D2E0000ED32E1F043816F8045F00F8045F75781B
:10D2F0004570B5788570F578C570051D9D42F2D1F1
:10D30000A2EB0A0201EB0A0922F0030619F0030559
:10D3100003EB060C62D0CDE905620022C5F10404DE
:10D320000AA80A922844E6071EBF99F80020027056
:10D330000122A40744BF39F8024084520A984FEAF8
:10D34000C50EA9EB0506CEF100081A1DCDF81C90FC
:10D35000624504955ED26A42CDF808808D185A461F
:10D3600008F0180B039205EB0A0402EB0A0620FAF8
:10D370000EF0D4F8049009FA0BF10143304640F85E
:10D38000081B604549D2A16829FA0EF901FA0BF38E
:10D3900043EA0903736006F10C03634540D2D4F8F5
:10D3A0000C9021FA0EF109FA0BF841EA080101602C
:10D3B00006F11000604580F09E80206929FA0EF188
:10D3C0001032103500FA0BF42143196002EB0A0306
:10D3D000191D6145C7D3554481468EE0634580F0F1
:10D3E000BE804946086843F8040B634580F0B78067
:10D3F000486843F8040B63453EBF886843F8040B54
:10D40000634580F0AC80C868103143F8040B634575
:10D41000E8D3A4E08146354671E0251D331D6CE05C
:10D4200004F1080506F10803894666E000982844DF
:10D43000A0F10805DDF80CB0019C049E0DA80023A6
:10D44000AA1900EB060C101FC6F104020D93D507B4
:10D450001EBF03788CF800300123920744BFC25AE4
:10D460002CF803200D9804F01802079E0AFA02F225
:10D4700020FA0EF0DDF808E0104341F8040CDDE975
:10D48000051006EB00090EF0030201EB000AA9EB00
:10D490000201494580F09580531E12F0030013D01D
:10D4A00055464A4615F8016D012802F8016D0DD068
:10D4B00055464A4615F8026D022802F8026D05D05D
:10D4C0001AF8030D09F8030D55464A46032B78D385
:10D4D000A81E437802F8013C037802F8023C10F8D9
:10D4E000013C02F8033C10F8023C043802F8043D09
:10D4F0009142EED365E004F10C05DDE9028B04985E
:10D5000000228DF82420012807F8322C0ED109A81A
:10D51000002400260799C90713D0291D895D0170D1
:10D5200017F8320C9DF8242000040BE068790226DD
:10D530002A798DF824200402A7F132000799C9073F
:10D54000EBD10020204329FA0EF1104308F0180215
:10D55000DDF81C909040DDE905620843186009EB96
:10D56000060102F003020CEB02039C4529D2561E71
:10D5700012F0030512D00A46604612F8014B012D45
:10D5800000F8014B0CD04878022D8CF801001DD119
:10D590008A1C0CF10200032E04D212E060460A46F7
:10D5A000032E0ED3111F043811F8042F00F8042F96
:10D5B0004A7842708A788270CA78C270021D9A4294
:10D5C000F2D158460EB0BDE8000FF0BD8878CA1CF5
:10D5D0008CF802000CF10300032EE3D2F1E780B5D2
:10D5E0006F4604290DD35FFA82FC4FF001330CFB28
:10D5F00003FCA1F1040E6FEA0E0313F00C0F02D12D
:10D6000018E0034622E003461EF00C0F43F804CB5B
:10D6100008D00EF00C03C0F804C0042B05D1083963
:10D62000083006E07146184604E0C0F808C00C391E
:10D630000C300346BEF10C0F08D303461039C3E982
:10D6400000CCC3E902CC10330329F7D85818834221
:10D6500020D2A1F1010C11F0030E0DD01946BEF13C
:10D66000010F01F8012B08D05A70BEF1020F1ABF4A
:10D670009A70D91C991C00E01946BCF1030F38BF01
:10D6800080BD043901F8042F0B1D8342CA708A70D3
:10D690004A70F7D180BD80B56F46042905D30B1FB2
:10D6A000DA4312F00C0F02D11AE0024624E04FF0E8
:10D6B000000C024642F804CB13F00C0F08D003F024
:10D6C0000C02C0F804C0042A05D10839083006E06D
:10D6D0001946104604E000220C3982600C300246E4
:10D6E0000C2B09D3002302461039C2E90033C2E9EA
:10D6F000023310320329F7D85018824221D2A1F107
:10D70000010C11F003030CD04FF0000E114601F88C
:10D7100001EB012B0AD0022B82F801E003D1911C0E
:10D7200004E0114602E000219170D11CBCF1030F0E
:10D7300038BF80BD0439002241F8042F0B1D8342FD
:10D74000FAD180BD80B56F4693060BD44AB102F082
:10D750001F03524202F01F02D84001FA02F21043A6
:10D76000D94080BD02F01F0021FA00F0002180BDE9
:10D7700080B56F4693060BD44AB102F01F035242A4
:10D7800002F01F02994020FA02F21143984080BD36
:10D7900002F01F0100FA01F1002080BD80B56F4644
:10D7A000BDE88040FFF757BC80B56F46BDE88040BC
:10D7B000FFF751BCB0B502AF10293FD3424202F08F
:10D7C00003054219904220D2A5F1010C8DB100232E
:10D7D00086460EF8013B012D07D04370022D1ABF7B
:10D7E000837000F1030E00F1020EBCF1030F04D2AE
:10D7F0000BE08646BCF1030F07D3AEF10400002313
:10D8000040F8043F041D9442FAD1491B21F0030063
:10D810001044824210D2002342F8043B82420BD2D1
:10D8200042F8043B82423CBF42F8043B824203D2AE
:10D8300042F8043B8242EFD301F0030142189042C8
:10D840001FD24B1E11F003040CD04FF0000C014608
:10D8500001F801CB012C0AD0022C80F801C003D1C1
:10D86000811C04E0014602E000218170C11C032BF1
:10D8700038BFB0BD081F002140F8041F031D9342AC
:10D88000FAD1B0BD042A09D3D0B502AFA2F1040E7B
:10D890006FEA0E0313F00C0F06D123E00B4684460B
:10D8A00060461946FFF78CBA0B46844653F8044B82
:10D8B0001EF00C0F4CF8044B09D04B6843600EF07F
:10D8C0000C03042B07D1083A0831083008E07246EF
:10D8D0006046194606E08B680C3A83600C310C30C8
:10D8E00084460B46BEF10C0F14D384460B461868D1
:10D8F000103ACCF80000032A5868CCF80400986865
:10D90000CCF80800D86803F11003CCF80C000CF137
:10D91000100CECD8BDE8D04060461946FFF750BA6D
:10D9200080B56F46042905D30B1FDA4312F00C0FA4
:10D9300002D11AE0024624E04FF0000C024642F801
:10D9400004CB13F00C0F08D003F00C02C0F804C095
:10D95000042A05D10839083006E01946104604E0CB
:10D9600000220C3982600C3002460C2B09D30023B4
:10D9700002461039C2E90033C2E9023310320329EA
:10D98000F7D85018824221D2A1F1010C11F0030303
:10D990000CD04FF0000E114601F801EB012B0AD01C
:10D9A000022B82F801E003D1911C04E0114602E051
:10D9B00000219170D11CBCF1030F38BF80BD043928
:10D9C000002241F8042F0B1D8342FAD180BD80B59F
:10D9D0006F46BDE88040FFF7F3B980B56F46BDE8FC
:10D9E0008040FFF7EDB9D4D410B584B002AC0094F8
:10D9F00000F004F8029A039B04B010BD80B56F4696
:10DA000086B0844602A8CDE9002362460B4600F0AA
:10DA10000DF8D7F808C0DDE90201BCF1000F1CBF0A
:10DA2000DDE90432CCE9003206B080BDF0B503AFC9
:10DA30002DE9000BD7E902E8BEF1000F72D0B8F172
:10DA4000000F6FD1002B00F0FC80734580F0078140
:10DA5000B3FA83F1BEFA8EF6711A01F1200608BFFF
:10DA60001F26C6F1200508FA06F10EFA06F82EFA6E
:10DA700005F52943B6F1200506F01F0658BF0EFA3A
:10DA800005F14FF0010505FA06FC4FF0000558BFFF
:10DA90004FF0000808E0224633464FEA181444EAE3
:10DAA00001784FEA1C1C0909B2EB080463EB01067C
:10DAB000002E03D445EA0C0502D12DE014461E4683
:10DAC0005FEA51034FEA3802A21A66EB0303002B08
:10DAD00004D445EA5C05144602D11DE022463346D3
:10DAE0004FEA980444EA8174141B63EB9106002EFC
:10DAF00003D445EA9C0502D10EE014461E464FEAC7
:10DB0000D80242EA4172A21A66EBD103002BC2D4BA
:10DB100045EADC051446C0D1B4FBFEF101FB1E460C
:10DB2000294392E00021002B00F08080B2EB0E062A
:10DB300073EB08067AD3B3FA83F1B8FA88F6711A50
:10DB400001F03F0601F01F01C6F1200408FA06F5B6
:10DB50000EFA06FC2EFA04F42C43B6F1200558BF49
:10DB60000EFA05F44FF0010505FA01F94FF0000136
:10DB700058BF4FF0000C08E032462B464FEA1C1607
:10DB800046EA047C4FEA19192409B2EB0C0673EB40
:10DB9000040507D441EA0901B6EB0E0275EB080251
:10DBA00002D23AE016461D465FEA54034FEA3C02B1
:10DBB000B21A75EB030309D4B2EB0E0541EA590121
:10DBC00073EB080516461D4602D226E032462B4668
:10DBD0004FEA9C0545EA8475561B63EB9405002DBE
:10DBE00007D441EA9901B6EB0E0275EB080202D2A6
:10DBF00013E016461D464FEADC0242EA4472B21AAE
:10DC000065EBD403002BB7D4B2EB0E0541EAD90182
:10DC100073EB080516461D46B0D24FF0000CC0E964
:10DC2000001CC0E90265BDE8000BF0BD4FF0000C20
:10DC300016461D46C0E9001CC0E90265BDE8000BA0
:10DC4000F0BDB2FBFEF101FB1E264FF0000C0025DB
:10DC5000C0E9001CC0E90265BDE8000BF0BD0DD1B4
:10DC6000B2FBF3F1002501FB13264FF0010CC0E9D4
:10DC7000001CC0E90265BDE8000BF0BDB3FBFEFC73
:10DC8000BEF5803F0CFB1E351AD22904002541EA5F
:10DC90001241B1FBFEF303FB0EF14CEA134CC1EB56
:10DCA0001241C2EA0141B1FBFEF202FB1E1642EA3A
:10DCB0000341C0E9001CC0E90265BDE8000BF0BDEE
:10DCC000B2EB0E0175EB080108D200211646C0E93F
:10DCD000001CC0E90265BDE8000BF0BD4FEAC87149
:10DCE00041EA5E034FEACE794FF00048002108E098
:10DCF000224635464FEA191444EA03794FEA1818C8
:10DD00001B09B2EB090465EB0306002E03D441EABC
:10DD1000080102D12DE014462E465FEA53054FEA72
:10DD20003902A21A66EB0505002D04D441EA580118
:10DD3000144602D11DE0224635464FEA990444EAD2
:10DD40008374141B65EB9306002E03D441EA9801FB
:10DD500002D10EE014462E464FEAD90242EA43723F
:10DD6000A21A66EBD305002DC2D441EAD8011446AD
:10DD7000C0D1B4FBFEF2002502FB1E461143C0E9F0
:10DD8000001CC0E90265BDE8000BF0BD80B56F4620
:04DD9000FEE7D4D402
:10DD9800000000000000010000000000000000007A
:10DDA800000000000000000000000000000000006B
:10DDB800000000000000000000000000000000005B
:10DDC800000000000000000000000000000000004B
:10DDD800000000000000000000000000000000003B
:10DDE800000000000000000000000000000000002B
:10DDF800000000000000000000000000000000001B
:10DE0800000000000000000000000000000000000A
:10DE180000000000000000000000000000000000FA
:10DE280000000000000000000000000000000000EA
:10DE380000000000000000000000000000000000DA
:10DE480000000000000000000000000000000000CA
:10DE580000000000000000000000000000000000BA
:10DE680000000000000000000000000000000000AA
:10DE7800000000000000000000000000000000009A
:10DE8800000000000000000000000000000000008A
:10DE9800000000000000000000000000000000007A
:10DEA800000000000000000000000000000000006A
:10DEB800000000000000000000000000000000005A
:10DEC800000000000000000000000000000000004A
:10DED800000000000000000000000000000000003A
:10DEE800000000000000000000000000000000002A
:10DEF800433A5C55736572735C6C656D6F6E5C2E2E
:10DF0800636172676F5C72656769737472795C7359
:10DF180072635C696E6465782E6372617465732ED2
:10DF2800696F2D3139343963663863366235623545
:10DF38003537665C74726F75626C652D686F7374C3
:10DF48002D302E382E305C7372635C636F6D6D619B
:10DF58006E642E727300C0023A20C000433A5C55CA
:10DF6800736572735C6C656D6F6E5C2E636172674E
:10DF78006F5C72656769737472795C7372635C69EC
:10DF88006E6465782E6372617465732E696F2D31C6
:10DF98003934396366386336623562353537665CDD
:10DFA80072616E645F636F72652D302E362E345C3D
:10DFB8007372635C696D706C732E727300433A5CA4
:10DFC80055736572735C6C656D6F6E5C726D6B5CBE
:10DFD800726D6B5C7372635C6D61747269782E72BA
:10DFE8007300433A5C55736572735C6C656D6F6E54
:10DFF8005C2E636172676F5C7265676973747279AE
:10E008005C7372635C696E6465782E6372617465B3
:10E01800732E696F2D31393439636638633662354A
:10E0280062353537665C74726F75626C652D686F22
:10E0380073742D302E382E305C7372635C70647587
:10E048002E72730010617373657274696F6E20604D
:10E058006C65667420C010207269676874602066F9
:10E0680061696C65643A20C0090A20206C65667491
:10E078003A20C0090A2072696768743A20C00043D0
:10E088003A5C55736572735C6C656D6F6E5C2E637C
:10E098006172676F5C72656769737472795C7372B9
:10E0A800635C696E6465782E6372617465732E694A
:10E0B8006F2D3139343963663863366235623535E8
:10E0C80037665C626C6F636B2D6275666665722D70
:10E0D800302E31302E345C7372635C6C69622E7240
:10E0E8007300433A5C55736572735C6C656D6F6E53
:10E0F8005C2E636172676F5C7265676973747279AD
:10E108005C7372635C696E6465782E6372617465B2
:10E11800732E696F2D313934396366386336623549
:10E1280062353537665C74726F75626C652D686F21
:10E1380073742D302E382E305C7372635C636861A3
:10E148006E6E656C5F6D616E616765722E727300CD
:10E15800433A5C55736572735C6C656D6F6E5C2ECB
:10E16800636172676F5C72656769737472795C73F7
:10E1780072635C696E6465782E6372617465732E70
:10E18800696F2D31393439636638633662356235E3
:10E198003537665C6E72662D7061632D302E342EB5
:10E1A800305C7372635C2E5C63686970735C6E725A
:10E1B8006635323834305C7061632E727300433ACE
:10E1C8005C55736572735C6C656D6F6E5C2E636114
:10E1D80072676F5C72656769737472795C73726376
:10E1E8005C696E6465782E6372617465732E696FFD
:10E1F8002D313934396366386336623562353537DF
:10E20800665C74726F75626C652D686F73742D30FF
:10E218002E382E305C7372635C637572736F722E66
:10E22800727300433A5C55736572735C6C656D6F0D
:10E238006E5C2E636172676F5C7265676973747276
:10E24800795C7372635C696E6465782E637261745D
:10E2580065732E696F2D31393439636638633662D8
:10E268003562353537665C74726F75626C652D681A
:10E278006F73742D302E382E305C7372635C676157
:10E2880074742E72730011737461727420627974DD
:10E298006520696E64657820C026206973206E6FDA
:10E2A800742061206368617220626F756E646172A8
:10E2B800793B20697420697320696E7369646520ED
:10E2C800C0082028627974657320C00B206F66200F
:10E2D800737472696E6729000F656E6420627974C1
:10E2E8006520696E64657820C026206973206E6F8A
:10E2F800742061206368617220626F756E64617258
:10E30800793B20697420697320696E73696465209C
:10E31800C0082028627974657320C00B206F6620BE
:10E32800737472696E672900433A5C55736572733A
:10E338005C6C656D6F6E5C2E636172676F5C726595
:10E348006769737472795C7372635C696E6465780B
:10E358002E6372617465732E696F2D313934396398
:10E3680066386336623562353537665C7365717554
:10E37800656E7469616C2D73746F726167652D3891
:10E388002E302E315C7372635C6974656D2E727306
:10E3980000433A5C55736572735C6C656D6F6E5CB7
:10E3A8002E636172676F5C72656769737472795CFA
:10E3B8007372635C696E6465782E637261746573E9
:10E3C8002E696F2D313934396366386336623562A8
:10E3D800353537665C74726F75626C652D686F735E
:10E3E800742D302E382E305C7372635C73656375E0
:10E3F800726974795F6D616E616765725C63727969
:10E4080070746F2E727300433A5C55736572735C57
:10E418006C656D6F6E5C2E636172676F5C726567A9
:10E4280069737472795C7372635C696E6465782E63
:10E438006372617465732E696F2D3139343963667F
:10E44800386336623562353537665C74726F75626B
:10E458006C652D686F73742D302E382E305C737296
:10E46800635C6174747269627574652E72730043BB
:10E478003A5C55736572735C6C656D6F6E5C2E6388
:10E488006172676F5C72656769737472795C7372C5
:10E49800635C696E6465782E6372617465732E6956
:10E4A8006F2D3139343963663863366235623535F4
:10E4B80037665C6465666D742D7274742D312E3305
:10E4C8002E305C7372635C6368616E6E656C2E726D
:10E4D8007300433A5C55736572735C6C656D6F6E5F
:10E4E8005C2E636172676F5C7265676973747279B9
:10E4F8005C7372635C696E6465782E6372617465BF
:10E50800732E696F2D313934396366386336623555
:10E5180062353537665C656D62617373792D6E722D
:10E52800662D302E31312E305C7372635C74696DE8
:10E53800655F6472697665722E72730000433A5C97
:10E5480055736572735C6C656D6F6E5C2E6361727A
:10E55800676F5C72656769737472795C7372635C08
:10E56800696E6465782E6372617465732E696F2DA8
:10E578003139343963663863366235623535376622
:10E588005C64626C2D302E332E325C7372635C6C6B
:10E5980069622E7273000F4174207061676520698B
:10E5A8006E6465783A20C0002F72757374632F38D3
:10E5B8003864396531326165313738666162306691
:10E5C80062356363303530613934646138353638E3
:10E5D800356434343965612F6C6962726172792FE0
:10E5E800636F72652F7372632F7374722F6D6F640C
:10E5F8002E727300433A5C55736572735C6C656D7B
:10E608006F6E5C2E636172676F5C726567697374A5
:10E6180072795C7372635C696E6465782E6372618B
:10E628007465732E696F2D313934396366386336F2
:10E63800623562353537665C74726F75626C652D4C
:10E64800686F73742D302E382E305C7372635C7073
:10E6580065726970686572616C2E727300433A5C0A
:10E6680055736572735C6C656D6F6E5C2E63617259
:10E67800676F5C72656769737472795C7372635CE7
:10E68800696E6465782E6372617465732E696F2D87
:10E698003139343963663863366235623535376601
:10E6A8005C656D62617373792D73796E632D302E9D
:10E6B800382E305C7372635C7075627375625C705F
:10E6C80075626C69736865722E727300156279746D
:10E6D800652072616E67652073746172747320615E
:10E6E8007420C00D2062757420656E647320617497
:10E6F80020C00026636F70795F66726F6D5F736C00
:10E708006963653A20736F7572636520736C69631A
:10E7180065206C656E6774682028C02B2920646F9B
:10E728006573206E6F74206D61746368206465730F
:10E7380074696E6174696F6E20736C696365206CAF
:10E74800656E6774682028C0012900433A5C5573D8
:10E758006572735C6C656D6F6E5C2E636172676F5A
:10E768005C72656769737472795C7372635C696EF5
:10E778006465782E6372617465732E696F2D313903
:10E7880034396366386336623562353537665C65B9
:10E798006D62617373792D73796E632D302E382E07
:10E7A800305C7372635C7075627375625C737562FA
:10E7B800736372696265722E727300433A5C5573B3
:10E7C8006572735C6C656D6F6E5C2E636172676FEA
:10E7D8005C72656769737472795C7372635C696E85
:10E7E8006465782E6372617465732E696F2D313993
:10E7F80034396366386336623562353537665C743A
:10E80800726F75626C652D686F73742D302E382E9B
:10E81800305C7372635C74797065735C7072696D77
:10E828006974697665732E727300433A5C55736533
:10E8380072735C6C656D6F6E5C2E636172676F5C82
:10E8480072656769737472795C7372635C696E640C
:10E8580065782E6372617465732E696F2D31393452
:10E86800396366386336623562353537665C656D9F
:10E8780062617373792D6E72662D302E31312E30B0
:10E888005C7372635C73616164632E727300C000B1
:10E89800433A5C55736572735C6C656D6F6E5C2E84
:10E8A800636172676F5C72656769737472795C73B0
:10E8B80072635C696E6465782E6372617465732E29
:10E8C800696F2D313934396366386336623562359C
:10E8D8003537665C74726F75626C652D686F73741A
:10E8E8002D302E382E305C7372635C7479706573CA
:10E8F8005C757569642E727300433A5C5573657272
:10E90800735C6C656D6F6E5C726D6B5C726D6B5C6D
:10E918007372635C626C655C6164762E727300432B
:10E928003A5C55736572735C6C656D6F6E5C2E63D3
:10E938006172676F5C72656769737472795C737210
:10E94800635C696E6465782E6372617465732E69A1
:10E958006F2D31393439636638633662356235353F
:10E9680037665C62742D6863692D302E31302E3124
:10E978005C7372635C706172616D2E727300433AEE
:10E988005C55736572735C6C656D6F6E5C2E63614C
:10E9980072676F5C72656769737472795C737263AE
:10E9A8005C696E6465782E6372617465732E696F35
:10E9B8002D31393439636638633662356235353717
:10E9C800665C656D62617373792D6E72662D302E8B
:10E9D80031312E305C7372635C726E672E72730015
:10E9E800433A5C55736572735C6C656D6F6E5C2E33
:10E9F800636172676F5C72656769737472795C735F
:10EA080072635C696E6465782E6372617465732ED7
:10EA1800696F2D313934396366386336623562354A
:10EA28003537665C74726F75626C652D686F7374C8
:10EA38002D302E382E305C7372635C636F6E6E659A
:10EA48006374696F6E5F6D616E616765722E727354
:10EA580000433A5C55736572735C6C656D6F6E5CF0
:10EA68002E636172676F5C72656769737472795C33
:10EA78007372635C696E6465782E63726174657322
:10EA88002E696F2D313934396366386336623562E1
:10EA9800353537665C74726F75626C652D686F7397
:10EAA800742D302E382E305C7372635C617474720E
:10EAB80069627574655F7365727665725C636C69AB
:10EAC800656E745F6174745F7461626C652E7273D5
:10EAD80000433A5C55736572735C6C656D6F6E5C70
:10EAE800726D6B5C726D6B5C7372635C73706C6976
:10EAF800745C626C655C7065726970686572616C83
:10EB08002E72730016736C69636520696E6465788C
:10EB18002073746172747320617420C00D20627553
:10EB28007420656E647320617420C000433A5C559C
:10EB3800736572735C6C656D6F6E5C726D6B5C7225
:10EB48006D6B5C7372635C73706C69745C626C652A
:10EB58005C6D6F642E727300433A5C557365727313
:10EB68005C6C656D6F6E5C2E636172676F5C72655D
:10EB78006769737472795C7372635C696E646578D3
:10EB88002E6372617465732E696F2D313934396360
:10EB980066386336623562353537665C7070762D57
:10EBA8006C69746538362D302E322E32315C7372B2
:10EBB800635C67656E657269632E727300433A5CC5
:10EBC80055736572735C6C656D6F6E5C2E636172F4
:10EBD800676F5C72656769737472795C7372635C82
:10EBE800696E6465782E6372617465732E696F2D22
:10EBF800313934396366386336623562353537669C
:10EC08005C74726F75626C652D686F73742D302E2D
:10EC1800382E305C7372635C636F6E6E6563746903
:10EC28006F6E2E727300433A5C55736572735C6C39
:10EC3800656D6F6E5C2E636172676F5C7265676984
:10EC4800737472795C7372635C696E6465782E6341
:10EC580072617465732E696F2D3139343963663882
:10EC68006336623562353537665C73657175656E16
:10EC78007469616C2D73746F726167652D382E30FD
:10EC88002E315C7372635C6D61702E727300206943
:10EC98006E646578206F7574206F6620626F756E7C
:10ECA80064733A20746865206C656E20697320C0AF
:10ECB80012206275742074686520696E6465782016
:10ECC800697320C000433A5C55736572735C6C6568
:10ECD8006D6F6E5C2E636172676F5C7265676973D6
:10ECE8007472795C7372635C696E6465782E6372A2
:10ECF800617465732E696F2D3139343963663863F1
:10ED080036623562353537665C656D626173737975
:10ED18002D74696D652D302E352E315C7372635CF0
:10ED2800696E7374616E742E7273007372635C70B3
:10ED380065726970686572616C2E727300433A5C23
:10ED480055736572735C6C656D6F6E5C726D6B5C30
:10ED5800726D6B5C7372635C73706C69745C706504
:10ED6800726970686572616C2E727300433A5C5503
:10ED7800736572735C6C656D6F6E5C2E6361726730
:10ED88006F5C72656769737472795C7372635C69CE
:10ED98006E6465782E6372617465732E696F2D31A8
:10EDA8003934396366386336623562353537665CBF
:10EDB8006165732D302E382E345C7372635C736F0B
:10EDC80066745C666978736C69636533322E727336
:10EDD800002F72757374632F383864396531326166
:10EDE8006531373866616230666235636330353065
:10EDF800613934646138353638356434343965619D
:10EE08002F6C6962726172792F636F72652F7372EA
:10EE1800632F666D742F6D6F642E7273002F727579
:10EE28007374632F38386439653132616531373826
:10EE380066616230666235636330353061393464E7
:10EE48006138353638356434343965612F6C696218
:10EE5800726172792F636F72652F7372632F736C8F
:10EE68006963652F6D6F642E727300433A5C557346
:10EE78006572735C6C656D6F6E5C2E636172676F33
:10EE88005C72656769737472795C7372635C696ECE
:10EE98006465782E6372617465732E696F2D3139DC
:10EEA80034396366386336623562353537665C7483
:10EEB800726F75626C652D686F73742D302E382EE5
:10EEC800305C7372635C73656375726974795F6DC6
:10EED800616E616765725C70616972696E675C70AA
:10EEE80065726970686572616C2E727300433A5C72
:10EEF80055736572735C6C656D6F6E5C2E636172C1
:10EF0800676F5C72656769737472795C7372635C4E
:10EF1800696E6465782E6372617465732E696F2DEE
:10EF28003139343963663863366235623535376668
:10EF38005C74726F75626C652D686F73742D302EFA
:10EF4800382E305C7372635C7365637572697479AB
:10EF58005F6D616E616765725C70616972696E6729
:10EF68005C7574696C2E7273002F72757374632FDD
:10EF780038386439653132616531373866616230F5
:10EF880066623563633035306139346461383536EB
:10EF980038356434343965612F6C6962726172790D
:10EFA8002F636F72652F7372632F736C6963652F9C
:10EFB800697465722E727300433A5C557365727397
:10EFC8005C6C656D6F6E5C2E636172676F5C7265F9
:10EFD8006769737472795C7372635C696E6465786F
:10EFE8002E6372617465732E696F2D3139343963FC
:10EFF80066386336623562353537665C656D6261E1
:10F008007373792D73796E632D302E382E305C73BF
:10F0180072635C7075627375625C6D6F642E727377
:10F0280000433A5C55736572735C6C656D6F6E5C1A
:10F03800726D6B5C726D6B5C7372635C6576656E2A
:10F04800745C626174746572792E727300433A5C01
:10F0580055736572735C6C656D6F6E5C2E6361725F
:10F06800676F5C72656769737472795C7372635CED
:10F07800696E6465782E6372617465732E696F2D8D
:10F088003139343963663863366235623535376607
:10F098005C74726F75626C652D686F73742D302E99
:10F0A800382E305C7372635C617474726962757453
:10F0B800655F7365727665722E727300433A5C55AC
:10F0C800736572735C6C656D6F6E5C2E63617267DD
:10F0D8006F5C72656769737472795C7372635C697B
:10F0E8006E6465782E6372617465732E696F2D3155
:10F0F8003934396366386336623562353537665C6C
:10F108007374617469635F63656C6C2D322E312E84
:10F11800315C7372635C6C69622E72730010726189
:10F128006E676520656E6420696E64657820C0220C
:10F13800206F7574206F662072616E676520666F38
:10F148007220736C696365206F66206C656E6774E6
:10F158006820C000433A5C55736572735C6C656DDA
:10F168006F6E5C2E636172676F5C7265676973743A
:10F1780072795C7372635C696E6465782E63726120
:10F188007465732E696F2D31393439636638633687
:10F19800623562353537665C6465666D742D312E6F
:10F1A800312E315C7372635C6C69622E727300433A
:10F1B8003A5C55736572735C6C656D6F6E5C2E633B
:10F1C8006172676F5C72656769737472795C737278
:10F1D800635C696E6465782E6372617465732E6909
:10F1E8006F2D3139343963663863366235623535A7
:10F1F80037665C74726F75626C652D686F73742DF9
:10F20800302E382E305C7372635C6174742E7273A6
:10F2180000FFFFFFFF1F00433A5C55736572735C84
:10F228006C656D6F6E5C726D6B5C726D6B5C73722E
:10F23800635C73746F726167655C6D6F642E727363
:10F2480000433A5C55736572735C6C656D6F6E5CF8
:10F25800726D6B5C726D6B5C7372635C6576656E08
:10F26800745C6D6F642E7273001173746172742014
:10F278006279746520696E64657820C02720697397
:10F28800206F7574206F6620626F756E64732066D8
:10F298006F7220737472696E67206F66206C656E7A
:10F2A80067746820C0001272616E676520737461AC
:10F2B800727420696E64657820C022206F7574208E
:10F2C8006F662072616E676520666F7220736C6965
:10F2D8006365206F66206C656E67746820C00043A4
:10F2E8003A5C55736572735C6C656D6F6E5C2E630A
:10F2F8006172676F5C72656769737472795C737247
:10F30800635C696E6465782E6372617465732E69D7
:10F318006F2D313934396366386336623562353575
:10F3280037665C656D6265646465642D696F2D3050
:10F338002E372E315C7372635C696D706C735C730D
:10F348006C6963655F6D75742E727300433A5C5522
:10F35800736572735C6C656D6F6E5C2E636172674A
:10F368006F5C72656769737472795C7372635C69E8
:10F378006E6465782E6372617465732E696F2D31C2
:10F388003934396366386336623562353537665CD9
:10F3980074726F75626C652D686F73742D302E38BA
:10F3A8002E305C7372635C73656375726974795F20
:10F3B8006D616E616765725C70616972696E675CC8
:10F3C80063656E7472616C2E727300433A5C557398
:10F3D8006572735C6C656D6F6E5C2E636172676FCE
:10F3E8005C72656769737472795C7372635C696E69
:10F3F8006465782E6372617465732E696F2D313977
:10F4080034396366386336623562353537665C622F
:10F41800742D6863692D302E31302E315C73726320
:10F428005C6C69622E727300433A5C557365727343
:10F438005C6C656D6F6E5C2E636172676F5C726584
:10F448006769737472795C7372635C696E646578FA
:10F458002E6372617465732E696F2D313934396387
:10F4680066386336623562353537665C6465666D65
:10F47800742D7274742D312E332E305C7372635C6C
:10F488006C69622E7273000F556E6B6E6F776E200B
:10F498006572726E6F3A20C000433A5C55736572AC
:10F4A800735C6C656D6F6E5C2E636172676F5C7206
:10F4B800656769737472795C7372635C696E64659D
:10F4C800782E6372617465732E696F2D3139343902
:10F4D8006366386336623562353537665C736571E5
:10F4E80075656E7469616C2D73746F726167652DD3
:10F4F800382E302E315C7372635C6C69622E7273C5
:10F5080000433A5C55736572735C6C656D6F6E5C35
:10F518002E636172676F5C72656769737472795C78
:10F528007372635C696E6465782E63726174657367
:10F538002E696F2D31393439636638633662356226
:10F54800353537665C6E72662D7364632D302E34E4
:10F558002E305C7372635C7364632E727300433A7B
:10F568005C55736572735C6C656D6F6E5C726D6B08
:10F578005C726D6B5C7372635C7761746368646FF3
:10F58800675C6E726635322E727300433A5C55734F
:10F598006572735C6C656D6F6E5C2E636172676F0C
:10F5A8005C72656769737472795C7372635C696EA7
:10F5B8006465782E6372617465732E696F2D3139B5
:10F5C80034396366386336623562353537665C656B
:10F5D8006D62617373792D73796E632D302E382EB9
:10F5E800305C7372635C6D757465782E727300435A
:10F5F8003A5C55736572735C6C656D6F6E5C2E63F7
:10F608006172676F5C72656769737472795C737233
:10F61800635C696E6465782E6372617465732E69C4
:10F628006F2D313934396366386336623562353562
:10F6380037665C656D62617373792D6E72662D3005
:10F648002E31312E305C7372635C6770696F74653C
:10F658002E727300433A5C55736572735C6C656D0A
:10F668006F6E5C726D6B5C726D6B5C7372635C6504
:10F6780076656E745C696E7075742E727300433AA9
:10F688005C55736572735C6C656D6F6E5C2E63613F
:10F6980072676F5C72656769737472795C737263A1
:10F6A8005C696E6465782E6372617465732E696F28
:10F6B8002D3139343963663863366235623535370A
:10F6C800665C74726F75626C652D686F73742D302B
:10F6D8002E382E305C7372635C686F73742E72738D
:10F6E80000433A5C55736572735C6C656D6F6E5C54
:10F6F8002E636172676F5C72656769737472795C97
:10F708007372635C696E6465782E63726174657385
:10F718002E696F2D31393439636638633662356244
:10F72800353537665C706F7374636172642D312E82
:10F73800312E335C7372635C766172696E742E72FB
:10F748007300433A5C55736572735C6C656D6F6EDC
:10F758005C2E636172676F5C726567697374727936
:10F768005C7372635C696E6465782E63726174653C
:10F77800732E696F2D3139343963663863366235D3
:10F7880062353537665C62742D6863692D302E31B9
:10F79800302E315C7372635C646174612E72730025
:10F7A800433A5C55736572735C6C656D6F6E5C2E65
:10F7B800636172676F5C72656769737472795C7391
:10F7C80072635C696E6465782E6372617465732E0A
:10F7D800696F2D313934396366386336623562357D
:10F7E8003537665C74726F75626C652D686F7374FB
:10F7F8002D302E382E305C7372635C7061636B65DC
:10F80800745F706F6F6C2E727300433A5C5573654A
:10F8180072735C6C656D6F6E5C2E636172676F5C92
:10F8280072656769737472795C7372635C696E641C
:10F8380065782E6372617465732E696F2D31393462
:10F84800396366386336623562353537665C7261AE
:10F858006E645F636F72652D302E362E345C737262
:10F86800635C626C6F636B2E727300433A5C557312
:10F878006572735C6C656D6F6E5C2E636172676F29
:10F888005C72656769737472795C7372635C696EC4
:10F898006465782E6372617465732E696F2D3139D2
:10F8A80034396366386336623562353537665C6588
:10F8B8006D62617373792D6E72662D302E31312E23
:10F8C800305C7372635C7573625C6D6F642E727307
:10F8D80000433A5C55736572735C6C656D6F6E5C62
:10F8E8002E636172676F5C72656769737472795CA5
:10F8F8007372635C696E6465782E63726174657394
:10F908002E696F2D31393439636638633662356252
:10F91800353537665C62742D6863692D302E313059
:10F928002E315C7372635C6576656E742E7273003B
:10F938000F656E64206279746520696E646578204D
:10F94800C027206973206F7574206F6620626F75F9
:10F958006E647320666F7220737472696E67206FAD
:10F9680066206C656E67746820C000C0013AC001EB
:10F978003AC000433A5C55736572735C6C656D6F91
:10F988006E5C2E636172676F5C726567697374720F
:10F99800795C7372635C696E6465782E63726174F6
:10F9A80065732E696F2D3139343963663863366271
:10F9B8003562353537665C686561706C6573732DC3
:10F9C800302E392E335C7372635C7665635C6D6FC1
:10F9D800642E727300433A5C55736572735C6C6590
:10F9E8006D6F6E5C726D6B5C726D6B5C7372635C79
:10F9F800696E7075745F6465766963655C6261746D
:10FA0800746572792E727300433A5C55736572732C
:10FA18005C6C656D6F6E5C2E636172676F5C72659E
:10FA28006769737472795C7372635C696E64657814
:10FA38002E6372617465732E696F2D3139343963A1
:10FA480066386336623562353537665C74726F7551
:10FA5800626C652D686F73742D302E382E305C7390
:10FA680072635C6C326361705C7361722E727300D6
:10FA7800433A5C55736572735C6C656D6F6E5C2E92
:10FA8800636172676F5C72656769737472795C73BE
:10FA980072635C696E6465782E6372617465732E37
:10FAA800696F2D31393439636638633662356235AA
:10FAB8003537665C667574757265732D7574696C17
:10FAC8002D302E332E33345C7372635C6675747517
:10FAD80072655C6D617962655F646F6E652E7273C5
:10FAE80000433A5C55736572735C6C656D6F6E5C50
:10FAF8002E636172676F5C72656769737472795C93
:10FB08007372635C696E6465782E63726174657381
:10FB18002E696F2D31393439636638633662356240
:10FB2800353537665C6E72662D6D70736C2D302EB0
:10FB3800342E305C7372635C666C6173682E72730A
:10FB480000433A5C55736572735C6C656D6F6E5CEF
:10FB5800726D6B5C726D6B5C7372635C696E7075F1
:10FB6800745F6465766963655C726F746172795FEE
:10FB7800656E636F6465722E727300433A5C5573E9
:10FB88006572735C6C656D6F6E5C726D6B5C726DCB
:10FB98006B5C7372635C696E7075745F64657669BB
:10FBA80063655C6164635C6E72662E727300433ACF
:10FBB8005C55736572735C6C656D6F6E5C2E63610A
:10FBC80072676F5C72656769737472795C7372636C
:10FBD8005C696E6465782E6372617465732E696FF3
:10FBE8002D313934396366386336623562353537D5
:10FBF800665C74726F75626C652D686F73742D30F6
:10FC08002E382E305C7372635C7365637572697429
:10FC1800795F6D616E616765725C6D6F642E72737A
:10FC280000000000C6E10300640000004600000078
:10FC38002A000000F8DE0300650000002400000030
:10FC48002400000073EE030081000000BA000000E9
:10FC58002F00000073EE0300810000007000000018
:10FC68000D00000054F303007E0000003A0100007C
:10FC78002F00000054F303007E0000006B01000019
:10FC88002B00000054F303007E00000092010000E6
:10FC98003C00000054F303007E00000058030000FD
:10FCA8001900000054F303007E0000006103000007
:10FCB80036000000EAE003006D000000E7000000E5
:10FCC8002A00000087E0030062000000A200000094
:10FCD80027000000B6FB030072000000DB030000F1
:10FCE80028000000B6FB030072000000E5030000D6
:10FCF8000E000000B6FB0300720000006C03000059
:10FD08001D000000B6FB0300720000007103000034
:10FD18000E000000B6FB0300720000007203000032
:10FD28002D000000B6FB030072000000560300001F
:10FD38001D000000B6FB0300720000005A0300001B
:10FD480014000000B6FB0300720000005B03000013
:10FD58001D000000B6FB030072000000380300001D
:10FD680013000000B6FB0300720000003803000017
:10FD780039000000B6FB03007200000038030000E1
:10FD88001C000000B6FB03007200000085030000A1
:10FD980028000000B6FB030072000000AD0300005D
:10FDA80011000000B6FB030072000000C60300004B
:10FDB80014000000B6FB030072000000C703000037
:10FDC8001D000000EB5900000803000008000000B7
:10FDD800D79D0100CD9A0100ED9D0100459B0100D2
:10FDE800959B0100F19C0100319C0100E59B0100FD
:10FDF80069A90100B5A901002BE203006200000017
:10FE080087030000320000002BE2030062000000BC
:10FE1800B20300001300000000000000040000000E
:10FE280004000000ED4F0200F5EE03007B00000027
:10FE38009E0000000E000000F5EE03007B000000AD
:10FE4800750000000E000000F5EE03007B000000C6
:10FE5800840000000D000000F5EE03007B000000A8
:10FE68008400000019000000F5EE03007B0000008C
:10FE7800850000000D000000F5EE03007B00000087
:10FE8800850000002A000000F5EE03007B0000005A
:10FE98008D0000000D000000F5EE03007B0000005F
:10FEA8008D0000001D000000F5EE03007B0000003F
:10FEB800B60000000D000000F5EE03007B00000016
:10FEC800C200000005000000F5EE03007B00000002
:10FED800C30000000C000000F5EE03007B000000EA
:10FEE800C30000001300000076616C7565566563F9
:10FEF8003A3A66726F6D5F69746572206F766572E3
:10FF0800666C6F777BF9030061000000B3050000A1
:10FF18001E00000030E3030068000000AF0000008E
:10FF28006400000030E30300680000003A000000AD
:10FF38003000000030E303006800000045000000C6
:10FF48002B00000030E3030068000000810000007F
:10FF58003100000030E30300680000009B0000004F
:10FF68002C00000030E3030068000000920000004D
:10FF780041000000000000000300000062746C658E
:10FF880074727565060000004D70736C7575696450
:10FF980042757379202020204F70656EEAE00300D7
:10FFA8006D000000C40000002900000030E30300D9
:10FFB80068000000610100002600000030E3030033
:10FFC80068000000110100002E00000030E303006B
:10FFD80068000000230100002600000030E3030051
:10FFE800680000004A0100001300000030E303002D
:08FFF800680000004A0100004E
:020000024000BC
:1000000027000000EAE003006D000000DE040000AD
:1000100027000000EAE003006D000000DF0400009C
:1000200019000000EAE003006D000000F304000086
:100030002D000000EAE003006D000000DC04000079
:100040006D00000059EA03007F000000DE0100009F
:1000500017000000B6FB0300720000001704000048
:100060002E000000B6FB0300720000001804000020
:100070002D000000B6FB0300720000002504000004
:1000800024000000B6FB03007200000026040000FC
:100090002D00000086F60300620000001D04000031
:1000A0002D00000086F60300620000008B020000B5
:1000B0000500000086F6030062000000AF010000AA
:1000C0006A00000086F60300620000008002000063
:1000D0000500000030E30300680000004B02000050
:1000E0003B00000030E30300680000004E02000007
:1000F0002D00000086F603006200000025050000C8
:100100000500000030E303006800000070020000FA
:100110003D00000030E30300680000007C020000A6
:100120003D00000086F60300620000004A05000062
:100130000500000086F60300620000006F05000065
:100140003800000086F60300620000006B06000025
:100150003C000000E8E90300700000001504000006
:100160003E000000E8E903007000000024040000E5
:1001700016000000E8E9030070000000DF03000043
:10018000050000002EEC030067000000BF00000027
:100190002D0000002EEC030067000000CC000000E2
:1001A0002C0000002EEC030067000000D0000000CF
:1001B0002D0000002EEC030067000000D0000000BE
:1001C0003D0000005B630000080100000800000023
:1001D00031E701002EEC03006700000092010000EF
:1001E000260000002EEC030067000000B3010000B1
:1001F000260000002EEC030067000000E301000071
:10020000390000002EEC030067000000010200002E
:10021000250000000FE40300670000000004000058
:100220001C0000000FE4030067000000B1040000A0
:100230001C0000000FE4030067000000F003000052
:100240001C00000049F2030027000000D800000055
:10025000420000001FF20300290000002F000000F0
:10026000680000001FF20300290000006801000080
:100270001D00000001E903002500000078000000D7
:100280005000000045ED03002E000000300000008B
:1002900003000000D9EA030032000000F000000073
:1002A00050000000D9EA030032000000A70000005F
:1002B00003000000726D6B00D9EA030032000000F9
:1002C000B80000004300000000000000040000002F
:1002D0000400000071530100D9F900000000000083
:1002E0000400000004000000A153010055FC0000C0
:1002F0000000000004000000040000008153010021
:100300000BFA0000000000000400000004000000E0
:100310009153010039FA0000616C6C2066757475A8
:1003200072657320696E2073656C65637421207734
:1003300065726520636F6D706C657465642C2062F6
:100340007574206E6F2060636F6D706C65746520CE
:100350003D3E602068616E646C6572207761732039
:1003600070726F766964656445ED03002E000000CD
:100370006D0000001100000045ED03002E0000009C
:100380006C0000002800000093F5030063000000EB
:10039000500000001F00000086F60300620000000D
:1003A000170100001800000086F60300620000003C
:1003B0001A01000027000000B6FB030072000000D5
:1003C000C902000028000000000000000400000036
:1003D00004000000B153010009FE0000000000000D
:1003E0000400000004000000C1530100E9FF000008
:1003F000DDF903003200000062000000010000008F
:1004000033ED030011000000670000000100000050
:10041000A1F4030067000000110100005600000075
:10042000A1F4030067000000CD0000002C000000D4
:10043000A1F4030067000000C40000006100000098
:10044000A1F4030067000000DD0000001C000000B4
:10045000A1F4030067000000660000003100000006
:10046000A1F4030067000000300100002D0000002F
:10047000A1F40300670000004D0000004B000000E5
:10048000A1F4030067000000AD0000002D00000093
:10049000A1F4030067000000B1000000110000009B
:1004A000A1F40300670000003900000046000000CE
:1004B000A1F4030067000000FC00000055000000EC
:1004C000FCE5030068000000420000000500000099
:1004D000FCE503006800000073000000100000004D
:1004E000FCE5030068000000730000003A00000013
:1004F000FCE5030068000000730000001C00000021
:10050000FCE50300680000007A0000001000000015
:10051000FCE50300680000007A0000003B000000DA
:10052000FCE50300680000007A0000001C000000E9
:10053000F8DE030065000000290000002B00000029
:10054000C0EF030068000000B300000027000000B7
:1005500045ED03002E0000005800000028000000B8
:1005600053E703006F000000250000003400000086
:10057000EAE003006D000000850000003A00000082
:1005800002000100EAE003006D0000004B020000E1
:1005900039000000DDF9030032000000A300000074
:1005A00046000000DDF9030032000000C300000037
:1005B0004C000000E9FA03005F000000EA000000C0
:1005C0005D000000E9FA03005F0000002F01000059
:1005D00051000000E9FA03005F0000004A0100003A
:1005E0005700000032E8030063000000FC00000038
:1005F0003800000032E8030063000000DC00000067
:100600002300000086F603006200000015010000D0
:100610001E00000009F503005C00000099030000C3
:100620005600000059EA03007F000000C8010000E6
:100630001B00000059EA03007F0000002E020000AA
:100640001B00000059EA03007F000000F0010000D9
:100650001700000059EA03007F000000F7010000C6
:100660002700000059EA03007F000000F9010000A4
:100670001900000059EA03007F000000F9010000A2
:100680002100000059EA03007F0000000902000079
:100690001B00000059EA03007F000000A5010000D4
:1006A0001B000000B6FB030072000000C702000040
:1006B0005500000086F6030062000000CD01000036
:1006C0000500000086F6030062000000E70100005C
:1006D0000500000086F6030062000000BF01000074
:1006E0002D00000086F60300620000003D020000BD
:1006F0000500000086F60300620000003D040000D3
:10070000770000001FF203002900000093010000A1
:100710004C0000001FF20300290000009D010000B2
:100720006A0000001FF2030029000000860200009A
:100730002E0000001FF20300290000005D020000EF
:10074000280000001FF20300290000001B02000027
:10075000190000001FF2030029000000A70100009B
:100760000F00000030E3030068000000F301000008
:100770002F00000049FB03003900000022010000A7
:100780003E00000086F6030062000000BF06000085
:100790000500000086F6030062000000C8060000A5
:1007A0001700000086F60300620000008E070000BC
:1007B0002D00000086F60300620000001008000013
:1007C00047000000F7F50300640000005D02000030
:1007D0002B000000F7F50300640000007102000028
:1007E0002F000000FCE50300680000006E0100001F
:1007F00047000000E8E90300700000008A000000E4
:100800003D000000E8E90300700000003303000031
:1008100056000000E8E9030070000000BD00000081
:1008200043000000E8E9030070000000CE02000071
:1008300045000000E8E90300700000008F0200009E
:1008400064000000E8E9030070000000DC02000022
:1008500049000000E8E9030070000000C200000049
:10086000470000002BE2030062000000D3000000FC
:10087000490000002EEC0300670000009C0300000C
:100880005B0000002EEC030067000000580300002E
:10089000260000002EEC030067000000DB000000D3
:1008A0005000000083FB030032000000390000000C
:1008B0003B00000083FB03003200000063000000E7
:1008C0001300000083FB03003200000080000000E2
:1008D0002500000083FB0300320000007C000000C4
:1008E0003400000083FB0300320000007C000000A5
:1008F0001D00000083FB03003200000085000000A3
:100900002D00000086F6030062000000640800006D
:100910001A00000086F60300620000005D08000077
:100920005B000000F7F5030064000000780200009F
:100930002B000000F7F503006400000090020000A7
:100940002F000000C5EB030068000000B8020000A3
:100950004B000000C5EB0300680000005B020000D4
:1009600031000000C5EB0300680000004E020000EB
:100970003A000000C5EB03006800000060020000C0
:100980003C0000002BE2030062000000E3030000D3
:10099000210000001FF20300290000003B000000BE
:1009A0004B0000001FF2030029000000500000006F
:1009B0004300000033ED0300110000008000000040
:1009C0002500000009F503005C000000A9040000F8
:1009D0000500000009F503005C000000B9040000F8
:1009E0002600000009F503005C000000B8040000C8
:1009F00076000000C0EF030068000000FD0000006A
:100A00001B000000C0EF030068000000160100009A
:100A10001B000000C0EF0300680000000F01000091
:100A20001B000000C0EF030068000000DE000000B3
:100A30001B00000009F503005C000000BE0400007C
:100A40000500000083FB03003200000009000000E5
:100A50000A000000D9EA0300320000007A0000001A
:100A60005A00000009F503005C0000003205000098
:100A70000500000009F503005C00000034050000DB
:100A80000500000009F503005C00000035050000CA
:100A90000500000049F20300270000009400000058
:100AA0002F00000009F503005C000000DE040000D8
:100AB0000500000009F503005C0000003E05000091
:100AC0000500000049F20300270000009D0000001F
:100AD0003300000009F503005C000000C1040000C1
:100AE0000500000009F503005C000000C2040000DE
:100AF0000500000009F503005C000000E9030000A8
:100B00006500000009F503005C000000FF03000021
:100B100078000000C5DF030024000000140100007D
:100B200029000000E9FA03005F000000C002000095
:100B30005800000083FB0300320000000F0000009B
:100B400001000000E9FA03005F000000CD02000090
:100B50004E000000E9FA03005F000000D10200002F
:100B600055000000C5DF0300240000006B010000F9
:100B700033000000C5DF03002400000087010000EF
:100B80001A00000049FB03003900000010000000BB
:100B90000100000009F503005C0000001A050000D8
:100BA0000500000009F503005C0000001B050000C3
:100BB0000500000009F503005C0000001D050000B1
:100BC0000500000009F503005C0000001E050000A0
:100BD0000500000009F503005C0000001F0500008F
:100BE0000500000009F503005C0000002805000076
:100BF0000500000009F503005C0000002905000065
:100C00000500000009F503005C0000002A05000053
:100C10000500000009F503005C000000300500003D
:100C20000500000009F503005C000000310500002C
:100C300005000000D9EA0300320000003300000084
:100C400048000000C5DF030024000000E0010000B0
:100C50002600000009F503005C000000FC04000011
:100C60000500000009F503005C000000FE04000020
:100C70000500000009F503005C000000FF0400000F
:100C800005000000F7F50300640000005F030000AA
:100C900042000000F7F50300640000006F0300004D
:100CA0004600000009F503005C000000000500009C
:100CB0000500000009F503005C00000002050000CB
:100CC0000500000009F503005C0000000F050000AE
:100CD000050000006368756E6B2073697A65206D8E
:100CE000757374206265206E6F6E2D7A65726F0069
:100CF000000000000000000001000000912602003A
:100D0000000000000800000004000000152F020091
:100D10004D617020636F6E666967206D7573742016
:100D2000626520636F727265637400002EEC0300CD
:100D3000670000002300000017000000605374618A
:100D400074696343656C6C6020697320616C7265C3
:100D50006164792066756C6C2C2069742063616E07
:100D6000277420626520696E697469616C697A65AF
:100D7000642074776963652EC4F00300600000008E
:100D8000540000000D000000EAE003006D000000C8
:100D90008500000023000000EAE003006D00000071
:100DA000D000000026000000EAE003006D00000013
:100DB000DA0000002400000050445500EAE003007F
:100DC0006D0000004903000026000000EAE0030077
:100DD0006D0000005D03000028000000EAE0030051
:100DE0006D0000009304000024000000EAE003000E
:100DF0006D000000970400002D000000EAE00300F1
:100E00006D0000009C0400002E000000EAE00300DA
:100E10006D000000F402000028000000EAE003007A
:100E20006D0000001A0300002A000000EAE0030041
:100E30006D0000003C0300001C000000EAE003001D
:100E40006D000000420300001C000000EAE0030007
:100E50006D0000003103000018000000EAE003000C
:100E60006D0000007103000026000000EAE00300AE
:100E70006D000000750300001C000000EAE00300A4
:100E80006D0000008103000026000000EAE003007E
:100E90006D0000008202000022000000EAE0030072
:100EA0006D0000008902000031000000EAE003004C
:100EB0006D0000004602000037000000EAE0030079
:100EC0006D0000004702000040000000EAE003005F
:100ED0006D000000470200004A000000EAE0030045
:100EE0006D000000610200002C00000010FA0300F9
:100EF00067000000250000002100000010FA030038
:100F000067000000250000004B000000EAE003003D
:100F10006D0000000605000017000000EAE0030075
:100F20006D000000060500000900000055F00300F8
:100F30006E000000C90200002100000055F003000F
:100F40006E000000C90200002D000000E8E9030067
:100F5000700000009304000030000000E8E9030086
:100F600070000000940400001C000000C0EF0300AB
:100F700068000000780100004B000000C0EF030093
:100F8000680000007E01000037000000C0EF030091
:100F900068000000980100002C000000B6FB030070
:100FA00072000000AE00000022000000B6FB03004B
:100FB000720000009E00000014000000B6FB030059
:100FC000720000009E0000001A000000B6FB030043
:100FD000720000009F0000001B0000002BE20300D5
:100FE000620000007D0100003900000053445500FC
:100FF000050004000600000086F603006200000001
:10100000BE0300002A00000086F603006200000014
:10101000930100004A00000086F603006200000011
:10102000B702000034000000E8E90300700000008F
:101030007F02000030000000E8E9030070000000BB
:101040005402000024000000E8E9030070000000E2
:101050006002000030000000E8E9030070000000BA
:10106000A102000029000000E8E903007000000070
:10107000DD01000030000000E8E90300700000001E
:101080008A00000026000000E8E90300700000006C
:10109000F302000029000000E8E9030070000000EE
:1010A0000C01000027000000E8E9030070000000C8
:1010B0009402000024000000E8E903007000000032
:1010C0009702000029000000E8E90300700000001A
:1010D0001A02000024000000E8E90300700000008C
:1010E0001D02000030000000E8E90300700000006D
:1010F000D500000027000000E8E9030070000000B0
:101100008B01000024000000E8E9030070000000EB
:101110009001000030000000E8E9030070000000CA
:101120008E0000002A000000E8E9030070000000C3
:10113000AE0300002D000000E8E90300700000008D
:101140009C0000002D000000E8E903007000000092
:10115000820100001C000000E8E9030070000000AC
:101160008C02000026000000E8E903007000000087
:101170000001000027000000DDF90300320000003C
:101180009500000012000000DDF9030032000000AD
:101190009800000019000000DDF903003200000093
:1011A0009D0000000F000000E9F603006000000051
:1011B0002F0000001C000000E9F6030060000000A2
:1011C0003F0000001C000000E9F603006000000082
:1011D0004F0000001C000000E9F603006000000062
:1011E0005F0000001C000000E9F603006000000042
:1011F0001F0000001C00000012F803006000000047
:10120000E50000003B00000012F803006000000051
:10121000BF00000015000000496E737566666963C3
:1012200069656E745370616365496E76616C69645B
:1012300056616C756500000071EF03004E00000000
:10124000E405000025000000EADF03006100000063
:10125000230000001E0000004D61796265446F6E3E
:101260006520706F6C6C65642061667465722076B1
:10127000616C75652074616B656E000078FA03001F
:1012800070000000640000001F00000049FB030024
:1012900039000000860000001100000049FB030037
:1012A00039000000830000001100000073F8030003
:1012B00065000000A30100000A00000073F80300AD
:1012C00065000000B40100000A0000005061737363
:1012D0006B6579456E7472794661696C65644F6FB0
:1012E000624E6F74417661696C61626C65417574C0
:1012F00068656E7469636174696F6E526571756952
:1013000072656D656E7473436F6E6669726D56615A
:101310006C75654661696C656450616972696E6778
:101320004E6F74537570706F72746564456E63723E
:10133000797074696F6E4B657953697A65436F6D27
:101340006D616E644E6F74537570706F7274656406
:10135000556E737065636966696564526561736F24
:101360006E000000000000004861726477617265E1
:10137000204661696C7572653031323334353637E9
:10138000383941424344454624000000240000000F
:101390005000000040000000536563757269747965
:1013A0002052657175657374496E76616C6964432A
:1013B00068616E6E656C49645370736D4E6F7453E3
:1013C0007570706F727465640000000000000000AA
:1013D00000000000000000004661696C6564546F05
:1013E00046696E616C697A6530313233343536372F
:1013F00038396162636465665265706561746564FD
:10140000417474656D70747350616972696E6720A0
:10141000526573706F6E736544484B6579436865B8
:10142000636B4661696C6564496E76616C69645092
:101430006172616D65746572734E756D6572696315
:10144000436F6D70617269736F6E4661696C65643C
:10145000427245647250616972696E67496E50727A
:101460006F677265737347656E65726174696F6EDD
:101470004E6F74416C6C6F7765644B657952656A29
:101480006563746564436F6E74726F6C6C657242F1
:101490006C65486F73744863694863694465636F3A
:1014A00064654174740000005365637572697479F2
:1014B0004E6F74466F756E64546F6F204C61746527
:1014C000454E4554444F574E000000500003005015
:1014D0007772697461626C650209000000000000A7
:1014E0007265616461626C65006000400600000026
:1014F0005F70726976617465454E4F54434F4E4E2E
:101500006578706563746564556E6578706563743D
:101510006564446174614C656E6774686163747579
:10152000616C43616E6E6F74436F6E73747275633A
:10153000744761747456616C7565436F6E66696754
:1015400046696C7465724163636570744C69737449
:101550004973456D707479556E657870656374650F
:101560006447617474526573706F6E73654D616C1E
:10157000666F726D656443686172616374657269F8
:10158000737469634465636C61726174696F6E49F9
:101590006E76616C696443686172616374657269D7
:1015A000737469634465636C61726174696F6E44DE
:1015B000617461436F6465634572726F72457874DC
:1015C000656E6465644164766572746973696E679B
:1015D0004E6F74537570706F72746564496E766186
:1015E0006C6964557569644C656E677468416476AE
:1015F0006572746973656D656E744C3263617043B6
:101600006F6E6E6563744572726F724E6F43686180
:101610006E6E656C417661696C61626C65496E766F
:10162000616C696453746174654F75744F664D6580
:101630006D6F72794E6F74537570706F72746564EC
:101640004368616E6E656C436C6F73656454696D5D
:10165000656F75744E6F5065726D6974734469730C
:10166000636F6E6E6563746564436F6E6E656374FD
:10167000696F6E4C696D6974526561636865644732
:10168000617474537562736372696265724C696DDB
:10169000697452656163686564416C7265616479FF
:1016A000496E5573654F746865724E6F5265736FFE
:1016B0007572636573496E73756666696369656E95
:1016C0007441757468656E7469636174696F6E499D
:1016D0006E73756666696369656E74417574686F6B
:1016E00072697A6174696F6E456E6372797074693C
:1016F0006F6E4B6579546F6F53686F7274496E7378
:10170000756666696369656E74456E637279707437
:10171000696F6E496E76616C6964536F757263654B
:10172000496453636964416C7265616479416C6CAE
:101730006F6361746564556E616363657074616243
:101740006C65506172616D657465727300000000B4
:1017500004000000040000009DAA01000000000039
:101760000400000004000000BDAD0100496E766178
:101770006C696453697A650065E603006E000000D9
:10178000350100002B0000004F75744F66426F75E5
:101790006E6473556E616C69676E65647BF90300F6
:1017A00061000000280600003C0000004174744500
:1017B00072726F72436F6465546F6F4C6F6E670027
:1017C00074ED03006400000014050000090000002F
:1017D00074ED0300640000008904000012000000A2
:1017E00074ED030064000000890400003D00000067
:1017F00074ED0300640000003801000029000000BF
:1018000074ED030064000000480100002D0000009A
:1018100074ED0300640000004D0100002D00000085
:1018200074ED030064000000530100002900000073
:1018300074ED030064000000B80300000500000020
:1018400074ED030064000000B9030000050000000F
:1018500074ED030064000000BA03000005000000FE
:1018600074ED030064000000BB03000005000000ED
:1018700074ED03006400000053000000220000002B
:1018800074ED0300640000004A000000280000001E
:1018900074ED0300640000004B000000280000000D
:1018A00074ED0300640000004C00000028000000FC
:1018B00074ED030064000000310000001D00000012
:1018C00074ED0300640000003200000022000000FC
:1018D00074ED030064000000370000002E000000DB
:1018E00074ED030064000000380000002E000000CA
:1018F00074ED030064000000390000002E000000B9
:1019000074ED0300640000003A0000002E000000A7
:1019100074ED030064000000350000002E0000009C
:1019200074ED0300640000002405000005000000C1
:1019300074ED030064000000C20400000500000014
:1019400074ED030064000000C30400000500000003
:1019500074ED030064000000C404000005000000F2
:1019600074ED030064000000C504000005000000E1
:1019700074ED030064000000C604000005000000D0
:1019800074ED030064000000C704000005000000BF
:1019900074ED030064000000C804000005000000AE
:1019A00074ED030064000000C9040000050000009D
:1019B00074ED0300640000000F0300000E0000003F
:1019C00074ED030064000000100300000E0000002E
:1019D00074ED030064000000110300000E0000001D
:1019E00074ED030064000000120300000E0000000C
:1019F00074ED030064000000130300000E000000FB
:101A000074ED030064000000140300000E000000E9
:101A100074ED030064000000150300000E000000D8
:101A200074ED030064000000160300000E000000C7
:101A300027E903005E000000A5010000010000008E
:101A40004AF703005D0000006B0000002500000065
:101A50004AF703005D0000006F0000002000000056
:101A6000D9F803005E000000B10000000100000092
:101A7000D3F303005C000000A30000002500000079
:101A8000556E6B6E6F776E2048434920436F6D6DC6
:101A9000616E64556E6B6E6F776E20436F6E6E6510
:101AA0006374696F6E204964656E746966696572F6
:101AB000506167652054696D656F75744175746810
:101AC000656E7469636174696F6E204661696C75D7
:101AD000726550494E206F72204B6579204D6973B5
:101AE00073696E674D656D6F7279204361706163D4
:101AF000697479204578636565646564436F6E6ECB
:101B0000656374696F6E2054696D656F7574436F9A
:101B10006E6E656374696F6E204C696D69742045E3
:101B20007863656564656453796E6368726F6E6F20
:101B3000757320436F6E6E656374696F6E204C69B8
:101B40006D697420546F2041204465766963652077
:101B50004578636565646564436F6E6E656374693B
:101B60006F6E20416C726561647920457869737489
:101B700073436F6D6D616E6420446973616C6C6F4B
:101B8000776564436F6E6E656374696F6E2052652E
:101B90006A65637465642064756520746F204C69A0
:101BA0006D69746564205265736F75726365734304
:101BB0006F6E6E656374696F6E2052656A656374DB
:101BC00065642044756520546F20536563757269A0
:101BD000747920526561736F6E73436F6E6E6563C7
:101BE00074696F6E2052656A6563746564206475FC
:101BF0006520746F20556E61636365707461626CFB
:101C0000652042445F41444452436F6E6E65637485
:101C1000696F6E204163636570742054696D656FF0
:101C20007574204578636565646564556E73757079
:101C3000706F727465642046656174757265206F9B
:101C40007220506172616D657465722056616C75A9
:101C500065496E76616C69642048434920436F6D25
:101C60006D616E6420506172616D6574657273524E
:101C7000656D6F74652055736572205465726D696A
:101C80006E6174656420436F6E6E656374696F6E18
:101C900052656D6F7465204465766963652054658F
:101CA000726D696E6174656420436F6E6E656374F6
:101CB000696F6E2064756520746F204C6F772052B9
:101CC00065736F757263657352656D6F74652044DB
:101CD0006576696365205465726D696E61746564CB
:101CE00020436F6E6E656374696F6E206475652046
:101CF000746F20506F776572204F6666436F6E6E0B
:101D0000656374696F6E205465726D696E61746588
:101D100064204279204C6F63616C20486F73745269
:101D20006570656174656420417474656D70747369
:101D300050616972696E67204E6F7420416C6C6FE0
:101D4000776564556E6B6E6F776E204C4D502050EA
:101D50004455556E737570706F727465642052656A
:101D60006D6F7465204665617475726553434F20CD
:101D70004F66667365742052656A65637465645363
:101D8000434F20496E74657276616C2052656A65B6
:101D90006374656453434F20416972204D6F6465DD
:101DA0002052656A6563746564496E76616C696426
:101DB000204C4D5020506172616D657465727320C6
:101DC0002F20496E76616C6964204C4C2050617202
:101DD000616D6574657273556E737065636966696C
:101DE0006564204572726F72556E737570706F7294
:101DF000746564204C4D5020506172616D6574654E
:101E0000722056616C7565202F20556E7375707049
:101E10006F72746564204C4C20506172616D657402
:101E200065722056616C7565526F6C652043686100
:101E30006E6765204E6F7420416C6C6F7765644CE3
:101E40004D5020526573706F6E73652054696D65D7
:101E50006F7574202F204C4C20526573706F6E7319
:101E6000652054696D656F75744C4D5020457272D4
:101E70006F72205472616E73616374696F6E204378
:101E80006F6C6C6973696F6E202F204C4C20507200
:101E90006F63656475726520436F6C6C6973696FFD
:101EA0006E4C4D5020504455204E6F7420416C6C48
:101EB0006F776564456E6372797074696F6E204DDB
:101EC0006F6465204E6F7420416363657074616256
:101ED0006C654C696E6B204B65792063616E6E6F2B
:101EE00074206265204368616E6765645265717530
:101EF000657374656420516F53204E6F7420537561
:101F000070706F72746564496E7374616E74205082
:101F1000617373656450616972696E672057697493
:101F20006820556E6974204B6579204E6F7420537C
:101F30007570706F72746564446966666572656E0B
:101F400074205472616E73616374696F6E20436FA5
:101F50006C6C6973696F6E516F5320556E6163636A
:101F600065707461626C6520506172616D65746545
:101F700072516F532052656A65637465644368618A
:101F80006E6E656C20436C6173736966696361741E
:101F9000696F6E204E6F7420537570706F72746528
:101FA00064496E73756666696369656E742053650E
:101FB000637572697479506173736B657920656EAE
:101FC0007472792063616E63656C6564206F722042
:101FD0006661696C6564506172616D6574657220DB
:101FE0004F7574204F66204D616E6461746F727915
:101FF0002052616E676552656643656C6C20616C4A
:102000007265616479206D757461626C7920626FAC
:1020100072726F776564436F6D6D616E6420616E7F
:10202000642F6F7220706172616D657465722069D2
:102030006E76616C6964526F6C6520537769746366
:10204000682050656E64696E675265736572766567
:102050006420536C6F742056696F6C6174696F6E85
:10206000526F6C6520537769746368204661696CB0
:102070006564457874656E64656420496E71756940
:10208000727920526573706F6E736520546F6F2084
:102090004C617267655365637572652053696D7035
:1020A0006C652050616972696E67204E6F742053B1
:1020B0007570706F7274656420427920486F737414
:1020C000486F73742042757379202D2050616972B6
:1020D000696E67436F6E6E656374696F6E205265DB
:1020E0006A65637465642064756520746F204E6F43
:1020F000205375697461626C65204368616E6E651A
:102100006C20466F756E64436F6E74726F6C6C6595
:10211000722042757379556E616363657074616294
:102120006C6520436F6E6E656374696F6E205061DD
:1021300072616D65746572734164766572746973FA
:10214000696E672054696D656F7574436F6E6E6557
:102150006374696F6E205465726D696E6174656435
:102160002064756520746F204D4943204661696C79
:10217000757265436F6E6E656374696F6E2046613C
:10218000696C656420746F206265204573746162B8
:102190006C6973686564202F2053796E6368726F71
:1021A0006E697A6174696F6E2054696D656F7574BC
:1021B000436F6172736520436C6F636B2041646A87
:1021C0007573746D656E742052656A6563746564B9
:1021D000206275742057696C6C2054727920746F7A
:1021E0002041646A757374205573696E6720436C6F
:1021F0006F636B204472616767696E6754797065BD
:1022000030205375626D6170204E6F742044656696
:10221000696E6564556E6B6E6F776E20416476658E
:1022200072746973696E67204964656E7469666962
:1022300065724C696D697420526561636865644FAD
:102240007065726174696F6E2043616E63656C6C5A
:10225000656420627920486F73745061636B6574A4
:1022600020546F6F204C6F6E67546F6F2045617202
:102270006C79496E73756666696369656E7420432F
:1022800068616E6E656C730002060407010101143B
:1022900001000126023202030137081B04060B006D
:1022A000013C02650E3B0231020F011C0201010BD1
:1022B000052205ED010802020216010701010304CF
:1022C00002090202020408010402010502190203C4
:1022D00001060402021601070102010201020201C5
:1022E00001050402020303010704010107110A03A7
:1022F000010901030116010701020105020A010398
:10230000010302010F04020C070701030108020286
:102310000216010701020105020902020203070376
:102320000402010502120A0201060303010403026A
:102330000101010203020303030C0405030301046A
:10234000020106010E15050D010301170110020916
:10235000010301040702010301020204020A071635
:1023600001030117010A0105020901030104070223
:1023700005030104020A01030C0D010301330103EB
:1023800001060410021A01030112031801090101D8
:1023900002070301040601010108060A02030C3AC0
:1023A000041D2502010101050118010101170205A3
:1023B00001010107010A0204204801240427012425
:1023C000010F010D25C601010501020001040207EC
:1023D0000101010402290104022101040207010193
:1023E0000104020F0139010402430220031A0656B8
:1023F0000206020003590716091809140C0D0103FF
:1024000001020C5E020A060A061A0659072B054647
:102410000A1F010C040C0401032A02050B2C041AE8
:10242000060B033E0241011D020B060A060E022E98
:10243000020C144D01A6083C030F033E052B020BB2
:10244000082B05000206022602060208010101010E
:102450000101011F0235010F010E020601130203E3
:1024600001090165010C021B010D03220E210F8CD5
:102470000400160B15000200052D010105010238AC
:1024800007020E18090701070107010701070107E5
:1024900001070107017E221A01590CD61A50015674
:1024A0000267052B015E0156093001000337090060
:1024B00014B808DD143C030A06380846080C0674F4
:1024C0000B1E034E010B04210137090E020A02679D
:1024D000181C0A060206020609070107013C047ED1
:1024E000020A06000C1704310400026A26070C05D4
:1024F000051A01050101010201020100202A06332B
:102500000113010404050187020101BE030602064E
:1025100002060203030701070A05020C011A011350
:102520000102010F020E227B0503042D0358010D49
:1025300003012F2E821D03310F1C0424091E052BBD
:10254000051E0125040E2A9E020A062404240428DE
:1025500008340B0C010F01070102010B010F0107E9
:10256000010203340C0009160A081806012A0109A1
:1025700045060201012C0102030102170148080966
:10258000301301020521031B051B263804140232F7
:10259000010205080103011D0203040A070907409F
:1025A0002027040C0936031D021B051A07040C071B
:1025B000504937330D33072E080A0626031D08023B
:1025C000D01F012A0103020210060809212E082A41
:1025D000161A261C1417094E042409440A0102196C
:1025E000070A063501120827096001140B12012F92
:1025F0003E0701010104010F010B063B050A060419
:10260000010802020216010701020105010A020285
:102610000203020106010507020703050B0A010177
:1026200002010126010A010102010104010A01025D
:1026300008021D5C01051E48080AA636022622452E
:102640000B0A060D133A060A06141C1B020F041788
:10265000B93C64530C08020102080102011E010288
:10266000020C090A4608022E020B1B4808530D49AA
:10267000070A560858220E0A0609012D010E0A1DE6
:1026800003200216010E49070102012C0301010279
:102690000109080A06060102012501020106070ACE
:1026A000062C040AF61907110129031D55010F32E2
:1026B0000D00666F01050BC400630D000A000500E4
:1026C000003A0000071F010A0451010A061E020613
:1026D0000A460A0A010701150513003AC65B0519E7
:1026E00002192C4B0439071140050B07090029205A
:1026F000617300040107010201000F011D030201C3
:102700000E040800006B050D0309070A020800FD0E
:10271000030006170F110F2E021709743CF60A2743
:1027200002C215467A140C140C5709198755014733
:102730000102020102020204010C01010107014130
:10274000010402080107011C01040105010103073E
:102750000100020002000F05010F001F0606D50749
:102760000111020701020105053E2101702D030E32
:10277000020A0402001F113A0501002AD62B0401A7
:10278000C01F01160802E00701040102010F01C584
:102790000210294C040A040200444C3DC204011BEF
:1027A000010201010201010A010401010101060106
:1027B0000401010101010103010201010201010102
:1027C00001010101010101020101020401070104EB
:1027D00001040101010A011105030105011134027F
:1027E000002C04640C0F020F010F01250AAE381DE6
:1027F0000D2C040907020E069A000311030D03DADB
:10280000060C04010F0C0438080A0628081E020CE6
:1028100004020E092700080E020D030B0339010103
:102820000410020C040A0793016700002000020054
:1028300002000F000000000005000000007000070B
:10284000002D0101010201020101480B30151001A8
:10285000650702060202010423011E1B5B0B3A09F5
:10286000090118040109010301052B033B092A187A
:102870000120370101010408040103070A021D01B8
:102880003A0101010204080109010A021A010202C7
:10289000390104020402020303011E0203010B02B8
:1028A00039010405010204011402160601013A016E
:1028B00001020104080107030A021E013B01010194
:1028C0000C0109012801030137010103050301047B
:1028D00007020B021D013A01020201010303010478
:1028E00007020B021C02390201010204080109015E
:1028F0000A021D01480104010203010108015101FE
:1029000002070C08620102090B0749021B010101C1
:102910000101370E01050102050B012409016604BE
:102920000106010202021902040310040D01020251
:1029300006010F01000300041C031D021E024002D9
:1029400001070801020B09012D0301017502220193
:102950007603040209010603DB0202013A010107C2
:10296000010101010208060A0201302E020C1404C2
:10297000300A040326090C02200402063801010271
:1029800003010105380802029803010D0107040143
:1029900006010302C6400001C32100038D0160202F
:1029A000000669020004010A20025002000103012E
:1029B00004011902050197021A120D012608190BCC
:1029C00001012C033001020402020201240143062A
:1029D000020202020C0108012F013301010302026D
:1029E000050201012A020801EE01020104010001B1
:1029F0000010101000020001E20195050003010221
:102A0000050428030401A5020004410500024D0647
:102A1000460B31047B01360F290102020A033104FF
:102A2000020207013D03240501083E010C0234099E
:102A30000101080402015F030204060102019D0175
:102A4000030815023902010101010C0109010E07F9
:102A50000305430102060101020101030403010110
:102A60000E0255080203010117015101020601017E
:102A7000020101020102EB010204060201021B0233
:102A80005508020101026A01010102086501010104
:102A90000204010500090102F5010A040401900481
:102AA00002020401200A28060204080109060203A2
:102AB0002E0D0102C60101030101C9070106010132
:102AC00052160207010201027A0603010102010700
:102AD000010148020301010100020B023405050354
:102AE00017010001060F000C030300053B0700015E
:102AF0003F0451010B020002002E021700050306DD
:102B0000080802071E0494030037043208010E016E
:102B10001605010F000701110207010201056401FA
:102B2000A00700013D040004FE02F30102010702B8
:102B3000050100076D07006080F000AD0100010095
:102B40000100020002550500051A053110000100C0
:102B500010EF01A0014F0900040008000000AD01C2
:102B600000061601C00131010002500100010005FC
:102B70001A053105010A0001F90300010F010010D7
:102B80000004000800011E6000207B202C203A2059
:102B9000207B0A2C0A280A207D000000000000008B
:102BA0000C00000004000000DB0B0200430D0200DB
:102BB0008F0D0200B0E503004B000000E5010000AE
:102BC0001400000063616C6C656420604F70746970
:102BD0006F6E3A3A756E77726170282960206F6E59
:102BE000206120604E6F6E65602076616C75653D7A
:102BF0003D303030313032303330343035303630B3
:102C0000373038303931303131313231333134319C
:102C10003531363137313831393230323132323282
:102C20003332343235323632373238323933303368
:102C30003133323333333433353336333733383358
:102C40003934303431343234333434343534363446
:102C5000373438343935303531353235333534352C
:102C60003535363537353835393630363136323612
:102C700033363436353636363736383639373037F8
:102C800031373237333734373537363737373837E8
:102C900039383038313832383338343835383638D6
:102CA00037383838393930393139323933393439BC
:102CB000353936393739383939617474656D70741E
:102CC00020746F20646976696465206279207A6572
:102CD000726F617474656D707420746F2063616CC1
:102CE00063756C617465207468652072656D6169D7
:102CF0006E64657220776974682061206469766902
:102D0000736F72206F66207A65726F617474656D7F
:102D1000707420746F2064697669646520776974C3
:102D200068206F766572666C6F77617474656D701C
:102D30007420746F2063616C63756C6174652074BA
:102D400068652072656D61696E646572207769746B
:102D500068206F766572666C6F77606173796E63F9
:102D600020666E6020726573756D6564206166749F
:102D7000657220636F6D706C6574696F6E00000022
:102D800078030000300520000E076001491220037F
:102D90009D16A028161FA02D2A24A037742B603D55
:102DA000F42CE03D8DA4203E2CA6A044A4D72045C1
:102DB0006EFAA04BD0FD604C3707A14E9A23E15B21
:102DC000902F618556344186FB43A1864746E186B4
:102DD0000061218700684187396A8187406DA1873A
:102DE000D68C818AF0AFE18C23B1818DFCB2618EEB
:102DF00000BCA18F00CCC18FB4CE0191A6D6619149
:102E0000CCD761998CDAA19900DFE19990E2819A9F
:102E1000D0E4C19D71EC819E00F041A2D9F641AB96
:102E200058FA61AE0000E2B1E0A682B41EB8A2B4C6
:102E3000AECEE2B4E1EB22B55EEE62B500F8A2B52B
:102E40001EFAC2B50000E3B54B1303B67A3423B6BD
:102E5000FEFF63B6FEFF94B600030000830420006B
:102E6000910560005D13A0001217201F0C20601F49
:102E7000EF2C602B2A30E02B6FA6A02C02A8202D6F
:102E80001EFB202E00FE60369EFFA036FD0121377E
:102E9000010A6137240D2138AB0EA1392F18213AD0
:102EA000F31E214B4034A1531E61E154F06A615579
:102EB0004F6FE1559DBC615600CF615765D1A15759
:102EC00000DA215800E0A159AEE2215BECE4E15CBC
:102ED000D0E8615D2000EE5EF0017F5F4F030000EF
:102EE0001C0660005F11A000B417E0000B20200159
:102EF0006431A00100FE6002A0BCA10273D1A10355
:102F00000000EE0300102E0400105F040006000015
:102F1000900860000E1860010B20E001FFFE200207
:102F2000BD1021033034A103A0BC210473D161047E
:102F30000100AE048000FF042E2E307870616E69AF
:102F4000636B6564206174203A0A66616C73650086
:102F5000D9ED03004B000000850B000026000000A7
:102F6000D9ED03004B0000008E0B00001A0000009A
:102F700052656643656C6C20616C72656164792092
:102F8000626F72726F776564FF00000000000000DE
:102F90000000000001000000DD220200ED2202001E
:102FA000C52202006578706C696369742070616E77
:102FB000696300005CF103005A0000008101000019
:102FC000050000006465666D74206C6F676765724C
:102FD0002074616B656E207265656E7472616E74CB
:102FE0006C79000030F403005E000000AD000000CA
:102FF0000D0000006465666D742072656C65617318
:1030000065206F7574206F6620636F6E74657874C9
:1030100030F403005E000000E20000000D0000003C
:1030200077E4030062000000290000001F00000098
:10303000492602005926020059260200892602006C
:1030400042757379202D20546F6F206D616E792049
:10305000696E7374616E636573206F66207468694E
:1030600073207461736B2061726520616C7265619D
:1030700064792072756E6E696E672E204368656391
:103080006B207468652060706F6F6C5F73697A6520
:103090006020617474726962757465206F66207453
:1030A0006865207461736B2EDAE403006900000028
:1030B000AC01000033000000617373657274696FC6
:1030C0006E206661696C65643A206E203C20333264
:1030D0007573697A65000000DAE403006900000096
:1030E000480100002E000000DAE40300690000003F
:1030F0004A0100002A00000058E103006D000000B2
:10310000EE3600000D00000086E9030061000000BB
:103110002C0100001F000000F7F503006400000010
:10312000F600000011000000020202020202020288
:103130000202020000000000000000000000000089
:10314000000000000000000000000000000000007F
:103150000202000000000002000000000000000069
:10316000000000000000000000000000000000005F
:10317000000000000000000000000000000000004F
:10318000000000000000000200000000000000003D
:10319000000000000000000000000000000000002F
:1031A000000000000000000000000000000100001E
:1031B000000000000000000000000000000000000F
:1031C00000000000000000000100000000000000FE
:1031D00000000000000000000000000000000000EF
:1031E00000000000000000000000000000000000DF
:1031F00000000000000000000000000000000000CF
:1032000000000000000000000000000000000000BE
:1032100000000000000000000000000000000000AE
:103220000000000000000000F7F50300640000004B
:1032300051020000090000006F766572666C6F77BE
:10324000207768656E20616464696E6720647572BA
:103250006174696F6E20746F20696E7374616E742F
:10326000CDEC030065000000BF0000000E00000070
:10327000E9FA03005F000000D30100002300000012
:10328000E9FA03005F000000DF0000000F0000000B
:10329000455045524D454E4F454E5445494F454E7C
:1032A0004F4D454D454143434553454641554C548B
:1032B00045494E56414C45414741494E4550524F74
:1032C000544F54595045454E4F50524F544F4F5004
:1032D000544550524F544F4E4F535550504F5254E7
:1032E00045534F434B544E4F535550504F525445F6
:1032F0004F504E4F54535550504541464E4F5355E5
:1033000050504F52544541444452494E55534545FF
:103310004E4554554E524541434845434F4E4E52FB
:1033200045534554454953434F4E4E4554494D45E9
:10333000444F5554454E4F4255465345484F5354BC
:10334000444F574E45494E50524F475245535345AF
:1033500043414E43454C4544454E4F4B4559454BE3
:10336000455945585049524544454B455952455693
:103370004F4B4544454B455952454A4543544544B6
:1033800009F503005C000000830300005600000004
:1033900009F503005C000000D203000039000000C2
:1033A000E7F203006C000000280000000B000000A2
:1033B00000000000040000000400000009390200C1
:1033C00064DF0300600000005C00000040000000BB
:1033D00064DF0300600000005C0000004F0000009C
:1033E00064DF0300600000005C0000001A000000C1
:1033F0000FE4030067000000640300001E000000EB
:103400000FE4030067000000D40100001F0000006B
:103410000FE4030067000000DB0100002300000050
:10342000C0EF0300680000005E0000001F00000005
:10343000C0EF0300680000007E0000001F000000D5
:10344000E8E9030070000000860000003200000080
:10345000C0EF030068000000CB0000001B0000006C
:10346000000000000000000001000000010000005A
:10347000B143020000000000000000000100000055
:1034800001430200000000002C00000004000000C6
:10349000F15F0200000400000000000000000000D6
:1034A0000B0053524C3A04000100000057445420D2
:1034B000616C72656164792061637469766500008E
:1034C00066F503002C0000001A0000004700000011
:1034D000C0EF030068000000670100002800000042
:1034E000E8E90300700000008600000023000000EF
:1034F0000FE4030067000000B00100002900000095
:1035000034EB03002B0000003F000000120000001D
:103510004661696C656420746F20637265617465CF
:10352000207375627363726962657220666F7220C0
:103530004B6579626F6172644576656E742E2054B6
:10354000686520277375627327206C696D69742024
:10355000686173206265656E206578636565646582
:10356000642E20496E6372656173652027737562EE
:10357000732720666F722074686973206576656EA4
:103580007420696E206B6579626F6172642E746F4E
:103590006D6C205B6576656E745D20286F722023EC
:1035A0005B6576656E742873756273203D204E29C5
:1035B0005D20666F7220637573746F6D206576652C
:1035C0006E7473292E0000005CF6030029000000D1
:1035D00018000000010000005744544D6178696DE7
:1035E000756D53756273637269626572735265615A
:1035F000636865644D6178696D756D5075626C695D
:103600007368657273526561636865644661696C6D
:10361000656420746F2063726561746520737562E0
:103620007363726962657220666F722043686172AB
:1036300067696E6753746174654576656E742E2094
:1036400054686520277375627327206C696D6974EF
:1036500020686173206265656E20657863656564C6
:1036600065642E20496E63726561736520277375EA
:1036700062732720666F72207468697320657665AF
:103680006E7420696E206B6579626F6172642E744E
:103690006F6D6C205B6576656E745D20286F72209F
:1036A000235B6576656E742873756273203D204ECA
:1036B000295D20666F7220637573746F6D20657667
:1036C000656E7473292E000029F003002B000000A2
:1036D00018000000010000004661696C65642074F8
:1036E0006F206372656174652073756273637269BC
:1036F00062657220666F7220506F696E74696E67C2
:103700004576656E742E2054686520277375627344
:1037100027206C696D697420686173206265656E2D
:103720002065786365656465642E20496E63726503
:103730006173652027737562732720666F7220742A
:10374000686973206576656E7420696E206B657993
:10375000626F6172642E746F6D6C205B6576656E4E
:10376000745D20286F7220235B6576656E74287304
:10377000756273203D204E295D20666F722063754F
:1037800073746F6D206576656E7473292E0000006A
:103790005CF6030029000000690000000100000041
:1037A0004661696C656420746F206372656174653D
:1037B000207375627363726962657220666F72202E
:1037C000426174746572794164634576656E742EE6
:1037D0002054686520277375627327206C696D69B2
:1037E0007420686173206265656E20657863656525
:1037F0006465642E20496E6372656173652027736A
:103800007562732720666F7220746869732065760D
:10381000656E7420696E206B6579626F6172642ECB
:10382000746F6D6C205B6576656E745D20286F72B9
:1038300020235B6576656E742873756273203D2066
:103840004E295D20666F7220637573746F6D2065FD
:1038500076656E7473292E0029F003002B0000009A
:103860000E000000010000004661696C6564207470
:103870006F2063726561746520737562736372692A
:1038800062657220666F722042617474657279534A
:1038900074617475734576656E742E205468652066
:1038A000277375627327206C696D69742068617372
:1038B000206265656E2065786365656465642E20A9
:1038C000496E637265617365202773756273272083
:1038D000666F722074686973206576656E742069FE
:1038E0006E206B6579626F6172642E746F6D6C20EF
:1038F0005B6576656E745D20286F7220235B65764C
:10390000656E742873756273203D204E295D2066B4
:103910006F7220637573746F6D206576656E747356
:10392000292E000029F003002B00000024000000D5
:1039300001000000CD1D2D1E272A4C414243444565
:10394000464748494A4B4D4E4F5051525354555695
:103950005758595A0A0B0C0D0E0F1011121314154B
:10396000161718191A1B1C1F20212223242526286C
:10397000292B2C2E2F303132333435363738393A23
:103980003B3C3D3E3F405B5C5D5E5F60616263640B
:1039900065666768696A6B6C6D6E6F70717273745F
:1039A00075767778797A7B7C7D7E7F80818283844F
:1039B00085868788898A8B8C8D8E8F90919293943F
:1039C00095969798999A9B9C9D9E9FA0A1A2A3A42F
:1039D000A5A6A7A8A9AAABACADAEAFB0B1B2B3B41F
:1039E000B5B6B7B8B9BABBBCBDBEBFC0C1C2C3C40F
:1039F000C5C6C7C8C9CACBCCCECFD0D1D2D3D4D5F7
:103A0000D6D7D8D9DADBDCDD30E30300680000006C
:103A1000CA01000028000000436C6F7365645061A8
:103A2000727469616C4F70656E000000C6E103003E
:103A3000640000003B00000027000000C6E1030016
:103A40006400000051000000270000000100000099
:103A500099E30300750000007E00000010000000E4
:103A600099E30300750000007E00000017000000CD
:103A700099E30300750000007F00000010000000C3
:103A800099E30300750000007F00000017000000AC
:103A900087E0030062000000A4000000180000009E
:103AA00087E0030062000000A40000002000000086
:103AB00087E0030062000000AE0000001400000078
:103AC00087E0030062000000AE0000001A00000062
:103AD00087E00300620000009D0000001800000065
:103AE00087E00300620000009D0000001F0000004E
:103AF00087E00300620000009D0000002500000038
:103B0000C6E1030064000000840000001D00000006
:103B100025EE03004D000000F50300001C0000002E
:103B200025EE03004D000000F60300001C0000001D
:103B300025EE03004D000000FA0300002000000005
:103B400025EE03004D000000FA0300002B000000EA
:103B5000A8F70300690000005A00000023000000DD
:103B6000A8F70300690000005300000023000000D4
:103B7000C6E1030064000000230000002D000000E7
:103B8000C6E10300640000003000000016000000E1
:103B9000C6E10300640000003000000038000000AF
:103BA000C6E103006400000072000000170000007E
:103BB000C6E1030064000000590000001700000087
:103BC000026D6964203E206C656E63616C6C656497
:103BD0002060526573756C743A3A756E77726170D5
:103BE000282960206F6E20616E206045727260200F
:103BF00076616C75650000000000000008000000A0
:103C000004000000F571020059EA03007F00000083
:103C1000310000000C00000059EA03007F000000A2
:103C2000330000001500000059EA03007F00000087
:103C3000330000001E00000059EA03007F0000006E
:103C4000330000002400000059EA03007F00000058
:103C5000720000001100000059EA03007F0000001C
:103C60004A0000001500000059EA03007F00000030
:103C70004A0000002200000073EE030081000000F3
:103C8000310200001900000073EE03008100000003
:103C90003B020000270000000300000059EA030077
:103CA0007F000000F80000001500000059EA030042
:103CB0007F000000F20000001500000059EA030038
:103CC0007F000000220100001B00000059EA0300F1
:103CD0007F000000220100003200000059EA0300CA
:103CE0007F000000E90000001E00000059EA030008
:103CF0007F000000100100000C00000059EA0300E2
:103D00007F000000120100002100000059EA0300BA
:103D10007F000000120100003200000086F6030060
:103D200062000000F20000002300000086F603009D
:103D300062000000F50000001400000086F6030099
:103D4000620000000B0100002800000086F603005E
:103D500062000000110100000D00000086F6030063
:103D600062000000FA0000002300000086F6030055
:103D700062000000020100001400000059EA030084
:103D80007F000000710100001100000059EA0300EB
:103D90007F000000710100001700000059EA0300D5
:103DA0007F000000750100001100000059EA0300C7
:103DB0007F0000007501000018000000436C696579
:103DC0006E744174745461626C65206275666665D8
:103DD00072206F766572666C6F77000059EA030097
:103DE0007F0000004C0100000E00000059EA0300B3
:103DF0007F000000530100002000000059EA03008A
:103E00007F000000560100000D00000059EA030089
:103E10007F0000007B0100002000000087E003001D
:103E200062000000BC00000014000000B6FB0300AC
:103E3000720000008E0400000E000000B6FB0300BC
:103E400072000000C10200000E000000B6FB03007B
:103E5000720000000203000014000000B6FB030023
:103E600072000000D103000024000000B6FB030034
:103E700072000000AE02000014000000B6FB030058
:103E8000720000000803000024000000B6FB0300DD
:103E900072000000B702000020000000B6FB030023
:103EA00072000000DD02000014000000B6FB0300F9
:103EB00072000000A602000024000000B6FB030010
:103EC000720000002C030000140000000FE4030047
:103ED000670000004A010000230000000FE4030017
:103EE000670000004E010000230000000FE4030003
:103EF0006700000020010000420000000FE4030002
:103F00006700000021010000470000000FE40300EB
:103F100067000000670100001A0000000FE40300C2
:103F20006700000067010000380000000FE4030094
:103F300067000000790100001A0000000FE4030090
:103F400067000000790100003800000098E80300D5
:103F500068000000570000002800000098E80300F7
:103F600068000000580000002800000098E80300E6
:103F700068000000590000002900000098E80300D4
:103F800068000000720000001600000098E80300BE
:103F900068000000720000001C000000A8F7030089
:103FA000690000003500000009000000C6E10300C0
:103FB000640000008E00000021000000C6E1030044
:103FC000640000009D00000013000000B7F1030032
:103FD000610000002203000025000000B7F103008B
:103FE00061000000220300003C000000B7F1030064
:103FF000610000002303000023000000B7F103006C
:1040000061000000230300003A000000B7F1030044
:10401000610000002803000027000000B7F1030042
:10402000610000003503000025000000B7F1030027
:1040300061000000350300003C000000B7F1030000
:10404000610000003603000023000000B7F1030008
:1040500061000000360300003A000000B7F10300E1
:1040600061000000480300001F000000B7F10300DA
:10407000610000004803000036000000B7F10300B3
:10408000610000004D0300001F000000B7F10300B5
:10409000610000004D03000036000000B7F103008E
:1040A000610000004E03000024000000B7F103008F
:1040B00061000000530300001C000000B7F1030082
:1040C000610000005303000033000000B7F103005B
:1040D000610000005703000025000000B7F1030055
:1040E00061000000570300003C000000B7F103002E
:1040F000610000005803000023000000B7F1030036
:1041000061000000580300003A000000B7F103000E
:10411000610000005903000021000000B7F1030016
:10412000610000005903000038000000B7F10300EF
:10413000610000005A03000029000000B7F10300ED
:10414000610000006403000025000000B7F10300D7
:1041500061000000640300003C000000B7F10300B0
:10416000610000006503000023000000B7F10300B8
:1041700061000000650300003A000000B7F1030091
:10418000610000006D0300001F000000B7F1030094
:10419000610000006D03000036000000B7F103006D
:1041A000610000006E0300001F000000B7F1030073
:1041B000610000006E03000036000000B7F103004C
:1041C000610000007203000024000000B7F103004A
:1041D00061000000760300001D000000B7F103003D
:1041E000610000007B0300001F000000B7F1030026
:1041F000610000007B03000036000000B7F10300FF
:10420000610000007C0300001F000000B7F1030004
:10421000610000007C030000360000006E6F742017
:10422000696D706C656D656E74656400B7F103004F
:1042300061000000DD02000012000000B7F1030081
:10424000610000001903000012000000B7F1030034
:10425000610000009E0300001F000000B7F1030092
:10426000610000009E03000036000000B7F103006B
:10427000610000009F0300002400000099E3030098
:1042800075000000AF0100000E00000099E303007C
:1042900075000000AF0100001500000099E3030065
:1042A00075000000B00100000E00000099E303005B
:1042B00075000000B00100001500000099E3030044
:1042C00075000000FC0100002100000099E30300DC
:1042D00075000000FD0100002100000099E30300CB
:1042E00075000000FD0100000B0000000FE403005A
:1042F0006700000040010000120000000FE403000E
:1043000067000000400100002C0000000FE40300E3
:104310006700000040010000370000000FE40300C8
:104320006700000040010000180000000FE40300D7
:1043300067000000410100001F00000012F80300A8
:1043400060000000E500000054000000B7F1030029
:10435000610000009A0000000900000053756363CB
:104360006573734F75742D6F662D62616E64206482
:10437000617461206E6F7420617661696C61626C3A
:104380006541757468656E7469636174696F6E20E8
:10439000726571756972656D656E7473206E6F7488
:1043A000206D6574436F6E6669726D2076616C7501
:1043B0006520646F6573206E6F74206D617463682F
:1043C00044657669636520646F206E6F7420737531
:1043D00070706F72742070616972696E67456E6388
:1043E00072797074696F6E206B65792073697A6574
:1043F000206973206E6F74206C6F6E6720656E6F1E
:104400007567685365637572697479206D616E6153
:104410006765722070726F746F636F6C20636F6D6D
:104420006D616E64206E6F7420737570706F72743E
:10443000656450616972696E67206661696C656464
:104440002064756520746F20616E20756E737065D1
:1044500063696669656420726561736F6E50616936
:1044600072696E67206661696C6564206475652099
:10447000746F207265706561746564206174746521
:104480006D7074734448206B657920636865636B55
:104490002076616C756520646F6573206E6F742083
:1044A0006D617463684E756D6572696320636F6DCD
:1044B00070617269736F6E2076616C7565732064CC
:1044C0006F206E6F74206D617463685061697269EA
:1044D0006E6720696E2070726F67657373206F76E8
:1044E00065722042522F4544524C696E6B206B65B9
:1044F000792067656E65726174696F6E20666169A7
:104500006C65644465766963652072656A65637489
:104510006564206469737472696275746564206B84
:104520006579446576696365206973206E6F7420D0
:10453000726561647920746F207065666F726D209A
:1045400070616972696E6700B7F103006100000075
:10455000A10000001A0000000FE403006700000043
:10456000E00000000E0000000FE403006700000000
:10457000E00000001C000000C3E703006E00000024
:104580002F000000090000000405060708090000CC
:104590000FE40300670000000F0100000E000000A0
:1045A0000FE40300670000000F0100001500000089
:1045B0000FE4030067000000100100000E0000007F
:1045C0000FE4030067000000100100002600000057
:1045D000C3E703006E000000360000000E0000007C
:1045E00050616972696E67205265717565737450A8
:1045F000616972696E6720436F6E6669726D5061A2
:104600006972696E672052616E646F6D5061697284
:10461000696E67204661696C6564456E6372797086
:1046200074696F6E20496E666F726D6174696F6E2A
:1046300043656E7472616C204964656E7469666965
:10464000636174696F6E4964656E74697479204939
:104650006E666F726D6174696F6E4964656E7469C0
:104660007479204164647265737320496E666F7259
:104670006D6174696F6E5369676E696E6720496E0C
:10468000666F726D6174696F6E50616972696E6791
:10469000205075626C6963204B657950616972695D
:1046A0006E67204448204B657920436865636B4BF7
:1046B00065797072657373204E6F746966696361A2
:1046C00074696F6E4174747269627574650000007C
:1046D00060EB0300640000004302000037000000AC
:1046E00045E5030058000000520000000C000000E7
:1046F00045E50300580000005200000012000000D1
:1047000045E50300580000005300000012000000BF
:104710005575696431365575696433325575696408
:1047200031323853697A654572726F7228290000F8
:104730000F000000100000000F0000000E0000003D
:104740000E0000001600000016000000140000001B
:104750001C00000013000000100000001200000008
:104760001400000015000000E045040008140400D7
:10477000EF450400FE4504000C4604001A46040000
:1047800030460400464604005A46040076460400BB
:1047900098130400894604009B460400AF460400B9
:1047A000240000002400000024000000500000004D
:1047B0004000000080000000810000008200000036
:1047C00083000000840000008500000086000000D7
:1047D0008700000088000000890000008A000000B7
:1047E0008B0000008C0000008D0000008E00000097
:1047F0008F00000090000000910000009200000077
:104800009300000094000000950000009600000056
:104810009700000098000000990000009A00000036
:104820009B0000009C0000009D0000009E00000016
:104830009F000000A0000000A1000000A2000000F6
:10484000A3000000A4000000A5000000A6000000D6
:10485000A7000000A8000000A9000000AA000000B6
:10486000AB000000AC000000AD000000AE00000096
:10487000AF000000B0000000B1000000B200000076
:10488000B3000000B4000000B5000000B600000056
:10489000B7000000B8000000B9000000BA00000036
:1048A000BB000000BC000000BD000000BE00000016
:1048B000BF000000C0000000C1000000C2000000F6
:1048C00000000000000000000000000000000000E8
:1048D00000000000000000000000000000000000D8
:1048E0000000000000000000C3000000C400000041
:1048F000C5000000C6000000C7000000C80000009E
:10490000C9000000CA000000CB000000CC0000007D
:10491000CD000000CE000000CF000000D00000005D
:10492000D1000000D2000000D3000000D40000003D
:10493000D5000000D6000000D7000000D80000001D
:10494000D9000000DA000000DB000000DC000000FD
:10495000DD0000000000000000000000000000007A
:104960000000000000000000000000000000000047
:104970000000000000000000000000000000000037
:104980000000000000000000000000000000000027
:104990000000000000000000000000000000000017
:1049A0000000000000000000000000000000000007
:1049B00000000000000000000100000002000000F4
:1049C00003000000040000000500000006000000D5
:1049D0000700000008000000090000000A000000B5
:1049E0000B0000000C0000000D0000000E00000095
:1049F0000F00000010000000110000001200000075
:104A00001300000014000000150000001600000054
:104A10001700000018000000190000001A00000034
:104A20001B0000001C0000001D0000001E00000014
:104A30001F000000200000002100000022000000F4
:104A400023000000240000002500000026000000D4
:104A50002700000028000000290000002A000000B4
:104A60002B0000002C0000002D0000002E00000094
:104A70002F00000030000000310000003200000074
:104A80003300000034000000350000003600000054
:104A90003700000038000000390000003A00000034
:104AA0003B0000003C0000003D0000003E00000014
:104AB0003F000000400000004100000042000000F4
:104AC00043000000440000004500000046000000D4
:104AD0004700000048000000490000004A000000B4
:104AE0004B0000004C0000004D0000004E00000094
:104AF0004F00000050000000510000005200000074
:104B00005300000054000000550000005600000053
:104B10005700000058000000590000005A00000033
:104B20005B0000005C0000005D0000005E00000013
:104B30005F000000600000006100000062000000F3
:104B400063000000640000006500000066000000D3
:104B50006700000068000000690000006A000000B3
:104B60006B0000006C0000006D0000006E00000093
:104B70006F00000070000000710000007200000073
:104B80007300000074000000750000007600000053
:104B90007700000078000000790000007A00000033
:104BA0007B0000007C0000007D0000007E00000013
:104BB0007F000000008182838F000000010002005E
:104BC00002000200020002000200020002000200D5
:104BD0000600060010001000010010000A0010007E
:104BE0000700100001004000100001000700000055
:104BF000120000000F0000001A0000001200000068
:104C0000130000001100000013000000110000005C
:104C1000100000001100000010000000170000004C
:104C200016000000140000000B000000040000004B
:104C30005C430400CC120400DE120400ED120400F8
:104C400007130400191304002C1304003D1304007F
:104C500050130400F813040028140400181404006E
:104C60003914040050140400661404007A1404007B
:104C700098FF030007000000000000001000000083
:104C8000000000000B0000001A00000019000000E6
:104C900015000000160000000F00000014000000C6
:104CA000160000005C43040000000000B81304007C
:104CB00000000000AA160400B5160400CF16040078
:104CC000E8160400FD160400131704002217040060
:104CD0003617040044E503004C3A0400C03B0400CE
:104CE000983C040044E503004C3A0400C03B040037
:104CF000983C040088450400894504008A45040066
:104D00008B4504008C4504008D4504005439040093
:104D10005539040056390400573904005839040045
:104D20005939040044E503004C3A0400C03B040038
:104D300044E503004C3A0400C03B0400983C0400E6
:104D40008845040044E503004C3A0400C03B0400DD
:104D5000983C040044E503004C3A0400C03B0400C6
:104D600044E503004C3A0400C03B0400000000008E
:104D7000010000000200000002000000020000002C
:104D8000020000000200000002000000020000001B
:104D9000020000000200000044E503004C3A040059
:104DA000C03B0400983C0400884504008945040089
:104DB0008A4504008B4504008C4504008D450400A1
:104DC0005439040055390400563904005739040099
:104DD00058390400593904005A3904005B39040079
:104DE0005C3904005D3904005E3904005F39040059
:104DF0006039040061390400623904006339040039
:104E0000643904006539040066390400353904004A
:104E1000373904006739040068390400693904002F
:104E20006A3904006B3904006C3904006D390400E0
:104E30006E390400383904006F39040070390400F9
:104E4000393904007139040072390400363904001C
:104E5000733904007439040075390400763904008C
:104E6000773904007839040044E503004C3A040023
:104E7000C03B0400983C04008845040089450400B8
:104E80008A4504008B4504008C4504008D450400D0
:104E900054390400553904005639040057390400C8
:104EA00058390400593904005A3904005B390400A8
:104EB0005C3904005D3904005E3904005F39040088
:104EC0006039040061390400623904006339040068
:104ED000643904006539040044E503004C3A0400D9
:104EE000C03B0400983C0400884504008945040048
:104EF0008A450400AB390400AC390400AD39040024
:104F0000AE390400AF390400B0390400B1390400EF
:104F1000B2390400B3390400B4390400B5390400CF
:104F2000B6390400B7390400B8390400B9390400AF
:104F3000BA390400BB390400BC390400BD3904008F
:104F4000BE390400BF390400C0390400C13904006F
:104F5000C2390400C3390400C4390400C53904004F
:104F6000C6390400C7390400C8390400C93904002F
:104F7000CA390400CB390400CC390400CD3904000F
:104F8000CE390400CF390400D0390400D1390400EF
:104F9000D2390400D3390400D4390400D5390400CF
:104FA000D6390400D7390400D8390400D9390400AF
:104FB000DA390400DB390400DC390400DD3904008F
:104FC000DE390400DF390400E0390400E13904006F
:104FD000E2390400E3390400E4390400E53904004F
:104FE000E6390400E7390400E8390400E93904002F
:104FF000EA390400EB390400EC390400ED3904000F
:1050000000000000000000000000000000000000A0
:105010000000000000000000000000000000000090
:105020000000000000000000EE390400EF39040029
:10503000F0390400F1390400F2390400F3390400B6
:10504000F4390400F5390400F6390400F739040096
:1050500034390400F8390400F9390400FA3904003D
:10506000FB390400FC390400FD390400FE3904005A
:10507000FF390400003A0400013A0400023A040037
:10508000033A0400043A0400053A0400063A040016
:10509000073A0400000000000000000000000000CB
:1050A0000000000000000000000000000000000000
:1050B00000000000000000000000000000000000F0
:1050C00000000000000000000000000000000000E0
:1050D00000000000000000000000000000000000D0
:1050E00000000000000000000000000000000000C0
:1050F0000000000044E503004C3A0400C03B0400FB
:10510000983C040088450400894504008A45040051
:105110008B4504008C4504008D450400543904007F
:105120005539040056390400573904005839040031
:10513000593904005A3904005B3904005C39040011
:105140005D3904005E3904005F39040060390400F1
:1051500061390400623904006339040064390400D1
:105160006539040066390400353904003739040014
:105170006739040068390400693904006A39040099
:105180006B3904006C3904006D3904006E39040079
:10519000383904006F3904007039040039390400CB
:1051A000713904007239040036390400733904007F
:1051B0007439040075390400763904007739040025
:1051C00078390400793904007A3904007B39040005
:1051D0007C3904007D3904007E3904007F390400E5
:1051E00080390400813904008239040083390400C5
:1051F00084390400853904003B3904003C3904003B
:105200003D3904003E3904003F39040040390400B0
:105210004139040042390400433904004439040090
:10522000453904003A39040046390400473904007E
:1052300048390400493904004A3904004B39040054
:105240004C3904004D3904004E3904004F39040034
:105250005039040051390400523904005339040014
:10526000863904008739040088390400893904002C
:105270008A3904008B3904008C3904008D3904000C
:105280008E3904008F3904009039040091390400EC
:1052900092390400933904009439040095390400CC
:1052A00096390400973904009839040099390400AC
:1052B0009A3904009B3904009C3904009D3904008C
:1052C0009E3904009F390400A0390400A13904006C
:1052D000A2390400A3390400A4390400A53904004C
:1052E000A6390400A7390400A8390400A93904002C
:1052F000AA390400060000000B00000004000000B2
:10530000183A04001E3A0400A0FF03000200000047
:105310000400000010000000070000002000000052
:105320001E000000230000001C0000001D00000003
:10533000260000002F0000002B00000027000000C6
:105340002000000021000000260000001E000000D8
:105350001A0000001F000000250000005C4304004C
:10536000B61F04006343040081430400A443040007
:10537000C0430400DD43040003440400324404003D
:105380005D4404001620040084440400A544040085
:10539000CB440400E9440400034504002245040012
:1053A00044E50300000000004C3A04000000000047
:1053B000C03B0400983C0400884504008945040073
:1053C0008A4504008B4504008C4504008D4504008B
:1053D00000000000000203010003010000000000C3
:1053E00003010003E0440867C9A7D8529DA268EFF3
:1053F000DC3BE3006173DB4B48283D0F4D30C5912A
:1054000021C8225225FC73DF44296DEA1BC85502CE
:10541000550F4CA0A888E4EF97DCAC29DE60A5808E
:105420008F152EBE73E6132BEE1185FC24ED03D1F0
:10543000EE8DC5FFB8997EEA3A522210178AFC4ACF
:1054400039EA438F0B3DF3C5BC2D4E8F8116AAD090
:10545000FA99C03BF19DFF79417BBBFFC4578BD5C7
:105460009DE00D18A5CDD18B52074356A5ED058EB5
:105470007F570718E99668959B699C09B5EFF0F18D
:105480003D09D6831C0697ED7EF15AEF3C4C0D0387
:10549000B877B93539942249A275FA815DD3B6A09F
:1054A0007020A2F5F11CF87465534C815B06200155
:1054B000F7AF0BE3212613155612AE808807A836E6
:1054C000CBB8D216CA0BC5EC9746D13321DDAE1747
:1054D000B0DFA91966F7C3EDC7BC3F52FD5ACFB282
:1054E000DDE64D9C6D9F0DCFE6A9055321B0A98146
:1054F0002F173958CF87C675DDA4A7CC2FE24B8470
:105500003E9BD536E9531A11627ECECAA1F363F0F1
:10551000D443C891DA12A80DF0E577BF76317F4306
:105520009CAF640E7D5107CFBB68D5DBB93068BA3C
:10553000A2FB1A2FA6C2C4E67C80B615EF6A96E4D9
:10554000BCEAC791E6B6B2D61BEA6D714B5BF8199F
:10555000D1438C242A5E314A60FDDC160B3D2BC7FB
:1055600003D3FD15D5DFB742F4F90BE42A4F932D91
:10557000F38936670BF5A630B4BE14834EC66E971A
:10558000BCF27AD1F1DDE71E4F6CF6393C37EA68A0
:105590008BE1687F86B1D053F2C16651148FE57BF1
:1055A00001A6DD957430914256E35A0DB142A548EB
:1055B000271B49552A7310B365A69C46C14C1A5F38
:1055C000521D59293F984FB86B5B6FE7E1845F9F8D
:1055D00041EF7EBE89A1BA8096D400122C33EF1819
:1055E0001F557663F5544E7CC0CBE5B9340E41E1CE
:1055F000171A3AC5254445EC3091193E2E900017F4
:105600007EC929B0B6236478116EE62DBE951AB412
:1056100014C92D2683B65104BD6A7651B16FBB857E
:10562000345FAD5579CB66901C4F4F074EB9C830EB
:10563000D61BB31AB37542D72F013F6D40CEDC9D08
:10564000B1D014A20A0565D174DFAE243EDCE5E0DA
:10565000CE7EF195564422D9DA9CDA6AEA0ED62D2E
:10566000D1B2AD1F9BFB0CE29130D8A3CBE076BA50
:1056700075C979AE6E8A85C888A5F2A568314A8752
:10568000F4A597E896F0487D40EFC1F62C135BC374
:105690006B519C1FFD79C453910F04E14367F09D4A
:1056A0001F880E06510EA95272ADE009960AC53840
:1056B000A36EE6B77077997D05AD32ABCB715644DA
:1056C000E2FFEA0C99CC375D3C75BEDFD5A2FEE067
:1056D000CC68D095B67CD74DDACD371E88065355A9
:1056E000BBA4C588F144770C33F01334026781BC46
:1056F000895CC023ACB592119AEE2223BB8031376E
:10570000A036160C0702DEBDD4F3E20FD87835C2FE
:105710003A091A0EAD8E880CD1F0E50660B6A25299
:10572000A585A29C643992CE9569E7DA93794CA35A
:105730003A4996CCE7D973EA44519BD1346E1E3175
:1057400063C2A50443A4A2D92BB3B57D0C96FD2C4E
:1057500033BD5437150F430A98CC5B0C7445A9D957
:105760001F205156FE1804FC2189DDEB3600E2347F
:10577000395B013753A303DF8FCD4FCF16AB2CF12D
:10578000E1E62DDC14DF71D01ACC179C3055416353
:10579000A3E6C5D71EFBF368601630B50193261843
:1057A000C90BF7B50F1AEC79FDAE8D2D979CB3CED2
:1057B000FDD6BC3B951AF658FC5F57F520B4F7AD03
:1057C000C486D9DBB79EF3151488AA816C978DB96E
:1057D000F5FCE26E7D712FCF5D476554D0BB6068EC
:1057E000C4D3248E0100000000000000000000006F
:1057F000FFFFFFFFFFFFFFFFFFFFFFFFFEFFFFFFBA
:1058000000000000252627000102030328040000F1
:1058100090420000BE1100004C010000E80B0000A7
:1058200086040000010203030102030301010002D8
:105830000700010204010001000001010000010055
:10584000010000010001000000000000020B000048
:1058500001000B0002000A00050009000A00080010
:10586000140007001E000600320005004B00040073
:105870006400030096000200FA000100F401000039
:105880000102030302030001F401FA009600640020
:105890004B0032001E0014000A0005000200010047
:1058A0000C0802170D01010209090101060209187D
:1058B00018030101090983838503020123020224DD
:1058C0000910040405050B0B040B2B1B1B159A9ADE
:1058D0001C021D16130501490D150508061B1B0F9B
:1058E00001010000FEFEFEFEFEFEFEFEFEFEFEFECE
:1058F000FEFEFEFEFEFEFEFEFE16FEFEFEFEFEFEB0
:10590000FEFEFEFEFEFE1F1FFE26FEFEFEFEFEFE4D
:10591000FEFEFEFEFEFEFEFEFEFEFEFE3E3EFEFE27
:10592000FEFE3B3B60009006BE022C01D012CE056D
:1059300028049042BE1164005006AE027205DA439C
:10594000081300010202A301B103BF05EF024906DB
:10595000A309C505F50B2512010203030102030388
:10596000010204010203030028049042BE117205E3
:10597000DA4308132C00D002CE01044010002804A2
:105980009042BE112C00D002CE01B400500BEE03A9
:1059900064005006AE02B400500BEE030102030394
:1059A00028049042BE1128049042BE110102030354
:1059B0000001020201000000101100400000000080
:1059C0000000000000000000000000000406080ABB
:1059D0000C0E10121416181C1E20222426282A2C05
:1059E0002E30323436383A3C3E40424446484A4CE7
:1059F0004E021A50000000002800000018000000AD
:105A0000500100005001000000000000141E0000C2
:105A1000301100003C730000B45F0000B80BD007E9
:105A20006C396C390000000070170000A00F0000F6
:105A30003C2800003C2800000000DC05E803D417E7
:105A40000000000000000000000000000000000056
:105A5000141E00003011000060EA000060EA00003F
:105A600000002CA6E0A120A820A800000000000053
:105A70000000000000003408E803280A280A00009B
:105A80000000000000000000E3A3C30001020005C5
:105A9000040008080000D8ECF0F4F8FC000203044D
:105AA00005060708000000000000000000000000DC
:105AB00000000000000000000101010102020202DA
:105AC000030303030404040405050505060606088C
:105AD00009000000000000000000000000000000BD
:105AE00000000000000101010102020202030303A1
:105AF00003040404040505050506060708090A0B46
:105B00000C0D00100200FA000000000064726167D2
:105B10006F6F6E2F6C6962732F73636865642F7388
:105B200072632F73636865645F68616C5F7274632E
:045B30002E630000E0
:105B38006465666D7400000053454747455220521E
:105B480054540000000000000100000000000000A4
:105B58000879032008F80320000400000000000072
:105B68000000000001000000FFFFFFFFFFFFFFFF34
:105B7800000000000000000000000000000000001D
:105B8800000000000000000000000000000000000D
:105B980000000000FEFFFFFF000000000000000002
:105BA80000000000000000000000000001010000EB
:105BB8000000000030750000000000000000000038
:105BC80000000000000000000000000000000000CD
:105BD80000000000000000000000000000000000BD
:105BE80000000000000000000000000000000000AD
:105BF800000000000000000000000000000000009D
:105C0800000000000000000000000000000000008C
:105C1800000000000000000000000000000000007C
:105C2800000000000000000000000000000000006C
:105C38000000000000000000000000000003000059
:105C4800000000000100000000000000000000004B
:105C5800000000000000000000000000000000003C
:105C6800000000000000000000000000000000002C
:105C7800000000000000000000000000000000001C
:105C8800000000000000000000000000000000000C
:105C980000000000000000000000000000000000FC
:105CA80000000000000000000000000000000000EC
:105CB80000000000000000000000000000000000DC
:105CC80000000000000000000000000000000000CC
:105CD80000000000000000000000000000000000BC
:105CE80000000000000000000000000000000000AC
:105CF800000000000000000000000000000000009C
:105D0800000000000000000000000000000000008B
:105D1800000000000000000000000000000000007B
:105D2800000000000000000000000000000000006B
:105D3800000000000000000000000000000000005B
:105D4800010000000000000000000000000000004A
:105D5800000000000000000000000000000000003B
:105D6800000000000000000000000000000000002B
:105D7800000000000000000000000000000000001B
:105D8800000000000000000000000000000000000B
:105D980000000000000000000000000000000000FB
:105DA80000000000000000000000000000000000EB
:105DB80000000000000000000000000000000000DB
:105DC80000000000000000000000000000000000CB
:105DD80000000000000000000000000000000000BB
:105DE80000000000000000000000000000000000AB
:105DF800000000000000000000000000000000009B
:105E0800000000000000000000000000000000008A
:105E1800000000000000000000000000000000007A
:105E2800000000000000000000000000000000006A
:105E38000000000000000000000000000100000059
:105E4800000000000000000000000000000000004A
:105E5800000000000000000000000000000000003A
:105E6800000000000000000000000000000000002A
:105E7800000000000000000000000000000000001A
:105E8800000000000000000000000000000000000A
:105E980000000000000000000000000000000000FA
:105EA80000000000000000000000000000000000EA
:105EB80000000000000000000000000000000000DA
:105EC80000000000000000000000000000000000CA
:105ED80000000000000000000000000000000000BA
:105EE80000000000000000000000000000000000AA
:105EF800000000000000000000000000000000009A
:105F08000000000000000000000000000000000089
:105F18000000000000000000000000000000000079
:105F28000000000000000000000000000000000069
:105F38000000000000000000010000000000000058
:105F48000000000000000000000000000000000049
:105F58000000000000000000000000000000000039
:105F68000000000000000000000000000000000029
:105F78000000000000000000000000000000000019
:105F88000000000000000000000000000000000009
:105F980000000000000000000000000000000000F9
:105FA80000000000000000000000000000000000E9
:105FB80000000000000000000000000000000000D9
:105FC80000000000000000000000000000000000C9
:105FD80000000000000000000000000000000000B9
:105FE80000000000000000000000000000000000A9
:105FF8000000000000000000000000000000000099
:106008000000000000000000000000000000000088
:106018000000000000000000000000000000000078
:106028000000000000000000000000000000000068
:106038000000000001000000000000000000000057
:106048000000000000000000000000000000000048
:106058000000000000000000000000000000000038
:106068000000000000000000000000000000000028
:106078000000000000000000000000000000000018
:106088000000000000000000000000000000000008
:1060980000000000000000000000000000000000F8
:1060A80000000000000000000000000000000000E8
:1060B80000000000000000000000000000000000D8
:1060C80000000000000000000000000000000000C8
:1060D80000000000000000000000000000000000B8
:1060E80000000000000000000000000000000000A8
:1060F8000000000000000000000000000000000098
:106108000000000000000000000000000000000087
:106118000000000000000000000000000000000077
:106128000000000000000000000000000000000067
:106138000100000000000000000000000000000056
:106148000000000000000000000000000000000047
:106158000000000000000000000000000000000037
:106168000000000000000000000000000000000027
:106178000000000000000000000000000000000017
:106188000000000000000000000000000000000007
:1061980000000000000000000000000000000000F7
:1061A80000000000000000000000000000000000E7
:1061B80000000000000000000000000000000000D7
:1061C80000000000000000000000000000000000C7
:1061D80000000000000000000000000000000000B7
:1061E80000000000000000000000000000000000A7
:1061F8000000000000000000000000000000000097
:106208000000000000000000000000000000000086
:106218000000000000000000000000000000000076
:106228000000000000000000000000000100000065
:106238000000000000000000000000000000000056
:106248000000000000000000000000000000000046
:106258000000000000000000000000000000000036
:106268000000000000000000000000000000000026
:106278000000000000000000000000000000000016
:106288000000000000000000000000000000000006
:1062980000000000000000000000000000000000F6
:1062A80000000000000000000000000000000000E6
:1062B80000000000000000000000000000000000D6
:1062C80000000000000000000000000000000000C6
:1062D80000000000000000000000000000000000B6
:1062E80000000000000000000000000000000000A6
:1062F8000000000000000000000000000000000096
:106308000000000000000000000000000000000085
:106318000000000000000000000000000000000075
:106328000000000000000000010000000000000064
:106338000000000000000000000000000000000055
:106348000000000000000000000000000000000045
:106358000000000000000000000000000000000035
:106368000000000000000000000000000000000025
:106378000000000000000000000000000000000015
:106388000000000000000000000000000000000005
:1063980000000000000000000000000000000000F5
:1063A80000000000000000000000000000000000E5
:1063B80000000000000000000000000000000000D5
:1063C80000000000000000000000000000000000C5
:1063D80000000000000000000000000000000000B5
:1063E80000000000000000000000000000000000A5
:1063F8000000000000000000000000000000000095
:106408000000000000000000000000000000000084
:106418000000000000000000000000000000000074
:106428000000000001000000000000000000000063
:106438000000000000000000000000000000000054
:106448000000000000000000000000000000000044
:106458000000000000000000000000000000000034
:106468000000000000000000000000000000000024
:106478000000000000000000000000000000000014
:106488000000000000000000000000000000000004
:1064980000000000000000000000000000000000F4
:1064A80000000000000000000000000000000000E4
:1064B80000000000000000000000000000000000D4
:1064C80000000000000000000000000000000000C4
:1064D80000000000000000000000000000000000B4
:1064E80000000000000000000000000000000000A4
:1064F8000000000000000000000000000000000094
:106508000000000000000000000000000000000083
:106518000000000000000000000000000000000073
:106528000100000000000000000000000000000062
:106538000000000000000000000000000000000053
:106548000000000000000000000000000000000043
:106558000000000000000000000000000000000033
:106568000000000000000000000000000000000023
:106578000000000000000000000000000000000013
:106588000000000000000000000000000000000003
:1065980000000000000000000000000000000000F3
:1065A80000000000000000000000000000000000E3
:1065B80000000000000000000000000000000000D3
:1065C80000000000000000000000000000000000C3
:1065D80000000000000000000000000000000000B3
:1065E80000000000000000000000000000000000A3
:1065F8000000000000000000000000000000000093
:106608000000000000000000000000000000000082
:106618000000000000000000000000000100000071
:106628000000000000000000000000000000000062
:106638000000000000000000000000000000000052
:106648000000000000000000000000000000000042
:106658000000000000000000000000000000000032
:106668000000000000000000000000000000000022
:106678000000000000000000000000000000000012
:106688000000000000000000000000000000000002
:1066980000000000000000000000000000000000F2
:1066A80000000000000000000000000000000000E2
:1066B80000000000000000000000000000000000D2
:1066C80000000000000000000000000000000000C2
:1066D80000000000000000000000000000000000B2
:1066E80000000000000000000000000000000000A2
:1066F8000000000000000000000000000000000092
:106708000000000000000000000000000000000081
:106718000000000000000000010000000000000070
:106728000000000000000000000000000000000061
:106738000000000000000000000000000000000051
:106748000000000000000000000000000000000041
:106758000000000000000000000000000000000031
:106768000000000000000000000000000000000021
:106778000000000000000000000000000000000011
:106788000000000000000000000000000000000001
:1067980000000000000000000000000000000000F1
:1067A80000000000000000000000000000000000E1
:1067B80000000000000000000000000000000000D1
:1067C80000000000000000000000000000000000C1
:1067D80000000000000000000000000000000000B1
:1067E80000000000000000000000000000000000A1
:1067F8000000000000000000000000000000000091
:106808000000000000000000000000000000000080
:10681800000000000100000000000000000000006F
:106828000000000000000000000000000000000060
:106838000000000000000000000000000000000050
:106848000000000000000000000000000000000040
:106858000000000000000000000000000000000030
:106868000000000000000000000000000000000020
:106878000000000000000000000000000000000010
:106888000000000000000000000000000000000000
:1068980000000000000000000000000000000000F0
:1068A80000000000000000000000000000000000E0
:1068B80000000000000000000000000000000000D0
:1068C80000000000000000000000000000000000C0
:1068D80000000000000000000000000000000000B0
:1068E80000000000000000000000000000000000A0
:1068F8000000000000000000000000000000000090
:10690800000000000000000000000000000000007F
:10691800010000000000000000000000000000006E
:10692800000000000000000000000000000000005F
:10693800000000000000000000000000000000004F
:10694800000000000000000000000000000000003F
:10695800000000000000000000000000000000002F
:10696800000000000000000000000000000000001F
:10697800000000000000000000000000000000000F
:1069880000000000000000000000000000000000FF
:1069980000000000000000000000000000000000EF
:1069A80000000000000000000000000000000000DF
:1069B80000000000000000000000000000000000CF
:1069C80000000000000000000000000000000000BF
:1069D80000000000000000000000000000000000AF
:1069E800000000000000000000000000000000009F
:1069F800000000000000000000000000000000008F
:106A0800000000000000000000000000010000007D
:106A1800000000000000000000000000000000006E
:106A2800000000000000000000000000000000005E
:106A3800000000000000000000000000000000004E
:106A4800000000000000000000000000000000003E
:106A5800000000000000000000000000000000002E
:106A6800000000000000000000000000000000001E
:106A7800000000000000000000000000000000000E
:106A880000000000000000000000000000000000FE
:106A980000000000000000000000000000000000EE
:106AA80000000000000000000000000000000000DE
:106AB80000000000000000000000000000000000CE
:106AC80000000000000000000000000000000000BE
:106AD80000000000000000000000000000000000AE
:106AE800000000000000000000000000000000009E
:106AF800000000000000000000000000000000008E
:106B0800000000000000000001000000000000007C
:106B1800000000000000000000000000000000006D
:106B2800000000000000000000000000000000005D
:106B3800000000000000000000000000000000004D
:106B4800000000000000000000000000000000003D
:106B5800000000000000000000000000000000002D
:106B6800000000000000000000000000000000001D
:106B7800000000000000000000000000000000000D
:106B880000000000000000000000000000000000FD
:106B980000000000000000000000000000000000ED
:106BA80000000000000000000000000000000000DD
:106BB80000000000000000000000000000000000CD
:106BC80000000000000000000000000000000000BD
:106BD80000000000000000000000000000000000AD
:106BE800000000000000000000000000000000009D
:106BF800000000000000000000000000000000008D
:106C0800000000000100000000000000000000007B
:106C1800000000000000000000000000000000006C
:106C2800000000000000000000000000000000005C
:106C3800000000000000000000000000000000004C
:106C4800000000000000000000000000000000003C
:106C5800000000000000000000000000000000002C
:106C6800000000000000000000000000000000001C
:106C7800000000000000000000000000000000000C
:106C880000000000000000000000000000000000FC
:106C980000000000000000000000000000000000EC
:106CA80000000000000000000000000000000000DC
:106CB80000000000000000000000000000000000CC
:106CC80000000000000000000000000000000000BC
:106CD80000000000000000000000000000000000AC
:106CE800000000000000000000000000000000009C
:106CF800000000000000000000000000000000008C
:106D0800010000000000000000000000000000007A
:106D1800000000000000000000000000000000006B
:106D2800000000000000000000000000000000005B
:106D3800000000000000000000000000000000004B
:106D4800000000000000000000000000000000003B
:106D5800000000000000000000000000000000002B
:106D6800000000000000000000000000000000001B
:106D7800000000000000000000000000000000000B
:106D880000000000000000000000000000000000FB
:106D980000000000000000000000000000000000EB
:106DA80000000000000000000000000000000000DB
:106DB80000000000000000000000000000000000CB
:106DC80000000000000000000000000000000000BB
:106DD80000000000000000000000000000000000AB
:106DE800000000000000000000000000000000009B
:106DF800000000000000000000000000010000008A
:106E0800000000000000000000000000000000007A
:106E1800000000000000000000000000000000006A
:106E2800000000000000000000000000000000005A
:106E3800000000000000000000000000000000004A
:106E4800000000000000000000000000000000003A
:106E5800000000000000000000000000000000002A
:106E6800000000000000000000000000000000001A
:106E7800000000000000000000000000000000000A
:106E880000000000000000000000000000000000FA
:106E980000000000000000000000000000000000EA
:106EA80000000000000000000000000000000000DA
:106EB80000000000000000000000000000000000CA
:106EC80000000000000000000000000000000000BA
:106ED80000000000000000000000000000000000AA
:106EE800000000000000000000000000000000009A
:106EF8000000000000000000010000000000000089
:106F08000000000000000000000000000000000079
:106F18000000000000000000000000000000000069
:106F28000000000000000000000000000000000059
:106F38000000000000000000000000000000000049
:106F48000000000000000000000000000000000039
:106F58000000000000000000000000000000000029
:106F68000000000000000000000000000000000019
:106F78000000000000000000000000000000000009
:106F880000000000000000000000000000000000F9
:106F980000000000000000000000000000000000E9
:106FA80000000000000000000000000000000000D9
:106FB80000000000000000000000000000000000C9
:106FC80000000000000000000000000000000000B9
:106FD80000000000000000000000000000000000A9
:106FE8000000000000000000000000000000000099
:106FF8000000000001000000000000000000000088
:107008000000000000000000000000000000000078
:107018000000000000000000000000000000000068
:107028000000000000000000000000000000000058
:107038000000000000000000000000000000000048
:107048000000000000000000000000000000000038
:107058000000000000000000000000000000000028
:107068000000000000000000000000000000000018
:107078000000000000000000000000000000000008
:1070880000000000000000000000000000000000F8
:1070980000000000000000000000000000000000E8
:1070A80000000000000000000000000000000000D8
:1070B80000000000000000000000000000000000C8
:1070C80000000000000000000000000000000000B8
:1070D80000000000000000000000000000000000A8
:1070E8000000000000000000000000000000000098
:1070F8000100000000000000000000000000000087
:107108000000000000000000000000000000000077
:107118000000000000000000000000000000000067
:107128000000000000000000000000000000000057
:107138000000000000000000000000000000000047
:107148000000000000000000000000000000000037
:107158000000000000000000000000000000000027
:107168000000000000000000000000000000000017
:107178000000000000000000000000000000000007
:1071880000000000000000000000000000000000F7
:1071980000000000000000000000000000000000E7
:1071A80000000000000000000000000000000000D7
:1071B80000000000000000000000000000000000C7
:1071C80000000000000000000000000000000000B7
:1071D80000000000000000000000000000000000A7
:1071E8000000000000000000000000000100000096
:1071F8000000000000000000000000000000000087
:107208000000000000000000000000000000000076
:107218000000000000000000000000000000000066
:107228000000000000000000000000000000000056
:107238000000000000000000000000000000000046
:107248000000000000000000000000000000000036
:107258000000000000000000000000000000000026
:107268000000000000000000000000000000000016
:107278000000000000000000000000000000000006
:1072880000000000000000000000000000000000F6
:1072980000000000000000000000000000000000E6
:1072A80000000000000000000000000000000000D6
:1072B80000000000000000000000000000000000C6
:1072C80000000000000000000000000000000000B6
:1072D80000000000000000000000000000000000A6
:1072E8000000000000000000010000000000000095
:1072F8000000000000000000000000000000000086
:107308000000000000000000000000000000000075
:107318000000000000000000000000000000000065
:107328000000000000000000000000000000000055
:107338000000000000000000000000000000000045
:107348000000000000000000000000000000000035
:107358000000000000000000000000000000000025
:107368000000000000000000000000000000000015
:107378000000000000000000000000000000000005
:1073880000000000000000000000000000000000F5
:1073980000000000000000000000000000000000E5
:1073A80000000000000000000000000000000000D5
:1073B80000000000000000000000000000000000C5
:1073C80000000000000000000000000000000000B5
:1073D80000000000000000000000000000000000A5
:1073E8000000000001000000000000000000000094
:1073F8000000000000000000000000000000000085
:107408000000000000000000000000000000000074
:107418000000000000000000000000000000000064
:107428000000000000000000000000000000000054
:107438000000000000000000000000000000000044
:107448000000000000000000000000000000000034
:107458000000000000000000000000000000000024
:107468000000000000000000000000000000000014
:107478000000000000000000000000000000000004
:1074880000000000000000000000000000000000F4
:1074980000000000000000000000000000000000E4
:1074A80000000000000000000000000000000000D4
:1074B80000000000000000000000000000000000C4
:1074C80000000000000000000000000000000000B4
:1074D80000000000000000000000000000000000A4
:1074E8000100000000000000000000000000000093
:1074F8000000000000000000000000000000000084
:107508000000000000000000000000000000000073
:107518000000000000000000000000000000000063
:107528000000000000000000000000000000000053
:107538000000000000000000000000000000000043
:107548000000000000000000000000000000000033
:107558000000000000000000000000000000000023
:107568000000000000000000000000000000000013
:107578000000000000000000000000000000000003
:1075880000000000000000000000000000000000F3
:1075980000000000000000000000000000000000E3
:1075A80000000000000000000000000000000000D3
:1075B80000000000000000000000000000000000C3
:1075C80000000000000000000000000000000000B3
:1075D80000000000000000000000000001000000A2
:1075E8000000000000000000000000000000000093
:1075F8000000000000000000000000000000000083
:107608000000000000000000000000000000000072
:107618000000000000000000000000000000000062
:107628000000000000000000000000000000000052
:107638000000000000000000000000000000000042
:107648000000000000000000000000000000000032
:107658000000000000000000000000000000000022
:107668000000000000000000000000000000000012
:107678000000000000000000000000000000000002
:1076880000000000000000000000000000000000F2
:1076980000000000000000000000000000000000E2
:1076A80000000000000000000000000000000000D2
:1076B80000000000000000000000000000000000C2
:1076C80000000000000000000000000000000000B2
:1076D80000000000000000000100000000000000A1
:1076E8000000000000000000000000000000000092
:1076F8000000000000000000000000000000000082
:107708000000000000000000000000000000000071
:107718000000000000000000000000000000000061
:107728000000000000000000000000000000000051
:107738000000000000000000000000000000000041
:107748000000000000000000000000000000000031
:107758000000000000000000000000000000000021
:107768000000000000000000000000000000000011
:107778000000000000000000000000000000000001
:1077880000000000000000000000000000000000F1
:1077980000000000000000000000000000000000E1
:1077A80000000000000000000000000000000000D1
:1077B80000000000000000000000000000000000C1
:1077C80000000000000000000000000000000000B1
:1077D80000000000010000000000000000000000A0
:1077E8000000000000000000000000000000000091
:1077F8000000000000000000000000000000000081
:107808000000000000000000000000000000000070
:107818000000000000000000000000000000000060
:107828000000000000000000000000000000000050
:107838000000000000000000000000000000000040
:107848000000000000000000000000000000000030
:107858000000000000000000000000000000000020
:107868000000000000000000000000000000000010
:107878000000000000000000000000000000000000
:1078880000000000000000000000000000000000F0
:1078980000000000000000000000000000000000E0
:1078A80000000000000000000000000000000000D0
:1078B80000000000000000000000000000000000C0
:1078C80000000000000000000000000000000000B0
:1078D800010000000000000000000000000000009F
:1078E8000000000000000000000000000000000090
:1078F8000000000000000000000000000000000080
:10790800000000000000000000000000000000006F
:10791800000000000000000000000000000000005F
:10792800000000000000000000000000000000004F
:10793800000000000000000000000000000000003F
:10794800000000000000000000000000000000002F
:10795800000000000000000000000000000000001F
:10796800000000000000000000000000000000000F
:1079780000000000000000000000000000000000FF
:1079880000000000000000000000000000000000EF
:1079980000000000000000000000000000000000DF
:1079A80000000000000000000000000000000000CF
:1079B80000000000000000000000000000000000BF
:1079C80000000000000000000000000001000000AE
:1079D800000000000000000000000000000000009F
:1079E800000000000000000000000000000000008F
:1079F800000000000000000000000000000000007F
:107A0800000000000000000000000000000000006E
:107A1800000000000000000000000000000000005E
:107A2800000000000000000000000000000000004E
:107A3800000000000000000000000000000000003E
:107A4800000000000000000000000000000000002E
:107A5800000000000000000000000000000000001E
:107A6800000000000000000000000000000000000E
:107A780000000000000000000000000000000000FE
:107A880000000000000000000000000000000000EE
:107A980000000000000000000000000000000000DE
:107AA80000000000000000000000000000000000CE
:107AB80000000000000000000000000000000000BE
:107AC80000000000000000000100000000000000AD
:107AD800000000000000000000000000000000009E
:107AE800000000000000000000000000000000008E
:107AF800000000000000000000000000000000007E
:107B0800000000000000000000000000000000006D
:107B1800000000000000000000000000000000005D
:107B2800000000000000000000000000000000004D
:107B3800000000000000000000000000000000003D
:107B4800000000000000000000000000000000002D
:107B5800000000000000000000000000000000001D
:107B6800000000000000000000000000000000000D
:107B780000000000000000000000000000000000FD
:107B880000000000000000000000000000000000ED
:107B980000000000000000000000000000000000DD
:107BA80000000000000000000000000000000000CD
:107BB80000000000000000000000000000000000BD
:107BC80000000000020000000002000000000000A9
:107BD800FFFFFFFFFF1F00001F0000000000000064
:107BE8007FFE0000E40700001D40000000000000C8
:107BF8000000000000000000FFFFFFFF1FFF1B0048
:107C0800BAABBABA10101010A0354D00FF00000032
:107C1800C4090000000000000080004000000000CF
:107C2800000000000C0000000000000000FF7F00C2
:107C380000000000C7FC02000000000063FC020016
:107C480000000000F5FC020000000000AFFC02008C
:107C580000000000ABFC020000000000FF00000074
:0C7C6800F8CA0300010000003CCC03003F
:0400000300001101E7
:00000001FF
