:10100000C069032001110000336D02001133040098
:10101000336D0200336D0200336D020000000000EA
:10102000000000000000000000000000336D02001E
:10103000336D020000000000336D0200336D0200CA
:1010400059110000C1110000336D0200C1120000EF
:10105000336D0200336D0200417202004512000040
:10106000B5120000336D0200336D0200391200002A
:10107000336D0200CD110000336D0200336D0200AC
:10108000336D020019730200336D0200336D0200EC
:10109000AD110000336D0200336D0200336D0200AC
:1010A000336D0200336D0200336D0200336D0200B8
:1010B000336D0200336D02000000000000000000EC
:1010C000336D0200336D0200336D02009112000097
:1010D000336D0200336D0200336D02000D1300000A
:1010E000336D0200336D0200336D0200000000001A
:1010F00000000000336D020000000000336D0200AC
:1011000025F01AFE0E480F490022814201D004C08A
:10111000FBE70D480D490E4A814202D008CA08C0BB
:10112000FAE70C484FF47001026842EA01020260DB
:10113000BFF34F8FBFF36F8F22F061FE00DE000020
:10114000008B032008F80320C0690320FC8A0320D9
:10115000C8EF040088ED00E0B0B502AF3CF040F805
:10116000104C206828B1002020600F48343026F051
:1011700061FB606850B10C4D0020606005F13400E7
:1011800026F058FB05F14C0026F054FBA06838B15E
:101190000020A06004484C30BDE8B04026F04ABBB7
:1011A000B0BD00BF1C010040A0E6032080B56F4623
:1011B0000248BDE8804026F03DBB00BFD0D90320E7
:1011C00080B56F46BDE880403DF09CBBF0B503AFF5
:1011D0004DF804BD154E0020306027F049FA144D3B
:1011E0000446E868F0B94FF0FF30E860A86978B1CC
:1011F000E96988420CD0D6F808140170D5E90601D7
:101200000130A861884204BF05F1100026F0E6FA1B
:10121000E8680130E86020465DF804BBBDE8F040B6
:1012200027F05CBA034825F003FC00BF00D1004062
:1012300018E7032060BE040080B56F46BDE880401B
:101240003EF0FCB9D0B502AF0F4C206930B1102090
:10125000C4F808020D48443026F0ECFA606830B15A
:101260000220C4F808020948443026F0E3FA206856
:1012700040B10120C4F8080204484430BDE8D04021
:1012800026F0D8BAD0BD00BF00710040A0E6032010
:10129000D0B502AF054C206830B10548543026F077
:1012A000C9FA4020C4F8F001D0BD00BF1831024097
:1012B000A0E6032080B56F46BDE880403DF016BB38
:1012C000D0B502AF0F4C606C38B10F485C3026F0DF
:1012D000B1FA4FF48020C4F80402206830B10A4803
:1012E0005C3026F0A7FA0220C4F80402206A38B164
:1012F00005485C3026F09EFA4FF40070C4F80402F2
:10130000D0BD00BF04310040A0E60320F0B503AF1C
:101310002DE9800F394D286858B1394C0120C5F8A6
:10132000080204F1340026F085FA04F13C0026F0AE
:1013300081FAE86D38B14FF40000C5F80802304872
:101340003C3026F077FAA86A38B14FF48060C5F8CF
:1013500008022B483C3026F06DFAA86D28B1002019
:10136000A8652748343026F065FA286EE0B30020DF
:101370002866D5F86CA32248C5F86CA3BFF35F8F2D
:1013800050E80B1F41EA0A0140E80B12002AF7D18E
:10139000DFF87C804FF0000BDFF86C900126BFF384
:1013A0005F8F5FEACB701FD13546072E1CD82E46C3
:1013B0002AFA05F418BF0136E00706D0681E08288F
:1013C00014D209EBC00026F035FAE81FB0FA80F01D
:1013D0004FEA501BE003E4D5681E082808D208EB4A
:1013E000C00026F027FADCE72CF0EBBA054A00E053
:1013F000064A4FF0FF30082124F0C0FE0071024081
:10140000A0E6032040A0040090D7032050A00400D1
:10141000D0D70320F0B503AF2DE9000F9BB0D0E982
:10142000014B814608460E46A4EB0B052BF09CF8B9
:10143000854201D2002073E23046D9F800502BF0EB
:1014400093F8DFF808152A46009100EB0B01584687
:10145000234628F057FF3278FF2A1CD13279FF2A21
:101460003BD12CF0D5FE3089012812A814BF1B21D6
:101470001D2128F087FFC0B2022840F04882718900
:1014800012A828F09FFFC0B2022840F04082D6E99F
:10149000031212A8C4E1B2F10A044FF0000398BF8E
:1014A0001C46002C33D0012C46D12CF0B1FE12A8E2
:1014B000522128F067FFC0B2022840F02882B1898B
:1014C00012A828F07FFFC0B2022840F02082D6E99F
:1014D000011212A82AF04CF934E0CDE909010020EC
:1014E0000B90DFE812F009003601590016013100B7
:1014F0006B0193013301A00109A8032128F042FFE9
:10150000C0B2022840F00382F18809A8F9E112ACC8
:101510000A2A0BC400F21482DFE812F00B008D01DE
:10152000A701AA01DA01BB01E301120212021202B1
:101530008A0112A8102180E12CF06AFE12A81E2157
:1015400028F020FFC0B2E2E109A8092128F01AFF23
:10155000C0B2022840F0DB81746909A8214628F056
:1015600011FFC0B2022840F0D2812CF0B9F912A8C4
:1015700029462AF073FF9DF84800FF2840F0C681F5
:101580002CF003FAC0B2022840F0C1812CF0D7FC45
:10159000C0B20228EBD0BAE109A8052128F0F2FE7A
:1015A000C0B2022840F0B381357D09A8294628F051
:1015B000E9FEC0B2022840F0AA81D6E90220CDE9B6
:1015C0000E2031698DF8445010910EAC401AE9B2EA
:1015D0004FF0100A012908BF4FF0020A0AF1020178
:1015E0008842C0F09381204629F07AFD0546C00765
:1015F00040F09F8112A8214652462AF065FF1298BA
:10160000002800F096811399022924D004291AD0C9
:10161000102928D1C2684FF0020881880792C27A47
:10162000ADF8681001680892827A02925FFA81FC34
:10163000427A0392027A199101210492C279807947
:101640000592069012E0D0F800C04FF00108CDF8E6
:1016500064C001210AE0B0F800C00121ADF864C007
:101660004FF0000802E0CDF866100021002900F0DC
:101670005A81079BA2460C93290C9DF860308DF887
:101680003430089B8DF85430029B8DF85330039B07
:101690008DF85230049B9DF868008DF85130059B01
:1016A0009DF869209DF865E09DF866509DF86740BB
:1016B0008DF85030069B8DF84D000C988DF84F300A
:1016C0008DF84E208DF84C408DF84B508DF84AE047
:1016D0008DF849C08DF84880CDF8550009AC2046FA
:1016E00028F070FEC0B2022840F0118112A828F044
:1016F00019FE2CF0C0FA20461A462AF039F8C0B27A
:10170000022840F00481DDE90F0154469DF8445061
:101710005CE709A8012128F035FEC0B2022840F09C
:10172000F680717909A828F02DFEC0B2022840F099
:10173000EE80318909A828F045FEC0B2022840F0A9
:10174000E680B17909A828F0BDFDDCE009A80D21EB
:101750005EE009A8072128F015FEC0B2022840F07B
:10176000D68031690DF148080DF1240AD6E902202E
:101770001491CDE91220401A0428C0F0C7804046D9
:1017800029F0AEFC0546C00740F0C080404629F075
:10179000A7FC0446C00740F0B980290C2CF032FDAC
:1017A000C0B2022840F0B380210C2CF02BFDC0B257
:1017B000022840F0AC80DDE91301DCE709A8112123
:1017C00028F0E0FDC0B2022840F0A180746909A8A9
:1017D000214628F0D7FDC0B2022840F098802CF0B6
:1017E0007FF812A829462AF039FE9DF84800FF2804
:1017F00040F08C802CF0C9F8C0B2022840F08780FD
:101800002CF09DFBC0B20228EBD080E009A80B2190
:1018100028F0B8FDC0B2022879D1D6E9021209A891
:1018200029F0A6FF6FE009A8132128F0ABFD6AE0BC
:1018300012A80C2157E012A8082128F0A3FDC0B27D
:10184000022864D1718A12A828F0BCFDC0B2022817
:101850005DD1B18A12A828F0B5FDC0B2022856D1D8
:10186000711C12A82AF0D6FB4DE012A80A2131E023
:1018700012A8122128F086FDC0B2022847D1718833
:1018800012A828F09FFDC0B2022840D1D6E901126B
:10189000FFE512A8062128F075FDC0B2022836D156
:1018A000718812A828F08EFDC0B202282FD1B1880D
:1018B00012A828F087FDC0B2022828D1F18812A80A
:1018C00028F080FDC0B2022821D1D6E90212E0E55D
:1018D00012A8022128F056FDC0B2022817D1718843
:1018E0000EE012A8042128F04DFDC0B202280ED14E
:1018F000718812A828F066FDC0B2022807D1B1880D
:1019000012A828F05FFDC0B2022800D102200228F0
:1019100006D130462AF028FE5844C9F808000220B3
:101920001BB02BF092BE0798CDF85D0008988DF89B
:101930005C009DF860008DF8340017980C90E5E786
:1019400003480F21034A24F012FC00BFB4CE040068
:10195000A4D60400C4D60400F0B503AF4DF804BD0E
:1019600084B00446D0E901300D46191A04290CD37D
:101970002268061D08492BF0E8FDCDE9020102A806
:10198000294604221EF064FC08B1002001E0022078
:10199000A66004B02BF006BE5C53040080B56F4611
:1019A0000021017301490131016080BDA0E60320DF
:1019B00080B56F4641F2B03281501044002101726F
:1019C00080BDF0B503AF4DF8048D8CB091E87C007C
:1019D000EC4680460CF1140061467CC029222BF0B5
:1019E00079FF002088F829000CB05DF8048BF0BD69
:1019F00080B56F46002180F8281080BD80B56F4605
:101A00000021017480BDD4D4E0B502AFDFF880C0FE
:101A10000446002544F2A85040F2011285422FD01E
:101A20002B18654405F1180656E8001F21B946E851
:101A300000210029F8D103E0BFF32F8F1D46EDE709
:101A40001448686205F128002146FFF7B1FF2046DF
:101A5000294625F095FB0025BFF35F8F54E8000F62
:101A600044E800510029F9D1BFF35F8F30B1C66956
:101A7000C5614576416A88473046F7E720BFEBE706
:101A800005487A1E00902B210448054B25F01FF8CD
:101A9000789003200DC60100E48E040052D00400AB
:101AA000849A0400F0B503AF2DE9000B94B004460E
:101AB000F8680DF13C082BF05AFF9DF83C00FF2818
:101AC00003D040F6032020801DE0A7F14E0008F16E
:101AD0000401851C2BF021FC02A82946861C2BF052
:101AE00078FB0BAD31462BF018FC2CF050FA207827
:101AF000FF2808D02BF0F9FF044825F041F92BF01E
:101B0000E7FD25F0A5FA14B02BF0C1BDDF00000001
:101B1000F0B503AF2DE9000FCDB0FE68D7F808800F
:101B2000CDE91D2056F870AFD8F84400C346CDF873
:101B3000AB00C1465BF8410FD6F808E02A90D8F810
:101B40003D00129316917268F568D6F810C073695B
:101B5000B169F469CDF8CB0059F83A0F2192CDF86C
:101B600070E01B95CDF868C0199320911F943290B6
:101B700032A88DE8120454460DF1F80ACDE9032E7F
:101B8000624605952AA9CDE90610A6F13001504616
:101B90001CF046FD22A89AE82E002EC04298119013
:101BA0004398109044980F9045980E90306A189082
:101BB000706A179008F14E00D6E90AA52BF03CF99F
:101BC00020F07F40CDE90A0B209800901F98CDE9C6
:101BD0000104219803901C98CDE908A504900546BE
:101BE0001B98CDF854B00590834618980690179826
:101BF000CDF84C90CDF830901494079026A822A9E7
:101C00001A9A199B914698461CF030FC1D98102892
:101C100004D126A816991FF007F930B11E99FF20AC
:101C2000087040F6033088805EE0D6E90C40D7F8B3
:101C300008A01D90B06B18900AF14800F66B2BF0CD
:101C4000FBF820F07F400A9013980B9015980C90A9
:101C5000209804901F981899CDE905041D98CDE9A6
:101C60000816CDE9005BCDE9029807902AA822A9C1
:101C7000149A219B1CF0FAFBDDE92C01DDE92A23F3
:101C8000CDE900013EAC204605F038F89DF8F8504B
:101C9000FF2D0AD0611C32AC2BF03BFB1E9E21466F
:101CA0002BF04FFC3571FF201DE00DF1C809211DFF
:101CB00009F103052BF031FB2EAE29462BF089FAF2
:101CC000129C0DF1F8083246404621461EF0B1FB49
:101CD0009DF8F850FF2D0AD01E9E08F101012BF04F
:101CE00030FCFF20357130704DB02BF0DBBB9AF823
:101CF000380002239AF84A100DF1F8089AF850209B
:101D0000022801F0030008BF012302F0030180F064
:101D1000010081F0010108430F990091B0FA80F0B1
:101D20000E994009CDE901132146DDE910320390F7
:101D300040461EF0B1FB9DF82161022E09D198E8C2
:101D40006E0048466EC01E9E99E83E00301D3EC0A3
:101D5000A9E732AC3EA929222BF0FBFBBDF82601F6
:101D60002146ADF830012922DDF822014B903EAD2D
:101D70002BF0F6FB50462946292241F0EAF84B9811
:101D80001E99CAF82A00BDF83001AAF82E000A20D0
:101D90008AF829600870A7E7102B7DD1F0B503AF52
:101DA0002DE9000F9DB009908846F868137800F17E
:101DB0006006D2F80100D2F80540D2F8095043EA93
:101DC000002C39692B0243EA1463240244EA1060B0
:101DD000D47BB2F80D20C6E900C042EA04421202E8
:101DE00042EA1562C6E9023218A803F05BF806F170
:101DF000300A189806F11003F66B1A9A08F07F045F
:101E00001999DDF86CB0069283E80708A4F1400246
:101E10000791314608909AE82006504640F054FF5A
:101E2000CDF81480804628464946224640F04CFFB3
:101E3000C4F14002814650463146D7F80CA040F02C
:101E400059FF0AF1200103910699402CCDE901BA0E
:101E5000009138BF49EA00082948002C08BFA8466D
:101E60002CF093F90AA8DDE907321CF063FBDDE9E9
:101E70000C01DDE90A23CDE9000118AC204604F08D
:101E800079FE9DF86050FF2D0CD0611C0FAC2BF03B
:101E900040FA099E21461FE0FF21017040F6032110
:101EA00081807047DDF814900FA8C61C211D1022F8
:101EB000D7F808802BF018FB14AD31462BF02DFA23
:101EC00018AC41462A4620461EF0B3FA9DF86050F1
:101ED000FF2D09D0099E611C2BF033FBFF203571CB
:101EE00030701DB02BF0DEBA099C5146B02204F1CF
:101EF000080040F0D9F90620C4F804902070F0E7FB
:101F0000C0FFFF7FF0B503AF2DE9000B94B004468E
:101F1000F8680DF13C082BF02AFD9DF83C00FF28E5
:101F200003D040F6032020801DE0A7F14E0008F109
:101F30000401851C2BF0F1F902A82946861C2BF020
:101F400048F90BAD31462BF0E8F92CF020F8207859
:101F5000FF2808D02BF0C9FD044824F011FF2BF016
:101F6000B7FB25F075F814B02BF091BBDE00000034
:101F7000F0B503AF2DE9000F9FB08246880701D46A
:101F800011206FE0D56B934605F108030FCB41EAB2
:101F9000030440EA0206344311BF8DE80F0000201D
:101FA000CDE90200CDE9000016AE6946304604F0E6
:101FB000D5FE9DF85840FF2C3DD111A8311D00F1F0
:101FC000030810222BF086FC0AAE41462BF001F9E3
:101FD0000DF15809594632462CF0E9F89DF8584061
:101FE000FF2C30D12868C10741D06968000A0A0E69
:101FF0008DF83E200A0A40EA0160ADF83C200E90C0
:1020000016AE0EA9304604F0F3FE9DF85840FF2CA2
:1020100011D1311D40462BF0BFFA1BAE41462BF0CB
:10202000D8F805A8594632461EF003FA9DF8144028
:10203000FF2CA5D00DE011AD711C13222BF090FAEE
:1020400005A8294602E005A809F1010101302BF09D
:1020500048FA05A90AF1050001312BF042FAFF20E8
:102060008AF804408AF800001FB02BF01BBA052440
:10207000EFE7F0B503AF2DE9000F8BB0044602A8DF
:102080000E460021924604F04BFD9DF80800FF2803
:102090001DD09DF80B10E170BDF809109DF81B20B4
:1020A000DDE903C5A4F80110BDF81910059E9DF8DF
:1020B0001830ADF81C108DF81E202374C4E901C53A
:1020C000E660A4F81110E27420702BF077B99DF847
:1020D00018B0059DBDF81900ADF8040059469DF8EB
:1020E0001B008DF806002846DDE903891AF020FC64
:1020F00002460B4606F1480011461A462AF054FFE4
:10210000C0B202281CD1BDF804005146ADF8290028
:102110009DF806008DF828B00995CDE907898DF85E
:102120002B0002AD07AA28461EF083F99DF808602F
:10213000FF2E10D0601C691C2BF0D3F92670C4E769
:1021400005204946207040460BB0BDE8000FBDE8B1
:10215000F0402AF0FFBEFF20B6E7D4D4F0B503AFBD
:102160002DE9000F9FB00D46B968069314460B90F9
:102170001AA802F097FE1A9804F170061C9A05F04E
:102180007F0504F1900B1B991D9B0FC60892A5F1CA
:1021900040020A909BE8400E504609915946079329
:1021A00040F092FD8046304649462A4640F08CFD7C
:1021B000C5F1400281465046594640F09BFD04F16E
:1021C0002001402DCDE90241079901910899009124
:1021D00038BF49EA00082448002D08BFB0462BF05C
:1021E000D4FF0CA8DDE909321CF0A4F9DDE90E01E9
:1021F000DDE90C23CDE900011AAC204604F0BAFC5D
:102200009DF86850FF2D0BD0611C11AC2BF081F8AC
:102210000B9E21461322701C40F09BFE35701FE080
:10222000DDF82C8011A8C51C211D2BF076F816AE08
:1022300029462AF0CEFF1AAC0699324620461EF0F7
:10224000F8F89DF86850FF2D07D008F10100611CD7
:102250002BF047F988F8005002E0FF2088F80000D2
:102260001FB02BF01FB900BFC0FFFF7FF0B503AF59
:102270002DE9000FB5B016461D46CDE91210B04647
:10228000D6F83D000DF1A00C55F8702FCDF8A30045
:1022900058F83A0F289056F8410FD5F808906B6817
:1022A000D5F80CA0D5F810E0D5F814B0AC69E96900
:1022B0002C90D6F8030014921593CDF86C90CDF8BD
:1022C00068A0CDF864E0CDF860B017941691CDF811
:1022D000B3002CA88DE800460DF18009CDE9051C5E
:1022E000A5F1300107904846CDE903B41CF098F9F8
:1022F0001CA899E81E0005F1300B1EC0249811900F
:102300002598109026980F9027980E90F01D9BE826
:10231000100AD5F83CA02AF08FFD20F07F40CDE9CF
:102320000A08DDE91A10CDE908BA0C96CDE90001DA
:10233000199802901898039017980490169805A978
:1023400081E8110228A81CA9DDE914231CF08EF8ED
:10235000DDE928230DF18009DDE92A01CDE900013D
:10236000484604F0CBFC9DF88060FF2E0ED02CACCC
:1023700009F101012AF0CDFF139D21461322681DAA
:1023800040F0E7FDFF202E71287051E0DDF84C8011
:102390002CA8C61C09F104012AF01BFF31AC314600
:1023A0002BF010F80DF18009129922462BF0FFFE58
:1023B0009DF88040FF2C0BD008F1050009F10101C8
:1023C0002BF08FF8FF2088F8044088F800002FE0F9
:1023D00005F1200B464608F11804ED6A9BE8000D54
:1023E00009F107001CA92BF0D7F80B20494606F885
:1023F000010B17222BF078F8199804F12C012062B8
:10240000189860621798A0621698E56381E8010D3C
:1024100011982060109860600F98A0600E98E0609E
:1024200014982061159860611B98A0611A98E0616A
:1024300035B02BF037B8D4D4F0B503AF2DE9000F89
:102440008BB004460220ADF80A0001208DF8080088
:102450001E462C4888468DF80920039007A82AF0CC
:102460002FFD079DEDB3DDE9089BFB20D7F808A001
:10247000CDE904B00020069004A803A9FFF76CFA88
:10248000C0B202281CD104A802A9FFF765FAC0B2A5
:10249000022815D1DDE90530191A02290ED3049A54
:1024A00019490091811C019127F02CFFCDE907010A
:1024B00007A8314602221DF0CBFEB0B1042004E093
:1024C000C0074FF0040018BF0D200121207061707B
:1024D000284649460BB0BDE8000FBDE8F0402AF0A1
:1024E00039BD162020702AF069BF019851460A9024
:1024F00007A880E8200A07AB204642461BF08FFD64
:10250000F1E700BF060005005C53040091F8673353
:1025100001F51472012B12BF91F8561202F58C725C
:102520000121A0B1D0B502AF9388B0F8154112686F
:102530006340D0F8114162401A4390F81731594076
:10254000C90718BF0020002A18BF0020D0BD0020F6
:102550007047D4D4F0B503AF2DE9000794B002ADB5
:102560008846814648212BF07AFBD8F80C40482653
:10257000334B2946482C38BF26463046482229F09E
:1025800023F90546D8F808008A4621461DF046FA88
:102590008E4251D803462B4800901A462846514691
:1025A000334626F087F9022C09D22D4824F0E8FBA7
:1025B000304624F0D7FB24F04BFD0A2019E09DF8AB
:1025C0000800441EE5B20E2D12D22046A6F1010AE3
:1025D0001AF020FC80B282451BD109F1010002A94A
:1025E000482240F0B6FCC9F84C6089F8004008E089
:1025F000072089F80500032089F80400FF2089F8E6
:102600000000D8E900012AF0A5FC14B0BDE80007DD
:10261000F0BD0D4824F0B4FB0C480D4CA0470D480C
:10262000A0470D480D4950F8250051F8251022F01B
:1026300007FB0020A047BEE70A4B0A462BF0E2F852
:102640008C540400AC540400D400000014000000BA
:102650003F6D020031020000F0DB0400B8DB040033
:10266000D50000009C540400F0B503AF2DE9000F25
:1026700095B01C788046FF2C15D046481D4616465E
:102680008A4693F801B024F07BFB434824F057FBC3
:10269000284628F093FE032C18BF4FF0080B24F0B7
:1026A000D7FC192C05D1FF2088F8000015B02AF0BE
:1026B000F9BEB6F858430FA82AF002FC0F9800287C
:1026C00048D0A7F143000094C51C0FA90C222AF0A2
:1026D00047FFA7F152002946C61C0C222AF004FF2E
:1026E00012AD31460C222AF03BFF02A829460422F3
:1026F0001AF030F99DF80800DDE903549DF81860E0
:10270000FF28DDF8149026D1484631461AF010F91A
:10271000E1B380F800B030461AF002F9CDE9049038
:102720004046CDE9025402AD009A51462B461BF0BB
:1027300076FC98F80000FF28B5D098E85E0028469F
:102740005EC0164824F01CFB284628F029FE24F021
:102750007FFCABE716209DF80B1088F80310BDF83E
:1027600009109DF81B20A8F80110BDF81910ADF84C
:1027700004108DF8062088F81060C8E90154C8F8E4
:102780000C90A8F8111088F813208DE7044A2AF05D
:1027900024FD00BFCD0000000B020000D2000000AD
:1027A000CC540400F0B503AF4DF8048D92B00DF198
:1027B00004080D4606461146404644221C4640F099
:1027C00023FBB8682946009030464246234600F075
:1027D00005F812B05DF8048BF0BDD4D4F0B503AFAA
:1027E0002DE9000FADF29C6D189301F1780A179056
:1027F000DCAE91F8C84006F1600B90460D46022C05
:10280000199132D10DF168092946C82248463FF096
:102810004BFD152028710E2028709DF8685098F8FF
:1028200000000C2D00F2128306F17004DFE815F0B1
:102830000D008C0142012801C9000A01DF010E03CD
:102840007502C6020E03AB029700FF2804BF98F87A
:102850000C10002900F02287411E0329C0F0B88225
:10286000002840F0EF8200F05ABF0DF50C792946A0
:10287000C8221AAE48463FF017FD15209DF83012C9
:102880002871122028700F2998F8000000F2B685F0
:1028900006F16005DFE811F01000C10302039F0498
:1028A000CF04B2057B03E0032204B205AB05320579
:1028B000B205B205E6028803FF2804BF98F80C2091
:1028C0000A2A40F09B85D8F80800002802F0988278
:1028D000199D0C22D8F8041095F81901032808BF97
:1028E0000822DDF860A0DAF8383093F8700393F826
:1028F0007133024485F81A210C7813B1012185F84F
:1029000018110DF59F6858B195F81C0195F81D1127
:1029100040F0030085F81C0141F0030185F81D110A
:102920001AA851461DF02BFF9DF891000DF55C791A
:10293000022807D0600741F1C3829DF89000022869
:1029400001F0BE82DCAC2BF04EF92BF0B5FC01F0AF
:102950001B822AF02DFD8DF8FC5401F0C6BAFF2829
:1029600004BF98F80C10082940F02F82D8F80820EE
:10297000002A02F04382D8F804000478022C81F087
:102980001A800DF59F68062A42F22A82199A50F899
:10299000011FDDF860A0C2F811118188A2F815119D
:1029A00092F8F91082F81741022900F0FB8681881D
:1029B000A2F8F4100068C2F8F00082F8F64000F0C7
:1029C000F1BEFF2804BF98F80C10022900F05186D0
:1029D000042800F23E82DFE810F0E806FB01FB016C
:1029E0000500E8060DF59F600DF59F6B00F1900561
:1029F0001998902200F1180158463FF055FCDCAEC2
:102A000009F1010111222AF06FFD0024D8F8040019
:102A1000C5E90004C5E904049DF87003C5E9024452
:102A2000C007C5E9064401F05C85DDF860A0721CB2
:102A3000B8680021CDE900AB102302908CA8FFF705
:102A4000ABF9CBE1FF2804BF98F80C10022940F045
:102A5000BC8119980DF59F64B02200F10801204651
:102A60003FF022FCD8E90123A046DDF860A0B86859
:102A70001B99CDE900A402908CA8FFF78DF9AFE176
:102A8000042800F2E887DFE810F090060500C70789
:102A9000A30190069DF86900002801F0778119993B
:102AA00009F118001022D031CDE9001009F102011E
:102AB00000F043BFFF2804BF98F80C10032940F032
:102AC0008481199D4CA870222AF035FEDAF80000A6
:102AD00005F1980116902022DAE901B9DAF80C60C4
:102AE000C6A840F036FA2AF0A7FE40F09A87D8F838
:102AF00004000DF59F6A169A5B461596D0F80910EA
:102B00001491D0F80110139101781291C17B1191A9
:102B10001899D0F80550B0F80D0010905046CDE946
:102B200000965E46FEF7BEFF9DF8F884B8F1FF0FF1
:102B300001F06F828CA80AF1010105302AF0D1FC66
:102B40008DF8348200F0A8BFFF2804BF98F80C105D
:102B50000B2940F03A81D8E901120DF5467840463C
:102B60002AF0D2F8DDF860A02022DAF82C10BEACF2
:102B70002AF0EFFCDAF830104CAE40222AF0B4FC18
:102B80000DF59F69214642463346484629F0ECFF41
:102B90009DF8F804C00700F049879DF8FB0409F18F
:102BA00006018DF806021222BDF8F9049DF8FC44D6
:102BB0009DF8FD64ADF804027CA840F0CAF909F163
:102BC000180079A90DF59F6A0CC80CC1007808702F
:102BD0004CA9504604F01AF89DF8F804FF2801F0BB
:102BE00072820A2003258DF8710301F097BAFF283D
:102BF00004BF98F80C10032940F0E7802BF08EFA00
:102C0000DCA83FF051FB2AF017FE40F01887D8F8F7
:102C100004001B9DDBE90E98D0F801100278129594
:102C200005F07F0542EA0122CBF820201692D0F869
:102C30000930D0F805201C0244EA1264120242EA6C
:102C40001161CBF82840CBF82410C5F14002159152
:102C5000C17BB0F80D00149440EA014041460002E7
:102C600040EA136A4846CBF82CA0DBE90C6440F03C
:102C700041F81390304621462A4640F025F8A5F148
:102C8000400204464846414640F01EF81399402D44
:102C900038BF44EA0100EF49002D08BF3046DCAAE6
:102CA00061F35F00149B02F12001CDE9003ACDE908
:102CB00002120490BEA8DDE915321BF03BFCDBE9F3
:102CC00000ACDDE9BE648CEA0401DBE90289DDE9E0
:102CD000C03589EA050008438AEA060288EA03014A
:102CE0001143084341F06680DBE904230DF59F643E
:102CF000DBE90601CDE90001204603F061FF9DF804
:102D0000F854DDF860A0FF2D01F0FB84611C4CAC91
:102D10002AF0FFFA8CA821462EE0FF2804BF98F87D
:102D20000C10032951D12BF0F9F9DCA83FF0BCFAC3
:102D30002AF082FD40F08886D8F8040004F11005DE
:102D40002AF025FC0EC5B968E061204602F0AAF819
:102D5000DDF860A0D4E90201D4E900230DF59F64F9
:102D6000CDE9000151462046FEF79CFE2BF09CFA6F
:102D700001F0E6818CA8611C05302AF0B2FB8DF8C9
:102D8000345200F057BEFF2804BF98F80C100729F2
:102D90001BD12AF051FD40F07C86199890F8F9007B
:102DA000022808D0D8F804000AF168042AF0EFFBE2
:102DB0000EC4CAF874000C2000F06FBEFF2804BFD8
:102DC00098F80C100C2900F0B085411E032936D26A
:102DD0008CA81AA92BF071F9DDF860A00DF59F6899
:102DE0009DF83002FF2800F0E7840DF50C790DF511
:102DF0009F60C82249463FF057FA9DF8F8040E2814
:102E000000F0E484199D0D2840F0008595F8F980C4
:102E1000B8F1020F00F0FA8495F81A0100F00300EF
:102E2000012802BF95F8200100F00300012800F0FE
:102E30002A8595F8F8C04FF0020800F051BD00282F
:102E400000F06B84042804D100F0AFBCFF2840F0F0
:102E5000598498F80C00042800F0F1830D28B7D0AD
:102E600000F0A3BCFF2804BF98F80C20072A40F00C
:102E7000C5822AF0E1FC40F0A486199D95F8F9007E
:102E8000022808D0D8F804000AF168042AF07FFB71
:102E90000EC4CAF874000F2000F098BEFF2804BFCB
:102EA00098F80C200B2A40F0A982BEAE09F104016B
:102EB00020222AF019FBDDF864B00DF54679402296
:102EC0000BF1240A4846514640F043F8D8E9011274
:102ED0004CAC204629F018FF0DF55C7831462246AF
:102EE0004B46404629F040FE9DF87003C00700F0B5
:102EF00070869DF8730308F106018DF8AA0012226E
:102F0000BDF87103ADF8A800BDF874431AAE06F120
:102F1000450040F01EF806F1570008F118012BF0AB
:102F2000AEF806F120004CA92AF0D5FB30465146F8
:102F30002AF0D1FB28465021ADF8AB403FF0B2FF5C
:102F40009BF80801811E38BF0221DDF860A0C9B2DC
:102F5000022901F034820DF55C79032941F04E829B
:102F60000F202BF087F8DAF83820D6AEDCAC2AF048
:102F7000A6FE9DF85853FF2D41F0E883E01D1AA9E5
:102F80002AF0AFFB09200DF59F6801F0F9BC98F815
:102F90000C10FF2808BF022900F04F84DDE918A5B6
:102FA000FF2800F0318276E2FF2804BF98F80C2059
:102FB000082A40F02382D8F80820002A01F022874E
:102FC000D8F80400DDE918A50478022C80F04086CA
:102FD0000DF59F68062A41F2058750F8011F0DF58F
:102FE0005C79C5F811118188A5F8151195F8F910CB
:102FF00085F81741022907D08188A5F8F4100068E8
:10300000C5F8F00085F8F64095F822110DF59F609F
:103010005246FEF7ADFF00F0A9BFDDE918A5FF2875
:1030200040F0FC8298F80C100A2900F0DF85012995
:1030300040F0EA81D8E90112DCA829F0C5FF9DF82B
:103040007003022840F0D4860A202AF08FF901F09C
:1030500090BA00BFC0FFFF7FFF2804BF98F80C2084
:10306000022A40F0CB81199DDCA860222AF063FB84
:103070009AE8500805F188013022DAF80C901AA875
:103080003FF067FF2AF0D8FB40F0F883D8F804003F
:103090000DF59878224633468D9D0168169141685A
:1030A0001591816814911899C06813904046CDE934
:1030B00000B9FEF727FF9DF830A1BAF1FF0F01F02C
:1030C000B6800DF59F6208F10101501D90462AF06F
:1030D00008FAFF208DF8FCA401F0CDB8FF2804BF4A
:1030E00098F80C20032A40F08981199DDCA8B022B1
:1030F0002AF021FB2AF0A0FB40F07A858D98DBE9CD
:103100000EA900F07F04DBF83410A4F14002DBF8D4
:1031100030501591494614905046D8F804601695E1
:103120003FF0D2FD15998046284622463FF0CCFD5F
:10313000C4F140021590504649463FF0DBFDB368AC
:10314000F568D6F800907268DCA9039120310291ED
:10315000402CCDE91253CDE90035159938BF41EA2D
:1031600000081698002C08BF8046E3482BF00DF8A5
:1031700090461AA84A4643461BF0DCF9DBE900C139
:10318000DBE902231AAE1D9870CE6940584008430F
:1031900086EA020184EA0C021143084340F03186BA
:1031A0001499DDF860A0CBE908980DF59F68139895
:1031B0001329CBF828001298CBF82C0041F0DE81BF
:1031C000DCAB199D0DF59F60514605F1D002FFF76C
:1031D0004DF800F04ABDFF2804BF98F80C20022AE1
:1031E00040F00C812AF09AFF1AA83FF05DF82AF00F
:1031F00023FB40F04383D8F804002AF0C8F985E89F
:103200000E00B968E86005F1100001F04BFED5E949
:103210000601D5E90423CDE90001DCAC2AF0E9FC84
:103220002BF04AF840F09686E01D1AA92AF059FAC8
:10323000042000F0E7BEFF2804BF98F80C20032A02
:1032400040F0DC8019980DF1680BB02200F1080104
:1032500058463FF029F82AF0EFFA40F00F83D8F8EB
:1032600004000BF120028168D0F80CA0D0F8049083
:10327000D0F800800020CDE9001ACDE915214B4699
:10328000CDE9022B42460490C6A81BF053F9D5E9BC
:1032900002E3DDE9C646DDE9C802D5E900C15A40CE
:1032A000714080EA0E0011438CEA04021043084387
:1032B00040F0B48505F11003169CC5E908890FCBD1
:1032C000C5E90A4A159DCDF800B001AE86E8200395
:1032D000CDE9044A1BF06CF9199D044695F80801E4
:1032E000022841F06381854823F04AFD2AF0F5FC6D
:1032F00023F0AEFE0DF59F601AAB39E3FF2804BF43
:1033000098F80C200C2A79D1DCA8199C00F1100542
:10331000DCA804F1080150223EF0C6FFD8E9010103
:1033200005F1280B0E902869139068691290A8691E
:103330001190E8691090286A1490686A1590686B7B
:103340000F9004F58F709BE8000B1691D5E90EA63F
:1033500029F072FDD4F8142120F07F40D4F8111127
:10336000CDF833214C91D4F80D21D4F80A11CDF8C1
:103370006B201A91CDE908A60A904CA80B901AA8C8
:103380000C90139802901298039011980490109842
:10339000CDE9050B0F98CDE900890790D6A8DCA9E7
:1033A000DDE914231BF062F81698102806D1D6A97F
:1033B0000E981DF039FD002800F039854FF00B09FB
:1033C0000325DDF860A00DF59F68BEA908F1060091
:1033D00012223FF0BEFDFF208DF8FD948DF8FC54C5
:1033E0000DF55C798DF8F804199D00F0C1BDFF283A
:1033F00004BF98F80C20032A00F0A782FF280BD105
:1034000098F80C10DDE918A5042924D029F0AEFFA6
:103410000D2900F008810DE1DDE918A5053908291D
:1034200000F2FC80DFE811F009003700FA00FA0032
:103430009200FA00FA00DE00F700012800F0E282B4
:1034400029F094FF022840F0F58040F60340ADF8E3
:10345000FC0400F090BDD8F808000DF55C79002858
:1034600001F0C884D8F804000478254823F088FCCB
:10347000601EC0B2102828BF0824204628F042F859
:1034800023F0E6FD03208DF8FD448DF8FC040DF5D6
:103490009F6800F070BD032840F0C080DCAE05F1ED
:1034A0001801902230463EF0FFFE0020D8F80410AC
:1034B000CBE90C103246CBE910100021CBE90E000D
:1034C0005346CBE91200B8689DF8315200901AAC0F
:1034D0002046FEF743FE9DF86860FF2E00F09183C2
:1034E0000DF59F68611C08F1050029F0FAFF8DF8C1
:1034F000FC6400F035BD00BFC0FFFF7F340000005A
:103500009300000060A1040020000000940000006F
:10351000D80000001F000000DC000000E2000000F6
:10352000DA000000CB000000D30000001E00000005
:1035300005BB0200A4D20400E4000000CE0000009D
:10354000D700000064000000C9000000042865D115
:1035500005F108011AADB02228463EF0A5FED8F8C4
:10356000010008F1210416902022D8F80D00214610
:10357000D8F805B0D8F809A015904CAE29F0B4FFE2
:103580005FF8801020461DF04FFC40B95FF88C10AA
:1035900006F110001DF048FC002800F0AB8429461D
:1035A0000DF598792031002099E860033346CDE984
:1035B0000089CDE902112A460490DCAC20461AF0BD
:1035C000B9FF4CA800F1100120461DF02DFC002889
:1035D00000F09484FF208DF8F80440F20340ADF829
:1035E000FC044DE1D0B998F80100002800F08B836D
:1035F0005FF8EC0023F0D0FB95F823010DF59F68F0
:10360000800700F13D8695F822110DF59F60524626
:10361000FEF7AEFC29E3002800F0E88129F0A6FEC1
:103620000138022806D20DF59F608CA92AF045FDCD
:1036300000F09CBC15208DF8FC0400F09CBCD8F870
:103640000800002801F0D883D8F8040004785FF857
:10365000440123F095FB601EC0B2102828BF082447
:10366000204627F04FFF23F0F3FC8DF8354203206E
:103670009CE02AF0E1F840F08781D8F804108CAC87
:10368000A01C29F089FF19990DF59F682AF092FA7C
:1036900029F0E7FFDDF860A004207DE118990DF521
:1036A0009F60D8E901A91DF06AF89DF8210502285C
:1036B00019D00D200DF59F688DF8F8041898434631
:1036C000816A826BDCAC2AF0BFFB9DF87003FF2897
:1036D00009D02AF00AFA5FF8C80123F051FB29F05B
:1036E000F7FF23F0B5FC0DF59F6051464A4629F0DF
:1036F0006BFC9DF8F844022C40F0528129F042FF07
:103700000A20BBE2072D08BF042800F0CA81411E31
:103710000329FFF45DAB002847D10A2D45D198F865
:103720000100002800F027815FF8180223F034FB25
:10373000DDF860A00DF59F680DF55C793DBB0DF5DA
:103740009F64514620461CF0C8FF9DF82155FF2D6F
:1037500000F00087DCAC0DF59F61292229F0F9FE0D
:10376000DDF822052146199E29228890BDF82605FC
:10377000ADF8240206F1D0003FF0EBFB8898C6F8C4
:10378000FA00BDF8240286F8F950A6F8FE0019994F
:1037900091F81D01800700F1AB8291F822018007AA
:1037A00000F143850D2001F0E2B815208DF83402B8
:1037B000DDF860A00DF59F688CA808F104010430C5
:1037C00090E87C000E207CC18DF8F8040DF55C7942
:1037D00008F1040109F104001DF084FB0C202AF01B
:1037E00049FC4B46DAF838204CAC2AF02DFB2AF085
:1037F0003AFB0AD02AF074F95FF8E40223F0C0FA29
:10380000484627F0CDFD23F023FC199D0DF59F615F
:1038100028462AF052FC8CAC2946204628F0E6F9CE
:10382000FF208DF870039DF83002DCAEFE2818BF33
:103830002646179D96E81F00DAE3DDE918A529F072
:10384000FBFF40F0CA80D8F804100DF59F6808F11E
:10385000020029F0A1FE0DF55C7905F1180109F1CE
:10386000060029F03EFF012049468DF8F90408F1D1
:103870001200B6223FF06DFB062038E329F0D5FE9A
:1038800029F080FE6FE34CAE05F1D004514630467E
:1038900022461CF0A4FE2AF0E6FA10D00DF55C7A60
:1038A00096E83E0050463EC05FF890032AF0FBFBCE
:1038B000504605F1D00427F073FD23F0C9FB2068C2
:1038C00005F1E00C1690AB4660681590D4E902AEA5
:1038D0004C469CE86F006FC4DDE915209BF8F8C0EA
:1038E000CDE9E0AE0DF55C7ECDE9DE020EF118010A
:1038F0008DF871C399E87D00F1467DC10B207346B8
:103900008DF8700318988DF8A1838DF8A0C3816A93
:10391000826B4CAC2AF098FA2AF0A5FA3FF475AF06
:103920002AF0DEF85FF8080468E7199B09F108003F
:10393000D8E90112D033CDE900308CA8DDF860A0C1
:103940005346FEF7E5F8FFF749BA199DDCA8B02207
:1039500029F0F1FE29F070FF40F04E81D8F8040004
:1039600029F015FEFF90FCA80EC0DCAB0DF59F60A2
:10397000DDF860A04AE05FF8540423F00DFA2AF065
:10398000A3FC40F603702FE20520DDF860A08DF85F
:103990003402FF200DF59F688DF83002FFF722BA40
:1039A0009DF8FA540DF59F68DDF860A0280700F136
:1039B0005F81032062E15FF8900423F0E1F9204683
:1039C00021F0F6FA23F044FBDDF860A005200DF5A8
:1039D0009F688DF8340200F0C9BF05200DF59F687F
:1039E0008DF8FC04FF200DF55C7980E298F8010069
:1039F000002800F095815FF8CC0423F0CDF9112068
:103A000000F045BC09F108030DF59F6005F1D002F7
:103A10005146FEF72BFC26E140F60340ADF8340298
:103A2000C6E640F60320ADF8340235E040F6033038
:103A3000ADF83402FF200DF59F6800F098BF2AF022
:103A400043FC40F60320CFE12AF03EFC05208DF830
:103A50003402FFF7C1B99DF8690000287FF4F9A985
:103A600098F80C000C287FF4F4A929F0E5FE40F04A
:103A7000C186D8F804108CACA01C29F08DFD1999D2
:103A80000DF59F682AF096F829F0EBFD032000F071
:103A9000B7BE05208DF83402FF208DF83002FFF705
:103AA0009BB9199C0DF59879B02204F1080148469C
:103AB0003EF0FAFB08F121060DF5467A2022504629
:103AC00031463FF046FAD8F801001690D8F80900C0
:103AD0005FF8D0151490D8F80D0015903046D8F83E
:103AE000055094F81EB128F005F840B95FF8EC15C0
:103AF0000AF1100027F0FEFF002800F0FC84CDE959
:103B000012B5C6AB0DF53E780FCB119000BAC1903F
:103B100008BAC09010BA10914146BF9018BA0F92DF
:103B20000E93BE90DCAE304620F0E4FE0DF59F64AF
:103B3000002531464FF4B8722046CDF8DC54CDF85C
:103B4000D854CDF8D454CDF8D054CDF86856CDF82B
:103B50006C56CDF87056CDF874563FF055F9DCAE82
:103B600021464FF4C0722AF058FB09F120045FF897
:103B700040963046202221468DF8F054C847304602
:103B800021462022C8470DF59F64304601228DF85A
:103B9000F8542146C847204631464FF4C2723FF0E0
:103BA00033F99DF878A604F5B8715FF878361022DD
:103BB000504627F04FFA002966D000F8015B013922
:103BC000F9E70520199D8DF8FC04FF208DF8F80415
:103BD00014E040F60330DDF860A0ADF8FC04FF20EF
:103BE0008DF8F80429F0C2FB5D46BFE101204EE3E9
:103BF000052029F0C7FC08E129F017FDDDF860A0D9
:103C000031E00DF59F68E80700F0508109F10200EE
:103C100029F0BDFC8BE80E00CBF80C00DBE90601B7
:103C2000CDE900015146DBE904231AAC2046FEF73A
:103C300069F99DF86850FF2D40F08E8108F1080069
:103C4000DCA929F011FF0020CDF8FC04082088E150
:103C50005FF81C0723F094F8204621F0A9F923F01F
:103C6000F7F929F0E2FC0DF59F680DF55C797DE12F
:103C70009DF8FB64102E80F0708206208DF83502CE
:103C800003208DF8340297E5A7F13C060025204675
:103C900047F83C5C31468DF8785647E90E5547F8B1
:103CA000305C27F091FFA7F12C09314648461DF002
:103CB00075F904F5B076102D09D06019013590F82A
:103CC000601190F87021514080F86011F3E7BAF16B
:103CD000100F40F06C8229F055FCDDE912B5002090
:103CE000102800F07D8219F8001029F001FDF7E797
:103CF000DAF83C4004F108032AF026FA00F0918338
:103D000082AD0FC592E35FF8CC0723F045F840F68B
:103D100003700DF59F68ADF8FC040DF55C792AE1A0
:103D20000DF55C7829F0BBFE0DF168090D204346C6
:103D30008DF8700348461CF029FC29F0A0FF0BD039
:103D400099E86E0040466EC05FF80C082AF0ABF9A7
:103D500029F0BEFC23F07CF9E00700F093825FF8C5
:103D60001C0823F019F8DCAC29F03DFF9DF87053D6
:103D70000DF59F680DF55C79FF2D00F0478529F062
:103D800017FB8DF8FC54F6E00120AFE019990DF512
:103D90009F6808F10700B02218313FF0DAF80920D7
:103DA00041468DF830028CA829F09AFFDDF860A01A
:103DB000FFF71BB85FF870089B46169535466646B8
:103DC00022F0DEFF5046314642464B4627F0E6F9E8
:103DD000169B284621465A4627F0E0F923F038F989
:103DE0002AF072FA40F20340ADF83402FEF7F4BF55
:103DF0009DF8721329F0BAFA0A0700F1B483032080
:103E0000B7E329F0BFFB199D032004218DF8FC04C2
:103E1000FF208DF8FD148DF8F80426E7DDF860A08A
:103E200029F0A4FA40F60340ADF8FC04E2E3DDF823
:103E300064B002260DF168089BF81A119BF8204126
:103E40009BF8080101F0030104F0030481F0010173
:103E5000022884F0010408BF01262143DDF860A098
:103E6000B1FA81F1D5E900234909D5E902050391A9
:103E700051468DE8610040461CF00EFB9DF86850ED
:103E800008F102019DF8699012229DF89160C6AC7C
:103E900029F05FFB022E40F0AF83BEA84ECCFF2D71
:103EA0004EC0218801807FF48EAADDE308F108006E
:103EB000DCA929F0D9FD0020CDF8FC04072050E052
:103EC000DCAC514620461CF008FC9DF89953FF2DB0
:103ED00040F0CF830DF5987C94E86E0060466EC08C
:103EE00008F104009CE83E003EC0FF20199D8DF8BB
:103EF000F8043DE00DF5987999E860031AA800F1FF
:103F00007004199890F81E01002804BF8246834669
:103F1000169908BF0146159A08BF0246C4E9081B56
:103F200004F13000B968C4E90AA280E86003DCA8A3
:103F300000F0B8FFDDE9DE01DDE9DC23C4E90023A0
:103F4000C4E90201CDE90001DCAC29F052FE2AF0FF
:103F5000B3F952D00DF59F6829F02AFA8DF8FC5478
:103F6000FF208DF8F8040DF55C79199D9DF8F80493
:103F7000FF2840F0928108F1040009F1040190E863
:103F80007C0012207CC14C46199D8DF8700308F10D
:103F90000400211D1CF0A6FF0C20DAF828108DF873
:103FA000F8044346DAF838204CAC29F04DFF29F0EC
:103FB0005AFF09D029F099FDDFF8900E2AF073F826
:103FC00029F086FB23F044F81AACDCA928462AF035
:103FD00074F82046294627F01AFEFF208DF8F804D1
:103FE0009DF86800FE2818BFA046179D98E81F009E
:103FF0001FC50DF29C6D29F055BAE01D1AA929F0D4
:1040000070FB0A200DF59F682AF00EF83EF0A1FF24
:10401000A9E7DDE91010702241EA00484CA9DCA8AC
:104020003EF042F9139A28022946149DDDF858B053
:1040300040EA126A1298C4E900B640EA0222280255
:1040400040EA11614FEA082040EA1568159D139275
:10405000C4E9035220221291C4F80890C4E905A1D2
:10406000C4F81C80DCAC04F19000C6A93EF071FFDE
:1040700004F12000129A8DE8110851464346139826
:10408000CDE9036905951AF093FA0446199890F85A
:104090000801022840F00F83DFF8C00D22F070FE07
:1040A00029F01BFE22F0D4FF0DF59F64DCA9E01D72
:1040B00029F017FB092021468DF830028CA829F041
:1040C0000FFEFEF789BE1694D6A800F102080AF189
:1040D0000401102229F0FEFB82A84146841C29F02D
:1040E00071F90DF508782146102229F0F3FB0DF542
:1040F0005C79189942462AF05AF82AF0DDF800F067
:104100002B8399E85E0050465EC0DFF8540D22F024
:1041100037FE504627F044F922F09AFF8CA8DCA91C
:104120000530013113220DF59F683EF012FFFF208C
:104130008DF834528DF83002DDF860A0FEF750BEE5
:10414000E01DDCA929F0CDFA092021468DF83002C6
:104150008CA829F0C5FDFEF741BEBDF8FC949DF882
:10416000F9845FEA897041BF199991F81C0140F008
:10417000020081F81C015FEA895040F13584DAF8C9
:104180003C30D3E902E1D3E9042341EA030C4EEACF
:10419000020050EA0C0000F01084CDF8F8E4CDF8ED
:1041A000FC14CDF80025CDF8043500F00FBC16F84E
:1041B0000A00A7F12C0180F0800006F80A004046B2
:1041C0001CF0ECFEDDF860A00020DDE912B510283F
:1041D00004D018F8001029F08BFAF8E70DF59F6865
:1041E0000DF59F60314627F0EFFC0FCE00BAC1906D
:1041F00008BAC09010BABF9018BABE90C6A800F115
:104200001001BEA827F076FC0DF1380EDDF844C091
:1042100000289EE8104200F076812AF055F840F21E
:104220000340ADF83402FEF7DBBD0B209FE30DF534
:104230009F6ADCA90AF1080060220AF168083EF0D2
:1042400033F8169808F10C01C8F8000030221598D0
:10425000C8F804001498C8F808001398C8F81C900F
:10426000D04681E851080AF188001AA93EF071FE93
:10427000CDF8FC5408208DF8F804DDF860A072E653
:104280000E2006E0DFF8AC0B22F086FD10200DF5C5
:104290009F680DF55C798DF8F8044C460DF59F6923
:1042A000DCA8C82249463DF0FFFF9DF870031228A4
:1042B0003FF46DAE1AAC11287FF487AE95F8F98003
:1042C000B8F1020F04D1DFF87C0B22F065FD73E03A
:1042D00095F81A0100F00300012802BF95F82001AB
:1042E00000F00300012804D095F8F8C04FF0020850
:1042F00031E04CAE05F1D00B514630465A461CF029
:104300006EF929F0B0FD0CD096E83E0048463EC05C
:10431000DFF8280B29F0C7FE484627F041F822F0C5
:1043200097FEDBF8000005F1E00C16900DF1680E29
:10433000DBF8040014907446DBF808001590DBF8F5
:104340000CA0AB469CE86F006FC47446DDE91421F5
:1043500016989BF8F8C0CDF804252246CDF8000544
:1043600009F1180E8DF8F9C4CDF80815CDF80CA593
:1043700092E87B008EE87B000B204B468DF8F8041A
:1043800018988DF829858DF828C5816A826B4CAE06
:1043900029F049FF29F067FD0CD096E83E00484619
:1043A0003EC0DFF89C0A22F0EBFC484626F0F8FFFE
:1043B00022F04EFE1AAC199D0DF59F6805E628F017
:1043C000D5FF002800F025820A2029F053FEDAF8F4
:1043D0003820D6AEDCAC29F072FC9DF85853FF2D86
:1043E00040F0B681A01D1AA929F07BF906202146CC
:1043F000ADF8F80408F11200B622C3E208F1070094
:104400001AA9B0225D463EF0A4FD03200DF59F627F
:104410008DF8F804501C41469046B7223EF099FDB5
:10442000A4E50020CDE98400CDE982000DF59F666A
:1044300082A9304602F092FC29F036FF46D14CA802
:10444000311D00F10309102229F0AEFED6AE494617
:1044500028F0BFFE0DF59F685146324640461BF0DE
:10446000E8FF29F021FF40F06B812068C10700F0D0
:1044700073826168000A0DF59F660A0E8DF8F621B9
:104480000A0A40EA01607C90ADF8F4217CA930462C
:1044900002F0AEFC9DF8F8540DF59F68FF2D15D184
:1044A000311D484629F078F8BEAE494628F091FE05
:1044B0000DF59F645146324620461BF0BAFF29F0A5
:1044C000F3FE40F010841999FFF767B9711C4CAEE8
:1044D000132229F009F8C6A81ECE1EC029F075FDCA
:1044E0003DE28CA80DF59F61083029F0BDFA8D944E
:1044F0000520FFF7D2BADDE9C6CE0DF59F68DDE9EC
:10450000C894DDF860A04CA8149E90301BF0010107
:1045100004BF0E460D46169A08BF0A46159B08BFF3
:104520000B4600F10C0180E86400B022C0E906945B
:1045300008F1070081E808504CA93EF00AFD082068
:1045400041468DF830028CA80130B7223EF001FDC3
:10455000FEF746BC29F0C4FA49468CA891E87C00D5
:1045600004307CC002E29DF873230F2A00F2BA8166
:1045700006208DF8FD040320FFF75DB8B8684C1CD9
:1045800000901AAEDCAA214630465346FDF7E6FD00
:104590009DF868500DF55C79FF2D24D108F10800D5
:1045A000DCA929F061FACDF8FC4499E1DFF86C0848
:1045B00022F0E6FB29F091FB22F04AFDDDF860A035
:1045C00009208DF87003DD9429F069FA4CAEDCAC5B
:1045D00029F075FB9DF830510DF59F680DF55C795C
:1045E000FF2D00F0C88108F10500711C28F079FF4B
:1045F0008DF8FC54FF20A2E208F1140C16960DF57C
:104600009878BCE84F00C646AEE84F009CF8000022
:104610008EF80000BDF89600ADF80C02DDF89200AF
:1046200082901AA94DCC8C46ACE84D00122220880D
:10463000ACF800000BF1D2008BF8D1908BF8D05081
:104640003EF087FCB8E83E000BF1E4003EC016994E
:104650008BF8F91098F8001001708298CBF8FA00E6
:10466000BDF80C02ABF8FE000C200DF59F68FEF7BC
:10467000B7BE4CA8DCA929223EF06BFCDDF89A03FA
:10468000022DC690BDF89E03ADF81C0300F0AF8369
:104690004CA9199C292204F1D0003EF05AFCC6987E
:1046A000C4F8FA00BDF81C0384F8F9502546A4F8B4
:1046B000FE000D201BE4DFF8A00722F061FB29F0CB
:1046C0000CFB22F0C5FCDDF860A00920CDF8FC440D
:1046D0000DF59F6429F0DEF92346DAF83820BEAEE6
:1046E00029F0A1FD9DF8F8520DF59F68FF2D00F00F
:1046F0004D818CA8711C053028F0F3FE8DF83452E2
:1047000034E14CA8211DC61C28F063FDC6AC31461F
:1047100028F058FE0DF59F665146224630461BF0A4
:1047200088FE9DF8F8440DF59F68FF2C00F03A8153
:104730008CA8711C053028F0D4FE8DF8344215E1A8
:1047400008F10101C6A828F0CCFE06E10DF59F682E
:1047500008F10500711CEDE14CA9484628F0BBFFAB
:1047600009F12004C6A9202228F0F3FE169812228F
:104770008DF8B303BDF80402ADF8B0039DF806024E
:104780008DF8B20309F145008DF8B4637CA93EF0C1
:10479000E0FB09F1570079A929F071FC5846502136
:1047A0003EF080FB19990DF59F6891F808010238D9
:1047B00038BF0220C0B2022800F0C581DDF860A039
:1047C000032840F0F7810F200DF59F6529F062F96D
:1047D0002B46DAF83820D6AE29F025FD9DF858434F
:1047E000FF2C40F06582E81DDCA928F07AFF072045
:1047F0002946A6E605200DF59F688DF83402FF20B6
:104800008DF83002DDF860A0FEF7ECBA199D0120AA
:1048100041E506F190001690E44840F2FF18D7F801
:1048200008A04FF0FF39834650461FF0A1F8044618
:1048300050460E461FF09CF8DD4D0023A0FB0502FC
:10484000E1FB0523A4FB0541A6FB056576184FF0A7
:104850000001454152F1000253F1000024EA08032F
:1048600041F10001BBEB030379EB060379EB050390
:1048700079EB0202D8D3169C0022DDF860A004F187
:10488000100384E8070083E8070008218DF87013FF
:10489000DA60E260DD9029F002F9D6ACDCAB29F0F9
:1048A000D3FA9DF858530DF55C79FF2D40F03D810A
:1048B000B86800210090DCAC1AAA534620460026B6
:1048C000FDF74CFC9DF870530DF59F68FF2D40F0EF
:1048D0002E8108F108001AA929F0C6F8CDF8FC6469
:1048E00007202CE185F8201105F58F7185F81E0150
:1048F00005F58C70BDF874339DF87143A5F822312D
:1049000085F8212185F81F4128F0A0FA85F80801D3
:10491000DFF8100585F8091122F032FA29F050F974
:1049200022F096FBDAF82C104CA828F0D4FEDAF826
:104930003010DCAE402228F0D7FD0DF1680831467A
:10494000404602F063F929F09AF900F07A810A20D2
:1049500003248DF819039FE105250DF59F688DF857
:1049600034528CA80530C6A928F0BBFDFF208DF875
:104970003002FEF735BAE01D1AA928F0B2FE052074
:1049800029F052FB3EF0E5FAFFF7EFBAA01DDCA9D3
:1049900028F0A7FE03202146ADF830028CA8123083
:1049A000B622D3E5129C132C40F08881F01DDCA9BF
:1049B00028F097FE09203146C3E50020CDF8040514
:1049C000CDF80005CDF8FC04CDF8F804DFF8681444
:1049D0000DF59F601CF028FA30B1199991F81D016E
:1049E00040F0020081F81D0119980C2180F8205137
:1049F000054680F81F8105F58C78A0F8229180F893
:104A0000216180F81E4190F81901032808BF082190
:104A1000DAF8380090F8702390F87133881885F828
:104A20001A0105F58F7013B1012188F80010414675
:104A300028F00CFA85F80801DFF8340485F809112C
:104A400022F09EF929F0BCF822F002FB0DF59F60E0
:104A5000012102F065F829F027FC3FD19DF8086597
:104A6000DDF80445BDF80905ADF8180331469DF899
:104A70000B058DF81A032046DDF8FC94DDF800558F
:104A800017F056FF29F0F7F840461A4628F08CFA3E
:104A9000C0B2022844D1CDF8F8940DF59F68BDF856
:104AA00018030DF55C79ADF8050551469DF81A031C
:104AB00042468DF8070548468DF80465CDF8004557
:104AC000CDF8FC541BF0B5FC29F0F6FB59D10DF5DF
:104AD0009F6801208DF83002FEF787B99DF8082500
:104AE0009DF8FB048DF88023DDF804258DF8730311
:104AF000BDF8F904DF92DDF800259DF80B15ADF83F
:104B00007103BDF80905DE92DDF8FC24ADF8300133
:104B10008DF83211DD928DF88313ADF881033BE0FF
:104B2000484629F08BF9052536E00DF59F6808F118
:104B30000500611C28F0D5FCFF208DF8FC548DF891
:104B4000F804FFF712BADDF860A091F80901002817
:104B500000F0CE800A200DF59F6528F09BFF2B46C4
:104B6000DAF83820D6AE29F05EFB9DF85843FF2CCA
:104B700040F09E80A81DDCA928F0B3FD0420294642
:104B80000AE799E85E0040465EC0BA4822F0F8F8AD
:104B900028F09EFD22F05CFADCA98CA805300131DA
:104BA00028F09FFC8DF83452FEF704BEFFC5FCFFD1
:104BB00040420F00B9680BF1100000F073F9DBE917
:104BC00006010025DBE904238DE803020DF59F6053
:104BD000CDE9034519F0AEFCDDF804150DF59F682D
:104BE000DDF8F824DDF8FC34DDF80005CBE902013E
:104BF000CDE900014046CBE9002301F0BBFF9DF861
:104C0000F844FF2C63D182A808F10401C61C28F0E7
:104C1000E0FA88AC314628F0D5FB0DF556795146BF
:104C2000224629F0C4FA9DF85843FF2C40F08080BA
:104C300008F10700DCA928F054FD02204146FFF7E7
:104C400085BABEA808F10401861C28F0C2FAD6A8CD
:104C50003146841C28F0B6FB0DF50279214610225E
:104C600029F0A2FA51460DF5467A4A4650461BF005
:104C7000E0FB9DF81843FF2C40D09AE86E004046B8
:104C80006EC0694822F07CF828F022FD22F0E0F99D
:104C9000DDF860A00DF55C79C6A90DF59F6808F1F7
:104CA0000500013128F01DFC8DF8FC44FFF763B9C5
:104CB0008CA8711C053028F014FC4CE08CA8DCA9F1
:104CC000083028F0D1FE601C8D9005204FE682ADA3
:104CD00008F10101132228F043FCD6AE2946701CCE
:104CE00028F0FFFB30E0611CC6A828F0FAFB36E68E
:104CF000DAF8000098B3DAF8041049E008F103008C
:104D00004CA928F0E8FC0DF59F64DCA904F124000F
:104D100040223EF01EF9022041468DF8F804601C46
:104D20002322A0463EF015F9DDF860A0FEF79DBFF6
:104D300099E86E0040466EC04C4822F021F828F0F9
:104D4000C7FC22F085F9D6AE8CA8711C053028F07E
:104D5000C8FB0DF59F68FF208DF8344207E6BE685A
:104D60002F4C414DD6F80001402807D33046002192
:104D700018F076FBD6F80001402846D2421C56F8BF
:104D80002000C6F80021A0FB0401A8421046EBD881
:104D90000BF1400000260BF13002CDF8FC14C0E905
:104DA00000160DF59F63C0E902660820C2E90016EF
:104DB000C2E9026628F06EFEDAF83820D6AD284641
:104DC0001BF0E4FB9DF858438CA8FF2C05D108305C
:104DD000DCA928F049FE8D9677E70530691C6AE763
:104DE0001B4B00E00B4B0120072121F081F90F48FC
:104DF00021F014FE144A06E01F4A04E0154A02E0BE
:104E00000B4A00E0044A28F0E8F9164A402121F054
:104E1000B5F900BFDC530400CC5304003600000099
:104E200040420F0037000000E0000000BC530400C7
:104E3000AC530400CF00000060A10400E3000000B8
:104E4000D9000000E50000009C530400DB000000D6
:104E500010D1040000D10400350000003300000030
:104E6000E10000009C9F04007F3DF1FFDD00000099
:104E700038000000D60000007C530400D0B502AF1B
:104E800092B0BC688DF81020FF228DF80420CDE987
:104E900002343A69FB68009201AAFDF79FFC12B048
:104EA000D0BDD4D4F0B503AF2DE9FF07DFF894905F
:104EB00000260D468046EA46CDE90266CDE9006649
:104EC0000F2E1ED8D5F80041402C07D328460021CC
:104ED00018F0C6FAD5F80041412C2AD23046514686
:104EE00010224B4626F0B6F802460B4605EB84002E
:104EF000C4F1400123F0EEFC2044C5F800010E444B
:104F0000DEE704A89AE81E001EC004AB28F07DFB73
:104F10001FBFA8E80F0008B0BDE80007F0BD0848B3
:104F200021F02EFF04A826F0B1FB22F091F821F029
:104F3000DDFF054B20464021402221F0D9F800BF7B
:104F4000EB000000C4D704008C9F0400D0B502AF72
:104F50000F4A126BBFF35F8FA2B152680123014465
:104F60001360002388420AD0D2F80041002CFBD005
:104F7000C2F80031D2F8084500F8014BF2E70120F1
:104F80005060D0BD034821F007FF21F0AFFF00BF04
:104F9000A0E60320AD000000D0B502AF04460A48E9
:104FA00021F0CDFE2078FF2806D028F073FB2046A4
:104FB000BDE8D04026F0F4B928F028FC6068BDE8D0
:104FC000D04023F015B800BF05020000D0B502AFF5
:104FD00004460A4821F0B3FE2078012806D128F0C3
:104FE00059FB6068BDE8D04023F002B828F00EFC01
:104FF0006078BDE8D0401FF05BBE00BF110100002B
:10500000F0B503AF4DF804BD0446764821F097FE95
:105010002578FF2D15D128F03DFB784821F08FFE33
:105020002579FF2D26D128F035FB794821F087FE20
:10503000207A21F0BFFE608921F081FED4E90301CE
:10504000B5E00020002621F0B5FE674821F077FE8C
:10505000B5F10A0098BF3046E0B1012829D128F007
:1050600019FB634821F06BFEA08921F068FED4E9AA
:1050700001019CE028F0CAFB614821F060FEDFE8F6
:1050800005F00543233221505B415F0028F0BEFB51
:10509000E08811E028F0BAFB564821F050FEDFE826
:1050A00005F0066A575C517A8C6096538E0000209A
:1050B00062E028F00BFE4D485DF804BBBDE8F0400F
:1050C00021F03DBE04202DE028F000FE4D4821F0E7
:1050D00036FE4D48257D21F032FE681E18BF0120A6
:1050E00021F068FE15E028F0A0FE607921F062FE54
:1050F000208921F024FEA0795DF804BBBDE8F040D2
:1051000026F0F2B9072018E028F0C4FA3F4821F051
:1051100016FE04F108005DF804BBBDE8F04026F07F
:1051200043BA052021F046FE04F108005DF804BBF7
:10513000BDE8F04026F028BA062021F03BFE34E01E
:10514000082048E0042004E0092021F033FE8EE727
:10515000022021F02FFE6088AEE728F066FE60880E
:1051600083E7072021F026FE608821F0E8FDA08873
:1051700021F0E5FD19E0012021F01CFE608A21F0FC
:10518000DEFDA08A21F0DBFD601C5DF804BBBDE8FC
:10519000F04026F01BBA052021F00CFE6088164D69
:1051A000A847A088A847E088A847D4E902015DF88D
:1051B00004BBBDE8F04022F0F9BD062000E00A2063
:1051C00021F0F8FD608821F0BAFDA08874E708207E
:1051D00021F0F0FD60785DF804BBBDE8F04021F0FF
:1051E000E9BD00BF0202000013020000030200003C
:1051F0001A020000100200003F6D020014020000BD
:10520000080200000A020000190200000902000062
:105210000E020000D0B502AF0446044821F08FFD15
:105220002046BDE8D0401EF063BC00BF1400000063
:10523000D0B502AF04460A4821F081FD208801283C
:1052400009D128F027FA074821F079FD6088BDE8E8
:10525000D0401FF0E7BC0020BDE8D04021F0AABD3F
:105260000E0000000F010000D0B502AF0446044854
:1052700021F065FD2078BDE8D04021F09BBD00BF46
:1052800015000000B0B502AF0546044828F01BFD2C
:1052900028462146BDE8B04021F016BE02000000BD
:1052A000F0B503AF2DE9000FB1B0054688680024C2
:1052B000884600288C6053D0D8E9046B0A90B868FF
:1052C000D8F80C1000280895099153D0304659465B
:1052D0001AF0A4FB2BAC28F0CEFC20461A4627F08F
:1052E0008DF92D980E3405900A222C9821460690AF
:1052F0009DF8AD00BDF8B8A0BDF8AE509DF8AC90DB
:10530000079017A83DF025FEB9F1FE0F00F09E8131
:1053100017A920460A223DF01CFE0598B9F1FF0F9F
:105320002D9006982C900798ADF8B8A0ADF8AE5027
:105330008DF8AD008DF8AC9000F094810122002032
:10534000B9F10A0FA9F10B0188BF52FA81F00028C8
:1053500000F0BC80012800F0C6804FF0000AC2E0D7
:1053600098F80410D8F800001BF0E0FEAC6029713A
:1053700028601AE130465946CDE906231AF04EFB63
:105380002BAE28F0FBFA0DF15C0BB11C16229DF838
:10539000ACA058469DF8AD903DF0DBFDBAF1FE0F94
:1053A00000F05981594611A87CC97CC01622098891
:1053B000018059468DF82D908DF82CA00BA8023055
:1053C0003DF0C7FDBAF1FF0F00F051818DF85D90FF
:1053D0000BF102008DF85CA011A9162216243DF0F5
:1053E000B8FD2BA827F06CFD2B9D002D69D0DDE9C1
:1053F0002CA1FB200DF1AC0B0422CDE91D100020E7
:105400001F90584603911DA94FF0040926F07EF91C
:105410002B9E9DF8B040002E00F0B4800BF10501EA
:105420000DF1980B1322CDE9045A58463DF091FD39
:10543000DDF89B100DF18C0922910BF107012698E4
:105440000C22CDF8850028F0AFFED8F8005098F86F
:1054500004A0D5E900018DF884405246209618F04A
:10546000D3FF1FFA80FB484626F0B8F9864B024668
:105470000E468B4528BF8B4611465846324626F0CD
:10548000A3F9CDE900012BA817AB0699079C42466A
:10549000A0479DF8AC00FF2800F08A80089E9DF888
:1054A000AF1006F10805F171BDF8AD10A6F80510B2
:1054B0002CAC30711ECC1EC5DDE9045A00203060D2
:1054C0006BE00899002008600C716AE0B9F10A0FDE
:1054D0003FF643AF0120AA4600FA09F040F20C4122
:1054E00008423FF43AAF304659461AF097FA00297D
:1054F00000F0C78098F80450D8F800600DF15C08FF
:105500000078ADF860A00DF12C0AF9682A468DF8F4
:105510005D0003208DF85E1031468DF85C0050462A
:10552000434600F0BDF89DF82C40FF2C0BD011AD88
:105530000AF10101132228F013F8089E294628F0E9
:1055400000F800251BE011A80AF10401C41C27F093
:1055500039FF0DF12C0A2146102250463DF0F9FC8E
:10556000304629461BF0E2FD054608F103000C46D3
:10557000514628F011F8089E414627F0E2FF3471A9
:1055800035600EE008990120487100200860E007AE
:1055900018BF4FF00D0981F804902846514627F0B6
:1055A000D9FCDDE9091027F0D5FC31B027F07ABF2E
:1055B000089E2C98012809D1DDE924212D98521A42
:1055C00082420ED24FF48270B08075E72846514671
:1055D0001BF0ACFD002231713060B260DDE90401E6
:1055E000DDE70C1820A8D146AB46214624F0EAFEA0
:1055F000DDE9045AC0B2022816D120A804214FF0D8
:10560000040824F0DFFEC0B2022816D122984946D1
:10561000044458461BF08AFD039AC6E9025AC6E9BB
:10562000042431713060BCE70121C00771714FF073
:10563000040018BF0D20307140E701217171C007CF
:1056400018BF4FF00D0886F8048037E7134821F0A3
:1056500097FB079803E00E4821F092FB484625F09F
:1056600071FF0AE00C4821F08BFB2BA803E00748F0
:1056700021F086FB0BA8FFF7C3FC21F0E9FC21F029
:1056800035FC044A27F0A9FD30550400F60000005F
:10569000FB00000040550400F8000000FC00000082
:1056A000F0B503AF2DE9000F9BB0044615A898464E
:1056B00091460E4627F004FC159D002D64D01698E7
:1056C0000DF1540B0690FB2017990422CDE9071029
:1056D00000200594042409905846CDE903690191FE
:1056E00007A926F013F8DDF854A09DF85890BAF1F8
:1056F000000F57D0029510AC0BF1050127F009FE01
:10570000DDF843100C2210980C91E11DCDF82D000E
:105710000DAE27F0E9FE8DF82C900BF10400CDF8CA
:1057200028A098E83E003EC05946FF208DF854005E
:105730003046FBF76FFEC0B2022828D10398049AC6
:10574000D0E9000118F060FE0F9D80B2A84238BF7A
:1057500005460AA8294624F035FEC0B2022816D113
:105760000AA8042124F02EFEC0B202280FD1059A07
:10577000FF20029910700C9851600699284491609E
:105780000199C2E9031019E01620207016E00121EA
:10579000059AC0074FF00400517018BF0D20029DFC
:1057A000107007E00599012048705FEAC97018BFC2
:1057B0000D240C700699284627F0CCFB1BB027F06F
:1057C00071BED4D4F0B503AF4DF804BD06461B48F6
:1057D0000068C0052AD11B481B4918F08FFF0546F9
:1057E00090F838000C46012804BF05F1300018F08D
:1057F00091FBA86AC0B195F83810E1B9D5E90C124F
:10580000002A05EBC203186483F83C6018BF01321C
:105810006A63914204BF012085F8380027F0D1FC6B
:1058200005F1080023F00EFB27F0E0BD044821F04D
:10583000B3FA21F05BFB054821F0F0F804ED00E03D
:10584000B100000098E20320A8C1040028C20400AF
:10585000F0B503AF4DF804BD84B006461D4800689E
:10586000C0052ED11D481E4918F048FF054690F886
:1058700058000C46012804D105F1500101A818F088
:105880005FFBA86CC0B195F85810F9B9D5E91412AE
:10589000002A05EBC2031866A3F85C6018BF01324A
:1058A0006A65914204BF012085F8580027F089FC01
:1058B00005F1080023F0BCFA27F0E5FE04B027F05C
:1058C0006EBE054821F068FA21F010FB054821F072
:1058D000A5F800BF04ED00E0B100000090E3032054
:1058E000A8C1040028C20400F0B503AF4DF804BD00
:1058F00006461B480068C0052AD11B481B4918F002
:10590000FDFE054690F870000C46012804BF05F125
:10591000680018F0FFFA286EC0B195F87010E1B970
:10592000D5E91A12002A05EBC203986783F8746060
:1059300018BF0132EA66914204BF012085F8700069
:1059400027F03FFC05F1080015F024FD27F04EBDBF
:10595000044821F021FA21F0C9FA054821F05EF847
:1059600004ED00E0B100000000E40320A8C1040041
:1059700028C20400BFB506AF0168DFE801F0041FCC
:10598000191B17252D1DD0E90101CDE9010101A841
:105990000390284821F0F4F9274821F0D0F927494D
:1059A00003A821F011FA21F053FBBFBD1E4806E009
:1059B0001E4804E0174802E0174800E01C4804B005
:1059C000BDE8B04021F0E8B94468164821F0D8F9A4
:1059D000204621F0C7F918E0D0E901540F4821F022
:1059E000CFF90F4821F0ABF9DFE805F0020C04060F
:1059F000002008E0022006E028F017FA204621F0F7
:105A00005BFA02E0012021F0D5F9BDE8BF4021F0AA
:105A10001FBB00BFC3000000B9000000BB000000B6
:105A2000FF010000B5000000B4000000C10000004C
:105A3000C2000000B8000000120000008CA40400A6
:105A400080B56F4618B1BDE8804027F083BA80BDAD
:105A500080B56F46016819B1BDE8804000F0BEB85E
:105A600080BD80B56F46C24312061CBFBDE88040B2
:105A700000F012BD80BDD4D40168426B8A429EBF43
:105A800000210160704780B56F46024B10460A4600
:105A900020F02EFBE4A4040080B56F4680BDD4D472
:105AA000F0B503AF4DF804BD0A460646D0E9000143
:105AB00018F0D6FA0C461249054606F5767024F021
:105AC00001FD0E4695F85E13A1B1013985F85E130C
:105AD000090604BF95F85C13042903D028F0F8FBED
:105AE00027F084BC103041F20131A5F85C1321F09D
:105AF00075FEF3E7034821F04FF921F0F7F900BFF5
:105B0000EC9E0400F300000080B56F46014640683B
:105B10004A7A00F5B7601AB1BDE8804015F0E1B9E6
:105B2000097ABDE8804015F0C0B980B56F4680BDE8
:105B3000B0B502AF456865B10289006828F0A3F8E6
:105B400038B10C46D0F84013294428F08EF827F0DD
:105B50009AFDB0BDB0B502AF88B00446D0E90620CA
:105B600043690020009002AD21462846FFF798FBCC
:105B70002846FFF76DFF204608B0BDE8B04000F0B2
:105B800071B8B0B502AF88B00446D0E906204369C9
:105B9000012194F82000CDE9001002AD21462846ED
:105BA000FFF77EFB2846FFF753FF204608B0BDE80D
:105BB000B04000F057B880B56F460178042907D08F
:105BC000082918BF80BD0430BDE8804000F058B8F7
:105BD00090F83A00BDE8804027F0B0B9F0B503AFC7
:105BE0002DE900078AB0D0F800A00446866800209E
:105BF000A06036B304F10C000DF1140808F108019F
:105C000090E82C002CC194F80490DAE900014A468F
:105C100023F040FC0A68B0F85803013A0A600AF51C
:105C20007E71ADF8140068464246069617F0ECFB0C
:105C3000019840B1029927F08DF9094821F0ACF89C
:105C400001E094F8049050464946FFF729FFE168C7
:105C500000200AB0BDE80007BDE8F040FFF7F0BE45
:105C600068000000D0B502AF0446D0E90201FFF79A
:105C7000E7FE21792068BDE8D040FFF711BFD4D4FA
:105C800080B56F4602C8DFE801F002020206BDE8F7
:105C90008040FFF75FBFBDE88040FFF772BFD0B51F
:105CA00002AF18F0F5FA68B10C4690F86F130022B5
:105CB000012980F86F2304BF00F51E7021F08EFDCE
:105CC00027F0E1FCD0BD80B56F4600F5B76000213C
:105CD000BDE8804015F0E9B880B56F4690F84410F3
:105CE00031B1032918BF80BDBDE88040FFF70CBF6C
:105CF0003830F9E7B0B502AF04460025902D08D042
:105D00006019017D032904BF043000F0F9FA183549
:105D1000F4E7B0BDD0B502AF044600F0B2FB04F129
:105D20001800BDE8D04000F0ACBBD4D480B56F46BD
:105D30000548002101220160044942500168002900
:105D4000FCD00021016080BD14710040F4FEFFFF13
:105D500080B56F46C0B2BDE8804039F039BFD4D4B9
:105D6000D0B502AF0446006850B9002020734FF050
:105D7000FF302060201D21F031FD27F084FCD0BDD4
:105D8000044820F0FDFF24F08BFB21F061F921F0A5
:105D9000ADF800BFA2000000F0B503AF2DE9000F81
:105DA00089B0824630480068C00557D189463049DD
:105DB000104618F0A3FC0546D0E90046D0F8E400F0
:105DC00005F1080B88460138C5F8E400584615F07F
:105DD00001F8241A66F10000BAEB040179EB000027
:105DE00035D3E9465946484618F04AF8BAEB04005C
:105DF000049004D0411E68461DF04AFE50B105AC27
:105E000099E84E0020464EC028F01BF810B128F04B
:105E100047FAF9E700206C46D5E90212914202D117
:105E20002A7CD2070DD005EBC101896949B920460A
:105E3000594618F033F89DF8000002280BD00120D5
:105E4000EAE7C0071CBF05F1B80023F032F827F0DD
:105E500056FA27F008BA074820F0E0FD034820F082
:105E60009BFF21F043F800BF04ED00E0B10000000B
:105E700038970400209D040080B56F4609490968E1
:105E8000C9050AD1094918F039FCD0F8E820013ACF
:105E9000C0F8E82027F089FB80BD034820F07CFF94
:105EA00021F024F804ED00E0B10000006897040040
:105EB00080B56F4609490968C9050AD1094918F032
:105EC0001DFCD0F8C020013AC0F8C02027F06DFBBF
:105ED00080BD034820F060FF21F008F804ED00E0E9
:105EE000B10000006897040080B56F460849096852
:105EF000C90508D1084918F001FC026C013A026496
:105F000027F053FB80BD034820F046FF20F0EEFF52
:105F100004ED00E0B10000006897040080B56F4612
:105F200090F88810032918BF80BD2C30BDE8804050
:105F300000F09BBA80B56F4690F8EC10032918BFAB
:105F400080BD1830BDE8804000F00CB880B56F46C9
:105F500090F8F810032918BF80BD2430BDE88040B8
:105F600000F000B880B56F4690F84410032908D0BF
:105F7000042918BF052909D14830BDE8804000F048
:105F800074BA4830BDE88040FFF7C8BF80BD80B517
:105F90006F46817F0339012988BF80BD2430BDE869
:105FA000804000F000B8D0B502AF044690F827005A
:105FB000042818BFD0BD04F13C0000F0F5F9E06AF8
:105FC000228ED0E90001BDE8D040FFF768BE80B561
:105FD0006F46417C042918BF80BD4068BDE8804001
:105FE000FFF7BEBED0B502AF044690F835000328D7
:105FF00009D0042803D0052818BFD0BD03E004F160
:10600000380000F09DF9002084F83400D0BDD0B5F0
:1060100002AF044690F83500032804D0042807D0C6
:10602000052818BFD0BD04F1380000F009F803E0DE
:1060300004F1380000F084F9002084F83400D0BD69
:1060400080B56F4690F85010063907290AD8DFE866
:1060500001F00A0F0904091409045430BDE8804016
:1060600000F076B880BD5430BDE88040FFF76EBFC9
:106070005430BDE8804000F059B85430BDE880404D
:1060800000F07FB980B56F4690F82010042918BF42
:1060900080BD2430BDE8804000F09DB980B56F46DA
:1060A00090F87C10032918BF80BDBDE88040FFF741
:1060B000E9BFD0B502AF0446007A032804D0042813
:1060C00004D16068FFF7D8FE00206072D0BDD0B563
:1060D00002AF0446807C032804D0042804D1206841
:1060E000FFF7E6FE0020E074D0BDD0B502AF044655
:1060F000C079032804D0042804D12068FFF7F4FEF7
:106100000020A071D0BD80B56F4690F834100329EF
:1061100007D0042918BF80BD5830BDE88040FFF784
:10612000DBBD5830BDE8804000F040B880B56F4618
:10613000017C032907D0042918BF80BD1830BDE8B1
:10614000804000F092B91430BDE8804000F000B803
:1061500080B56F46017C042918BF80BD1830BDE8AA
:10616000804000F082B980B56F46017F042918BFD6
:1061700080BD2030BDE8804000F00CB880B56F468F
:1061800090F85810032918BF80BD0430BDE8804046
:1061900000F05FB980B56F4690F85C10032918BF16
:1061A00080BD0830BDE8804000F053B9D0B502AFE3
:1061B000044690F85C00011F042906D3032818BF89
:1061C000D0BD04F16000FFF702FFE06B4068BDE85E
:1061D000D040FFF778BD80B56F46C0B2032818BF26
:1061E00080BDBDE88040FFF7A1BDD0B502AF044639
:1061F00090F82000042806D1E0690078FFF7A8FD98
:10620000002084F82200D0BD80B56F4690F8401081
:10621000032918BF80BD0C30BDE88040FFF7E5BF03
:1062200080B56F4690F84410032918BF80BD103028
:10623000BDE88040FFF7D9BF80B56F46017B0429D8
:1062400018BF80BD8068BDE88040FFF789BD80B57C
:106250006F4690F8A810032998BF80BDD0F8900031
:10626000BDE88040FFF77CBD80B56F4690F8D8113F
:10627000032918BF80BD0C30BDE88040FFF7B2BED7
:1062800080B56F4690F80012032918BF80BD10300A
:10629000BDE88040FFF7BBBE80B56F4690F8E011C7
:1062A000032918BF80BD0430BDE88040FFF7DCBF84
:1062B00080B56F4690F820100339C9B2032988BF12
:1062C00080BD044A52F821100844BDE88040FFF721
:1062D000D7BF00BF20A1040080B56F4690F8201002
:1062E0000339C9B2042988BF80BD044A52F821107D
:1062F0000844BDE88040FFF7C3BF00BF28DC0400AE
:1063000080B56F46017B032918BF80BD0430BDE80E
:10631000804000F055B880B56F4690F82D1041B11F
:10632000032918BF80BDD0E90601BDE88040FFF712
:1063300087BBD0E90001BDE8804026F00BBED4D475
:1063400080B56F4690F82C100339052918D8DFE87E
:1063500001F00317170D08123030BDE88040FFF739
:1063600002BF3030BDE88040FFF7F2BE3030BDE8FC
:106370008040FFF70FBF3030BDE8804000F001B82B
:1063800080BD80B56F4690F86010052907D00629BA
:1063900018BF80BD6430BDE88040FFF7FBBE74309D
:1063A000BDE88040FFF7C6BD80B56F4690F8251068
:1063B000042918BF80BD2830BDE88040FFF7B8BB76
:1063C00080B56F464179032918BF80BD0430BDE810
:1063D000804021F021B980B56F4690F8441039B162
:1063E000032918BF80BD1430BDE88040FFF793BF7C
:1063F000D0E90101BDE8804026F0ACBDD0B502AFC8
:10640000044690F88800032801D028B1D0BD04F1DB
:106410004000FFF7E0FF18342046BDE8D040FFF70A
:10642000DDBB80B56F4690F8A410032918BF80BD6E
:106430002430BDE88040FFF731BE80B56F4690F84C
:106440009410032918BF80BD0430BDE88040FFF7D9
:1064500051BC80B56F4690F85010032918BF80BD1D
:106460000C30BDE88040FFF7CFBE80B56F4690F896
:106470005810032918BF80BD1030BDE88040FFF7D9
:10648000CFBE80B56F46017D032918BF80BD0430A3
:10649000BDE88040FFF734BF80B56F46C0B2072823
:1064A00018BF80BD0846BDE8804026F047BD80B5D6
:1064B0006F4680BDB0B502AF051D0C4634B155E93D
:1064C0000101FFF7BDFA013C1035F7E7B0BDB0B5EB
:1064D00002AF051D0C4634B155E9010126F03AFD25
:1064E000013C1035F7E7B0BDB0B502AF00F13A0599
:1064F0000C463CB115F83A0C15F8401BFFF7CCFFE1
:10650000013CF6E7B0BDE0B502AFCDE9000101A95D
:1065100068461EF0E9FED4D4F0B503AF2DE9000FB4
:10652000D1B0CDE90F204FF0000C78694FF0000991
:106530001291010E11913EA901F11C022431089221
:106540000B9130A924310491010C000A0590D7E980
:10655000030B0E90D0480D910793804600200C90BD
:106560000C98C00740F07E824B45C0F077820F98B0
:10657000A3EB090ABAF1070F484407D80025AA453A
:106580004AD0415D0A2935D00135F8E7C11CAAF18E
:10659000080E21F003010C1A01D1002408E00025A7
:1065A000415D0A2926D00135AC42F9D1744512D893
:1065B0000559BA4A85F00A36961B3543061976689E
:1065C00086F00A31511A31432940C94311F0803F06
:1065D00001D10834EAE7A2451ED0191B2044A1EBE3
:1065E00009050022815C0A2903D001329542F9D1C4
:1065F00012E0151909EB05024FF00009541CB3D045
:10660000A1469C42B0D80F98A146805C0A28ABD125
:106610000020A1460C9004E0012064460C909946AD
:106620001A460F98DBF81C506245604401D10021E6
:1066300006E0A2EB0C014A1E835C0D2B08BF11463D
:10664000DBF824206FF000439A4228BF1A460E9BC5
:10665000CDE909549B1A0D9A0693D2B2022A0FD1A2
:10666000119A022A40F08D800144DBF81840DBF8D3
:10667000205018F08EF92919BA6801FB0025B2E103
:10668000119A022A40F00C81BA68CDE9000130A8C5
:10669000594614F061FD4EA830A918F093F9509AAC
:1066A000501C00F09F8127F075FD38BF08464E9DB5
:1066B00018B1012840F09781EDE7DDF83CA123A84F
:1066C000594621F049FA279C002CE4D0269E002E42
:1066D000E1D024980028DED4259B002BDBD423991D
:1066E0008219D1F808C06245D5D8CA6803EB040EF8
:1066F0009645D0D80CF1070227F03BFDACEB060E17
:10670000CDF808E00CFB03003346CDE9004013A8A8
:1067100016F074FA0D98CDE92064CDE91E5A8DF873
:106720006C003EAD13A91EAA284618F0DDF81BA880
:106730004C902AAC204629461AF093FC9DF8B000F4
:106740000028F7D00228A6D04C98DDE92A23047847
:10675000002AEED4002BECD42AA8129914F060FC85
:106760002A980128E5D1DDE92B108F2998BF472809
:10677000DFD826F0ACFC08BF43EA02050D543EAD5D
:10678000D7E7BA68CDE9000130A8594614F0E4FC17
:106790004EA830A918F016F9509A501C00F022812A
:1067A00027F0F8FC38BF0846DDE94E5670B10128E5
:1067B00040F01981DBF820000028E9D027F066F8C6
:1067C000CDE93E563EAA1DF0BDFAE1E723A85946A1
:1067D00021F0C2F9279C002CDAD0DDF898A0BAF19C
:1067E000000FD5D024980028D2D4259B002BCFD4DD
:1067F000239900EB0A02D1F808C06245C8D8CA68DC
:1068000003EB040E9645C3D80CF1070227F0B1FC48
:10681000ACEB0A0ECDF808E00CFB03005346CDE9C3
:10682000004013A816F0EAF921941EA880E860043D
:1068300011988DF86C003EAD13A91EAA284618F0D9
:1068400053F81BA84C902AAC204629461AF009FCA4
:106850009DF8B00010B102289AD0F5E74C98DDE918
:106860002A230478002AEED4002BECD42AA812990B
:1068700014F0D6FB2A980128E5D1DDE92B108F29E9
:1068800098BF4728DFD826F022FC08BF43EA02055C
:106890000D543EADD7E700BFFFFF1000000101011E
:1068A000BA68CDE9000113A8594614F055FC1BA89D
:1068B00013A918F087F81D9A501C00F0938027F058
:1068C00069FC38BF0846DDE91B5470B1012840F06F
:1068D0008A80DBF820000028E9D026F0D7FFCDE938
:1068E0003E543EAA1DF02EFAE1E71EA8594621F0BB
:1068F00033F9229E002EDAD0DDF884A0BAF1000F21
:10690000D5D01F980028D2D4209B002BCFD41E991D
:1069100000EB0A02D1F808C06245C8D8CA6803EB88
:10692000060E9645C3D80CF1070227F022FCACEB0B
:106930000A0ECDF808E00CFB03005346CDE90060D9
:1069400023A816F05BF90D9807F8A20C119807F828
:10695000A10C0498CDE92CA6CDE92A542AA921F04E
:10696000F5F930AC23A91C2226F0F3FDA7F1A20013
:106970003890A7F1A10037903EA8214638223CF07C
:10698000E8FA0020CDE94C004EA80B991AF087FBDD
:106990004E9801288BD1DDE94F653EA819F0CCFC5B
:1069A000C0B202283FF483AF0899002E51F82000AE
:1069B0000478E9D4002DE7D44EA8129932462B462C
:1069C00014F02EFB4E980128DED1DDE94F108F29FF
:1069D00098BF4728D8D826F07AFB08BF43EA0205BB
:1069E0000D54D1E7BD68DDE909026421079B944697
:1069F0004843B0FBF1F00E990144B8680E9185420E
:106A00007FF7AEAD2C1A05980D99164614F036FB9B
:106A1000C0B202280AD0B96800F001033E91DBE958
:106A20000A1227F0BFF93EAA1DF08CF978690D997A
:106A300014F024FB079BC0B2B44602283FF490AD8B
:106A4000B96800F001033E91DBE90C1227F0AAF9C6
:106A50003EAA1DF077F9079BB44681E50120644604
:106A60000C90DDE551B026F01DBDD4D4F0B503AFD8
:106A70002DE9000F8BB0064638690C4699B280B2FA
:106A8000D7F81490B1FBF0F002920390002001932C
:106A9000F96888422FD0039988422ED0411C049176
:106AA000F96900FB09183969029A0025D7F818B06E
:106AB00000FB012AB868A8421BD03969E808B1EB8D
:106AC000D50F24D91AF8000005F007018840000608
:106AD0000CD5114831460A90002009902246CDE994
:106AE0000799CDE905B805A800F08FFBCB44013527
:106AF000E0E70498CCE726F061BC3A690399074BBC
:106B000002FB01F001315143019A1FF0F1FA014AF1
:106B10001FF034FB705504000102010060550400B1
:106B2000F0B503AF4DF8048D8EB0054608A8884631
:106B300026F0C6F90898C0B1A7F1370008A9C61C0D
:106B40000C2226F0D1FCA7F146003146C41C0C22D1
:106B500026F0FFFC0BAE21460C2226F0C5FC284691
:106B60003146424615F0F6FE01E0162028700EB0C0
:106B700026F0B4BDF0B503AF2DE9000F89B004468F
:106B800004A8022127F03FF827F0D9FA02D026F016
:106B900058FA0FE026F071FAFA6810230792BA68E3
:106BA0000692064ACDE904A6009204AA21F082FECC
:106BB00026F044FB84F800B026F055BB5088040052
:106BC000F0B503AF2DE9000F89B0044604A80321F6
:106BD00027F019F827F0B3FA02D026F032FA0FE0C6
:106BE00026F04BFAFA6810230792BA680692064A12
:106BF000CDE904A6009204AA21F05CFE26F01EFB5B
:106C000084F800B026F02FBB60880400F0B503AF15
:106C10002DE9000F99B003AE044620220D4626F060
:106C200063FC05F120010BAD202226F099FC3046D3
:106C300014F09AF9284614F097F914A80B21FFF7DD
:106C40006FFF9DF850B0BBF1FF0F16D09DF85300B9
:106C5000E070BDF851009DF86310DDE91565A4F8FA
:106C60000100BDF86100179A9DF86030ADF84C0046
:106C70008DF84E1026F04AFA33E09DF86080DDF87A
:106C80005C90BDF861009DF86310DDE91552ADF828
:106C90004C00A4F8110048468DF84E10E1744146AE
:106CA000029215F045FE114B82460E4620205146B9
:106CB000324624F089FD0E4A2023009203AA21F0D7
:106CC000F9FD0C484021009020205246334623F025
:106CD00019FB094A202300920BAA21F0EBFD26F0B4
:106CE000ADFA84F800B019B026F0DCBB708804005F
:106CF0008088040090880400A0880400F0B503AFE9
:106D00002DE9000F89B0044604A80C2126F07BFF72
:106D100027F015FA02D026F094F917E026F0ADF925
:106D20000246F8680B4B8C4607901146B8686246DD
:106D300006901020CDE904A624F046FD064A102353
:106D4000009204AA21F0B6FD26F078FA84F800B08B
:106D500026F089BAB0880400C0880400F0B503AFFB
:106D60002DE9FE0F044602A888460721FFF7D8FE4A
:106D70009DF808A0BAF1FF0F16D09DF80B00E07047
:106D8000BDF809009DF81B10DDE90365A4F80100BA
:106D9000BDF81900059A9DF81830ADF804008DF87B
:106DA000061026F0B3F91DE09DF81860DDF8149088
:106DB000BDF819009DF81B10ADF80400A4F81100EF
:106DC00048468DF80610E1743146DDE9035B15F0A5
:106DD000AFFD064A102326F005FB2674C4E9015BCB
:106DE000C4F80C9084F800A026F08FBAD088040074
:106DF000F0B503AF2DE9FF07044603A80D460821AF
:106E0000FFF78EFE9DF80C00FF281ED09DF80F1096
:106E1000E170BDF80D109DF81F20DDE90463A4F8B2
:106E20000110BDF81D10DDF818C09DF81C50ADF81C
:106E300008108DF80A202574C4E90163C4F80CC059
:106E4000A4F81110E274207030E09DF81C80069EBA
:106E5000BDF81D00ADF8040041469DF81F008DF8F7
:106E600006003046DDE9049A15F062FD09B30246DA
:106E7000A8790B46002818BF0120107007210E4882
:106E80000090012023F03EFA0C4A062326F032FF40
:106E9000FF2084F810802070BDF80400A4F81100D1
:106EA0009DF80600C4E9019AE660E07408B026F097
:106EB000B3BC034A26F091F9F0880400008904006D
:106EC000E0880400F0B503AF4DF804BD0546007836
:106ED0000C46DFE800F00B512436186E7B4D9A20EB
:106EE0008D151C77112D0E677F9E6A0020460021AC
:106EF00080E0204610216FE06A7820460E2111E0E4
:106F000020460B2176E06A782046042184E06A78E6
:106F100020460C2180E06A78204609217CE06A78CE
:106F2000204602215DF804BBBDE8F04000F0EABD58
:106F30006A7820460F215DF804BBBDE8F04000F000
:106F4000F0BD2046032114F0ABF8C043000637D152
:106F5000A878214600F0E2F80646C043000651D169
:106F6000D4E9010188422BD0697800F8011B65E063
:106F70006A78204607214FE02046012114F090F85E
:106F8000C04300061CD1687802285AD001286CD171
:106F90002046012114F084F8C0430226000631D1B6
:106FA000A97820E02046112116E06A7820461421B5
:106FB00032E02046052114F073F8C043000631D0BA
:106FC00002261FE06A7820460D2125E06A782046D7
:106FD000062121E02046122114F062F8C043022667
:106FE00000060FD16978204614F05AF8C04305E036
:106FF00020460A2114F054F8C0430226000608BFB8
:107000004FF0FF36304626F0CDBA6A782046082188
:1070100002E06A78204613215DF804BBBDE8F04029
:1070200000F08EBDD4E901018842C9D06A7826F00B
:107030004DFD6360C4D0A978417002306060FF26C6
:10704000E0E720460221022614F02AF8C043000699
:10705000D8D1A9780029C6D081290AD082290AD09E
:10706000832914BF04210321BDE7AA78204600210B
:1070700061E70121B7E70221B5E7D4D4B0B502AF8B
:10708000054600780C460421142888BFA0F115019C
:10709000C8B2DFE800F0031A0F13062420460021CF
:1070A00015E02046042113F0FBFFC04300061DD06D
:1070B0000220B0BD6A1C2046022102E06A1C204664
:1070C0000321BDE8B04000F00EBD2046012113F0C1
:1070D000E7FF27F01EF808BF4FF0FF30B0BD6A7819
:1070E00020460521BDE8B04000F02ABD28462146D3
:1070F000FFF7E8FEC14309060FD1E81C2146FFF760
:10710000E1FEC143090608D1D4E901018842CFD08C
:10711000A97900F8011B6060FF20B0BD80B56F4603
:1071200080F080000A460649C0B251F8201010468F
:1071300013F0B6FF26F0EDFF08BF4FF0FF3080BD23
:107140003CDC0400F0B503AF2DE9C007044606207F
:10715000CDE90010684600F0E8FD26F0C7FF01D138
:1071600001203BE0C0074DD0684600F0DEFD26F070
:107170006BF902D10120354630E0C00742D06846A5
:1071800000F0D3FDC0F30728C1B2022902D10120CB
:10719000454623E0C00735D0684600F0C6FDC0F381
:1071A0000729C1B2022902D101204D4616E0C007CD
:1071B00028D0684600F0B9FDC0F3072AC1B2022901
:1071C00002D10120554609E0C0071BD0684600F0F7
:1071D000ACFD26F0C2FA07D1012015460121255445
:1071E0002170BDE80C07F0BDC0070BD06570002111
:1071F0000620154684F805A084F8049084F80380DE
:10720000A670ECE701200E25E8E7F0B503AF2DE905
:10721000000F9BB0847D15468846064644B1012C7C
:107220000DD13069013028BF4FF0FF30400807E032
:1072300031696FF00040814238BF084600E000200D
:10724000424203A8314620F0B0FC307D022806D02F
:1072500000F0010303AA404629461CF073FD96F88E
:1072600015A00295BAF1020F1CBFD6F810B0BBF101
:10727000000F02D11BB026F015B94CB1022C05D17C
:107280006FF00044A34538BF5C4601E04FEA5B0461
:1072900007A83146224620F088FC07AE0A985D46D2
:1072A0004FF0000946CE0BABBBEB500F0AF0010AC2
:1072B00046C388BF450853460191CDE90E51411B95
:1072C0001196594528BF5946401A129138BF484671
:1072D0001044109000920BAA029C404621461CF0DC
:1072E00031FD0FAA26F0E8F906980028C2D00099CF
:1072F000721C1690B2EB4B0F2944149128BF4FEA31
:107300004B02019D53081A90A6EB5200CDE91813C9
:107310001593B6EB520F139528BF814609EB050074
:10732000179013AA26F0C8F917AA26F0C5F9A1E705
:10733000E0B502AF0146684614F068FF26F080FA17
:1073400003D19DF8011001208CBD019830B10128B6
:1073500007BF0020012101200E218CBD002100204B
:107360008CBDD4D4BCB504AF0546684626F0B5FA4A
:1073700026F066FA03D19DF80140FF20CBE001988A
:10738000142800F20A81DFE800F0C60B3A849D570A
:10739000B548AE33C6C641962C4F1F71A4BC7D00C4
:1073A000684626F09AFA26F04BFA40F0BB809DF82A
:1073B0000110FF24E0B2FF284FF0010008BF0C4687
:1073C00008BF4FF0FF30A6E0684626F086FA26F0A8
:1073D00037FA00F08480019C1B2C00F2DB80102027
:1073E00098E026F072F9C0070C464FF00E008EE0D0
:1073F00026F06BF9C0070C464FF0090087E026F035
:1074000064F9C0070C464FF0020080E026F05DF9F9
:10741000C0070C464FF00C0079E026F056F9C00783
:107420000C464FF0070072E0284600F04DF9C00707
:107430000C464FF00F006AE00220CDE9005068468C
:1074400000F073FCC0F30724C1B2022949D0C00781
:1074500000F0A080684600F068FC26F07EF927D096
:10746000C00700F097800520114654E0684626F0DA
:1074700034FA26F0E5F932D0019C062C00F28A801D
:10748000112047E026F021F9C0070C464FF0140008
:107490003DE00120CDE90050284600F015F90C46EA
:1074A000C0071ED1684600F040FC26F056F952D1C4
:1074B000FF20002153E026F008F9C0070C464FF0EA
:1074C0000D0024E026F001F9C0070C464FF004003F
:1074D0001DE0684626F001FA26F0B2F934D19DF895
:1074E0000140FF2016E026F0F0F8C0070C464FF0F0
:1074F00008000CE026F0E9F8C0070C464FF0060043
:1075000005E026F0E2F8C0070C464FF0130018BF64
:107510004FF0FF300021E2B2C0B2120242EA014154
:107520000844BCBD019802283AD81ED001282AD1AF
:10753000684626F0D2F926F083F93FF438AF019976
:1075400033292DD8012435E7019850B1012821D1E4
:1075500012200124DEE7C0071CD021460320144678
:10756000D9E7122000210024D5E7684626F0B5F9B6
:1075700026F066F93FF41BAF0198042810D80A4999
:107580000224095C16E7284600F09EF800F001008E
:1075900044420FE7FF200E24BCE7FF200E24EDE657
:1075A000FF240E2106E700BF3CE00400F0B503AF66
:1075B0002DE9E00F044601A80D4614F027FE9DF8C2
:1075C0000400012805D19DF80500FF21607021709D
:1075D00061E00298052871D8DFE800F0032F172337
:1075E0000531152056E00320CDE9015001A800F037
:1075F0008BFB20F07F460546C0B24FEA1628FE28D6
:107600002BD1FF2084F8018044E02846FFF7AAFE32
:10761000C14309061DD0A4F80100000CE07017203A
:1076200038E02846FFF79EFEC143090611D0A4F8B2
:107630000100000CE07018202CE016202AE026F053
:1076400044F8C00761704FF01A0018BF4FF0FF30C8
:1076500020E0000A6070FF201CE0FF2830D001A865
:1076600000F052FB20F07F4B8146C0B24FEA1B2A4C
:10767000FE2803D1FF2084F801A00BE0FF281FD0D3
:1076800001A800F052FB81B2C2B2090A022A05D158
:10769000FF2061702070BDE80E0FF0BDC0070FD055
:1076A000300C4FEA1B42A171627184F804A084F887
:1076B0000390A07084F801802570ECE70E2084E729
:1076C00040F6FF602080E6E7E0B502AF014668467D
:1076D00014F09CFD26F0B4F803D19DF801100120B0
:1076E0008CBD0199DD2900F218810020DFE811F03E
:1076F000DE00DE00DE00DE00DE00DE00DE00DE009A
:10770000DE00DE00DE00DE00DE00DE00DE00DE0089
:10771000DE00DE00DE00DE00DE00DE00DE00DE0079
:10772000DE00DE00DE00DE00DE00DE00DE00DE0069
:10773000DE00DE00DE00DE00DE00DE00DE00DE0059
:10774000DE00DE00DE00DE00DE00DE00DE00DE0049
:10775000DE00DE00DE00DE00DE00DE00DE00DE0039
:10776000DE00DE00DE00DE00DE00DE00DE00DE0029
:10777000DE00DE00DE00DE00DE00DE00DE00DE0019
:10778000DE00DE00DE00DE00DE00DE00DE00DE0009
:10779000DE00DE00DE00DE00DE00DE00DE00DE00F9
:1077A000DE00DE00DE00DE00DE00DE00DE00DE00E9
:1077B000DE00DE00DE00DE00DE00DE00DE00DE00D9
:1077C000DE00DE00DE00DE00DE00DE00DE00DE00C9
:1077D000DE00DE00DE00DE00DE00DE00DE00DE00B9
:1077E000DE00DE00DE00DE00DE00DE00DE00DE00A9
:1077F000DE00DE00DE00DE00DE00DE00DE00DE0099
:10780000DE00DE00DE00DE00DE00DE00DE00DE0088
:10781000DE00DE00DE00DE00DE00DE00DE00DE0078
:10782000DE00DE00DE00DE00DE00DE00DE00DE0068
:10783000DE00DE00DE00DE00DE00DE00DE00DE0058
:10784000DE00DE00DE00DE00DE00DE00DE00DE0048
:10785000DE00DE00DE00DE00DE00DE00DE00DE0038
:10786000DE00DE00DE00DE00DE00DE00DE00DE0028
:10787000DE00DE00DE000F0111010301070113012C
:10788000E1000B010D01F300FF00FB000901F10015
:10789000E700ED00EF00F700F900E3000501FD004F
:1078A0000101E900E500DF00EB00F5008CBDE521FA
:1078B0008CBDD2218CBDDF218CBDE4218CBDDA21B1
:1078C0008CBDE3218CBDE6218CBDDB218CBDDC2190
:1078D0008CBDD9218CBDD5218CBDE7218CBDDD218E
:1078E0008CBDDE218CBDD7218CBDE1218CBDD62184
:1078F0008CBDE2218CBDCF218CBDE0218CBDD0217F
:107900008CBDD8218CBDD3218CBDD4218CBDCD2183
:107910008CBDCE218CBDD1218CBD01200E218CBD12
:1079200080B56F4619F08AFBC00701D0012080BDE9
:10793000C8B218B1012804D1012100E000210020C3
:1079400080BD0120062180BD80B56F4614F034FC57
:10795000C107034918BF4FF60171084080BD00BF41
:107960000000FFFFD0E901239A4204BF02207047C4
:10797000B0B502AF0C78154605F8014B9D42456045
:107980000BD04C785470941C9C42446005D089788C
:107990009170D11C4160FF20B0BD0220B0BDD4D495
:1079A000F0B503AF4DF804BD84B004460020ADF837
:1079B0000C00CDE9010001A90A280DD0D5090A540F
:1079C00045EA436555EAD31609D042F080020A54CD
:1079D000DB0901302A46EFE70A2501AA06E0094B38
:1079E00001A90A2219F0B8FB02460D4625F0A7FEB0
:1079F00001D9022003E025F0AFFC26F059FC04B0C9
:107A000025F0D0BD5C9F040080B56F4613F048FBA5
:107A100026F07FFB08BF4FF0FF3080BDF0B503AF0D
:107A20002DE9F80FE8460D460646404613219B46D1
:107A300091463BF0F2F8D7F808A0002013281BD09D
:107A4000F1094FEAD91241EA4561ED0942EA4B6278
:107A500045EA496541EA020345EADB14234308F895
:107A600000600CD046F0800308F800304FEADB1BC2
:107A700001300E469146E1E713246A4606E00D4BBD
:107A80006946132219F068FB02460C46DAE90150F8
:107A9000401B844201D9022008E0114628462246B4
:107AA0003BF057FA2819CAF80400FF2005B025F06A
:107AB000CCBD00BF6C9F0400F0B503AF4DF804BD12
:107AC000D1E901320024062C08D01D19954207D0B7
:107AD000065D013405F8016B4D60F4E7FF2000E01E
:107AE000022025F05FBDB0B502AF25F040FEC043D7
:107AF00000061CBF0220B0BD20462946BDE8B040AC
:107B0000FFF7E0B9B0B502AF25F031FEC043000683
:107B100001D00220B0BDD5E901018842F9D026F09C
:107B200031BAB0B502AF25F022FEC04300061CBF3B
:107B30000220B0BD20462946BDE8B040FFF7EEBAAE
:107B4000B0B502AF25F013FEC043000601D00220FD
:107B5000B0BDD5E901018842F9D026F013BAD4D4DA
:107B6000F0B503AF4DF804BD82B00C4601460020CD
:107B70008AB28DF80600ADF8040001A9032809D0E7
:107B8000D3090A5409D0D2B242F080020A5401301B
:107B90001A46F3E7032501AA06E0094B01A90322CF
:107BA00019F0DAFA02460D4625F0C9FD01D9022086
:107BB00003E025F0D1FB26F07BFB25F026BB00BFC0
:107BC0003C9F0400B0B502AF416851B1056801396E
:107BD000416025F07AFD0C46C00704D02146FF2401
:107BE0000EE002240CE0E0B230B1012806D125F00D
:107BF0006CFDC007F3D103E0002101E0FF2409215F
:107C0000E0B240EA0120B0BD416899B1F0B503AFE0
:107C10004DF8048D82B026F03BFB0321CDE9000135
:107C2000684600F082F80546C0B2022804D1A8B226
:107C3000040A11E000207047E8071CBF019E002ED7
:107C400009D0DDF80080404619F0F8F90C46C0076D
:107C500002D1012E05D10E24E0B20002023025F03F
:107C600066BD404619F0EAF9C00701D00C46F3E7BB
:107C7000E0B2090641EA004005F47F4108440130C2
:107C8000EDE7F0B503AF2DE9800F8046486878B383
:107C9000D1F8009000264FF0FF3400254FF0000B84
:107CA00001384860092C1AD0484619F0C7F98A46AD
:107CB000C00716D10AF07F00002132463BF01AF8C7
:107CC00005434BEA010B073601344FFA8AF00028CE
:107CD000E8D4092C10D15FFA8AF002280CD34FF0B7
:107CE000050A00200221C8E9001088F808A009E070
:107CF0000020C8E9000005E000200121C8E90010CB
:107D0000C8E9025B25F05DBE416861B180B56F4690
:107D100026F0BEFAFFF726FBC2434FF6FE711206AD
:107D200008BF084080BDFF207047416869B180B539
:107D30006F4626F0ADFA19F081F9C0074FF0010047
:107D400018BF0220BDE8804000E0002040EA01208A
:107D50007047416869B3F0B503AF4DF804BD82B018
:107D60000468013941606846214614F04FFA25F055
:107D700067FD09D0019D012D53D86846214614F0B6
:107D800045FA25F05DFD17D19DF801004FF0007117
:107D9000C0B2084301F04071B1F1007F02B05DF85C
:107DA00004BBBDE8F04004BF4FF47F0161F31F2026
:107DB00070474FF000707047019E042E31D8204666
:107DC00014F0FAF9C10703D04FF60171084005E03D
:107DD000C0F30041494281EA5040000401220146BB
:107DE00062F30F014FF4702202EA0022C00718BFAD
:107DF000911C01F00300022818BF01F07F4001F43C
:107E00007F0210444FEA1040C0D0C90709D0ADF836
:107E100000008DF80260BDF80110090241EA056119
:107E2000B6E70E20B2E7DCB504AF04464868A0B15F
:107E3000013848600968A7F10F00FFF7B7FB17F892
:107E40000F1C17F80E0CFF290AD017F8092CA27185
:107E500057F80D2CC4F8022003E0FF202070DCBD91
:107E6000FE2160702170DCBD416871B180B56F4644
:107E700026F00EFAFFF754FDC007BDE8804012BFA0
:107E8000012001F00101002070470020022170470D
:107E9000DCB504AF0446486870B101384860096831
:107EA000684614F0B3F925F0CBFC08D19DF8010029
:107EB000022121602071DCBD00202060DCBD019822
:107EC0000121C4E90010DCBD416879B180B56F467D
:107ED00026F0DEF9FFF738FDC107BDE8804008D085
:107EE0004FF4702101EA0020022106E00020002169
:107EF00003E04FF6FF718843012108437047D4D453
:107F0000F0B503AF2DE9000B804691F851000C4607
:107F100020B1032823D03B481EF045FED4E9085683
:107F20002046D4F84C9020212663C4E90A953AF003
:107F300074FE08200021606305F10800B0423DD8BE
:107F4000082684F85010304A204631461BF0A3FC26
:107F50000022C4E90E9084F84820C4E9101504F109
:107F6000380012F057FC411C32D1666B2EB3701EE4
:107F70000022202A21D0A15CB1F1FF0318BF012308
:107F8000FF294FF0020118BF0121904208BF194696
:107F900001320229EDD00A4689B1201DE58822F080
:107FA00027F980B2A84216D094F85000012110BBE6
:107FB00084F85010D4E90A95C5E700210022C8E9E9
:107FC00002030120C8E9001284F8510025F05FBBCC
:107FD00000220121F3E7A388990723F00300194643
:107FE00018BF011DD4E90B0208440830904204D99F
:107FF00002220121E3E70222E1E7206801220021B9
:10800000DDE700BF4C8904005C890400F0B503AFD4
:108010002DE9000B814691F851000D4620B103284F
:108020003BD03F481EF0BFFD2968D5E906C3A888AC
:10803000EA6CA881A960AA62C5E904C3A9B1D5E91F
:10804000082800F1030E2EF0030605F12C04083277
:1080500046C43244424546D8B3420AD20EF4803276
:1080600005214FF0FF3E304648E000214FF0010E61
:108070003BE0002085F85000AEB1D5E9041230464F
:10808000284BAC6AD5F8308023F09EFB0022C5E96E
:108090000E4085F84820C5E9101805F1380012F0A7
:1080A000B9FB411C23D1A9896A698A4234D3286962
:1080B00022F070F8E96A884205D095F8500070B94E
:1080C00001206E6BD6E74FF6FF72D5E90410D5F8A4
:1080D00008C020EA0202AB894FF0020E0EE0A96848
:1080E000D5E904C3A8894FF0000E002206E04FF640
:1080F000FF7120EA010200214FF0FF3E80B201260D
:10810000104385F85160C9E900E1C9E9020CC9F8DA
:108110001030BDE8000BF0BD034B00201DF0E8FF60
:108120006C8904008C8904007C890400F0B503AFDD
:108130002DE9F80F814691F844000C469246DFE89D
:1081400000F003D4D71B82BACDE9029A04F12006CD
:1081500094E80302A046D4E90323E5692DC6012073
:108160000870002048F8489FE66AC246256A0AF867
:10817000880FC8E9015611E0CDF80CA0A2461AF804
:10818000D00FAAF1880820B1032827D059481EF043
:108190000AFDCDF80890D4E91295266D04F1540B30
:1081A0002021FF2258463AF0DCFCD9F80000606537
:1081B000B9F80400A4F8580027F81E0CA7F11E0017
:1081C00022F016F8DDF80890A4F85A00002084F890
:1081D000CC000820C4E91D5BC4E91F0604F1740645
:1081E0000399304612F0A4FB0546023007D1032064
:1081F0006FF001018AF80000C9F8001071E025F065
:108200005AFD01208AF800004046FDF787FE681CF1
:1082100060D104F1240204F1300507CA01F003061D
:1082200031F0030102F1080200EB01034BC52264A7
:108230001AD0DDF80CA0002384F8A030236AC4E92A
:108240001230C4E9141225F0C1FC0546023005D1F4
:108250006FF00100C9F80000042042E025F02BFD7A
:10826000681C37D1E66B01E0DDF80CA0A6B304F181
:10827000A408202140463AF0D0FCF01C20F0030571
:10828000202D01D9032029E01C4B304641462022F5
:1082900023F09AFAD4E90E23194E009620F00AFB37
:1082A000616B0020226C84F8A0001144206AC4E9AC
:1082B0001208C4E9145125F089FC0546023005D1A5
:1082C0006FF00100C9F8000005200AE025F0F3FC7A
:1082D000681C01D0002001E04FF0FF3089E8210840
:1082E000012084F8440025F051B803481EF05BFCDF
:1082F000FEDE00BF3C890400CC890400DC89040058
:10830000EC890400B0B502AF0546887B0C46DFE877
:1083100000F00332380D1C006068B4F80B102181A6
:10832000617B2060A17225F0B2FD206104F1100094
:10833000114617F00FFBC8B12068016800202076B5
:1083400004F10800C4E9041003E0207EC00715D141
:1083500060692AF081FE01210022217600286A60EE
:10836000687008BF6FF001022A7002E0FD2003214F
:108370002870A173B0BD04481EF015FC01481EF022
:1083800012FCFEDEE8960400BC8A0400F0B503AFE0
:108390004DF8048D0546487A0C46DFE800F00339B5
:1083A0003F0A19006068A17A2060217225F06FFDF4
:1083B000E06004F10C00114617F0CCFA00B320681D
:1083C00004F10806002100682175C4E9030604E0F1
:1083D000207DC0071FD1D4E9030600214FF000081B
:1083E00020F0C2F9C0B218B930462BF033FA68B1A8
:1083F000002168700120C5F804802970207502E012
:10840000FD2028700320607225F068B9FE21F0E796
:1084100004481EF0C8FB02481EF0C5FBFEDE00BF8C
:10842000389A0400BC8A0400F0B503AF2DE9FC0BB8
:10843000804691F820000C46DFE800F00321270C6D
:108440009C00D4E90010D4E90223C4E90410C4E973
:1084500006231BE0264616F8940F50B1032811D1CD
:10846000254615F8900F38B1032827D05E481EF036
:108470009AFBD4E9091010E0D4E90B1013E05C4832
:108480001EF091FB59481EF08EFBFEDE26460022B0
:1084900046F8241F706006F8702F0022254605F864
:1084A000902F45E91910C4E90D10D1E900120023FD
:1084B00084F88D30C4F88800C4E9171204F13C0137
:1084C00001A8FFF71DFD0199022964D0DDE902CE64
:1084D0000129049B09D1BCF1020F1BD1606B01681B
:1084E00004310160D4E90D10DFE7656B0022BCF1B7
:1084F000010FD5F8009015D14FF6FC72F4461A40E2
:1085000004329E0708BF9AB24A4408322A60002506
:10851000012209E04FF6FF7099462EEA000502227B
:10852000734601E000230025012684F8946084F856
:1085300090609EB2354301293FD0002AC4E91F2C28
:10854000C4E9215940D0022A3CD0D4E906210025B3
:10855000C4F82490002AA56143D0D4E90460766869
:1085600084F879506067C4E91021C4E91296A385A4
:10857000C4F828C004F1280101A8FFF747FD019ABB
:10858000901C0FD0DDE90491022A10D2C4E90691B3
:10859000D4E904107AE70320022130702870C8F86B
:1085A000001019E00220C8F80000042014E0DDE902
:1085B00002C507D1636A002207E00221C4E92159FC
:1085C000C4E91F1C012200E09446C8E9002C0120E8
:1085D000C8E90259C8E9041384F8200006B025F060
:1085E00056B804481EF01AFA0C8B0400FC8A0400EA
:1085F000CC8A0400DC8A0400F0B503AF2DE9000F3B
:10860000ADF54F7D3C9074A802303A90CAA88A46D6
:10861000831C01F59A7033904FF0000C91F82A01F9
:1086200000240025DFE810F00600390045001200A4
:10863000A102A413DAE9005032933092CAE902058C
:108640000020319025F017FE02F0A9BB9AF85801DE
:108650000AF5AC783092329388B1032821D19AF888
:1086600054010AF5AA7978B103281ED10020DAE96D
:1086700052B63190DAF8505125F0FDFD2FE000217F
:1086800031902E913F9015E00020DAE94FB63190FD
:10869000DAF8445125F0EFFD1DE0DFF8E4071EF0A5
:1086A00082FADFF89C0E1EF07EFADFF8980E1EF0BC
:1086B0007AFAFEDECDF808B10020DAE94BB64FF4C5
:1086C00081758AF854010AF5AA79CAE94D65CAE9A3
:1086D0004FB6CAF84451CAE952B6CAF850516808B0
:1086E000802842F2558600204C904CA9304641919A
:1086F00026F04DFB012300280FD44C9804280FD0FE
:10870000DDF808B1022842F045860120DAE94D1271
:108710008AF854010224409E85E002463F9C5DE0B9
:108720005EA831462A461CF0C1FC5F990023042450
:10873000002952D09DF878010E284ED19DF879215C
:10874000609C9442C2F0E38374A81CF0E7FC759926
:10875000002940D0769A00230424022A3DD3DFF872
:10876000E85D0223009574A81CF08EFC7498002329
:10877000068896B3DDE9761274A81CF0CFFC7599D3
:10878000002351B342F28300864226D1769A022A10
:1087900023D3009502239DF8D06174A802251CF014
:1087A00073FC77980023C0B9749A0123DBE90310A6
:1087B0001288ABF80C20BBF808208BF80A60012A5D
:1087C000ABF8085002D14968884701233F9C6FF0FD
:1087D00022003E9001E0002304243E9ADDF808B117
:1087E0001BB112F1230000F0E28301203E9289F8D0
:1087F00000002BB1110A4FF0FF303F94409E57E02C
:10880000DAE94D12042C409E0DD174A81CF04EFCE8
:1088100025F000FC05D0769A9DF8D1319A4232D2EB
:1088200000253F9410E000253F94042A0CD3DFF884
:10883000180D0423009074A81CF026FC7498779AF5
:108840000468B2EB144F0AD2E8076FF00B0218BFAE
:108850006FF015026FF07F414FF0FF3028E0DFF836
:10886000EC0C260C76993346009074A81CF00CFC96
:10887000759A964202F29983749A66F3070603206A
:10888000A346110A14E0DFF8C80C009074A81CF08D
:10889000FBFB9DF8D701AB46BDF8D511749A41EAB0
:1088A00000409DF8D4113F9441EA0026110A0520AA
:1088B000D2B2012342EA01250AF110010328AAF8E5
:1088C0001CB08AF8583161C1409600F063810528D8
:1088D00040F067845FFA8BF0052800F0D382082807
:1088E00000F00A82132800F04B82302800F0048246
:1088F0003E2842F05282002E02F05685287801244C
:10890000431E362B02F25185DFE813F037003700A3
:10891000370037003700370037003700370037009F
:10892000370037003700370037003700370037008F
:10893000370037003700370037003700370037007F
:10894000370037003700370037003700370037006F
:1089500037004F154F154F154F1537004F154F1551
:108960004F154F154F154F154F154F153700370041
:108970004F154F15370037003700691C721E112B39
:1089800000F22E84DFE813F01200E3069D06C40512
:108990005A063E07F006C405C4050908C4052806A2
:1089A000FD07C405C405C405C905AF0774A81CF0BC
:1089B000B5FB25F06AF802F04085769A74A81CF0A1
:1089C000D7FB7599002902F0138525F065FC74A882
:1089D0001CF020FC9DF8D041022C02F01785DDE947
:1089E000751274A81CF09AFB25F014FB02F0238585
:1089F000769A74A81CF076FB76999DF8D0910029A0
:108A000002F01C8524F0CDFB25F0A5FB74A81CF01A
:108A1000AFFB7599002902F0EB84BDF8D001769A7E
:108A20004195359074A81CF0A3FB7599002902F0BC
:108A3000DF84BDF8D0014546769A2F9074A81CF0CB
:108A400097FB7599002902F0D38425F025FC74A8C2
:108A50001CF0C4FB25F018FC02F0D884769B4C99DE
:108A60009DF83421002BCDF808B1CA918DF82C2344
:108A70008DF8D421749142F0D284749A290A9DF819
:108A8000D4318AF82E918AF83C014198CAF82F21F6
:108A90008AF833315E928DF87C318AF82C5143F696
:108AA00008558AF82D11359B8AF83B018DF836015F
:108AB000BAF83201F04ABAF82C11ADF83401DAF8FC
:108AC0002E012D9100214C9043F60850E3FB02014A
:108AD000DDF8BC90AAF8343143F6095200238AF835
:108AE0003D418AF83A61AAF83881AAF83691DAF855
:108AF0000CB03AF03BFACDE974010021DF4843F6AF
:108B000009520023E8FB0051284600253AF02EFACE
:108B1000CDE9760104F00102ADF8E0918DF87F51C6
:108B20008DF87851DBF804005EA9009274AACDE9B3
:108B300001214CAB2D9A314614F0B8F9002840F0D1
:108B4000B384339914208AF84E51329BDDE9302CDE
:108B5000DDF808B12E9D3F9C4876BAF82C01A1F8AB
:108B60001700DAF80C00CAF844013F940AF5A07126
:108B70002E95CDE931C374A83092FFF7C3FB9DF861
:108B8000D001FD2842F002813C99FD2008700420AC
:108B900002F019B9DAF80C00D0F8049024F0AAFE1B
:108BA000C846D9F80C1058F8083F82B2184615F09C
:108BB0006FFB74AC0A46611CFE23002841912046DD
:108BC0001FBF1068013010605EA81CBF411CFF234E
:108BD0001C228DF878318DF8D021132204784CAE08
:108BE00024F082FCFF2C74D0CAA84CA9013024F0D8
:108BF00078FC8DF82843CAA80DF5E87890E87C0049
:108C0000414658467CC11CF0A3FA0446DFF84409EB
:108C10001EF0B6F8A0B21CF03DF824F059FD1EF08D
:108C200017FA9DF8D001152818BF1C2844D124F04C
:108C300061FE0446DFF820091EF0A2F8A0B21CF085
:108C400029F81EF005FADAF80C00DFF81039406850
:108C5000D0E902125EA823F017FB4FF45E70DDE945
:108C60005E4101FB00F6DFF8F888DFF8F898002590
:108C70009EB140461EF084F828461EF073F8484620
:108C80001EF05DF820461AF033FF013504F55E74DE
:108C90001EF0DEF9A6F55E76EAE7609824F0D4FDD2
:108CA000DAF80C00446824F025FE04F1080281B2D1
:108CB0001046132215F00EFBDAF80C00DFF8A818A6
:108CC00025F024F982680132826024F06EFC02F003
:108CD00064B824F00FFECBF3013480B2012C00F015
:108CE000F480022C40F00781409A042A80F03281FF
:108CF0000120ADF828037EE7DAF80C103028D1F80F
:108D0000049009F1080800F00A81082842F0458023
:108D100074A824F0C6FF349825F075F900F0588146
:108D2000769A74A81CF024FA7599002900F0C08383
:108D3000769A0020DDF8E4C0002A01F01D800B784F
:108D40000120022B01F21880DFF8FC070123BDF897
:108D5000D051009074A81CF097F974980078FF28FF
:108D600001F0078045EA0441DDF8E4C03B9C41EA9C
:108D70000063B3F17F4FC1F09982204601F001B842
:108D8000002ECDF808B102F00A832C78721EB2EBE7
:108D9000840FC2F00483DFF8D407691C009074A824
:108DA000A3001CF071F97798002842F0F882749DB6
:108DB00005EB8400419074AE4198854200F07483C5
:108DC0003046294604221CF0D3F9A91C3046022261
:108DD000D346759CBDF8D0A11CF0CAF9BDF8D001EE
:108DE000043575994FEA00499DF8D0010002002929
:108DF00008BF00F101094FEA0A40002C08BF01201A
:108E0000040C4FEA1948DA460006D5D15FEAC9706A
:108E10000CD0DFF85C071DF0B3FF25F01BFAC9F397
:108E2000002022F0AFFA1EF013F9C5E7DAF80C00C3
:108E3000DFF840374068D0E90212304615F07FFC79
:108E4000DDE974014FF45E72514381B190F85C2307
:108E5000032A12BF042AB0F85823A24202D024F0F9
:108E600082FBF2E7D0F84013414424F0FEFE7698EE
:108E700024F027FCA0E700BF00C4090000204E003A
:108E80001C8B040074A824F00CFF389825F0BBF864
:108E900000F08880769A74A81CF06AF97599002908
:108EA00000F09880769ABDF8D06174A81CF036F96D
:108EB0009DF8D0017599002900F08E8046EA0441A2
:108EC000769A41EA0063002089E0359025F041F868
:108ED00024F087F9002867D000F5517BD0F84403CF
:108EE0000C46002800F0DC8174A8409B59462A46B5
:108EF00013F012FEEEE1DFF880061DF041FFDFF80F
:108F00007C061DF01CFF002C18BF032420461DF01A
:108F100051FF1EF09DF817208DF828036BE674A80A
:108F200024F0BFFE25F076F801F0E582769A74A869
:108F30001CF01EF97598002801F0DB827698012656
:108F4000BDF8D0C100283B98644600F0318700226C
:108F500001F0D6BA35902946DFF8EC0504230090DD
:108F600074A812F00FF87498DDE9766445880388D8
:108F70003F2D00F21981DFF808160020062800F0C6
:108F8000A7820A5A0230AA42F8D1052D2F9608BFAF
:108F90009C4200F023869C42CDE92C3400F04F86A1
:108FA00000F085BE2B1918E00220749094E13098EF
:108FB00024F015FEDFF8CC051EF05AFC3C9A032085
:108FC000FD2188F8000089F80000117001F0FBBE57
:108FD000281970E29DF8D0012B180120369A3D9D8A
:108FE000002A379E19461CBF29460026002808BFC4
:108FF0000D4642F0DE81002A114618BF01210843C8
:1090000042F0D5812C0C3D9520063893CDE93626CB
:109010000AD0DFF874051DF0B3FE24F000FC2046F2
:109020001BF046FE1F240BE02C0E00F04B82DFF8F5
:109030005C051DF0A5FE24F0F2FB20461BF038FE77
:109040001EF006F8DAF80C00DFF84435D0F804809A
:10905000D8E902124CA815F072FB4FF45E70DDE9FE
:109060004C5148433D9BCDF808B160B1B5F8582349
:1090700099B28A4202D195F85C1389B905F55E75FB
:10908000A0F55E70F1E74E981C4624F01AFBDFF85D
:1090900004051DF075FE25F0DDF81DF0D9FFABE1EC
:1090A00005F55170002685F85C6313F02AFD05F57F
:1090B0001C70DFF8E49485F86F63C84705F51E70EF
:1090C000C8478DF8D06105F520718DF8D1415EA8B3
:1090D00074AA14F055F924F063FD284614F08AF8B8
:1090E00005F5907014F086F805F54A70C84705F547
:1090F0004C70A5F87563C84705F54E70C847DFF892
:109100009C1408F1180085F8706385F85F6315F00A
:10911000F5FA0C4690F83E11022924D095F86733F1
:1091200005F51472B0F83591D0F83111012B90F893
:1091300037C112BF95F856E202F58C724FF0010E5E
:109140001368928859401FFA89F35A4011430AD193
:109150008EEA0C01C90706D1022180F83E1100F504
:1091600038701EF03BFB2068DFF83434013020609B
:10917000D8E9041274A815F0E2FA749C4194D4F86A
:10918000009044F82869B14500F007813034284642
:10919000214602F0BFF901360028F4D14FF0010B4F
:1091A000FEE0FF2601F0ACB909F5AC619C422F96B8
:1091B0002D9440F09781CDF808B174AE2A461C4634
:1091C000304612F017F924F05BFC00F03585CAA890
:1091D000711C013024F085F98DF828B302F034B801
:1091E000352800F0C084372840F0928174A81BF025
:1091F00095FF24F04AFC02F03281769A74A81BF0A5
:10920000B7FF7599002902F0EB80769A012A42F2A5
:109210002281CD480223BDF8D051009074A81BF0E4
:1092200033FF7498DDE97612B0F8009074A81BF053
:109230009FFF7599002902F0D380769ABDF8D0413E
:1092400074A81BF095FF7599002902F0C980769AE1
:10925000CDF808B1BDF8D0B174A81BF089FF75999D
:10926000002902F0BD8025F017F874A81BF080FFDC
:109270007598002802F0B4807698002842F0E980C2
:10928000002E01F03B80C7481DF07AFD28461BF0F8
:1092900001FD30461BF00CFD1DF0DAFE01F05DB85B
:1092A00042981BF055FF0546BF481DF069FD4098E8
:1092B0001DF058FDA8B21BF0B5FCBC481DF03FFDE9
:1092C000584617F001F81DF0C3FE012074901520D8
:1092D0008DF8D40124F0D7F901205E901C208DF880
:1092E0007C014CA874A95EAA11F05EFEBDF834B1F1
:1092F0004C98B0B14E984F99509A519BCB90BDF875
:109300003601CE93CD92CC91ADF82A03ADF828B3B7
:109310006FEA0B00DDF808B100067FF46CAC01F0D9
:109320003CBDDDE94E35DDE95041002B00F0BC804D
:10933000BBF1040F00F07B83BBF1050F00F05F83EE
:10934000BBF1060F40F0EA8342981E4635911BF0B0
:10935000FFFED9E90212964B2F952546044645A8F3
:1093600022F092FF4FF45E70DDE945B14843A1B2AF
:109370002C462F9D3346002800F03F849BF85C2349
:10938000032A12BF042ABBF858238A4200F09A87A6
:109390000BF55E7BA0F55E70EDE74FF0000B4E46DF
:1093A000A9EB060806EB4600419E06EB001000F113
:1093B0000804B8F1000F13D02846214602F0AAF89D
:1093C00040B1ABEB8B002146302204EB001039F0AA
:1093D000C0FD01E00BF1010BA8F101083034E8E712
:1093E000A9EB0B003060769824F06BF9002085F82B
:1093F00074034E9824F065F9DAF80C006D4B42685E
:109400004192D2F86015D2F8642574A815F0B4F929
:109410004FF4B070DDE9745101FB00F63D9A4FF056
:10942000000B4FF480390024A6421FD0285B01288E
:1094300019D105EB040891B2B8F80200884212D1A4
:1094400008F1180011F002FD08F59C7013F059FBAB
:109450003D9A25F804B0C8E9019B88F80CB0C8E92A
:1094600053BBC8E955BB04F5B074DDE7769824F02A
:1094700028F94198504900F5AD6021F023F80446E1
:10948000203024F024FA04F128001EF0A7F92868FF
:109490004A4901302860DAF80C0024F037FD4268B0
:1094A0000132426024F081F8DDF808B101F075BCAA
:1094B0009DF8D001284440F07F433B98DDF8E4C09C
:1094C00000F05FBC3E481DF05BFC24F0A8F9A9E564
:1094D0003C483A2D3C4908BF08461DF051FC24F099
:1094E0009EF916E50DF5E8782A461C46404611F02F
:1094F00081FF9DF8D061FF2E00F0D883CAA808F143
:109500000101013023F0EDFF8DF82863FFF773BBF5
:109510002E481DF041FC01F040BCDAF80C0002249A
:109520004268D2F87416D2F87806D2F87036C2F8CB
:109530007046012B41F031844968884701F02DBC09
:109540006898040028920400B8A7040088A70400C3
:10955000A8A704006E00000082000000BC9D04006B
:1095600030000000140000002C8B040078A70400D9
:1095700072000000EC9D0400650000001001000076
:10958000849D0400D8D903204D0000004C00000049
:10959000FC9D040090000000DD7702000C540400E4
:1095A0001C54040071000000850000000F02000040
:1095B000BC9E04002C9B04003C9B04003C8B0400DC
:1095C0004B00000086000000520000006600000012
:1095D00075000000FF00000074AE30461BF09EFDD9
:1095E00075999DF8D081002900F0A587769A74A816
:1095F0001BF0BEFD7599002900F09B87769ABDF897
:10960000D09174A81BF0CEFD9DF8D061002E00F023
:109610008987DDE9751274A81BF0C4FD9DF8D0019F
:10962000002800F07F87DDE916320024189D769926
:10963000002901F04B82002001F04DBADAF80C004D
:10964000D0F8048074A81BF093FD7599002901F0EF
:10965000AD81769ABDF8D06174A81BF0F9FD7699BA
:10966000002901F0A381779ADDE9744574A81BF005
:109670007FFD7598002801F09981769800220028D6
:1096800040F03D87BDF8D00108F54471ADF87C018C
:10969000204664F30700ADF87A61ADF87821CDF883
:1096A0007E01CDF8825174A85EAA20F0B1FEBDF80B
:1096B000D0014FF6FF710A94884201F06E8316269E
:1096C00070E574A81BF02AFD24F0DFF901F09586FF
:1096D000769A74A81BF04CFD7599002901F08B86D1
:1096E000769ABDF8D05174A81BF042FD75990029F7
:1096F00001F08186769ACDF808B1BDF8D09174A8B2
:109700001BF036FD7599002901F075860DF5E87896
:10971000769ABDF8D0B140461BF02AFD7598002816
:1097200001F069867698002841F07786002E00F0D7
:1097300092855FF864011DF023FB28461BF0AAFA0E
:1097400030461BF0B5FA1DF083FC00F0ACBD74A8E8
:109750001BF0E4FC7598002841F01F839DF8D04170
:109760005FF8900101F027BE74A81BF001FD759908
:10977000002901F0298624F08FFD74A81BF0F8FC65
:109780007599002901F02086769ABDF8D09174A8C9
:109790001BF0EEFC7599002901F01686769ABDF84B
:1097A000D05174A81BF0E4FC7599002901F00C86D7
:1097B000BDF8D061769A74AC20461BF0D9FC759840
:1097C000002801F001867698002841F02486DAF816
:1097D0000C104346BDF8D001ADF8D2914968ADF800
:1097E000D8010420ADF8D661ADF8D4518DF8D00180
:1097F000D1E9021200945EA814F0C6FCCDF83480C2
:1098000001F0CBBA74A81BF0B3FC7599002901F0E4
:10981000E185769ABDF8D09174A81BF0A9FC7599E2
:10982000002901F0D78524F037FD74A81BF0A0FCB7
:109830007599002901F0CE85769ABDF8D06174A89B
:109840001BF096FC7599002901F0C485769ABDF845
:10985000D05174A81BF08CFC7598002801F0BA85D3
:1098600076980024CDF808B1002841F0B785BDF8FE
:10987000D02143F60850E34B002148EA064643F660
:10988000085B23F0D0FCDAF80C20D2F8048043F611
:109890000952CDE97E0107208DF8D001300CCDE9C9
:1098A0007A44CDE97C448DF80A4240F2E2446043B8
:1098B000ADF80892ADF8005223F08DFFCDE97801A4
:1098C000B0B2604343F6095223F085FFCDE976013B
:1098D0004B46D8E9021274A800905EA814F054FC1C
:1098E000CDF82C90E0E574A81BF018FC75990029C0
:1098F00001F08985769A2E9E002A01F093855FF803
:10990000B8030123009074A81BF0BEFB7498DDE936
:109910007612047874A81BF02BFC7599002901F0CD
:109920007285769A74A81BF0F9FB7598002801F0EF
:109930006A857698002808BF26461F9818BF002021
:109940001F9041F07185DAF80C00AF4B4468D4F8F1
:109950005016D4F8542674A814F00EFFDDE97410E4
:10996000022201314000D0B311F8013C012B05D196
:109970000D78F3B29D4208BF01F8012C0231023884
:10998000F1E774A81BF0CAFB7598002841F0058226
:109990009DF8D0419D4801F00EBD74A81BF0BEFBA0
:1099A00075999DF8D0910029CDF808B101F0F580A6
:1099B000769A74A81BF0DCFB7599002900F0E78605
:1099C000769ABDF8D04174A81BF024FC9DF8D051C4
:1099D000022D40F01D869DF8D19101F0DEB87698F9
:1099E0002E9623F06EFE8A4904F5CB6020F06AFDC6
:1099F0000C461DF0F3FE23F046FE01F0CEB92046E2
:109A0000419316F00BF8CDE9001874AC359A09F5BE
:109A1000AC610346204611F027FD24F031F800F038
:109A20006284CAA8611C013023F05BFD99E12046E5
:109A30004193359115F0F2FF02460B464CA81146B2
:109A40001A4622F0DBFD9DF83001042800F09E84C8
:109A5000DDF808B1FE2840F0E6846E482D949DF8AC
:109A600031411DF08DF920462D9C21F06BFD1DF03C
:109A7000EFFA3599204615F0D1FF002901F0F68460
:109A80000078410600F131848DF87D0103200DF549
:109A9000BC798DF87C01FF20002606218DF8780125
:109AA0004846ADF880618DF87E1122F05DFD4FF0E3
:109AB000040BADF82001FB20ADF822B1CDE9C54083
:109AC000C796C5A848A9F7F747FFC0B2022840F0DB
:109AD000648774A9AE4699E87C10084680E87C103B
:109AE000C5A87546F7F796FCC0B2022840F0558726
:109AF0004298C79C1BF02CFB2D9982B2CD94CDE9E6
:109B0000CB514199CA9174ACCAAE41462046334606
:109B100014F085FA9DF8D0B100F07FBCBBF13F0F87
:109B200040F20C818846D9F86415ABF1400290B23E
:109B3000814240F24585D9F8600541932F9511F097
:109B40003DFC054600205E90287B032804BFB5F845
:109B50004C01834501F03D81DDF808B123F025FD7E
:109B600041982F99C3E374A81BF0D8FA21987599EE
:109B70009DF8D09120F0FF04002900F0BC83769A74
:109B800074A81BF0F5FA7599002900F00386769AFF
:109B90004FF0000824F04DFBDAB108784FF00108CF
:109BA000022816D85FF860560123CDF80491BDF85D
:109BB000D041009574A81BF067FA749890F8009053
:109BC000B9F1FF0F40F08987149BDDE912C6DDE98A
:109BD0001085219868F3070000F0E3BD24F0B9F97F
:109BE000CDE9004882B2CAA82F9B09F5AC6111F0FB
:109BF0003BFC9DF828B3FFF78BBB479823F024FE6E
:109C000018466CE300204E00E4D104000701000078
:109C1000F4D104006000000022000000D000000029
:109C20006C8A04007C8A04004C8A04005C8A04006C
:109C30005400000095000000DDF808B12C94CDF828
:109C400008B174AC204623F03BF9DDF8D0B1BBF18C
:109C5000000F00F08583DDE975602B9042981BF0C2
:109C600077FA23F0BEFA002800F0DE852A912A4612
:109C70002B99CDE974B600F5517B769100945EA8DE
:109C80002C9B594612F034FF20469DF878414CAE8B
:109C9000FF2C00F060865EA90530013123F021FC25
:109CA00001208DF8D441749000F058BE2C9474A813
:109CB00023F006F9749E002E00F05B835846DDE920
:109CC00075B842901BF044FA23F08BFA002800F09C
:109CD000B385CDF880810DF5E878CDE95E6B5EAE99
:109CE00000F5517B2C9B8946404659462A460096F2
:109CF00012F0FEFE24F0C8FA40F0F48574A824F0B7
:109D000023F9BDF8D501ADF878019DF8D701DDE95B
:109D100076418DF87A017498012840F04C869DF8C0
:109D20007A218DF83221BDF87821ADF830210A462C
:109D3000DDE978359DF8D40100F047BE42984193A3
:109D40001BF006FA04465FF830011DF019F8A0B2C6
:109D50001AF0A0FF58461AF065FF1DF079F94FF090
:109D6000FF0B8DF828B34198294623F0F3F8FFF74D
:109D7000CFBA3B98DDF8E4C0349B60F3070343F0AF
:109D80007F4303F001014FF07F421143160EFF2E77
:109D900000F0F982002E349318BF01260A0E6FF0EE
:109DA0008073FE2A88BF4FF6017303EA01040D0C8D
:109DB0003B902806CDF8E4C000F0C8805FF8A4010D
:109DC0001CF0DEFF28461AF073FF1DF041F9D9E9B7
:109DD0000201224614F05CFA0A4674AB3A99064630
:109DE000FE20002E00F09A805FF8CC1109F11800D7
:109DF000CDF8D480CDE9412B14F080FC2F9183461F
:109E0000D9E90412C5A85FF8E43114F098FC09F50B
:109E100044702D90DDE9C54006F51078CDE92B049E
:109E200054F8080B00EB400005015DB104F110008F
:109E3000414622F040F9303D30340028F5D0012071
:109E400086F872039BF83E013146023818BF0BF1C9
:109E50002000F8F75BFB8146002851D099F8C80034
:109E6000022806D099F800000D2804BF012086F8CA
:109E700072030020ADF87801DBE9000E2A9074A887
:109E800000F1100298E83B1082E83B100BF52870B7
:109E9000494680900BF520707F902B9877902C98F6
:109EA0007690359881902A9874900BF108002D9C3B
:109EB000CDE98260B6F85803ADF810020BF5A47036
:109EC0007E94CDF8D4E100904CA85EAA74ABF8F76C
:109ED00069FC74A8494622F08FF89DF8D001FE284D
:109EE0000BD00BF538701DF079FC03202146ADF83E
:109EF000D0015EA874AA20F08BFA9DF829032A905D
:109F0000C79823F0DEFB2F9923F04FFB419923F0F4
:109F10004CFBCAAB3299DDF808B1FF208DF828035D
:109F20001C208DF8D0010C22D1F802500631B3F874
:109F300002801E7848AC23F00CFBFF2E00F02D872A
:109F4000BFA894E80E000EC02A9AD9E2D9E902010E
:109F500022462F9614F09CF9002872D02D910646C7
:109F60005FF83C1309F11800CDF8D480CDF808B1A2
:109F700014F0C4FB2C910446D9E9041248A85FF8F8
:109F8000543314F0DCFB94F83E013146DDE948859A
:109F9000023818BF04F12000F8F7B8FA06F5107B74
:109FA000002853D009F544712891D4E90012B14634
:109FB0002B90A446AE46CDE9292174A800F11002E9
:109FC0009BE87B007BC20CF528704E4680900CF518
:109FD0002070DDF8A0B06446CDE97EB03598819060
:109FE000299875902A9874900CF108008390B9F81C
:109FF0005803ADF8100200208DF878012F98CDF8A5
:10A0000008920DF54A798DF879010CF5A47000904D
:10A010004846CDE9768E5EAA2B9D74AB2946F8F7AB
:10A02000C1FB9DF82803FF2840F094802B7895F819
:10A03000C80002287BD1A3F10B020020022A7ED99E
:10A0400083E0FE208DF8780174A8ECE058F8280928
:10A0500000EB40000501002D59D008F14009594698
:10A06000484622F028F8303D08F130080028F2D0A8
:10A07000D8F80000CC462890D8F804002A90D8E9F7
:10A0800002E029905EA90F912B969CE87D007DC18E
:10A090002B9E2F98D8B398F8280031902A9898F8DA
:10A0A00029B07590DDF8A0C02998CDF820E0CDF852
:10A0B000D8E1CDF8D0C1779074A800F1100899E8E4
:10A0C0007E00E14640467EC05FF89C04319C8DF8DE
:10A0D000F9B18DF8F8411CF053FE404621F014F818
:10A0E0001CF0B6FF2B98A64680F85F434CA8DDF81D
:10A0F0003CC09CE87E007EC07146FF202B9E4A46F5
:10A10000089CDDE929538DF81403704645E05FF89B
:10A11000DC041CF035FE584620F0F6FF1CF098FFDA
:10A12000002086F85F03FF208DF814032AE000204A
:10A13000112B0AD801229A4012F4303F05D095F82D
:10A14000F920022A18BF95F8F800002286F85F036C
:10A1500086F872235EA8294621F04EFF9DF878010B
:10A16000FE280BD004F538701DF038FB032059464B
:10A17000ADF878014CA85EAA20F04AF9C5A899E884
:10A180003E003EC02F9870B396F85F034FF0020B6D
:10A190003199DDE92632DDE924543191CDE92632C9
:10A1A000CDE92454F8B1CDE97623B0468DF8D1013C
:10A1B000CDE9784574AADDF804E102F118009EE8C3
:10A1C0007A1080E87A1008F52071464631988DF8AB
:10A1D00000020E208DF801B28DF8D0015EA813F0B8
:10A1E000CFF823F0DDFC4A980DF54579DDE92C2404
:10A1F0000DF5E8784B46DDF808B123F062FA1068F7
:10A2000035990130106040463246F8F72DFA23F0B8
:10A210003AFA5EA899E87C0001467CC19DF8781165
:10A22000FE2908BF40461C2190F801908DF8D011FE
:10A2300000F10801B0F802800C2245680678C2AC33
:10A2400023F087F9FF2E00F0A885BFA894E80E0040
:10A250000EC04A4654E1BDF8D0210021E54B43F63B
:10A26000085043F6085622F0DEFFDAF80C200023EF
:10A27000546843F60952CDE978010021DE48E9FB34
:10A280000061304638F072FECDE976010220ADF86B
:10A29000D2B12B468DF8D001D4E90212CDF800805E
:10A2A0005EA813F071FF0C95FFF7FEB877980021B8
:10A2B0004FF07F420028204608BFD9B208BF23F0E4
:10A2C000FF0262E59BF87303002800F0BE82CB48D2
:10A2D0001C461CF061FD479823F0B6FA204623F097
:10A2E000ADFDFFF7E1B8DDF808B14198294622F04D
:10A2F00031FE00F052BD04EB09004EE2BDF8D02162
:10A300000021BC4B43F6085043F6085622F08BFF61
:10A31000DAF80C204B46D2F8049043F60952CDE906
:10A3200078014FF47A400021E3FB006100233046BE
:10A3300038F01CFECDE976010620ADF8D6812B461B
:10A34000ADF8D4B1ADF8D2418DF8D001D9E90212FF
:10A3500074A800905EA813F017FF0995FFF7A4B842
:10A36000A7481CF00DFD23F05AFA1CF071FE1620D0
:10A370000FE3A4481CF004FD23F051FA1CF068FE22
:10A380001620FEF7C9BD01F00102B8E0A946429DC2
:10A39000BDF8326128461AF0DBFE81B240463246F3
:10A3A00013F07AFEFF2106468DF8D011A346964998
:10A3B000ADF8D60100204891FB218DF8D401C6915B
:10A3C000C594C790C5A848A9F7F7C6FAC0B2022835
:10A3D00040F0EB80C5A874A9F7F71CF8C0B20228BA
:10A3E00040F0E38089481CF0CBFC30461AF01AFCA0
:10A3F0001CF02EFE2846C79C1AF0AAFE419982B294
:10A40000CA914146CD94CDE9CB9B5EACCAAE204605
:10A41000334613F004FE9DF878B1BBF1FF0F3FF413
:10A4200043A8701C95E29DF83411FF2808BF00294D
:10A4300000F065820C2800F07083FF2840F08083D4
:10A44000FF2940F01785BDF83801C00700F01285DC
:10A450000DF5BC7B0C208DF87801584622F084F86D
:10A460000421ADF82001ADF8221174A822F028FDD6
:10A47000749E002E00F0FE852D94FB20DDE97541D1
:10A48000CDE9C51000202F91C790C5A848A9F7F7BE
:10A4900063FAC0B2022840F07B8574A82C94AC46C5
:10A4A000B6469BE87E007EC0764665462C9CC5A8D5
:10A4B00074A9F6F7AFFFC0B2022840F06985429850
:10A4C000A346C79C1AF044FE2F9982B2CC91414614
:10A4D000CD94CDE9CA6B74AECAAC3046234613F0B6
:10A4E0009EFD23F0CDFA00F03D87601C711CFFF744
:10A4F0009BBA9DF8D051399820F0FF0042190126EF
:10A500003C994FEA1820C870D0B240EA0820A1F860
:10A5100001004D6001F108000E70BFA923F04DFE4F
:10A5200000F051BC9DF8D181DDE91632189D74AE62
:10A5300004E09DF8D081DDE91632189D159820F0D1
:10A54000FF0000EB080900204C46002800F071874E
:10A55000E1B2179241EA0224290616930FD0DFF8E0
:10A560001C0F1CF00DFC23F075FE284618951AF000
:10A570009FFB1CF06DFDCDF8549000F00EBCDAF896
:10A580000C108DF8D20101208DF8D1312346496895
:10A590008DF8D001D1E9021200965EA813F0F4FD07
:10A5A0000020CDF854901890F7E323F01FFE18BF59
:10A5B0004FF00D0B419849468DF828B3FFF7D5BBF6
:10A5C000DDF808B112208DF82803184623F036FC78
:10A5D000CAA80DF5E87890E87C004146DFF8A00EA7
:10A5E0007CC11CF0CDFB23F073F81CF031FDFEF7AD
:10A5F00002BB00BF00204E0000C409006300000041
:10A600008100000080000000030004002100000021
:10A61000DDE9751274A81AF081FD23F036FA00F016
:10A620000382769A74A81AF05DFD76999DF8D08120
:10A63000002900F0B18222F0B4FDC5909DF87C01A4
:10A64000779A8DF8180374A81AF04CFD76999DF846
:10A65000D001002900F09C82419022F0A2FDCA9016
:10A660009DF87C01779A8DF82C0374A81AF03AFDB6
:10A6700076999DF8D001002900F08A82359022F069
:10A6800090FD23F068FD74A81AF072FD75990029F9
:10A690007DD0BDF8D001769A2F9074A81AF068FD8D
:10A6A0007599002973D0769ABDF8D0B174A81AF0C4
:10A6B0005FFD759900296AD0BDF8D001769A2D907A
:10A6C00074A81AF08BFD23F0DFFD3FF484A9C5992F
:10A6D00048919DF818138DF82411CA99C2919DF8DC
:10A6E0002C138DF80C134C9945919DF83411489A10
:10A6F0008DF81811769974929DF8242100298DF80F
:10A70000D421C29ACDE92886CDE92A545E929DF8DB
:10A710000C23DDE91D18DDE91B53DDE919C4DDE972
:10A72000226E8DF87C21459ACDF83CB04FF0020B9B
:10A73000CDF8B0904FF000094C929DF818218DF89B
:10A74000342140F034829DF8D4118DF82C13749983
:10A75000CA915E99C5919DF87C118DF818134C999A
:10A76000DDF8AC9048919DF834118DF824114FEA32
:10A770001928DDE92812419B359D2F9CDDF83CE02E
:10A78000DDE92C6CDDF8A8B020920E900FE29DF868
:10A79000D09102E29DF8D0012044DDF8408023F002
:10A7A00048FD4FF0FF090446B9F1FF0F00F05C8649
:10A7B0002190E0B240EA032428061493CDE912C6A2
:10A7C0000CD0DFF8E00C1CF0DBFA23F043FD284648
:10A7D00011951AF06DFA1CF03BFC22E0DAF80C003F
:10A7E0000021119143F608528DF8D291234640681A
:10A7F0007791E8498DF8D1C101EA4621114443F629
:10A800000952B1FBF2F17691310CADF8D31105216B
:10A810008DF8D011D0E9021274A800905EA813F050
:10A82000B3FCCDF84080B8E202203146749058461F
:10A8300022F090FB4CAE94E0FE2059468DF8780152
:10A84000304622F087FB74AED8E03598CDE9483524
:10A85000CDE94A409BF86E0374AD48A9002800F08A
:10A86000E5802846F7F776FE23F00EFD00F0228102
:10A87000691C5EAD3590482222F072FE879E4CAC7A
:10A880002946482223F0DDFCDFF83C2C20463146E7
:10A8900016F07BFC22F0DDFDDFF8301C13F02EFFFC
:10A8A0000D46D9E90412DFF8283C0446C2A813F08B
:10A8B00046FFDDE9C2602990204621F07DFB3599F5
:10A8C000002940F04A83002800F047839BF860038A
:10A8D000012840F0E682BBF86513DBF8610301F55F
:10A8E0008031E9E29DF8D3118DF83211BDF8D11114
:10A8F000ADF83011DDE97735DDE9754265E0DFF867
:10A90000F40B2646BDF836411CF03AFA20461AF000
:10A9100089F91CF09DFB22F0EDFF81B240462246F2
:10A9200013F0BAFB22F0E6FF359961914199CDE928
:10A930005F565E91D9E902125EAB009374AC83B2AC
:10A94000204613F0E7FB23F09BF83EF4ADADCAA818
:10A950000130611C62E074A823F0F6FA2A9922F013
:10A9600024FE01205E901C208DF87C014CA874A967
:10A970005EAA10F019FBBDF834B14C9800287EF4A3
:10A98000B9ACDDE94E35DDE95041002B7EF4D0ACA9
:10A9900015208DF8280300F057BC01218DF82913EC
:10A9A000C00718BF4FF00D0BFFF7DBB90A9923F072
:10A9B00020FB0A18A3E52046FBF742F81520002CDF
:10A9C00008BFFF20079B04AD34CDD9F800100793D2
:10A9D0000131C9F80010BDF83011FE28ADF8791129
:10A9E0009DF8321161938DF87B11CDE95F4204A986
:10A9F00034C162958DF8780108BF46461C201322A9
:10AA00008DF8D00116F801BB4CA8314638F0A1FAF8
:10AA1000BBF1FF0F04D0CAA84CA9013022F061FDA0
:10AA20008DF828B3FEF774BCB146B6E02846F7F7B8
:10AA300091FD9DF8D041FF2C3CD0691C5EAD4822B1
:10AA400022F08EFD35942946879E4CAC482223F097
:10AA5000F8FBDFF8802A2046314616F096FB22F0FC
:10AA6000F8FCDFF8741A359E13F048FE0D46D9E95C
:10AA70000412DFF8683A0446C2A813F060FEC298D8
:10AA80002990C3982890204621F096FA0A2E40F08B
:10AA90003F83002800F03C839BF860032F9501283A
:10AAA00040F0D582BBF86513DBF8610374AD01F5A6
:10AAB0008031D6E25EA8291DC41C142222F049FD73
:10AAC000CAA82146142238F044FA6CE34FEA19224E
:10AAD0004C463346454674AE37E52198779A00F4E4
:10AAE0007F40012A7FF659AE769902232190009586
:10AAF00074A81AF0C9FA779A5AB174980123769912
:10AB00000688009574A81AF0BFFA779A012A00F215
:10AB1000CA82DDF84080219841E622F0EBFE22F067
:10AB200060FB00283FF4E1AB0C46012180F876136E
:10AB300000F54E701CF052FE22F0A5FDFFF7D5BBCC
:10AB400022F0D8FE21460446359861904198CDE91F
:10AB50005F515E90D9E90212CAA8DFF8943921F05A
:10AB600093FB4FF45E70DDE9CA125043A2B2002895
:10AB700000F0778191F85C33022B04D9B1F8583397
:10AB80009A4200F0AF8101F55E71A0F55E70EEE7CC
:10AB9000814602E000FEFF01C146DDE91D184FF0CD
:10ABA000020BDDE91B53DDE919C4DDE9226E9DF8D6
:10ABB0002C03BBF1020F8DF80C03CA98C290C59804
:10ABC000209A45909DF818038DF8180148987290C6
:10ABD0009DF824018DF8CC0100F01B84C298CAF8BE
:10ABE0002F01749045985E909DF818018DF87C01B6
:10ABF00072984C909DF8CC018DF834010E988AF82B
:10AC000048015E98CAF835019DF87C018AF839013F
:10AC10004C981D918AF82E119DF80C13CAF83B012F
:10AC20009DF834018AF833118AF83F01BAF83201ED
:10AC30001C938AF83431DF4BADF83401DAF82E0179
:10AC40008AF8472120928DF83621A2B28DF8D411CE
:10AC500000214C9043F60850E2FB03018AF82C9146
:10AC60008AF82D8143F609520023CDF878801B9590
:10AC70008AF83A5100258AF849B122968AF8466145
:10AC80006646AAF844C1AAF842E1AAF840411A94DB
:10AC900043F60854BAF82C81DAF80C90CDF88CE021
:10ACA00038F064F9C44A0023CDE97401B0B2002140
:10ACB0001996E0FB024143F60952204638F056F956
:10ACC000339ACDE976012398ADF8E00190881168B8
:10ACD00008431FBF9088ADF818031068C59011464F
:10ACE00018BF012551F8060F8A8874AB10430BF08A
:10ACF00001024FF000001FBF8888ADF82C030868E0
:10AD0000CA9018BF0120C5998DF87F01CA98CDF867
:10AD10007911BDF818136090BDF82C038DF87851A7
:10AD2000ADF87D11ADF88401D9F804005EA9CDE934
:10AD30000023424602914CAB229912F0B7F800284A
:10AD40007EF4B2AB33991420329BDDE9302C81F8CC
:10AD500025000020DDF808B12E9D3F9C8AF85A019D
:10AD6000BAF82C01A1F82300DAF80C00CAF8500157
:10AD70003F940AF5A6712E95CDE931C374A830929F
:10AD8000FDF7C0FA9DF8D001FD2818D0DAF80C00C4
:10AD9000406800F5BA6010F0A4F8DAF80C500AF137
:10ADA00028044FF4817123F04FFA286800218AF8B3
:10ADB00058110AF5AC78CAE94B04FDF77BBC3C9905
:10ADC000FD20087005208AF82A010DF54F7D22F03C
:10ADD00069BB28893591002879D001382881B5F9D7
:10ADE0000A00012190FA51F005F59C716881D5F8AF
:10ADF0003801002800F0E2800E462046414614F05B
:10AE00000DFE74AC02460B463146204611F084FE1E
:10AE10007498002800F0328104F1040CCAA99CE85F
:10AE20005D005DC1284611F0FFFFDFF8CC1609F583
:10AE3000AD601FF047FB30300C461CF0CFFC2068A3
:10AE400035990130206022F0B0FB41982F999DF890
:10AE5000284322F07FF8DDF808B1FF2C7FF4B8AB6F
:10AE60009BE7CC9822F0F0FC419822F0E7FF4FF0EE
:10AE7000140BD5E522F03EFD359961914199CDE95C
:10AE80005F545E91D9E902125EAB009383B274A85D
:10AE900013F040F923F0F8F93EF406AB4FF0160B2F
:10AEA000BEE5A168C8074FF0050000F04181E268E7
:10AEB000080A110A40EA026023F060F92896012886
:10AEC000ADF8C4112F9529D122F017FD28E0DFF845
:10AED00040061BF055FF584619F0A4FE1CF0B8F8C8
:10AEE0001624A7E074A85EAA12F0C8F9749C4FF06B
:10AEF000FF0B2CB17599204622F02CF84FF0160B61
:10AF0000CC9822F0A1FC002C3EF4CEAA88E5DFF814
:10AF100078351146002022461BF0EAF823F022F98A
:10AF2000729074AE94F8E83200254FF47020CDE9A9
:10AF3000000570A906F1D00072AA20F0A5FD02203C
:10AF400031468DF8980204F120004FF494728DF888
:10AF5000D05137F0A9F92F9D289E94F83E0159460B
:10AF6000023818BF04F12000F7F7D0FA8446152004
:10AF7000BCF1000F00F0DC809CF8C820022A40F0F1
:10AF8000D78009F544707E902998CDE97660D9E0A4
:10AF900023F02CF93046214618BF4FF00D0B8DF8E9
:10AFA00028B321F0D7FFFEF7DEBEDFF8E43422F04D
:10AFB00029FC00BF00C4090000204E002B91204650
:10AFC000414614F02BFD0246DFF8300500900B4699
:10AFD00074A811461A4602230FF0D4FF7598002872
:10AFE00000F0478201282D9400F04582749829468C
:10AFF000B5F852310288DFF81005009074A82C9241
:10B0000011F026FF9DF8D041FF2C00F04281DFF8BF
:10B01000FC1409F5AD601FF055FA303022F057FCF2
:10B020002868132201302860CAA874A901300131B0
:10B0300037F08FFF359922F0B8FA41982F998DF8A3
:10B04000284321F087FFDDF808B1FFF7C1BAA068F7
:10B0500074ADC10700F01A81E168000A40EA01609E
:10B06000090A23F08BF8ADF8C411012832D122F07F
:10B0700044FC31E04FF0160BFEF773BE76980028C3
:10B0800000F03C8104F1080C5F995EAA9CE859002D
:10B0900059C20020FAF7D4FC359901245E980028A3
:10B0A0003EF45AAD10E174980223769990F800802E
:10B0B000009574A819F0E8FF7798002800F0218126
:10B0C0002046DDF8408000244FF0FF0923F0B1F85E
:10B0D000FFF76ABB23F046F8729040F6661094F8CA
:10B0E000E8324FF0C071CDE9001070A905F1D00031
:10B0F00072AA20F0C9FC002029468DF898024FF46E
:10B1000094728DF8D00104F1200037F0CDF82F9D16
:10B1100094F83E015946023818BF04F12000F7F7B1
:10B12000F5F920B1844690F8C800022803D1152013
:10B130008DF8280332E009F544707E9028987790C6
:10B14000299876902A98ADF8100204F5287080901E
:10B1500004F52070CDF808B2CDF804827F90D4E9D0
:10B1600000027490759274A8DDF8B4E010302F9549
:10B170002A949EE87E007EC02A992F9D01F1080046
:10B18000839001F5A4702B99009174A9CDE9011069
:10B19000CAA8359A61462C9BF9F770FEC49822F034
:10B1A00090FA22F0A1FACE4909F1180013F0A6FA9C
:10B1B00006460C4620F000FF18B106F538701CF06A
:10B1C0000DFB9DF82853FF2D42D020680DF54A79DC
:10B1D00041465A46013020605EAE4B463046F7F796
:10B1E00043FA9DF878010DF5E878FF280CD0AC46BD
:10B1F00096E83E0040463EC06546BA481BF0C0FD9A
:10B2000022F066FA1BF024FF09F10104C5AE1322F7
:10B210003046214637F09DFE4198314613228DF885
:10B22000D05137F096FEB0481BF0AAFD22F050FA3C
:10B230001BF00EFF4798132222F006FB20463146F2
:10B2400037F087FE8DF82853DDF808B1FDF7D3BC41
:10B25000DDF808B196F83E01022811D01CF0D6F8AE
:10B260004FF4702200231CF083FBC6E94801032041
:10B27000ADF8D0015EA809F5447174AA1FF0C8F8B2
:10B2800022F001FA479822F0DFFA86E505202F9D8B
:10B290004EE72D9CF922A11C2046B4F8009037F00F
:10B2A0003FFD2C9BA8F10200A4F8F99099B28842C6
:10B2B0003CD1CDE9604000245F992F985F90419880
:10B2C0005E900020FAF7BCFB74A805F118015EAA95
:10B2D00012F016F8749800B3DDE97501FAF7B0FBC7
:10B2E00035992F9DDDE9413B22F05FF91620002CB6
:10B2F0008DF828037FF469A9FFF76AB93599FEF73D
:10B300002BBC7498C446DDF84080230A419D008818
:10B3100046EA00462046FFF747BA3599DDF808B1FE
:10B3200022F043F9002C7EF41BAC36E52F995A46E7
:10B330004D9141994E944C91CDE9006074AE2B999A
:10B34000304611F0B1FB9DF8D041FF2C1DD0CAA8AA
:10B35000711C013022F0C5F8359922F026F98DF8DC
:10B36000284370E6429819F0F3FE359983B2CD91E7
:10B370002D99CDE9CB514199CA91D9E90212009496
:10B3800074A812F0C7FEFEF78FB83599FEF78AB899
:10B390003C4800E03D481BF0FFFC1BF0A7FD3D488A
:10B3A0001BF0EEFC002009E00024464803E0344690
:10B3B00000E01C4638481BF0E3FC20461FF0E2FF8B
:10B3C0001BF046FE1BF092FD0D9922F012FE0C18A8
:10B3D0003648F0E70B9922F00CFE0C182F48EAE7EC
:10B3E00009989DF8D01120F0FF0044182C48E2E79E
:10B3F0009DF8D09122E09DF8D0610C9820F0FF00DC
:10B4000084192B48D7E79DF8D0010CE09DF8D19125
:10B4100014E02A4819E00024DAE70024F1E74FF0AD
:10B4200000090BE000201F9023481BF0A9FC1F9887
:10B43000C4E72048BFE7A94600E0B1469DF81803DD
:10B440008DF87C01C5985E901D481BF099FC48461C
:10B45000B4E70024CAE7099800F47F44C6E70998D6
:10B4600020F0FF008419C1E70F48A4E71F4A21F02C
:10B47000B4FE244AFBE7224A21F0B0FF7700000027
:10B4800061000000AB000000D8C00400AC00000068
:10B4900098A704000B010000FE0000000A01000054
:10B4A0000201000076000000080100000401000015
:10B4B0000301000009010000000100000501000077
:10B4C00001010000060100005C5404006C540400FB
:10B4D0007C5404002C5404003C5404004C540400DC
:10B4E000BC540400D1000000CC0000008C9D04007E
:10B4F000FC9E040027000000709C0400409C040097
:10B50000609C0400509C0400809D040098900400FE
:10B510002900000091F829200AB10120704780B568
:10B520006F4601F1100200F51071104615F094FC01
:10B5300080F0010080BDD4D4F0B503AF2DE9000F39
:10B54000ADF54F7D064696A800F10109BEA800F1B1
:10B55000060B91F835000D469046DFE810F0060026
:10B56000DB071C081700490077000020D5E90B23F2
:10B5700085F8340085F88800D5E90201C5E90001A5
:10B58000C5E91013C5E90E20C5E9042317AC05F180
:10B59000380120460AF02EF81A98023004D1FD2016
:10B5A0003070032000F067BF0120B64685F83400F4
:10B5B00005F11800AC4694E86E006EC06546DCF8F4
:10B5C0002410DCF818A0481C08BFBAF1020F05D0FF
:10B5D0002B6AAC6AE88BB5F81C804DE000207646FB
:10B5E00085F86400D5E900012A692964C5E90E20BF
:10B5F00005F138045AA84246214609F00FFDDDF84E
:10B6000068A11AF1020004D1FD203070042000F07E
:10B6100032BFDDE95B8014902046FAF791FE1AF103
:10B62000010008D00020159685F834004FEA184034
:10B63000169500F0CABE0020D5E9042385F88800DD
:10B64000D5E90001C5E91013C5E90E2005F138015F
:10B650005AA809F0CFFF5D99881C04D1FD203070F5
:10B66000052000F008BFBDF86E01B646BDF86C813C
:10B67000DDF868A15C9B5E9C0022CDE915E50229FE
:10B6800085F8342004D04A1C05D1149300F09DBEE7
:10B69000FF2500F09BBEC8070FD16A684245C0F085
:10B6A000A38529685AA842461EF06EFA5A9818B126
:10B6B000DDE95B8000F085BE5C9CD5E90012204688
:10B6C000DFF8DC3ECDF850901FF0EDFC0A46A8EB09
:10B6D0000401914200F27585589008445990BEA823
:10B6E00058AC214610F092FD22F0C9FB03D19DF821
:10B6F000F94200F006BEBF980D2880F05E8690A942
:10B700000DF5127A01F1030996A9CD1D0AF105087C
:10B71000DFE810F00D00F8009800D4005300140189
:10B720002801E8007C016B004F0132005F0002201D
:10B73000CDE99F409FA8FCF797FB0C46C00740F05F
:10B74000E085E0B2022800F0DB84BEA89FA9FCF7E8
:10B750009FFBBE98149E022800F0EC80002800F0A9
:10B76000CF84BF9804F001040990554620F0FF00F3
:10B7700007900494002036E20420CDE9AD40ADA846
:10B78000FCF7D3FA21F0E9FF144600F0AD85C007BD
:10B790000E920FD0ADA8FCF767FB0C46C00740F037
:10B7A000A385E0B202281CBFDDF8B892B9F1000F02
:10B7B00040F054830E2400F097BDBEA858A910F0A5
:10B7C00025FD22F05CFB40F0478155469DF8F9428B
:10B7D00053E3DDE95801884200F073810078554653
:10B7E0001290002009900C2076E00220CDE99D40C7
:10B7F000BEA89DA9FCF745FADDE9BE019DF80063EE
:10B8000080F00202114300F0D284C0071CBF9E9852
:10B81000002800F020829D990DF52D780496404671
:10B82000BDF80693DDF802438B469DF8016310F0E6
:10B83000EDFC9DF8B402012840F04B829DF8B56202
:10B8400000F0B5BC0620CDE99F409FA8FCF73CFB6B
:10B8500021F07AFF18BF00F07F4111444FEA1144F4
:10B8600000F04F85C00700F04B84BEA89FA9D146C9
:10B87000A246FCF706FADDE9BE019DF8004380F020
:10B880000202114300F03D85C00700F03984BDF885
:10B8900006031390DDF802B39DF801539FA8FCF74F
:10B8A00013FB21F051FF18BF00F07F4111444FEA14
:10B8B000114640F07E82344600F023BD58A8FBF7C5
:10B8C00037FD0C46C00740F01C8504F001001290C3
:10B8D00000205546099003200890149E00200790F0
:10B8E00000F031BD0220BC94BD90BEAD214628467B
:10B8F00010F08CFC22F0C3FA40F0B78055469DF85A
:10B90000F912DBE10220CDE99F409FA8FCF70DFA78
:10B91000C0F30724C1B2022900F0F384C00700F08D
:10B92000EF83BEA89FA9FCF7B3FABE98149E022825
:10B9300040F04E819DF8FC4200F0E3BCBEA858A93F
:10B940005546FBF733FE9DF8F8029DF8F912FF28E3
:10B9500000F0BB80DDF8FBA205220F919DF8FA12E2
:10B960000391B6E00220CDE9BE409FA8BEA9FCF736
:10B970005AFA9DF87C6255469DF87D42FE2E13D002
:10B98000FF2E00F07E859DF87E02DDF87FA20390F9
:10B990009FA8BEA9FCF747FA9DF87C229DF87D027E
:10B9A000FE2A40F022810446FF229AA94FF0000AA5
:10B9B00033E10320CDE9BE40BEA8FCF7B6F921F083
:10B9C00043FD344600F09D84C00700F09983BEA873
:10B9D000FCF74AFA0C46C00740F09384E0B20F9699
:10B9E000022800F08D83149EBF98002800F0888301
:10B9F000BE999FA8FBF7A6FB9DF87D129DF87C02DF
:10BA0000012840F091820C4600F07BBC0720CDE974
:10BA1000BE409FA8BEA9FCF706FA9DF87C025546D9
:10BA20009DF87D12FE280F9000F00E82FF280391F2
:10BA300000F0AF859DF882020490DDF87E629FA839
:10BA4000BEA9FCF7F0F99DF87C429DF87DA2FE2C82
:10BA500040F0E8805146F7E1DDE95860BF9C801B6B
:10BA6000A0423CD25546042407E2BF982E1D002573
:10BA7000CDE9AD409DA800F10208ADAC9DA82146DE
:10BA8000FCF7D1F99DF874029DF87512FE2800F0BC
:10BA9000E48098F80420FF288DF87022D8F8002060
:10BAA0009B9200F0DC80042D00F00681307001359F
:10BAB0009B98C6F802009DF870027170B07107364D
:10BAC000DCE74FF0020800F023BC0846FF224FF0ED
:10BAD000000A8DF86802149ECDF824A0F8E0002E2C
:10BAE00000F0CA81B4F5807F40F01785F07906F147
:10BAF0000909049006F11701707810220F90B078B0
:10BB00000390F07B1390307A1290D9F800001190D6
:10BB1000D9F807001090B9F804000990B9F80B00A3
:10BB2000089099F80D00D6F803B03478079092A8E1
:10BB300037F00FFAD6F8310006F138018E90432223
:10BB4000B6F83500ADF83C02B08D0B9096F8300099
:10BB5000019096F83700029096F827000D9096F81D
:10BB60002E000A9096F82F00B9F81FA096F82B80A7
:10BB70000C9099F821907DA837F0EBF996F87B00AE
:10BB800006F17D010E90832296F87C505AA837F07A
:10BB9000E0F9149E04220798ADF840A2DA467073CB
:10BBA0000898A6F80B000998B0801198306010989A
:10BBB000C6F8070012988DF8580213988DF8429233
:10BBC0008DF85F028DF843828DF8F35192AD58E104
:10BBD0000028049400F09482BF985546099020F004
:10BBE000FF00079001200890ADE39DF88212FF2A24
:10BBF0008DF8B812DDF87E12AD91049200F0418408
:10BC00009DF8B81206228DF85D12AD99CDF8591243
:10BC10008DF8686296A90F940446149E0C70CDF8B6
:10BC200024A055E09DF88202FF2C8DF8F402DDF887
:10BC30007E021396BC9000F0AC849FA8BEA9FCF7CE
:10BC4000F2F89DF87C929DF87D62B9F1FE0F40F00C
:10BC5000C3803146F8E00E26A9E255462EE0DBF817
:10BC6000070013909BF80D001190BBF80B0009958D
:10BC7000BBF804A0DBF800600DF51F7B1090BEA898
:10BC80009DF8FC12143004919DF80413129159464A
:10BC90009DF8FD4290E82C002CC1BEA8BCA9FCF781
:10BCA000C2F89DF8F8829DF8F912B8F1FE0F40F045
:10BCB000ED80149E92AD02E055460E21149E0020A8
:10BCC000FF2209900DF51A794FF0000A89F800104B
:10BCD00013E3CDE90F9408F10408DDF8B8924FF0B2
:10BCE000000ACDE91165CDF84CB0B9F1000F1CD0B8
:10BCF00002209B46BD901398BC90BCA8FCF7E4F8CA
:10BD00000446000CC5B2A1B202290AD0E0074BD00C
:10BD1000BCA8FBF7F9FFC2B2C0F30F21FE2A09D17C
:10BD2000CDB2FF209BAB00220DE0FF20BBAA4FF05D
:10BD300000091FE0FF2A37D08DF86C02C0F30740DE
:10BD4000A7F16A03220E1870A9F101099DF86C028F
:10BD5000FF2809D08DF8EC0245EA022617F86A0C94
:10BD6000A7F16E020B4605E026F0FF00BBAA4619BC
:10BD7000FE205B4610709DF8EC02FE2800F08481E6
:10BD8000FF2800F0F480BAF1080F00F07C8117F86A
:10BD90006E1C0AF1010A88F8041088F8033088F84C
:10BDA000020028F8066BA0E7FF209BAB00220E25BF
:10BDB000BAE7C007009500F0A3819FA8FCF784F8BC
:10BDC00021F0C2FC18BF00F07F4111444FEA114836
:10BDD00040F0BB80444694E29DF88202B9F1FF0F27
:10BDE0008DF8B802DDF87E02AD9000F0D283BEA8D7
:10BDF000FBF70AFF4FEA102B1290C0B259460228F7
:10BE000022D01298C00700F0C483BEA8FBF7FCFE46
:10BE1000010A1190C0B21091022815D01198C007E4
:10BE200000F0B783BEA8FBF780FF21F096FC0E92CE
:10BE3000114609D0C00700F0AB83BEA8FCF714F888
:10BE400092ADC00700F0D581FF220DF51A784FF0B2
:10BE5000000A88F80010CDF824A0B0E1AD9E9F96AE
:10BE6000BEA8314610F003FA9DF8F802002800F051
:10BE70000E819DF8F94237E25546FF224FF0000A45
:10BE8000149E8DF86842CDF824A036E2CDE90E1458
:10BE90003446149E92ADB8F1FF0F00F04583BDF813
:10BEA000FD020C909DF8FC020D90BDF8FA020B907B
:10BEB000BCA8FBF787FEC2B2C0F30721FF2A3FF4FC
:10BEC000FEAE022A00F03083E24AD446099B00F01D
:10BED0000100346003EA020ADDE91032A6F804C06A
:10BEE00043EA0242A6F80B20120C139B72730F9ABE
:10BEF0008DF85822129A8DF85F222A46C6F807302C
:10BF00009BE8680068C292AD0C9AADF840220B9A8B
:10BF1000149EADF856220E9A8DF8552207228DF800
:10BF200054828DF84202D1E603915546DDF87E1227
:10BF3000099121F0FF01079104F0010112910A21FA
:10BF40009DF8820208910490FDE1C00700F0D880BE
:10BF50009FA8FBF7B9FF21F0F7FB18BF00F07F4166
:10BF600011444FEA114540F0A2802C46C9E10DF57D
:10BF70003E78CDF8B4A208F10205ADA9342221F033
:10BF8000EFFA9FAE2946B41C342221F0E2FA404673
:10BF90002146342236F0DDFFDDF8F89206F1040E7A
:10BFA00008F1040B4FF0000A4FF0000C0020CDF810
:10BFB0002CA3CDF87CA2CC450ED20CEB4C010CF19D
:10BFC000010C3BF811000BEB41010A794988CDF8CF
:10BFD0002CC341EA024101E041F0FF01CA431206CD
:10BFE00000F09F8092AA002800F0DC80DDF87CA29F
:10BFF000C1F3074673460AEB4A020EEB42045200B5
:10C00000B2B1063A33F8065B8542F9D113F8044C15
:10C01000A7F16A0813F8035C13F8022C03F8026C0A
:10C02000FF2623F8041C8DF8F0428DF86C5210E0C6
:10C03000C1F30F22BAF1070F0DD826710AF1010AD8
:10C04000E270FF22A1700DF53C782080FF26CDF82C
:10C050007CA2ADAC04E08DF8B4129BAC0DF53C783D
:10C06000267088F800209DF8B4229DF86C62FF2AA3
:10C0700003D19DF8F032FE2B9DD10DF5127AFF2AE7
:10C0800018BF0E2690E00E260DF5127A8FE00220E2
:10C090005546A090C09804903046DDE9C18BDDF88C
:10C0A0000CA314F0CBFFC0072CD00C4637E0C00720
:10C0B00026D09FA8FBF708FF21F046FB18BF00F031
:10C0C0007F4111444FEA11413FF49DACC00717D0A6
:10C0D0000020ADF865520990022008904D46ADF859
:10C0E00061620494ADF86382ADF85FA2ADF84812C6
:10C0F000CDF818A0149E139CDDF80090FFF7EEBB5E
:10C100000E24FEE01391BEA83146FBF71BF89DF804
:10C11000F8029DF8F91201280D9157D10D9CAA46FD
:10C12000E2E0BEA8F9F7A8FCDDF87D020DF51F7C62
:10C1300098900CF10800A099CDF8631292AE90E8A7
:10C140003C0031463CC10B220CF12901DDF895027F
:10C1500035469090DDF89E028E90BDF8A202ADF8B3
:10C160003C02BDF899020B909DF894020D909DF849
:10C170009B020A909DF89C020C909DF89D020190F4
:10C180009DF8A40202907DA836F0E3FE14980922DF
:10C190000F995646818010990160129911988DF877
:10C1A000580207E00E269246BEA8F9F765FC5546F0
:10C1B000FF229AA94FF0000A00200E700990149EE9
:10C1C0009BE0DFF8E433002019F092FF9DF8FE02B7
:10C1D0001190DDF8FA0210903046129614F02EFFFE
:10C1E000C00739D00C467DE0EC4B0020414619F0E9
:10C1F0007FFFC8B2022800F0CB819DF8F43201F035
:10C2000001011298119A8DF85E32000CBC9B120C41
:10C21000CDF85A32AD9BCDF861329DF8B8328DF829
:10C2200068121099ADF84B2208228DF84A128DF849
:10C2300065328DF866B28DF860628DF85F928DF888
:10C2400059A28DF85842ADF848020E9992ADDDF82A
:10C250004CA0FEE500FFFF7FC8B200B301282CD13F
:10C26000BEA8129910F003F821F009FE38D0DDE9DC
:10C27000C050DDE9C22140EA01032E4615432B439D
:10C2800024D0130A0D0A43EA01630993030A43EA1F
:10C2900002620A92320A42EA00600B9005E0002036
:10C2A00000260B900025CDE909009FA8FBF7DCFDD7
:10C2B000C0070F9103D00F9C14E0092412E00F98DF
:10C2C000C0B202281CBFA098002801D10E2409E0AA
:10C2D0009F99BEA80FF09AFF21F0D1FD40F0D480C5
:10C2E0009DF8F9420DF5127A9AA85546FF22149E40
:10C2F000047000204FF0000A09909DF86842FF2A60
:10C3000007D1A01EC0B20B2858D2A64931F8108020
:10C3100058E09DF843129DF842021191BDF8401279
:10C32000129441EA004005902AF0FF0007909DF822
:10C33000F30110909DF85F020892B488D6F800B01F
:10C340009DF858920690D6F8070096F80DA0B6F81A
:10C350000B802E46139054A896E82E002EC0432240
:10C36000BDF83C02ADF84C018E98529041A87DA9D1
:10C3700036F04AFD1EA85AA98A2236F045FD0498D7
:10C3800048EA0A418DF870000998079AC0B28DF802
:10C390007190CDF872B042EA000A4FEA1B40DDF816
:10C3A000708040EA0440089D039CDDE901EBDDE973
:10C3B00005C314904FEA184008E00E244FF003081C
:10C3C000E0B2149000204FF0060AFE25DDF85490EC
:10C3D000C8EA0040139A09F11106C9E901A03260C8
:10C3E0000F9A149889F80220129AC9F80C00080CC8
:10C3F000B07109F1180089F8103089F8034089F804
:10C40000012089F80050B18054A991E83C003CC05B
:10C4100043224FEA1C40B0760D9889F828000C980A
:10C4200089F830000A9889F82F000B98A9F82D0098
:10C43000119889F82C005298C9F83200BDF84C01C7
:10C44000A9F8360009F13900A6F818C089F831E0DA
:10C4500089F838B041A936F07CFD10988A2289F815
:10C460007D000E9889F87C0009F17E001EA936F047
:10C4700070FD169D012085F835000DF54F7D21F0EA
:10C4800011B80E24FFF790BABF980C900328BFF4A0
:10C490001DAFB9F1010F3FF419AFBEA81299814643
:10C4A0000FF0B4FE21F0EBFC3FF41AAF1398119992
:10C4B00041EA002013900498000A40EA08601190B5
:10C4C0004FEA182040EA0B684FEA1B2040EA0A6B4B
:10C4D0000F984FEA1A2A00F001000190BF98A0902F
:10C4E00012989F90002002909FA8FBF71EFCC0F3BB
:10C4F0000721C2B2022A3FF475AEC00717D00298D6
:10C5000040283FF4E3AE029A09EB020001320292A6
:10C510000171E9E720481AF046FBFF220E244FF094
:10C52000000A149EFFF752BB0E21FFF7C8BB02980A
:10C5300009F10101BE907DA8432236F00AFD119851
:10C5400004F0010496900B220998CDF851020A9844
:10C55000CDF84D020B98CDF84902109890904FEA13
:10C560001A408DF86602280C8DF8570213988DF842
:10C570004862ADF8440280B2149E0B900DF2F310A5
:10C58000CDE9978BADF864A2ADF8555292ADAFE608
:10C5900092AD0E2158E4FEDE7C8B04008C8B0400EF
:10C5A0009C8B040042E00400AC8B0400F0B503AFA8
:10C5B0002DE9FE0F054691F835000C469146DFE85F
:10C5C00000F00385881A4065D4E902120020DFF8E4
:10C5D00008C1D4E90A3684F8340084F88800206B56
:10C5E000C4E90012C4E90E31C4E91026C4E9120CF2
:10C5F000C4E90436A06104F1380801AE4A46304669
:10C60000414600F06BF80198023003D121F010F997
:10C61000032057E0012084F8340004F11C0096E860
:10C620000E000EC04046F9F70BFDE669022E41D11F
:10C630000020226984F86400D4E900012164C4E97F
:10C640000E2004F1380804A84A46414608F0E6FCEA
:10C65000049EB01C03D121F0EBF8042032E04046E8
:10C66000DDE905ABF9F76CFE701C25D1002004F163
:10C67000100384F88800D4E900600ECBC4E90E16DC
:10C6800004F14001DFF850C081E80D1004F13808D2
:10C6900004A84A46414600F021F8049EB01C03D18C
:10C6A00021F0C6F805200DE04046DDE905ABF9F7BD
:10C6B000C7FC01E0D4E908AB002085E8400C84F811
:10C6C0003400012084F8350020F01FBE01481AF024
:10C6D0006AFAFEDECC8B0400BC8B0400F0B503AF1D
:10C6E0002DE9000F89B002900C4691F85000049299
:10C6F000DFE810F00E005D0069008300AD00290046
:10C700001B003A00A202BA02DF02FA02E500FD00B5
:10C7100094E86F0004F1180CACE86F00017B01296C
:10C7200004BF0021017300204EE094F84C0104F195
:10C73000540A04F5A67830B3032800F05683DFF8D6
:10C740003C071AF030FA264616F8DC0F30B30328FF
:10C7500031D1A2461AF8D80F30B3032800F09F81D8
:10C76000DFF81C071AF01FFAA14619F8640FA9F1A7
:10C7700010010391DFE810F0050023002700EF010E
:10C780002802A06DDFE1A06DD4E91756D4F86C90B3
:10C790000090606E0190A06E03900EE304F1540AC5
:10C7A000226E9AE809042DE1D4E91D1036E1DFF884
:10C7B000D8061AF0F8F9DFF8CC061AF0F4F9DFF829
:10C7C000B8061AF0F0F9FEDEA1694FF0000B206305
:10C7D000D1E901239A1A38BF5A46130B0125012BC0
:10C7E00088BF150BA84200F02D814FF48070C4F86B
:10C7F000D810A4F8DD00C4F864B004F1540105A811
:10C8000004F0E8FE059DA81C00F02081DDE9060883
:10C81000691C40F027814FF0FF310128C4E90D1059
:10C82000C4F83C8042D1A0690023C4F84080D0E91C
:10C8300001126065501A84F8643038BF1846010B45
:10C840000122012988BF020B21F072FCA06504F1CE
:10C85000540105A804F08CFF059DA81C00F0FA8087
:10C860009DF818B0681C40F05382BBF1020F40F0F5
:10C870000281D4E90650236CD4E908216D6805EBE8
:10C88000033303F6FC7A1E1D0B780396DFE803F0F2
:10C89000075B4F5246617258844C804349004FF009
:10C8A000000B002A64D080F800B046E04FF400701E
:10C8B000A4F8DD0000206066A069C4F8D80004F187
:10C8C000540105A804F086FE059DA81C00F0B68062
:10C8D000DDE90608691C40F0C9804FF0000B012813
:10C8E00040F0CB80A06984F864B0C4E9150804F175
:10C8F000540605A8049A314604F0CAFE059DA81CFA
:10C9000000F0AC803046DDF81C8020F070FC681C24
:10C9100000F0FB81B7E04AB30B210DE032B30421F4
:10C920000AE01AB30C233AE002B3092337E0EAB174
:10C93000022101E0D2B1032101704FF0010935E07D
:10C94000A2B107232BE08AB14FF0010980F80090D3
:10C950002CE05AB10523012A037007D04B78022A34
:10C9600043701EBF8B788370032A62D14FF0000B97
:10C9700006250AE0062532B10570012A1EBF4B7854
:10C980004370022A50D14FF0000B4FF0000A64E2CE
:10C99000002AEBD00A2302E0002AE7D00823012A6C
:10C9A0000370E3D049784FF002094170D4E90712CF
:10C9B0004846DFF8D834D4E90A561EF04BFB02464D
:10C9C000F66805A80B462946B047DDE905B81BF116
:10C9D000010054D108EB09024FF0000B6264BBEB7D
:10C9E000124F1ED1B2F57F6F1BD80020264606F8E5
:10C9F000DC0F039B56F8C40C46F8880C46E9213A34
:10CA000046F87C2C214641F86C3F41E902A2002205
:10CA1000C1E901A18A46C8600AF86C2FC4E91F1059
:10CA200034E0A069072516E289784FF00309817088
:10CA3000BCE7C9784FF00409C170B7E720F042FCA9
:10CA40000C2012E281F80CB0012506E220F03AFC3D
:10CA500003200AE220F036FC042006E220F032FC3B
:10CA60000D2002E2C4E90D50C4F83C804FEA102AC0
:10CA70005FFA80FBF1E14FF0000B0225EDE14FF092
:10CA8000000A0625E9E149EA0A4AE6E1D1E900128D
:10CA9000002384F8D530C4F8D000C4E9291204F189
:10CAA000840105A8FBF72CFA0598022800F03B81C9
:10CAB000069D0128DDF8208005D1022D18D1E06FF8
:10CAC0000168043110E0E06F012DD0F8009019D119
:10CAD0004FF6FC7101EA080104315FEA887208BF71
:10CAE0001FFA88F1494408310160D4E91F10CDE7ED
:10CAF0000798012131708AF80010691C40F03C81D0
:10CB0000C14610E0606E012184F8D810A0EB090244
:10CB10000020082A06D322F00302A36E083A9A42A4
:10CB200028BF01203170A169012800F02981A146A8
:10CB300049F8541F0021CDF80C9059F8140CC9F88D
:10CB4000040009F8101F002184F87810616DC4E911
:10CB50001A10C4E9171005A8049A04F1680104F03A
:10CB600097FD059DA81C00F0EE8004F16800C84602
:10CB7000079E20F03CFB49EA0A4A681C02D0C146E5
:10CB8000B0463EE004F1680000264FF0FF35C14694
:10CB9000BBF1010F80F800B031D1E06D04F1C805A0
:10CBA000012101732846202136F037F8D4E9170116
:10CBB0000423426884F8C46002EB0131C4E91B0518
:10CBC00001F6FC71C4E91D3104F16C0B049958465F
:10CBD0000DF0AEFE0646023000F0A38058468846AF
:10CBE000F9F743FC4FF0000B4FF0FF35701C05D0F8
:10CBF0004FEA162A5FFA86FB002502E001E04FF0BB
:10CC0000000B0398012689F80060F9F78FFA681C79
:10CC100040F02381A0690025216C21F03DFA38BF46
:10CC20002846020B012A88BF060B481CB0FBF6F110
:10CC300001FB1600A065A06404F1540105A804F0EE
:10CC400097FD059DA81C00F086809DF818B0681C13
:10CC50005ED10020BBF1020F40F08A80A16C84F805
:10CC60006400A069C4E9150104F1540605A8049AFA
:10CC7000314604F00DFD059DA81C5CD03046DDF862
:10CC80001C8020F0B4FA681C7FF4FDAEA06900257A
:10CC9000A16C21F001FA38BF2846020B0123012ABA
:10CCA00088BF030B481CB0FBF3F101FB1300A06528
:10CCB000E06404F1540105A804F05AFD059DA81C88
:10CCC0004DD09DF818B0681C22D1BBF1020F1CD0CA
:10CCD00004F11802002084F8B40004F1540607CAD5
:10CCE000D4E9123527C6636604F1540905A8049AED
:10CCF000494608F0FBFA059DA81C20D04846DDE90E
:10CD00000668F9F73EFB681C2DD1206B01305BE50E
:10CD10009DF81B00BDF81910DDF81C8041EA004A9F
:10CD20009BE0042010E0032030708AF8000020F01F
:10CD3000C9FA052099E020F0C5FA092095E020F015
:10CD4000C1FA0B2091E00320029989F8000020F03D
:10CD5000DFFC072089E020F0B5FA082085E020F00C
:10CD6000B1FA0A2081E04FEA162A5FFA86FB74E0E6
:10CD700002254FF0000B70E0A91C7FF477AED6E7D8
:10CD800001200873226A666C964272D8A069A24696
:10CD9000D0E901214AF8540F0C300AF10403009045
:10CDA0005AF8385CD04661C300200192CAF81020BE
:10CDB0000391CAE9051908F8F80F28463146D4F856
:10CDC00054B01DF0E7F9214641F8700F002001F141
:10CDD0000C0281F84C0000988E8063C20198C861F3
:10CDE0000398C1F808B0C1E9080904F1780605A85C
:10CDF000049A3146FBF79AF9059DA81C07D10299C0
:10CE0000032088F8000020F083FC06202DE0BDF808
:10CE10001E0004903046BDF81CB0DDF81890F9F7FC
:10CE2000A1F86E1C03D1B4F874B0D4F8709001204E
:10CE300088F800005046F9F789F83EB104984FEAA7
:10CE4000192A4BEA00485FFA89FB06E0A0694FF017
:10CE5000000B4FF0FF3580F80CB002994BEA0A2026
:10CE6000C1E900500120C1F8088084F8500020F08A
:10CE7000FAB9074B20F0C6FCF48E0400BC8904000C
:10CE80000C8B040078930400DC8B0400EC8B040012
:10CE9000FC8B0400F0B503AF4DF8048D84B004465C
:10CEA000007A0D46DFE800F0031C222F120001205B
:10CEB00060722068E06004F110001CF0E1FC207C4E
:10CEC000012809D1464819F067FF10E0207F28B1FA
:10CED000032808D166692CE0606921E0206925E01B
:10CEE0003E4819F060FE3C4819F05DFEFEDE6846E3
:10CEF000212220F08EFCDDE900129DF80800C4E933
:10CF0000061284F8200004F1180029461AF0B6FD34
:10CF100048BB68461CF0B4FC20F092FCE7D00198B6
:10CF20006060002020776072201D2061E668C4E9FF
:10CF3000056002202075F0B2022845D0A069294979
:10CF400000680968C90542D1284911F0D7FB884615
:10CF5000D0F8E41001B3027C42B1D5E90012B83038
:10CF60000EF09AF919E00120032528E0D0E9022308
:10CF700000EBC305C5E90561591CB1F1080318BFF1
:10CF80000B46C3609A4204BF0121017420F022FDC8
:10CF9000E0E815120EF008FA022620F0B0F9F0B21F
:10CFA000022807D1606801252577F8F765FF002082
:10CFB000607204E003200425207701206661257259
:10CFC00004B05DF8048BF0BD094819F027FD064850
:10CFD00019F0E2FE19F08AFFD89704003C8C040097
:10CFE0005C00000004ED00E0B10000005897040070
:10CFF000C0A40400F0B503AF2DE9000F93B00446C0
:10D00000807C0D4604F11408DFE800F0032326338A
:10D01000170001204146E074201D4CC84CC1008817
:10D02000088004F124001CF089FD94F824000128F4
:10D030000BD1784819F0B0FE0FE094F83A0030B107
:10D04000032846D0714819F0AEFDA06A21E060695E
:10D0500036E06F4819F0A7FDFEDE0AA8212220F075
:10D06000D8FBDDE90A129DF83000C4E90C1284F8FF
:10D070003800296804F130001AF000FD002840F063
:10D0800082800AA81CF05AFD9DF828000128E4D0EF
:10D090000B984FF00009206084F8139001A9B8E8BC
:10D0A0004C0001F114004CC0B8F80020028004F1DB
:10D0B00018002222646135F04CFF84F83A90204633
:10D0C000A06104F12C0004F11C014CC84CC1008883
:10D0D000088094F81F800220E077B8F1020F00F07A
:10D0E0008D8004F11C0104F1200B0888ADF8480084
:10D0F00088788DF84A0058460AAE0CC831460CC1F3
:10D1000000880880A069444900680968C90578D189
:10D11000434911F0F3FA8A46D0F8BC1000295DD0DB
:10D12000027C9AB39DF84A100DF138098DF846102B
:10D130009830BDF84810ADF8441049460CCE0CC1EB
:10D1400032880A802968D1E900120EF07BF8DAF8FB
:10D15000000004F11C01042520F07CFC9DF8460031
:10D160008870BDF84400088084F81F80B9E8030087
:10D17000ABE80300B9F80000ABF80000032084F826
:10D180003A00012036E00120032533E0D0F80CC03E
:10D19000BDF848500CEB8C0300EB830303F1180E31
:10D1A0009D829DF84A509D7583F8178024CEAEE885
:10D1B000240059620CF101010A1F18BF0A46318888
:10D1C000AEF800108168C260914204BF0121017471
:10D1D00020F000FCE0E819121BF02AFEDAF800004B
:10D1E000012520F037FC206884F83A50F8F760FEFB
:10D1F0000020E074A57413B020F027BA094819F094
:10D200000DFC064819F0C8FD19F070FED89704000F
:10D210003C8C04005C00000004ED00E0B100000064
:10D2200058970400C0A40400F0B503AF2DE9000F27
:10D23000A7B00C908B4691F834009246CDF834B0EC
:10D24000DFE810F00500B107E30770004F00DBE9ED
:10D25000071009910BF12801CBF824000BF1100005
:10D2600090E81C001CC10BF13504DBE90001CBE99F
:10D27000020120461F2135F05FFD4FF400610020C0
:10D28000ABF8591140F267629BF828100BF59875BE
:10D29000CBE94C008BF8500101298BF852018BF837
:10D2A00056018BF8540108BF41F69A12CBE9502081
:10D2B000CBE952204FF0010008BF02208BF8580143
:10D2C0008BF85701DFF8F8930220DFE801F0023F06
:10D2D0006279DBF82C600122BBF82A009BF8291048
:10D2E0001AE2594611F89C0FA1F1440C02910A1D53
:10D2F0000192002800F02A85032840F05B875B46F6
:10D3000013F8810F002800F0B281032840F05887FD
:10D31000DBE91950CDE909C3DBE91B8690F80090E1
:10D3200000F03BBDDE460BF590741EF8B40FAEF175
:10D330005C09DFE810F008004B076A07C701B1017C
:10D34000A301DC01E306DBE91B35F9E1DBE90B01B5
:10D35000A7F12A03D94A0DF158090E92022220930F
:10D3600041F60C13CDE91D0109202192ADF87C3066
:10D370008DF870001B920EA81A904FF4C060ADF8A3
:10D38000580040F2C13027F82A0C04208DF86420A0
:10D3900016E09BF829100DF158091B900EAA1A925D
:10D3A00045F25322ADF866200B228DF864204FF42D
:10D3B00080628DF839100021ADF858208DF83810B2
:10D3C0001F2100EB4000CDE924410021059509EB28
:10D3D0008005CDF820A00DF1900B269110AE701CA9
:10D3E00006900A9407954FF002084FF0000AA945ED
:10D3F00000F08B81494611F80C0B0B91DFE810F01F
:10D400000D0083003F005A001F00A400BF007400FD
:10D41000F9003D00DE0010003A004FF4817065E035
:10D42000D9F80840FF2020F062F8C0B2022840F08E
:10D430000F81B9F8021058461CF0C4FFC8E005205F
:10D440001FF0A3FE8400601C1FF09AFEC0B20228E9
:10D4500040F0FE80D9F804504FF00108002C00F095
:10D46000A98020F0F5F8C0B2022840F0F180043C19
:10D470000435F3E799F80100A1E009209FE00320BB
:10D480001FF083FE4400601C1FF07AFEC0B2022829
:10D4900040F0DE80D9F804504FF00009002C00F075
:10D4A000898020F094F8C0B2022840F0D180023C7C
:10D4B0000235F3E704201FF068FE8400601C1FF0B3
:10D4C0005FFEC0B2022840F0C380D9F804504FF08C
:10D4D0000108002C6ED020F0BBF8C0B2022840F04A
:10D4E000B780043C0435F4E740F60220ADF8400074
:10D4F000314699F8010003228DF8420058461EF08B
:10D5000037F9C0B26FE0D9F8080031460222440072
:10D51000601C8DF8400002208DF8410058461EF036
:10D5200027F9C0B2022840F09380D9F804504FF098
:10D530000009002C3ED020F04AF8C0B2022840F08A
:10D540008780023C0235F4E706201FF01EFE05012D
:10D55000681C1FF015FEC0B2022879D1D9F804402A
:10D56000DDF8189035B34846214620F015F820F034
:10D570009CFBC0B202286BD1103D1034F2E70720AB
:10D580001FF003FE0501681C1FF0FAFDC0B202285F
:10D590005ED1D9F80440DDF818905DB148462146C7
:10D5A0001FF0FAFF20F081FBC0B2022850D1103DDD
:10D5B0001034F2E70A9C0220079D14E00820D9F8F5
:10D5C000084031468DF841000222601C1FF0D8FD52
:10D5D000C0B202283CD1D9F80410584622461EF0A9
:10D5E000C7F8C0B20A9CDDF82C9002283FF4FBAECD
:10D5F0002EE0D9F8084016201FF079FFC0B20228AB
:10D6000026D18DF840A0B9F80100DDE9258AADF8F2
:10D61000410030460494A8EB0A041CF083FE8C42BF
:10D620001BD301EB0A04249ADFF8080C4346009050
:10D63000504621461CF066FE20F01DFB30461A467F
:10D640001CF07AFE26945846D9F80410049AC6E7CE
:10D65000C00702D04FF00D0801E04FF004080C980D
:10D660001F264FF0010B0021012400F0B4BCDBE9C0
:10D670001D86DBF87C509BF8829086E39BF82001A6
:10D68000CDF828E0DFE810F005009F05C105A202F3
:10D690008500DBF8D85092E25C46CDE90AE914F83F
:10D6A000CF0FA4F11709DFE810F005008E05B005D3
:10D6B00023027C00DBF8BC5009E200BF0F181218EF
:10D6C000ECC10400CDF82C90D94619F8C90FA9F186
:10D6D0001108CDF828E0DFE810F005007E05980578
:10D6E0007A006C009BF8CA00DBE930218FE09BF8E0
:10D6F0002001CDF828E0DFE810F005006605880578
:10D70000D3026D00DBF8D850C3E20022DDF834B05C
:10D71000059D2646DDF820A0D946012309F8582F9B
:10D7200000221F24CE46C9E90332099BC9E90164DE
:10D73000C9E90535A9F8020089F801100EF85C2F37
:10D74000CBE91D3549460BF17C0C984691E87900F0
:10D750000421624679C243469BF87C20CBF8908036
:10D76000CDF82C9022B1052A02D0062A3DD10821FD
:10D770000CEB0100CDF820A04168032906D3006816
:10D780000178022904BF417801292BD04FF0050808
:10D79000AEE29BF82C01C00740F02085DBE949048C
:10D7A00019E29BF8E800C00740F01B85DBE938046C
:10D7B000AEE15D46CDF820A015F8D90F002800F0A5
:10D7C0009580032840F01E85DBE9330A42E0DBF850
:10D7D000CC0025E09BF82C01C00740F00585DBE973
:10D7E000490464E280784007D0D5CBF8943000201B
:10D7F000D946596829F8C90F1A4601F5B761CDF81D
:10D8000028E049F8093CA9F1110849F8051C8BF8F2
:10D81000C800CBF8B810506800F5C060CBF8CC0059
:10D82000DAF8001012F0A6F8002859D000215D4661
:10D8300005F8D91FCDF820A045F81D0C15F8111CCE
:10D8400055F8210C697045F8050CDA460AF8D81F1E
:10D850004AE9030A10F084FF064608980C4620F0B7
:10D86000BEF9304619F0C7FF307C022832D10020C3
:10D8700030749AF8000070741FF005FFDBF8BC00EC
:10D8800001248BF8D940F8F76BFA40468BF8C94071
:10D89000F8F79DFBDBF89000406800F5CA601EF0C9
:10D8A000D9FA9BF87C50DBE92010DBE922249BF8B5
:10D8B0007D30DFE815F00B004F0036003A00200005
:10D8C000670072004500A2012C008100CBE92810FE
:10D8D00013202DE01FF0D7FE03202870042000E065
:10D8E000032089F80000032000F016BC9BF8DA1032
:10D8F000DBF8D400A9E700220123CBE9281010208F
:10D90000CBE92A32ABF8B0008BF898206CE000220B
:10D910000124CBE928105801CBE92A428BF8982042
:10D920005CE000220124192017E0CBE92810122026
:10D93000CBE92A240021ABF8B0008BF8981053E013
:10D94000CBE92A10022000220123CBE92832ABF8D0
:10D95000B0001FE0002201241520CBF89C10BBF87A
:10D960007E10ABF8B0008BF899308BF89840CBF86C
:10D97000A040CBF8A420CBF8A840CBF8AC20ABF863
:10D980009A1031E000220123CBE92810CBE92A329A
:10D99000ABF8B0308BF8982042E101250024ABF8B9
:10D9A000B0508BF899308BF89850CBE92710CBE921
:10D9B0002925CBF8AC402FE1C0B28BF8993040015B
:10D9C0000BF19C0304300126002556C3BBF87E10E2
:10D9D0008BF89860CBF8AC50ABF89A10C1B2ABF8AA
:10D9E000B010C10640F11C81DBE926124FF000089F
:10D9F0005C46CDE91012ADF8948011F0010BCDF822
:10DA0000908010AB24A94FF0020618BF591C0B6878
:10DA100089880E93ADF83C1018BF4FEA126B0107CE
:10DA20004FF0010158BF042110F0020F18BF41460A
:10DA300008BF0326C00718BF0E46A06FD4F8905049
:10DA4000D0E904011CF016FC8146A06FD0E9060164
:10DA50001CF010FC8246A06F90F8241011B190F8D1
:10DA600025000FE0D4F8904060680FF05DFB61681E
:10DA700010B10878023005E00868CA7910F001009A
:10DA800018BF10460D9A916F144691F822C091F874
:10DA9000233091F82910BCF1000F04F8CF8FA0714A
:10DAA0000E98A060BDF83C0084F807B09346A4F837
:10DAB0000190A4F117096671A4F803A044F8135C5F
:10DAC000A081E17308BF0723A373DDF820A00BF149
:10DAD000D000CBF8B8500BF1C0014CC84CC1028843
:10DAE00080780A808870686800F26460CBF8E00093
:10DAF0000BF1E000514611F02DFFE0B1DBF8B8006A
:10DB00000BF1C004002100688BF8E810CBE9380461
:10DB100020F069FB20F083FA04D1204625F0F6FDC1
:10DB2000834660B10D990120CDF820A081F8CF0087
:10DB300081F8E800D1E0032020700420ECE2DDF859
:10DB400034B00120DBF8A4508BF8CF00002D8BF807
:10DB5000E80069D048461F211F2435F05EF8DFF841
:10DB6000D8261F2D38BF2C464846214615F08AFE80
:10DB7000DBF8A420944200F20283DBF8A020DFF857
:10DB8000BC36009323461AF095FE0DF1580849461D
:10DB90001F22DBF89050404635F0C8F80BF1DD004D
:10DBA00041461F228BF8DC40CBF8D85035F0D1F934
:10DBB00000200BF590748BF82001DDF82C901FF0FD
:10DBC00059FD686800F26460CBF8240120F0E4F9A4
:10DBD00078B11FF00CFE20F006FB20F020FA72D185
:10DBE000204625F012FE834600286CD120F092F8E2
:10DBF0001CE00320207005208EE20125002406266B
:10DC00008BF89930ABF8B0608BF89850CBE92715BA
:10DC1000CBE92940CBF8AC20BBF87E00ABF89A00EA
:10DC200059464FF00E085CE0DDF82C90DBF8AC5064
:10DC3000002D00F002820BF1B8041F211F262046A0
:10DC400035F030F9DFF8FC251F2D38BF2E46204671
:10DC5000314615F017FEDBF8AC20964200F28C82BC
:10DC6000DBF8A820DFF8E035009333461AF022FEF7
:10DC70000BF1DD00DBF8905021461F228BF8DC60B1
:10DC8000CBF8D85035F065F900200BF590748BF87F
:10DC900020011FF0EFFC686800F26460CBF82401FB
:10DCA00020F07AF9002800F0C2811FF0A0FD20F0DA
:10DCB0009AFA20F0B4F906D1204625F081FD83467A
:10DCC000002800F0B8810D990120CDF82C90CDF8F6
:10DCD00020A081F8200181F82C014FF000084FF0BE
:10DCE0000009D1F894004068F7F7EDFFDDF828E06F
:10DCF00001208EF800000B98F8F758FAB8F1FE0FE3
:10DD000040F0B780DDF834B0DBE9022316A819F043
:10DD10001BFE254600235C469DF8600004F89C3FEE
:10DD2000DDE91612A4F1440C04F803ACDDF820A0E0
:10DD30002073079804F8040C204640F8041FA260E2
:10DD400024F8025C44E90396CDE901040BF190004C
:10DD5000614600264FF0010890E81C004FF48070E7
:10DD60004FF001091CC15B4623F8810F53F8250CC5
:10DD7000DE7200F5CA6100F10805C3F8031043F82C
:10DD80000D8C43F8096C43F8055C0BF8809FCDE9D6
:10DD900009C34BE9075B4BE90586DFF8C01405F5BD
:10DDA00076701CF08FFB0C46DAF80010039100EB44
:10DDB000C9001FF0C2FB2068DFF8A43401302060E6
:10DDC000D5E90012089516A810F0B9FC4FF45E7062
:10DDD000DDE916B101FB00B2C6EBC603A8F1070AE4
:10DDE000002549460B96CDE90629CDE904A39345C4
:10DDF0004AD0D9462E4699F85C0301350BF55E7B77
:10DE0000032804BF99F86E038842F0D10B980028CC
:10DE100000F0F28009F510749846B8F1000F0AD0AE
:10DE20000AF1070A204651461EF01EF9A8F107081C
:10DE30000028F2D004E0DDE90621DDE904A3D6E7FD
:10DE4000042089F85C03DFF81C0418F099FF4846A9
:10DE5000F7F7E0F919F0FCF8DDF834B099F85E0353
:10DE6000002840F0918148460EF0B2FDDDF8209088
:10DE70000EE007995FFA8AF02A46C9B241EA00200B
:10DE8000099940EA0444A5E04FF00009DDF834B0F8
:10DE900018984FF001081FF014FC0120B9F1000F91
:10DEA00008BF03200A99087045D19BF88C0038B14F
:10DEB000DDF80C90032840F08081DBF8885005E005
:10DEC000DBF88450DDF80C90CBF88850A868002867
:10DED00040F04C814FF0FF30A86005F10C00D9E90B
:10DEE000001219F088FCA9686FF00042286801311F
:10DEF000A9600168914280F03C816A684C1C03462D
:10DF000010C303EB42060022B34207D013F8024BC2
:10DF1000012CF9D0022C02F10102F5E70160032087
:10DF200069688A424FF0030108BF01218BF88C1009
:10DF30003CD14FF00009099C8BF861802046F7F72F
:10DF4000E3FD20468BF89C80F7F7C6FEB9F1000F81
:10DF50003BD0D9E900013246DBF8244010F07FFACB
:10DF6000D9E900232146009616A80EF08BFA9DF8F9
:10DF70005810FF2904D1C449F6B24FF0FE0829E039
:10DF80001A980990484689463146DDE91854DDF86B
:10DF90005CA0BDF85AB09DF85980F7F781FD5A464C
:10DFA000C346C846D1462E46099913E00299087027
:10DFB0004946019819F062FD20B10C99FD200870C6
:10DFC000042014E00998F7F787FE4FF000094FF09E
:10DFD000190800260C9880F801B0C0E90196C0E944
:10DFE0000341428080F800800120DDF834B08BF8D6
:10DFF000340027B01FF056BA0420DDF834B089F899
:10E000005C0309F25E3499F85E03002840F0E18079
:10E01000984818F0B5FE4846F7F7FCF819F018F8DC
:10E0200099F85E0300283FF41EAF9348AFE0032049
:10E030002070062070E01FF06DFEDBF8780043F6DC
:10E0400009530168D0E9020211F00106A0FB034068
:10E050000CBF344602FB03067D4A204631460023AE
:10E06000002534F083FF00044E216FF06042121B44
:10E07000B14138BF40F20120010640F0B8805C4653
:10E08000000C04F8B85FA4F8010054F8280CE570FF
:10E090004068D0F85426002A00F0AF80D0F850161F
:10E0A00010A86C4B10F068FBDDE910100023DDF8C0
:10E0B00028E042000D461AB105F8023B023AFAE7A1
:10E0C000002204234FF0010C5BB190426ED001F8A6
:10E0D00012C001EB4206043B14F822500132757065
:10E0E000F2E7129872461FF0ECFA96464FF48070F1
:10E0F000ABF8C500DBF89000CBF8C000CDF828E005
:10E100000BF1BC0110A85246FAF740F99DF8408087
:10E11000B8F1FD0F07D107200A990870FD200C996E
:10E120000870032063E7B8F1FE0FCDF82C90CDF80E
:10E1300020A00AD1DBF874004FF0FE084FF0000A6F
:10E14000D0E9009600200790D0E55946BDF84E4032
:10E150009DF84DA0DDE91196BDF842509DF841B003
:10E16000149809909DF84C000790BAE5444818F0BF
:10E170005FFC444818F07AFC344B1FF043FB304BF3
:10E180000020214617F0B4FF09F25E34364818F03B
:10E19000F7FD2046F7F768F83448F7F765F818F008
:10E1A00057FF18F0A3FE224818F0FDFC2A4A01464A
:10E1B00017F0E4FF164818F0F6FC304818F0F3FCAE
:10E1C000124818F0F0FC144818F0EDFC174818F04D
:10E1D000EAFC2748DBE7144818F0E5FC0F4818F084
:10E1E000E2FC0F4818F0DFFC0A4818F0DCFC284875
:10E1F00018F0C6FD1CF02CF8D1E7244818F0CCFD2F
:10E2000018F074FE074818F0CEFCFEDEA894040057
:10E2100058940400089A0400BC8A0400F899040089
:10E22000E899040014900400AC8A0400A48F040050
:10E230006C8C0400B4CE0400B48F0400D48F0400AE
:10E24000C48F0400E48F040004900400F48F0400E1
:10E2500000204E00C4D10400D4D10400CC9D0400A1
:10E26000DC9D040032000000EF0000009E3B040033
:10E27000F000000031000000EC00000018920400E3
:10E28000908D0400A08D0400FC540400F2000000F6
:10E29000C8000000F0B503AF2DE9000FADF6941DE6
:10E2A000834608301D9089469BF8AF03C14E0BF59D
:10E2B0006C78CDF884B0CDF87C90DFE810F00800E1
:10E2C000C902C9025801690146017A0179014FF07A
:10E2D00000094FF4C050CDF870800DF5CD618BF87A
:10E2E000AE93CDE9E6998DF86896ADF86906E6A893
:10E2F000B14C0646A047B14A05460DF5CD6029460A
:10E3000003231AF0BFFBAE4A0DF5CD6029461AF083
:10E3100009FC0DF5CD6029461AF054FC41F60100C8
:10E320000DF5CD61ADF8690630468DF86896A047C9
:10E330004D200DF5CD688DF87806A2484146CDF800
:10E340007406A148CDF87006A048CDF86C06A04828
:10E35000CDF868063046A04706460E2007F8580C50
:10E3600046F2133027F85A0C0DF1880A994847F8FD
:10E370005E0C994847F8620C984847F8660C4CF2D6
:10E380000230189115211FF0D0FD954B1FF017FAA0
:10E39000DDF868061AF0AEFC0DF23464ADF87206D2
:10E3A000BDF86C0608F1060119902046182234F0D9
:10E3B000D0FD4B20152107F8580C43F2145027F8D4
:10E3C0005A0C884847F85E0C874847F8620C874823
:10E3D00047F8660C49F602401FF0A7FD844B1FF07A
:10E3E000EEF9DDF868061AF085FC08F1040CADF8CA
:10E3F000720604F11801BCE87D007DC10DF5CD6603
:10E400004FF42772BCF800000880E6A91FF005FF52
:10E410005046422134F001FC30461AF075FC0246A9
:10E42000504640CA1A910AF104011B914E4500F072
:10E43000EF80117809F10109032940F082805588A5
:10E44000B5F5007F00F2D7815FEA094100F0CD8188
:10E450000FFA89F1B1F1FF3F40F3CA812092022106
:10E460005478CB46634A8046BDF888A01DF016FD5F
:10E470000AF10102A7F1680927F8682C02235E4A15
:10E480001FF0B1F91E94002C18BF0235BDF8C8402A
:10E4900014FA85F5E80300F19881584B40460221B3
:10E4A0000422ADF8C8501DF041FA554A02230092EB
:10E4B0004A4627F8685C1AF0FDF99DF88800D946AD
:10E4C0009DF88910209A890241EA8003BDF8C800AE
:10E4D000184404304128404633D2054649481B9928
:10E4E0003C220090A7F168001DF030F957E91A208E
:10E4F0008108BAF1000F10D0AAF10100884280F023
:10E50000848112F8203002EB8000407860F30E2303
:10E510001FFA89F0834280F075818A4580F06E8110
:10E5200002EB8A00210A02F82A90C1701E998470B9
:10E5300000294946344A18BF1143090A209A4170FC
:10E5400028462C32DDF884B070E70BF57E701A9007
:10E550009BF8F803DFE810F007006D017C01EA008A
:10E56000E50AE00B410ADBF8F0030024C0E39BF866
:10E57000C803C2460BF57278DFE810F005005501BC
:10E580006A01D700B301DBF8B013DBE9F00260E108
:10E590009BF8B803C2460BF56E78DFE810F04E0327
:10E5A0004701590176030500DBF8BC531F9C77E354
:10E5B000DBE264E204ED00E0E5890200AC8C0400DB
:10E5C000B8C1040018AAFBD5BF074BE59836350A39
:10E5D00002469965450BBDE3372E8DC28B12E8A22A
:10E5E000021020004DE4CAFB3A97A0383B1C3D2A9C
:10E5F0000204100004D2040014D2040024D2040047
:10E6000034D2040094D204000080FFFF5E000000BA
:10E610001A9A116801391160811CA7F168003E2225
:10E620009DF888809DF8899034F093FC4FEA89200A
:10E63000BDF8C81040EA88000844051D402D00F2CE
:10E64000E7800BD05FF83C0018F09AFB402018F0F0
:10E6500089FB284618F086FB18F0FAFCA7F1A805FC
:10E66000A7F168013E221EF07BFFA7F16806002497
:10E6700029463E22304647F8284C27F8244C34F0EF
:10E6800068FC57F8280C3146DA903E2237F8240C03
:10E69000ADF86C03CAA834F05CFC22A80DF5CD617E
:10E6A0004FF4277234F0B0FB0DF5CD600DF23461FC
:10E6B000322234F04EFC199D022D00F08B801D9803
:10E6C0003E228BF829908BF82880C0E90044C0E9ED
:10E6D00002442F20CBE90040DA98CBF81800BDF8AF
:10E6E0006C03ABF81C000BF12A008BF820408BF870
:10E6F0001E40CAA934F02DFC0BF1680022A94FF48A
:10E70000277233F0D1FD0BF20A300DF5CD613222C4
:10E71000ABF8085334F01DFCDDF87C90E04EDDF8DA
:10E7200070801898ABF83C032BE2B0E00BF58061E9
:10E730009BF848041E910BF5896114910BF58A62D0
:10E740002092DFE800F0037985130600DBF840042F
:10E750004BE39BF8D804CDF870800BF59B6810B3A1
:10E76000032800F0EC87CF4818F01DFA9BF88804C6
:10E770000BF59163C8B1032861D19BF86C040BF2CF
:10E780006C46C0B10BF5806403285BD19BF86A042A
:10E790000BF26A45A0B1032857D1DBF86014DBF80F
:10E7A0005C040A7853E300F0ABBF0BF58A600BF50D
:10E7B000806401682BE3DBF858140BF5806433E3C5
:10E7C0009BF86824DBF8640439E3B7481E21B74A94
:10E7D00018F06AF92F20B64BCDE9E6402B21B54859
:10E7E0000090E6AAB44818F072F9B44801F0F9BDF7
:10E7F000B34801F0F6BDB34801F0F3BDB24A50464C
:10E8000017F0BCFCB14801F0ECBDB14A17F0B6FC02
:10E81000B04818F0B5FA402018F0A4FA284618F0CD
:10E82000A1FA01F0F3BDAC4818F0BDF9AB4818F0FF
:10E83000BAF9AB4818F0B7F9AA4818F0B4F9AA48E1
:10E8400018F0B1F9A94818F0AEF9A94818F0ABF9D9
:10E85000FEDE9BF8C933CBE9ED10DB07CBF8BC2318
:10E8600031D0CBE9FB0201208BF8E7030021DBF874
:10E87000CA034FF4A023CBF8E103BBF8CE03CBE9E6
:10E88000F4318BF8E0138BF80414ABF8E5030BF5C7
:10E8900074750DF5CD661FF020FB9DF86846FD2CC4
:10E8A00000F06582711C22AE13221EF01DFE284668
:10E8B000F7F729FC192C27D18E4818F06DFADBE9FF
:10E8C000ED10DBF8BC2300234FF41604CBE9FB0268
:10E8D0000220CBE9F4438BF804348BF8E1138BF876
:10E8E000E0030BF574750DF5CD661FF0F6FA9DF893
:10E8F0006846FD2C00F03D82711CE6A81EF0F1FD7B
:10E900002846F7F700FC04E0E6A82ECE2EC01FF044
:10E910005CFBE6A80DF55D786CC841466CC1012230
:10E920000388807888700BF289300B8041468BF821
:10E93000C8238BF8AE2313228BF8884334F009FBED
:10E94000192C6DD0FE2C40F0E3800BF5507608F1C9
:10E9500003011EF03EFC684818F01EFA0120F6F78D
:10E9600031FFDBF826030BF22A31CBF858031122D2
:10E97000BBF82203ABF85403BBF82403ABF85603EF
:10E980000BF55770CBF850639BF821839BF83B93B2
:10E99000BBF80863BBF80A43DBF80C5334F0D9FA30
:10E9A0000BF276300BF544711122CBF87253ABF8B1
:10E9B0007043ABF86E638BF86D9334F0CAFADBF8F2
:10E9C00040038BF887839BF844231EF0F4FE0B680A
:10E9D000D0F85022D0F85302013B0B601D99CDF8BE
:10E9E0006826CDF86B0601F56874DDF86806C1F895
:10E9F000A003BDF86C06A1F8A403DBF8A00301781E
:10EA0000002900F00881B0F80520A188D0F80100A5
:10EA1000514022685040084340F0FD80204E5CE1A8
:10EA2000364818F0B9F90120F6F75EFF5046D04697
:10EA30001AF0AAFC1A49DBF8B8030968C90541F0C5
:10EA4000CF842F490FF05AFE0646007C0D46012860
:10EA500004BF06F1B8001AF02CFA06F108010DF512
:10EA6000CD601AF063FE00203074C6E90200296808
:10EA70000B4E013129608BF8CC03CBF8C083D9F859
:10EA800000100BF5707002F053FFC0B2022800F0C6
:10EA900068810BF56C7207CAF7F77EF96EE000BF6C
:10EAA00004ED00E05896040044D2040064D204004F
:10EAB000949A0400B08C040052D00400E7000000D7
:10EAC000E9000000E600000084D20400F900000024
:10EAD00074D20400E80000008C8C040078960400D6
:10EAE00064900400B8990400D894040028960400A7
:10EAF000889404005A0000003D000000B6000000A9
:10EB000054900400B2000000120000007CA4040035
:10EB100000210BF562708BF8AE13514690E87C0033
:10EB2000D0465FF820007CC1CBF8C4A318F028F9C8
:10EB30005FF82C0018F003F95FF830100BF57170D6
:10EB400018F042F918F084FA0DF5CD604FF48042C8
:10EB50001EF05FFEDDF86C269DF87006DDF8681685
:10EB6000CBE9F2128BF8D003EE4ED9F800100BF57A
:10EB7000727018F083FF002840F0F68000208BF8B8
:10EB8000AE033068C00541F02B84E7498868B0F5D2
:10EB9000007F1AD04FF400728A60C1B2022914D0EB
:10EBA0001EF081FE08BF034608BF0121B2EB506F83
:10EBB00018BF1946C8B2022803D001F001001AF0AC
:10EBC0002FFB4FF400701AF0DFFA0020C246002439
:10EBD000F6F7F8FD0020F6F787FEDBE9E7120BF504
:10EBE00072781368D2F80320CDF83436CDF8372682
:10EBF0000968DBF8A403DDF83426DDF83736CBF8F6
:10EC0000C9235A46CBF8B0138BF8C843CBF8CC33A2
:10EC1000CBE9F00B1DE6C54818F0BEF80020A1882E
:10EC20008BF8B8030BF56E7820680904BD4E41EAF5
:10EC3000104100040130CBE9EC01DBE9EC4930681C
:10EC4000C00541F0CD83BA4D0022287869780228AA
:10EC50002A700FD00DF5CD668DF869168DF868060F
:10EC6000B01CA91C0A2234F074F931462846AD4E76
:10EC70000EF0AAFA1D9902208BF8C003AD48C1F826
:10EC8000B943CBF8C804C1F8BD931F9C0BF5707055
:10EC9000216814F08FFE002861D1A54DCBF8BC533C
:10ECA0003068C00541F09C832978002268780229E9
:10ECB0002A7049D1022800F084800121C00788F819
:10ECC00000100AD0DBF8A023BBF8AC03DBF8A833B4
:10ECD0001170A2F80500C2F801301B9900208BF8D2
:10ECE000F8030BF55470D046CBF8F00321F0FF0485
:10ECF000CBF8F40340460BF57E751AF045FB0BF597
:10ED000070701AF0DBFC3068C00541F069838A48F6
:10ED10001A951AF061F88948D0F8C410062956D21D
:10ED2000D0E9023401310268C0F8C410511CCBE9AB
:10ED3000F54001600BF578701B93CBF8D0330D9440
:10ED40001AF0C8FB00F070BEC9B92068D0E9001005
:10ED500009688847CDF87016CDF86C062CE00320C2
:10ED600030E0062000F097BD072000F094BD03209E
:10ED700000E0042088F80000032000F08CBD20682B
:10ED8000D5E90196D0E90010864208BF89450FD029
:10ED900009688847CDF870160DF5CD61CDF86C0681
:10EDA00001201FF0A4F8D9F804103046884708E085
:10EDB000CDF87066CDF86C9601200DF5CD611FF091
:10EDC00096F8042088F80000042000F064BD016873
:10EDD0000DF5CD625A4B013101605A48B5210090C2
:10EDE00059488DF8684617F072FE0BF580640BF5F4
:10EDF00089611491CBF84404016800208BF88804E1
:10EE00000BF58A60CBF850140BF59163209000202D
:10EE1000CBF870148BF884040BF26C468BF86C04FE
:10EE2000CBF85414CBF8581408680BF26A450A79E9
:10EE300000218BF86A148BF86824CBF864040BF279
:10EE400069418BF86924CBF85C04CBF86014D0E9F5
:10EE5000000117931E941AF01DFB8146D0F8800222
:10EE6000002841F0CE824FF0FF300C46C9F88002F6
:10EE7000002199F89002012805D109F5487018F091
:10EE8000ADFC99F89012D9E9A202CDF870809042B9
:10EE900001D1C9075AD0002189F89012411C09EB11
:10EEA00080108A1E18BF0A46C9F8882290F898A2D6
:10EEB0006FEA0A01090649D0129400F5267404F19C
:10EEC0002C010C22B4F82900ADF8280394F82B008B
:10EED0008DF82A03E0690E90A0690F90E068119008
:10EEE000A068189094F828000990606A1090206A31
:10EEF0001590606906902069199060681690607896
:10EF00000B900DF5CD6013953546668834F021F8E9
:10EF1000D4460A964FEA162E2E46139DA26BE36B3B
:10EF2000129C1EE004ED00E00C8A03204300000068
:10EF300018E70320E8D9032078C10400C8E10320C2
:10EF4000BCC1040040C7040088C604001F981EF01E
:10EF500046FE09F5467018F04EFC4FF0FF0C4FF0DE
:10EF6000000ED9F880025FFA8CF801210130C9F84F
:10EF700080022068013820600120B8F1FF0F08BF2F
:10EF80000321297018D03070B8F1FE0F9DF82A03C4
:10EF90008DF89603BDF82803ADF894030DF5CD6008
:10EFA000CDE91232E6A990E8580058C1DDF87C900E
:10EFB000189D40F08180E9E003208BF86C049BF8F9
:10EFC000840488B1032841F028829BF882040BF264
:10EFD000824AB8B1032841F02382DBF878146446F2
:10EFE000DBF874040A781AE0DBF870140BF2824A3A
:10EFF00008680A7900218BF882148BF88024CBF8FA
:10F000007C0403E09BF88024DBF87C0464460BF26C
:10F0100081418BF88124CBF87404CBF878141EF06E
:10F02000CAFB06460068002841F0EB814FF0FF3034
:10F03000894630600021307B012804D106F58C70B0
:10F0400018F0CCFB317BD6E90102904201D1C9070F
:10F0500011D000213173411C06EB0010B1F11002F8
:10F0600018BF0A46726050F8101F21B1D0E9015252
:10F070001192C26807E01F981EF0B1FD06F5887076
:10F0800018F0B9FB00213068A446169101303060B9
:10F09000D9F800000138C9F80000012000294FF01C
:10F0A000010108BF03218AF8001000F06A808BF884
:10F0B00084044FF0000E19929DF89603A7F168039F
:10F0C0008DF86A03BDF894031946ADF86803E6A805
:10F0D00090E854006FEA0C00000654C121D0169845
:10F0E0000026119CCDF830C04FEA154CCDF820E039
:10F0F0004FEA1049189500204FEA144E2546002487
:10F10000DFE808F0BABA0885789FA98BB581B265A7
:10F110007BA7578302214CEA05400C910290002006
:10F12000A4E0DBF854040179006811F0FFFF199A9C
:10F13000EB92119AE690DBF85404CDE9E952169A65
:10F14000E892D0E902450DF5CD608DF89C13E6A953
:10F150000DF050FC9DF86896B9F10A0398BF0023A2
:10F1600015941095B3B1012B40F0C780BDF87426FB
:10F1700020462B6BE6A99847C00740F0AF800123DB
:10F18000BBE00320DDF87C908BF884041799032002
:10F190000870DFE2A9F102000223082800F2AD8026
:10F1A000DFE800F00593ABABABABAB7A0500EB6AE5
:10F1B0008CE09DF86A0307F8260CBDF8680327F871
:10F1C000280C22A893E8160016C00F210CE09DF829
:10F1D0006A0307F8260CBDF8680327F8280C22A854
:10F1E00093E8160016C00C214CEA0540029000205E
:10F1F0000C9124E005200C900EE04CEA05400290B2
:10F200000D200C9035E00A2032E010212DE04CEA70
:10F210000540029003200C9022E09DF86A0307F855
:10F22000260CBDF8680327F8280C22A893E81600DE
:10F2300016C004214CEA0540029000200C910024E5
:10F240001AE006214CEA05400C9102900020169E1F
:10F250000CE00E2109E04CEA0540029007200C90DA
:10F26000169C4846264607E00B210C9104E0092035
:10F270000C90169C48462646CDF844E00004DDF884
:10F2800030C0DDF81880DDE9189EDDF808A0169082
:10F2900004F47F40179644E0E3480DF56678DDF806
:10F2A0007016DDF86C460840EE6A4042054640B1F3
:10F2B00034F8022B41461598B047C00705F102000B
:10F2C000F4D0002D18BF012506E02B6BBDF86A268F
:10F2D000E6A9204698470546E80702D0099103238E
:10F2E0000BE0B9F10A0F07D0B9F1030F3FF447AFB4
:10F2F0000223B9F1020F00D10023DDE9E6904FF0BF
:10F30000080CEB990E914FEA194242EA004A000CB0
:10F31000EA991190002016900F911793DDE9E8E823
:10F32000002017F8262CA7F1A8038DF8922337F8B0
:10F33000282C1C46ADF8902322AA92E862005A4677
:10F3400062C401218BF88814C9EA0A4B11991D9DEA
:10F350000904169E41EA1A411891C5F804140F9940
:10F36000C5F810140E99C5F814141799CDF864E077
:10F37000C9B2C5F808E441EA0009089949EA06005B
:10F38000C2F804040A98DDF82CE0C0B2C5F800B455
:10F3900040EA012A099882F828041598C2F8200446
:10F3A0001098C2F82404BDF89003A2F829049DF82F
:10F3B000920382F82B0402F22C40C5F80C84A2F8C8
:10F3C00002A482F801E482F800C493E8160016C093
:10F3D0001398C5F830041298C5F834045FFA8CF01D
:10F3E000082800F2D581DFE810F0090034001A0087
:10F3F0003F00D301D301D301D30158008B4817F04C
:10F40000BFFC8B4817F09BFC0B9C200600F09880FB
:10F41000884817F094FC204615F04AFC93E0864893
:10F4200017F0AEFC43F60950189BABFB001203FB30
:10F430000022480A510A40EAC250F5F723FF50461D
:10F4400015F0F0FB19997D20A1FB001208FB0022AA
:10F450001AE07A48744617F093FC204615F0FEFD3A
:10F460000A9815F0FBFD15E0754817F089FC754CFE
:10F470005046A0474846A047300CA0477D20189B27
:10F48000ABFB001203FB0022080B110B40EA0250F9
:10F49000F5F7F8FE17F0DCFD7AE1DDF884B02822FC
:10F4A0000BF2DC450BF204411EF05AF8DBF8DC04E9
:10F4B0000BF59C64002800F08D80DDF88080012829
:10F4C00040F09E8020460EF07FFFDBF8441480B2AF
:10F4D0000989884240F099800DF5CD6021460DF0F4
:10F4E00089FA9DF86806B0F10A0198BF0021DDF89D
:10F4F0007C90002900F05584012940F05584DDF806
:10F500006C060DF54A7ADDF87016CDF8808001445E
:10F51000CDE9CA01E6AE514630460CF077FE1EF04A
:10F520007CFB40F044849DF89983474817F028FC01
:10F53000404619F0CBFD17F08BFDDDF880809AE096
:10F54000424817F0FCFB0020414C17F0F8FB17F085
:10F550007FFD20681E9CC00540F042875FF838168A
:10F560008868B0F5007F1AD04FF400728A60C1B28B
:10F57000022914D01EF097F908BF034608BF0121E5
:10F58000B2EB506F18BF1946C8B2022803D001F081
:10F59000010019F045FE4FF4007019F0F5FD05214A
:10F5A00020781991002108284FF0FF0C4FF0000A35
:10F5B0004FF00005179104D01E986446F6F7FBFA49
:10F5C000A4461695012014990024079DD846189644
:10F5D0000870AEE10DF5CD6021460DF00BFA9DF8F7
:10F5E0006806B0F10A0198BF0021DDF8808089B378
:10F5F000DDF87C90012940F02485BDF8745632E096
:10F60000DFF8700E17F0C8FB0BE020460EF0DCFEB2
:10F610000546DFF84C0E17F0B3FB1EF000F917F0AB
:10F6200017FDDDF87C9026E0FEFFFF7FB7000000AD
:10F63000140000005A0100004500000044000000D2
:10F6400046000000254C0200BD0000004B010000F8
:10F6500004ED00E0DDF87C90022818BF032840F09C
:10F66000ED84BDF86A56DFF8040E17F089FB1EF032
:10F67000D6F817F0EDFCDBF8DC040BF20456DFE8FB
:10F6800000F0020202170DF5CD65214620221DF083
:10F6900067FFDDF884062946DDF8802643690020EF
:10F6A00000903046F5F7FCFD2846F6F753FA16E0D1
:10F6B0000DF5CD65214624221DF052FFDDF88406AC
:10F6C0000121DDF8802643699DF88806CDE9001008
:10F6D00030462946F5F7E4FD2846F6F752FA306839
:10F6E000002800F0868240463146182233F01EFB87
:10F6F00000200BF59B688BF8D8040BF58A602090EE
:10F70000209A0BF58D6EF44692E87B008CE87B0026
:10F710000BF58B600BF59061024692E878000022B1
:10F7200078C1DBF88014CBF8702439B3CBF890E4BF
:10F730000BF2944190E8780078C18BF8D4240BF553
:10F7400092654946284606F089FBA0B1032088F857
:10F75000000004208BF848049BF8980538B3032870
:10F7600040F05886DBF88835DBF88C25DBF89015FF
:10F77000DBF8940548E02846F6F72DFE0BF58D6082
:10F78000F6F72CFA01208BF8D8042098F6F736FE0D
:10F790001E9C2078082802D02046F6F70CFADDF8E7
:10F7A00084B0DDF87080DBF84404FFF725BB0BF56F
:10F7B000A464002001218BF84005CBF830150BF52F
:10F7C000A6638BF85405CBF844158BF86805CBF885
:10F7D00058158BF88405CBF86C1517CCCBF834058D
:10F7E0000BF26C50CBF848150BF5AB61CBF85C25F0
:10F7F0000BF24452CBF88835CBF88C25CBF890151A
:10F80000CBF89405CBF8704522900DF5CD66DFF866
:10F81000700C0DF56678CA93002447F8A82C0025D3
:10F8200047F8681CCDF8840622A8CDF88006DFF8DA
:10F83000540CCDF87C06A7F16800CDF87806DFF807
:10F84000480CCDF87406A7F1A800CDF87006DFF8D3
:10F850003C0CCDF86C06CAA8CDF86806202C11D057
:10F86000301931594A4640680369404698479DF827
:10F870009BA3BAF1FE0F03D0BAF1FF0F11D10125FE
:10F880000834EBE7E80700F0718403208BF8980553
:10F890001A99087005208BF8AF030DF6941D1DF022
:10F8A00001BE01200DF10C0EBAF1010F88BFAAF1C3
:10F8B0000200BDF899235FFA80FC9DF8A5539DF8DE
:10F8C000A483160ADDF8A0B3E79C9DF898339EE860
:10F8D0000242DFE80CF002210C18260E220C230A4B
:10F8E0004FF0000C8B46C8467546199414E0012071
:10F8F00020EA030200204FF00B0C19908B46C846FB
:10F900007546002307E01993134632464FF00B0C5F
:10F910008B46C84675460026219815940124CDE9EA
:10F920001762209380F89845CDF858B0CDE903B818
:10F930000595DDF878B007959BF84800042811D1AB
:10F940000BF150006646C146F6F758FD079DB446D8
:10F950009BF80000082805D05846F6F72CF9079DBB
:10F96000C846B446002C49D01D98DDF884B01699DD
:10F97000C0F8AA141599C0F8A61417998BF8AC14FE
:10F980001899DFF8340B8BF8AB1420998BF8AA1474
:10F9900019998BF8ADA48BF8A9148BF8A8C48BF82F
:10F9A000B7548BF8B68417F0EBF9DFF8100B17F0AB
:10F9B000C6F90BF59565284619F0A8FF17F048FB26
:10F9C000DDF87C900020DDF870808BF8A404DBF873
:10F9D000F403CBF80004CBF804540BF580650DF567
:10F9E000CD604A46294609F0D9F99DF868060228F3
:10F9F00000F00F812846F6F714FD15E0199CACF1D4
:10FA00000300072800F29C80DDF884B02099DDF81F
:10FA10007080C9B2DFE810F0210008007101080110
:10FA20003C0102018B01C00100200BF570718BF8C5
:10FA300098050BF574728BF848040BF57870CBF8C9
:10FA40002C05DBF8F403CBF82085CBF82425CBF884
:10FA50002815CBF84004FFF7C8B917988BF80304B2
:10FA60001898DE4A8BF8004441EA0020ABF8010404
:10FA70001068C00540F0B4841E98DFF8D049DDF866
:10FA80007C900568A1688D4232D0C8B2A56002287A
:10FA90002ED005F47F40002300260222B0F5807F9F
:10FAA00008BF2E4608BF0122B3EB556F18BF324680
:10FAB00001F47F46B6F5807F4FF002004FF000065C
:10FAC00004BF0E460120B3EB516F18BF3046C1B2E0
:10FAD00002291CBFD2B2022A40F0BA82022903D006
:10FAE00000F0010019F09CFB284619F04DFBBB4AC1
:10FAF000DBF8F4031168C90540F072840B211D9BEB
:10FB00008BF8AC1400218BF8A814A188A279A3F873
:10FB1000A5140BF2AC4183F8A724CBF80404CBF86E
:10FB200008140BF204450DF5CD604A46294609F04C
:10FB300035F99DF8680602287FF45CAF0420A7E63B
:10FB4000DDE9206BBCF1FF0F65D1DFF8580917F034
:10FB500017F9DFF8540917F0F2F8A04D2046E4B287
:10FB6000042C03D1042017F025F9304617F022F9B0
:10FB700017F06EFA052C4ED15846DBF8E0B3D0E909
:10FB8000F9A02968C90540F02B84DFF820190EF090
:10FB9000B5FD0646D0E90054006D06F158098846C7
:10FBA0000138306548460BF033F91DF025FF7AEB3C
:10FBB0000000C0F054810DF5CD6A494650460EF064
:10FBC000E8F91EF082FA07D0411E0DF5CD6013F062
:10FBD0005FFF002800F02381E6AD9AE81E0028466A
:10FBE0001EC01EF03FF8002800F019811EF058FBDF
:10FBF000F7E70BF5A1600DF5CD6890E87C00414674
:10FC0000DFF874087CC117F0BBF81DF061FDFFF749
:10FC100041BC06203CE6DDF8708005E7189841EA13
:10FC20000020F5F715FEFFE66C480068C00540F0BF
:10FC3000D783DFF86C08DFF858180EF05FFD064632
:10FC4000007C0D46012805D106F108010DF5CD60B7
:10FC50000EF08DF9706FC0B1317C002940F0E78360
:10FC6000D6E9021206EBC2039861501C821E1C7575
:10FC700018BF0246F260914204BF012030741EF0AA
:10FC800081F806F1240019F067F81DF02DFDCBE690
:10FC900052480068C00540F0A383DFF8F40719F06C
:10FCA000E5F8DFF8F84794F86000012805D104F181
:10FCB00058010DF5CD6019F0E5F8206D002868D0E9
:10FCC00094F86010002940F0B283D4E91612002A9B
:10FCD00004EBC2039866199883F8640018BF0132D8
:10FCE000E265914204BF012084F860001EF03AF8FA
:10FCF00004F1100019F0DDF84BE01D990020DDF84B
:10FD00007C90C1F8FD03C1F8F90302208BF80004D0
:10FD1000DFF83C07CBF80805D9F800100BF5806038
:10FD200013F048FE00283FF47FAE0520B0E52B48D5
:10FD30000068C00540F05483DFF8540719F022F83A
:10FD4000DFF85047207E012805D104F110010DF5A0
:10FD5000CD6019F023F8D4F88C00D0B1217E0029B1
:10FD600040F06583D4E9041204EBC20318621998C9
:10FD70001877501CB0F1080218BF02466261914228
:10FD800004BF012020761DF0EDFF04F15C0019F0A6
:10FD900018F81DF078FC47E604F00100F5F7A4FD23
:10FDA00042E603283FF4ABABDFF8B80619E3E79A65
:10FDB0004FF00E0818950B2A3FF6B7AB0025DFE889
:10FDC00012F00F006801800156019401A901A201FF
:10FDD0008D01CB016101BD014B0100BF04ED00E0CD
:10FDE000A7F16800022547E91AA5F8F73DF8C00712
:10FDF0004FF0000009D18846CAB20E21022A1CBF6A
:10FE000057F8642C002A40F037822A181EF073F944
:10FE100000F0F7810022002547F8280C7AE10DF563
:10FE2000CD650020D6E91612891A18BF012196F86F
:10FE300060201143C9070CD0B16E51B9284649461C
:10FE400019F04EF89DF86806FF2800F0BB800120ED
:10FE5000E8E7C0071CBF06F1440018F0FDFFD8F822
:10FE60000000D8490130C8F800002198D0E9F4BA60
:10FE7000D0F8D8030968C90540F0B282DFF82C1623
:10FE80000EF03CFC0646D0E90054D0F8BC0006F168
:10FE9000080988460138C6F8BC0048460AF0A9FFA0
:10FEA0001DF0AAFD7AEB00003BD30DF5CD6A494663
:10FEB00050460EF00AF81EF008F905D0411E0DF567
:10FEC000CD6013F0F6FD60B1E6AD9AE81E0028465D
:10FED0001EC0284610F065FA18B1016901390161A8
:10FEE000F7E70DF5CD650020D6E90212914202D167
:10FEF000327CD2070FD001EB810106EB8101496A08
:10FF000049B92846494618F073FF9DF86B06022848
:10FF100058D00120E8E7C0071CBF06F1980018F090
:10FF200050FFD8F80000A7490130C8F80000219818
:10FF3000D0E9F0B9D0F8C8030968C90540F050828B
:10FF4000DFF868150EF0DAFB0646D0E90054406C85
:10FF500006F1080A88460138706450460AF067FFC7
:10FF60001DF04AFD79EB000036D30DF5CD69514601
:10FF700048460EF026F81EF0A8F805D0411E0DF5F3
:10FF8000CD6013F085FD50B1E6AD99E81E0028461E
:10FF90001EC01DF067FE10B11EF082F9F9E70020C7
:10FFA000D6E90212914202D1327CD2070ED006EB82
:10FFB000C101896951B950460EF01BF8C1B2012048
:10FFC0000229EDD1DFF8E80416F028FDC0071CBFB8
:10FFD00006F1380018F040FFD8F80000DDF884B0D2
:10FFE0000130C8F80000DDF87080DBE9EC01D8F8DA
:10FFF0000820F5F7D1FE01208BF8F803DFF8B404F0
:020000021000EC
:1000000016F0CAFEDBF840039BF84423D0E9000158
:100010000EF025FADBE9D2010A690BF55071904721
:100020009BF84413DBF84003F5F73AFD0020DDF8B8
:100030007C908BF8AE03634EFEF7A3BD0A283FF415
:1000400010ABDFF82C0416F09BFE17F053FCDDE13B
:1000500091427FF445AD47E5E6A8CAAD1DF03DFCF1
:100060001DF0DBFD40F087809DF89983E0E0E6A875
:10007000CAAD1DF032FC1DF0D0FD40F0A5809DF80A
:100080009913B8E01DF086F93FF44FAA00780922D1
:100090003FE00220CDE922A022A8F7F746FE1DF09E
:1000A000D3F9314607D0C0074FF00E011CBF23988B
:1000B000002840F0D180A7F12800FF220025017020
:1000C000B2E0CAA8F7F72CFCDDF884B08846C00778
:1000D0007FF42BAA022208F001001AE01DF05AF961
:1000E0003FF423AA0078072213E0CAA93046F7F7A5
:1000F00029F81DF092FD40F08C809DF89903FF22B5
:1001000007F8280C90E01DF045F93FF40EAA00789E
:10011000062219901898904657F8274CF5F7B0FD2D
:10012000200CC44617904FEA146A1E98260A2094A1
:10013000007808287FF440AAFFF743BACAA8F7F767
:10014000EFFBDDF884B08846C0077FF4EEA908F025
:10015000010019900A22DDE7CAA8F7F7F5FBC107ED
:100160004FD1000C082227F8270CD3E7D448A1214F
:10017000D44A15F009F9E798DDF884B0002860D07A
:1001800001287FF4D2A901202946CDE92250E6A812
:100190000CF03CF81DF041FD3FF4C5A9E79D022D90
:1001A0003FF6C3A922A8F7F70DFDC1B2C0F3072897
:1001B000FF293FF4BAA9022900F03C8100F00100B8
:1001C00040E000BF04ED00E0E79E02200E21002287
:1001D000032E12D8CDE9225022A8F7F7A6FD1DF074
:1001E00085FF294607D0C0074FF00E011CBF23989A
:1001F000002840F086800220002202441DF07BFF90
:1002000002D14FEA102813E047F8280C00250322FA
:1002100080E7701C04220179006847F8280C9DF8DB
:100220009E0307F8241C159017F8288CFF2A03D189
:10023000DDF884B0FFF779B9CDF864809DF868B334
:1002400068E7022007F8265C0025199040EA08209C
:1002500027F8280C0B225DE722980321CDE9E6015F
:10026000E6A8F7F776FD0546000EFF2811D14FF4FA
:10027000003060F31F2590E057F8686CE6A831461F
:100280000BF0C4FF1DF0C9FC18D19DF89913002094
:10029000BBE575490228884600F0C580E6A8F7F757
:1002A00058FD0146000EFF2862D14FF40030DDF802
:1002B0007C9060F31F2115910D466EE0E79A002AAD
:1002C0003ED00E210020012A7FF49FAD0220CDE90F
:1002D000226022A8F7F729FD1DF0B6F8314642D07A
:1002E000C0074FF00E011CBF239800283BD0229975
:1002F000E6A80BF08BFF1DF090FC76D19DF89913CA
:1003000031E02299E6A80BF081FF1DF086FC3FF456
:10031000B6AEDDF89C830E21B8F1030FBFF46BAFCE
:10032000CAA8F7F705F8C0074FF000024FF0020027
:1003300001BF280440EA066201F0010041465CE783
:10034000CDE9E665E6A8F7F7F0FC1DF0CFFE2946FB
:1003500009D00E21C00706D0E6A8F7F7E6FC1DF08D
:1003600073F8314637D102250020DDF87C904CE54A
:100370000228159157D0E6A8F7F7EBFC010EFF29EC
:1003800007D14FF40031DDF87C9061F31F20054662
:1003900003E0DDF87C90022954D005F07F434FF450
:1003A0007F012A46B3F1007F61F31F2218BF2A465E
:1003B000150EFF2D01D111467DE60E21022D3FF4D1
:1003C0007AAEB3F1007547F8272C18BF0546012215
:1003D000DAA8314673E60E21C007C4D0002109E037
:1003E000194816F0D9FC16F081FDE79D0E21032D6A
:1003F000B9D20121E8B208F00105000440EA066024
:10040000B3E7144816F0BCFC1AF04AF816F020FEC8
:1004100016F06CFD194816F0C6FB104816F0C3FB29
:100420000D4816F0C0FB4546DDF87C90B5E71A484C
:1004300016F0F4FA4FF00E08DDF884B0DDF87C9089
:10044000FFF773B84546A8E7B10000000C8A032007
:10045000E8D90320C7000000C894040048960400AF
:1004600041000000F40000000E0000024000000007
:100470000C010000190000005B000000708D0400FA
:10048000FC8C0400E88C0400D48C0400C08C0400B4
:10049000A8C1040030E1032028C2040088E403203E
:1004A000F8E40320C0000000DC01000038970400DD
:1004B000209D04003E0000001C000000D20100004E
:1004C000108D0400608D0400B0B502AF1DF055F82A
:1004D00009D01168281D01F02BFAC1B2022905D1FB
:1004E000FF21022005E0FE20E070B0BD0021296060
:1004F00002216060E170B0BDB0B502AF1DF03DF803
:100500000CD01168281D01F0D5FAC0B202280FBF27
:10051000FF21002129600421207000E0FE21E1700C
:10052000B0BDD0B502AF04460868016869B1116872
:1005300013F036FB010C2080C043A17000064FF081
:10054000050008BF4FF0FF3000E0FE20E070D0BD96
:10055000F0B503AF2DE9000F8BB00B68196849B1F6
:10056000197C0493CDE9022039B103290AD1D3F8CB
:100570000C800CE0FE21C170A7E0D3F80480C3F822
:10058000088002E0574816F00EFBC3F80C8056496D
:100590001DF0A0FD40F0A18055490EF0AFF80646D1
:1005A000F0E802B58946D8E9004A0AF022FCBBEB24
:1005B000000165F10002631A7AEB02030AD2C8E96E
:1005C0000012D9F80000049B0130C9F80000D3F8EC
:1005D0000880DAE7611A4D4606F10809884221D9F8
:1005E000029406ACD3468A46204649460DF06DFC7F
:1005F0002046514613F05DFA002868D001690139A0
:10060000016151EA0A011BD0C478D0F80A20D0F861
:100610000630B0F8049081788DF816100188ADF896
:1006200014102AE002981DF0DAFA06F164000AF0CC
:100630005DFE2868049901302860032008742AE0D0
:1006400006A8494618F0D4FB9DF81B40022C41D067
:100650009DF81A008DF81600BDF81800ADF81400CA
:10066000DDF81E00019006F19800DDF822A0BDF82B
:100670001C9018F0A6FB019B5246029801304BF1EA
:100680000001C8E9000128680499013028600120B0
:10069000022C087401D1FF2409E000200860BDF895
:1006A0001400ADF818009DF816008DF81A00039993
:1006B0009DF81A008870BDF81800C1F8063008804F
:1006C000A1F80490CC70C1F80A201CF077BE0A484B
:1006D00016F0A4F9074816F0A1F9044816F05CFBDF
:1006E00016F004FC7490040004ED00E0B10000007A
:1006F00048970400109D0400009D0400B0B502AFAF
:100700001CF03BFF06D0287E30B1032808D00E48ED
:1007100016F049FA1DF079BD002028756868A860B8
:10072000116805F1080001F003F9C1B201220229A4
:1007300008BF03222A7619BF00212960FF21022069
:10074000C4F801002170B0BD08980400F0B503AFF3
:100750002DE9000F89B091460A68116879B1117EC0
:10076000CDE9030271B1032914D1134613F8141F04
:10077000029351B1032910D1D2F8108012E0FE216A
:10078000017086E01DF0C3F801E0D2F80880C2F8DD
:100790000C8005E0464816F006FA444816F003FAC5
:1007A000C2F8108043491DF095FC77D143490DF004
:1007B000A5FF0D461DF084FC90F85800D8E900AB69
:1007C00030B9D6E91442A242A2EB040238BF01328A
:1007D0001DF0F8FA02D21DF067F9E1E7AAEB030475
:1007E000A24210D9D6E91431994208BF002815D089
:1007F00006F15C021DF0B2FA91BFC3F10103CB1AFE
:10080000002104220CE0D9F80000D0E9001206F122
:1008100008000AF06BFD1DF0E5FA26E01CF0ECFD87
:100820001CF07AFF08D005ACDDF804901DF009FB40
:10083000C8B3B9F10109F9D105A80FF099FD90B33A
:100840001CF04BFD02D0B0F800900CE005A806F1BA
:1008500050010DF075FB0598E8B106F13C00BDF8BC
:10086000189018F0F9FA1CF020FEC107049A4FF016
:10087000010118BF0321117618BF01200399C00799
:1008800001D0FF2002E0002010600220A1F80290B9
:1008900008701CF0E8BC0A4816F0C0F8064816F0CC
:1008A0007BFA16F023FB074816F0B8F874900400A2
:1008B0000898040004ED00E0B1000000489704002F
:1008C000109D0400009D0400F0B503AF2DE9000F5A
:1008D00089B091460A68116879B1117ECDE90302A9
:1008E00071B1032914D1134613F8141F029351B1A7
:1008F000032910D1D2F8108012E0FE21017084E0AB
:100900001DF005F801E0D2F80880C2F80C8005E07F
:10091000454816F048F9434816F045F9C2F81080EA
:1009200042491DF0D7FB75D142490DF0E7FE0D4657
:100930000646D0E900310222007CD8E900AB30B98C
:10094000D6E90242A242A2EB040238BF02321DF0F5
:1009500039FA02D21DF0A8F8E0E7AAEB0304A2429C
:1009600010D9D6E90231994208BF002815D006F106
:1009700014021DF0F3F991BFC3F10203CB1A002159
:1009800004220CE0D9F80000D0E9001206F124009E
:100990000AF0D6FC1DF026FA26E01CF02DFD1CF016
:1009A000BBFE08D005ACDDF804901DF04AFAB0B3E8
:1009B000B9F10109F9D105A80FF0DAFC78B31CF000
:1009C0008CFC02D090F800900CE005A806F108011C
:1009D0000DF0CDFA0598D0B106F160009DF81890A1
:1009E00018F030FA1CF061FDC007049A4FF00100C6
:1009F00018BF03200399107601D0FF2002E00020E9
:100A00001060032081F8019008701CF02CBC0A488B
:100A100016F004F8064816F0BFF916F067FA074812
:100A200015F0FCFF749004000898040004ED00E049
:100A3000B100000048970400109D0400009D0400D0
:100A4000F0B503AF2DE9FE0F1CF0CAFD0DD09AF8EA
:100A5000180070B103281AD1D6461EF8140F88B1B9
:100A6000032817D1DAF810B019E0FE208CF8000046
:100A7000A0E00020D6460EF8140F5EF810BC4EF829
:100A80000CBC01E0DAF808B0CAF80CB005E0524836
:100A900016F089F84F4816F086F8CAF810B04F489B
:100AA000DBF808600068C00540F08C8030680028E2
:100AB00040F082804FF0FF30D6E9024130600823D9
:100AC000307EDBE9009830B9D6E90453AB42A3EBA2
:100AD000050338BF0833E41A61F10001B9EB0405DE
:100AE00078EB010508D20020CBF800403060CBF84D
:100AF0000410DAF80CB0D0E7A9EB0404A34212D931
:100B0000D6E90431CDE900EC994208BF002816D09F
:100B100006F11C021DF022F991BFC3F10803CB1AA4
:100B2000002104220DE0106864467546D0E90012E9
:100B300006F15C000AF086FB1DF04CF92AE01CF07F
:100B40005BFC1CF0E4FC059206910490029434B125
:100B500003AD029C1DF086F8C8B3013CFAD103A88E
:100B60000FF006FC98B34168029A013941601143C5
:100B700001D004780CE003A806F1100118F00EF97A
:100B80000398E0B106F180009DF8104018F064F978
:100B90001CF046FCC0074FF0010018BF03208AF884
:100BA000180001D0FF2003E00020CAF80000042054
:100BB0004C7008701CF0A9BB0A4815F039FF0A48B0
:100BC00015F02CFF064816F0E7F816F08FF90748E5
:100BD00015F024FF749004000898040004ED00E070
:100BE000B100000048970400109D0400009D04001F
:100BF000D0B502AF04460868016871B1116812F0FF
:100C0000CFFF010CA4F80100C043E17000064FF0D3
:100C1000050008BF4FF0FF3000E0FE202070D0BD7F
:100C2000B0B502AF1CF0A9FC0DD01168281D09F069
:100C300079F9C0B202280FBFFF21002129600621E7
:100C400060702170B0BD1DF0E0BAB0B502AF1CF00D
:100C500094FC09D01168281D08F0D6FFC1B2022902
:100C600004D1FF21022004E01DF0CFBA0021296049
:100C70000721C4F801002170B0BDD4D4F0B503AF92
:100C80002DE9FE0FD1F800B08446DBF8000068B112
:100C90009BF8180070B103281AD1DE461EF8140F15
:100CA00088B1032817D1DBF810A019E0FE208CF8DA
:100CB0000000C7E00020DE460EF8140F5EF810AC0E
:100CC0004EF80CAC01E0DBF808A0CBF80CA005E076
:100CD000654815F068FF634815F065FFCBF810A074
:100CE0006248DAF808500068C00540F0B080286813
:100CF000002840F0A9804FF0FF30D5E90863286054
:100D00000121287CDAE9008930B9D5E90241A14204
:100D1000A1EB040138BF0131761A63F10003B8EB8F
:100D2000060479EB030408D20020CAF800602860AA
:100D3000CAF80430DBF80CA0D0E7A8EB0604A14207
:100D400015D9D5E9022105F11403CDE900EC914252
:100D500008BF00281CD002EB4200914203EB800048
:100D600091BFC2F101028A1A0021042314E0106825
:100D700064467646D0E9001205F128000AF00AFA26
:100D8000286823460130286003203070022048E0A4
:100D900000220423042000211CF033FB08D003AC04
:100DA000029E20460FF016FB002855D0013EF8D1D8
:100DB00003A80FF00FFB00284ED08168029A01397A
:100DC0008160114302D0047906681BE0D5E9020175
:100DD00005F11402884202D1297CC9073FD00021C5
:100DE000297400EB4001002818BF0130A86002EB15
:100DF00081000479022C32D005F1340052F82160D0
:100E000018F02AF818F1010049F10001019BCAE924
:100E1000000128680099013028600120087004F062
:100E20000100C1B20122022908BF03228BF8182059
:100E300001D1FF2103E00021CBF800100821187236
:100E40005E6019701CF061BA0A4815F0F1FD08489F
:100E500015F0A2FF16F04AF8084815F0DFFD064825
:100E600015F0DCFD749004000898040004ED00E027
:100E7000B100000048970400109D0400009D04008C
:100E8000B0B502AF1CF079FB0DD01168281D08F039
:100E900089FFC0B202280FBFFF210021296009216C
:100EA00060702170B0BD1DF0B0B9D4D4F0B503AFFF
:100EB0002DE9FE0F1CF094FB0CD09AF8180068B1D5
:100EC000032818D19AF8140080B1032816D1DAF853
:100ED000109018E0FE208CF80000CCE0DAF80490C6
:100EE00000208AF81400CAF8089001E0DAF80890A7
:100EF000CAF80C9005E0694815F055FE664815F0F3
:100F000052FECAF810906648D9F808500068C0052B
:100F100040F0B6802868002840F0AF804FF0FF30E6
:100F2000D5E9026328600221287ED9E9008B30B917
:100F3000D5E90441A142A1EB040138BF0231761A80
:100F400063F10003B8EB06047BEB030408D2002036
:100F5000C9F800602860C9F80430DAF80C90D0E7CE
:100F6000A8EB0604A14215D9D5E9042105F11C031B
:100F7000CDF804C0914208BF00281DD002EB42000A
:100F8000914203EB800091BFC2F102028A1A002154
:100F9000042315E010686446D0E9001205F134001E
:100FA0000AF026F9286822460130286003208AF8D2
:100FB00018008AF8140055E00420002204230021C0
:100FC0001CF01FFA08D003AC029E20460FF002FA74
:100FD00000285AD0013EF8D103A80FF0FBF90028F1
:100FE00053D08168029A01398160114302D0D0E95F
:100FF000004023E0D5E9040105F11C03884202D139
:10100000297EC90744D000212976411C00EB40000D
:101010008A1E18BF0A462A6103EB80014E68F1431D
:10102000090635D053F82040300A029005F14800F7
:1010300017F012FF0299F0B240EA012018F1010105
:101040004BF10002C9E90012C2432968013129604D
:10105000012112068AF8141008BF0321019A8AF8A8
:10106000181001D1FF2103E00021CAF800100A2165
:101070001170C2E901401CF048B90B4815F0D8FCCA
:10108000084815F089FE15F031FF094815F0C6FC37
:10109000064815F0C3FC00BF7490040008980400D3
:1010A00004ED00E0B100000048970400109D04002A
:1010B000009D0400F0B503AF2DE9FE0F1CF090FA7F
:1010C0000DD09AF8180070B103281AD1D6461EF830
:1010D000140F88B1032817D1DAF810B019E0FE20F8
:1010E0008CF80000A1E00020D6460EF8140F5EF840
:1010F00010BC4EF80CBC01E0DAF808B0CAF80CB02D
:1011000005E0534815F04FFD504815F04CFDCAF866
:1011100010B05048DBF808600068C00540F08D80D2
:101120003068002840F083804FF0FF30D6E902415C
:101130003060012396F86000DBE9009830B9D6E909
:101140001653AB42A3EB050338BF0133E41A61F138
:101150000001B9EB040578EB010508D20020CBF8BB
:1011600000403060CBF80410DAF80CB0CFE7A9EB00
:101170000404A34212D9D6E91631CDE900EC994214
:1011800008BF002816D006F164021CF0E7FD91BFED
:10119000C3F10103CB1A002104220DE0106864465C
:1011A0007546D0E9001206F110000AF075F81CF03F
:1011B00011FE2AE01CF020F91CF0A9F90592069115
:1011C0000490029434B103AD029C1CF04BFDC8B3F3
:1011D000013CFAD103A80FF0CBF898B34168029A0A
:1011E00001394160114301D004780CE003A806F1F5
:1011F000580117F047FE0398E0B106F13C009DF856
:10120000104017F01FFE1CF00BF9C0074FF0010053
:1012100018BF03208AF8180001D0FF2003E0002047
:10122000CAF8000001204C7008701CF06EB80B4822
:1012300015F0FEFB0A4815F0F1FB074815F0ACFD70
:1012400015F054FE074815F0E9FB00BF7490040048
:101250000898040004ED00E0B10000004897040085
:10126000109D0400009D0400F0B503AF2DE9FE0FB2
:1012700088460168086868B1087E029160B1032859
:1012800017D10A4612F8140F019278B1032813D12E
:101290000E6915E0FF20BFE000200A4602F8140F97
:1012A000019252F8106C42F80C6C00E08E68CE602F
:1012B00005E0614815F077FC5E4815F074FC0E619E
:1012C0005E49B0680968C90540F0A8805D490DF025
:1012D00015FA0546D0E90032007C8A46D6E9009B23
:1012E000022130B9D5E90241A142A1EB040138BF86
:1012F00002315B1A62F10002B9EB03047BEB0204DA
:1013000009D2DAF8000002990130C6E90032CAF8C1
:101310000000CE68D3E7A9EB0304A14211D9D5E9B7
:10132000022105F11403914208BF00281AD003EBF3
:10133000C200914291BFC2F102028A1A0021042325
:1013400014E0D8F80000D0E9001205F1240009F0FB
:1013500021FFDAF8000001991CF07CFB03200870E3
:10136000012049E0002204200423002103EBC101F5
:10137000039000EBC20005930691049000944CB1D9
:1013800003ACDDF800801CF05CFD00284BD0B8F108
:101390000108F8D103A80EF0EBFF002843D0416804
:1013A000009A01394160114302D0B0F8008015E085
:1013B000D5E90201884202D1297CC90736D0002133
:1013C0002974411C8A1E18BF0A4605F11401AA603F
:1013D00031F8308005F1300017F03EFD19F10100C1
:1013E0004BF10001C6E90001DAF8000001991CF098
:1013F00031FB012008700020C1074FF0010118BF28
:101400000321029A117618BF0120C00711BF0220E4
:10141000002010604FEA08401CF08BB8084815F017
:10142000BBFC15F063FD094815F0F8FA064815F005
:10143000F5FA00BF749004000898040004ED00E081
:10144000B100000048970400109D0400009D0400B6
:10145000D0B502AF0468206830B1207E30B10328D7
:1014600008D00F4815F09FFBFF20D0BD002020754D
:101470006068A060096804F1080000F01BFBC1B2BD
:1014800001200122022908BF0322227601D1022075
:10149000D0BD00222260C90718BF40F20110D0BDA4
:1014A00008980400F0B503AF2DE90007804691F8D5
:1014B00030000D46DFE800F00383861C4B00D5E9C1
:1014C000004005F11009AC60616801EB0036484648
:1014D0002021EE6031F0A1FB3C4A4846012112F088
:1014E000DAF90022C5E90D4085F84420C5E90F1658
:1014F00005F1340009F08EF9411C2ED12E465521FC
:1015000016F8100F4FF00009314A01EA5001401A55
:10151000332101EA900100F03300084400EB101081
:1015200000F00F0005284FF0000038BF012086F8BA
:1015300024003046012156E902A412F0ACF904F669
:10154000FF7286F83890C6E90AA0C6E90C1205F1C8
:10155000380009F05FF9411C0BD020F0FF01002298
:10156000C0B20123084385F83030C8E900201CF0E0
:1015700053B9287C552295F8341002EA5002801A9B
:10158000332202EA900200F03300104400EB101006
:1015900000F00F0041B100214FF0FF3204284FF05E
:1015A000000088BF0120DBE7042883BF0021022060
:1015B0004FF0FF3200209CBF02220021D0E70248FA
:1015C00015F0F1FAFEDE00BF148F0400048F040052
:1015D000248F0400F0B503AF4DF804BD84B0054678
:1015E00091F889000C4620B1032829D0274815F02E
:1015F000DAFAD4F88410002394F88A20616184F820
:101600008820D1E901122069511A38BF19460A0B06
:101610000126012A88BF0E0BC4E90060C4E9023626
:1016200020460EF0E7F9C0074FF0000021D084F803
:10163000300004F188006269C4E90610C4E9082199
:1016400004F1200101A800F093F80199881C0CD046
:1016500002984A1C10D1E169C0B209788142DFD1F9
:10166000A26901204FF0FF3107E01CF0E1F80320F0
:1016700007E04FF0FF3100E0039AC5E900100120B8
:10168000AA6084F8890004B01BF089BF348F04007D
:10169000F0B503AF2DE9F00B0546087C0C469046EB
:1016A000DFE800F0036063083D00002084F82400B8
:1016B0001CF0D9FC04F1140901A8494600F058F8BF
:1016C0000198811C03D11CF0B3F8032046E09DF87B
:1016D0000860411C08D09DF80B10BDF80920DDF80A
:1016E0000C8042EA014133E0022E89F800602DD1DE
:1016F000A16804F17406012060750873304620214A
:1017000031F08BFAD4E902010023426884F870308A
:10171000042302EB0131C4E90606C4E9083104F1EF
:1017200018094146484609F003F90646023003D13C
:101730001CF07EF8042011E048468846F4F795FE38
:10174000701C02D0310A002002E0667D4FF0FF30AD
:10175000F2B242EA012185E8030101202074BDE8CC
:101760000F0BF0BD014815F01EFAFEDE448F040099
:10177000B0B502AF8AB00546087C0C46DFE800F041
:10178000035E61140800002084F844001CF06BFC28
:1017900004F1140103A8FFF785FE0398811C0FD103
:1017A0001CF046F804203CE004F1180103A8FFF700
:1017B00079FE0398811C11D11CF03AF8032030E027
:1017C000DDF81110421C06910599CDF81B109DF80B
:1017D00010101BD0069ADDF81B300CE0DDF811105C
:1017E000421C01910599CDF807109DF8101006D004
:1017F000019ADDF80730CDF82330089208E0204642
:1018000007F82D1C10F8142F8A420DD14FF0FF302D
:10181000297128600898DDF82310C5F8050001201B
:10182000A96020740AB0B0BD0649049104F10C010E
:101830000391A7F12D0103AAF4F765FE024815F004
:10184000B2F9FEDEEF640200648F0400F0B503AF6E
:101850002DE9000B804691F858000D4620B1032871
:101860000AD0144815F09FF928680024D0E9011324
:1018700085F854402C1D0BC405F104091146484657
:1018800008F0EEFF0646023003D103206FF0010698
:1018900009E048460C46F4F7DCFD701CC8E9016419
:1018A00018BF0026012085F85800C8F800601BF01A
:1018B000EEBE00BF848F0400F0B503AF2DE9000B2E
:1018C000804691F85C000D4620B1032811D01748DE
:1018D00015F069F9D5E90001012300240373436879
:1018E00085F8584005F1080403EB013101F58053F8
:1018F0000BC405F108091146484608F0B1FF064639
:10190000023003D103206FF0010609E048460C467F
:10191000F4F79FFD701CC8E9016418BF0026012080
:1019200085F85C00C8F800601BF0B1BE948F04001D
:10193000F0B503AF2DE9000F89B00091017B029053
:1019400019B1032904D1846806E00468446002E008
:10195000514815F028F984605049A0680968C90504
:1019600040F090804F490CF0C9FE8046F0E80295A7
:101970000E46D4E900BA039009F02CFAB9EB000145
:1019800065F10002BBEB01037AEB020306D2C4E966
:1019900000121CF09DFC02984468DCE7D146DDF89B
:1019A0000CA0ABEB01010196884213D904AE0D46A1
:1019B000514630460CF064FA3046294612F068F879
:1019C000002859D01CF06CFC294331D05D46D0F87A
:1019D00000B03CE04546009855F854AFD0E900B45B
:1019E00005F104084FEACA00424648B111460838DA
:1019F0004B6808329C4204BF09688B45F5D12EE044
:101A0000BAF10C0F04D1284609F0CEFCD5F800A09D
:101A1000DBF8001020468847BAF10B0F1ED848F8B3
:101A20003A0008EBCA0041600AF10100286016E0A4
:101A300004A851465D460CF031FA9DF810000228CA
:101A40001DD008F1B800DDF810B017F032FA681CAC
:101A500049F10001C4E90001012003E0B8B94FF0E9
:101A6000020B0320019E3168013131600299087335
:101A7000584609B01BF0E9BD0D4814F0CFFF0B48E4
:101A800014F0CCFF064815F087F915F02FFA1BF07B
:101A900092FF0548F7E700BF7490040004ED00E0F2
:101AA000B100000048970400A1000000109D040050
:101AB000009D0400F0B503AF2DE9FE0F0191017BFD
:101AC000029019B1032904D1846806E004684460D7
:101AD00002E0394815F067F884603849A068096861
:101AE000C90564D137490CF009FE0646F0E8029BAF
:101AF0008846D4E9005A09F09AF9B9EB00016BF174
:101B000000026B1A7AEB020309D2D8F80000C4E98C
:101B100000120130C8F8000002984468DCE7D146A2
:101B2000A5EB010A06F1080B504512D903A8594646
:101B30000CF047FA03A8514611F0AAFF88B3416898
:101B40005246AA460139416011430CD090F800B0CA
:101B500015E00198D0E9001206F1240009F048FBD5
:101B60000220032114E058460CF043FA5FFA80FB90
:101B7000BBF1020F18D006F1380017F06DF91AF119
:101B8000010049F10001C4E900010BF0010001214D
:101B9000D8F800200132C8F80020029A11731BF017
:101BA000C8BC0A4814F03AFF074814F037FF04484D
:101BB00015F0F2F815F09AF97490040004ED00E0C5
:101BC000B100000048970400109D0400009D04002F
:101BD000D0B502AF044690F82C0320B103280AD0F8
:101BE0000A4814F0E0FFD4F82803012280F86120AD
:101BF00000222274A060204600F00AF8012100288B
:101C000018BF032184F82C13D0BD00BF58910400E5
:101C1000F0B503AF2DE9000F97B00446007C89466C
:101C2000DFE810F0050045034E0328001D00A06802
:101C3000E06015F0EBFBE268C4E90001D2E90A2399
:101C400015F062FED4F80CA0DAE90C23801A71EBCF
:101C500003001BD2012000258AF861001EE394F8DE
:101C60001403002860D0032800F0FD82DFF854063A
:101C700014F099FFA04618F8200FDFE810F00500D7
:101C80001B03210381007400A0690CE09AF8600036
:101C9000002840F0CE800020A04608F8200F0AF16E
:101CA000380048F8080C0021264606F82C1F46F894
:101CB000040C46F8100C002120234FF0010E84F88C
:101CC0001613A4F8143304F2163AC4F810034FF0B4
:101CD000000CC4E90CE1A0630122407EDF4D202806
:101CE00000F01F0005F5407502FA00F03CBF40F21D
:101CF0000855C5F200052860002084F85800A06B44
:101D000084F857C084F85630C4E911E12065D9F849
:101D1000005004F13C00294603F06AFF30B1032073
:101D200030708AF800004CE0A06998E2A06B4FF494
:101D30004171CA4B407E1CF08AF838BF0421012251
:101D400002FA00F0C850002384F8162310A82122BC
:101D500015F0FAFDDDE910129DF84800C4E90C12F7
:101D600084F8380021E094F8201304F1240004F5ED
:101D7000487689B1032943D0DFF84C0514F013FFEE
:101D8000264616F82C0FDFE810F0050098029B029B
:101D900055010E00A06A8EE794F82123D4F81C1395
:101DA00082F001021DE0D9F8005004F1300029460C
:101DB00015F064FE0121002818BF042184F82C10BE
:101DC00004D00320012588F8000067E20020E169C3
:101DD000A4F8200304F12400C4F81C1304F5487689
:101DE000012202F001024B6952420025B5F5A26FB3
:101DF00002D05A550135F9E70022616284F830209B
:101E0000D9F8001003F02AFE012500284FF0010048
:101E100018BF032030704FF0010018BF042088F86D
:101E2000000001D0032039E2E06880F86050D4F867
:101E30000CA0DFF8A8B49BF8045015F0E7FA7D2257
:101E4000DFF89CC4A0FB02039CF8008001FB023178
:101E5000000BB8F1FF0FCDE90A9540EA015E17D1FA
:101E60007F4900237F4A804E082B26D09D5904339A
:101E7000E8B24840C5F3072150434840C5F3074145
:101E800050434840504380EA156000FB02F1EBE705
:101E9000DBF82410754AAEEB010191421CD308F126
:101EA00001000921B0FBF1F101EBC101A0EB010838
:101EB0008CF80080CBF824E00EE06D484840092102
:101EC0005043B0FBF1F101EBC101A0EB01088CF82C
:101ED0000080CBF824E00B9DD346002D18BF0125D0
:101EE0001BF8136F9BF80F001BF8012C9BF81010C8
:101EF00000F001000692D30040F2012222FA03F919
:101F0000CDE908010CF098FCB4469BF84A209BF8F8
:101F10001260022A14D0AA4212D19AF858205FFA0D
:101F200089F39A4204BF9AF85920624508D19AF879
:101F30005A20B24204BFDAF85420424500F09A8099
:101F400000F001008AF85B0000208AF85C10CDE9FF
:101F500010009AF850108AF85D50C80707964FF0A5
:101F600090008AF85A608AF859C08AF85890CAF8DE
:101F7000548008BF482013904FF0480008BF9020BD
:101F80001290DAF84C0010AA002311F0DBFE0126B3
:101F90000923782246259AF850104FF00B0CDAF8F6
:101FA0004C00CDE90052CDE902364FF48763CD4AAB
:101FB00008FB0322CDE9046CF4F758FD0B9888B1B7
:101FC00002229AF85010DAF84C000823CDE9026298
:101FD000CDE90422C84ACDE90033F4F747FDDDE935
:101FE000085970E0DDE90859069802286BD00222F2
:101FF0004FF001089AF850100E23DAF84C00092629
:10200000CDE90228CDE90422B74ACDE900631C23BB
:10201000F4F72CFD0020CDE90C000698D8B3B348A6
:10202000B349CDE910B00CA810AA11F055FDDDF8A8
:10203000308035E094F8160304F2163A28B10328EC
:102040003FF465AEA14814F0AEFDD4E90CE194F87C
:1020500015C394F81433D4F810033CE60805005077
:10206000C59D1C819301000160000010C02709007C
:102070006BCAEB859AF85B20012A40F014819AF82C
:102080005C30CAB2DBB29A1AB2FA82F2520910423A
:102090003FF456AFD8E02D20CDF830808DF83400D5
:1020A000944A4FF00C0C0D269AF85010D2E90023F8
:1020B000DAF84C00CDE902234346CDE9006C0CAAC6
:1020C0000432F4F729FA284649460CF0B5FB002201
:1020D0000991C007CDE90C220B900CD0834807F87A
:1020E000391C1190A7F13900814910900CA810AA51
:1020F00011F0F2FC04E081490CA8022217F016F955
:102100000CA800F1040B0C980BEB000158460CF0E6
:1021100040FC0B21A0EB8005139116212D20784E59
:102120004FF000081291032100EB45001596CDF801
:10213000508011911BF076FC10A8F5F766F84FF46B
:102140008130CDE9148009201390142012900420CE
:1021500011902E2000EB45001BF064FC10A8F5F751
:1021600054F80B984FEA4509F8B10720099A1390E3
:102170000520119009F12F001090D0B2C100CDE9D7
:10218000148651FA82F164224900B1FBF2F112295E
:1021900028BF1221062838BF01211291DAF84C100D
:1021A0009AF8502010A8F5F730F80520CDE91486EC
:1021B0001390022012900620119009F143001BF0A9
:1021C00031FC10A8F5F721F84A4A4FF00C0C9AF8A8
:1021D000501009F14606DAF84C000C9BD2E90025B4
:1021E000CDE902255A46CDE9006CF4F795F9079937
:1021F000042900D905E0434850F8318000EBC100C4
:102200004568414EB8F1000F14BF464601257119CB
:1022100030460CF0BEFB3D4B00EBC000DAF84CC082
:10222000C0F1480002229AF85010D3E9003890FB20
:10223000F2F04FF0860ECDE90238CDE9000E60468F
:1022400032462B46F4F768F9E0680021DDF8289063
:1022500080F82110E06884F814133830A061002160
:10226000E06184F82810D9F8001004F11C0003F094
:10227000F5FB012500284FF0010018BF032084F86A
:10228000140301D0042009E0E068002580F86150C3
:1022900015F0BCF8E268C2E90A0101202074284662
:1022A00017B01BF0D2B9C2077FF44AAECCE70A4898
:1022B00014F079FC074814F076FC054814F073FC20
:1022C000FEDE00BF289804005895040048950400DD
:1022D000689504001898040068910400A0E60320A3
:1022E000C169032080550400787B0400E76B02007D
:1022F0003E3F0400987F0400008004000880040032
:10230000010201004C8004000CCE04004888040047
:10231000F0B503AF4DF804BD0446007A154D20B169
:1023200003280FD0144814F03EFC144A6068106073
:10233000012050600022C5F804210222C5F80423C0
:10234000286068600E48D1E90012443015F090FA18
:10235000D5F8046136B10020C5F80401F3F7E6FCB6
:10236000012000E003202072B6FA86F040091BF03D
:1023700019B900BF00700040C89104002C760040DD
:10238000A0E60320F0B503AF2DE9F80F044690F85E
:1023900020000091634A04F1240BDFE800F003BE43
:1023A000C10F70000020944684F8220059466069ED
:1023B000A061204690E86C006CC162464FF48076C4
:1023C0009046C2F88060BFF34F8FBFF36F8F15F058
:1023D000FFFD0098554DD0E9001205F12C0015F0D5
:1023E0000AFAD5E903010130E860C8F8006009B1D4
:1023F000032077E04FF00009264606F8219F4C485D
:1024000031462DF0AFFB002800F17D800120E66110
:1024100084F822000DF1040A9BE84E004FF4807B03
:1024200050464EC0C8F880B0BFF34F8FBFF36F8FD8
:1024300015F0CEFD6FF00100286205F110009AE85A
:102440004E004EC047F2305005F8349FE86040F22D
:102450000110A8802946A06945F80C0C00F57A7097
:10246000A86055F8280C013045F8280CC8F800B0D1
:1024700094F821002DF0CAFB4246002837D44FF4CF
:1024800080781546C2F88080BFF34F8FBFF36F8FFF
:1024900015F09EFD0098254ED0E9001206F12C00A3
:1024A00015F0A9F9F0686FF00101D6E9089A01303A
:1024B000F060316219F10200C5F8008011D019F105
:1024C000010015D194F821004FF0000984F8229002
:1024D0002DF07EFB00280AD484F822904FF0FF39BB
:1024E00012E0042084F820006FF001090FE082461A
:1024F00094F8220018B1E0690078F3F729FC002075
:1025000084F8220000E08246012084F8200048463A
:10251000514605B0BDE8000FF0BD034814F043FB81
:10252000FEDE00BF00E100E0E89104000C8A032019
:10253000C5810200F0B503AF2DE9F00B0546087B1D
:102540000C46DFE800F003696C0A32002068606026
:10255000406800F5C060206100E0206911460DF080
:1025600009FAE0B3A060606840680AF0EDFDA0B32E
:102570006068406800F1100102A819F013FE9DF890
:102580000800012829D104F11000BDF80D10ADF8A4
:10259000041081806168DDF80920026009680092FA
:1025A000002284F82020C4E9061004F1180102A8D2
:1025B00008F02CFA9DF80800FF2814D00298C1B248
:1025C000022914D16068466814F020FF62681BF08D
:1025D000B2F9C6F81806C6F81C16FE260FE0FD2054
:1025E0002870032014E0FD202870042010E0DDF89E
:1025F0000C90010A00F00100464241EA0968A06817
:10260000F3F7AEFB0120C5F8049085F801802E7029
:102610002073BDE80F0BF0BD014814F0C4FAFEDED4
:10262000C8920400F0B503AF2DE9000FA3B08146B6
:1026300091F8A80001F1400A88461546DFE810F03D
:102640000B0026022C022F007D001B00C000EA00B8
:1026500027018701290308F12000D8F88860414646
:102660002022C8F88C6030F074FC706800F5C060FF
:10267000C8F8B00015E098F81D0108F21D1101918D
:10268000DFE810F0070007020A023D01D7013A0116
:1026900045010AF17003D8F818510FCB8EE1D8F834
:1026A000B00029460DF066F9002800F01081C8F846
:1026B0009000D8F88C00406800F5BA6008F004FC7F
:1026C000002800F0B380D8F88C00406800F5B760AF
:1026D00008F0FAFB002800F0A980D8F88C00CB465F
:1026E000406800F5BD6008F0EFFB002800F09F8017
:1026F000D8F88C0008F1B009406800F1100150468C
:1027000019F028FD9AE82E0042EA050041EA030686
:1027100030430AF1100011BF2EC00021C0E90011A2
:10272000C0E90211D8F88C10002088F8B0000968C0
:10273000C8E92D19D94688F8BC001AAD08F1B401D2
:10274000284607F039FA1BF09AFA00F0C4801A986C
:10275000C1B2022940F0C780D8F82000022800F05A
:10276000D980012840F01B8108F1280C0AF12001D2
:102770009CE87D007DC10AF120031AF046FF00F0BD
:102780000A8198F8764088F8A9400AF138040FC405
:10279000DFF8F40514F000FB98F8A900414601F8B1
:1027A000B00F31F83C0C51F8242CA1F8050051F879
:1027B000400CC1F80100106800220A74C1E902014E
:1027C00008F1B8011AA808F049F91BF058FA00F00E
:1027D000868098F8A900454605F8B00F1022A5F1AB
:1027E000380155F8400CC5F8010035F83C0CA5F847
:1027F0000500E81D30F0ADFB05F11700A5F1600103
:102800001AF0CAFE55F8240C0021006885F8301033
:10281000C5E90A0508F1D8011AA808F00BF91BF060
:102820002EFA06D11BF0C2F907209DE2CB46FE2509
:1028300089E21BF0B6FBCDF81B20069110D08DF875
:1028400068000698CDF86900DFF84005DDF81B1038
:102850001B9114F095FA1AA8F2F7B8FB14F0F8FBE4
:1028600098F8A900414601F8BC0F0120C87151F841
:102870004C0C51F8302CC1F8010031F8480CA1F88B
:1028800005001068002201F8042C41E9030108F159
:10289000B0011AA807F0A4F91BF0F1F903D11BF05D
:1028A00085F9082060E21BF07CFBCDF8232008911D
:1028B00071D08DF868000898CDF86900DFF8D00471
:1028C000DDF823101B9114F05BFA1AA85FE01BF0EF
:1028D0006DF9032048E21BF069F9042044E21BF083
:1028E00065F9062040E21B9E010A00F00100CB467C
:1028F000454241EA066926E2CDF80090CDE098F81D
:102900002801C0076DD0DFF86C0414F04CF9CDF845
:102910000090EAE008F128005EC85EC500882880C3
:10292000DFF85C0498F83E4014F036FA4046BDF8F3
:102930007C1000F8B04F0022A0F805101E99C0F8D6
:10294000011050F8241C09680274C0E9021008F153
:10295000B80110A808F082F89DF84000FF2803D1C4
:102960001BF024F90920FFE11BF019FCCDF82B2006
:102970000A9110D08DF840000A98CDF84100DFF898
:102980000404DDF82B10119114F0FAF910A8F2F7F5
:102990001DFB14F05DFBFE2088F894006EE1002022
:1029A0000AF1700488F81D019AE80F00D8F88C50DD
:1029B0000FC408F21D14C8F8185101940AF18004DC
:1029C000C8F810510FC4DFF8CC0314F0E5F9D8F8BB
:1029D00010010021006888F8281108F59071C8E9F5
:1029E000480120F000FB012188F8281108B10021DE
:1029F0003AE10AF18003CDF800901AF006FE0AF1E0
:102A0000900539D008F5907985E80F0017214846E0
:102A100030F048FA08F2371029461AF0BDFDD8F810
:102A200010010068C8E952090020DDF8009088F81C
:102A3000500108F5A4711AA807F0FCFF1BF01FF95C
:102A400001D1042076E01BF0ACFACDF86320CDF87C
:102A50000090189115D08DF868001898CDF869008D
:102A6000CD48DDF863101B9114F08AF91AA8F2F72B
:102A7000ADFA14F0EDFA04E00020C5E90000C5E964
:102A800002004FF0000BC8F814B16CE0BB4814F022
:102A90008AF8B94814F087F8FEDE08F5A47110A88A
:102AA00007F0C8FF9DF84000FF283ED01BF077FBE1
:102AB000CDF88720219143D10120D8F8101188F852
:102AC000330198F81C0188F82C01D8F80001C8F8E7
:102AD0002D01B8F80401A8F831010868002188F830
:102AE000281108F59671C8E9480108F5907110A8F9
:102AF00007F076F89DF84000FF2818D01BF04FFB38
:102B0000CDF83B200E912CD08DF840000E98CDF8DA
:102B10004100A448DDF83B10119114F031F910A8E0
:102B2000F2F754FA14F094FA1BE0052000E00620B6
:102B3000DDF80090019908701BF038F8052013E1CA
:102B40008DF840002198CDF841009548DDF88710B8
:102B5000119114F015F910A8F2F738FA14F078FA78
:102B60007CE0D8F814B1D8F810018C4B4068D0E95B
:102B7000041210A819F088FB10994FF0020C0A6893
:102B8000934519D20BEB4B0001EB001E0EF1180C14
:102B9000DEF808000590DEF80C000490DEF8100066
:102BA0000290DEF814901AAA9CE87B007BC29EF883
:102BB00031C09EF83000039012990A68013A0A6009
:102BC000BCF1020F4AD0059808F1F00ECAF8A00037
:102BD0000498CAF8A4000298CAE92A091AAA92E835
:102BE0007B008EE87B00039888F80801D8F8140170
:102BF000DAE92C320130C8F81401DAE92E0142EA90
:102C0000010488F809C143EA00052C43A9D0CAF899
:102C1000E7301E9BCAF8EB2098F80621CAF8EF00AF
:102C200008F23710CAF8F31008F1D001C8F82131C2
:102C3000BDF87C3088F8202188F81C211022A8F8E3
:102C4000253130F086F9D8F8100108F59071006848
:102C5000C8E95201002088F850011EE7524814F0DC
:102C60009BF8DDF80090FE21012288F8950088F895
:102C70001D210022C8F8982088F8941001204146B0
:102C800001F8B00F002251F8240C00680A73C1E962
:102C900001011AAE08F1B401304606F08DFF1AF0BA
:102CA000EEFF03D11AF082FF0A205DE01B9ACB46AB
:102CB000DDF869100228CDF833200C910ED108F10F
:102CC0009C00D8F89860B8F896A098F8945098F8B6
:102CD000959015A990E81C001CC134E08DF83800CF
:102CE0000C98CDF839003148DDF833100F9114F00D
:102CF00047F80EA8F2F76AF914F0AAF908F1940E51
:102D00000DF1400C9EE83B0062463BC29DF84050EE
:102D10009DF84190FE2D18BF664606F10800B6F8F2
:102D200002A0DDE90EEC119E15AB90E816000EF046
:102D3000010016C308BF664608BF45424FEA1E2081
:102D400008BF40EA0C69D8F89000F3F709F8CBF80F
:102D500004600BF10800ABF802A08BF801908BF82F
:102D6000005015A91BF029FA88F8A80023B01AF022
:102D700099BB00BFA8970400F8920400D892040001
:102D8000260000007C000000250000007900000003
:102D90007D000000240000007800000044D30400FF
:102DA0007A0000007E000000280000007B00000088
:102DB000F0B503AF2DE900070546087C0C469146A7
:102DC000DFE800F00364670A1C002068A1896060E6
:102DD000E1811BF05CF8606104F1140049460CF0DD
:102DE000B9FD38B3A0600088A08200283FD0606899
:102DF000466804F10E00C4E9066001E0D4E906600B
:102E0000B0F8008056F8080F716842460BF040FA9F
:102E1000A0B18A4690F86F1301291AD1D9F8001091
:102E200000F51E701AF089FB022028601AF075FB6D
:102E3000042028E002202860032024E0164813F034
:102E40009FFF404611F026FF14F002F914200121E3
:102E50000FE0012180F86F131AF05FFBD4E9010144
:102E6000D1F804C00021A28AE389006801E01B2098
:102E70000121C5E900100120EA82AB82C5F810C02B
:102E8000A5F80C80AE6020741AF0C6BC014813F09F
:102E90008AFEFEDE0893040091000000F0B503AF47
:102EA0002DE90007ADF5467D804691F8D8018A46A8
:102EB00020B103280ED02C4813F075FEDAF800007C
:102EC000514641F8080F002051F8043C1AF037FE33
:102ED000C1E90C010AF10C096D4628464946F8F78C
:102EE0002BFB9DF80040FD2C04D1FE2088F800004B
:102EF000032032E080AE691C0F221AF0F5FA05F1CA
:102F0000100142A8F8222FF0CFF91AF091FFFE2C01
:102F10000AD16D46F11C28460C2230F01AF82846DA
:102F2000F2F728FDFF2409E0C2A80ECE0EC0F82259
:102F30001BF04BF884A842A92FF0B6F9454608F1DA
:102F4000010005F8104BC2A90F2230F002F884A945
:102F50002846F8222FF0A8F901208AF8D8010DF5AB
:102F6000467D1AF059BC00BF18930400F0B503AFBA
:102F70004DF804BD054691F800020C4620B1032827
:102F80000ED0114813F00FFE2068214641F80C0FB7
:102F9000002051E902361AF0D2FD01F12C0343C39F
:102FA00004F1100628463146F9F700FB2868023084
:102FB00001D1032003E03046F3F729F8012084F81B
:102FC00000021AF0ECBA00BF28930400F0B503AF7A
:102FD0002DE9800F814690F86400884650B103289F
:102FE0003FD14E4616F8600F90B303283CD1D9F874
:102FF0005C0090E0D9E90213D9F81020D9E9000467
:10300000C9E90504C9E90713C9F824204AB1012018
:10301000B3F1005FC0F08F8013441B0F022B00F24E
:103020008A8001204FF6FE7489F8380000208A4219
:1030300088BF11464FF6FF72B1FBF2F2A2EB0243DA
:103040005B1818BF0132C9E90A10C9E90C240EE067
:1030500009F1440ED9E90FC5D9E914149EE80844D2
:103060002AE03A4813F09FFD374813F09CFD0020FA
:10307000002A60D04E4606F8600F501EA6F1440E9E
:1030800056E913C556F8341C46F8300C60189EE813
:103090000844013046F8340C4FF6FF7456F8380CEB
:1030A000401AA04238BF0446A6F11C0046E909C5F3
:1030B00080E8084446E904145A1A4FF0000B944281
:1030C00038BF22468B42634688BF0D4453F8040F35
:1030D000C0F834554FF0000588BF95B2AEEB010241
:1030E0009442C0F8385538BF22468E4588BF8A447E
:1030F0004FF00001C0F844A588BF91B2C0F8481550
:103100004021C0F818B1C0F8041301210161DCF8B6
:103110000000C9E91630D8E9001214F0A9FBD9F86B
:1031200058000068D0F8180138B1012089F8600013
:10313000D9E90C249BE7012102E003210220317030
:1031400089F864101BF072B8C8930400B8930400A7
:10315000F0B503AF2DE9000FADF5517D13461F907B
:1031600001F108001E90887C8A46002100251C91F0
:10317000CDF8ACA02793DFE810F01A00DB01260F92
:103180007A007100D202A20064005D00A9009A00DA
:10319000B10036002600FA04B9006B00DA004500E1
:1031A000020EEF00C1001601590003012F00DAF8EA
:1031B00004005146CAF800000022006841F8140FCC
:1031C0000A72496059E09AF82000C00700F09D8417
:1031D000DFF8480E13F0E7FC00201A681C904FF04F
:1031E000000801F03DBA554615F81C0FA5F108047A
:1031F000DFE810F005008601E90EF703E000206823
:1032000000F0E9BB5446002114F81C0F1B911AF082
:1032100016F9DFE810F005007501D80EF809D8009E
:10322000DAF8140000211C9101F0E5B91A680020B9
:1032300001F0FCBC1AF02FFE40F06681DAF81800AD
:10324000DCE21AF028FE40F06381DAF81800AFE201
:1032500000204FF000081C9001F000B89AF82800F8
:10326000C00700F0A781DFF8B80D13F09CFC1AF03E
:1032700012FE40F05181DAF814000168002940F094
:103280003B81022101711BF031FA1AF041FC8AF8EE
:103290001C0040F0AC860AF13404202120251AF0ED
:1032A000D3FF0820CAE90545CAF81C0068E11AF0F6
:1032B000F2FD00F0ED82DFF86C0D13F074FC1AF0F3
:1032C000EAFD40F02D81DAF8180058E21AF0E3FD2B
:1032D00000F0B082DFF8500D13F065FC9AF824007E
:1032E000C00740F02181DAF8205046E30020DAF8E8
:1032F00050901C9000201B9000F085BC544600218B
:1033000014F81E0F1B911AF09AF8DFE810F0050070
:10331000F9005C0ECF0D67001B959AF820109AF803
:103320001F20DAF8180000251C9501F0B5BD5446A1
:1033300014F8320FA4F11E05DFE810F00500FE00BE
:10334000450E75005D00DAE905604FF00008169043
:1033500000201C9001F0B8B95446002114F8280F41
:103360001B911AF06CF8DFE810F00500CB002E0E70
:103370009D0C7600DAF8140000211C9101F082BC4B
:10338000544614F8580FDFE810F00500DB001E0E5D
:1033900089007300DAE914801D9000201B90002042
:1033A0001C9000F0C4BF00201A681C9000201B90E5
:1033B00001F0BDBC9AF82800C00700F01C83DFF8BC
:1033C0006C0C13F0F0FB9AF82800C00740F0BC80AA
:1033D00000201B9000201C9001F023B99AF82C00CB
:1033E000C00740F0B5800021DAE909051B910021F2
:1033F0001C9101F06ABD1AF0BEF91AF020F8DFE85E
:1034000010F00500AF00E20D0F0A4F0A1AF08EFB14
:10341000DAE90E509AF85E2000211C911D99A1F165
:10342000270801F0C6B91AF0A6F91AF008F8DFE883
:1034300010F005009700CA0DE00A1A0B1AF076FB8F
:10344000DAE90E309AF85E5000211C911D99A1F125
:10345000270801F085BA9AF83400C00740F07C8054
:103460000021DAE90B051B9100211C9101F02BBC16
:103470005546002115F8A40F1B9119F0E0FFDFE875
:1034800010F005007300A20D390823000020DAF8BF
:1034900064801B9000201C9001F01CB85546002150
:1034A00015F88C0F1B9119F0CAFFDFE810F005002A
:1034B00029008C0D8C0B19000020DAF860601B903D
:1034C00000201C9001F070BB9AF8B000C0074FD1EB
:1034D0000021DAF8AC001B9100211C9101F01BB80F
:1034E0009AF89800C00747D10021DAF894001B91A0
:1034F00000211C9101F078BBDFF8340B13F098FA2F
:10350000DFF8300B13F04FFBDFF82C0B13F04BFB05
:10351000DFF8280B13F047FBDFF8240B13F043FB15
:10352000DFF8200B13F03FFBDFF81C0B13F03BFB25
:10353000DFF8180B13F037FBDFF8140B13F033FB35
:10354000DFF8100B13F02FFBDFF80C0B13F02BFB45
:10355000DFF8080B13F027FBDFF8040B13F023FB55
:10356000DFF8000B13F01FFBDFF8FC0A13F01BFB66
:10357000DFF8F80A13F017FBDFF8F40A13F013FB77
:103580000AF11408002D49D0DAF81C10DAF81400FA
:10359000A94228BF29466A1A4318CAE90532E8B386
:1035A000CAE90B010021DAF8000000688AF8281047
:1035B000CAE908080024CDE97A447AA81FF021FD61
:1035C000002872D182A87AA9082211F041FE8498BD
:1035D000002800F002838598002840F00083DDE990
:1035E0008201CDE95A015AA84CA91AF0D9F82CA8A1
:1035F0000CC90CC008230A88897802808170DDE933
:103600002C01CDE97201DAE90B01DFF8682A00929A
:1036100072AA15F04FF9DAF81850B1E7DAF800009D
:103620000AF13401202244685AAD19F099FFDFF8FD
:10363000481A04F118000BF061F882AE044689467E
:103640002946304618F072FE04F5A47B31464FF44B
:103650009C7258462EF028FE82AE5946304617F02E
:1036600004FD04F5207B3146202258462FF071FCE2
:1036700082AE5946304618F0A7FE04F52870314650
:1036800040222FF066FC19F03CFF1AF0F4FB0168B1
:10369000CA071FD04268090A0124130A41EA0261DD
:1036A000ADF86D31CDF8691115E00002CDF86F412C
:1036B000CDF86B015AA84CA91AF072F82CA80CC9C5
:1036C0000CC00A88897802808170DDF8B300DDF8CB
:1036D000B79077E2002400F1100130468DF8684180
:1036E00018F060FD9DF80802002818BF3546D5F88F
:1036F000011020432F91B5F80510ADF8C0102ED061
:10370000BDF8C000A8F804002F98C8F80000DAF847
:1037100000000068CAE9070800208AF824000AF1BE
:103720001C0182A807F072F99DF80802FF284DD00D
:103730008298C1B2022940F043821AF09CFB09F042
:10374000F3FC60B1DAF80000446813F05FFEDAF8C9
:1037500000201AF0F0F8C4F81806C4F81C16B14896
:1037600048F29C01CAF82400504640F8201F00226D
:10377000DAF8001009688AF81C20CAE905101BF065
:10378000C5FA8046012000258AF81C00B8F1000F18
:1037900040F02D844FF00071504640F8201FDAF8B9
:1037A0000010CAF8245009688AF81C50CAE90510AC
:1037B0001BF0BEFA80460120B8F1010F8AF81C0008
:1037C0000AD0B8F1000F40F0128409E01F99FD20E3
:1037D0000870052000F01CBCDFF8A00813F0DCFA2C
:1037E000914A504640F8202F0021DAF80020CAF80C
:1037F000241012688AF81C10CAE905201BF0A2FAEE
:103800001AF086F98AF81C0040F0F183DFF870089E
:1038100013F0B6FAFB2013F0A5FA202013F0A2FA59
:1038200013F016FCDAF800005146006841F8140F56
:103830000D72496000208DF868015AA81FF076FBD0
:1038400078BB82A85AA9012211F068FC9DF80802F1
:103850008399002900F0C6818499002940F0C6812F
:103860008AF80E0001208AF81C000AF11404DFF81F
:10387000140813F085FA9AF80E0011F099FB13F072
:10388000E7FBDAF8000000688AF81C50CAE9050472
:1038900000208DF80A02ADF8080282A81FF0B8FBDC
:1038A00020B1804601208AF81C00A0E39DF80A425E
:1038B0000121BDF808024FF6FF728AF81C100AF1C8
:1038C000080340EA04400AF114050102C0B2914322
:1038D0005C7241EA0026300AA3F80700DFF8A80767
:1038E00013F04EFA204613F03DFAC6F30F2013F002
:1038F00039FA13F0ADFBDAF80000DFF890179AF808
:103900001140466806F5787016F0DCFD84610868A1
:10391000DFF87C3701300860D6E9021282A80AF08D
:103920000EFF4FF45E71DDE98202514331B1C0F800
:103930004043A1F55E7100F55E70F7E7849819F0D9
:10394000C0FEDFF8500713F01BFA0120012411F02C
:1039500069F9FF20FF2611F065F913F079FBDAF819
:1039600000100020CAF817408AF81600AAF8146060
:1039700009688AF82400CAE9071528461FF0BCFA2E
:1039800001218AF8241018B1DFF80C0713F004FAAB
:10399000DAF800009AF81140BAF80F60456814F0A0
:1039A00067FE95F86C1631B90121C5F86466C5F853
:1039B000684685F86C1614F091FEDFF8E00613F007
:1039C000EBF9DAF80000544644F8140F0021279B65
:1039D000254605F8081FCAF818001AF058FACAF860
:1039E00020000AF120001AF0F7F8A0B1DAF8180068
:1039F00000211AF0BFF90020ADF834014C904CA81A
:103A00001FF010FB90B1804601208AF81C008AF854
:103A1000280001F0F5B91F9903202870FD200870D7
:103A20000C20F5E200800020571A030082A84CA960
:103A3000062211F057FB9DF808528498002800F0E8
:103A4000D5808598002840F0D0809DF80D02012295
:103A5000DDF8091200028AF828208AF81C2045EABD
:103A600001225A9240EA1160ADF86C01DDF86B0159
:103A70000AF10802AAF80910010C8AF808505171DD
:103A8000A2F803009088116808431BD00AF10801CE
:103A900000208DF8CA008888ADF8C8000868319009
:103AA000DFF8FC0513F06CF931A817F08FFB13F069
:103AB000CFFA1AF0E0F90178012903D0103031A9CA
:103AC00018F05CFB1AF0D7F9D0F81016D0F81406ED
:103AD000CB0B01F00041C20B43EA40456FF3DF30EE
:103AE0004018CAE90A5240F2012008BF1804010632
:103AF00040F08280000C0021AAF81400DAF80000DF
:103B000000688AF82010CAE90604DAF81C001FF0E1
:103B100051FA19F0FDFF8AF8200041F07181DFF8B9
:103B2000840513F02DF9DAE90A01F1F7ABFB13F084
:103B30008FFA1AF0A0F909F0F7FA0024D8B3DAF8EE
:103B40000000DFF86415406800F5C4600AF0D6FD97
:103B50004FF0FF32279BC0E9002219F026FDDAF86A
:103B60000000CAE906448AF8C040CAF8A0001A68F2
:103B70000AF1180482AD21462846FEF753FD1AF0DB
:103B800082F904D11F99FD2008700E2040E208350B
:103B90000DF1CC0B204619F0F9FD59469DF809822C
:103BA00095E81C001CC1F2F752FBFE2E11D1DFF884
:103BB000FC0413F0F1F800201C9000201B908BE215
:103BC000DDF80C92010A00F0010041EA0968454263
:103BD0000FE26BA89BE80E00C9E29DF80842DFF8EF
:103BE000D004C7E200F0010500E00025DFF8C004C2
:103BF00013F0C6F82846C0E2DFF8B80413F0C0F8A6
:103C000016F026FBBBE2DFF8B01409F5787016F069
:103C100059FC0E46279910300D68D5E9001213F0B3
:103C2000EAFD3068DFF8943401303060D9E90212DF
:103C300082A818F029FBDDE982124FF45E70504330
:103C40004FF0FF3BA1F55E710AF158030AF1180429
:103C50001D9528931794E8B101F55E7291F8D4167A
:103C60000BF1010BA0F55E7001291146F3D192F81A
:103C70005D034FF0050818908498B2F85823D9E9ED
:103C800002E90168269201390160100ADDF8ACA052
:103C90001990A2E2849819F0D7FD2B98DFF8201430
:103CA000446D04F5AD66304616F00CFC8846D5E947
:103CB0000012303013F09FFD0DF5027AD4F8601534
:103CC000D4F86425DFF8FC3350460AF064FDDDE9E2
:103CD00082214FF4B07041430C324FF0FF30B1B14C
:103CE000134602F5B07513F80C290130A1F5B07137
:103CF000042A2A46F3D91988002900F06C815988D2
:103D0000D4F86095D4F864B50A0A849B02E00026D2
:103D1000849B00221C68013C1C60D8F800300133F1
:103D2000C8F800304FF0060836B1B6462691CDE906
:103D30001802DDF8ACA050E22898DDF8748006681F
:103D40004146746804F5BA69484607F095F8C0B270
:103D5000032102281FD104F5B760414607F08CF813
:103D6000DDE9115BC0B20421022817D104F5BD6062
:103D7000414607F081F8C0B2052102280ED17068D3
:103D800009F0D2F900B3706809F0DEF90721D8B163
:103D9000AC46DE4605E0DDE911CE01E0AC46DE468C
:103DA000269089464CA87AA94FF0000B4FF00708DF
:103DB00090E87C007CC110981590CDE918ECCDE915
:103DC00011CEDDF8ACA006E2484607F07DF8A0B3BE
:103DD00004F5B76007F078F878B304F5BD6007F034
:103DE00073F850B3B84904F5C4600AF087FC8846FC
:103DF0001D990646203019F0A0FBD6E900904FF03F
:103E0000FF31C6E9001100EA0900013013D0307A11
:103E10002690F07A109006F10C0096F809C096F8FA
:103E20000AE04CA990E87C007CC1D8F80000013081
:103E3000C8F80000B6E719F062FA2B98D0F828B05D
:103E4000DBF80003002840F0C9804FF0FF300F9DE1
:103E5000CBF8000300219BF81003012805D10BF5D6
:103E6000727013F0BBFC9BF81013DBE9C2024FF633
:103E7000FF79904201D1C90739D000218BF8101386
:103E8000411CC0EBC000CA1E18BF0A46CBF808236D
:103E90000BEBC000B0F818831FFA88F1494526D013
:103EA00000F5467E52460EF1140C9EF81300029067
:103EB0009EF812000890DEF804000490DEF8080076
:103EC0000590DEF80C000690BEF802000390BEF8E4
:103ED00010409CE86B006BC20EF1280072A990E8BC
:103EE0006C00200A6CC10F9D07941B9008E01D9880
:103EF000D0E900120BF5707013F07DFC4FF6FF78DF
:103F0000DBF800031FFA88FC0130CBF80003CC4536
:103F100032D05AA99AE86D006DC172A86EA990E8D6
:103F20006C00A9F1010080B26CC18445DDE906B0E6
:103F3000DDE902E3DDE90421089D09901B981C904E
:103F400025D1DDF8ACA004200E91CDE90AE39AF862
:103F500038100C92DDF8A8901D9E0F95CDF834B066
:103F6000DFE811F005004200310823010C08DAF8FF
:103F70003000CAF8340006E117981D9913F07EFD51
:103F80000E990028DDE90C2BDDE90AE3D9D10DF506
:103F9000B47C0E917AA9A94614469A469CE86D0015
:103FA0006DC16EA836A990E86C006CC10998269086
:103FB0001C98CDF854E0CDE90AEAA646CDF84CA00D
:103FC0000C94CDF83C90CDF860901990DDF83890C5
:103FD000CDF834B0ADE63D4812F020FD3C4812F07B
:103FE000CFFE16F05DFACAE03A4812F0DCFD4FF061
:103FF00000091F99C1F8049001F10800A1F802A07E
:1040000081F801800D706BA91AF0D7F8DDF8ACA02B
:104010008AF812000DF5517D19F044BAC8970400D2
:10402000589904001899040048990400E89704007E
:10403000F8960400BC8A040008990400489804001B
:10404000089704007897040038980400F893040057
:104050002C8A04006C8B040038990400489A0400F0
:10406000589A04008C8A04009C8A04006899040011
:10407000789904000894040034D3040096000000EA
:10408000530000004E000000510000003C9E040060
:104090004C9E04004A000000700000004F00000029
:1040A000480000004900000018940400500000007F
:1040B000AF000000C80000008C9E04009C9E04001D
:1040C000709B0400809B04009C9D0400909B040056
:1040D000C7000000E8920400DDF8ACA0DFF8E81E9D
:1040E000DAF80040D4F8049009F118000AF015FB42
:1040F00090F83E8109F1100B06460D46B8F1020F0B
:1041000020D113F083F919F098FD2A68013A2A604A
:104110001D9AB8F1020F18BF1146289A18BF104611
:10412000CAE906010020CAE914998AF838008AF819
:104130002000DAF80000CAF85840CAF828B0CAF8D7
:10414000300060E506F1200182A817F055FF9DF8C8
:104150000802FE2802D1D6E9480103E013F056F91F
:1041600019F06BFD28901D91DDF8ACA0C9E735462C
:104170000EC03EE712F004FE204617F003F912F0DD
:1041800067FF12F0B3FE13F041F90246DAF834008B
:104190004068D0F81836D0F81C46D21AA1410ED289
:1041A0000020CAE910348AF848000AF1400031467C
:1041B00013F064FC0028E6D0032000F0DFBE08F016
:1041C000C3FF002800F0D986DDF8A4B001204FF02D
:1041D00009088AF83800DDF868E07AA90DF1F80CD2
:1041E00091E87900624679C236A83AA990E8780049
:1041F0000FFA88F00A46052878C2CDF868E053DB4C
:104200006FF0040010FA88F1279BDDF86C801D9A8E
:10421000DFE811F005003D02D601D9062402159809
:104220008AF83F0019988AF83D0026981E998AF866
:104230003C0000208AF82200BAF83C00189CA1F843
:104240001700DAF800008AF83E40CAE90CE9CAF81B
:1042500038B04C76CAF81800CDE929B9CDF86C8091
:1042600082AC0AF114011A462046F4F74BF819F013
:104270000AFE00F0CD8504F1080119F087FA002E3E
:104280009DF809825AA891E83800024638C235469E
:1042900000F09380142D18BFFE2D00F092801C2D8D
:1042A00000F08F8000F0EABD15988DF84301189852
:1042B0008DF8420119988DF8410126988DF840013A
:1042C0001398CDF834E10DF5987ECDF838910EF1C4
:1042D0001402ADF83201CDF83CB1ADF830819CE864
:1042E000790079C20EF1280091E83C003CC0022020
:1042F000ADF868016FEA08005AA9000418BF7146BA
:1043000082AD382219F02CF9DAF8006029461798A6
:10431000382274682EF01DFE002004F108088AF887
:1043200058001D96CAE91486CDE929B9289C1E9823
:10433000DAE90CB9D0E90663D0E908255046008BCC
:10434000BAF81AA0DFE810F005009800F3006B043B
:104350005E00D8E90001524609F078FF002800F01D
:10436000058400F5107CA3460DF5F47E9CE87502EB
:10437000734683E875020868DDF8AC900138086080
:1043800009F1A0039EE87610184680E87610D8E977
:1043900002125AA817F08CFF9DF89101022840F0F4
:1043A000ED83DFF8440C12F0F7FC4046514605223D
:1043B00009F090FF5C4600F032BCB8F1020F40F00B
:1043C0005D852B98DFF84C3C00F1300490F83E50AE
:1043D00016CC82A80AF0B3F983998C4280F0E48568
:1043E00082984FF45E7104FB010090F85C13012980
:1043F00002BF80F85D53022180F85C13849819F0A5
:1044000060F969E61D98DFF8C41BCDF85C80904622
:104410004068CDF874A09A4600F5C46028940AF06C
:104420006DF90C46D0E900120023C0E906B911402D
:10443000C0E90485A1F1FF31C0E9026AB1FA81F156
:1044400043604909169540F8201B13F0C7F920680E
:104450001D9A01302060179819F015FC50B1169A7A
:10446000C0E9906AC0F84882C0E9932BC0F8549222
:1044700019F09BF8289CD2E3D8E9000193465246F4
:10448000A1461C4609F0E2FE002800F069830A6894
:1044900090F86E03013A0A602B99002881F86000B9
:1044A00040F062831E9A00202B460D4605F8A40FAB
:1044B000DDF8748025F83CAC8A46C2E91B644C46A2
:1044C000C2F86600C2F8620045F8408C25F8320C4C
:1044D000C2E91DB30AF188000AF168011C22CAF87A
:1044E00084802EF036FD279BD8F8040000F264602B
:1044F000CAF8A8000AF1A80019F06EFB002800F025
:104500008E84DAF88400016800208AF8B0000AF18D
:104510008800CAE92A101EF0EBFF19F0F9FA8AF8B0
:10452000B0008AF8A40000F07A8300F068BCDFF8DD
:10453000A00AA24612F030FC08F11009DFF8941A24
:1045400048460AF0EAF8064690F83E010C46022872
:1045500000F0378206F120015AA817F04DFD9DF8B2
:104560006801FE2840F02D82D6F83411D6F83101CA
:10457000CDF8031280902068DFF85C3A01382060A3
:10458000D8E900125AA80AF0DAF8DDE95A514FF4D6
:104590005E7001FB00F680AC002E00F0C78495F839
:1045A0005C03042807D105F51070214617F05CFD67
:1045B000002840F0B88405F55E75A6F55E76EBE759
:1045C00003210020D9F1020470EB0B0038BFA9F1E0
:1045D00003011B9DDFE811F00500CC0346038F03A8
:1045E0002703DAF8000000215446CAF8140004F842
:1045F0001C1FCDF8A4B0CAF8180040681B9500F243
:104600006460CAF820000AF1200019F0E5FA0028D9
:1046100000F02284DAF818000021CDF8A89019F0F3
:10462000A9FB1EF0B1FE01218AF828108AF81C109F
:1046300070B18DF809020021DFF8B40983918DF87B
:10464000081212F09DFB82A8F0F7A6FC12F000FD04
:1046500019F011FC00F5BA6000F050BC19F061F9D6
:10466000CDF86C800AF1140B82AC59462046FDF758
:1046700061FF19F008FC00F0A883DDF80C9204F14A
:104680000800BDF80AA29DF8098268ACE2E215981C
:1046900056468AF8CF005446189855468AF8CE00F8
:1046A00019988AF8CD002698DAF800108AF8CC001C
:1046B000002046F8C0EFCAE9319B1691CAF81810DD
:1046C00004F8320F45F8146FD6E90112DFF82439E7
:1046D000CDE92854CDF86C8082A80AF05CF8B07B54
:1046E000839914968142CDF8A89040F25384829920
:1046F0004FF4B07210FB0210012190F80C8001FA07
:1047000008F111F0590F08BF457BB0F85411B0F80B
:104710004CA1B0F80290048884982B9E1D9119F04A
:1047200093F826F81C4F1221301D1790A6F802901E
:104730002EF0B8FBB8F1050F00F0EA80B8F1060FD3
:1047400040F03C81149DDFF8B418286815F0BAFEDB
:1047500090F838200123012A98BF1A46541C80F88B
:10476000384018F022FFADF80832A98930882B9B19
:10477000ADF80A12012804BFD88B814240F016849C
:104780001E461D9826F8340F1220179DB04614912E
:1047900031853446169948F8045FA6F802A09A4677
:1047A000C6E90816002104F82B1F86F82A20B060FD
:1047B0001D940621544604F8401F00210523A146FC
:1047C000C4E9030149F8085F211DE380EA4B48462C
:1047D000C4F802306270EDF7BFF8C0B202284CD1C5
:1047E00048462146EDF7B8F8C0B2022845D1DAE9CB
:1047F00013300425191A042940D3D9F80020041DC8
:10480000DFF800180091214615F07CFDCDE982010A
:1048100082A8314604220BF01BFD78BB18F028FE5D
:104820000AF160010DF5027A19F07AFB829C022CE4
:1048300000F0FF820AF10C05DDF810E2BDF80E82EF
:104840009DF80C229DF80DC27AAE95E8030233461E
:1048500083E80302E00716D05AA896E81A001AC0A7
:1048600001201D99FD2A087000F0E682C246154617
:10487000F1466646DDF85C803DE0051DDDE9246912
:10488000DDF884A034E02B9D05F16800C5F864E0F4
:10489000A5F8628085F861C018F0F2FC19F00DF8F7
:1048A0001A680AF1740882AD4146284601F0E4F91D
:1048B0009DF80842FD2C00F0B08219F02EF94CADA5
:1048C00019F047F8FE2C07D118F018FCDDE924692F
:1048D000FE25DDF884A009E05AA895E80E000EC078
:1048E00018F00CFC4E46DDF858902546DDF85C804B
:1048F0001D99012008704046F1F755FB0DF5B47C79
:10490000FE2DCDF884A0B0462496CDF89490E1E039
:104910000120ADF80802002C14988089ADF80A0235
:1049200000F04683484540F043832B981D99179B20
:104930000646CDF8509026F834AF82461220B04695
:1049400071801699324648F8043FC6E908160021DE
:1049500002F82B1F86F82A50A6F82890B0601D9206
:104960000721544604F8401F0021052265702546A2
:1049700045F8083FC4E90301211DE28028467E4A2C
:10498000C4F80220ECF7E8FFC0B2022810D1284694
:104990002146ECF7E1FFC0B2022809D1DAE9133071
:1049A0000422191A042910D2DDE92269154602E011
:1049B000051DDDE92269DDF880A07CE0DDE928063F
:1049C0008BE0206801382060B3E22A68041DDFF81C
:1049D00034160091214615F095FCCDE9820182A89C
:1049E0003146042204250BF033FC0028E1D118F0F5
:1049F0003FFD0AF160010DF5027A19F091FA829CEF
:104A0000022C00F000820AF10C05DDF810E2BDF87E
:104A10000E829DF80C229DF80DC27AAE95E8030235
:104A2000334683E80302E00710D072A896E81A0024
:104A30001AC001201D99FD2A087000F0E781C246C6
:104A40001546F1466646DDF85C8037E02B9D05F1A2
:104A50006800C5F864E0A5F8628085F861C018F0C8
:104A60000FFC18F02AFF1A680AF1740882AD41465B
:104A7000284601F001F99DF80842FD2C00F0B781AD
:104A800019F04BF84CAD18F064FFFE2C07D118F06C
:104A900035FBDDE92269FE25DDF880A009E072A87A
:104AA00095E80E000EC018F029FB4E46DDF8589030
:104AB0002546DDF85C801D99012008704046F1F71D
:104AC00072FA0DF5E47CFE2DB046CDF880A022965A
:104AD000CDF88C90DDE9280604D101213170F1F781
:104AE00056FA21E0CDF8A4A00DF5EE7A2C469CE80C
:104AF0002C0051462CC1254601213170F1F747FAAF
:104B000074B1142D18BFFE2D0ED01C2D0CD06BA827
:104B10009AE80E000EC01F99DDF8A4A0FFF76ABA4C
:104B20005FFA88F00228F2D12B98DFF8E034D0E960
:104B3000311290F8CE4082A809F01EFE8399A1425E
:104B400040F2248282984FF4B072849914FB0200E0
:104B50000022CDF8A4B0027318F027FDFFF7BCBA0D
:104B6000DFF87C0412F018F94C4658E0DFF87C04BA
:104B700012F012F953E000BF040008005AAB1E9C6B
:104B80004D461D9E0FCBC4F86200002005F88C0F27
:104B9000C4F86E3025F824ACCA46C4F86A20C4F8BC
:104BA00066105C4645F82C6C0AF17A000AF168013F
:104BB0001222CAF864602EF0CCF9279B706800F2CC
:104BC0006460CAF890000AF1900019F005F8002816
:104BD00000F00081DAF86400016800208AF898008B
:104BE0000AF17A00CAE924100021ADF8B8116EA9C3
:104BF0001EF051FE002840F0FC8072A86EA902222F
:104C000010F0B6FA7398002800F0C9817498002853
:104C100040F0C38101208AF88C008AF898000120B6
:104C20002070FFF759BA18F07CFE1C98CDE91B5094
:104C30000AF1140B82AC59462046FDF77BFC19F0B3
:104C400022F900F0CF8004F1080018F09FFD9DF8D4
:104C5000098249AC90E82C00214658462CC1F1F756
:104C6000EBFA7DE0DAF800002699C90700F00C8124
:104C70000021544604F8281F44F8140C44F80C1C76
:104C800024F8081CDAF81C10CAF82210BAF8201010
:104C9000CAF81800AAF8261040681B9500F2646054
:104CA000CAF82C000AF12C0018F096FF002800F03A
:104CB0009480DAF818000AF12205002100688AF8C9
:104CC0003410CAE90B050121012413F04DFD5FFAF0
:104CD00080F8B8F1000F40F0CA8028461EF038FB7B
:104CE000002840F0C380012101208AF82810269076
:104CF0008AF83410FBE015980AF124018AF82300A1
:104D000018988AF8220019988AF8210026988AF8BB
:104D10002000CAE9069BDAF800E09CE8790079C136
:104D200000218AF8C010CAF8A0E0CDE929B90AF13B
:104D3000180B82AC20465946FDF774FC19F0A3F815
:104D400000F08F8004F1080018F020FD9DF8098222
:104D500046AC90E82C00584621462CC1F1F777FA72
:104D6000FE2E3FF4B9A96BA894E80E00FFF7FFB937
:104D70000020AAF81D00DAF80000CAF81800CDF8E3
:104D8000A8900AF11401CDE91AE582AC1A46204632
:104D9000F3F7FCFA19F077F859D004F1080118F08C
:104DA000F5FCFE2E9DF8098243A891E838000246E2
:104DB00038C262D12B980068406800F5B76006F0F1
:104DC00090F8CDF8A4B0FFF787B918F092FA19203F
:104DD000FFF71EB90320287024E018F029FE1420E4
:104DE000FFF716B918F085FA1720FFF711B904205C
:104DF0000AE0804601208AF88C008AF8980020702A
:104E00000025FFF7F4B803201D990870032014E073
:104E100018F06FFA1020FFF7FBB804200AE0032017
:104E2000287004201F992070FD2008701820FFF7BB
:104E3000EFB803201D9908700420299A1F99DDF806
:104E4000ACA01070FD2008701120FFF7E1B818F039
:104E500050FA1320FFF7DCB818F0EAFD1220FFF734
:104E6000D7B818F046FA1620FFF7D2B880461F9937
:104E70008AF828408AF8344050E035466BA990E81B
:104E80001C001CC1FFF7B5B80021544624F81E1FB2
:104E90000022A17044F8060C8AF81D108AF81C2024
:104EA000CAF8140018F0F3FFCAF824000AF124002D
:104EB00018F092FE30B3DAF814000AF11C05002154
:104EC00000688AF82C10CAE9090519F08CF95FFA14
:104ED00080F8B8F1000F1BD128461EF043FAB0B994
:104EE00001208AF81E008AF82C0000202690DAF8AB
:104EF0000000CDE929B9406800F5BD6005F0F1FF7B
:104F0000FFF7EAB818F094FD1520FFF781B8804646
:104F10001F9901208AF81E008AF82C0000254FF006
:104F20000009FFF767B8012085F873035C9818F053
:104F3000C8FB2A49484609F0E1FB0D4690F83E11AE
:104F40005446022916D090F8202090F8E810022943
:104F500003D10E210C2A04D908E0013A12210E2AAD
:104F600004D8192280F8201080F8242000F5387029
:104F700012F034FC18F0B8FB51E604201F998AF8AF
:104F80003800FD2008700F20FFF742B8204A204665
:104F900011F0F4F8184A11F0F1F8002401E09DF83E
:104FA000C8411048FFF7E6B81B4AF0E7144800E094
:104FB000154811F0E5FE82A8F0F73AF93046F0F70F
:104FC00037F9FFF7DCB8FEDEB4D204005C8B0400D6
:104FD0006C000000C4D204004C8B0400E4D2040036
:104FE00069000000AE0000006A0000006B000000D5
:104FF0006F000000FC8904000C8A04001C8A040075
:10500000EE0000005C530400ED000000A09C0400D2
:10501000B09C0400E09C0400F09C0400F0B503AFD9
:105020002DE9F80F054691F82C000C469246DFE872
:1050300010F009003A0040001A008800C300ED009B
:1050400009013D0194E8070004F10C03A346019512
:1050500007C300210173E0684BF8300FCDF800B0B2
:105060000BF81C1F0EE0A34601951BF84C0FABF18B
:105070001C010091DFE800F0031A1D2B3E00ABF18C
:105080001C00006860630022D0E90101C4E90F221E
:10509000081A38BF1046010B0122012988BF020BF4
:1050A0006264A26306E0904811F07DFD8D4811F026
:1050B0007AFDFEDE04F138000AF09CFCC0072BD01C
:1050C0000020A16484F88000606BC4E9140104F13D
:1050D000500102A8FCF7E6F90298022803D002303A
:1050E000E8D1032043E0A16C002084F8AC00606BA1
:1050F000C4E9140104F1500502A852462946FCF700
:10510000DBFB029EB01C31D02846DDE90398F1F7A5
:1051100041F8701CCED001E04FF0FF3601208BF833
:1051200000000098F1F71FF8019D701C40F0D1803D
:105130004FF48070A4F8B90000202064E068C4F83F
:10514000B40004F1300102A8FCF744FA029EB01C3E
:1051500003D118F06DFB0420C0E0DDE90398701C5A
:105160000CD0C4E90669C4F82080B2E0042001999B
:105170008BF8000018F0CCFA0320AFE04FF0FF36B8
:10518000B9F1010FC4E90669C4F8208036D1E0689E
:105190000023C4F82480D0E901122063501A84F857
:1051A000403038BF1846010B0122012988BF020B8D
:1051B00018F0BEFF6063A06204F1300102A8FCF7A2
:1051C000D7FA029EB01C03D118F032FB052085E00F
:1051D0009DF80C00711C0DD09DF81310BDF8112026
:1051E00042EA0141DDF80D2040EA0229080240EAC6
:1051F00012686EE0022802D14FF0FF3669E0616A62
:10520000002084F88C00E068C4E90C0104F1300B44
:1052100002A852465946FCF74FFB029EB01C03D130
:1052200018F006FB062059E05846DDE90398F0F730
:10523000B1FF701C4DD1616A002084F84000E06825
:10524000C4E90C0104F1300802A852464146FCF7BB
:105250001FFA029EB01C03D118F0EAFA07203DE0C5
:105260009DF80C00009040460195DDF80D509DF82A
:1052700013B0BDF81190F0F76BFF701C09D00099C6
:1052800049EA0B40000240EA156841EA0529019D00
:105290001FE004F10C02002084F8900004F13006B5
:1052A00007CAD4E9093527C6019D236404F1300BF0
:1052B00002A85246594600F019F8029EB01C03D1CC
:1052C00018F0B6FA082009E05846DDE90398F1F72E
:1052D00058F8C5E900690120C5F8088084F82C0059
:1052E00018F054B8548F0400E8940400F0B503AFEC
:1052F0002DE9000F8FB00090884691F8600002926F
:10530000DFE810F007003400370041008D001F0077
:105310003D0108F10805D8E90021C8E9052129CD9A
:10532000C8E90703566806EB05350435C8F824506C
:10533000556805EB033303F6FC750433C8E90A35F9
:1053400018E098F8600108F1740508F5B07A30B1FA
:10535000029A032800F0BA80A44811F024FCD8E98E
:105360001D62D8E91F4ED8E921C99FE0A04811F07D
:105370001AFCFEDE0023C8E91B1088F8843008F10F
:105380002803C8E9193204AD08F164012846F3F78F
:105390004BF8DDF810E0BEF1020F00F0CA802A1DC4
:1053A0000DF1280CBEF1010F92E8730008F13402F0
:1053B000634673C300F0CA80604690E87A007AC200
:1053C0000022D8F83410C8F83020002900F0CF802F
:1053D0000CF10402C8F84810D8F8440008F14C0356
:1053E00092E8700070C3D8F84C20C8F8580004A8A0
:1053F00014F0CAFB0498002840F0F180059841465B
:1054000041F85C0F0022A1F1480301F1080451F8B2
:10541000480C027381F858200DCB49610DC408F186
:10542000640604A8314600F0E5F80798039C811C47
:105430007AD0BDF81490411CDDF810B0DDF818A04A
:1054400000F09280022800F08C80D8F81C004845BB
:10545000C0F0B180D8F818104FF6FF73D8F8582074
:1054600024EA030308F164044B4484E8020A03932A
:10547000C8F87030924552D1D8F814000121454641
:10548000CDF804B00173D8F81420D2E901EC02F190
:105490000C0445F8746F281D55F8509CAA46A0E8E6
:1054A00014400020C5E904C90AF8EC0F0020D6E931
:1054B000001388F8D00006F10800C8E9232408F199
:1054C0009402A2E80B40029AC8E929C908F18C06A7
:1054D00004A83146F2F72AFEDDF810B01BF10200F5
:1054E0002CD03046F0F73EFD01208AF80000284617
:1054F000DDE9059AF0F71EFD1BF1010060D1B8F857
:10550000702022F00300910718BF021DD8E9061091
:10551000D8F824301A440832C8F8242001E0CDF825
:1055200004B0D8F8142025E7009918F0F1F8042009
:1055300050E0009918F0ECF803204BE000990320AC
:105540008AF8000018F0E4F8052043E09CE80B001E
:105550000BC20120D8E90DB9D8F83CA0C8F830003A
:105560002EE04FF0020B25E0BDF816002AE0D8F837
:105570002010D8F8140088F8C020C8E9190108F1F3
:10558000640504A8029A2946FCF796F9DDF810B0E4
:105590001BF1020004D1009918F0BAF8062019E0B6
:1055A0002846DDE9059AF0F7F5FD1BF1010007D16A
:1055B0004FF0FF3B06E0DDF804904FF0030BA246EE
:1055C0004FEA19400099C9EA0040C1E900B0012042
:1055D000C1F808A088F860000FB017F063BFDDE9DC
:1055E000059A00204FF0060BECE700BFAC890400E1
:1055F000F8940400F0B503AF2DE900078AB08246A5
:1056000091F850000C4604F15408DFE810F00C004B
:10561000C900CC0015003A005E007A00AD00090117
:1056200053019F01DF0194E80F0004F110050FC53D
:10563000017B002943D144E001A84146F2F760FC18
:10564000019B022B01D10320AEE0BDF81000012B1D
:10565000DDE9021202D1BDF8128045E0236901297B
:1056600040F099800021A4F8580084F8A51004F1B6
:105670006C05D4E90501C4F8A0306265D4E90823BB
:105680000FC501A84146F2F7C1FC0199881C01D160
:10569000042089E00498022904D001310ED1DDE90B
:1056A00002121FE0BDF814100026256ACAB24FEAA4
:1056B000112C01464FEA1548284679E0206900215F
:1056C00001734FF4807018F041FB01A84146FBF7CD
:1056D00081FF0199881C01D1052065E0DDE90220E8
:1056E0004B1C06D04FEA10484FEA124E4FEA122CDC
:1056F00017E1002AC4E90A2049D14FF4007018F0DC
:1057000025FB01A84146FBF765FF0199881C01D1E3
:10571000062049E0DDE902304A1C0AD0C4E915132D
:105720004FEA1048E0654FEA134E4FEA132CDAB205
:105730008FE14FF0FF360022012BC4E91563E065CD
:105740002CD12169D1E9013584F87420EB1A38BFD6
:1057500013461A0B134618BF0123451E002808BF25
:10576000D51AC4E91851A56604F1640101A8FBF734
:10577000FFFF0199881C01D1072015E09DF8082042
:10578000481C2BD192BB206E0121C4E90A100022D3
:10579000342120632FE00020187392E702211CE0DF
:1057A000AD4811F000FAFEDE6FF001030C210DE0B0
:1057B0005FFA8CF5C0EA084042EA0522CAE902060F
:1057C00042EA0E420120CAE9001210214AF80130D3
:1057D00084F850000AB018F01FB8E9E70398BDF844
:1057E0000AE09DF809C04FEA104832E12069002222
:1057F00002730226F1E7625021694A6802EB003029
:1058000000F6FC720430C4E91002002004F14003E9
:1058100084F87400D4E90502C4E91531C4E917021B
:1058200001A84146F2F700FE0198022868D0DDE9A0
:105830000212012866D029B3DDF8189001A814F0EF
:10584000A3F90198002863D1E169029AD0B20B78DC
:10585000834251D1DDF80CC0053807280CD8C2F3BB
:105860000743C2F30725DFE800F0403904040404CD
:1058700007044878A8423FD1012004F1340181E8AF
:10588000011239E02069616B00294CD1D0E9011285
:10589000002384F86830511A38BF1946090B0A46AC
:1058A00018BF0122236B5D1E002B08BF8D1AC4E9AF
:1058B0001550E56504F1580101A8FBF759FF01995E
:1058C000881C1BD09DF80820481C7FF487AF002A55
:1058D0007FF48CAF606D302102468CE74878A84297
:1058E0000AD188789842C7D006E04878A84204BF19
:1058F0008878984200F09B80216986E7092053E769
:10590000082051E704984FEA124E4FEA122C06E0A5
:10591000DDE902204FF0000C06214FF0000E4FEAA7
:105920001048D2B295E000220273606B00283FF469
:1059300060AF84F8A5204FF0FF30D4E90E23216931
:10594000C4E91223C4F8A010C4E91D2001AE4146E9
:105950003046F2F7D5FA0198022801D10A2023E750
:1059600006F1040C07AA01289CE86200134662C3F2
:1059700004F1B80192E8680068C107D10120D4E9B8
:105980002E13C4F8B400D4F8C00048E0D4F8B8101E
:105990000020C4F8B40001293DD104F11006D4F868
:1059A000BC204FF0FF3C84F8B10068CEB4F8C000D2
:1059B000A16CA4F85C00C4E915C2C4F8AC30C4E919
:1059C0001E56C4E9201CA4F86400226604F160019C
:1059D00001A8F2F71BFB0199881C01D10B20E3E61B
:1059E0000DF108094D1C0598022199E80C02DFE829
:1059F00005F0022805071146484610E0032120E083
:105A0000F2B14FEA102CC2B2D4E912030126494682
:105A10004FEA1048CCE6D4E91630022161654FEA1E
:105A200010484FEA134EDAB24FEA132C11E0100E71
:105A3000C97840EA0C20C0B281423FF41DAF5BE759
:105A400019464FEA10484FEA194E4FEA192C5FFAEF
:105A500089F24FF0FF36ABE608950400F0B503AFCE
:105A60002DE900078146007B8846DFE800F0033817
:105A70003B687E90D9F800C00023C9F804C058499B
:105A8000DCF81420574EB3F5A26F05D0D05C01337B
:105A9000484000FB06F1F6E7C9F80810DCF8000002
:105AA000012804BFDCF80400884215D09CF81910C6
:105AB00001224D48202901F01F0100F540703CBF34
:105AC00040F20850C5F2000002FA01F10160902096
:105AD0000021C9E9BC1006E00020012172E03F4826
:105AE00011F061F8FEDE09F53C700AF08CFCC0078D
:105AF0002FD000204E4646F8100F3072706001EB38
:105B0000C10000F1090210F10A0F98BFB2F5A26FAF
:105B10005DD856F80C5C4C1C4FF0090A6A691118E4
:105B2000304618F0ACFA002089F8374089F8380080
:105B3000882089F83600C9F83050C9E9096A09F1A6
:105B40001C00414600F054F80028CCD0012003216D
:105B500038E00020012189F82C00A9F82A00C9E9C1
:105B60000610D9F80400C9F8240018F0BBF9014662
:105B7000012009B1042125E00021C9E90601D9F875
:105B8000040089F82C10A9F82A10C9F8240018F08C
:105B9000A9F90146012009B1052113E0D9F8041043
:105BA0004FF44172104B497E202901F01F0138BF8C
:105BB000042200FA01F1D150D9E90112C1E9000231
:105BC0000121002089F80C10BDE80007F0BD074B4B
:105BD00011464FF4A26210F08BFA00BF1895040032
:105BE000C59D1C8193010001080500502895040003
:105BF000B0B502AF0446007F0D46DFE800F0033683
:105C000039162A00D4E902120020C4E90012224603
:105C1000618B636922F8181F84F8D002022003F117
:105C200008012361C4E90812A06218F03DF9C0B26E
:105C300020B1022815D10120032114E0606880B151
:105C40000021226984F8D01221680832A062C4E9D8
:105C5000082118F029F9C0B2022802D1012004213C
:105C600001E0002001212177B0BD024810F09BFF28
:105C7000FEDE00BF38950400F0B503AF2DE9000F3C
:105C8000C5B0144691F825208946CDE90140DFE8EA
:105C900002F00322281A13000021D9E9023289F800
:105CA0002410D9F82010C9F81010498A71B1C9E937
:105CB0000532C9F81C1015E099F84800C0070DD14D
:105CC000D9F844405CE0D9F8280024E06148372145
:105CD000614A0FF059FB5C4810F065FF594810F01D
:105CE00062FFFEDE002A7CD0D9F81C30D9F81410EF
:105CF00056489342009028BF134603A805F042F986
:105D000003AB0FCBC9E90001D9F81000C9E905239D
:105D10000430C9F82800D0F800A08688DAE900012C
:105D2000324608F0B5FA002865D00D4690F85C13AD
:105D300003295ED3D0F84013002971D00139C0F88F
:105D4000401328684C46D046B34601302860D9F845
:105D500010100120C9E90AA0A9F83060D9F80000A4
:105D60000A8A44F8340F54F8300C606014F8100CB0
:105D700042EA00302081086800212175C4E903044B
:105D800003A8FB21051DFB2617F069FF2089D4E934
:105D9000001240EA0240CDE94356039043A80AF0BE
:105DA00057FA00BBBDF80E00FC2845D203A818F036
:105DB000E3FF0121B0F1FF3F89F848101DDDD9F85C
:105DC0002C0089F824100028014618BF0121401A30
:105DD000C9F82C0009F12800EFF7AAFED9F818201D
:105DE00080E7FE2010E001206FF00B0889F84800E2
:105DF00005E017F079FC1C2006E000EAE07809F1E4
:105E00002800EFF795FEFF20029A0121A2F80CB0BE
:105E1000C2E90181107089F8251045B017F042BB26
:105E2000019900F51C7017F088FB0299FD2008709D
:105E3000032117F059FCEEE7054810F0ADFF11F013
:105E400055F800BF58980400E8950400CC9F040062
:105E5000AA000000689A0400D8950400F0B503AFCA
:105E60002DE9000F97B0804690F84400894668B14C
:105E7000032840F09C8098F8410008F11405D0B147
:105E8000032801953DD04B4810F08DFED8F8000056
:105E900008F1040C08F11405D0F800B02946027985
:105EA0009CE8590059C1002088F8410088F840203A
:105EB000C8F83CB003E098F84020D8F83CB0019511
:105EC00028460DF1080A90E87800514678C1DBE9D0
:105ED000000113F0DFFAB0F85843102217F067FD05
:105EE00006AE5146B01C2DF034F80BF57E70C8F8A4
:105EF000240008F12A0031461222A8F828402DF08B
:105F000028F84446002154F828EF62686160002AAE
:105F10003FD008F130030DF1400C0CF10C0593E873
:105F2000430043C5D8F82460CDF85890CDE911E27C
:105F30003068109690BB0DF12C0A4FF0FF300CF139
:105F40000402311D306050464B4608F036FC18F014
:105F5000BFF90C9E56B1D8E90B01EFF771FD9AE835
:105F60002F002FC4032488F8414009E0D8E90B0131
:105F7000EFF766FD0198012488F84140F0F7CBF96E
:105F800088F84440002E18BF0126304617B017F09D
:105F90005CBB0B4810F000FF10F0A8FF074810F0A2
:105FA000EFFE14F07DFA11F053F810F09FFF024855
:105FB00010F0F9FD9894040038960400C700000022
:105FC000A0000000F0B503AF2DE9F007DFF89090D6
:105FD0000E46804615461046694601228DF800306F
:105FE0004FF0010AC8471F4928460422C8473168B4
:105FF0006C46204617F0D0FA284621461022C847A2
:1060000071686C46204617F0C7FA284621461022D0
:10601000C847B1686C4618F011F928462146072296
:10602000C847F1686C4618F009F92846214607224E
:10603000C847694628460222ADF800A0C84700209C
:106040006C46CDE902002146CDE9000028460AF061
:10605000F3FE4046214617F09FFABDE80F07F0BD5A
:10606000410D020018800400F0B503AF2DE9000FC8
:10607000ADF5A05D83B0814642F2787048441D9032
:1060800043F6884009EB000B41F2903009EB000A1F
:106090008846D84C9AF82800CDE91E98DFE810F021
:1060A000060045067014A0007C00680000205146E0
:1060B00041F8240F1C9151F8040C41F80C0CCE4807
:1060C00010F06AFE12F0D4FACC4AD17A012900F01D
:1060D00030860121D17212F001FBC94CC949CA4D69
:1060E000D4F8A4030860D4F8A8034860D4F8AC033B
:1060F0008860D4F8B003C860D4F8B4030861D4F859
:10610000B8034861D4F8BC030862D4F8C0034862FD
:10611000D4F8C4038862D4F8C803C862D4F8CC03A6
:106120000863D4F8D0034863D4F8D4030864D4F8DF
:10613000D8034864D4F8DC038864D4F8E003C86466
:10614000D4F8E4030865D4F8A400B049CDF86CB0E5
:10615000C0F30720452856D9081D88465A215A26DB
:1061600011F0B8F9C0B22E64B0FA80F046094CE0E4
:106170000AF5127018901D980AF5E072D0F8E089BF
:10618000D0F8E46908EA0600013054D14FF0FF3836
:106190004FF0FF3601F066BA9AF8B40B0AF14003EB
:1061A0000AF6B4311C9138B3032840F0F3850AF5A0
:1061B000CC701A909AF898010AF5D0721993DFE81A
:1061C00010F008000306DF13CD04FB03B704AA0494
:1061D000DC04DAE91042DAE91218DAF8500067E371
:1061E000554615F8340F002800F00982032800F006
:1061F0000E82874810F0D7FCDAF8A84BDAF8AC1B0F
:10620000DAF8B00BC0E28846002604F58D50122162
:1062100011F060F9044640461221C34611F05AF9C4
:10622000E1B2C0B291B1B0FA80F2520946EA02047A
:1062300002290CD10DE06FF0010080EA080060EA4D
:106240000600002841F0068201F064BF0124022804
:1062500002D1704810F0A0FD0BF1080000210122CE
:1062600011F040F9C0B20521B0FA80F007224009D0
:1062700004430BF5807011F035F9C0B2B0FA80F12B
:1062800049090C43022804BF634810F085FD002C27
:1062900040F052856148002129600122295060495F
:1062A0006A5029580029FCD05E4A012000214FF095
:1062B000FF33A8662866082906D054580431C4F86C
:1062C0002405C4F82035F6E757484FF0000C57492D
:1062D0004FF0010E4FF0004300248346082C16D0E7
:1062E0000E19367906F01F02C6F340150EFA02F2B7
:1062F0000BEB8500C0F880210BEB060080F800C393
:106300004BF8252008590834C0F80433E6E748481C
:106310004FF40001474A81644749C1F80423012230
:106320008A600A6001680029FCD1444C00204FF4C7
:1063300000315B462074CBF8001001218DF88600F7
:106340004FF4FA70ADF8840002208DF882004FF40B
:106350008050ADF880003A48DDF87C806030D0E8AD
:106360004F2F002A41F02883C0E8421F002AF6D1AF
:1063700080264FF48010334ABFF35F8FE6741421F8
:10638000C3F8800120A81D4629F098FD002800F1DF
:10639000D584002001212070A072E071284885F882
:1063A0000063012629F0BBFB002800F1C9841349D2
:1063B000D1E84F0F002841F0FF82C1E8406F00286C
:1063C000F6D1481C2049BFF35F8FCAF81C0017F0B4
:1063D0008BFF382800F0BD840C18383004F1180306
:1063E00017F03DFD03D117F036FDF9D130E0BFF3D2
:1063F0002F8FEEE7047300403A000000A0E6032070
:106400006000001020C50040180500400412001074
:10641000D89104005600000055000000ECFBFFFF7F
:10642000F0FAFFFFC07F040000E100E0E07F04001D
:1064300004150140020008000010014001E400E0E2
:10644000008B03208981020060E70320D5C501008D
:106450005FF80800606204F12800EBF79FFA16F07D
:106460009BFED1480124D14904600C31C0F804439B
:106470004FF40050CBF88001CBF80000CC4800F579
:106480002E60C9E94C10CB4818F03AF9B0F1FF3F43
:1064900040F36B8418F092FA18F09CFA18F0A6FA00
:1064A00018F0A8FA18F0A4FA8DF8504294A9022026
:1064B00012F03AF9002840F0268440F20330ADF89B
:1064C00054024FF0FB10949094A9032012F02CF981
:1064D0005FF8D840002840F01684002000210022F8
:1064E00018F056F90646002800F1638441F258205E
:1064F000801B88BF012038BF4FF0FF30C0B250B1C1
:10650000012840F04B84AC4810F03AFC304610F0C3
:1065100029FC10F09DFD484609F59C7900F598701E
:10652000BFF35F8F54E80C1F002940F0218444E83A
:106530000C010029F6D10120002800F01E849F489C
:10654000949094AC204619F061FBB0F1FF3F40F30A
:10655000DA839B48494618F0EFF9B0F1FF3F40F36A
:106560000F84984D00200221012260238AF8140034
:10657000AAF808008AF80410CAF800008AF8272050
:10658000AB71914B1A60C3F8F0104FF60271C3F86B
:10659000F400ADF854124FF40031949103F110015E
:1065A000062818D02218537915790D60FF2B1ABFD1
:1065B0004B604FF480130023255C0630967843EA45
:1065C00005335578D27843EA022242EA06422A434A
:1065D0008A601031E4E77D4C55467D48606080203C
:1065E000CBF88001CBF80000002045F8340FDDF82F
:1065F0006CB01C9845F8040C012005F80E0C754889
:106600000021215010202060012173482150D8F82A
:106610000000D0E900125FF81C02443011F028F9A4
:106620006C482158002900F0D281214600244FF007
:106630000109CDF86CB00C504FF4005085F8009073
:10664000664DDFF89C8168600D208DF8500294AE95
:106650003046C0474FF4004068600F208DF850026C
:1066600094A8C0474FF40020686013208DF85002B2
:1066700094A8C0474FF48000686016208DF850023F
:1066800094A8C0474FF48010686014208DF8500221
:1066900094A8C0475348C0F8F890834620208DF84E
:1066A000500294A8C0474FF0805068601C208DF8BD
:1066B000500294A8C0474FF0804068601E208DF8BB
:1066C000500294A8C0470420CBF84C00CBF830000F
:1066D000CBF82C00CBF80C03CBF86800CBF86000AB
:1066E00041489590414894900BF1F800082C0BD04C
:1066F000315D0246202901F01F0138BF2A1D0134F7
:1067000009FA01F11160F1E7DDE994014FF48076B7
:10671000CAF8360041F61F50354DAAF83400354806
:10672000CAF8300040F20110CAF83A10AAF8240062
:10673000DAF81C40C5F88060BFF34F8FBFF36F8F4E
:1067400011F046FC2C4890F84C10012900F0EA8228
:106750000121002280F84C100AF14003C168013188
:10676000C1602E6020204FF420218AF8B42B0AF655
:10677000B432CAF8A84BCAF8AC1BCAF8B00B1C92CA
:10678000DDF87890DDF86CB0CAF8A40B0AF53A6829
:10679000CAF8A01B94A92E200222B0F5D77F2DD0D5
:1067A0000A543030F9E700BF04D0004018E7032056
:1067B00020C500403D870200580000004D4F0000FA
:1067C0009987020001E400E0007500400473004076
:1067D000FFFF3F000CFEFFFF08FDFFFF0805005014
:1067E000A5D101001407005014201C1E0D0F131614
:1067F00000E100E0181110280C8A0320199309F514
:10680000C55094A94FF4C0722CF0FEFA40F26760B4
:10681000E549CAF8900641F6D8404844002640F6BB
:106820005D72CAF8A0164FF48071CAF80065CAF804
:1068300004658AF83869CAF8B06ACAF83067CAF8D5
:106840009466CAF89826CAF89C66CAF8A466CAF87C
:10685000A8662CF027FB4FF40040D449CAF8400941
:106860004FF01410CAF8AC0AD148CAF8501AD149EE
:10687000D14ACAF8540A0AF5A060D04BCAF84C2A8B
:106880000122CAF8483A0AF5CC73CAF84469CAF832
:10689000A86A8AF89E6BAAF89C6BCAF8586A8AF8AC
:1068A0009861CAE91042CAE91218CAF850001A934E
:1068B000CAE91542CAE91718CAF8640098F80460D2
:1068C000012E40F22282BE48D8F8004010F058FA5B
:1068D000BC4D4FF48060A847B000A84798F804006A
:1068E0000EF066FBD8F80000A847002C08BF4FF454
:1068F000C024250510F0ACFB002D40F00982DAF829
:1069000060000079012840F2068204EB0030DAF8DA
:106910005410CAE962140025CAF8900141F2F83017
:1069200009EB00044FF490718AF8945120462CF042
:10693000B9FA8AF87C530AF55F75CAF89C410AF5E2
:10694000CE7800208AF87803CAE968041F980AF50F
:10695000D0742146026894A8FCF7A0FA9DF8506212
:10696000FE2E02D1032028703AE220469DF858926C
:10697000959C1890EFF778FC012028704046EFF7BF
:106980008BFC56B99048844207D15FEAC97004D0A5
:10699000DAF860004179002956D08C4810F0FCF9F3
:1069A000DDF878900020DDF87C808AF8F40141F26F
:1069B00018504844CAF89C0117F00FFB94A82146D0
:1069C000FAF744FF9498023005D1042008E203202E
:1069D000287002F09FB92046EFF7D0FB0020DAE9DB
:1069E00016218AF8C00141F2F830DAF864304844E0
:1069F0000AF5D0790AF5E074CAE96802CAE96A13AF
:106A000018940124CAE96E1300218AF8D0436E4C11
:106A1000CAE96C020AF57272CAF8CC438AF8C81344
:106A20008AF8C413CAE97110CAF8CC210AF5E274D5
:106A30000DF5FA6516F0B6FC17F022FC44D10320E0
:106A4000189908700520CBE18079012840F0528226
:106A50005F4810F0A1F9DAE916100AF5E079036849
:106A600000201E9CDAF864208AF8C00141F2F83058
:106A70002044CAE96918CAF8AC21CAE967300AF5A6
:106A8000D874002384E803010121DDF87C80CAF872
:106A9000BC210AF572728AF8D033CAF8CC338AF86E
:106AA000C8138AF8C433CAE97110CAF8CC21D8F8DF
:106AB00000200AF5E27494A816F0B4FE949EB01C6F
:106AC00040F0CB80032093E1A7F1440616F04CFB85
:106AD00057F8440C013000F0A3803046EEF74AFF2F
:106AE00001208AF8C0014846EFF7F6FBDDF8789000
:106AF00041F2F832002034494A44CAF8A4130AF596
:106B000068718AF8A8038AF8A0038AF89C03CAE986
:106B10006702CAF8A41117F060FA94A816F082FE72
:106B20009498023001D106205AE116F07EFEE3E18E
:106B30009AF8C0010AF5E07118919146DFE810F06B
:106B400009004C01200F08008200BB00B701940A25
:106B50006CE7DAE96802DAE96A1352E79AF87C032B
:106B60000AF5CE780AF55F75002800F0AF8003289B
:106B70003FF4ECAE174810F016F89AF8C0010AF589
:106B8000E0791892DFE810F008002401FC0E0700FD
:106B900079000F0A420A8AE70AF5D078DAF8AC21C0
:106BA00098E803016BE700BFFA00F5C10503320165
:106BB000022819040C8004006400500064001400D2
:106BC0003F000000656D02003F65752A1700000058
:106BD0001D00000038930400C5000000C60000003E
:106BE000A49A0400C09A0400A6000000E48E0400E9
:106BF0009E000000980000008896040052D0040017
:106C0000849A0400A80000005C8C0400A700000027
:106C10009700000068930400489304005893040010
:106C2000DAF8B021002001218AF8D003CAF8CC0399
:106C30008AF8C4030AF572708AF8C813CAE9711297
:106C4000CAF8CC010AF5E2740DF5FA6516F0AAFB54
:106C500017F016FB1DD10420F2E616F0E6FD701CBD
:106C600040F042811E9941F25870DAF8B06117F095
:106C70000EF817F0F9FACAE97106D8F800200AF5FB
:106C8000E27494A816F0CEFD949EB01C21D104208D
:106C9000AEE06EAE16F068FA6E9801307FF41DAF6C
:106CA0001E9941F25870DAF8B05116F0F0FF17F063
:106CB000DBFACAE971050AF5E2740DF5FA6516F01A
:106CC00071FB17F0DDFA0CD10520B9E6D8F80040C9
:106CD00037E616F0AAFD701C40F0068117F08AF81E
:106CE0008AE002A895E80E0000F5955630460EC0E1
:106CF00016F09BFD0DF59450806A01307FF4EDAEE7
:106D000017F078F897E0064653E05FF83401E7E0C3
:106D10005FF83801E4E05FF8380135215FF83C2185
:106D20000EF032FB5FF84001DAE05FF840010FF04F
:106D30003AFF5FF84401D3E010F002FC044602E0A1
:106D4000044629F04BF85FF8540110F019F820467A
:106D500034E05FF85C010090A7F121025FF8640164
:106D60002B215FF864310FF0B2FE00EAE07620E0FC
:106D70000020BFF32F8FFFF7DFBB5FF87801AFE094
:106D8000064617F009FE5FF88C190020BFF35F8FED
:106D900008630EE05FF890010FF005FF5FF89401C3
:106DA0000FF0EEFF30460FF0DDFF10F051F96FF0FD
:106DB00015065FF8A4010FF0E3FF304611F018F953
:106DC00010F046F910F092F85FF8B8010FF0EBFE02
:106DD0005FF8BC010FF0E7FE5FF8C0010FF0E3FEC3
:106DE0001A9A1C99107003200870042001F092BFB9
:106DF00089F800000720F3E70AF5E2700AF06FF95E
:106E000011B117F0D3F80BE0DAF8B80100680028E8
:106E10006AD00021CAE97101CAF8CC1101F0B8B8F2
:106E200016F017FF0029E7D00022CAE97801CAE965
:106E30007A1201F0C8B80AF5E2700AF050F911B1FF
:106E400017F0B4F80CE0DAF8B8010068002801F097
:106E500003810021CAE97101CAF8CC1101F0F3B82D
:106E600016F0F7FE0029E6D00022CAE97801CAE947
:106E70007A1216F076FE0029F2D0044641F28970AB
:106E8000284407229AF8D051DAF8E061DAF8B081A4
:106E90002BF046FF052100208AF8F813210666F33F
:106EA00017418AF8F00341EA052116F0D1FC1E983B
:106EB0000DF5FA65D8F8002000F5AC54284616F018
:106EC000B1FC17F0DDF909D00DF5536616F04CF959
:106ED000DDF8300D01307FF400AECAE70620AFE5E3
:106EE0000FF05AFF10F002F8012089F800001898FE
:106EF000EFF7DEF9DDF8789041F2F83009EB0001A8
:106F000023A84FF496722BF07FFF01209AF894414A
:106F10008AF8980141F2255039F800104844022CB3
:106F20008078ADF888108DF88A0001D11C995AE755
:106F3000199D95F85801C21E042A18D805F5B0719C
:106F400005F5AE70DFE802F003110A0E0600EFF758
:106F5000A3F90CE00846EFF7ABF908E00846EFF7B5
:106F6000BBF904E0EFF78CF901E0EFF707F91C99A2
:106F700001204FF49672087023A948462BF044FF75
:106F8000BDF888000021A9F82D019DF88A0089F834
:106F90002F01002089F82C4194AE602905D0721889
:106FA00070500C31C2E90100F7E76EA8314660224B
:106FB0002BF02AFFDAF836000022DAF83A10002324
:106FC000AAF82420302B04D0F418F2500633A28003
:106FD000F8E7CDF870A041F26C435AF8302F49F829
:106FE00003206022CAE90F0109EB0300BAF804107C
:106FF000818041F2044048446EA92BF005FF41F224
:10700000CC3009EB00083146302216F063FCCF4942
:1070100000208AF8B200FF25CAE929004862886189
:1070200040F60E31CA4BCAF84511CA49CA4CCB4A80
:10703000CAE94C430AF590748AF844510425CAE918
:107040004E210021CAE94800CAF840510AF80A0C4A
:10705000CDF864A0022903D026F811000131F9E728
:10706000DDF870A000204FF09671BD4B949ACAE9EC
:1070700064104FF4FA61CAE960008AF8AA01AAF81C
:10708000A801CAE9660002208AF8380040F61830E4
:10709000CAE90C102021CAE9682394A82BF0BDFD91
:1070A0005FF8F808012200F14001D1E84F3F002BC2
:1070B00040F08284C1E8432F002BF6D100F1200973
:1070C000CDE91748BFF35F8F94A9484616F003FB3C
:1070D000A44B4FF080609D4A1A21A34C4FF0080842
:1070E00018601020186040F201605065C3F8080273
:1070F0009E4801600421A160062121604FF0CC71FF
:1071000081614FF0FF309A4960509A48C0F8808101
:10711000C0F800800C20D06010F078F905460E46CB
:1071200010F074F9CBF8D8580BF50E65002207C59E
:107130004FF4FA735FF83C1DA4F5A0608BF8F028BB
:107140005C31CBF8B8182021CBF8DC68CBF8C0183C
:107150004FF4A261CBF8EC288BF8D088CBF8BC9820
:107160001E9CCBF8C408CBF8C838CBF8CC2894AE1A
:1071700030462BF052FD80480BF6B803012100F594
:10718000A260D0E84F2F002A40F01684C0E8421FCA
:10719000002AF6D1DFF8E091314616934FF4A2624F
:1071A000BFF35F8F48462BF02FFE684940F2013055
:1071B0006C4A0025714B886508604FF00060506094
:1071C000202050601B20986005216D489846016082
:1071D0004FF000414160072119604FF08041856404
:1071E00081616349C0F8B4504FF0FF305850082017
:1071F0006049C1F8840148604FF4805050600C2011
:107200008DF8500294A81A9005F0CCFF0220022DB0
:1072100004D005EB450101357054F8E7949941F22B
:107220008C42CDF8D0174FF0010CA150A118BDF839
:1072300054025446888041F23431ADF8D40700201E
:1072400044F8E80F40F603425FF8503E21634FF4E4
:1072500000312161022184F85D10543384F822103A
:107260000DF58051A4F85020232281F8A80240F2A5
:10727000017184F84820A8F5A06227F8441C0DF598
:10728000FA619C910DF5536160606063C4E90A0086
:10729000C4F81E00C4F81A00A4F86000C4F84C90AA
:1072A000C4E91032A063A4F8250015948DF8D00726
:1072B0008DF8300D9E90ADF87402ADF86C029A9185
:1072C000ADF8640202A901F595519891A7F1440126
:1072D000ADF85C02969194A92A4C01F10D025AE096
:1072E00052F8055C2B78012B4ED11E49A1466C78D3
:1072F000164B12F801EC202C884628BF03F1F4014C
:1073000003F1F80338BF08F10403F60718BF0B4672
:1073100004F01F014C460CFA01F11960A8F5027146
:107320006B78202B03F01F0338BF4FF0A04101EB17
:1073300083014FEA0E230333C1F8003729786D78B3
:10734000C90708BF4FF0004520E000BF14070050F8
:10735000010000FF0001FF0000FF0100FF0000012D
:107360000100000108050050003500400C350040C8
:1073700008FEFFFF00E100E0648B032000350240BF
:107380000C35024004C501404FF0004504EB80017C
:1073900001300832CD65042809D052F8015C05F4AB
:1073A0007F45B5F5007F1CBF1678022E98D1C249E3
:1073B0004FF0FF30012202230DF5067CC1F80803CF
:1073C0000020C1F80002C1F800250422889140F293
:1073D0000171ADF824120DF58051CDE9860091F8C8
:1073E000A9128DF827129DF8311D8DF829129DF8EC
:1073F000D1178DF826028DF828028DF82B128DF802
:107400002A02C4F81CC022626062A062E3602060AD
:10741000A2604FF47A72626020611A999CE87C0045
:107420007CC140F20112A549682800F0CC820C18FA
:10743000683004F1180316F012FD03D116F00BFDAD
:10744000F9D102E0BFF32F8FEEE79D48606204F1AF
:10745000280094A9EAF7B5FA15F09EFE994916F0AE
:1074600043FF582800F0B58216F0C7FE16F0F7FC6F
:1074700003D116F0F0FCF9D102E0BFF32F8FF0E753
:10748000914816F00FF915F087FE904916F02CFF81
:10749000582800F0A18216F0B0FE16F0E0FC03D1EF
:1074A00016F0D9FCF9D102E0BFF32F8FF0E788483E
:1074B00016F0F8F815F070FE864916F015FF402812
:1074C00000F08D820C18403004F15003383416F06F
:1074D000C6FC03D116F0BFFCF9D102E0BFF32F8F39
:1074E000EDE77D48606204F12800EAF787FA15F0BD
:1074F00053FE7A4916F0F8FE582800F0738216F011
:107500007CFE16F0ACFC03D116F0A5FCF9D102E02C
:10751000BFF32F8FF0E7724816F0C4F815F03CFE69
:107520007048D0F8FC10C9076F490AD101224FF406
:10753000A0238A6002600B606C4B4A60C2501E9CA4
:1075400015E088681E9C00F00900012806D1086833
:10755000B0F5A02F04BF4868012808D06448A7F1FF
:107560002102009012216348634B0FF0B0FA634A86
:107570004FF00008C1F8FC204FF42031CAE96C1824
:1075800041F290335E4923448AF8B88104F5AF5440
:107590008AF827804A68D1F800E01998CAE99288E9
:1075A000CAE970888AF84482CAF8400293E86312F4
:1075B00084E8631242F440400AF5E072DDE91D19E7
:1075C0000026CBF89088CBF89488A1F8D8090AF562
:1075D000C070C1F8180B1798C1F8B80A1898C1F80C
:1075E000E8090AF5D870CBF8A8081598CBF8340547
:1075F0001698CBF8A0030AF51270C1F8908BC1F869
:10760000948BC1F8148BC1F8108BC1F8B48AC1F8FF
:10761000B08AC1F8E489C1F8E089C1F8D4E9CBF8AF
:107620006084CBF86484CBE9E68881F8208B81F80C
:10763000C08A81F8F08981F8DA89C1F8D0898BF89D
:10764000B0888BF839858BF8A8838BF80F80CBF83E
:107650000090189043F258101F994844144609F0BE
:10766000A5FD2246DBF86054DBF8644405EA04001B
:10767000013000F0848255EA040018BF0120179001
:107680001C94CDE9196540F038829BF839051692B3
:10769000DFE810F038007609760962016E01AB036D
:1076A0000B04A2036901ED03E30329044F0446041C
:1076B0005A0468041303220300C0014020D60320AB
:1076C00031C6010088D6032001C7010038D7032046
:1076D00089C7010060E7032039C80100E0D6032014
:1076E00045C701000403014004050140FCFCFFFF05
:1076F00018C2040004C20400CCC104003546526E16
:1077000060000010DBF83405CBF8300594A811F0C8
:107710003BFEDB48DDE99459969C0068C00541F0CA
:107720009D80D84811F0A2FBD749086D052880F04C
:107730005C81013008650868D1E902C20130086047
:10774000CF480068C00541F08980D04B18680028F8
:1077500040F02F81186D062880F0558101301865A2
:10776000C74800212E461960D3E902510068C005C0
:1077700041F07480C64B1868002840F01A81D86F19
:10778000072880F04A810130D867BD48CDE912163C
:107790000021CDE9105CCDE914291960D3E9026517
:1077A0000068C00541F05A80B64811F0EBFAB94BB9
:1077B000D3F88C00042880F03C810130C3F88C00A1
:1077C0001868D3E9022101300D960F940A920E91A8
:1077D000186094A811F07EFE9498089095980C90EB
:1077E000969C94A811F0B8FE9498079095980B90E9
:1077F0009698099094A811F0E7FEA148DDE99491CC
:10780000969A0068C00541F02980A34E3068002890
:1078100040F0CF80306CCDE903210028CDE905454B
:1078200040F015810120306400203060D6E9085016
:10783000029094A811F00AFF9148DDE9944E969ABF
:107840000068C00541F00A8094480368002B40F0AE
:10785000B080436D022B80F006810BF58D6C13997F
:10786000CBF8E8540025CCF800100799CBF8C814E1
:107870000899CBF8B8140A99CBF8A8140D99CBF84D
:1078800098141099CBF888141199CBF878140399AF
:10789000CBF8F844CBF8D8940560CBF8E0140999FC
:1078A000CBF8D0140599CBF80025CBF8C014794952
:1078B000754ACBF8B0147649CBF880240F9ACBF8F0
:1078C000A0147249CBF87024159ACBF89014CBF819
:1078D0001005CBF8F064CCF804200299D0E902241A
:1078E000CBF8EC140499CBF8DC140B99CBF8CC143E
:1078F0000C99CBF8BC140E99CBF8AC140699CBF8C4
:107900009C141299CBF88C141499CBF87C14591C44
:10791000CBF80C45CBF80825CBF8FCE4416558487A
:107920000068C00540F09A875D49DBF83005DDF856
:10793000789089681C9C0A0C090A81740121C27420
:10794000DBF8300580F861108BF85055DDE91965DA
:10795000DBF83005CBF8480515F089FCFAF758F943
:1079600058B10320C6E0DBF84045DBF8441558E287
:10797000DBF8A846DBF8AC160BE2DBF830050BF5BC
:10798000A36900260168C9074FF000010CD0D0E9B7
:1079900002450FF03BFD22462B460FF0E9FF0BF5A9
:1079A000A46233C201211A9DC9E90016DDF878905E
:1079B00079E134480FF03CF83A4879213A4ABFF36C
:1079C0002F8F0DF0E1FC94A80FF062FE3748FFF70F
:1079D000C2B93748FFF7BFB93648FFF7BCB93648D8
:1079E000FFF7B9B93548FFF7B6B90868344B01302D
:1079F00008600020B8218DF850023248009094AA07
:107A000031480FF064F80020B62118608DF850025C
:107A10002E48009094AA2E4808E00020B921186052
:107A20008DF850022B48009094AA2B48244B0FF05D
:107A30004EF81868B521013018600020204B8DF8F1
:107A400050022648009094AA25480FF040F80020E4
:107A50001B4B3060C0218DF850022248009094AA40
:107A600021480FF034F80021154B01601F480090A9
:107A70001F488DF8501294AABE210FF028F800BFBD
:107A800004ED00E078C1040088E4032090E30320C3
:107A9000F8E4032030E1032048E30320E8E2032078
:107AA0000C8A0320D09A04000C9B040098960400D2
:107AB000A8960400B8960400C8960400D89604005E
:107AC000BCC10400ECC3040033C3040044CB040075
:107AD0008CCA0400ACCD0400F0CC0400B0C5040096
:107AE000F8C40400E4C8040024C80400E0CC040086
:107AF00020CC0400169A8BF83905DBF89008DBF8E7
:107B0000941850EA010918BF4FF001092FD1DC4E3B
:107B10000BF69804DB4D9BF8B0081692B8B9DBF869
:107B2000A808CBF8AC08007A00F0070006EB80004C
:107B3000C0F8FC52DBF8AC08D0E9002394A80FF0A1
:107B400003FF16F04BFBC4E900128BF8A0081F9846
:107B5000016820460FF092FF10B9DBF8AC08E2E7AD
:107B6000169A03201C9CDDE919658BF8B00817985C
:107B700000EA0900DDF87890012800F078804FF0E5
:107B8000FF3305EA080004EA06015840594008435B
:107B90006BD01068DDF874B0DDF87C8018B1012876
:107BA00040F0B882B0E29AF844020AF5E47970B184
:107BB0009AF8F001042812D003281ED19AF83C024A
:107BC00000283DD0032865D1DAE98D206DE2002040
:107BD0008AF8F001DAF84002CAF8E8010FE09AF8F2
:107BE00000020AF5007BDFE810F005005500CB0627
:107BF00037002E00DAF8FC61C2E2DAF8E801CAF8D0
:107C0000EC01A1480068C00540F028865FF88C01AF
:107C100011F05AF99D4C606C68BB0120D4E9025602
:107C2000606415F030FD94A811F048FD94AA0AF59F
:107C3000EC73CAE9725607CACAF8D04107C3FDE21D
:107C4000DAF8F81100E39AF80802C00725D19AF88B
:107C50000942DAF804629EE29AF80A02C0071FD1CC
:107C6000BAF80822DAF80462BFE203F04BF90BF528
:107C70008C6003F065F92068B7215FF8BC310130F2
:107C8000206000208DF850028148009094AA81481D
:107C90000EF01DFF80480EF086FF80480EF083FF37
:107CA0007F480EF080FFDBF83025907F98B30020EE
:107CB00016F088FA01208BF8380544F2C81009EB59
:107CC00000040DF5FA6516F01CF99DF8D007FF28A1
:107CD00000F0518115F0E3FA15F040FA002840F069
:107CE0004D819BF838050128DDD1DBF83005807F18
:107CF0000028D8D1DBF81805C007D4D00FF086FBD8
:107D0000DBF82825DBF82C350FF032FECBF8200508
:107D1000CBF82415C7E744F2A810DBF8186509EB87
:107D2000000492F86100012868D102F1280999E85D
:107D300023020FF0FDFD00232A1A1D4679EB0103F3
:107D400045F1000090F0010F1CBF0023002294A811
:107D5000002E00F0B3800FF0F7FDDDE994239DF8CD
:107D60005802DDF878908BF8B80644F2B01009EBB1
:107D700000018BF8A4560BF58D60CBF8A846CBF824
:107D8000AC16CBF8B026CBF8B436CBF84005DDE91D
:107D9000196516F0B1F81C9C28B31F9D44F23830C9
:107DA000484429680FF06AFE00287BD094AC0BF59C
:107DB000A8612A46204602F09DF99DF85052FF2DF9
:107DC00000F0E280611C0DF5FA640B2215F0C1FB96
:107DD00015F0ACF915F0FAFA15F0C0F900283FF4E7
:107DE00062AF072086E616F00DF815F040FAF9F7B5
:107DF000EFFE00283FF457AF05207BE60020002E61
:107E000000F0A0808BF8AC0644F2B01009EB000142
:107E10000BF58D60CBF84045CBF84415CBF8480501
:107E2000199E16F069F8F8B194AC1F9A44F2D0107C
:107E300009EB0001204602F05DF99DF85052FF2D3C
:107E400000F09E8002A8611C00F595540B2215F0ED
:107E500080FB15F06BF915F0B9FA15F07FF90028E1
:107E60003FF421AF0A2045E61C9C15F0CBFF15F02E
:107E7000FEF9F9F7ADFE00283FF415AF092039E609
:107E8000040301403546526E04ED00E080E5032016
:107E9000ACC90400F4C80400D48E0400B8910400F6
:107EA000A89104001A9D15F0B5FF15F0E0F9F9F757
:107EB000AFFE00283FF4F7AE06201BE60FF044FDAE
:107EC00016F08CF98BF8B0060BF58D608BF8A45684
:107ED000CBF8A816CBF8AC26CBF84005DDF87890A7
:107EE0001C9CDDE919651F9944F23030484409684B
:107EF0000FF0C4FDD8B194AC1F9A0BF5A8612046D1
:107F000002F0F8F89DF85052FF2D3BD0611C0DF5A2
:107F100053640B2215F01DFB15F008F915F056FA05
:107F200015F01CF900283FF4BEAE0D20E2E515F077
:107F300071FF15F09CF9F9F76BFE00283FF4B3AE22
:107F40000C20D7E516F03EF944F2C81009EB000406
:107F50000DF5FA6515F0D5FF9DF8D007FF2808D07C
:107F600015F09DF915F0FAF800283FF49CAE0F20AB
:107F7000C0E50E2000E01020199E06E01120B9E5B2
:107F8000082002E00B2000E004201C9C1A9DB1E5B3
:107F900015F059FE00293EF4A7AF0022CAE974018A
:107FA000CAE9761243E01E98D8F8002000F5AC54D8
:107FB00094A815F037FC949EB01C24D015F035FC25
:107FC000701C7EF491AF15F0CCFD00293EF428AF73
:107FD000044641F28970284407229AF8D061DAF801
:107FE000E051DAF8B0812AF09BFE052100208AF8E2
:107FF000F813210665F317418AF8F00341EA0621D8
:1080000015F026FCCFE70520FEF7F2BE1E9941F2DF
:108010007050D8F800200C1894A815F003FC949E1A
:10802000B01C0DD015F001FC701C7EF45DAF15F096
:108030009EFD0029ACD015F02AFA15F076F9E5E797
:108040000620FEF7D5BE15F0FEFD29B10022CAE9D3
:108050007401CAE976121CE018990120087048469C
:10806000EEF73AF9FEF746BF1E9941F27050D8F884
:1080700000200DF5FA650C18284615F0D3FB16F014
:10808000FFF80FD094AE15F06FF8949801307EF49D
:1080900024AD15F06CFD0029D5D015F0F8F915F0D8
:1080A00044F9E1E70720FEF7CBBCCDF8D007002468
:1080B000DFF8900C002697900DF5FA609690DFF8A7
:1080C000880C95900DF55360CDF8302D949094ADBB
:1080D000102C0DD02919285949680A694146904742
:1080E000C1B20834FF29F3D0022934D10126EFE7C9
:1080F000F00700F0BA83DDF8789003208AF8440294
:108100008AF8F0018AF83C021898006848B1012802
:1081100000F0FF85DFF8180C2221DFF8182C0EF094
:1081200026F89BF8DA096D4E002800F0A18003289C
:1081300040F0A6839BF83B000BF12002DFE810F033
:108140000500A4032004D202BE021B92DBF8281013
:10815000DBF830501BE2CED00121DAF8EC618AF86E
:108160003C1200218AF80012C1075D490AF5007B24
:108170001CBF40F20111CFF6FF710840CAE97E062C
:108180009AF8F801C0072CD09AF8F90100F0010420
:108190002002CAE98160DFF8B40B0EF0F1FDDFF8D0
:1081A000B00B0EF0CCFD20460EF004FE0EF050FF9A
:1081B00000214FF00108012244B1317A0022022946
:1081C0001CBF707A0A4602F001010022C0B241EAE7
:1081D000002040EA0241304611F0CAFA8AF80882CB
:1081E00025E0BAF8FA21CAE98162357A022D08D170
:1081F000D6E9000106F09AF8C0B23A4941EA0021F6
:108200000FE0B47A84B1D6E9000196F8098006F04F
:108210008DF8C0B20DB1804506D0000240EA04409E
:10822000411C304611F0A4FA01208AF80A0201200C
:10823000DDF87C808BF80000DDF874B00020CAF80F
:10824000F8918AF83C02494600200122CAE97F21C0
:108250001031CAF818220AF5FE728AF830028AF83C
:1082600014020AF50670CAF81C12CAE98D201CE730
:10827000DBF8D00909F5AF5C1C908CA91B919CE838
:108280007D007DC143F24C1009EB000159F800005C
:108290008988ADF84C124FF45E71929094AC201D19
:1082A0002AF0BBFC41F67C400026484421464FF4AE
:1082B0005F72CAF8E8682AF0A7FDDFF8B05A0AF63C
:1082C000E8001A90B6F5B06F0ED0A01929464FF409
:1082D000B0722AF099FD06F5B076F3E704ED00E000
:1082E0000100FFFF010002004E4642F2F4104FF081
:1082F00000093044CAF8609E94A94FF4B0622AF095
:1083000083FD0DF580500DF5FA682021CAF8589EBE
:1083100080F834910DF58050CAF85C9EC0F8309119
:108320000DF58050CAF8709CC0F82C910DF5805066
:10833000CAF8689CC0F8289140462AF06EFC02A852
:10834000414600F59555284613F0F0FFA7F1440487
:108350002946204612F089FE0DF5536B21460BF598
:108360002E7014F031F808F1090029464FF49C7280
:108370002AF0EFFD0BF52670214615F0ACF90BF253
:1083800057100225414640F24112CDF8649D5C46EB
:10839000CDF8609DCDF85C9DCDF8589D8DF8865E3A
:1083A0008DF8509DCDF8489DCDF8409D2AF0D1FD27
:1083B0000DF5805103204FF0010B4FF4AB6281F8B3
:1083C00030000DF580500DF58051CDF834BDC0F86A
:1083D00028900DF58050C1F87892C0F800910DF505
:1083E00080501A99C0F8F8900DF58050CDF8301DE6
:1083F000214680F848900DF58050C0F844900DF566
:108400008050C0F840900DF58050C0F838900A2098
:10841000CDF83C0D0AF66840CDF8380D0DF58050CA
:10842000C0F824910DF58050C0F81C910DF58050D6
:10843000C0F814910DF58050C0F80C910DF58050E6
:10844000C0F808910DF59450C0F80090C0F837902E
:10845000C0F83390C0F82F90C0F82B9008F10700B7
:108460002AF077FD41F2F9504146341840F25F524C
:1084700015F06FF804200AF56661CAF8CC0706F516
:10848000DB50CAF8C81728212AF00CFD41F69D30B0
:108490008AF80C98CAF804983044CAF8FC9702A9E4
:1084A00001F5955115F01DF84FF0FF300AF65861AF
:1084B000CAF89008CAF894084FF0E170CAF8780832
:1084C00041F650403044CAF8B8181521CAF8BCB873
:1084D000CAF8B098CAF87C98CAF88098CAF8849804
:1084E000CAF888988AF87498CAF86898CAF86C9894
:1084F0008AF86458CAF85C98CAF85098CAF8549830
:108500008AF84C58CAF84498CAF83898CAF83C987F
:108510008AF83458CAF82C98CAF82098CAF82498CF
:108520002AF0C0FC929841F2F95170509490BDF835
:108530004C028DF856B2ADF85402DDF85302C4F87F
:10854000030041F208608AF868B23044CAF8D8984B
:10855000DDF874B094A913F011FEDDF86CC042F29E
:108560007C7030449CE87E007EC05D460AF51A703F
:108570001C99CD4ECBF800000BF120008BF83B90FE
:10858000CBF828108BF81C90CBF830B01B90002053
:10859000CBF82C100024EDF715F92968281D0122CD
:1085A000CBE90801297F2A77012900F06581CBF802
:1085B0004C000BF15801CBF844000BF28129CBF8A9
:1085C0003C002868ABF88042CBF85000CBF848005C
:1085D000CBF8400000208BF859408BF8680116203A
:1085E0008BF858000BF5B478DFF84C0700F16C04F9
:1085F000CBF8604194A814F012FECBF864413068C7
:10860000C00540F02B8120780022E17802282270FA
:1086100015D0B4F801208DF8D00742EA0141D4E921
:108620000123080CADF8D1170DF5FA618DF8D307C9
:108630002046CDF8D837CDF8D42704F0C5FD1E99D3
:1086400042F6E8004FF48472084494A929F02CFE05
:10865000DFF81C07CBF878021F9801680BF5B8709B
:108660000BF0A8F908B1032095E0DBF86441CBF8E2
:1086700070413068C00540F0F18021780022E07838
:108680000029227049D0D4E90156012950D11F9800
:108690000068D0E90010864208BFA94271D009687D
:1086A0008847CDF8D8170DF5FA61CDF8D407012029
:1086B00015F063FC6968304688476BE0584650F80F
:1086C000401F426811436CD0DBF82814DBF82C24DF
:1086D000114300F012830BF5856402F01DFC204667
:1086E00002F02EFC9BF881020BF158010BF281295C
:1086F0001B92002842D0032840F0CA809BF86801F2
:108700000BF5B478DFE810F00600C8003C01050066
:108710006600A1E7DBF860416CE71F980068D0E9CC
:10872000001009688847CDF8D817CDF8D4072CE099
:10873000B4F8011041EA0042D3B2FF2B2AD0012045
:108740004FF0000E022B88F8000089F8000047D097
:10875000D3074FF0000344D0330602F47F0243EA0C
:10876000152342EA05621B0C120CABF839302B0AB8
:1087700042EA03420123CBF8352032E09BF88042E5
:1087800028E7CDF8D867CDF8D45701200DF5FA6168
:1087900015F0F3FB042088F80000032089F800009E
:1087A000B2E2594611F8940F042800F039820328E8
:1087B00013D142F6100009EB00049BF824040BF2DD
:1087C000244500284ED003286AD1DBF81804D0F8DD
:1087D0000080A1E0DBF870414BE7DBF860E02DE0C2
:1087E00000231E98D84608F8343F42F2B47300EBD9
:1087F00003090DF5FA6C99E84F08654685E84F08BE
:10880000DDE91DB909F51F50CBE910EE9CE87E00AB
:108810007EC042F2A471584600F894EF4944C0F873
:1088200038171B99C0E9E5EE80F84BE74FF0010ED1
:10883000C0F83C87C0F8401740F834EC09F51F51E8
:1088400042F2DC7009EB000C91E87D008CE87D00C1
:108850001548CBF87CE00068C00527D0DFF8DC04C1
:10886000FEF73EBBDBE9DC0130E0DFF8E804A121E4
:10887000DFF8CC240CF088FDDFF81C05FEF730BBD8
:10888000DFF8E4040EF08FF9DFF8D8040EF08BF96E
:10889000DFF8CC040EF087F9DFF8C0040EF083F99E
:1088A000DFF8B4040EF07FF904ED00E0DBF87C1093
:1088B00000208BF8240442F2DC70484442F6100297
:1088C000CBE9DC0109EB02040BF224450BF56078DF
:1088D0000022CBE9820100F108011030CBF89C1096
:1088E0000BF55E710BF21443CBF8AC030BF5027081
:1088F000CBF878438BF8AA208BF8B1238BF832237E
:108900000BF55F72CBF81484CBF81834CBF81C2429
:10891000CBF82014CBF87C0398F831001A951C94FE
:10892000DFE800F004262E0F19992200002088F8B5
:108930003000D8F82C00C8F8280015F0A8FAC8F8BC
:1089400034001F9908F1340007F004F803210028CF
:1089500000F0D18015E0C14619F83C0F28B103287A
:108960000AD1D8F838501AE0B4E0D8F8340012E050
:10897000DFF804040EF017F9DFF8F8030EF013F92E
:10898000FEDED8F828000021C146406809F83C1FE7
:10899000083049F8080C00F57E75C8F8385028688A
:1089A000002840F0BE814FF0FF3000212860287B76
:1089B000012804D105F5AC700EF010FF297BD5E934
:1089C0000102904201D1C90716D000212973411C30
:1089D00000EB8000B1F1100218BF0A466A6005EB97
:1089E0008001486940B110310DF5536251F808CB50
:1089F00091E8580058C209E01F9815F0F0F805F505
:108A0000A8700EF0F8FEDDF86CC000202968013176
:108A100029600121002808BF032189F8001044D0F3
:108A20000DF5536107AA02F5945291E870001346C0
:108A300070C3C8F8000008F1040092E81A001AC0D8
:108A4000002088F84400D8F82800CDF86CC0A8F8B9
:108A500040C0C8F8340008F134090DF5147B1F9AA2
:108A600058464946FAF7A4F99498022803D10521FB
:108A7000DDF874B03FE00120594688F8300008F175
:108A8000100C91E87D008CE87D00D8F810000128DA
:108A90000DD198F81490B9F1140F00F0E580B9F1F8
:108AA0001C0F40F0EE80B948DFE0042123E00BF119
:108AB0000400494690E87C007CC1D8E9020106F038
:108AC000ADFF0022C8F8689088F86D20C8E914014D
:108AD000DDF874B01F9808F148050DF55364294678
:108AE00002682046FDF7C8F89DF8309DB9F1FD0FEA
:108AF00040F0A280062188F83110DBF81C040168E0
:108B000094ACDDF87C8020464246EFF775FD9DF879
:108B10005092B9F1FD0F0DD1DBF8200442460168F7
:108B200094AC2046FAF714FB9DF85092B9F1FD0F72
:108B300000F0D68002A8611C00F5955014F0D1FC1D
:108B40001C9C9BF8B10305280CD0062811D11E9857
:108B500000F52D50EDF728FCDBF8B803BBF8BC237B
:108B600014F0DFFBDBE9E00114F0F4F900208BF8EE
:108B7000B003A07CA0F10E020B2A14D804F1180156
:108B800004F11400DFE802F0060F0F0D0F0F0F0FB6
:108B9000060A0F0A0846EDF75AFB04E0EDF74CFB16
:108BA00001E0EDF7F4F902A802A900F5955001F5EE
:108BB000945178C80A4678C25C460388807804F8E5
:108BC000809F907001201E9D84F8A40342F2F970EA
:108BD0002844138014F085FCB9F1FE0FA9463FF438
:108BE00065AED846D346CA46DDF8709014F078FFDB
:108BF00068480EF0C5F84846D146DA46C346DDF867
:108C00007C80ECF7C9F90EF023FA94A840F6CD4227
:108C100014F0FFFD15F0E2FACBE92C128BF8B80046
:108C200042F62800D8F8001048440EF027FF00282C
:108C30003FF43CAE042058E0611CA7F1440414F05A
:108C400068FB2846EDF7B0FBB9F1140F18BFB9F176
:108C50001C0F26D14A480EF09FF8D8F83800B8F813
:108C60003C2014F05EFB04E047480EF095F8DDF878
:108C700074B0D8E9000114F06DF9002088F83000D4
:108C80007FE600200BF1050188F8300002A800F50E
:108C9000955014F026FC3E480EF07EF8DDF874B0D6
:108CA00014E0B9F1FE0FD8D002A82ECC00F59550F3
:108CB0002EC021880180A178817032480EF06CF8B6
:108CC000D8F83800B8F83C2014F02BFBD8E90001A4
:108CD0001C9C14F03FF94FF48070A8F8300030E786
:108CE0001A990320DDF8789008708BF89400DBF86F
:108CF0002804DBF82C14084305D142F6A83041467D
:108D00004844F5F7C7FA04208BF83B0003208BF8A2
:108D1000DA0905208AF828000DF5A05D03B014F0EB
:108D2000C1BB16480EF02CF811F0BAFBFEF748B89C
:108D30000CA0040030A00400A0E60320B100000055
:108D4000D48E0400C08E0400AC8E04003B000000F2
:108D500004000000108D0400EC8A04004C8C040018
:108D6000689604009C8C04007C8C0400183304007A
:108D7000E8D90320B894040028940400C700000038
:108D80007F000000740000008300000084000000E9
:108D900073000000C4000000FA000000F0B503AF4B
:108DA0002DE9000FADF5137D044691F8A4008B4624
:108DB0001594129208B3032840F0C2865E4616F856
:108DC000A00FA6F17C0A002847D0032840F0BB86FC
:108DD0005B4613F8440F1493DFE810F00500B80663
:108DE000C7064600D4029BF84580DBE90B01DBE9AE
:108DF0000F95CDF84CA0119663E1DBE900961121A7
:108E0000CBF808606EAD14F02AFF05F11100379021
:108E100030783595DFE800F006816A715AB9BE7F77
:108E2000C868C05171780020B2788DF8B8018DF80B
:108E3000B911012A1DBF8DF8BA01B6F80300ADF8CB
:108E4000BB01012001BF8DF8BA01F07831798DF8AE
:108E5000BC0108BF8DF8BB11C9E09BF8A180DBE91C
:108E60002595DBF89C401BE1D84618F8900F0028A8
:108E700000F0A880032840F06C865D4615F8880F46
:108E8000002800F0F081032840F06686594611F86A
:108E9000860F0B91002800F0028203280A9540F00B
:108EA0005E86D94619F87E0F002800F0F382032869
:108EB00040F05886DBF86400A2E30B208DF8B8017F
:108EC0007078022840F08380002069E004200121AE
:108ED0008DF8B801681C3690072900F08A80725C12
:108EE00001306A540131F7E7092056E07178022019
:108EF0008DF8B8018DF8B9117AE00320B178F278D5
:108F000033798DF8B80170788DF8B9318DF8BB11CF
:108F10008DF8BA2169E007203FE04FF0010AB07BED
:108F20008DF8B901A81C8DF8B8A1D846369035AC9B
:108F30004FF0000BBBF10C0F5DD006EB0B0041793D
:108F4000012906D1DDE936128A425FD081F800A0FE
:108F500005E0DDE936128A4258D000220A70379BBC
:108F60004A1C934252D002794A700231B0F9020091
:108F70003691410081EAE031204610F07DF80BF196
:108F8000040BC0430006D5D040E005208DF8B801A1
:108F900001202DE0062000E00A208DF8B80170784D
:108FA0008DF8B901022023E0082071888DF8B801FE
:108FB000681C369035A8D84610F05EF8C04300060D
:108FC00019D023E0BBF88C40DBF84C50B2E0AA1C6F
:108FD00001213692C007F2788DF8B9118DF8BA21C7
:108FE00000F058818DF8BB11B0788DF8BC010520D8
:108FF0002844D8463690359840B1A8421CD0DFF8B6
:10900000900B0DF0C9FE20A903200DE0DFF8A40BA2
:109010000DF0B6FE022010F059F80EF019F80320FA
:109020008DF88000002086A90870C3469DF8801046
:1090300001209DF8182206E1DDF8D8C00DF59C7ED0
:1090400056CDC3467346ACEB000056C34446297860
:1090500044F80C0F08F110001970BEE82E002EC065
:109060009EF800100170DFF82C0B0DF089FEDFF880
:10907000280B0DF064FED8F8080010F047FC0DF046
:10908000E7FF464659F81E5B4FF480704FF0010829
:1090900026F8A00FA6F17C0A46E9039546F8044C91
:1090A0002046CDF84CA011960FF0D8FF00225B4669
:1090B00003F8442F149383F8018043E9029543E9B0
:1090C0000601CBE90901DA46CBF83490B8F1000F7C
:1090D000D5E9026B10D0B9F804302A46DBF82040FD
:1090E000CDE900016EA83146A0479DF8B881B8F1DE
:1090F000FF0F58D1DAF83490B9F8000000284FD0AB
:10910000B9F802403046CAF838502946DBF8183022
:109110002246984700285CD00020D04608F8900FDF
:10912000D346119E58F85C0C28F8044C48E9120507
:10913000DDF84CA0ABF88E400BF15002D5E90201EE
:1091400023C222460B6B29469847C00700F0D78000
:10915000DBF858000C460179006805F062F978B137
:10916000DBF85800037914F03AFD6EA805F071F9A8
:109170009DF8B801FF2879D19DF8B901002875D074
:1091800010940120149A88F800004FF002089DF80E
:109190005E008DF85A00BDF85C00ADF858001FE085
:1091A0004FF0140817E0BDF8C901ADF858009DF85C
:1091B000CB018DF85A0070980F906F980E907198AF
:1091C0000D909DF8B9019DF8C851BDF8BA91109065
:1091D00001E04FF0FF08119ED346DDF84CA0149A31
:1091E000012450461470ECF74DFF50463470ECF7F4
:1091F00055FFB8F1FF0F03D1DBF80C30002022E05F
:109200000E986F900D98719010988DF8B901BDF877
:109210005800ADF8C9019DF85A008DF8CB010F98A0
:109220007090DFF88C098DF8C851ADF8BA918DF8BF
:10923000B8810DF0A5FD6EA812F0B2F80DF008FF90
:10924000042101200122C9B2D2B2159C120442EAC3
:1092500001210844C4E9000301208BF8A4000DF5A6
:10926000137D14F01FB9DBF85C1007E000205D46A9
:1092700005F8880F55F8301C45F82C1C08685B462B
:109280000A79002103F8861F0B9303F8022C43F898
:10929000060C08E000208DF8BB010420A8E69BF82E
:1092A0008420DBF880008BF88520CBF8600014F078
:1092B00082FA90F85C23CDF83080042A07D190F828
:1092C0005F33002B00F08B804FF0FF0801E04FF080
:1092D0001C0814F06CFB0B990120042A28700870FC
:1092E0007CD1DBE91403BBF88E20DBF858101B6B34
:1092F0009847DDF83080C00701D0109141E7149AFB
:10930000012088F80000CDE913A24FF0000ADBE944
:109310000D23DBE909019288CDE97001FF20ADF84A
:10932000BE21ADF8BCA18DF8B80119681A794EA814
:109330006EABECF7B5F99DF83881B8F1FF0F37D176
:109340009DF84821BDF849018BF858208BF88CA076
:10935000DDE9122A9DF84B11ADF8D400ADF8B80143
:10936000ABF85900DBF83800519C8DF8D6108DF819
:10937000BA118BF85B100BF14801DDE94F3529C1BB
:10938000CBF854400BF1480411462046FCF766FD2B
:1093900040B1159C042014990870032002213070FC
:1093A00021705AE72046EDF716F84FF0FF0816E750
:1093B000BDF84901ADF858009DF84B018DF85A00F1
:1093C00050980F904F980E9051980D909DF839013C
:1093D0009DF84851BDF83A911090FEE6B7E190F83B
:1093E0006723D3071FBFB0F86C33ADF83C31D0F81A
:1093F00068334E93B0F85432D207ADF8BC31D0F890
:1094000050320A95CDF84CA06E934EAB6EAA18BFA1
:109410001A4690F856520868B2F80480A0F101008C
:10942000D2F800A0086018BF0125DBF86000DFF863
:109430006C17103005F071F90C4690F83E110229B6
:1094400007A981E8200528D1206801382060DBF8D1
:1094500060A09BF88540DAE900126EA8234604F06C
:10946000E3FE14F03CFE35D1002840F0A580DAE997
:1094700000012246CDF818B010F00CF8834690F8A1
:109480005F0300284CD008204FF003081090DDF84F
:1094900018B08BE0DBF86C00A4E0D0F831111FFAB3
:1094A00088F3B0F8352181EA0A015A401143CBD143
:1094B00090F837116940C907C6D100F120016EA8A4
:1094C00012F09AFD21689DF8B80101392160FE284B
:1094D000BDD171E09DF8C851DDE96FC2719CBDF846
:1094E000BAE11090BDF8C901ADF814029DF8CB01A6
:1094F0008DF816020B990120CDE90D4CB8F1FE0F45
:10950000DDF84CA0159C08709DF816028DF86200DD
:10951000BDF814020F92ADF8600000F0948012E1E3
:1095200005910AF11000DFF87816119605F0E6F8BB
:109530000E46DAE90212DFF86C36804619A805F00B
:10954000FEF89BF86E0310904046DDE9195412F0C6
:1095500033FD049678B1BBF858039BF86013CDF83F
:109560000C80012940F00481BBF86513DBF86133FE
:1095700001F5803206E198F83E015946023818BFDD
:1095800008F12000E8F7C2FF4FF0FF08002808BFED
:109590004FF01508DDF818B0119E1B9801680131D5
:1095A000016004990868013008600599086801386D
:1095B0000860B8F1FF0F9DD10020D94609F87E0F51
:1095C000089829F80A0C079809F8080C59F81E0C95
:1095D0000999083049F8120C49F80E1CDDF8308062
:1095E000DDE913A3DBF870105A4642F8771F149395
:1095F00052F8041CC2F8031042F8130C42F80F2C66
:10960000DFF8A8150830CDF8308005F077F8139111
:109610000446129900F53870096813F08EFF94F82B
:109620003E01022815D101204FF01C08139A116841
:1096300001311160B8F1FE0F89F800002BD10B99B0
:109640000320159C08700C99032008700A99087073
:10965000A1E6DBF868104FF01A08B4F835018A88E3
:109660000B685040D4F831215A4010434FF00100AC
:10967000DCD194F8372189795140C907D6D104F15A
:1096800020016EA812F0B8FC9DF8B881B8F1FE0F69
:1096900028D10320CAE79DF83A01B8F1FF0F8DF8F1
:1096A0006200BDF83801ADF8600013D0B8F11A0FB0
:1096B00016D1DBF86000F14613939BF88530D0E9B2
:1096C00000126EA804F0B0FD14F009FD20D10028AE
:1096D000139831D00B99012008700A99087000E6A0
:1096E00010932DE0BDF8C901ADF838019DF8CB010C
:1096F0008DF83A0170989DF8C851BDF8BAE19DF80F
:10970000B9310F906F980E90012071990D918DE7EE
:109710001090BDF8C901ADF860009DF8CB018DF83F
:1097200062006F980E9070980F9071989DF8C851D4
:109730000D90BDF8BAE103E0CE464FF01A08109044
:109740000B99012008700A99F146012008709DF8D4
:109750006200149A0C998DF85E00BDF86000ADF8B7
:109760005C000120B8F1FF0F08707FF410ADCAE56E
:10977000039B9968CA0700F0D080DA68090A41EAB9
:109780000263120AADF87420120C8DF876200AF5E7
:10979000427C9BF867230BF5107E1C93012A09D1AC
:1097A00001228DF87E20BBF86C23ADF87C20DBF81D
:1097B000682305E0DBF85022DBF85332CDF87B302C
:1097C000DDF80C801E9208F528722C9208F52072A4
:1097D000ADF8C00098F8E832CDE92AC2D8E9000215
:1097E000CDE92254CDE92DABCDE9200220A89EE899
:1097F0007610103080E8761008F108002F9010984D
:10980000B0B300204FF47021CDE900106EA81CA960
:109810001EAA12F039F986A80A21EDF781F914F091
:1098200031FC40F0F480BDF82902ADF8B0019DF89C
:109830002B028DF8B2019DF828128998DDE98796F0
:109840008A46804603F074F8CDE90F019BF8705307
:109850009DF8014286A820A906F091FF9DF84112CB
:1098600005F1080002297ED1032C40F0808080E0C1
:1098700040F666104FF0C071CDE900106EA81CA92B
:109880001EAA064612F000F99DF801020C210328D9
:1098900008BF08219BF870039BF8712301448DF8E1
:1098A0000212012A04BF01218DF8001258B19DF85F
:1098B00004029DF8051240F003008DF8040241F007
:1098C00003018DF8051286AC20A9204606F005FF9D
:1098D000BDF82902ADF8AC019DF82B028DF8AE0160
:1098E00088980F9087989DF841E29DF82852BDF81E
:1098F0001AA2BEF1FF0F9DF818820E9089980D9064
:109900009DF8190210900BD1BDF8AC01ADF814020E
:109910009DF8AE018DF816020AE14FF0050839E610
:1099200004F114090DF5C87CBEF1020FB9E81F005F
:10993000E346ABE81F0099F800008BF80000DDF863
:1099400042026C90BDF84602ADF8B40173D186A80E
:109950006EA920AAE8F78DFB14F094FB40F0D380A9
:109960004FF0010891E09DF84012022901D105F164
:109970000C001099002900F0F9800F99CDE9649648
:109980008DF89CA10870BDF8B001ADF89D019DF85F
:10999000B201CDF898818DF89F0186A820A964AA0C
:1099A00006F047FD14F06EFB31D14EA86EAD0730C6
:1099B0004E22294629F0CDFA9DF8064205F14F01C5
:1099C0004BAD092213F0CCFD4FF00008022C3FF400
:1099D000E1AD35AE4EA9552214F01FFC0DF1C809BA
:1099E00006CD484606C055222978039D0170022005
:1099F000314685F8E80005F1E90085F8208029F076
:109A0000A8FA85F83E4105F23F10494676E0BDF8D8
:109A10002902889ADDF81CC29DF82852899CBDF85D
:109A20001AE2ADF814029DF82B028DF816029DF88B
:109A300019021090AEE50E986F900D9871901098E5
:109A40008DF8B901BDF8AC01ADF8C9019DF8AE01C2
:109A50008DF8CB010F988DF8B8814FF00D087090FC
:109A600006F114008DF8C851ADF8BAA1BCE83E006B
:109A70003EC09CF8001001706C98CDF8E201BDF872
:109A8000B4018DF8E1E1ADF8E6010DF0BFFC4FF453
:109A9000702200234FF000090DF06AFFCDE97A0132
:109AA0004EA8073031464E22354629F052FA9DF82D
:109AB000066205F14F014BAD092213F051FD022E54
:109AC00000D135E035AC4EA9552214F0BAFB0DF1AA
:109AD000C80A06CD504606C055222978039D01705C
:109AE000214605F1E90085F8E89085F8208029F005
:109AF00030FA05F23F10514685F83E6114F0BFFA86
:109B00004FF0FF0846E5BDF82902ADF814029DF8B4
:109B10002B028DF8160288980F9087989DF828528E
:109B2000BDF81AA20E9089980D909DF81902109018
:109B3000DDF818B0D646119E0F9ADDE90D4C2CE5E4
:109B400012480DF030F810480DF02DF80D480DF0CA
:109B50002AF80B480DF027F808480DF024F80648BD
:109B60000DF021F803480DF01EF8FEDE0E4A13F04A
:109B700034FB00BFB89204007894040018960400E7
:109B80001C8C04000C8C04002C8C0400989704009E
:109B9000BE0000001B000000D201000014D304002E
:109BA000DC540400EC5404008C530400B08D040019
:109BB000B3000000BF000000B0B502AF14F090FB8E
:109BC00009D148680D4619F0FEF913F080FB08BF73
:109BD000023214F027B901480CF0E5FFB8970400F1
:109BE000B0B502AF14F07CFB09D148680D4619F0FE
:109BF000B9FA13F06CFB08BF023214F013B9014834
:109C00000CF0D1FFF8970400F0B503AF2DE9FE0F7B
:109C10008246007D48B1032814D19AF8100060B143
:109C2000032812D1DAF80C9014E0DAF80090002042
:109C30008AF81000CAF8049001E0DAF80490CAF833
:109C4000089005E051480CF0AEFF4F480CF0ABFF18
:109C5000CAF80C904E48D9F808500068C00540F08A
:109C60008B802868002840F081804FF0FF30D5E9D4
:109C7000024228600223287ED9E9008B30B9D5E959
:109C80000463B342A3EB060338BF0233E41A62F164
:109C90000002B8EB04067BEB020608D20020C9F8EC
:109CA00000402860C9F80420DAF80890D0E7A8EB53
:109CB0000404A34210D9D5E90431994208BF002811
:109CC00013D005F11C0214F049F891BFC3F102034F
:109CD000CB1A002104220AE0D1E9001205F12C0080
:109CE00001F02EFB0224032031E013F085FB02EB90
:109CF000C101029000EBC30004920591039001940E
:109D00003CB102AE019C304606F032FBC8B3013CC8
:109D1000F9D102A806F02CFB98B313F0DEFA01D0BB
:109D200004680DE002A805F110010EF0FFFF9DF898
:109D3000080002281DD005F16800029C0FF082F88F
:109D400018F101004BF10001C9E900010120296867
:109D5000012201312960E1B2022908BF03228AF8F9
:109D6000100020468AF8142013F0E3BB0A480CF0D8
:109D70005FFE0A480CF052FE06480DF00DF80DF09B
:109D8000B5F807480CF04AFE7490040008980400E7
:109D900004ED00E0B100000048970400109D0400AD
:109DA000009D0400F0B503AF2DE9FE0F8946017D4B
:109DB000029039B103290DD1017C41B103290CD1A5
:109DC000C4680EE0046800210174446000E0446847
:109DD000846005E04D480CF0E6FE4B480CF0E3FED5
:109DE000C4604B49A0680968C90540F084804A49AD
:109DF00004F084FC8A4614F063F990F83800D4E942
:109E0000008B30B9D6E90C52AA42A2EB050238BF4A
:109E100001329B1A61F10001B8EB03057BEB0105F0
:109E200008D2DAF80000C4E9003113F013FE0298FA
:109E30008468D5E7A8EB0305AA4210D9D6E90C310E
:109E4000994208BF002813D006F13C0213F086FFA8
:109E500091BFC3F10103CB1A002104220AE0D9E922
:109E6000001206F1080001F0C3F90220032131E0DD
:109E700013F0C2FA13F04BFB059206910490019582
:109E800045B103ADDDF8049013F0ECFEC0B3B9F1B9
:109E90000109F9D103A806F06BFA88B313F01DFA93
:109EA00002D090F800900CE006F1300004F032F897
:109EB0005FFA80F9B9F1020F1AD006F11C000EF01A
:109EC000CBFF18F101004BF10001C4E9000109F0DA
:109ED00001000121DAF800200132CAF80020012235
:109EE000022808BF0322029B1A75197413F021BBC4
:109EF0000A480CF093FD07480CF04EFF0CF0F6FFFB
:109F000007480CF08BFD00BF749004000898040013
:109F100004ED00E0B100000048970400109D04002B
:109F2000009D0400F0B503AF2DE9FE0F8946017DC9
:109F3000029039B103290DD1017C41B103290CD123
:109F4000C4680DE0046800210174446000E04468C6
:109F500084602EE060480CF026FE5E480CF023FE84
:109F60005E49A0680968C90540F0A7805D4904F012
:109F7000C5FB8B4614F0A4F890F87000D4E9008A71
:109F800030B9D6E91A52AA42A2EB050238BF013213
:109F90009B1A61F10001B8EB03057AEB01050AD2C7
:109FA000DBF80000C4E900310130CBF80000029872
:109FB0008468C460D4E7A8EB0305AA4210D9D6E9A7
:109FC0001A31994208BF002830D006F1740213F00C
:109FD000C5FE91BFC3F10103CB1A0021042227E083
:109FE00056F8085FD9E9004806F10409E8004A4636
:109FF00048B1114608384B680832984504BF0968D3
:10A000008C42F5D146E0092D03D1304601F0C2F96A
:10A010003568216840468847082D3AD849F8350008
:10A0200009EBC5004160681C306033E013F0E4F9CF
:10A0300013F06DFA059206910490019545B103ADB8
:10A04000DDF8049013F00EFEE0B3B9F10109F9D187
:10A0500003A806F08DF9A8B313F03FF902D090F8E9
:10A0600000900CE006F1680003F054FF5FFA80F9FD
:10A07000B9F1020F1ED006F154000EF0EDFE18F1FA
:10A0800001004AF10001C4E9000109F001000121C9
:10A0900002E0D0B902200321DBF800200132CBF826
:10A0A00000200122022808BF0322029B1A7519749E
:10A0B00013F03FBA0D480CF0B1FC09480CF06CFEEF
:10A0C0000CF014FF0A480CF0A9FC13F074FC0648CD
:10A0D000F4E700BF749004000898040004ED00E069
:10A0E000B100000048970400A1000000109D04008A
:10A0F000009D0400F0B503AF2DE9000FA7B089461D
:10A1000091F864119246009079B1032940F02581BD
:10A11000D9E956C6D9F86041D9E94E85D9E9503216
:10A12000D9E95210D9E954BE77E000204FF0010C74
:10A130004C4609F5807144F8E4CFCE4689F83401E5
:10A14000CB4689F818014A4689F8FC004B4689F845
:10A15000E0004D4689F8C400C84689F8A80089F88F
:10A160008C0089F8700089F8540089F8380089F863
:10A170001C0009F58E70C9E956414946C9F86001CD
:10A180004846C9F81CC1C9F800C14EF8C8CF4BF801
:10A19000ACCF40F890CF41F874CF42F858CF43F895
:10A1A0003CCF45F820CF48F804CFA446D9F800406A
:10A1B000C9F8084004F1A006C9F8206104F190062E
:10A1C000C9F8046104F18006C9F8E86004F170067A
:10A1D000C9F8CC6004F16006C9F8B06004F150061B
:10A1E000C9F8946004F14006C9F8786004F13006BB
:10A1F000C9F85C6004F120061034C9F8406009F524
:10A200008076C9F8244009F58E74C9E94E85C9E9FC
:10A210005032C9E95210C9E954BECDE9071051487E
:10A22000CDE903850DF190080D940024CDE90532A8
:10A230000025CDE909BECDE90BC623900DA82290DB
:10A24000494821900CA8209048481F900BA81E90C8
:10A2500047481D900AA81C9046481B9009A81A90D0
:10A260004548199008A818904448179007A81690D8
:10A270004348159006A814904248139005A81290E0
:10A280004148119004A8109040480F9003A80E90E8
:10A290000EAE582C0FD03019315952464068036920
:10A2A000404698479DF89000FE2802D0FF2809D12B
:10A2B00001250834EDE7E8074AD00099FF2008702F
:10A2C000032040E0BDF899100026ADF804109DF879
:10A2D0009B108DF806109DF898302599BDF8925086
:10A2E0009DF89120DFE800F01F0E060E0E100C1FE7
:10A2F0001B081200002106E002F00102002112E01A
:10A3000002F0010200210EE00021FCE79DF806208A
:10A310008DF80A20BDF80420ADF8082001E003F014
:10A32000010321F0FF06009C2070BDF80800A4F88E
:10A3300009009DF80A00E072C8B230436060012055
:10A3400023726580627089F8640127B013F0AAB89F
:10A350000F48A121024A0BF017F801480CF023FC2A
:10A360009C8E0400888E0400748E0400608E0400AD
:10A370004C8E0400388E0400248E0400108E0400DD
:10A38000FC8D0400E88D0400D48D0400C08D040011
:10A39000108D0400F0B503AF4DF8048D044600F1B4
:10A3A0000906007CDFE810F00E000A0210024B00E4
:10A3B0007800550069005F008C0042003400960070
:10A3C0008200A100237894F808C0D4F8048065883E
:10A3D00094F801E0E268DFE813F00B00B5019501A5
:10A3E00098018301C101D201A401E6018F01D801C6
:10A3F0000020C4F8402384F84403280240EA08609F
:10A4000004F551757044C4F8450304F11800A4E044
:10A4100094F8442304F1180004F55176002A6FD013
:10A42000032A78D0DFF8B0030CF0BDFB12F0C1FEB8
:10A430007CD0032A00F08280E8480CF0B4FB12F0D4
:10A44000B8FE00F08680032A00F09380E9480CF003
:10A45000AAFBA07EC00740F0B481258B6269012071
:10A460005583A07636E113F069FC00F08D80032A55
:10A4700000F09380DB480CF096FB94F8462304F13F
:10A48000180004F24635002A00F09280032A00F0FA
:10A49000A180D5480CF087FB13F050FC00F0A4809D
:10A4A000032A00F0AA80D2480CF07DFB12F081FE56
:10A4B00000F0AD80032A00F0B280C5480CF073FBB9
:10A4C00012F077FE00F0B580032A00F0BE80C44889
:10A4D0000CF069FB94F84C03002800F0C0800328BE
:10A4E00000F0CC80BB480CF05EFB94F84C030028D5
:10A4F00000F0D180032800F0E080B4480CF053FB5A
:10A5000094F8473394F84653D4F84023D374002387
:10A51000957413F0ACFCF7F77BFB12F012FE18BF3A
:10A520000321317000F0D6800A21D5E094F845333C
:10A53000D4F840239377002313F099FCF7F768FBD6
:10A5400012F0FFFD18BF0321297000F0C38009211C
:10A55000C2E094F845E3D4F840231EF0010382F8EA
:10A5600020301CBF012382F821302262002384F8AE
:10A570002830F7F74DFB12F0E4FD18BF03212970D6
:10A5800000F0A8800321A7E094F844E3D4F8402326
:10A59000002382F826E013F06AFCF7F739FB12F08B
:10A5A000D0FD18BF0321297000F09480072193E0AB
:10A5B00094F844E3D4F8402384F845E3CEF3400311
:10A5C000137794F8453303F0010353770023226295
:10A5D00084F82830F7F71CFB12F0B3FD18BF0321F5
:10A5E000297077D0062177E094F844E3D4F840232B
:10A5F000002382F825E013F03AFCF7F709FB12F08C
:10A60000A0FD18BF0321297064D0042164E094F8F0
:10A610004533D4F84023D377002313F028FCF7F711
:10A62000F7FA12F08EFD18BF0321297052D00C21C9
:10A6300052E0D4F84023B4F8453394F84763538488
:10A64000002382F8246013F012FCF7F7E1FA12F00D
:10A6500078FD18BF032129703CD008213CE0D4F8D4
:10A660001880D4F84823B8F1010F9EBF02EB080010
:10A67000237F03740020A26284F8300004F12000DC
:10A68000F7F7C6FA12F05DFD18BF032184F84C13EA
:10A6900020D00B2120E0D4F81880D4F84823B8F15A
:10A6A000010F06D808EB4800A38B1044A57F8575E1
:10A6B00083820020A26284F8300004F12000F7F7C2
:10A6C000A7FA12F03EFD18BF032184F84C1301D005
:10A6D0000D2101E00020012121745DF8048BF0BD03
:10A6E000002084F844E384F8450304F11800C4F81A
:10A6F000402304F245354BE700200EF0010312F031
:10A70000FCFF88E7C4E90525A9E6002084F844E3B6
:10A7100084F8460304F11800C4F8402304F24635D7
:10A720004AE70020C4F8402384F844034EEA086056
:10A7300040EA0520C4F845032B0A04F1180004F58B
:10A740005176E3E6002084F844E384F8450304F1FD
:10A750001800C4F8402304F2453549E70020C4F846
:10A76000402384F84403280A86F83E034EEA052075
:10A77000A6F83C0304F1180004F551755BE70020CE
:10A780000EF0010312F0B9FFD4E60020338884F8FC
:10A790004C03B078C4F8482343EA00404CEA002058
:10A7A000C4E906807BE70020C4F8482384F84C0302
:10A7B0000CF00100C4F81880207754E70E480CF024
:10A7C000F2F90A480CF0EFF9FEDE00BF2891040010
:10A7D000189104003891040048910400D8900400B6
:10A7E00008910400B8900400F8900400C890040098
:10A7F000E8900400A89004009C8E0400F8B504AF13
:10A80000CDE9021200F5B071019101A910F04CFFE1
:10A810008FBDD4D4BCB504AF0446007CC00718D1AA
:10A82000E26801250020B0EB125F4FF001000ED16D
:10A83000A1688818B0F5801F01D9012007E0606881
:10A84000054B00930B460EF035F84FF0FF302574A2
:10A85000BCBD02480CF0A7F9D8BF040098980400CA
:10A86000F0B503AF2DE90007044690F8500060B141
:10A87000032855D1254615F84C0FA5F1400A88B19B
:10A8800003283BD028480CF08EF92068A2464AF8ED
:10A890000C0F00265AE902325546CAE9013205F882
:10A8A000406F02E0D4E9030362699A4202D3B2F531
:10A8B000801F10D9012601202870B01C03D16FF031
:10A8C0000106032003E05046EBF79EFC012084F8CC
:10A8D000500013F043BB42EA0306360501D00226BE
:10A8E000E9E74FF0000E42F2107C012684F838E0D0
:10A8F000C4E90663C4E908E2C4E90A0C04F11809D2
:10A900004846F7F73FFD0646023004D103206FF0BA
:10A9100001062870D1E748468846EBF766FCCAE78F
:10A9200002480CF040F900BFF8910400D8980400E8
:10A93000F0B503AF2DE90007044690F8580060B168
:10A9400003285BD1A2461AF8540FAAF14405A8B116
:10A95000032830D02B480CF026F9D4F800C0254647
:10A9600045F810CF002655E903E3AA4655F8040C34
:10A97000C5E901E3E8600AF8446F03E0D4E904CED6
:10A98000D4E906301E18B6F5801F01D9012605E06E
:10A9900043EA0006B6074FF0020600D01DE0002291
:10A9A0009B0884F8402041F64C52C4E90860C4E991
:10A9B0000AE3C4E90CC204F120094846F7F7E2FCB7
:10A9C0000646023005D103206FF001068AF8000028
:10A9D00006E048468846EBF708FC01208AF80000AC
:10A9E000B01C03D16FF00106032003E02846EBF70B
:10A9F00017FC012084F8580013F0B0BA02480CF09C
:10AA0000D2F800BF08920400E8980400B0B502AF85
:10AA100013F066FC09D148680D4618F00EFB12F0E1
:10AA200056FC08BF023213F0FDB901480CF0BBF828
:10AA300028990400B0B502AF13F052FC09D1486860
:10AA40000D4618F07AFA12F042FC08BF023213F0F9
:10AA5000E9B901480CF0A7F888990400B0B502AF35
:10AA600013F03EFC09D148680D4618F089FA12F03F
:10AA70002EFC08BF023213F0D5B901480CF093F850
:10AA800098990400F0B503AF4DF8048D82B00446E8
:10AA900090F8B002884698B1032873D194F8AC02BC
:10AAA000B8B1032871D194F84000DFE800F00371D9
:10AAB000742B5800D4E90605D4E90831A26A14E0E1
:10AAC000002004F10C0384F8AC0294E8070007C3EB
:10AAD00002E004F10C0207CA0023012584F840308B
:10AAE000C4E90605C4E90831A2620026C4E91105DB
:10AAF00084F8A860C4E913316265C4E90B05C4E9B0
:10AB00000D31E26313F0DFF9C0B228B1022805D19C
:10AB10000220032103222DE0002029E004F1AC06ED
:10AB20004FF40071304628F078F8E06B31461D4B49
:10AB30004FF4007210F048FED4E90E2306461A487E
:10AB40000D46009030460DF0B5FE04F12C020020B9
:10AB500084F8A80004F1440307CA656547C313F0ED
:10AB6000B2F9C0B2022803D102200322042101E07D
:10AB70000121012284F8B02284F8AC2284F840102C
:10AB800012F0D5BD06480CF00EF804480CF00BF896
:10AB900001480CF008F8FEDE88930400D893040006
:10ABA000D899040098930400A8930400F0B503AF6B
:10ABB0002DE9800F0446007DA0B1032867D1A1468E
:10ABC00019F8100FA9F10C08B0B1032862D1A24600
:10ABD0001AF80D0FAAF1050B002855D003285CD1F7
:10ABE000207B36E0D4F800E0A04648F804EF0022CD
:10ABF000C14609F80C2F01E0D8F800E0A346002276
:10AC00004BF808EF0BF1050ACBF804209EF8002062
:10AC10004FF4A263254D4FF0020C202A38BF4FF4A9
:10AC2000047302F01F025B5938BF4FF0A04545EA9C
:10AC30008205D5F8000723FA02F2D20706466CF324
:10AC4000114618BF40F44036C5F800679EF8000072
:10AC500020730CF0F5FC054628B1032689F8006046
:10AC60008AF800600CE004F10C000CF0D5FC012621
:10AC700058466673EBF7A4FB40462674EBF740FB9F
:10AC80002675284613F0D2BADBF800E0BEE7064886
:10AC90000BF089FF03480BF086FF01480BF083FFA0
:10ACA0000896040048940400289A04000003005009
:10ACB000E0B502AF0968019101A9F5F705FC8CBD6B
:10ACC000E0B502AF0968019101A9F5F715FC8CBD4B
:10ACD000E0B502AF0968019101A9F5F722FC8CBD2E
:10ACE000E0B502AF0968019101A9F5F731FC8CBD0F
:10ACF000E0B502AF0968019101A9F5F7FFFC8CBD31
:10AD0000E0B502AF0968019101A9F5F71FFD8CBDFF
:10AD1000E0B502AF0968019101A9F5F7D5FD8CBD39
:10AD2000E0B502AF0968019101A9F5F789FE8CBD74
:10AD3000E0B502AF0968019101A9F5F759FF8CBD93
:10AD4000E0B502AF0968019101A9F5F769FF8CBD73
:10AD5000E0B502AF0968019101A9F5F776FF8CBD56
:10AD6000E0B502AF0968019101A9F5F787FF8CBD35
:10AD7000E0B502AF0968019101A9F6F781F88CBD31
:10AD8000E0B502AF0968019101A9F6F78FF88CBD13
:10AD9000E0B502AF0968019101A9F6F78BF98CBD06
:10ADA000E0B502AF0068019001A8F6F75DFA8CBD2E
:10ADB000E0B502AF0068019001A8F6F749FB8CBD31
:10ADC000E0B502AF4FF0FF300190002000906846E0
:10ADD000E6F71AFE80B56F46017A09B1082080BDFA
:10ADE000D0E90010884224BF401A80BD401A0830C4
:10ADF00080BD80B56F46017A09B1042080BDD0E9DD
:10AE00000010884224BF401A80BD401A043080BD23
:10AE100080B56F46017A09B1012080BDD0E90010EC
:10AE2000884224BF401A80BD401A013080BD80B5E1
:10AE30006F46017A09B1022080BDD0E90010884236
:10AE400024BF401A80BD401A023080BD80B56F46D5
:10AE50008AB001460020069001A806AA02F050FA26
:10AE6000019801281CBF0AB080BDDDE902010AB0CB
:10AE7000BDE88040EAF7E4BDF0B503AF4DF804BD8E
:10AE80000C4603F06DFC0E46D4E90012054608306E
:10AE90000CF0B1FC3268297C0132687C32600129F7
:10AEA00018BF02205DF804BBF0BDB0B502AF0C4680
:10AEB00003F056FC0D4601214474017408300CF077
:10AEC0008DFC12F011FCB0BD80B56F4603F048FC5C
:10AED000007C0A680238B0FA80F0013240090A604A
:10AEE00080BDB0B502AF03F03BFC044602202074E5
:10AEF000204612F0ECFC04F108000CF06FFC12F09C
:10AF0000F3FBB0BD80B56F4602480BF045FF0BF078
:10AF1000EDFF00BF9B000000D0E9001281F00101AD
:10AF2000114301BF00210222C0E90021704780B512
:10AF30006F4602480BF030FF0BF0D8FF9B0000007B
:10AF4000D0E9001281F00101114304D10021022255
:10AF5000C0E90021FEDE80B56F4602480BF01CFF01
:10AF60000BF0C4FF9B000000D0B502AF00211F22F0
:10AF7000102906D0435C845C445401318354013A67
:10AF8000F6E7D0BDD0B502AF9A4221BFD21ACC1895
:10AF900080E81A00C26028BFD0BDBA6813210148FA
:10AFA0000AF0F2F949D00400F0B503AF4DF804BD42
:10AFB0000B68022B04D192E87A1080E87A1005E041
:10AFC00091E8785080E87850106808B112F0E7BA3C
:10AFD000D2E902015DF804BBBDE8F040EAF730BDFC
:10AFE00080B56F46C9B27F224FF47A7311FB0321FB
:10AFF000FF2289B2B1FBF2F101F5004101808168C5
:10B00000C1F820050020C1F8100101208860D1F8A6
:10B010000005C00703D0D1F810010028FBD080BD87
:10B02000F0B503AF4DF804BDCC074FF090054FF0DD
:10B03000480608BF482508BF90260024B24238BF02
:10B04000AB4218D2CCB20FF20C0101EB84051946C9
:10B05000DFE804F00E02060BC3F18F03114606E091
:10B06000C3F14701C2F18F0202E0C2F147011A4663
:10B070000124C0E90121046012F091BA80B56F4645
:10B08000821EC3B2022B38BF0222D2B222B1012AE1
:10B0900018BF00F0010100E00221084680BDD4D4B1
:10B0A000F0B503AF4DF804BD82B00A460021044656
:10B0B00068468DF804100091052908D0D309425440
:10B0C00008D042F08002425401311A46F4E70525C7
:10B0D0006A4605E0084A684608F0E6FB02460D4667
:10B0E00012F02DFB01D9022003E012F035F913F024
:10B0F000DFF812F08AB800BF4C9F0400F0B503AF30
:10B100004DF804BD82B00A460021044668468DF819
:10B1100004100091052908D0D309425408D042F008
:10B120008002425401311A46F4E705256A4605E0DB
:10B13000084A684608F0B8FB02460D4612F0FFFACE
:10B1400001D9022003E012F007F913F0B1F812F070
:10B150005CB800BF7C9F0400F0B503AF2DE9C00BC5
:10B160000646B868D1F8189098460C6A1546F968F2
:10B17000009008440190684603F0D4FB0021C6E922
:10B1800005493177DDE9001286E82701BDE80C0B9F
:10B19000F0BDD4D4F0B503AF4DF8048D0E46014692
:10B1A00010C980461546E00030B112F032F8FBD1EC
:10B1B00012689642F8D116E0012C04D140460DF0F9
:10B1C0004BFED8F8004012F0E8FC3CB158B112F048
:10B1D000F2FB06480BF0E0FD0BF088FE0122C8F8F8
:10B1E0000810C8E9002012F079BA00BFA1000000E1
:10B1F000F0B503AF2DE9000B11F05FFF30B112F095
:10B2000008F8FBD112689642F8D110E0B9F1020FAC
:10B2100004D140460DF016FED8F8009012F0BDFCA7
:10B22000B9F1010F02D811F03EFF00E008B912F0A9
:10B230002EBA12F0C0FB02480BF0AEFD0BF056FE2A
:10B24000A1000000F0B503AF2DE9000B11F035FFB0
:10B2500030B111F0DEFFFBD112689642F8D110E058
:10B26000B9F1040F04D140460DF0ABFDD8F80090C1
:10B2700012F093FCB9F1030F02D811F014FF00E0B3
:10B2800008B912F004BA12F096FB02480BF084FDE4
:10B290000BF02CFEA1000000F0B503AF2DE9000B70
:10B2A00011F00BFF30B111F0B4FFFBD112689642E0
:10B2B000F8D110E0B9F1050F04D140460DF0F9FDC9
:10B2C000D8F8009012F069FCB9F1040F02D811F01F
:10B2D000EAFE00E008B912F0DAB912F06CFB02489D
:10B2E0000BF05AFD0BF002FEA1000000F0B503AF19
:10B2F0002DE9000B11F0E1FE30B111F08AFFFBD116
:10B3000012689642F8D110E0B9F1060F04D1404618
:10B310000DF08EFDD8F8009012F03FFCB9F1050F4A
:10B3200002D811F0C0FE00E008B912F0B0B912F076
:10B3300042FB02480BF030FD0BF0D8FDA1000000ED
:10B34000F0B503AF2DE9000B11F0B7FE30B111F0ED
:10B3500060FFFBD112689642F8D110E0B9F1070FF7
:10B3600004D140460DF0F8FCD8F8009012F015FC1E
:10B37000B9F1060F02D811F096FE00E008B912F0FC
:10B3800086B912F018FB02480BF006FD0BF0AEFD7B
:10B39000A1000000B0B502AF11F0EDFF1DB111F03A
:10B3A00049FF013DFAE7B0BDB0B502AF11F0E3FFD0
:10B3B0001DB111F03FFF013DFAE7B0BDDFB506AFAB
:10B3C0000A4B12F07DFF01A803F0D6F90299E0B212
:10B3D000814281BF019A03994FF4B07310FB03209F
:10B3E00084BF04B0D0BD024A0AF0C8FE1C9B040012
:10B3F00084900400F0B503AF2DE9FC0B0E464968BC
:10B40000403A044690B2814224D930689946FFF709
:10B41000D5FF0246B0F8503111488846009001AD82
:10B4200011464A46284601F013FD9DF80400FF2806
:10B430000AD00C4906F108000FF044F830300E46EF
:10B440000CF0CCF912F044FF95E84F004FC411F016
:10B4500056FF01E01220207006B012F018B900BFAC
:10B460004C9B04009C890400F0B503AF2DE9000F4C
:10B47000B1B0BC689146DFF8705C9B46CDE90D1019
:10B480001CAE22469AB13046194604F0C7FE1D99FB
:10B49000002900F0F1851E9ABDF872008242C0F0CA
:10B4A000F0852B460FF0FFFD03460A46EAE706F15A
:10B4B00018000990701C0C900D9808300A9012A882
:10B4C000CDF83C9001300B90002C00F0F085304618
:10B4D0005946224604F0A2FE1D999DF8705000299D
:10B4E00000F0E7859DF871001E9ABDF8723010904B
:10B4F000DFF8FC0B00903046FFF744FD0DF1700BB8
:10B500001F981190A81F9BE8000D102860D8DFE855
:10B5100010F01100280170007000700070007000C1
:10B5200070007000700070007000F8002001680169
:10B53000AA019C00BAF1040FC0F0ED81DFF8B40B52
:10B54000414600901CA812F0A8FB1F98002840F06C
:10B55000E2811C980588DFF8CC0B0BF011FC12F08F
:10B560009FF912F05CF90BF073FD0D98DFF8B83B12
:10B57000D0E900121CA803F0FFF8DDE91C104FF41D
:10B58000B072504301F5A672002800F05C821146AB
:10B59000A0F5B0700B8802F5B0729D42F4D1A1F510
:10B5A000A67010994173052101731830FFF74EFC06
:10B5B0000A98DFF8781B0EF085FF303012F087F91B
:10B5C00012F092F81E9812F07CF8FF2000F074BC84
:10B5D000012D0ED1BAF1020FC0F09D81DFF8140BDE
:10B5E000414600901CA852460223FFF7CBFC00F016
:10B5F0008CBCDFF8840B0BF0C3FB12F051F9DFF8C1
:10B600007C0B0BF09CFBA81E182800F27882DFE868
:10B6100010F01900400237024902760276024C020D
:10B620003A024302460276027602760276027602F9
:10B6300076027602760276027602760252024F0295
:10B6400034023D02DFF8600B37E2BAF1040FC0F0BC
:10B650006281DFF8A00A414600901CA812F01DFB91
:10B660001F98002840F057811C98DFF8CC3AB0F8BA
:10B67000028006880D98D0E900121CA803F07CF81F
:10B68000DDE91C504FF4B0714843002800F04981B7
:10B69000297B032906D1B5F85411B14204BF29888A
:10B6A000012904D005F5B075A0F5B070EDE70F9A4B
:10B6B000698892B28A42F5D1B5F85A014044C10373
:10B6C00040F13084DFF8740A0BF05AFBDFF8704A5F
:10B6D0003046A047B5F85A01A0474046A0470BF0B6
:10B6E000B7FC284601F0A0FB0A98DFF8581A0EF0C4
:10B6F000E9FE303012F0EBF811F0F6FF052000F013
:10B7000018BCF8684A46D0E9000102F09FFD38B144
:10B710000A6890F86E03013A0A60002800F0EB8096
:10B72000DFF8F0090BF02CFB12F0BAF80BF090FCEC
:10B73000F868494600901CA8109ADFF8B039E6F77F
:10B740007BFE9DF870400DF15C08FF2C40F0CC8131
:10B75000DBE3BAF1020F80F0A68001240DF15C0852
:10B76000B5E0BAF1040FC0F0D680DFF88809414691
:10B7700000901CA812F091FA1F98002840F0CB808E
:10B780001C98B0F80280DFF890090BF0F9FA12F07B
:10B7900087F8404609F046FA0BF05AFC0D98DFF89E
:10B7A0007C39D0E900121CA802F0E6FFDDE91C603C
:10B7B0004FF4B07100FB01F4DFF86459002C00F085
:10B7C000B18106F10C00294608F0B6F820B1B6F8B0
:10B7D0004C01804500F09B8106F5B076A4F5B0746D
:10B7E000ECE7BAF10A0FC0F09680DFF8080941468D
:10B7F00000901CA852460A23FFF7C4FB1F9800289C
:10B8000040F089801C98418808910489B0F806802E
:10B81000858806880A98DFF848190EF053FE8A4694
:10B82000711E89B2FE2900F22581C6F34A110794E0
:10B8300050F8212006F01F011CAC22FA01F1C907C3
:10B8400000F0768106904A46F86812F01CFA00284B
:10B85000059500F060820A6890F8740301320A606E
:10B8600017A9FF2259E2BAF10A0F13D3DFF88408AF
:10B87000414600901CA852460A23FFF783FB1C9800
:10B880004FF6FF710578B0F80880884503D01F99FE
:10B8900000294DD0002501200DF15C088DF84800ED
:10B8A00005F0010018E0DFF84C08414600901CA8A4
:10B8B00052460223FFF766FB1C980DF15C081F99A6
:10B8C00001240088002908BF0404200607D00120B5
:10B8D0008DF84800C4F300208DF84900F4E2DFF849
:10B8E00018080BF04DFA11F0DBFF200C09F09AF963
:10B8F0000BF0AEFB09E3BAF1080F0CD3DFF8F40745
:10B90000414600901CA852460823FFF73BFB1F98B6
:10B91000002800F00F8101200DF15C08ADF848000F
:10B92000D2E21E980DF15C0811F0CBFE1420E3E08A
:10B93000818808914188B0F806A044780D98079155
:10B94000D0E900121CA8DFF8003802F015FFDDE98D
:10B950001C124FF4B07045EA042C02FB00F5DFF82E
:10B96000F8970E4600242A46AAB3337B012B06D152
:10B97000737B1098984204BF3388012B04D006F5DE
:10B98000B076A2F5B072EFE720460F9C7388A4B2A0
:10B990009C420446F3D1B8F1000F00F0F482DFF8C6
:10B9A000AC070BF0EDF940460FF0DAFD0BF050FB61
:10B9B0000420DFF89C1730730A98A6F80E800EF06A
:10B9C00081FD283011F083FF2868ADF84A800130EE
:10B9D00028601120EDE201F10C060DF15C08F5B1D3
:10B9E0003078012804BF36F80C0C012804D0A5F5E6
:10B9F000B07506F5B076F2E70F9936F80A0C89B201
:10BA00008142F4D148460BF0BBF90F9809F00AF9CE
:10BA1000109809F0CDFA0BF01BFB3470E7E70A9899
:10BA2000DFF838170EF04EFD283011F050FF11F0FE
:10BA30005BFE14201E998DF84800DDF83C900A68E2
:10BA400001320A603CE21E9811F03BFEDFF8E0068E
:10BA50000BF096F911F024FF11F0E1FE0BF0F8FA6B
:10BA6000F8684946009012A8109ADFF8C836E6F741
:10BA7000E3FC23E202251CACB8E1DFF818071CE068
:10BA8000DFF81C0719E0DFF8040716E0DFF8F0061E
:10BA900013E0DFF8100710E0DFF8EC060DE0DFF848
:10BAA000E4060AE0DFF8F40607E0DFF8E40604E065
:10BAB000DFF8E40601E0DFF8F4060BF040F90020BF
:10BAC0001CAC0DF15C080BF03AF90BF0C1FA109ABE
:10BAD0004946DFF81836F86800902046E6F7ACFCD7
:10BAE0009DF87040FF2C06D0DDE90B0111F0F9FC48
:10BAF0008DF84840E8E117208DF84800E4E1DFF8D0
:10BB0000B0060BF01CF9284609F052FAD7E70020DE
:10BB10004FF48031C6E9011030803073C6E953001C
:10BB2000C6E955001E98DDF83C9011F0CAFDECE125
:10BB300002255BE11C9806684568DFF8C0050BF03C
:10BB40001FF911F0ADFEDFF8B805DFF8B845A047E2
:10BB50003046A047300C40EA054A5046A0472846E8
:10BB6000A0474FEA154808954046A047E94AB5B2B4
:10BB700012F03AFAE5FB020112F005F8E64A8146B6
:10BB80000E4612F031FAE8FB020111F0FCFFE14A27
:10BB90001FFA8AF4CDE9060112F026FAE4FB02014D
:10BBA00011F0F1FF824688460BF052FABAEB090019
:10BBB00078EB06004BD2DFF850050BF0E1F80F9858
:10BBC00009F068F80BF044FA0220ADF8B2001098C2
:10BBD0008DF8B10013208DF8B000D0482D9017A833
:10BBE00011F06EF9DDF85C80B8F1000F00F0EB8029
:10BBF000DDE918A6FB20CDE92E60002030902EACA8
:10BC00002DA912F024FBC0B2022878D12CA912F081
:10BC10001EFBC0B2022872D1DDE92F30191A0229A9
:10BC200013D32E9A851CDFF8E414009129460EF0F8
:10BC300069FBCDE9170117ACDFF8D41402222046C6
:10BC400004F006FB002800F0088204255BE0B4F550
:10BC5000486FB0D8062DAED3089880B280087C28F3
:10BC6000A9D80898B0F5202FA5D3AD4808998142EE
:10BC7000A1D843F60954089BAAFB04010222079DA0
:10BC800002EB430208FB0411400A92B240EAC150A1
:10BC9000490A11F06DFC069AA2FB042305FB04334C
:10BCA000520A42EAC352801A71EB5320BFF483AFA9
:10BCB00009980021CDF87890DDF83C90C0E900119A
:10BCC000C0E9021106984B4626900898ADF8A000EE
:10BCD0000798279007208DF87000F8688DF8AA1053
:10BCE000CDF880A0CDF884801F96ADF8A890D0E95B
:10BCF00000121CA8009017A802F046FA05E10425DE
:10BD0000C00718BF0D25012051468DF8710040462F
:10BD100011F020F958E01CA9FE228DF85C201C22AD
:10BD20008DF8702004250978FF295FD1C0075DD008
:10BD30000D98DFF83034D0E900122046CDF80480A9
:10BD400002F01AFDDDE91C204FF4B07100FB01F890
:10BD50000492089D11464046A8B10A88012A08D1DC
:10BD60004B881FFA89F2934204BFB1F85421AA42CA
:10BD700004D001F5B071A0F5B070EDE70A7B002AA0
:10BD8000F7D00A252FE0CDE9026A0025DDF810A0E2
:10BD90004FF00009DFF8D0430AF5AE76B8F1000F96
:10BDA0001BD00AF10C00214607F0C6FD18B130780F
:10BDB000002800F0CF800AF5B07AA8F5B07806F533
:10BDC000B0760135EAE716250DF15C08DDE90B01D7
:10BDD00011F087FB8DF8485076E0DDF83C901CAC04
:10BDE0000425DDE9026A1E9811F06BFC11F095FB49
:10BDF000DF480AF0C5FF11F053FD304608F012FF8E
:10BE000028460FF0ADFB0BF023F90A204FF0000A93
:10BE1000ADF8B20010988DF8B10015208DF8B00083
:10BE2000D4482D902046CDE92EAAADF8C05011F08F
:10BE300047F8DDF87080B8F1000F3CD0DDE91D5601
:10BE4000FB20CDF864A0CDE9176017AC2DA912F046
:10BE5000FEF9C0B202281ED12CA912F0F8F9C0B226
:10BE6000022818D1DDE91830191A0A2911D3179AB6
:10BE700000F10A09A549009149460EF043FACDE9BF
:10BE80001C011CAC2EA90A22204604F0E1F900286E
:10BE900057D0042004E0C0074FF0040018BF0D2065
:10BEA00001218DF848008DF84910404611F0C6FF79
:10BEB000DDF83C9002E016208DF848000DF15C089A
:10BEC0009DF84800FF2820D012A8414690E87C0049
:10BED000B8487CC1DDF83C900AF052FF11F0E0FC5C
:10BEE00011F0F6FB0BF0B4F89DF85C0001280CD1C2
:10BEF000F868494600901CA8109A7C4BE6F79CFA1B
:10BF00009DF87040FF2C40F0DE801CAE119CFFF7C6
:10BF1000DBBA00BF00C4090000204E000600050087
:10BF2000FFFF800CA5F85A0105F110000BF056FC3C
:10BF3000FF201E990DF15C08DDF83C908DF848005B
:10BF40007DE5CDE91E692346CDE91C8512A811F0D7
:10BF500014FEB3E74FF4B070049905FB0016B06906
:10BF6000002840F0B8804FF0FF30DDF808A0B06145
:10BF700096F8240001281FD106F598700BF02EFCCE
:10BF800096F8240019E00798A6F858010898A6F832
:10BF90005601032030730A986E49A6F85AA1A6F8F4
:10BFA00054C10EF08FFA283011F091FC11F09CFB77
:10BFB000FF200DF15C083DE50020D6E907148C4216
:10BFC00007D1C00705D100214FF004080420002448
:10BFD0000BE006F128088C4208EB011091BFC1F17B
:10BFE0001001611A00244FF00408EAF763FA404692
:10BFF0002146EAF75FFAB06986F824900130B06113
:10C0000006F59C70C6E9079900F07BFD0898059934
:10C01000A6F8540105F14000A6F858110199A6F8B8
:10C020004C010120A6F85611109930800798DDF8D0
:10C030003C9071730221A6F85A01A6F84EA1A6F809
:10C04000029031731E9811F03CFB069820300BF0E3
:10C05000C5FB039911F0A9FA57E7CDE91965234605
:10C06000CDE9178A1CA811F088FD9DF87050A046F4
:10C07000FF2D7FF4ABAE48E70E999DF87000487035
:10C0800019E0F86849469DF8712000901CAC174BE8
:10C090002046E6F7D1F99DF87050FF2D0DD00E9E89
:10C0A000611C1322701C26F054FF357008E0FF203D
:10C0B00004E00E994D70012001E005200E990870F2
:10C0C00031B011F0EFB90E9D13220C99681C26F0C7
:10C0D00040FF2C70F4E725480AF052FE0EF0E0F91C
:10C0E0000AF0B6FF0AF002FF209C0400B8C1040069
:10C0F000309C0400B8A704002D0000002C000000B4
:10C10000040200003F6D02008C0000005C5304003C
:10C11000969004008D0000002B000000109C04008D
:10C12000208004002A000000F09B0400009C040012
:10C130008A00000094900400509B040087000000D7
:10C14000254C0200609B0400B09B04005D000000D1
:10C15000D09B0400C09B04002F000000E09B040063
:10C16000A09B0400EC5304000C800400C7000000F6
:10C170002E0000000E0005008E00000014000000DC
:10C18000220200002902000028020000260200000E
:10C190002502000021020000240200001E0200000F
:10C1A0001D020000200200001F0200002302000008
:10C1B0002B0200008B000000F0B503AF4DF804BD6A
:10C1C000044600254FF0FF36022E15D0204604F01D
:10C1D00035FFC00713D1013601F07F00C6EBC60260
:10C1E00002F00F029040054348B20028ECD4022E22
:10C1F00009D1C8B2032806D940F2015004E0C8B200
:10C200000002013000E0280411F0CCB9F0B503AF12
:10C210002DE9000B894680464FF0FF3400250026AB
:10C22000042C15D0484604F009FFC00714D105F0CE
:10C230001F0001F07F020735013402FA00F00643C7
:10C2400048B20028ECD4042C0DD1C8B20F280AD96A
:10C25000052088F8010001E088F80110012088F825
:10C26000000011F014BAC8F804600020F7E7F0B538
:10C2700003AF2DE9FE0F4FF000094FF0FF3A002504
:10C28000002600244FF00008CDE90001BAF1120F9A
:10C2900044D0019804F0D2FE8B46C00742D10695E7
:10C2A0000BF07F0500214A46284626F023FDC9F100
:10C2B0004002CDE903012846002126F005FDA9F141
:10C2C0004002059444468046029128460021069D7E
:10C2D00026F010FDB9F1400F38BF4046029AA04643
:10C2E000059C38BF1146039A38BF1543049A38BFDE
:10C2F0001643B9F1000F09F107090AF1010A1CBF41
:10C3000048EA010804434FFA8BF00028BED4BAF182
:10C31000120F0ED15FFA8BF003280AD9009905207D
:10C32000487002E0009981F801B00120087010F017
:10C33000ECBF00990020C1E90256C1E90448F5E7C5
:10C34000F0B503AF4DF8048D0446002088600D461B
:10C3500008460121984616460EF014F8C0B202288D
:10C3600018D1284631460EF00DF8C0B2022811D17E
:10C37000284641460EF026F8C0B202280AD1B96814
:10C3800028460DF09FFFC0B2022803D1A868606064
:10C39000002001E060700120207011F09FB9F0B51D
:10C3A00003AF2DE9000F8BB03C691E4688468246DC
:10C3B000D2E900011546237E324600F0C7F8C007D7
:10C3C00005D001208AF801108AF800001AE0CDF8A3
:10C3D0000C80D7E90598D7F80CB02078032813D142
:10C3E000BC683346D5E9001204AD28460DF040F88C
:10C3F000CDE900B95046CDF808802A460399234676
:10C4000000F01CFC10F0DABFC7F808805046214647
:10C410005A464B460BB0BDE8000FBDE8F0400FF0A8
:10C420000FBCF0B503AF2DE9000F89B0BD68984689
:10C430000C468346D1E9000116466B7E00F0A8F851
:10C44000C00701D0012019E0D7E9039A2878032812
:10C450000FD1D4E9001202AC334620460DF008F8A3
:10C460005846214642464B46CDF800A000F03CFC21
:10C4700004E02846494652460FF076FC09B0BDE874
:10C48000000FF0BDF0B503AF2DE9000F8DB01D46D4
:10C49000BB68E8460C460646114640462A460CF064
:10C4A000E7FF2849204602F029F90DF1180B8246D2
:10C4B00089461721584626F0F5FC60255146B5B14E
:10C4C0000C46084641460FF0F6FD58BB204659463B
:10C4D00004F0C2FC603D04F160010028EFD00120AF
:10C4E000B446207698E86F006FC466461CE00AF1F7
:10C4F0001801B3466020C8B18C4601F160031CF8F6
:10C500001819603800291946F5D101208CF8180057
:10C51000604698E87E007EC00CF120000FF09EFA85
:10C52000FF2007E001202076FF2004E006480AF003
:10C5300033FC1D205E46307010F0E3FF0DB010F0AC
:10C54000B1BF00BFA892040092000000D0B502AFB6
:10C5500086B01C4613460A46014601A801F079FF41
:10C560009DF80400FF2802D0012101200EE0E2B274
:10C570009DF8053001200221DFE802F003020508E2
:10C580001BB1002002E0022BFBD2052106B0D0BD7A
:10C59000D0B502AF86B01C4613460A46014601A834
:10C5A00001F057FF9DF80400FF2802D0012101206F
:10C5B0000EE0E2B29DF8053001200321DFE802F031
:10C5C000030205081BB1002002E0022BFBD205216B
:10C5D00006B0D0BDD0B502AF044690F8340018B90B
:10C5E0000020A16AC4E90B100648224606490BF058
:10C5F0003FF923F06BFE032084F8340084F8300008
:10C60000D0BD00BFD0D9032078BD0400FEB506AF71
:10C610000649CDE90010002104916946CDE90211D7
:10C62000283002A9F9F720FD06B080BD78BD0400CE
:10C63000F0B503AF4DF8048D86B004462D48CDE922
:10C64000000404F1280894F8510010B103280AD01E
:10C6500046E004F13C0C41469CE86D006DC10020B1
:10C6600084F850000BE004F1580069460BF006FA1C
:10C6700028B1032084F8510006B011F02FB81E48ED
:10C68000407858B140460021FEF7AAFC02A84FF4BA
:10C69000804211F0BEF811F010FAE4E717480021CB
:10C6A000007802280CD094F850001422B0FBF2F26B
:10C6B00002EB8202A0EB82000A2838BF6FF00F0164
:10C6C0004046FEF78DFC94F8500040F2676200236C
:10C6D000013084F8500002A80BF036F911F0EDF9A2
:10C6E00004F1580069460BF0C9F90028C7D00420AE
:10C6F000C0E700BF78BD0400A0E60320C0690320A6
:10C70000BCB504AF04460D4811F0FCFA06D128462A
:10C710000CF09CFF0020A56384F84C0004F1380065
:10C720006946FDF73FFBC0B2022803D0044901303F
:10C730000870EFE7032084F85000BCBD78BD04000A
:10C74000C0690320BCB504AF04460D4811F0DAFA05
:10C7500006D128460CF000FF0020A56384F84C00A9
:10C7600004F138006946FDF7DDFBC0B2022802D0B3
:10C7700004494870F0E7032084F85000BCBD00BFB6
:10C7800078BD0400A0E60320F0B503AF2DE9C00B8F
:10C7900081462648CDE9000909F1280899F850009A
:10C7A00038B940460CF010FF0020C9F8388089F8ED
:10C7B0004C0009F138006946FDF726FAC1B202299A
:10C7C0002DD0030E01210126194A032B08BF022692
:10C7D000002B08BF1E46167100F47F460025022478
:10C7E000B6F5807F4FF0000608BF064608BF01245B
:10C7F000B5EB506F18BF3446E6B246B10521022EA4
:10C800001EBFC0F307200B4951F8201002E0032B94
:10C8100008BF0221106A41EA00101062C4E7032039
:10C8200089F85000BDE80C0BF0BD00BF78BD0400D6
:10C83000A0E6032058E00400B0B502AF86B004467D
:10C840001148CDE9000404F1280594F8380060B9D6
:10C8500002A84FF0967210F0DCFFDDE902129DF89D
:10C860001000C4E90A1284F83000694628460BF02B
:10C8700005F918B90020E8F7EBFFE9E7032084F891
:10C88000380006B0B0BD00BF78BD04007F290AD8CB
:10C890000268032A84BF01207047531C03601044C0
:10C8A000017100207047F0B503AF4DF804BD82B0B0
:10C8B0001A4C0B4600268A0964F39F13B6EBD12F5E
:10C8C000019607D142F0C0018DF805308DF80410B3
:10C8D00002221CE064F39F120D0BB6EB114F07D13F
:10C8E0008DF8052045F0E0018DF8063003220CE0BC
:10C8F0008DF8062004226FF00F0646EA914164F39A
:10C900009F158DF807308DF805508DF8041001A99A
:10C910000CF00CFD02B05DF804BBF0BDFEFFFF03A0
:10C9200080B56F4600F076FA053080B280BDD4D471
:10C93000DCB504AF0446084600F06CFA0449053043
:10C94000009181B205202246FB230DF0DBFCDCBD0B
:10C95000309D0400F0B503AF2DE9C00B81461046B1
:10C9600090460E468C6800F055FA164B054602209C
:10C970002146FB220EF028FF6A1CADF80420124A63
:10C980000223009201AA0BF095FF0620A7F11A02DC
:10C9900027F81A0C02210D4802230090A01C0BF06E
:10C9A00089FF08F10100207196E80E0009F10400EA
:10C9B0000EC0FF2089F8000089F81080BDE80C0B3C
:10C9C000F0BD00BF409D0400509D0400609D040028
:10C9D00090F85E13FF291EBF013180F85E13704787
:10C9E00080B56F4602480AF0D7F90AF07FFA00BF17
:10C9F000EA000000F0B503AF2DE9000F93B08246C6
:10CA00008868B0B3D1E9040103F008F807AE10F06C
:10CA1000B5FF06F1020B9DF81C809DF81D9001AC3E
:10CA20005946162210F095FDB8F1FE0F24D020468D
:10CA300021467CC80DF1340CACE87C00162200883D
:10CA4000ACF8000058468DF81D908DF81C8026F03B
:10CA500080FAB8F1FF0F16D08AF8019016220AF872
:10CA6000028B0DA9504626F074FA13B0BDE8000FF2
:10CA7000F0BD0C4809F0D2FF09480AF081F9484698
:10CA80000EF060FD05E005480AF07AF907A8E8F71E
:10CA9000B7FA0AF0DDFA0AF029FA00BFF700000041
:10CAA000FD000000709D0400F0B503AF2DE9000B00
:10CAB000D7F8089080460D682DB1D9E9000110F033
:10CAC00049FA152010E0D1F804E00E4699E831004B
:10CAD000D7F80CC031C600204B820A82C1F80CC0C6
:10CAE0007146E8F7ADFFFF2088F8000010F0CFBDD9
:10CAF000DCB504AF00240194BC680094FFF7D4FFB8
:10CB0000DCBD80B56F46D0E90021002303601046EC
:10CB1000BDE88040E8F794BFF0B503AF2DE9F80F0A
:10CB2000D1F8009004460020B9F1000F08601BD036
:10CB30000E469246F0681D464968328A00EB0308AB
:10CB4000B6F812B0D84514D92B480D4616460AF04F
:10CB500017F9304608F066F858460AF003F90AF06B
:10CB600077FA2946052008E0012020601420207172
:10CB70003CE0B8F1FB0F0BD90420012220712260A8
:10CB8000484605B0BDE8000FBDE8F04010F0E2B93E
:10CB9000CDE90321FB23B268154900914146029279
:10CBA0000DF0B0FB134A2B4611F0A8F8D84509D177
:10CBB0000498E0600298C4E9040B0398A4F806B056
:10CBC000A0800FE00398049930820298C6E9020819
:10CBD0000020C6F800904FF00009A6F812B071606E
:10CBE000E8F72EFF0020C4F80890206010F0CEBBBC
:10CBF000809C0400909C040089000000F0B503AF05
:10CC00002DE9F00B0546002003901C46D7E9029061
:10CC1000D7F81080CDE9011218B1411E01A806F025
:10CC20004CFE01A8294690E84C004CC1C5E90344DC
:10CC3000C5E90598BDE80F0BF0BDD4D4F0B503AF3E
:10CC40002DE9800F14460A462349834610461E46A6
:10CC500001F063FD80460D466FF05F0ABAF1000FE8
:10CC600016D00AF1600A214608EB0A0948460FF07F
:10CC700022FA0028F2D009F1200031460EF0C0FE61
:10CC800030B10246B8680C4688420CD9072000E053
:10CC90000A208BF8010001208BF800002868013879
:10CCA000286010F08EBE0D4B114622460EF0FBF9A7
:10CCB0003A690C460E460A4B8A42F968804638BFEC
:10CCC000164630460EF080FD064A234610F08AFBD9
:10CCD000CBF804600020DFE758920400689204005B
:10CCE0007892040088920400F0B503AF2DE9E00FBC
:10CCF0000D4640499A46914601F000FD04468B4698
:10CD00006FF05F08B8F1000F23D008F160082946E2
:10CD100004EB080630460FF0CEF90028F2D00FFAE7
:10CD200089F0002815D406F12005494628460EF062
:10CD300009FE01280DD1284689460EF033FE28460B
:10CD400049460EF09BFDBE6886420DD901200D219B
:10CD500001E001200A21DBF800200132CBF800209D
:10CD600003B0BDE8000FF0BD284649460EF05AFD5D
:10CD7000214B8219014628460EF0D8FD1F4A334642
:10CD800010F0BCFF284649460EF078FDB1B288424B
:10CD900026D328460EF02EFD894526D200EB8900C9
:10CDA00090F90100002819D5284649460EF096FD55
:10CDB000144A014628460EF087FD134B02460C46E6
:10CDC0001146022022460EF0FFFC104A0223009278
:10CDD000A7F11E0227F81E6C0BF06CFD0020BAE7CD
:10CDE0000B4809F0D9FF0AF081F8054A484609F0D6
:10CDF000C5F900BF98920400E0D00400F0D0040010
:10CE000090D00400A0D00400B0D00400C0D0040032
:10CE1000F100000080B56F460249C0B231F8100041
:10CE200080BD00BF64E00400D0B502AF07490446EE
:10CE30000C3006F081FD38B10620207304F1180093
:10CE4000BDE8D040FEF702B8D0BD00BF148004009A
:10CE5000F0B503AF2DE900070D46804698B291B2B8
:10CE600081421AD90F481E461446D7F8089009F097
:10CE700087FFB5F84C01DFF830A0D04748460321C2
:10CE800007F0DEFE2046D0473046D0470AF0E0F8F3
:10CE90002846FFF7C9FF052000E0FF2088F80000C2
:10CEA00010F0BABC88000000254C0200F0B503AFBA
:10CEB0002DE9000FA9B08346C8B23C2827D002282C
:10CEC00021D048BB90490BF578709A4616460DF074
:10CED000F9FA0C46DBE902128C4B8146856905A8FC
:10CEE00001F02DFCDDE905214FF45E70414302F5B0
:10CEF000577011B302780AB98278C2B3A1F55E7196
:10CF000000F55E70F5E77F4809F046FF0DE00BF590
:10CF1000CA600EF09FFF0CE082480D4609F030FF1A
:10CF2000284607F0C5FE0AF093F80BF5BA60FDF746
:10CF3000D8FF012029B010F088BB079810F0C1FB82
:10CF4000764809F01DFF304607F0A4FE0AF080F88D
:10CF500010F099FB14208DF85800714809F010FF6B
:10CF600016A80EF01DFA0AF073F80020E2E7A0F50B
:10CF700057780495D8F88002002840F0B9804FF027
:10CF8000FF300394C8F8800298F89002012806D177
:10CF900008F548700AF022FC98F8900200E00020A2
:10CFA000F9680191D8E9A2148C4206D1C00704D1D6
:10CFB00000210825082000240AE008F526758C4287
:10CFC00005EB811091BFC1F10201611A002408250F
:10CFD000CDF80890E9F788FA28462146E9F784FA5F
:10CFE000D8F880024FF0000988F890920130C8F814
:10CFF000800208F55170C8E9A299FFF782FD0498F4
:10D00000C8F84003032088F85C03DAF8031088F8B6
:10D010006F93A8F85A93A8F85863CDF89B10DAF8E4
:10D020000000DBE904120496CDE92499CDE92299A8
:10D03000269016A822AB0FF03BF99DF881100DF158
:10D04000580E022909D00EF110050EA800F1080EA5
:10D0500095E85B10724682E85B10DAF803100DF178
:10D06000200CDAF80000CDF86B106146CDE9189974
:10D07000CDE916991A909EE87D007DC108F51070E3
:10D080009CE87E007EC0DDF804C0B86888F86E03B6
:10D0900008F516709CE87E007EC00E2208F55870D8
:10D0A0003969A8F8729325F054FFB86800280298EF
:10D0B00018BF08300AF092FB079810F002FB0399A2
:10D0C00010F073FA134809F05BFE049807F0E2FDD4
:10D0D00050460EF07BF809F0BBFF0F490BF5B56029
:10D0E0000DF0F0F902680132026010F05EFA20E7FC
:10D0F000074809F045FE0DF0D3F909F0A9FF09F042
:10D10000F5FE00BF6D0000005C9E04006C9E0400F4
:10D11000C700000023000000AC9D04008F00000049
:10D12000620000005F000000F8B504AF00F11001DC
:10D1300068460FF00FF89DE80F00194310430843AD
:10D1400018BF012004B080BDB0B502AF0446FFF7A0
:10D15000EBFF88B104F5BA60FDF7B6FE60B104F5E7
:10D16000B76001F0FDFA0B68027C407C0133022AB3
:10D170000B6004D0C00702D100252846B0BD04F5DD
:10D18000BD60FDF7A1FE00250028F6D00AF03EF9AB
:10D19000D4F81826D4F81C36801A71EB030028BF87
:10D1A0000125EAE780B56F460078064910F04FFE8A
:10D1B00038BF4FF0A04141EA80000321C0F80017BA
:10D1C00080BD00BF00030050F0B503AF4DF804BDB3
:10D1D0000246D0E901C0147891E86800012C68C2C9
:10D1E00006D1DCF80C105DF804BBBDE8F040084740
:10D1F00010F0D5B9F0B503AF4DF804BD0446006892
:10D2000088BB4FF0FF302060207B012805D104F55A
:10D210008C700AF0E3FA207B00E00020D4E90115CD
:10D220008D4206D1C00704D1002104260420002528
:10D230000AE004F110068D4206EB011091BFC1F126
:10D240001001691A00250426E9F741F930462946FC
:10D25000E9F73DF900202073C4E9010010F013FA4A
:10D260005DF804BBF0BD044809F08AFD0DF018F923
:10D2700009F0EEFE09F03AFEC7000000F0B503AF7A
:10D280004DF8048D8046086870BB0D464FF0FF31A5
:10D2900001CA2960297B39B1D0B192E8580008F160
:10D2A000040158C100211AE0A96805EB01131861B7
:10D2B00003F1140092E8580058C0481CB0F1100166
:10D2C00018BF01466868A960884204BF012028731E
:10D2D00005F588700AF082FA2868411C0020296050
:10D2E000C8F8000010F0FAB9044809F049FD0DF043
:10D2F000D7F809F0ADFE09F0F9FD00BFC700000046
:10D30000F0B503AF4DF8048D8046086868BB4FF058
:10D31000FF300D460860087B38B192E85A0008F1EA
:10D3200004005AC0002101201AE0D5F808C092E894
:10D33000590005EB0C11103159C10CF10100B0F18D
:10D34000100118BF01466868A960884204BF012027
:10D35000287305F588700AF041FA2868411C0020FE
:10D360002960C8F8000010F0B9B9044809F008FDB8
:10D370000DF096F809F06CFE09F0B8FDC70000004A
:10D38000F0B503AF4DF8048D8046086880BB4FF0C0
:10D39000FF3012F8016B08600D46087C48B1FF2E83
:10D3A0001AD008F1010011463F2225F0D2FD0020DD
:10D3B00019E0EC6811463F2205EB8410067619301F
:10D3C00025F0C7FD601C811E18BF0146A868E960F2
:10D3D000884204BF0120287405F198000AF0FEF984
:10D3E0002868FF260130286088F8006010F076B9C0
:10D3F000044809F0C5FC0DF053F809F029FE09F0C6
:10D4000075FD00BFC7000000F0B503AF4DF8048DF7
:10D4100086B094460091884669460A1D9CE878408B
:10D42000114681E87840D8F8001071B94FF0FF310B
:10D430000023C8F8001008F1040101F0BEF90FF054
:10D440005EFF06B05DF8048BF0BD044809F098FC5F
:10D450000DF026F809F0FCFD09F048FDC7000000BA
:10D46000F0B503AF2DE9000FADF5237DD0E94A23D8
:10D470000191D11C4B9143F100013A91911C4C91C7
:10D4800043F100014491511C4E9143F1000146913A
:10D49000D0F818110626D0E94C4CD0F824A14F92B0
:10D4A000D0E942B24793D0E944E350919946D0E99C
:10D4B0004781029000F594700090509851914A94E1
:10D4C000CDF8DCC0CDF8ECC04D94CDE9484414460D
:10D4D000CDF814C1CDE935CB9446CDE920B2CDE9E4
:10D4E0001E32519A1B49CDF8E0E0CDF8C0E0154658
:10D4F00025931993184BCDF8A4E0CDF88CE086461F
:10D500002A901B901548CDF8BCB0CDF89CB093463E
:10D510001D92134ACDF8E480CDF8D0A0CDF8C48098
:10D52000CDE92DA8CDF89880CDF8A0A0CDF860A0C9
:10D530003F931C9043911A923E93249042912292E1
:10D54000CDE92B20CDE93C33CDE94011CDE93220A6
:10D5500008E000BF6E6420337465206B322D627961
:10D5600065787061002E00F040833F981E9B1494F4
:10D57000C2183598119582EA00012898179600EB99
:10D580003140289058401E90CDF820B002EB305A20
:10D59000279A1A98139183184B98299983EA0004C3
:10D5A0005098CDF83CC000EB3445CDF834E085EA26
:10D5B0000206519ACDF8249003EB3650359080EA5C
:10D5C000344B439B05EB3B60169080EA36541C9825
:10D5D00046184D980AEB7465704002EB304C8CEAAB
:10D5E000010806EB38511C9181EA304221983A99A2
:10D5F000034485EA326683EA010E2E9901EB3E4927
:10D6000080EA09001A9003EB305383EA3E403A90D7
:10D6100009EB3060159000EB3640509080EA746161
:10D62000519105EB31543F9484EA36402E904FEAF5
:10D6300030640CEB3260129080EA38504D9403EB6A
:10D640007061139B289C81EA3B628AEA3343109302
:10D6500004EB3363139303EB3243289383EA706044
:10D66000299001EB3050439080EA3240279019997D
:10D670004FEA30604B903E984218379882EA000398
:10D6800018980E9300EB334E8EEA01001990209902
:10D6900002EB305822981D9A43184C9883EA0004F4
:10D6A0001B9800EB344585EA010603EB36503790B2
:10D6B00080EA344905EB39601B9080EA365CDDE98D
:10D6C000231046184A9808EB7C65704002EB304AFC
:10D6D000269A8AEA010B06EB3B51249181EA3044F9
:10D6E00042991F9885EA34660B184499594002EB19
:10D6F00031425040229003EB305383EA3140449052
:10D7000002EB3060189000EB3640269080EA7C6196
:10D71000219105EB31513E9181EA364020904FEA4C
:10D7200030610AEB34600B9080EA3B504A9103EB86
:10D7300070610E9B81EA396288EA33430A930EEBEB
:10D7400033630C9303EB3243239383EA70601F909F
:10D7500001EB3050429080EA32401D9025994FEA0B
:10D7600030604C903D9842183B9882EA00032D9817
:10D77000079300EB334E8EEA01002D902F9902EBB8
:10D7800030582B98089A43184E9883EA00042A9838
:10D7900000EB344585EA0106309903EB36503B90A7
:10D7A00080EA344905EB39600E9080EA365C2C98AB
:10D7B0004618499808EB7C65704002EB304A319A74
:10D7C0008AEA010B06EB3B512C9181EA30444199E6
:10D7D0000F9885EA34660B184699594002EB31429E
:10D7E00050402B9003EB305383EA3140469002EBDC
:10D7F0003060089000EB3641319181EA7C612F91D5
:10D800000AEB3460069005EB31513D9181EA3641D7
:10D8100080EA3B502A914FEA3161499103EB7061F4
:10D82000079B81EA396288EA334305930EEB336341
:10D83000079303EB3243309383EA70602590389B63
:10D8400001EB3050419080EA32400F90099A4FEA44
:10D85000306045994E903C98104480EA010A349912
:10D8600001EB3A4104915140369A349100EB315921
:10D8700032984F9989EA3A4A104480EA01040D9996
:10D8800001EB344585EA020600EB3650459080EA0C
:10D89000344B05EB3B600D9080EA365E3398C6183A
:10D8A000489809EB7E6586EA0001119800EB314843
:10D8B00083EA080306EB3350339080EA3142409804
:10D8C000149985EA32664418479884EA000C39981E
:10D8D00000EB3C404140329104EB315484EA3C413E
:10D8E000479100EB316000EB3641399181EA7E616E
:10D8F000369105EB31553C9585EA364108EB3266A9
:10D9000014914FEA316586EA3351049B04EB71624E
:10D91000489582EA3B6403EB3A6505EB3443389360
:10D9200083EA71611191109B02EB3151409181EAC0
:10D9300034410991159A4FEA31614F911A9982EA5F
:10D940003151359A0FF027FF129B03EB34431593A7
:10D9500083EA716112913A9B02EB31511A9181EA8B
:10D9600034411091139A4FEA316135911E9982EA40
:10D9700031511C9A0FF00FFF169B03EB34431E939B
:10D9800083EA716104910A9B02EB31511C9181EA97
:10D9900034410391189A4FEA31613A91229982EA0F
:10D9A0003151379A0FF0F7FE0B9B03EB344316937C
:10D9B00083EA71611391449B02EB3151229181EA18
:10D9C00034410B910C9A4FEA31613791199982EAEF
:10D9D0003151249A0FF0DFFE1B9B03EB34431B9362
:10D9E00083EA71611991059B02EB3151249181EA1F
:10D9F0003449089A4FEA396144912B9982EA3151AE
:10DA00003B9A0FF0C8FE069B03EB34430C9383EA6A
:10DA100071610A91469B02EB31512B9181EA344BA3
:10DA2000079A0E9C4FEA3B613B912D9982EA315156
:10DA30002C9A02EB716282EA336304EB334C8CEA7A
:10DA4000716E02EB3E512C9181EA33444FEA34610E
:10DA50004691329980EA3152459800EB726383EA2D
:10DA60003A6006EB304888EA726A479A03EB3A510B
:10DA7000329181EA304633990D9B4FEA36604590EA
:10DA8000349885EA305001EB706181EA326203EB31
:10DA9000324383EA706501EB3550339080EA3240BF
:10DAA0004FEA30614791DDE9272101EB3261299A84
:10DAB000289181EA32512E9A4FEA71612991509949
:10DAC00001EB3261519A2E9181EA32511D9A4FEA4F
:10DAD00071612791239901EB32611F9A189181EAB4
:10DAE0003251209A4FEA71612391269901EB3261FC
:10DAF000219A269181EA32510F9A4FEA7161209161
:10DB0000309901EB3261259A2D9181EA32512A9A9E
:10DB10004FEA71613091319901EB32612F9A319165
:10DB200081EA3251099A4FEA71612F91389901EBDC
:10DB30003261119A349181EA3251149A4FEA71613B
:10DB40003891399901EB3261369A399181EA325133
:10DB5000039A4FEA716136911E9901EB3261049A82
:10DB6000509181EA3251109A4FEA71611E911599D4
:10DB700001EB3261129A519181EA3251199A4FEABE
:10DB8000716121911B9901EB39611B9181EA32513D
:10DB90000B9A4FEA71611991169901EB3261139A50
:10DBA0001D9181EA32514FEA71611F910CEB346192
:10DBB0002A9181EA3E5103EB306E4FEA71618EEAA1
:10DBC0003550259108EB36650C994FEA7069179E20
:10DBD00085EA3A5001EB3B6B0A994FEA7064013ECB
:10DBE0008BEA31514FEA716CBCE4029ED6E94A8A55
:10DBF000D6F830011690D6F8340117903F9861900E
:10DC00001C98609043985F901A985E903E985D9043
:10DC100024985C9042985B9022985A903D98599035
:10DC20002C985890419857902B9856903C98559026
:10DC30003398549040985390329852901E98719017
:10DC40002998709021986F9027986E9019986D90F0
:10DC500023986C901F986B9020986A9025986990F3
:10DC60003098CDE967C02F98CDE965903898CDE917
:10DC700063403698629028988190519880902E98B1
:10DC80007F9050987E9018987D901D987C90269853
:10DC90007B901B987A902D98CDE978B03198779049
:10DCA0002A9876903498CDE974503998CDE972E08D
:10DCB000359891904D9890903A988F904B988E907F
:10DCC00037988D904A988C9044988B904C988A9075
:10DCD0003B98899049988890469887904E9886906E
:10DCE0004598859048988490479883904F98829063
:10DCF000D6F808014990D6F80C014890D6F81001E2
:10DD00004790D6F814014690D6F818014590D6F8F9
:10DD10001C014490D6F820014390D6F8240142908B
:10DD200092A8009A92E83A003AC018F104004AF129
:10DD30000001C6E94A0117981699A190A091CDE972
:10DD40009C10CDE9981018F103004AF10001CDE9CB
:10DD50009E0118F102004AF10001CDE99A0118F183
:10DD600001004AF100010022CDE99601402A76D057
:10DD7000029882AC04EB020C00EB820EA05892AB2E
:10DD800099580E1852A81044416851918168C06892
:10DD900050914F9062A9881845684E958568C06873
:10DDA0004D954C9072A88518DCE90198DCF80CC000
:10DDB00068684B90A8684A909818D5F80CB0D0E9DC
:10DDC00001A5C46852A88958835872A8CEF830605B
:10DDD00080581032459E3044CEF8200049980844BF
:10DDE000CEF8100023484A991844CEF8000004EBFE
:10DDF0000C00CEF83C0005EB0800CEF838000AEB2A
:10DE00000900CEF8340042985844CEF82C004398CC
:10DE10000844CEF8280044984B990844CEF82400D2
:10DE200046984C990844CEF81C0047984D990844F0
:10DE3000CEF8180048984E990844CEF814000E48C1
:10DE40004F990844CEF80C000C4850990844CEF87D
:10DE50000800074851990844CEF8040086E7DDE938
:10DE60000101C1F800010DF5237D0FF01BBB00BFC0
:10DE70006E642033657870617465206B322D627931
:10DE8000DFB506AF044668460BF050FC9DE80F0076
:10DE900002EBC30300EBC1010FC4DFBDD1E90023D6
:10DEA0009A4205D10B7ADB0702BF0221017070474D
:10DEB000D0B502AF0FF084FBC0E90034501CB0F1C4
:10DEC000080218BF02460A60D0BDD0B502AFD1E942
:10DED0000042A24205D10B7ADB0702D110F0D7F83D
:10DEE0000BE004EB84030C31A24201EB830391BFEE
:10DEF000C4F10404141B0022042102EB820204EB8F
:10DF0000840401EB820203EB8404C0E90034C0E91D
:10DF10000212D0BD80B56F46D0E90012914204D103
:10DF2000027AD20704BF022080BD002202720A4694
:10DF3000002918BF0132026000EBC100007B80BDE8
:10DF4000D0B502AF0FF0C7FD02D10C7AE4070CD0B8
:10DF50000B721346002A18BF01330B6001EBC2019C
:10DF600001230A698989826081800360D0BDD0B5B0
:10DF700002AF0FF0B0FD02D10C7AE40707D00FF02A
:10DF800019FF931E846018BF13460B6001230360C2
:10DF9000D0BDD0B502AFD1E90042A24205D10B7A83
:10DFA000DB0702D110F073F809E00C3101EBC40378
:10DFB000A24291BFC4F10104141B002204210FF0FE
:10DFC0002BBBD0B502AFD1E90042A24205D10B7AFA
:10DFD000DB0702D110F05BF809E00C3101EBC40360
:10DFE000A24291BFC4F10204141B002204210FF0CD
:10DFF00013BB80B56F46D0E90012914204D1027A7A
:10E00000D20704BF022080BD002202724A1C931E68
:10E0100018BF1346036000EBC100007B80BDF0B564
:10E0200003AF4DF8048D8AB0ADF8142005AA93E82B
:10E0300070108046101D01F57E7180E870106846F2
:10E04000FFF7E2F9019820B102990EF083FF162044
:10E0500000E0FF2088F800000AB00FF03FBBD4D4E6
:10E06000DFB506AF0A4B10F02BF901A800F067FBF3
:10E070000299E0B2814281BF019A03994FF45E7325
:10E0800010FB032084BF04B0D0BD024A08F076F82C
:10E090000C9E040068940400F0B503AF4DF804BD75
:10E0A00084B00646194814460D4608F069FE20461D
:10E0B00006F0B8FDF72006F0B5FD08F0C9FFD6E977
:10E0C000001201A8124B00F03AFB0FF00CF9AAB2B3
:10E0D000A9B190F85C33032B12BF042BB0F858336E
:10E0E000934202D00FF03FFAF2E7A1B2F7290C46B3
:10E0F00028BFF724A0F85A43002908BF1724039823
:10E100000FF0DFFA204604B00FF04CBA39000000DF
:10E110001C9E0400B0B502AF88B01D46194B0446E2
:10E1200001A80EF0B1F80FF0DEF8BA68ABB251B149
:10E1300090F85C53022D03D9B0F85853AB420ED07F
:10E140000FF011FAF3E703980FF07EFB1420207014
:10E15000D2E9000108B0BDE8B0400EF0FBBE00F50A
:10E16000907104A8FFF78AF8049820B105990EF081
:10E17000F1FE162000E0FF20207003980FF064FBF2
:10E1800008B0B0BD2C9E0400F0B503AF4DF804BD3F
:10E1900094B01D46234B044601A800F0D0FA0FF0BE
:10E1A000A2F8BA68ABB251B190F85C53042D04BF29
:10E1B000B0F85853AB4211D00FF0D5F9F3E70398FC
:10E1C0000FF07FFA142092F83A102070107814B0F3
:10E1D0005DF804BBBDE8F040E8F75EB911780229AC
:10E1E00009D102F1080600F5167C6ACEACE86A0097
:10E1F0005188A0F8681200F5207104A8FFF7C0F854
:10E200009DF81000FF2805D09DF84A10E8F744F962
:10E21000162000E0FF20207003980FF052FA14B08F
:10E220000FF0BDB97C9E0400D0B502AF04460FF0DC
:10E230009FFE90F85C23042A11BF1C2090F85F0316
:10E240006070FF2020700FF0B2FBD0BDDFB506AFCD
:10E250000E4B10F035F801A80EF016F80FF043F849
:10E26000A2B251B1B0F85833934203D190F85C3365
:10E27000022B07D80FF077F9F3E703980FF0E4FAD1
:10E28000002000E0039904B0D0BD00BFAC9E0400A4
:10E29000DFB506AF0E4B10F013F801A800F04FFAEF
:10E2A0000FF021F8A2B251B1B0F85833934203D124
:10E2B00090F85C33022B07D80FF055F9F3E7039879
:10E2C0000FF0FFF9002000E0039904B0D0BD00BFBB
:10E2D000CC9E0400F0B503AF4DF8048D0E46054604
:10E2E000D0E9000190463246FFF7D2FFD0B10C468C
:10E2F00090F85C13042913D1B0F85813B2B28A42D3
:10E300000ED1012180F85D8380F85C1305F57670ED
:10E3100005490CF0D7F810300FF0D9FA0FF0E4F9F6
:10E320000FF0B1F90FF0DAB9DC9E0400D0B502AFFE
:10E330006FF4FA7313FA82F3B3F5F97F9CBF0120EF
:10E34000052171B341F2932300FB03F44B1C08BF7A
:10E35000B4F1004F28D092B294FBF1F4944201DA68
:10E360006420D0BD40F6D774444313B9B4F1004FD4
:10E370001DD094FBF1F3934201DD0020D0BDC8B164
:10E380005143421C0FBFB1F1004F91FBF0F0A0F6DA
:10E39000D77007211CBF90FBF1F0D0BD074808F0F3
:10E3A000EEFB084808F0D7FB064808F0E8FB0448F5
:10E3B00008F0E5FB014808F0CEFB00BF2C9F0400ED
:10E3C0001C9F04000C9F0400FEB506AF0146684682
:10E3D000FEF710FB9DF80000B0F10A0198BF002184
:10E3E00021B1012908D1BDF80C0003E0032803D1B5
:10E3F000BDF8020006B080BD024808F0CDFC08F070
:10E4000075FD00BFF500000080B56F460BF042F8C7
:10E410000A68B0F85A03013A0A60002808BF1720BA
:10E4200080BDB0B502AF8CB00A4604460FF0C3F908
:10E430000D46D4E9021200F5107368460DF038FF5E
:10E440009DF82900296800F00100013929600CB00D
:10E45000B0BD80B56F46BDE88040FFF7E5BE80B532
:10E460006F460BF017F80FF0A2FA80BDF0B503AFBE
:10E470004DF8048DADF5487D01AD80461E4614462D
:10E48000284601F007FF20BA699030BA6890B86852
:10E490001022274E00BA6790F86800BA669066A905
:10E4A0002846B0470FF00FF866A92846B047386AEB
:10E4B000102200BA6990786A00BA6890B86A00BA07
:10E4C0006790F86A00BA669066A92846B047386B2C
:10E4D0000322ADF89801000C8DF89A0166A9284630
:10E4E000B04766AC796B0FF0A9FE2846214607229B
:10E4F000B04766ACB96B0FF0A1FE28462146072253
:10E50000B04766AC29464FF4C2720FF09AFE62A87B
:10E51000214605F05FFC62AB0FF07AFAC8E90032E1
:10E52000C8E902100DF5487D5DF8048BF0BD00BF11
:10E53000410D0200F0B503AF4DF804BDADF5487DC7
:10E54000044610BA699018BA6890B86800BA679023
:10E55000F86800BA669001AD66A9284601F09AFEF7
:10E5600039692846114E2022B04779692846202271
:10E57000B047B86901228DF8980166A92846B047CE
:10E5800066AE29464FF4C2720FF047FE62A83146CC
:10E5900005F020FC62AB0FF03BFAC4E90032C4E99D
:10E5A00002100DF5487D5DF804BBF0BD410D020081
:10E5B000B0B502AFADF5487D00BA699008BA689071
:10E5C00010BA679018BA669001AC66A9204601F0AF
:10E5D00061FEB9682046104D2022A847F968204600
:10E5E0002022A8470EF06FFF66A92046A84766AD17
:10E5F00021464FF4C272284624F006FC62A8294640
:10E6000005F0E8FB6598054900BAB0FBF1F202FBA2
:10E6100011000DF5487DB0BD410D020040420F00D4
:10E62000F0B503AF4DF8048DADF5587D044610BA32
:10E63000039018BA02908846B86800BA0190F8684A
:10E6400000BA0090386900BA0790786900BA06905D
:10E65000B86900BA0590F86900BA0490786A0C901D
:10E66000386A0B9004A80A90684609901F48719078
:10E670001F4870901F486F901F486E900DAE6EA996
:10E68000304601F007FE6EAD414620220EF068FFD5
:10E6900030462946202202F053FB0020CDE9D60067
:10E6A000CDE9D400D4AD3046294602F0C5FB6EAEAC
:10E6B0002946304601F0EEFD09AD204632460023E2
:10E6C0002946F7F77FFCD0A8294632460123F7F701
:10E6D00079FCD0AB0FF09CF9C4E90432C4E9061010
:10E6E0000DF5587D5DF8048BF0BD00BF5A6083BE08
:10E6F00060370BDBAAF5A5386C8883910246006869
:10E7000030B94FF0FF31104640F8081B11467047F2
:10E7100080B56F46084608F08BF9024600686FF036
:10E72000004398423FBF411C104640F8081B114669
:10E7300038BF704780B56F46084608F097F9D0B5E6
:10E7400002AF0C6844B94FF0FF330C4644F8083B65
:10E75000C0E900428160D0BD184608F069F9D4D400
:10E760000146006808B90FF0B3BB80B56F46014899
:10E7700008F05EF96C530400D0B502AF0C683CB9E8
:10E780004FF0FF330C4608C4C0E900428160D0BDA1
:10E79000184608F04DF9B0B502AF0C686FF00045AF
:10E7A000AC423FBF631C0C4608C4C0E900423CBFFA
:10E7B0008160B0BD184608F059F9F0B503AF2DE9F6
:10E7C000000B8146087AB0B155685DB3D2F800807D
:10E7D00002F108063BB11868D0E9003201F5AA70D1
:10E7E000194609F008F896E80E0009F108000EC075
:10E7F000C9F800801BE0D1F804C092E871400CEB2E
:10E800008C0301EB83030C3383E871400CF10100AE
:10E81000B0F1100218BF024608684A60904204BF77
:10E820000120087201F5A67008F0D8FF0025C9F88C
:10E8300004500EF02CBFD4D4F0B503AF4DF8048DC6
:10E840000446002844D0DFF894800D4698F8006014
:10E85000FF2E0FD098F80100E9B2814238D08A1B10
:10E8600088F8015048BF5242012A13D990B20528B6
:10E870001AD328E088F8005088F8015008F0C6FD47
:10E880007D222E460EF074FE000B40EA0150144922
:10E8900088621DE002228142114888BF012241792D
:10E8A000914214D10021417108F0B0FD7D220EF09B
:10E8B0005FFE000B0B4B40EA015009498A6A821A3D
:10E8C0009A4205D3886288F800502E4600E04271D3
:10E8D000204631465DF8048BF0BD00BF0C8A032052
:10E8E000A0E60320C0D40100F0B503AF4DF804BD8D
:10E8F0008CB005466E4606F11C000C46114609F028
:10E9000025FA304621461C2224F023FB28463146B6
:10E91000302224F01EFB0020C5E90C000CB05DF88D
:10E9200004BBF0BD0146D0E90020824204BF4FF095
:10E93000FF307047B0B502AF134613F8010B0B6000
:10E9400043B2B3F1FF3F00DDB0BD5478931C0B60C0
:10E9500000F01F0304F03F04E02814D3D51C0D6021
:10E960009578F02805F03F0545EA84140ED3101D74
:10E970000860D07803F0070100F03F0040EA8410FF
:10E9800040EA8140B0BD44EA8310B0BD44EA0330A0
:10E99000B0BD0A46091A102928BF06F027BE8242D8
:10E9A0000DD080B56F46002210F9013B13F1410FE5
:10E9B000C8BF01320139F7D1BDE8804000E0002234
:10E9C00010467047F0B503AF2DE9000B0446087FF1
:10E9D0000D4640B1D5E903684FF4881168693044A9
:10E9E000E860002011E02968D5E90368481C12D0CE
:10E9F000A86989463044E860281DFFF793FF286026
:10EA0000B0F1FF30494618BF01202877C4E90068FB
:10EA1000A1600EF03CBE0149F8E700BF0100110003
:10EA2000F0B503AF2DE9FC070D7904460E682946C1
:10EA30003046FFF7F6FCD6E90012EA46804650461B
:10EA40002B460AF015FD13492046FFF757FE0446F2
:10EA500089466FF05F06BEB160365146A51928465B
:10EA60000DF029FB0028F6D0B8F1000F02D00020ED
:10EA7000287609E02846172124F014FA0020287689
:10EA800005F120000CF0EAFF0EF03BFD06B00EF0A1
:10EA9000C3BE00BF38920400F0B503AF2DE9FC07F8
:10EAA0000FF0DBFBEA4650460AF0E2FC0D49204637
:10EAB000FFF733FE054689466FF05F0676B10FF02B
:10EAC000A6F80028FAD00FF0F4F90246002032B17F
:10EAD000022904BF108800F0010000E000200EF0C1
:10EAE000ABBD00BF3C8A0400F0B503AF2DE9FC07C5
:10EAF0000FF0B3FBEA4650460AF0BAFC0D49204637
:10EB0000FFF70BFE054689466FF05F0676B10FF002
:10EB10007EF80028FAD00FF0CCF90246002032B17E
:10EB2000022904BF1088C0F3400000E000200EF06E
:10EB300083BD00BF3C8A0400F0B503AF2DE9000798
:10EB400092460A460E4980461046FFF7D7FD044616
:10EB500089466FF05F0666B160365046A5192946B2
:10EB60000DF0A9FA0028F6D09AE85F005FC5FF20F3
:10EB700000E0142088F800000EF0C3FC0EF04CBE3C
:10EB800048920400F0B503AF2DE9000F91B00446A0
:10EB9000180427D001F168001E4692460D460AF07F
:10EBA000B3F888460FF053FA21D2B1B22C22D7E93C
:10EBB000029B01FB0200A0F12801087803281BD169
:10EBC000DAF800009AF804300DF1280A0FF067F91E
:10EBD000002029468DE8010A08A852463346FEF770
:10EBE0002DF810E0FE208DF80C000AA820E0FE2091
:10EBF0008DF80C000AA816E0CDF800B008A8002295
:10EC00004B460DF01DF8099804909DF820009DF8E2
:10EC100021108DF80D104FF0FF31002818BF022190
:10EC20008DF80C1003A8D8F800100139C8F80010AE
:10EC300014218DF8281090E86E006EC411B00EF00B
:10EC400031BCD4D4F0B503AF2DE9000F8DB004462C
:10EC500018043CD001F168001E4692460D4609F0AA
:10EC6000FFFF89460FF0F3F936D2B1B22C2201FB37
:10EC70000200A0F1280B01209BF80080DFE808F0DB
:10EC80000603020317201BF8000028B958460DF0B0
:10EC90003BFCF96888422ED1B8F1030F21D1DAF894
:10ECA00000009AF804300DF1180A0FF0F8F8BB686C
:10ECB0002846D7F80C8051463246CDF80080FEF742
:10ECC00013F84FF0FF32C00718BF022212E0FE20F7
:10ECD0008DF8040006A81FE0FE208DF8040006A8A9
:10ECE00015E0D7E90218584642460DF03DF8C00736
:10ECF00005D0022204E00622D7F80C8000E0FF22B3
:10ED0000CDE902088DF805108DF8042001A8D9F886
:10ED100000100131C9F8001014218DF8181090E886
:10ED20006E006EC40DB00EF0BDBBDCB504AF136851
:10ED30001279D3E9004300922246FDF7A3FBDCBD24
:10ED4000F0B503AF2DE9000FABB092461A788B46B1
:10ED500004469946B2F10A004FF0000198BF0846F8
:10ED600050B3012823D1B9F80C6006B30BF1680049
:10ED7000D9E9019809F074FF0D46A6F1010C01686C
:10ED80008C4511D223462C240CFB04009AF8042055
:10ED9000DAF8001004301C46CDE900095846334625
:10EDA000CDF80880FDF73DFB0EF09EFC002112E03F
:10EDB00020702BB00EF076BBD7E90258DFE812F0D6
:10EDC0000F005C006A001E000B00A900BE00A50039
:10EDD0000A014900CB00C4E90110FF20E8E7CDF8A3
:10EDE00044B00020B9F81410B9F812B0CDE91558A4
:10EDF00017908B4540F2A481A046C7E3B9F80260A2
:10EE0000002E00F07B83D9E90110CDE910100BF141
:10EE1000680009F025FF8946A6F1010C01688C45C0
:10EE200080F06F83334626462C249AF804200CFB8E
:10EE30000400DAF8001034460430009010981E46A2
:10EE40000190119802905846FDF7EBFA00F0010E80
:10EE500059E3D9E9010100220129CDE9245826927C
:10EE600000F01A85002900F01A8503880A20009016
:10EE70001EA824A92022B1E0B9F812600020B9F838
:10EE80001410CDE915588E421790119140F2B080C0
:10EE9000A0466BE30020B9F80290CDE91E580B2183
:10EEA00020901EAE30460BF06DFAC5B2022D40F038
:10EEB0005884B9F1000F129400F05E830BF16800E2
:10EEC00009F022FF80460068A9F10102824280F029
:10EED000CC8311911EA80CF081FC0EF05BFF002585
:10EEE0009AF8043004340491CDE900955946CDE9EF
:10EEF000024024A8FDF753FA9DF89000012840F045
:10EF000003849DF891001199B0E30EF021FE1622C2
:10EF100063E0D9E90220B9F80460B9F802A01190C1
:10EF2000B9F80600CDE91B581D918DF89010ADF889
:10EF30009100B24540F2C58126463FE3B9F804602E
:10EF40000020B9F80290CDE915581790B14540F26C
:10EF50002C82264648E3B9F804000D2111900020C8
:10EF6000B9F80290CDE91E5820901EAE30460BF045
:10EF700009FAC5B2022D40F0F483B9F1000F1294E2
:10EF800000F047830BF1680009F0BEFE8046006880
:10EF9000A9F10102824280F06D8310911EA80CF04D
:10EFA0001DFC0EF0F7FE9AF80430119D0434CDE9F3
:10EFB0000301CDF800905946CDE9015424A8FDF78E
:10EFC000EEF99DF89000012840F0A7839DF891008C
:10EFD000109950E30EF0BCFD18220023FDF7B0F9A4
:10EFE0009DF8780010B19DF87950BAE31F9852E36C
:10EFF000002E00F0B9820DF1900815A902220F91A0
:10F0000040460CF083FB24989DF89450002800F0B3
:10F01000A88312940446404609F101080DF17809CD
:10F02000411D13220FF0C0F80EF0ECFC09F10701AE
:10F03000CDF865001BA823F08CFF0BF168008DF85C
:10F0400064501894A6F1010909F05EFE02469AF890
:10F0500004000A90DAF800000990012052F81E5BC3
:10F0600010900A20DDF844A00B9001200E910C9026
:10F0700008922C200D9609FB00244E46AE4280F0EB
:10F08000D3822046414604F03BFC013610B1B0B2B9
:10F09000824501D22C34F1E71BA83146B1460BF072
:10F0A00091F9C0B2022840F0A8831BA81A3C0CF0CA
:10F0B00095FB0022CDE90301CDF800905946CDE93A
:10F0C000012424A8DDE90923FDF769F99DF89000E2
:10F0D00001280C984FEAC07200F059832599079CCB
:10F0E000A2B1DDE91C02831A8B42C0F08583114472
:10F0F000DDE924241D91130A43EA0463D2070B932C
:10F1000012D0012007940C90109017E0A14240F01B
:10F110004E83DDE91C01431AA342C0F06D832144F4
:10F120001D911AB1012008E000221092401AA11C82
:10F1300088420794C0F0418300200C90089A98E719
:10F14000BBF1000F00F01F820DF190080E4615A9CB
:10F15000022240460F910CF0D9FA24989DF8945061
:10F16000002800F0FE821090404612941EAC411D13
:10F170001322204609F1010823F0EBFE0EF042FCB9
:10F18000E11DCDF865001BA823F0E3FE1098189050
:10F1900011988DF86450683009F0B6FD0E9100F1B9
:10F1A0001E0120C8ABF10102CDE924059AF8040044
:10F1B0000C90DAF800004FF00A0A0B900120109032
:10F1C00001200A910D902C20D94602FB0014934691
:10F1D000AB4580F039822046414604F091FB0BF1AB
:10F1E000010B18B11FFA8BF0864201D22C34EFE7E5
:10F1F000CDF818A0CDF898B024A80DF0C9FD0DF1F8
:10F200006C0A07905946CDF824B00EF0FBFFC0B24F
:10F21000022840F0AF8207990EF0F4FFC0B2022836
:10F2200040F0A88250461A3C0CF0D8FA099A009295
:10F230000022CDE90124CDE903011EA81199DDE9E1
:10F240000B23FDF7ACF89DF8780001280D984FEAE4
:10F25000C07200F0BD821F99089CDDF818A09AB119
:10F26000DDE91C02831A8B42C0F084821144DDE97F
:10F270001E241D91130A43EA046AD20714D0012008
:10F2800008940D9010900DE0A14240F0D782DDE986
:10F290001C01431AA342C0F06D8221441D912AB182
:10F2A00001200D90099A0AE000221092099A401A52
:10F2B000211D08948842C0F0C78200200D900A9951
:10F2C00081E7BAF1000F00F0768110921BA80721A8
:10F2D0000BF058F8C5B2022D40F043820BF16800E4
:10F2E000129409F011FD8846014651F804BB5446BA
:10F2F000CDE91E1B2C210AFB0100A0F12809601E8C
:10F30000584580F0CE81A0B22094864249D309F1BD
:10F310001A0024A904F0F4FA002842D099F8000059
:10F32000DFE800F002050F3FD9E9010111E0B9F86B
:10F330000210D9F808208A42C0F0AA82D9F8040045
:10F3400007E099F8021009F10300DFF868250CF0D6
:10F3500001FD30B3119A914223D1DDE9101222F060
:10F360004FFFF0B9DDE91C01401A0428C0F0998173
:10F37000CDF83C800DF16C08214640460BF022F898
:10F38000C5B2022D40F000821EA80DF001FD01461D
:10F3900040460BF017F8DDF83C80C5B2022D40F076
:10F3A0008181013409F12C09A9E7B9F1000F00F0BE
:10F3B00018810DF19008129415A90222404611916E
:10F3C0000CF0A4F9249C9DF89450002C00F0C88106
:10F3D00008F105010DF1780813220EF07BFA0EF00A
:10F3E00011FB08F10701CDF865001BA823F0B1FD62
:10F3F0008DF864500521189418A80AF0C3FFC5B20F
:10F40000022D40F0AD810BF16800A9F1010409F073
:10F410007BFCD0F800B00DF16C0A2C254FF0000CED
:10F420005C4580F05E8123460134A2B29642F7D358
:10F43000109103FB05014FF002088A7F002A08BFE4
:10F440004FF001085FEA0C630E9005D05FFA8CF371
:10F45000434540F0DD81E04601F11F05022A08D056
:10F46000012A0DD129684FF480501025E04AE14B64
:10F470001EE02A686B68A8681025D1F82B1017E0E9
:10F480000020DFF82834CDE926001022CDE9240041
:10F4900024A902200CF098F9DFF81424022300922A
:10F4A0002A46022509F006FADDE92423DDE92601D2
:10F4B000CDE92601A81CCDE92423DDE91C120F9516
:10F4C000891A8142C0F08281504621460AF07AFFB3
:10F4D000C5B2022D40F09E81CDF8348024A90F9A48
:10F4E0005046D0460CF044F9C5B2022D40F08C8154
:10F4F00010992C25DDE90DC0C24691E74FF0020EB0
:10F5000006E04FF0020ED9F800200132C9F80020C1
:10F510000022CDE91E58BEF1000F209218D01EA87F
:10F5200033460DF1900CA04690E86400BEF1020F46
:10F53000644664C408BF0A21122200911BA86146D8
:10F54000FCF7FEFE9DF86C0060B19DF86D502DE05B
:10F550001EA813210AF016FFC5B2022D40F001814A
:10F56000209898E01C9824E0A046002615A824A91D
:10F570000DF0D9FF33460EE024A996E81C0008469A
:10F580001CC00A224BE0A0464FF0000B15A824A98E
:10F590000DF0C9FF5B460822009013A8FCF7D0FECF
:10F5A0009DF84C00012803D19DF84D504446D8E009
:10F5B000149844466FE026464FF0000A1BA81EA987
:10F5C0000DF0B1FF53460822009015A8FCF7B8FED5
:10F5D0009DF85400012802D19DF8555014E016986A
:10F5E00015E026464FF0000915A824A90DF09BFF51
:10F5F0004B460822009013A8FCF7A2FE9DF84C0091
:10F60000012803D19DF84D503446AAE014983446A1
:10F6100041E024A996E81C0008461CC00C220A20E0
:10F6200000901BA800232CE00E99129C0EF0BFF94D
:10F630001098C00700F00B810EF064FD08220B98B3
:10F6400000901EA80D9BC9E40E99CB460EF0AFF9B1
:10F650001098C007129C00F006810EF053FD102296
:10F660005B46CDF800A01EA8B8E40A200EF047FAC9
:10F670000A2203E00A200EF042FA0C2200901BA896
:10F680004B46FCF75DFE129C9DF86C0010B19DF896
:10F690006D5066E01C9800283FF488AB0121FFF70D
:10F6A0009ABB0225D8F80000129C0138C8F8000067
:10F6B0001BAE022D55D11D980128ECD81EA996E845
:10F6C0002C0008462CC006220A20009018A8534699
:10F6D000FCF736FE9DF8600001282DD19DF86150A1
:10F6E0003FE00225E0460EF062F9022D38D118A85D
:10F6F00041460AF047FEC5B2022D31D11D980228BD
:10F700001CD91A99129CC1E0DDE91F232598119993
:10F71000D21A82420AD20420A8E7DDE91F232598E5
:10F720001099D21A824201D20420A4E70A68184430
:10F73000129C013A0A60AEE71998ACE724A9119C23
:10F74000084694E82C002CC004220A2000901EA831
:10F750004B46FCF7F5FD9DF8780090B19DF8795087
:10F76000129C01206070E8074FF0040018BF0D20C4
:10F77000FFF71EBB0E994FF0040A0EF018F9129C09
:10F780006BE71F98129C86E7DDF83C808AE772B130
:10F790000E9ADDE924010791116801391160C10752
:10F7A00054D00799000A0D9640EA016029E01D989F
:10F7B000811E814238BF08461D900E99129C0EF0A2
:10F7C000F6F81098C00742D00D9635E7022521E0E3
:10F7D00012B30E9ADDE91E0108911168013911601A
:10F7E000C1073FD00899000A40EA016AC7E700BF95
:10F7F000FB349B5F800000800D960E990EF0D7F8C9
:10F8000004200B90129C17E71099DDF834806AE70A
:10F810000225E046109966E71D98011F814238BF16
:10F8200008460E991D90129C0868DDF818A0013852
:10F8300008601098C0077FF410AF14E01D98011FF6
:10F84000814238BF08461D900E99FFE6129C18A809
:10F8500009210AF097FDC5B2022D7FF482AF079807
:10F86000811C0AE0129C18A811210AF08BFDC5B278
:10F87000022D7FF476AF0898011D18A80AF082FDCA
:10F88000C5B2022D7FF46DAF1A981D99084402E7A6
:10F89000094B002006F02CFC024A0DF09FFD024AA5
:10F8A0000DF09BFCD09C0400C09C040004D4040018
:10F8B00014D4040084D3040074D30400F0B503AF5F
:10F8C0004DF804BD0D46110412D00EF065F80C463B
:10F8D00001688E420ED22C212A7906FB0100037F9B
:10F8E0002868D0E90001FCF731FE00F0010002E0D9
:10F8F000022003E002202268013A22600EF0D6FBCB
:10F9000008BF01210EF01EB8F0B503AF4DF804BDDD
:10F910000D46110412D00EF03FF80C4601688E42DD
:10F920000ED22C212A7906FB0100437F2868D0E9FA
:10F930000001FCF72DFE00F0010002E0022003E0D0
:10F9400002202268013A22600EF0B0FB08BF0121BC
:10F950000DF0F8BF0068027A02B1704780B56F46BB
:10F960000868D0E90010896888470020BDE8804019
:10F970007047D4D4D0B502AF0446006898B94FF0B0
:10F98000FF302060207B40B1D1E90012201D07F03C
:10F9900032FF2068411C002003E001200021207379
:10F9A00020462160D0BD014807F042F8808D040058
:10F9B000F0B503AF4DF8048D90460E46054607F0AE
:10F9C00025FD02460B46D5E900010024121A73EB0F
:10F9D000010238BF012403D2424607F0B1FE05E020
:10F9E000D6E9002307F0C4FFC5E9000120465DF811
:10F9F000048BF0BDD0B502AF0446083000F003FD23
:10FA0000012808D1D4E900021144B1FBF0F202FB55
:10FA100010110120D0BD0020D0BDD4D4FC2938BFA6
:10FA2000704780B56F46024B0020FB2206F060FB5A
:10FA3000DC9F0400F8B504AF00680A460178FF298E
:10FA400007D00390094800901046094903AB0722EC
:10FA500007E00430029007480749009002AB1046C7
:10FA60000A2206F054FC04B080BD00BFA9FA0100D0
:10FA700027A20400D98302001DA2040080B56F46AE
:10FA80000068074A074B0078002818BF13464FF05C
:10FA90000B0218BF0C220DF097FFBDE880406047B5
:10FAA000BD9F0400B4A40400E0B502AF0068027872
:10FAB000DFE812F021007F005F006F0041009D0031
:10FAC000AF007700C7004F00BD003B004700A50016
:10FAD000350069002D008D00B700DF009700A10000
:10FAE000D900E50059005300F3002700E900EE00BB
:10FAF000CD008900D300964A0130019093480090D0
:10FB00003CE0D1E900010922CB686D49CAE0794A9D
:10FB10000130019076480DF0EDFF0D2276E0D1E93D
:10FB200000011F22CB687649BCE0D1E90001242204
:10FB3000CB687749B6E0D1E900011122CB687C4956
:10FB4000B0E00DF053FF714A031D08461146102224
:10FB500074E00DF028FF70499DE0D1E90001072213
:10FB6000CB6859499EE0D1E900010D22CB68574985
:10FB700098E00130019071480090714A08461146A2
:10FB800001AB032242E05D4A043001905A480090E4
:10FB900022E0694A0130019066480DF0ABFF08226F
:10FBA00034E0604A013001905D480DF0A3FF182257
:10FBB0002CE00130644A01906248009001AB084695
:10FBC0001146092222E00DF0EEFE39495EE00230D6
:10FBD000019045480090454A0846114601AB112264
:10FBE00014E0D1E900010822CB683C495AE00DF04D
:10FBF000DAFE4E494AE00DF0D6FE374946E0424A69
:10FC0000013001903F480DF075FF0A2206F07FFB9E
:10FC10008CBD0DF0EBFE444A031D0846114614222C
:10FC20000CE0D1E900011022CB682E493AE00DF03A
:10FC3000DDFE384A031D08461146222206F008FC64
:10FC40008CBDD1E900011D22CB6834492AE0D1E9FD
:10FC500000011A22CB68174924E0D1E900010522EE
:10FC6000CB6812491EE0D1E900010B22CB6819498B
:10FC700018E0D1E900011222CB68194912E00DF019
:10FC800092FE134902E00DF08EFE0C490C2209E0B1
:10FC90000DF089FE0849162204E0D1E90001042292
:10FCA000CB68084902B0BDE880401847D3A30400E0
:10FCB000C7A30400ADA3040097A304008BA3040012
:10FCC00082A304003080040060A0040075A3040037
:10FCD00069A304005EA3040052A30400A87F0400EB
:10FCE00040A3040040A10400F90102002FA3040076
:10FCF000B5FD010022A30400BD52020011A30400BF
:10FD0000F2A2040089FD0100E8A2040070A1040031
:10FD1000C4A20400A2A204008CA204006FA20400EA
:10FD20004DB3020057A204003DA20400BD9F040091
:10FD3000AC9F0400D5010200A07F040055FD010026
:10FD40003AA204007DFA010031A2040015FE010070
:10FD50002EA20400F8B504AF00680A46039003A978
:10FD600005230648CDE900310549064B02901046AF
:10FD70000C2206F02FFB04B080BD00BF15720200FC
:10FD8000F4A404001089040080B56F460068074A97
:10FD9000074B0078002818BF13464FF0110218BF18
:10FDA0000C220DF011FEBDE880406047BD9F0400AD
:10FDB000AC9F040080B56F46D1E900010722CB68F3
:10FDC0000149BDE88040184700A5040000680268AA
:10FDD0004AB1D1E90001012ACB6807BF0A490B22C9
:10FDE000084909221847E0B502AF0430084A0190DB
:10FDF0000648009001AB08461146042206F087FA37
:10FE00008CBD00BFDBA40400D0A40400D983020091
:10FE100024800400DCB504AF0246D1E90001126879
:10FE20001378013B472B00F25880DFE813F04800BD
:10FE3000B900A000D500DD00AC00BD00C000EC00A2
:10FE4000E4008800AF0099007C00C700CB00F700F9
:10FE5000F00075009D000301790096008500B20056
:10FE60007F001A0117018F00A400D100A80027010C
:10FE70008B00F30024016E00E1006B00670092002C
:10FE8000B5005600FF0050007100C400D9005600B4
:10FE90002B015600CE0064005300370121016100A0
:10FEA000E800FB005E001301070156003F0133012B
:10FEB0003B010B010F0182001D014C002F01CB689B
:10FEC000DFF80413E0E0CB6809227D49F1E0CB685C
:10FED000924983E0CB688A493DE0BC4BCDE90023E1
:10FEE0006B46BB4A05F05EFADCBDCB687E49CBE0D1
:10FEF000CB688049A0E0CB6882495AE0CB680E22EB
:10FF00008A49D6E0CB688A49A2E0CB688A49CBE02F
:10FF1000CB6824228049CCE0CB6821229849C8E0F4
:10FF2000CB68944917E0CB689A49B9E0CB688D4912
:10FF30007EE0CB68644964E0CB688C49A4E0CB6880
:10FF4000974962E0CB682A227E49B2E0CB688249B9
:10FF50009EE0CB6874492322ABE0CB68844939E04A
:10FF6000CB682C228C49A4E0CB68844954E0CB6850
:10FF7000102293499DE0CB682E22764999E0CB6808
:10FF80004022724995E0CB688A4912E0CB688349E8
:10FF90000FE0CB68744934E0CB681F22614988E0E8
:10FFA000CB681D22874984E0CB68814974E0CB6827
:10FFB0007E4912227DE0CB68564969E0CB682F224A
:10FFC000734976E0CB6871492EE0CB684E4957E023
:10FFD000CB685F4911226CE0CB6878490C2268E05D
:10FFE000CB6820224A4964E0CB681622724960E05F
:10FFF000CB6850491CE0CB6831226A4959E0CB6894
:020000022000DC
:100000003B490F2255E0CB686749192251E0CB6884
:100010005C4949E0CB684A4938224AE0CB6826224D
:10002000594946E0CB683149222242E0CB683C493D
:100030001A223EE0CB68504934223AE0CB683D2298
:10004000274936E0CB680D22214932E0CB681F49B1
:100050001B222EE0CB68282222492AE0CB683F49A8
:1000600016E0CB683E490FE0CB680822154920E036
:10007000CB68214908E0CB68304905E0CB683249BC
:10008000172216E0CB682149132212E0CB680B49F6
:1000900015220EE0CB68104918220AE0CB681749F8
:1000A0002B2206E0CB680B491E2202E0CB684C22D3
:1000B0000A4902B0BDE8D040184700BFBAAF0400FB
:1000C000B1AF0400B07F0400A2AF040087AF04000A
:1000D0007AAF04005CAF040044AF0400F8AE040043
:1000E000BBAE040093AE040080AE04005EAE04001C
:1000F0004FAE04001BAE040008AE0400DDAD0400EA
:10010000BAAD0400A8AD040091AD04007EAD0400BA
:100110001EAD0400E9AC0400C5AC0400B9AC040099
:100120009FAC040080AC04005DAC04004FAC040044
:1001300034AC04001AAC0400FCAB0400E9AB0400CE
:10014000B1AB040087AB040070AB040030AB04001B
:100150001FAB0400F1AA0400DCAA0400C7AA040033
:10016000B4AA04009AAA04008BAA040078AA040086
:1001700067AA040044AA040010AA0400D8A9040035
:10018000B7A9040099A9040073A9040051A90400A7
:1001900022A90400F7A80400CBA80400B9A8040011
:1001A000A0A804006FA8040056A8040044A80400F6
:1001B0002CA804001AA8040004A80400F8A704004E
:1001C00000A10400DBA70400C8A7040089520200B4
:1001D000254B0400D0B502AF0068054A007852F8FC
:1001E0002040044A0DF003FABDE8D040184700BF94
:1001F000C4E0040080E00400D0B502AF0068054A06
:10020000008852F82040044A0DF0F1F9BDE8D040D2
:10021000184700BF38E1040008E10400D0B502AF80
:1002200086B00446042A02D2002020700BE0074862
:100230000423009002A8FAF7A5FE0299DDE9040262
:100240000968A2602160606006B0D0BDB8A7040054
:10025000F0B503AF4DF8048D82B04668144696425F
:100260000FD3D0F80080054609480A460090214681
:100270004046234608F01EFB301B08EB0401C5E98D
:1002800000100020A64238BF01200DF050BA00BF78
:10029000F8C00400B0B502AFDCB06D460446284695
:1002A00004F028FB00201121CDE95A00CDE95800C7
:1002B00004F5B87022F0B1FC204629464FF4B8721C
:1002C00022F0A2FD5CB0B0BDF0B503AF4DF804BDA7
:1002D0000446134806F033FD2068C8B10DF0DAF982
:1002E0001048114EB0471148B047208A658AB04780
:1002F0002846B0470E48B0470E48B047E06806F0C1
:1003000031FD002031465DF804BBBDE8F0400847F0
:1003100000205DF804BBBDE8F04006F04BBD00BF17
:100320000E000000150200003F6D020000020000F8
:10033000140000002C02000080B56F46C16821B196
:100340000139C16003F0C5FA09E0416971B10139B1
:10035000416181690269013AC26003F0AEFAC007E7
:1003600004D0C8B2002818BF012080BD022080BD83
:1003700080B56F460146006840B14A68831A18BFCD
:1003800000F1080390420B6000D080BD886830B156
:10039000CA68904203D000F108028A6080BD002044
:1003A00080BD80B56F460146006840B14A68831A37
:1003B00018BF00F1140390420B6000D080BD886824
:1003C00030B1CA68904203D000F114028A6080BD47
:1003D000002080BD80B56F460146006840B14A6884
:1003E000831A18BF00F10C0390420B6000D080BD4F
:1003F000886830B1CA68904203D000F10C028A606C
:1004000080BD002080BD80B56F46D0E900129142CA
:100410002FBF00204A1C0260012080BD80B56F46BE
:10042000D0E900129142AFBF00204A1C02600120B7
:1004300080BDF0B503AF2DE9000F9DB08046107B65
:1004400016468B46B1F84090D1F834A0FCF768FA14
:1004500096E834006B46194634C14A46514603902B
:100460000EAE3046FDF7DBFD9DF83840FF2C05D081
:1004700008F10100711C0DF034F808E00320DBF8EE
:100480002810ADF838000EAA684609F0C1FF88F8B8
:1004900000401DB00DF006B8F0B503AF2DE9000F18
:1004A000ADB003909A4638489346884606F068FCFB
:1004B00008F1100948460AF027FE06F0C9FD494632
:1004C00004AA91E8794002F1100C41468CE8794089
:1004D000F8680790B8687C693E690690CDE901AB81
:1004E000CDE904BA8DF839408DF838601EAD284644
:1004F00000F075F89DF878B0BBF1FF0F0BD0039CAE
:10050000691C1322601C22F024FD022084F800B034
:1005100084F8290034E0D8F828102A46B8F840C0FA
:1005200005F11808A346B24699E8794088E8794071
:10053000F8682390B8682290019821900298209042
:1005400001208DF8A9B08DF8A8A0ADF87AC0ADF85B
:10055000780010A809F05CFFBDF840004FF6FF716D
:10056000884208D0DDF80CA002208AF82900162065
:100570008AF8000004E004A90398302222F0E9FC84
:100580002DB00CF08FBF00BF47000000F0B503AFE7
:100590004DF804BD9EB00D4602F520710446684634
:1005A0001A461E78FCF7ECFE9DF80000FF2805D0E7
:1005B0009DF83A10E5F770FF16200CE0A6F10B004D
:1005C000012807D803206A46ADF8000010A8294684
:1005D00009F01EFFFF2020701EB00CF0E0BFF0B548
:1005E00003AF2DE9000FA3B0059002F1100BD1E984
:1005F00002E0009101901068049050680390D2E9E5
:10060000029A14A8CDF808B000F110089BE85B101E
:10061000454685E85B107546CDE9169AF146039884
:100620004FF0000A59F8084B15900498CB461490E7
:1006300092F828008DF8780004EB440092F8291015
:10064000060104918DF8791009EB001103915EB158
:100650000BF1100140460BF02EFD98B9303E0AF127
:10066000010A0BF1300BF2E7019884422FD214A952
:10067000039E29220CF038FF049886F82900601C9C
:10068000286007E00AEB4A0014A9302209EB0010A9
:1006900022F05FFCDDF8089099E80F001943104341
:1006A000084312D00098816AB0F840C014AA99E8B3
:1006B000794002F1080888E879400420ADF850003C
:1006C000ADF852C006A809F0A3FEFF2000E01620F6
:1006D0000599087023B00CF0E5BEF0B503AF2DE925
:1006E000000FABB08246886B90F8720340B902AE3F
:1006F0000D46304600F043F89DF83100022803D142
:1007000002208AF8290037E0029906F1100B0191C6
:1007100003990091DDE904891CA99BE85C5018311C
:1007200081E85C5000998DF8A10001201F9101998A
:10073000ADF870009DF830001E918DF8A000B5F85E
:100740004000A96ACDE92089ADF872000EA81CAA64
:1007500009F05EFEBDF838004FF6FF7188421FBFFA
:10076000FF208AF8290016208AF8000001BF02A99C
:100770005046302222F0EDFB2BB00CF093BEF0B5CA
:1007800003AF4DF8048D8D68804601F1100655F8D1
:10079000280900EB400004014CB105F1400031464E
:1007A0000BF089FC303C30350028F5D000E0002506
:1007B000404629465DF8048BBDE8F0400BF022BBB3
:1007C000F0B503AF2DE9000F8DB091F81090904671
:1007D0002A4B834610220C4648460AF03BFC002276
:1007E00019B100F8012B0139FAE7002558462574A4
:1007F000CDE90155CDE9035501AE31460BF0E4F9E1
:100800000DF1140A3146504600F0C8FB0BF5B076E6
:10081000102D09D00BEB0501605D013591F86021C9
:10082000504081F86001F3E7B9F1100F07D10020C3
:10083000102816D01AF800100CF05AFFF8E716F836
:10084000090080F0800006F8090009AC05A92046DF
:1008500000F0A4FB0020102803D0215C0CF048FF1E
:10086000F9E7584631460BF0AFF9404631460CF0F7
:1008700093FE0DB0BDE8000FF0BD00BFA4D2040090
:10088000F0B503AF2DE9000B9EB08146D0180D46A0
:10089000039015F8080B0C46CDE90122DFE810F0B3
:1008A0000D001001A300D9005F0026013001EC000B
:1008B0006001860046011000800001A8002101E1CE
:1008C00001AE0B213046FAF7EBFBC043000640F0C7
:1008D00019820DF02FFA00F0158294F87C200DF0AB
:1008E000F5F800F00F8294F87D104170023002900C
:1008F00095E80F000096E7F791F8C143090640F02C
:100900009B810DF017FA00F0FD8194F82E100DF187
:10091000040800F8011B029004F128004146E7F7A3
:10092000CBF8C143090640F0878105F110030DF0B3
:100930000BFC00F0CA81DDE90256B54200F0E2810D
:10094000012605F8016B0295CDF80080E7F766F8FF
:10095000C143090640F07081DDE90201BBE101A855
:100960000421FAF79DFBC043000640F0CB8101A8AB
:100970004FF48071FAF7C2FBC043000640F0C28119
:10098000DDE90260801BB0F5807FC0F0BB81611C97
:1009900030464FF4807222F0DCFA06F5807053E1A5
:1009A000627801A80C21E7F7CBF842E101A8092100
:1009B000FAF776FBC043000640F0A481D4E9022395
:1009C00001A8E6F7EDFFC143090640F03581216932
:1009D00004F114000DF1440C0022002401EB41014C
:1009E0004FEA410E11E101A80221FAF759FBC04379
:1009F000000640F08781208A01A9E7F7B1F8C143DA
:100A0000090640F01981D4E9022301A8E6F7C8FFDE
:100A1000C143090640F01081608A01A9E7F7A0F8F8
:100A2000C143090640F00881A08A01A9E7F798F8B8
:100A3000C143090640F00081E08A01A9E7F790F878
:100A4000C143090640F0F880208B01A9E7F788F838
:100A5000EFE001A80321FAF723FBC043000640F0B2
:100A600051816078012840F0B880DDE902018142BF
:100A700000F048810121B6E001A80721FAF710FB38
:100A8000C043000640F03E81666801A83146FAF78F
:100A900035FBC043000640F03581C6EBC60504F1C6
:100AA00008060DF10408002D00F0D78030464146BD
:100AB000E6F7E4FA073D0736C1430906F3D0BBE089
:100AC00001A80121FAF7ECFAC043000640F01A81B0
:100AD00002980399884200F01581217A00F8011BE1
:100AE0006168029001A8E6F78FFFA2E001A8052146
:100AF000FAF7D6FAC043000640F00481601C11E00A
:100B000001A80621FAF7CCFAC043000640F0FA80AB
:100B1000601C01A9E6F7B2FAC143090640F08C80D7
:100B200004F1080001A9E6F7A9FA82E001A80A2168
:100B3000FAF7B6FAC043000640F0E4800DF0FAF888
:100B400000F0E080A2780CF0C1FF00F0DB8061785B
:100B5000417002300290E01C01A9E6F7ADFF68E0A9
:100B600001A80821FAF79CFAC043000640F0CA80A9
:100B7000A01C01A9E6F782FAC14309065CD104F181
:100B8000090001A9E6F77AFAC143090654D104F134
:100B9000100001A9E6F772FAC14309064CD104F12D
:100BA000170101A8E6F7DEFEC143090644D104F1AE
:100BB0001A0101A8E6F7D6FEC14309063CD10DF0A3
:100BC000B9F800F09F80617F024602F8011B03998B
:100BD0008A4200F09780617854E0DDE902018142A9
:100BE00000F090800021017001302DE0302A00F0EB
:100BF0009D800CEB0201B0F8036030F8063B063232
:100C0000A1F8076001348D718B8096451CBF8578F3
:100C1000FF2DEBD1119404AD11A934220CF0A0FCEE
:100C2000049E01A83146FAF769FAC04300062CD0A9
:100C30000220C143090606D0811EC9B20B2961D327
:100C4000C1B203205FE00298019900295AD0401AEE
:100C50004FF0FF32C9E9002057E004F1240001A958
:100C6000E6F70CFAC1430906E6D194F82B000128F7
:100C700024D10DF05FF845D001220CF027FF41D0C0
:100C800094F82C1041700230DEE706EB46002C1D74
:100C900001AD460086B120882946E6F761FFC143D1
:100CA0000906C6D1A01C2946E6F70CF9063E063413
:100CB000C1430906EED0BCE7FF20BAE70DF03AF8D1
:100CC00020D0002100F8011BBEE70DF033F819D049
:100CD000002200F8012B884214D094F8311000F85B
:100CE000011B94F83010029001A8FAF7D9F9C0431B
:100CF000000607D1A66B01A83146FAF7FFF9C043F9
:100D0000000605D00020C9E900011EB00CF0BFBCF0
:100D1000DDE9020204F13C01002E95D09042F1D0B1
:100D200011F8013B013E00F8013BF5E702481721AD
:100D3000024A05F0B9FE00BF158904002C890400A1
:100D4000F0B503AF2DE9F80F90F8806100F5B878A1
:100D500015468946C6F1100383469A4232D9F6B148
:100D60002C484946009001A82A46FAF70BF92A4B6D
:100D7000304641461022DDE9014ADDE903950AF0DB
:100D800069F9264A53460092224607F093FD5846D9
:100D9000414601224FF0010AF9F730FD25B315F065
:100DA0000F064FEA151208BF10264FF0FF3008BF9C
:100DB00000EB151209EB021ABAB158464946F9F789
:100DC0001DFD12E0104B30460CF033FF0F4B024676
:100DD0000C461146284622460AF0F6FC0C4A2B46E1
:100DE0000CF001FD2E440AE000260D4B3046414632
:100DF00010220AF0E9FC0B4A33460CF07FFF8BF817
:100E000080610CF0C3BA00BF58CF040068CF040063
:100E100078CF0400FC53040018CF040028CF04004E
:100E200038CF040048CF040080B56F460DF0C2F9FA
:100E3000002818BF012080BDD0B502AF0A4600F5DA
:100E4000B8710446FFF7BCFC0020C4E95800C4E9AF
:100E50005A0084F88001D0BDF0B503AF2DE9000B36
:100E60000246888A938A146958400B696340184384
:100E70004FF0000034D1937D8C7D6340DB072FD190
:100E8000D2E9004ED2E90259D1E9006CD1E9023829
:100E900048EA09004CEA0E0146EA0402084343EA24
:100EA0000501114344EA050208434EEA0901B0FA7C
:100EB00080F04009114313D046EA03014CEA0802CE
:100EC00011430DD084EA060085EA030108438EEA47
:100ED0000C0189EA080211430843B0FA80F0400986
:100EE0000CF0A9BFD0B502AF04460878DFE800F0E7
:100EF0002D311D1911113D131111351139251121F4
:100F000011291111111111111111111111111111B9
:100F100011002070D0BD601C01310CF03DFB07209A
:100F2000F7E7487860700320F3E7487860700220A4
:100F3000EFE7486860600F20EBE7487860700D20AD
:100F4000E7E7488860801120E3E748786070002078
:100F5000DFE7487860700120DBE70DF07FF80A20BA
:100F6000D7E70DF07BF80C20D3E70DF077F80620DB
:100F7000CFE780B56F468A68930105D4520108D443
:100F8000BDE8804005F0B3BA0068BDE8804005F0D8
:100F9000BCBD0068BDE8804005F0A5BEF0B503AF5C
:100FA0002DE9FF070DF10809214B804600200C6850
:100FB00010224E688D68D1F80CA04946CDE9040096
:100FC000CDE9020008200AF0FFFB32BA2DBA530027
:100FD00024BA43EAD5731BBA0793630043EAD2727B
:100FE00012BA0692134A0823009206AA07F062FC7E
:100FF00087209AFA8AF100EAE470082380EA410027
:1010000000BA0790680040EAD170082100BA069043
:101010000948009009F1080006AA07F04BFC404679
:1010200049460CF0B9FA08B0BDE80007F0BD00BFB2
:1010300068DB040078DB040088DB0400D0E90023CF
:101040009A4208D0D0B502AF144614F8011B0460D0
:10105000BDE8D04000E00421D01AB0FA80F0400989
:101060007047F0B503AF4DF8048D84B00D460446CB
:101070001C3101A800F013F80198012807D1284677
:10108000DDE90286FFF758F9C0B2022801D102203B
:1010900001E0C4E90086207204B00CF01FBBF0B57B
:1010A00003AF4DF804BD01F108050E460446D6E92C
:1010B000020188420ADA3046FFF7B0F9012807D06A
:1010C0002846FFF7ABF930693060F0E7002003E015
:1010D0002868C4E90110012020600CF060BA80B5D6
:1010E0006F46416831B10139416082680168531C23
:1010F000836000E00021104680BD80B56F46024647
:10110000D0E90010814202D0C81D0CF004BF0021BC
:1011100080BD80B56F460246D0E90010814203D001
:1011200001F10E000CF0F7BE002180BDF0B503AF59
:101130004DF804BD0C460546D0E900012246FCF7F7
:101140008FFF0E46FBF744FC3068214601303060CB
:1011500028465DF804BBF0BDD0B502AF044690420E
:101160003FBF621C08461146D0BD0020214604F056
:10117000BFFF80B56F46BDE88040FBF787BB80B5F9
:101180006F46BDE8804008F0D1B880B56F46134681
:1011900041B149293EBF0130013980BD01204822BB
:1011A00004F0A6FF01200021F9E7D4D4F0B503AF85
:1011B0002DE9000FADF6843D0D918246D0E9000186
:1011C000084318BF0120049040F0C1819AF8100034
:1011D000D54DCDF82CA078B1032812D1504610F887
:1011E000281F0A901038DFE811F005002C00060FC8
:1011F00078000F0000683CE0DAF80800CAF80C003C
:1012000030E00D98016822E0514611F8CC0FA1F1B1
:10121000A006069188B1032816D1554615F8C80FC7
:10122000A5F1940458B103280D980995CDE9074616
:1012300000F00781BD4805F0B6FC3068B6E02068D4
:10124000D1E0BB4805F0AFFCBA4805F0ACFC0AF1B0
:1012500018063046EBF71EFE70B93046E4F729FF5A
:10126000DAF80C005246002142F8180F02F8101F5D
:101270000A92CAF81C0001E0042066E1D0F8981038
:101280000822CAF82010D0F89C00CAE90C12CAF84B
:1012900024000AF13000FFF7B6F8012877D10729BA
:1012A000CAF82C100ED8DAF81C000844294690F829
:1012B00030000CF0CCFD28BF01F54071012202FA8C
:1012C00000F008600DF6782001220CF0A2FA0BF075
:1012D0003EFFCAE90E128AF840000D9801680AF133
:1012E00038000C9106F0CAFB002840F0FA81DAF8C9
:1012F00020000024DAF82C104FF07D09814208BF4D
:10130000DAF82440382000EB4405052C38D8DAF808
:101310001C002044A03006F069F9DAF82C60082E91
:1013200080F0E18106EB4608DAF81C1001EB880B2F
:1013300001EB4801095D884212D006F067F8A0FB76
:10134000090201FB0921000B40EA015001040AD007
:101350003BF8051029B1401A80B2132803D983E164
:1013600000202BF80500DAF81C0000EB4801095DAD
:10137000012904BF012180F8A61001340235C4E719
:10138000DAF82C00072840F25781674D81E7DAF838
:101390001C0090F8A610002940F044815646002118
:1013A00046F82C0F324602F8A01F0692CAF8300009
:1013B0003030002101220BE0435C2C46202B03F04F
:1013C0001F0328BF04F54074013102FA03F32360C0
:1013D0000829F1D1DAF83000544644F8340F0021DE
:1013E000254605F8941F0DF5176100220023062BF2
:1013F00003D041F823200133F9E7A0300022062A68
:1014000004D0831841F822300132F8E70DF5176057
:101410000DF67822002100230995CDE90746242BFB
:1014200007D010C842F8234002EB8304063321752D
:10143000F5E70AF138000DF67821902221F0E4FC5E
:101440000D98006800234FF000080C90B8F1900F41
:1014500072D00AEB080606F1380196F84C00F0B19C
:10146000032840F0458135460AF1380015F8482F29
:101470004044A5F10C01D2B1032A40F03C8134462E
:1014800014F8452FA4F10509002A44D0032A40F09E
:1014900035814FF0000A96F844008B462BE008682F
:1014A000B3464BF83C0F5D4605F80C3F04E000F1F5
:1014B000040B00F110050868B14649F8400F09F126
:1014C0000504C9F8043018494FF0000A0278A1F564
:1014D0000271202A02F01F0238BF4FF0A041022300
:1014E00001EB8201D1F8002763F31142C1F8002714
:1014F000007886F844000C9906F0A2F8002852D033
:1015000003205346207008F11808287086F84C0014
:10151000DDF82CA09AE700F1080200F10D04D9F8DB
:1015200000008B469146CEE70805005078980400ED
:10153000B8980400C8990400099903200870069916
:10154000087004200A99087003208AF81000DAE96C
:101550003401084318BF0120039040F0DC819AF861
:10156000E000002800F07880032840F07A809AF8A4
:101570002C010AF1E80B0AF596710991002800F098
:10158000AD80032840F0BD80514611F8F00F0C915A
:10159000DFE810F00500BA00310DE3007001DBF860
:1015A00000000C9AC3E006F138000C3006F034F865
:1015B0004FF00108484684F80080E4F701FF5846E0
:1015C00085F80080E4F79CFEDDF82CA086F84C80BE
:1015D0000AF13800E4F78EFB07988AF8C880E4F730
:1015E0002CFFDAF830000021E24D303008290BD012
:1015F000425CE14B202A02F01F0238BF2B1D013153
:1016000008FA02F21A60F1E70699012008700899B9
:1016100091F8A000032804BF01F10800E4F70DFFD2
:10162000DAF81C00002180F8A610DAF81C00C0E9E6
:101630002611DAF81C0021E6DAF81C10CD4D08441A
:10164000CD4990F830000CF002FC38BF291D012272
:1016500002FA00F008601CE6DAF8D800CAF8DC00EC
:1016600055E00CF0DBF946E100202BF80500DAF834
:101670001C10C04D01EB48010A5D82F001020A55C1
:10168000DAF81C10DAF82C20C1E926240121DAF856
:101690001C2082F8A610DAF82C20072A0DD8DAF8D8
:1016A0001C301A44B44B92F83020202A02F01F025A
:1016B00038BF2B1D01FA02F21A60DAF81C2002EB87
:1016C0004802125D8AF82000300640EA04408AF899
:1016D00028101044CAF818000C99B8E5DAF8280167
:1016E0001FE003202EE7A54A3046082104F046FDFE
:1016F000A34805F058FAA34805F055FAA24805F0AA
:1017000052FAA24805F04FFAA14805F04CFA002120
:10171000CAF828018AF82C110AF596710AF1E80B2B
:1017200009910021524602F8F01F42F8080CCAF84D
:10173000EC0090F824100C92FF2900F08F800DF639
:101740007820A42200238AF8F41006F0FDF80BF0AC
:10175000FEFCCAE93E128AF800010CF05FF90AF1BA
:10176000F800414606F08AF90C9A50B95446FF2118
:1017700054F8EC0F4FF4807580F8241094F808901A
:10178000A1E003208CE02846CDF828B0E4F7C2FAA7
:10179000544654F8EC5F95F8270000F0030605F175
:1017A000250005F0C5FF60F3820605F1260005F06F
:1017B000BFFF60F3C306B008002E85F827004AD0AB
:1017C000A81995F82110007C084495F9201085F897
:1017D000210040B2884210DA4A4252B290423ADCCA
:1017E000002900F044814FF0000910F180020FD170
:1017F0004A1C0DD1674805F0CCF9002900F033816F
:101800004FF0010910F1800202D14A1C00F027813B
:1018100090FBF1F202FB110085F82100D4F800B032
:1018200005F0F4FD0546DBF800000E46C0073CD08D
:10183000DBE902232846314606F066F87D220BF0EC
:1018400097FE000B0A0B40EA0150BBF82210401A29
:1018500072F1000029D22068DDF828B000218AF852
:1018600020118AF8081100F126012530CAF80C1160
:10187000CAF8F4000D980AF1F405D0F80080284663
:101880004146F9F793F900283FF47DAF0AF58670D9
:101890004146F9F78BF900283FF475AF0C9A042004
:1018A000099B03211070197033E000200121CBE95E
:1018B000025640F20115CBE900102068DDF828B08F
:1018C0000C9A80F824902068012690F82840167021
:1018D0009BF80800042804BF0BF10C00E4F71AFA87
:1018E00000208AF82C618AF8F000200640EA0940BE
:1018F0002844CAF8E8000AF1E80541462846EBF713
:10190000C9FA28B92846E4F7D4FBDAF8DC00FEE689
:1019100004218AF8E010DAE94C01084318BF0120DD
:10192000029040F03E839AF84001E8B1032841D18B
:101930009AF86C010AF5A47B0AF5B67900284FD015
:10194000032840F098809AF850010AF5A8710C918C
:10195000DFE810F007009D00510B2E01CD022101A0
:101960006800DBF80000FCE0DAF83801CAF83C0156
:10197000E6E000BF080500500C080050C8980400BD
:10198000189A040038940400F8950400F8980400AC
:10199000E8930400EC9F0400C0A40400FC9F040032
:1019A000A89804003C8C04008897040078950400F3
:1019B000D89704009AF856010AF5AB76DFE810F0E4
:1019C000F6015F001B0B050013000D9801680AF576
:1019D000B47006F053F8002800F0EF810320DCE239
:1019E000DAF86801B5E09AF86A010AF5AC780AF508
:1019F000B579DFE810F0FD014800000B500205004A
:101A00000AF277100C909AF8770134460AF5B87606
:101A1000DFE810F005003500F10A9C020B00BAF86F
:101A20007401F6E10D9805680AE19AF8860168B13B
:101A3000032830D1BAF87C010021AAF87C110128D2
:101A400009D1BAF87EB1DAF8800128E0BAF884B199
:101A5000DAF878016BE05FF8C00004F0DFFF5FF8B0
:101A6000C40005F096F85FF8CC0005F07EF85FF84A
:101A7000DC0005F07AF85FF8D80005F094F85FF81C
:101A8000DC0005F090F85FF8E00005F08CF85FF8F6
:101A9000E40005F088F85FF8E80005F084F8E8490C
:101AA00000680968C90541F07582E649FCF726FE21
:101AB0000D46C16BB9B1027C32BBD0E9022300EB09
:101AC000C304A161591C8B1EA4F814B018BF0B46A7
:101AD000C3609A4204BF012101740BF07BFFE0E870
:101AE000091207F0B9F90BF0FFFD01208AF8860111
:101AF000DAF87001E4F7F8F94FF48070AAF876018B
:101B00003046E4F7F2FAD0E10D9930300968D1E9B6
:101B10000012F9F73FFB0BF0E7FD0120AAF87EB1B8
:101B2000AAF87C0103208AF8860104202EE24FEAFD
:101B30000B410131CAE95F100021AAF87C11AEE720
:101B40000021CAF868018AF86C110AF5A47B0AF52D
:101B5000B6790021CAF848018AF850110AF5A8712F
:101B60000C91CAF84C01D0E90612114318D0016853
:101B7000C9071CBF90F82710002940F0AC81D0E9BC
:101B800004230DF6782005F0DFFE0BF0E0FACAE939
:101B900056128AF860010BF0E3FED0B10520B2E1E5
:101BA00000218AF85C1100F122012830CAE95501B0
:101BB0000D9805680CF082F9002840F0A1819AF890
:101BC0005C01E4F708FB05F021FCDAF84C21C2E9DE
:101BD0000601DAF84C01D0E9060105F0A9FE7D22E4
:101BE0000BF0C6FC984B0022181A72EB01003EBFA6
:101BF000DAF84C01012180F827100CF0FFF90128D8
:101C00004CD191F82A00012804D0904805F0C4F87E
:101C1000DAF84C1191F826000022222380F001000E
:101C200081F82600DAF84C0190F826108AF85C2139
:101C300000F12802002918BF20231844CAE95520C2
:101C40000CF03CF9002840F05D819AF85C01E4F763
:101C5000C2FADAF84C01418C028C511A09B20029FF
:101C600048BF494209B296290FDD794805F094F83A
:101C7000DAF84C01002180F8271005F0C7FBDAF8EC
:101C80004C21C2E90601DAF84C01002180F82A1043
:101C9000DAF84C0180F829100CF0B0F991F82630F0
:101CA0002222002B18BF2022002840F03B8191F80F
:101CB000240060B191F82A00002840F0368101200C
:101CC0008C5A81F82A0002260CF02CF84EE00020F5
:101CD00091F82530CDF87009ADF874090220ADF8FF
:101CE0007A090120032BCDF8760926D82BB3032BD4
:101CF0000DF5176E08BF0223002447F6FF7C4FF056
:101D00000108A34221D0DAF84C6196F82A00002895
:101D100040F003818D5EA5F58040002D00B209D40E
:101D20004000032C00F0F5802EF82400013486F8E2
:101D30002A80E6E78CEAE030F3E7464805F02CF825
:101D40000BF0F0FFDAF84C010DE70CF057F9002822
:101D500040F0EE8091F828800120DDF874590026CB
:101D6000DDF87899BDF8704981F829000C990120B7
:101D700008709BF80800062812BF03289BF814007F
:101D8000E4F729FA00208AF84B610AF5AB768AF865
:101D900056018AF84A010120CAF84C518AF8548148
:101DA000AAF848418AF86C01CAF850910AF5AD705A
:101DB0000AF5A4710E2221F0CCF80DF517650AF58D
:101DC000AD7100240E2228468AF8574121F0C1F84F
:101DD0000AF25710CAF858010ECD0AF5AE700AF58E
:101DE000B5790AF5AC780EC029888AF86A41018075
:101DF0009AF85F11BAF85C01022939D10021344602
:101E00008AF877110AF27711AAF874010AF5B87600
:101E10000C91AAF8780101208AF876010AF5BE70C3
:101E200007F00AFD9AF87C01012803D10A4804F062
:101E3000B3FF80E0DAF88001CAF8700198E000BFD3
:101E400004ED00E058970400FF0F4B00BC000000B9
:101E500016000000BA0000005C000000B895040005
:101E6000A895040088950400C8950400989504007E
:101E7000AAF874019AF85E018AF876010AF5B07042
:101E80008AF877110AF5BC710CC80CC100220088D1
:101E90008AF8822108800AF5B8750D992846EBF773
:101EA000A9F858BB2846E4F712F9012089F8000088
:101EB00008F1180098F81210042904D0032904D15D
:101EC000E4F705F901E0E4F710F90120AAF856015A
:101ED000DAF83C0134E6D0E902230DF6782005F06B
:101EE00033FD0BF034F9CAE956128AF860010BF0A1
:101EF00037FD00283FF46DAE042004E0032049E0E4
:101F0000032000E006200C990870032089F80000E7
:101F100045E05FF8B8200BF01CFC5FF8BC20012105
:101F200004F02CF95FF8C420F9E75FF8C420F6E765
:101F30005FF8C820F3E70DF6782021220BF069FC4A
:101F40000BF005F9CAE962128AF890010D98016850
:101F50000AF5C47005F092FDB8B90DF6782007F0C7
:101F60006BFC9DF8780A0128E5D0DDF87C0A30602A
:101F70000020BAF878B18AF876018AF886013046EE
:101F8000CAF87861AAF884B1D1E503200C992646F5
:101F90000870042089F800000420307004208AF8BA
:101FA0004001DAE96C010AF5DF6B084318BF012034
:101FB000019040F05B879AF83F0BAA4CDFE810F0E5
:101FC00024001B081B0832003100DA065902EC031A
:101FD000840448004A07CE0429006904400506032A
:101FE000E202AB051905C702C103D9039C034502F0
:101FF00019064000C7054400720639000F04350079
:1020000072023D005A052D00DAF8300BCAF8080BB1
:1020100022E00BF003FD00F0D2BC0BF0FFFC00F05F
:1020200062BDEAE2DAF8404B19E00BF0F7FC00F091
:1020300015BC0BF0F3FC00F072BE0BF0EFFC6BE292
:102040000BF0ECFC00F018BE0BF0E8FC00F0BABDA1
:102050000BF0E4FC00F067BC834CCAF8404B8148AD
:102060000068C00540F096872068002840F09887F7
:102070004FF0FF3000212060207C012804D104F5BE
:10208000886005F0ABFB217CD4E90202904201D1CB
:10209000C9070ED000212174411C00EB40100A1F1B
:1020A00018BF0A46A26004EBC00010F8185FFF2DAD
:1020B00008D10D980BF093FD04F5876005F09BFBAC
:1020C000FF2505E0411C0EA840F2071220F041FF59
:1020D0000BF0D9FAFF2D00F0B2860AF2B9188AF88F
:1020E000B8510EA940F207120BF0F4FB5F4804F060
:1020F00047FE5F4804F023FE9AF8B801594CDFE828
:1021000010F01900A0008A009C005600AC001F01CE
:102110009E003E017A0029012A005800D9002200C1
:102120009A002000A20027015201A400AE004A013B
:102130007F0688000BF06AFB0AF5E07006F0DAFF14
:1021400038E1102030E10E2004F034FE98F8000051
:1021500007F0A2FF2EE10B2004F02CFE9AF8B90143
:1021600004F028FE4348444CA0474448A047444854
:10217000DAF8BC61A047304604F09EFE4148A04713
:102180000AF5E075C6EBC6042CB1284607F0E6FD5B
:10219000073C0735F8E7002004F0D1FD0AF5EE70A2
:1021A00007F0EAFF0AF2E31007F05AFF21E00420EB
:1021B000F6E0354C0C20A0470BF00CFF334804F040
:1021C000BEFD0AF2BB10324DA8470AF5E170A847E0
:1021D0000AF2C910A8470AF5E87007F06BFF0AF287
:1021E000D31007F067FF9AF8D60107F0A9FE0BF0AD
:1021F000E9FE1C4CDEE0244C0920A0470BF0EAFE6F
:102200000BF0E0FE9AF8BB01A0470AF5DE70154C12
:10221000B2E01820C4E01C4C0220A0471D4804F086
:102220008EFD0BF0CFFE0BF0D5FE0AF2BB100D4C6D
:1022300002F022FDBEE00F20B6E00320B0E0072050
:10224000AAE00120A8E01120AEE0142004F0B2FDC5
:10225000DAE9700107F082FFACE005209CE0152070
:102260009AE000BF04ED00E0E8D903201800000068
:10227000D9010000E40100003F6D020014000000DD
:10228000DE010000F1010000B56D0200E801000070
:1022900079A10200D6010000FC010000FB01000052
:1022A000EB010000EE010000FD0100000B0000004A
:1022B000FA0100000D20CDF8208004F07BFD9AF893
:1022C000B90104F077FD5FF84C005FF85440A04777
:1022D0005FF83C00A047DAE9700107F03FFF5FF8C4
:1022E0004400A047DAF8C8010AF5E67B5FF8509091
:1022F0005FF8506000EB40004500A5B15FF8580062
:10230000A0475FF85800A0474846A047D84638F88D
:10231000060BA0473046A0470BF1020007F05CFD1A
:10232000063DC346E9E75FF8780004F008FD0020A9
:1023300004F005FD0AF5DF6BD14CDDF8208039E0B3
:10234000062004F037FDDAF8BC0104F0B5FD31E0F9
:10235000122029E05FF8D0400A20A0470BF03AFE97
:102360000BF030FEC748C64C04F0E9FC0AF2BB1083
:1023700007F002FF0AF5E17007F0FEFE1AE0082000
:1023800004F018FDC04804F0DAFC40464FF48071B8
:1023900002F084FF0EE0162004F00CFD98F8000017
:1023A00004F008FD06E0132004F004FDBAF8BA01B9
:1023B00004F0C5FC04F04CFE9AF8B8110AF6485631
:1023C0000AF64950DFE811F01900C801A6013D05E1
:1023D000FA016A017002BA0255022003EA00CF0036
:1023E0009A030603B4000904B7036204FF01620004
:1023F00046030E01C9044D00E0010AF5E0713046C4
:1024000078221FF051FFA14804F0BAFC304606F0D4
:1024100071FE04F01DFE0AF6C850314678229AF883
:10242000BC4DDAF8085B1FF03FFF002021028AF85C
:10243000400D0AF55C60CAF8480B0B200C31CAF855
:10244000401BCAF8445B8AF8C00D0AF051FE8EA802
:10245000F0F78CFD0AF08FFE40F06683172000F045
:1024600003BD0020DAF8081B8AF8180D03200BF0D2
:10247000A4FD0AF03DFE8EA8F0F710FD9DF838028D
:10248000FE2840F09381062000F0EEBC0BF024FF04
:102490008AF8280B0AF042FEAAF83C1B0AF62831FB
:1024A0000AF0C4FD0AF0D1FE0DF517600BF086FAB4
:1024B0009DF87009FD2800F0AE840AF50F600DF557
:1024C00017610AF0ACFE0BF0ABFE9AF8F008022898
:1024D00040F03E84DBE980010E22CBF85004BAF8CC
:1024E0003C0BCBF854140AF60211AAF8500B0AF66A
:1024F0005230DAF8084B20F02CFD002004F59071E2
:102500008AF87D0C0AF628300BF0ACF9CAF8786C22
:10251000CAF8504C8AF8400B0AF648458EA80AF0D3
:10252000ABFE0AF028FE40F00284212000F09CBCA3
:10253000002103208AF8401D0AF534629AF8B91187
:102540008AF8491DDAF8081B8AF8480D43C20AF0D8
:10255000CFFD8EA8F0F70AFD0AF00DFE40F0E482F0
:10256000132000F081BC0AF64C500AF5DE712C22D3
:102570000AF006FF07200AF534610AF040FE200247
:10258000073061C10AF0B4FD8EA8F0F7EFFC0AF045
:10259000F2FD40F0C982102000F066BC0AF2BB11C7
:1025A0000E229AF8B9419AF8BA51DAF8088B20F05D
:1025B000D0FC0620CAF8448B0AF021FE200240EA33
:1025C0000540CAF8486B0630CAF8400B0AF090FD87
:1025D0008EA8F0F7CBFC0AF0CEFD40F0A5820F20CC
:1025E00000F042BC9AF8B90100218AF8181D0002D7
:1025F000DAF8081B0C300BF0E0FC0D980AF5346497
:10260000214602688EAE3046F0F748FC9DF83892BD
:10261000B9F1FE0F00F007840DF5DE78711C7C2205
:102620000BF058F920469DF8B552BDF8B662E3F7B5
:102630001BFE0224B9F10B0F07D108F1070150A8C6
:10264000752220F086FC2C460C960D480068C005CB
:1026500040F0A0840E4E7522D6E9009896F8755089
:1026600050A930461FF020FE0C98042DA6F87600E5
:1026700086F875407FF4F0ACD9F804104046BCE30E
:1026800004ED00E0E70100000A0000001A0000006D
:10269000106A03203C000000420000009AF8B901D3
:1026A0008AF8400B5FF8140004F06AFB9AF8400BBC
:1026B00002F07EFC04F0CCFC0AF5556000242721D2
:1026C000CAF8804DAAF8784DDAF8088B9AF8405B82
:1026D00020F0E8FB01208AF8C45D8AF8C50D0B20C4
:1026E0008AF8480D28020C308AF8444DCAF8440B89
:1026F000CAF8488BCAF84C6B0D980AF6443529463F
:1027000002688EA8F0F732FC0AF035FD40F00C822A
:102710001620A9E30A209AF8BA110AF070FD9AF877
:10272000B9018AF8490DDAF8BB01CAF84B0DBAF8BD
:10273000BF018AF84A1D0902AAF84F0D0A310BF0B1
:1027400096F90AF0D5FC8EA8F0F710FC0AF013FDFC
:1027500040F0EA81142087E30C209AF8B9110AF0BE
:102760004EFD0B200AF534628AF8491DDAF8081B81
:1027700043C20AF0BDFC8EA8F0F7F8FB0AF0FBFCA0
:1027800040F0D28115206FE30020DAF8081B8AF8A8
:10279000180D0B200BF011FC0AF0AAFC8EA8F0F724
:1027A0007DFB9DF83802FE2800F043832846E3F7BE
:1027B0005BFD2068C0053FF44FACEBE35FF82801F8
:1027C00004F0EAFAC4E20BF087FD8AF8240B0AF061
:1027D000A5FCAAF83A1B0AF624310AF027FC0AF0F5
:1027E0003BFD0DF668000BF0E9F89DF86808FD2840
:1027F00000F013830AF5FD600DF668010AF00FFD85
:102800000BF016FB9AF8E807022840F0A1820AF5BF
:10281000FE62DAF8080BBAF83ACB0AF6483392E8C7
:10282000720000F5907272C30021CAF8500C0220A9
:102830008AF87D1C0AF624318AF8400BDAF802087F
:10284000CAF8741C4FF49071CAF85A0BBAF806080B
:10285000AAF858CB0AF0ADFEAAF85E0B0AF6484576
:102860008EA80AF009FD0AF086FC40F060821F2065
:10287000FAE241464FF48072DAF8084B20F069FB27
:10288000002104208AF8401D0AF534618AF8480DB9
:1028900051C10AF02DFC8EA8F0F768FB0AF06BFC22
:1028A00040F042810D20DFE20120DAF8082B8AF89F
:1028B000100B00200AF055FDDAF8BC11CAF80C1B09
:1028C0000AF531610AF0B2FB0AF0BFFCD0A80BF0A8
:1028D00075F89DF84003FD2800F0A3820AF53070DA
:1028E000D0A90AF09CFC0BF09BFC9AF8C0020128CE
:1028F00040F02E820020DAF80C1B0AF0BDFF9AF897
:10290000C8028AF8480BDAF8080BCAF8441B0AF523
:102910003161CAF8500C00F59070CAF8786CCAF8AA
:10292000741CCAF8700C0AF648458EA80AF0A4FC7C
:102930000AF021FC40F0FB81092095E20120DAF841
:10294000082B8AF8140B00200AF00BFD9AF8B91135
:102950008AF83E1B0AF614310AF068FB0AF075FC8F
:102960000DF589600BF02AF89DF84804FD2800F069
:102970005C820AF572700DF589610AF050FC0BF06B
:102980004FFC9AF8C803012840F0E2810020CAF801
:10299000786C0AF071FF9AF83E0B8AF8480BDAF867
:1029A000CC03CAF8440B0AF61430CAF8740CDAF8EF
:1029B000080BCAF8500C00F59070CAF8700C0AF6B3
:1029C00048458EA80AF058FC0AF0D5FB40F0AF81CC
:1029D0000C2049E20AF555600AF5E07140220AF040
:1029E000CFFC09200AF534610AF009FC2002093005
:1029F00061C10AF07DFB8EA8F0F7B8FA0AF0BBFBC4
:102A000040F0928012202FE29AF8B91105209AF82E
:102A1000BA218AF8480D00209AF8BB3109028AF8D9
:102A2000400D41EA0241DAF8BC01CAF8490D41EA19
:102A30000361DAF8BF010531CAF84C0D0BF017F845
:102A40000AF056FB8EA8F0F791FA0AF094FB6BD1CE
:102A50000E2009E2DAE970120220CBE9C0120AF670
:102A60002C318AF82C0B0020DAF8082B0AF079FCBC
:102A70000AF0DCFA0AF0F0FB0DF678200AF09EFF6F
:102A80009DF8780AFD2800F0D2810AF520600DF645
:102A900078210AF0C4FB0BF0CBF99AF8000A02285F
:102AA00040F05681DBE9C0010AF53562CBF85004ED
:102AB000CBF854140AF52161DAF8080B91E8780094
:102AC000002178C200F590728AF87D1C0AF62C313C
:102AD000CAF8741C4FF49071CAF8500C02200AF026
:102AE00068FD8AF8400B0AF648458EA80AF0C4FB38
:102AF0000AF041FB40F01B812320B5E10AF5DD71AE
:102B00001D220AF03DFC08200AF534610AF077FB2B
:102B10002002083061C10AF0EBFA8EA8F0F726FA1D
:102B20000AF029FB00F07B812846DDF83C92909E5C
:102B3000E3F7A6FB01E10BF0CFFB8AF81C0B0AF0D0
:102B4000EDFAAAF8361B0AF61C310AF06FFA0AF001
:102B500083FB0DF5CB600AF031FF9DF85806FD2888
:102B600000F055810AF5BB600DF5CB610AF057FB0B
:102B70000BF05EF99AF8D805022840F0E9800AF5D2
:102B8000BC61DAF8084BBAF8360B0AF6483291E81D
:102B900068000AF2EE5168C20A22AAF8540B0AF63B
:102BA000563020F0D6F9002004F590718AF87D0C9B
:102BB0000AF61C300AF056FECAF8789CCAF8504C47
:102BC0008AF8400B0AF648458EA80AF055FB0AF031
:102BD000D2FA40F0AC801B2046E10BF07DFB8AF876
:102BE000180B0AF09BFAAAF8341B0AF618310AF0FF
:102BF0001DFA0AF02AFB0DF5AA600AF0DFFE9DF827
:102C00005005FD2800F005810AF59A600DF5AA61CE
:102C10000AF005FB0BF004FB9AF8D004022840F000
:102C200097800AF59B62DAF8080BBAF8341B0AF6AB
:102C3000483330CA30C3AAF8521B11880AF65432FE
:102C400019800AF2E44191E83800002138C200F509
:102C500090728AF87D1C0AF61831CAF8741C4FF479
:102C60009071CAF8500C0220CAF8702CCAF8786C1F
:102C7000CAF8541C8AF8400B0AF648458EA80AF098
:102C8000FBFA0AF078FA52D11920EDE00BF024FBA0
:102C90008AF8200B0AF042FAAAF8381B0AF53261CA
:102CA0000AF0C4F90AF0D8FA0DF5EC600AF086FED5
:102CB0009DF86007FD2800F0A8800AF5DC600DF59E
:102CC000EC610AF0ACFA0BF0B3F89AF8E0060228CF
:102CD0003ED10AF5DD64DAF8080BBAF838CB0AF60B
:102CE0004835DBE9002E4ACC4AC50021CBF86024E8
:102CF00000F590728AF87D1C0AF53261CAF8500C12
:102D00000220CAF8741C4FF490718AF8400B208896
:102D1000CBF864E4AAF856CB0AF04BFC28800AF6FC
:102D200048458EA80AF0A8FA0AF025FA6BD0284682
:102D3000DDF83C92909EE3F76AF918F1010007D0A4
:102D4000CDE98E8990968EA8E2F714FE002000E06F
:102D5000012006F06FFBFFF77FB99AF8B911002048
:102D60008AF8180D0902DAF8080B0A31CAF8401B74
:102D7000CAF8440B0AF0BCF98EA8F0F78FF89DF85A
:102D80003892A346DDF82880099CB9F1FE0F52D095
:102D90002846DDF83962DDF83D52E3F765FA300A7E
:102DA000B9F10A0F08BF2C0A08BF40EA0568DBF832
:102DB0000000C00540F0EE80DFF8842A200209946C
:102DC00040EA1864D2E91CC0022592F86C300AF57A
:102DD000DF6B82F86C50B9F10A0FC2F8714018BF6E
:102DE0002E46F4B2012B44EA0824C2F86D40CDF817
:102DF00028807FF431A9DCF804108847FFF72CB94C
:102E00001720FFF7CDBA1D202EE01C202CE01A2041
:102E10002AE0182028E0202026E01E2024E01120AF
:102E200022E0082020E004201EE00B201CE02220ED
:102E30001AE0072018E00AF5DF6B052014E00320F4
:102E400012E000208AF8980BDAF8080B00F5907071
:102E5000CAF8400B0AF04CF98EA8EEF7F7FC8E98F2
:102E6000023040F0AF800A208AF83F0BDBF8D00731
:102E7000DBF8D41750EA010618BF012640F0A884F9
:102E80009AF8D80E0A96D8B1032840F0B9809AF87B
:102E90008C0F0BF5FD690AF68C710991A8B1032816
:102EA00040F088809AF8F10EDFE810F00700880003
:102EB000A500DF00120026001504DAF8EC0EBAE0D7
:102EC000DAF8D00ECAF8D40EA6E0DAF8880FADE032
:102ED0009AF81C0F0AF572680BF50066C8B3032850
:102EE00075D19AF8100FE0B303280D9800F02081F7
:102EF000DFF8640903F057FE9AF8850F0AF6F864C4
:102F00000AF6857840B3032865D19AF86B0F0AF664
:102F10006B7148B3032862D19AF8350F0AF6387CF2
:102F2000089130B303285ED19AF8260F50B30328D6
:102F3000CDF81C805BD19AF81C0F0AF61C78CDF8EE
:102F40003090CDE9054C10B3032855D1DAF8185F5D
:102F50006FE2DAF8180FB2E0DAF8785FDAF87C0F8F
:102F60002AE1DAF8080FAFE0DAF8605FDAF8640F08
:102F700034E1DAF8282FDAF82C1FDAF8305F9AF803
:102F8000340F64E19AF8240FDAF8205F6AE1DAF886
:102F9000145F4CE2DFF8A00803F0FEFE03F0A6FF8A
:102FA000DFF8980803F0ECFE07F07AFA04F050F826
:102FB00003F09CFFDFF8AC0803F0F5FDDFF8A00894
:102FC00003F0F1FD2846E3F7D9F806F02BFCDFF813
:102FD0008C0803F0E8FDDFF87C0803F0E4FDDFF87F
:102FE000700803F0E0FDDFF8640803F0DCFDDFF8B3
:102FF000580803F0D8FDFEDEDFF8480803F0D3FDE3
:103000000AF56E650D992846E9F7F4FFC8B9284618
:10301000E3F75DF8DAF8D40E0021CAF8880F8AF8D1
:103020008C1F0AF68C710BF5FD6909910021CAF815
:10303000EC0E8AF8F11E0021CAF8E80E8AF8F01E9C
:1030400001E00421C2E3DFF8F8074078B8B10DF6DB
:1030500078204FF480320AF0DCFB0AF0F1FFCBF865
:103060000018CBF804288AF8000F0D9801680AF6BA
:10307000F86004F003FD0028E5D00320A1E30DF67D
:1030800078204FF480420023DAF8E84E002504F05F
:103090005BFC9DF8801A0BF50066DDF8780A0BF6EC
:1030A0002808DDF87C2ACBF8280804F11000CBF8BA
:1030B0002C288AF81C5FCAF8180F8AF8281F0021EC
:1030C000CAF8080F8AF8101FCAF80C0F083004F06D
:1030D0002FFB70B101208AF81C0F8AF8100FDFF85F
:1030E000600750E8071F013140E80712002AF8D1B5
:1030F00032E0DAF80C0F43F60852D0E90001490239
:1031000041EAD05112EB402041F1000143F609524F
:1031100000231FF02BFF02460DF678200B4604F02B
:1031200013FC0AF014F8C6E900128AF8000F0D9893
:1031300005683046294604F0A1FC002800F0D8803C
:10314000032029468AF81C0F8AF8100F404604F025
:1031500095FC002840F0338304F058F9C9E90001D8
:103160000022DAF8E85ED5E90843001B994142F1F4
:10317000000393F0010F1CBF0021002041F6BB1398
:10318000C01A71F100000BD32A63DAF8E80E42632B
:10319000DAF8E80ED9E90013C0E90813DAF8E85EB6
:1031A0000AF56F608AF8852FCAF8785F0AF6F86426
:1031B000CAF87C0F0AF685780021CAF8705FCAF851
:1031C000801FCAF8740F8AF8841F0021CAF8605F54
:1031D0008AF86B1F0AF66B71CAF8640F0891822196
:1031E000017003220AF66873CAF84C0F0DF67820B6
:1031F00000210126CAF8583FCAF85C2F4FF4247208
:1032000000238AF86A1FAAF8681FCAF8486FCAF82C
:10321000506FCAF8541F04F097FBDDF8780A0AF6DD
:103220004872DDF87C1A0BF5046C9DF8803ACBF8F7
:1032300040083B20CBF844180221AAF8340FCAF802
:10324000282FCAF82C1FCAF8305F8AF8403F0023A5
:103250008AF8240F8AF8263FCAF8205FCAF8082F98
:10326000CAF80C1FCDF83090D9468AF8250F4FF0D8
:10327000000B14211020CAF8105F6658DEB3CDF899
:103280001C8054F80080DAF8100F9AF8251F059476
:10329000C46801F07F01C4F888150021C4F8481102
:1032A000C4F80411C4F824110721C4F8C414012E71
:1032B000A649C4F80413D8F800104ED1002954D1FF
:1032C000D8F808200020B0EB124F40F05981D8F810
:1032D0000400CDF818C0C4F834054FF48050C4F889
:1032E00038250AF0ABFB206018BF2062142181E072
:1032F000DAF80C0FEAE601208AF8350F8AF8260F73
:10330000DFF83C0550E8041F013140E80412002AB0
:10331000F8D1CB469AF8691F9AF86A0FDDF8309019
:1033200050EA010200F0C680012249B28AF86B2FF0
:1033300040428AF8842F40B2BAF9802FDAF8705FE1
:1033400092FA11F1AAF8801FBAF9821F91FA10F0CF
:10335000AAF8820FDAF8740F37E711B3022E04BF10
:10336000D8F80C10002900F0F380D8E901152A469E
:10337000CDF818C004F00CF9C043000640F00081FD
:103380004FF48070012E08BF4FF400700AF056FB16
:10339000A06018BF206285BB1C21012E08BF14212C
:1033A00029E0D8F80C10CDF818C0012940F03D8272
:1033B000D8E9041204F0ECF8C043000640F0E080C5
:1033C000D8F808200020B0EB124F40F0D980D8F890
:1033D0000400022EC4F834054FF4A060C4F8382568
:1033E00008BF4FF4C0600AF029FB206018BF2062BC
:1033F000022008210AB9012262508642C0F00D82E3
:1034000000EB40020021DAF8105FCB468AF81C1F5F
:10341000311A08EB8202CAF8F88ECAF8145F0AF66D
:103420001C78CAF8FC0ECAF8002FCAF8041FCAF8A4
:10343000185F0D992868EC680E68D6E9001204F050
:1034400017FAD4F8480110B9D4F80401A0B3002049
:10345000C4F804010120DAF8105F8AF81C0FDAF8CA
:10346000F84E2846DAF8FC6E04F07EF8C0430006F9
:1034700003D0DDF830900A9E86E0022E0DD0DDE903
:1034800006C8012E40F0CE81DDF83090206870B97A
:10349000E968A068D1F83C152EE0E268DDE906C8CD
:1034A0002068B8B1DDF8309004201021CAB1A068BE
:1034B000E9681FE00A9E74E0D4F8240180B300207C
:1034C0000126C4F824012846666104F04DF888F806
:1034D0000060CEE7DDF8309010200421002A00F0D3
:1034E000A78121444A68E968D1F83C359342C2D1AA
:1034F00020444068D1F84C158142BCD1D946DAF855
:10350000FCBEDAF8F80EBBF1000F0BEB4B0100EB41
:10351000810018BFA0F10C0B0C210820059CACE623
:103520000698032431468AF8354F8AF8264F8AF8E0
:103530001C4F04F0A3FADDF830900A9E48B30898B7
:1035400004700798047005203BE100BF02020400EC
:10355000D8F80820002A3FF408AFD8F81450002DFE
:103560003FF403AFD8F80410CDF818C004F010F8F9
:10357000C043000604BF0020B0EB154F00F03A81B5
:10358000CB460A9EDDF8309001208AF8350F8AF884
:10359000260FAB4850E8051F013140E80512002A0C
:1035A000F8D101208AF86B0F8AF8850F9AF8840FFA
:1035B000002800F0E080DAF8E82ED9E90034BAF803
:1035C000820FBAF8801FC2E90834DAF8E82E9FEDBE
:1035D000AC3AC2E90A340224DAF8E82E92F838301C
:1035E000002B974B08BF03241B5D0BB2002B48BF79
:1035F0005B421BB2022BB8BF002109B292ED0C1A3C
:1036000000EE101A01B20029B8EEC00A31EE400AED
:1036100082ED0C0A48BF494209B24FF44D720229AB
:10362000B8BF002000B200EE100ADAF8E80EB8EEDB
:10363000C00A90ED0D1A31EE000A80ED0D0ADAF89D
:10364000E80E90ED0D1A90ED0C0ABDEEC12A12EEB7
:10365000100A9FED8A2AB4EE421AF1EE10FAB4EE87
:10366000431ABCBF48F20000CFF6FF70F1EE10FA2B
:10367000B4EE411AC8BF47F6FF70BDEEC01AF1EEB6
:1036800010FA68BF0020AAF8FA0EB4EE420AF1EE72
:1036900010FAB4EE430A11EE100ABCBF48F2000063
:1036A000CFF6FF70F1EE10FAC8BF47F6FF70B4EE28
:1036B000400AF1EE10FA68BF0020AAF8F80E0DF6E5
:1036C00078200AF0A6F80AF0BBFCCBF80818CBF873
:1036D0000C288AF8080F0D9801680AF5706004F04C
:1036E000CDF9002869D1BAF8F80E20B9BAF8FA1E57
:1036F00000293FF4A8AC00B2DAF8E81E01EE100A87
:1037000091ED0C0AB8EEC11A30EE410A81ED0C0AB7
:10371000BAF9FA1EDAF8E80E01EE101A90ED0D0A69
:10372000B8EEC11A30EE410A80ED0D0A444850E867
:10373000061F013140E80612002AF8D1DAF8E80E37
:10374000012190F838008AF8F00E4FF40030CAF8E2
:10375000EC0E00208AF88C1FAAF8F11EBAF8FA1EA7
:10376000AAF8E60EBAF8F80E01F58031CAF8E81E9C
:10377000AAF8E40E44E4DAF8E80E0021D9E90023BF
:10378000D0E90A45121BAB4141F1000494F0010F4E
:103790001CBF002300227D24A2FB042503FB04534D
:1037A000120B42EA0352D2F1320271EB13323EBFE6
:1037B0000163DAF8E80E416345E4062001E00420E5
:1037C0000A9E03218AF8F10E8AF88C1F8AF8D81E07
:1037D000DDE9031008400299084001990840304093
:1037E00001281EBF0DF6843DBDE8000FF0BD504618
:1037F000F7F7A6FBD8F810002021C4F834054FF4E1
:103800008450C4F83855C4F800020120A06002209A
:10381000BBF1000F7FF4EFADEFE516481321164A18
:1038200001F0B2FD1248FFF7B7BB0F48FFF7B4BB7A
:103830000E48FFF7B1BB00BFB1000000C700000099
:10384000A0E6032078910400889104008898040081
:103850002490040044900400189704002897040062
:1038600034900400A89904009C0000009F00000010
:103870009D00000049D0040098910400000000C79A
:1038800000FEFF4680B56F4609F06CFF1F22BDE8C1
:10389000804007F099BF80B56F4609F063FF202292
:1038A000BDE8804007F090BF80B56F4609F05AFF31
:1038B0000522BDE88040FDF74FBC80B56F468268A9
:1038C000891828BF4FF0FF318160BDE8804000F0CB
:1038D00000B8B0B502AFD0E90124E308B2EBD40FD1
:1038E00009D90168651C85600720A043C95C21FADD
:1038F00000F000F001010020934238BF0120B0BD6C
:1039000002780B789A421CBF0020704701310130C9
:1039100022B1012A09D10968006801E009880088FC
:10392000401AB0FA80F04009704780B56F460AF03F
:1039300041FC09F04CBFD4D4D0B502AF02460078A8
:103940000B7898420BD1431E0120042B08D8DFE8E6
:1039500003F00303070803004878517803E00020D0
:10396000D0BD48885188081AB0FA80F04009D0BD0F
:10397000B0B502AF0446D0F800013F2808D2811C40
:10398000C4F8001154F8205004EB800041680EE0A8
:1039900007D120460121D4F8FC50F9F761FD2168D8
:1039A00005E020460221F9F75BFDD4E900512846E5
:1039B000B0BDD4D4F0B503AF2DE9000BC2B0814641
:1039C0000478FF20C84608F8010BFF2C48D02C488B
:1039D000D9F808610068C00544D13068002846D194
:1039E0004FF0FF303060307C60B1D1E9001206F555
:1039F000886003F000FF6846414640F207121FF05E
:103A0000A8FA1AE0F568414640F2071205EB4510A6
:103A100006EBC000047619301FF09BFA681C011FEA
:103A200018BF0146B068F160884204BF01203074BD
:103A300006F5876003F0D2FEFF240AF049FCFF2C54
:103A400007D06946404640F2071289F800401FF04F
:103A500080FAB4F1FF0018BF012042B00AF0EBB9C0
:103A60000A4800E0074803F097F903F03FFA0648D8
:103A700003F086F906F014FD03F0EAFA03F036FAD3
:103A800004ED00E0B1000000C7000000A00000004D
:103A9000B0B502AF044629B10D460AF0D2F930B1F3
:103AA000013DFAD12046BDE8B040FCF761BC0020E2
:103AB000B0BDB0B502AF044631B10D462046FCF7AB
:103AC00070FC30B1013DF9D12046BDE8B040FCF7B3
:103AD00068BC0020B0BDD4D480B56F4613460A46FA
:103AE0000249BDE8804001F05DBC00BF9CA4040019
:103AF000F0B503AF4DF804BD0446234803F01FF9A9
:103B0000224803F01CF994F85C0394F85D53DFE855
:103B100000F0030D07090500002004E0042002E086
:103B2000022004E0032003F045F905E0012003F042
:103B300041F9284601F058FAB4F8580301F0AAF800
:103B4000D4F8400303F00EF91148124EB047124862
:103B500094F86E53B04705F0010003F02BF904F51B
:103B6000107007F0D1FA94F85E0301F021FA0B48C7
:103B7000B04704F55170FCF7A7FB002031465DF813
:103B800004BBBDE8F04008472D020000060200001B
:103B90001B0200003F6D02000E0100000F0200003A
:103BA000F0B503AF2DE9000F8DB002460068012883
:103BB00025D1107E0492009160B1032819D11346DB
:103BC00013F8140F78B1032816D100201569CDE938
:103BD00001001CE00020114601F8140F51F8105CA0
:103BE00041F80C5C00E095680020D560CDE901004B
:103BF0000CE04E4802F0D7FF4B4802F0D4FFFF2202
:103C0000D0B240EA01200DB009F01FBD156148494E
:103C1000A8680968C90540F082804749FAF76EFD37
:103C2000D0E900648A4605905830D5E9008B0790AA
:103C3000F7F7EEF8311A64F10002B8EB01034FF028
:103C400000097BEB0203CDF818B038BF4FF0010933
:103C5000B9F1000F36D1A8EB01040395A04248D971
:103C600008AE079D30462946FAF793F930462146BB
:103C7000FFF70EFF00284CD00AF012FB214307D0BB
:103C80008178008840EA0140010AC0B2019112E047
:103C900008A8294605F024F99DF82000FF283BD00C
:103CA0000598DDE90846443005F0D6F8200A40EAD8
:103CB00006600190E0B2029018F101010698039DA0
:103CC00040F10002C5E9001209F027FCB9F1000F2C
:103CD00002D0049AD56899E704990120029AFF2A34
:103CE000087508BF0320087689D000200860019974
:103CF00086E70098D0E9001205980830F7F720FB16
:103D0000DAF80000049909F0A5FE0320087608758A
:103D100075E70B4802F082FE084802F07FFE054876
:103D200003F03AF803F0E2F87490040008980400F5
:103D300004ED00E0B100000048970400109D04006D
:103D4000009D0400F0B503AF2DE9000F8BB06E4667
:103D50008B468046304611461D4603F0F7FF002093
:103D60008DF81C50CDE9050008AD4FF007094FF064
:103D7000010A28463146FDF792F90898012827D113
:103D8000DDE909239DF81C40002AF2D4002BF0D471
:103D900028465946F7F744F908980128E9D1DDE9A2
:103DA00009108F2998BF4728E3D8C1F18F0129EA6C
:103DB0000002C00801EBC1010AFA02FC4144002CD8
:103DC0000B5C23EA0C0208BF43EA0C020A54D0E75A
:103DD00009F0F4BABFB506AF0A460446002001F563
:103DE000B8716D46CDE90200CDE9000010462A46C3
:103DF000FCF7E6FC2046294609F0CEFBBFBD80B5A6
:103E00006F46F6F7DDFFD4D4F0B503AF2DE9000F10
:103E100089B0002900F09C80146801295568D3F806
:103E200000A09668D3F80490D3F808E0D3F80C808B
:103E30008AEA5403D26823F0AA3B89EA5503CDF8F5
:103E400020E023F0AA3C8EEA560323F0AA3E88EA3B
:103E50005203CDF81C8023F0AA3884EA4B0385EA8C
:103E60004C04069482EA480284EA9304049224F003
:103E7000CC3586EA4E04059582EA940222F0CC36CF
:103E800083EA8502039684EA8603029383EA121387
:103E900023F0F033019382EA031202605BD0089BA7
:103EA0008BEA0A0589EA0C0902298EEA0306079BB8
:103EB00089EA950288EA030C22F0CC328CEA960358
:103EC00023F0CC3385EA820586EA830888EA151652
:103ED00026F0F03A85EA0A1545603FD9DDE9056527
:103EE0006E40DDE90345032984EA050E8EEA1615C6
:103EF00025F0F03586EA0516866032D082EA09029E
:103F000083EA0C03042983EA121424F0F03482EAD1
:103F10000412C26028D9DDE90162724002610529FC
:103F200025D08AEA08020629426123D9072985EAB1
:103F30000E0282611FBF84EA0301C16109B0BDE8BE
:103F4000000F18BFF0BD104A0720072102F016F934
:103F5000114A09F042F90F4A09F040FA074A09F0FC
:103F6000B8FE0B4A09F0F5FB054A09F048FE074A7E
:103F700009F057FE034A09F058FE00BF98A6040056
:103F8000B8A60400D8A60400E8A60400C8A6040049
:103F9000A8A6040088A6040078A60400D0B502AF45
:103FA000082A28BF08222AB108C9013A04686340D8
:103FB00008C0F8E7D0BD80B56F46890051B10268EE
:103FC000043982EA121303F00F2382EA03125A40E3
:103FD00004C0F3E780BD8A4205D3592A3EBF00EBF7
:103FE0008100511A704780B56F4609F0BCFFD4D4E8
:103FF000F0B503AF2DE9000F8DB0009005AD0E4672
:104000002021284614461EF008FE082004F1100363
:104010000290284608212246FFF7F6FE2846314640
:1040200008220496FFF7BAFF05A8082100F0CEFA8F
:104030000C984FF03F384FF0C03A4FF0F0394FF046
:104040000F3BC4460AEAB00108EAB022114481EAF3
:10405000000E09EA3E320BEA3E531A440B9B0AEA71
:10406000B30408EAB3252C4463405A4051400C91F4
:1040700009EA33310BEA335211440A9A0AEAB203CD
:1040800008EAB2252B445A40514061400B9109EA9D
:1040900032310BEA32521144099A0AEAB20408EAB0
:1040A000B2252819039080EA0204DDE90726614061
:1040B00059400A910AEAB20308EAB2201844DDE93D
:1040C000051580EA020809EA38320BEA385303EB97
:1040D000020B0AEAB5020CEAB52303EB020985EAF2
:1040E000090585EA0B034FF00F3B584007900CEA97
:1040F000B1230AEAB10018444FF0F03C41400CEA09
:1041000031330BEA31521A444FF03F3350400BEA3F
:10411000345280EA0E0005900CEA343003EAB623EC
:1041200010440AEAB6021A44039C82EA0603584085
:10413000604080EA0E0009900CEA33300BEA3353FA
:104140001844DFF86C3480EA080050400BEA35521E
:1041500080EA0E0008900CEA35301044484002997D
:1041600080EA090080EA0E00069001F10808049830
:104170004246FFF730FF02460B4605A811461A4695
:10418000FFF70CFFB8F1500F00F0848105A8DFF8AD
:104190002424082190470C984FF0F03E4FF00F3C3C
:1041A0000EEA30110CEA303211440B9A48400EEA04
:1041B00032130CEA323423445A4082EA30446140DC
:1041C0000C910A990EEA31140CEA31352C4484EA38
:1041D000010585EA3241099A59400B910EEA3211E4
:1041E0000CEA323303EB010B8BEA020A8AEA35430D
:1041F00063400A9305AE78CE0EEA35110CEA3532EB
:1042000011440CEA343281EA05090EEA34152A44D5
:10421000544084EA3945694007910EEA33110CEAAB
:10422000333529440CEA36354B4081EA334141406D
:1042300005910EEA3611294481EA060585EA3A46D7
:1042400089EA354586EA0B066940464041400891B7
:1042500083EA3441D84B514008F1080248400690A7
:1042600004984146D54C0996CDE90228A04702465C
:104270000B460DF1140B11461A46D14B5846984780
:10428000CC4A5846082190470C984FF0FC3C4FF020
:1042900003384FF0F03A4FF00F3B0CEAB01108EA48
:1042A000B032114481EA000E0AEA3E320BEA3E5374
:1042B0001A440B9B0CEAB31408EAB3352C44634050
:1042C0005A4051400C910AEA33310BEA33521144FF
:1042D0000A9A0CEAB21308EAB2352B445A4051400C
:1042E00061400B910AEA32310BEA32521144099AC9
:1042F0000CEAB21408EAB2352819019080EA0205E6
:10430000DDE90726694059400A910CEAB21308EA30
:10431000B2301844DDE9051480EA02090AEA3932AC
:104320000BEA395303EB020B0CEAB41208EAB4337C
:1043300003EB020A84EA0A0484EA0B034FF00F3B02
:10434000584007900CEAB11008EAB13318444FF016
:10435000F03C41400CEA31330BEA31521A4408EA8E
:10436000B63350400BEA355280EA0E0005900CEA55
:104370003530019D10444FF0FC3202EAB612DDF8F0
:1043800010801A4482EA06035840684080EA0E0012
:1043900009900CEA33300BEA33531844894B80EA16
:1043A000090050400BEA345280EA0E0008900CEAF3
:1043B0003430824C10444840029980EA0A0080EA76
:1043C0000E000690039800F1100B40465A46A04795
:1043D00002460B460DF1140A11461A46784B504618
:1043E0009847744A5046082190470C990B9ADDF87B
:1043F000249081EA3120DDE9075682EA3223DDE9A3
:1044000005CE83EA304484EA31210C910A9981EA8D
:10441000312484EA334383EA322289EA392383EA66
:1044200034440B9284EA31210A9185EA35218EEADF
:104430003E2484EA314282EA3522079286EA362215
:1044400082EA334381EA324183EA392381EA362121
:104450004340414008918CEA3C21099381EA34426F
:10446000594B4FEA314182EA3E2281EA3C214240E7
:104470004840059003985946069200F118024F4CA7
:1044800040460292A04709F0F6FB1A464C4B5046B4
:104490009847C9E505AC08212046FFF78CFD20466A
:1044A000082100F093F80498082200F5A071204636
:1044B000FFF774FD0598DDE90631089C83EA500298
:1044C000049022F0AA30DDE909A680EA030884EA14
:1044D000510323F0AA39039184EA0904029084EA83
:1044E000980525F0CC3186EA5A0525F0AA3B81EAE9
:1044F00004028BEA0603DDE90B6484EA560525F025
:10450000AA356C4084EA930C2CF0CC30DDF800C066
:10451000444084EA121E2EF0F03E84EA0E04CCF8E9
:104520001C4088EA810483EA800181EA141323F0A5
:10453000F0335940CCF8181082EA0E1184EA0310C7
:10454000CCF814108AEA4B03029986EA4504CCF8A9
:10455000100084EA9305049825F0CC356C4080EA7D
:104560004100039981EA490181EA900222F0CC32AC
:10457000514080EA820083EA850284EA111682EAC9
:10458000101326F0F03623F0F03374405A4081EADD
:10459000061180EA0310CCF80C40CCF80820CCF8C7
:1045A0000410CCF800000DB0BDE8000FF0BD00BF56
:1045B00038A50400CD45020048A50400D73F0200FD
:1045C0009D3F020058A5040068A50400F0B503AFA4
:1045D0002DE9000F93B0002900F06681012900F059
:1045E0006681022940F26681032900F06681042970
:1045F00040F26681052900F06681062940F2668155
:1046000007291FBF8146D0F80080CDF83C8045685F
:104610001FBF0D9500F1080416CC00F1140C1FBF4C
:104620009CE8081884EA0100119085EA0C051FBF78
:10463000109585EA00060C9686EA020E1FBF8EEAE8
:104640000100129000EA060505951FBF83EA0B03DF
:104650000993584007901FBF8CEA010283EA080AB9
:104660008AEA04010E911FBF01EA0806564046403F
:1046700086EA05081FBF8EEA0B058CEA040308933F
:1046800085EA030E1FBF0EEA030B00EA020613467B
:104690000A921FBF86EA0B01049188EA01080D996E
:1046A0001FBF8AEA010282EA030106910D921FBF31
:1046B0000F9B129C5C400B941FBF04EA010685EA25
:1046C0000601059C61401FBF80EA0E040394119807
:1046D00004EA00061FBF86EA0B0481EA040B8BEA9A
:1046E000080002EA0A061FBF09998EEA010585EA59
:1046F000060210991FBF05EA010672404A40624057
:104700001FBF02EA0B018EEA030409948AEA0C0334
:104710001FBF05931C406C4074401FBF84EA0C030C
:10472000049C5C4084EA01061FBF06EA000383EA9A
:10473000080B84EA020C81EA08031FBF03EA0C039A
:10474000594021404E401FBF06EA0B0670400090C2
:1047500000EA0A0C1FBF80EA0B060196354004955B
:104760001FBF85EA0C08CDF8088083EA040A81EAB5
:10477000020C1FBF8CEA0A0480EA04068BEA0A02D4
:1047800086EA02011FBF039D0D4085EA08000390E1
:104790001FBF02EA0E0580EA0503119D29401FBFD5
:1047A000089D2A4081EA020ECDF844E01FBF069919
:1047B00004EA01058EEA050008901FBF0C9901EA82
:1047C0000C0180EA010E8EEA03081FBFC9F81C80A5
:1047D000079906EA01080F991FBF01EA0A01129D15
:1047E0000CEA050C8CEA01001FBF0F9088EA00015B
:1047F000109D01981FBF28401290414003981FBF91
:1048000048401090059901EA0B011FBF4140DDF8B7
:10481000288006EA080672401FBF1D465A404A40DB
:10482000C9F814201FBF0B9A224082EA0C02029C96
:104830001FBF624082EA0E02C9F810200E9C1FBF03
:104840000AEA04030898434059401FBFC9F80810FA
:10485000099901EA0B010F981FBF4140049B594081
:104860000D9B1FBF00980340119843401FBF4B4052
:10487000109883EA0004C9F804401FBF129843400F
:10488000C9F8003082EA05031FBFC9F8183051404B
:10489000C9F80C1013B01CBFBDE8000FF0BD104AE2
:1048A0000720072101F06AFC114A08F096FC0F4A24
:1048B00008F094FD074A09F00CFA0B4A08F049FF8A
:1048C000054A09F09CF9074A09F0ABF9034A09F0D7
:1048D000ACF900BF18A7040038A7040058A70400CB
:1048E00068A7040048A7040028A7040008A704003C
:1048F000F8A60400F0B503AF2DE9000FDDB00DF10F
:10490000140A0C4601904FF4B07150461EF085F920
:104910005046082122462346FFF776FA0AF1200E78
:1049200000200F264FF0FC354FF0F0394FF0C03823
:104930004FF0000B0A2800F09A800BF10801441C8C
:104940000490002010F1080208D0572E00F2E780F2
:104950000AEB80030138DA69DA63F3E7784B0BF18D
:104960001002CDE9024E05A8044600F009F9FFF750
:104970002DFE20460BF11004724B08F0E8FC00F00D
:104980000BF90498082809D222460BF10804734B4E
:1049900005A8214600F0F4F8049A34E06A4B05A813
:1049A00008F0D5FC024604980838884280F0C2809E
:1049B00052F82010664B09F0B6FB05A808F0C7FCBA
:1049C000024604980738884280F0B48052F82010DC
:1049D000604B09F0A8FB05A808F0B9FC0246049852
:1049E0000538884280F0A68052F820100BF10804A8
:1049F000594B09F098FB05A80BF11002214600F075
:104A0000BFF8049A043A8A4280F0938050F822104A
:104A1000A446DDF80CE081F4404140F8221000216A
:104A2000724608291BD00BEB0100B0F1580379D076
:104A3000B0F1500378D010684FF00333013103EA2E
:104A4000B03052F8203C584005EA800309EA0014CF
:104A5000634008EA80146340584001C2E1E70EF168
:104A6000200E0AF1200A08360298E34662E74FF06A
:104A7000020808250DF1140BDFF8F0903E4CB8F158
:104A8000000F2ED005F10806374B5846294632460E
:104A9000C84700F0ADF805F1100A354B58463146CD
:104AA0005246C847FFF787FA324B05F118025846BD
:104AB0005146C847890081B10268043982EA12135D
:104AC000234082EA03125A4082EA920303F033231E
:104AD00082EA83025A4004C0EDE7A8F101082035BC
:104AE000CDE70BF59070082100F082F8234E1025D9
:104AF000602D0AD0A5F1080158462A46334600F039
:104B00003FF800F049F80835F2E705A901984FF49D
:104B1000B0721EF079F95DB0BDE8000FF0BD074A34
:104B2000304403E00F4A01E00D4A0830582101F0FB
:104B300025FB1046054A01F021FB00BF08A5040033
:104B4000F8A5040008A6040018A6040068A604003E
:104B500028A6040038A6040048A6040058A60400AD
:104B600028A5040018A50400C8A50400814B020074
:104B7000D8A50400E8A5040000030F0CB8A50400A4
:104B80008A4205D3592A3EBF00EB8100511A704773
:104B900080B56F4609F0E7F980B56F46A9B10268A4
:104BA000D2430129026013D04268D24305294260F2
:104BB00011D94269D243062942611FBF8169C943A5
:104BC000816180BD074A09F030F8084A08F005FB0A
:104BD000054A08F003FC024A052001F0CFFA00BFA5
:104BE00098A50400A8A5040088A5040078A50400E1
:104BF000D0B502AF0A4A890081B10368043983EA5B
:104C00001314144083EA0413634083EA930404F00A
:104C1000332483EA8403634008C0EDE7D0BD00BFBE
:104C2000000C0F03D0B502AF0446044802F087F829
:104C30002046BDE8D04002F082B800BF030000006B
:104C4000B0B502AF0546044809F03DF828462146B4
:104C5000BDE8B04002F07CB806000000D0B502AF5D
:104C60000446044802F06BF820461021BDE8D0400D
:104C700000F014BB0F000000D0B502AF044604489A
:104C800002F05DF820460621BDE8D04000F006BBEA
:104C900009000000D0B502AF0446044802F04FF806
:104CA0002046BDE8D040FFF7BDBF00BF0F010000A8
:104CB000B0B502AF0446764802F041F84FF0FF303D
:104CC00050FA84F1472900F253807248DFE811F06E
:104CD000D90048008400A000A4008A00920094003B
:104CE000AC00A80076008C0080006E0098009A004E
:104CF000B200AE006A008200B8006C007E00740052
:104D00008E007000C400C2007A0086009E008800F9
:104D1000CC007800B000CA006600A6006400620003
:104D20007C0090005000B6004C0068009600A20085
:104D30005000CE0050009C0060004E00D400C8001F
:104D40005E00AA00B4005C00C000BA005000D800A9
:104D5000D200D600BC00BE007200C6004A00D000DF
:104D60008F488EE04D488CE063488AE05B4888E0DD
:104D70008C488D4DA8474648A8478C48A8472046F0
:104D800002F018F800207CE04E487AE0504878E0C5
:104D9000534876E05C4874E05C4872E05D4870E03F
:104DA00054486EE06D486CE069486AE0704868E01D
:104DB000634866E03B4864E0634862E06F4860E057
:104DC00057485EE05B485CE04E485AE05F4858E078
:104DD000684856E0604854E0704852E0544850E05B
:104DE00051484EE06A484CE063484AE0554848E084
:104DF000434846E0654844E0634842E03C4840E0C0
:104E00005A483EE058483CE036483AE0474838E0E7
:104E1000614836E0354834E05E4832E03C4830E0F6
:104E200057482EE029482CE056482AE04C4828E014
:104E30003A4826E04B4824E0234822E02F4820E06F
:104E400044481EE01D481CE018481AE0164818E0C7
:104E50001B4816E0384814E0384812E0104810E0CB
:104E60001C480EE02C480CE02E480AE01E4808E0E2
:104E7000094806E00F4804E0174802E00C4800E04B
:104E80000D4801F05CFF0020BDE8B04001F057BFC5
:104E900014000000530100002B0100004D01000030
:104EA0004E01000037010000350100003201000012
:104EB000510100004F010000170100001B0100001C
:104EC0002201000014010000500100002401000034
:104ED0001F010000290100004A0100002701000015
:104EE0004501000043010000460100003B010000B5
:104EF0002C010000160100003C0100003D010000F3
:104F0000250100003A0100002A01000042010000D2
:104F10003301000026010000300100002F010000D5
:104F2000310100004401000058010000560100005A
:104F30002E01000047010000480100004901000067
:104F40005901000054010000390100004101000036
:104F5000210100003F0100003E010000400100006F
:104F60002D01000057010000190100002001000080
:104F70001D0100001E010000180100001A010000C0
:104F80004C0100001C01000023010000340100005E
:104F90003601000015010000380100002801000062
:104FA00052010000550100003F6D02006101000048
:104FB000D0B502AF0446044801F0C1FE2046BDE86A
:104FC000D04001F0F7BE00BF15000000D0B502AF21
:104FD0000446044801F0B3FE2046BDE8D04001F08D
:104FE0006BBF00BF05000000D0B502AF04461348F8
:104FF00001F0A5FE6FF0120050FA84F0072807D8E0
:10500000DFE800F00414101A1A1A1A1212480EE0FF
:10501000E0B2052804D0292814BF0A480A4806E04F
:10502000074804E00A4802E0084800E00948007820
:10503000BDE8D04001F0BEBEFEDE00BF0D010000A5
:105040009E3B040012DA040011DA040010DA0400B6
:1050500020D1040048D00400D4CE0400D0B502AF63
:105060000446074801F06BFE60B2064901EB800080
:1050700050F8040C0078BDE8D04001F09BBE00BFA2
:105080001301000068E10400D0B502AF9A4221BFCD
:10509000D21ACC1880E81A00C26028BFD0BDBA6806
:1050A0001321014800F070F949D00400D0B502AFD7
:1050B00086B00446022A02D2002000210CE00848F3
:1050C0000223009002A8FFF7DFFF029ADDE9041037
:1050D000A0601078527862706160207006B0D0BD18
:1050E000B8A70400D0B502AF86B00446062A02D2A3
:1050F000002020700DE008480623009002A8FFF76A
:10510000C3FF0299DDE90402E2608A880968C4E904
:105110000012A06006B0D0BDB8A70400D0B502AFA1
:1051200086B004465AB109480123009002A8FFF74F
:10513000ABFF0298DDE904120078A26001E00020D4
:1051400000216160207006B0D0BD00BFB8A7040088
:105150006FF31F30B0F5706F38BF704780B56F4682
:10516000024801F019FE01F0C1FE00BF99000000E5
:10517000D0B502AF86B00446022A02D200202070C9
:105180000BE007480223009002A8FFF77DFF029979
:10519000DDE904020988A2602180606006B0D0BD0C
:1051A000B8A70400D0B502AF86B004466AB108784B
:1051B000013804280BD208480123009002A8FFF709
:1051C00063FF08F01BFA207004E0002001E04FF4B8
:1051D0008070208006B0D0BDB8A70400D0B502AF63
:1051E00086B0044662B1087808280BD2084801232B
:1051F000009002A8FFF748FF08F000FA207004E0D2
:10520000FF2001E040F2FF10208006B0D0BD00BFBB
:10521000B8A70400D0B502AF86B0044672B10878D2
:1052200002280DD209480123009002A8FFF72CFFA5
:1052300008F0E4F900F00100207004E0022001E031
:105240004FF48170208006B0D0BD00BFB8A7040025
:10525000D0B502AF86B00446082A02D200202070E2
:105260000DE008480823009002A8FFF70DFF0299FF
:10527000DDE90402E2600A684968C4E90021A0602F
:1052800006B0D0BDB8A70400E0B502AF007807F8BB
:10529000010C781E01F0A7FC8CBDD4D4B0B502AFD0
:1052A0000546054808F00FFD2CB115F8010B01F07B
:1052B00081FD013CF8E7B0BD1500000080B56F46E8
:1052C0008A680068930105D4520108D4BDE8804083
:1052D00001F00DB90068BDE8804001F016BC00681F
:1052E000BDE8804001F0FFBC80B56F4690B0104B28
:1052F0000792164ACDE90003022005900D4804905C
:105300000D4806900D48CDE902130F9002A9CDE992
:105310000D0168460C900A480B9006A80A900948AF
:10532000099004A8089008A9074800F02DF800BFCC
:105330005055040037B904000B3C040079530200B7
:1053400065530200515302002F360400748F04008D
:1053500080B56F460B46D0E900121846BDE8804084
:1053600000F0A4B880B56F46D0E90023D1E9000170
:10537000BDE8804000F016B880B56F46D0E9000265
:10538000D268BDE88040104780B56F4686B0CDE951
:1053900001010120ADF8140001A8039003A80492B4
:1053A00003F04EFAF0B503AF2DE9000F85B00646C5
:1053B0009B468A46D80764D115780020002D70D00E
:1053C000DAF80C904FF0000802E01578002D67D055
:1053D000541C68B2B0F1FF3F07DD304621462A4633
:1053E000C84700285AD16219EFE7802D09D0C02D97
:1053F00012D15BF83800002104912021C6F200018F
:1054000031E0B2F80140D51C304629462246C84753
:10541000002843D12A19D8E7E80703D12021C6F292
:10542000000102E0D2F80110541DA8074CBF34F867
:10543000022B002268074CBF34F8023B00232807E8
:1054400048BF34F8028BE80644BF0BEBC2008288E9
:10545000A80644BF0BEBC30083885BF83800ADF8A7
:105460001230ADF8102003910BEBC801CDF808A065
:105470004A6801A90196904780B908F101082246BF
:10548000A3E74FEA5B031146DAF80CC030461A4630
:1054900005B0BDE8000FBDE8F0406047012000E026
:1054A000002005B0BDE8000FF0BDD4D4F0B503AFC7
:1054B0002DE9000F81B0D0F808A0164688461AF0F2
:1054C000C05F52D05FEACA0111D4102E31D2002E33
:1054D00000F08880A8F101020021334612F9015F33
:1054E00015F1410FC8BF0131013BF7D12DE0B0F8F4
:1054F0000EC0BCF1000F24D008EB06030026444682
:10550000624609E0EF294FF0030188BF04216C18BF
:10551000611B013A0E4415D09C4214D0254614F963
:10552000011BB1F1FF3FF3DCC9B2E029EAD2AC1CA8
:10553000EEE704464046314600F058F80146204662
:1055400003E000260022ACEB0201828991420CD2DA
:10555000531ACAF341716FF35F5A4FF0000BDFE843
:1055600001F012020F129B460DE0D0E90001324615
:10557000CB68414601B0BDE8000FBDE8F0401847D8
:1055800099B24FEA510BD0E900544FF00009009353
:105590001FFA8BF01FFA89F1814208D2226928464E
:1055A0005146904709F101090028F1D015E0E36860
:1055B000284641463246984778B900980026A0EB25
:1055C0000B001FFA80F8B0B240450DD22269284680
:1055D0005146904701360028F5D0012001B0BDE8C2
:1055E000000FF0BD0021B0E70020F7E7F0B503AFF2
:1055F0002DE9000FC21C22F0030EB0EB0E0301EBED
:10560000030202F0030101D1002009E0461E002040
:1056100016F9015F15F1410FC8BF01300133F7D30F
:105620004FEA920981B14FF6FC76C7F6FF76324019
:105630007244561E002216F9015F15F1410FC8BFD2
:1056400001320139F7D100E0002210444FF47C7C94
:1056500011E04FF0000B3FFA8BF13FFA9BF211443F
:10566000A9EB0A0908EB8A0E1AF0030401EB0141C9
:1056700000EB114039D1B9F1000F54D0B9F1C00F8E
:10568000CA4628BF4FF0C00A1CEA8A02F046E0D0A2
:1056900008EB020EA8F110044FF0000B54F8105F55
:1056A000D4E90131EE43E268F60946EA9515DE4396
:1056B00025F0FE35F60946EA93135D4423F0FE33E8
:1056C0002B44CD43ED0945EA911121F0FE311944F7
:1056D000D343DB0943EA921222F0FE3202EB010BC4
:1056E00004F110017145D9D1B5E76FF00C01A300A9
:1056F00001EA8A0141440A1F002152F8046F043B69
:105700006FEA06054FEAD51545EA961626F0FE36ED
:105710003144F2D13FFA81F23FFA91F1114401EBA9
:10572000014100EB1140BDE8000FF0BDF0B503AF43
:105730002DE9000F85B00D46016840F2001E029170
:105740004168934680684FF000080490C0F2011E43
:105750004FF0000A002001911AE006EB090010F852
:10576000010C0A38B0FA80F04009019B354606EB7F
:105770000801049EA9EB0802DB6830700298984784
:105780000028039840F2001EA046C0F2011E7CD102
:10579000C00778D12E46D3455DD3ABEB0A0106EBAB
:1057A0000A00072909D8D3454FD00023C25C0A2A32
:1057B0003DD001339942F9D147E0C21CB44622F0F2
:1057C0000302121A03D1A1F1080300220AE0002308
:1057D000C65C0A2E2AD001339A42F9D1A1F10803FE
:1057E0009A4213D8865885186D6886F00A34AEEB55
:1057F0000404264385F00A34AEEB040425432E400E
:10580000F64316F0803F01D10832E9E7914220D0FB
:10581000ABEB02038118A3EB0A060023CD5C0A2D33
:1058200003D001339E42F9D113E0134466460AEBDC
:10583000030101F1010A5945ADD2C05C0A28AAD181
:1058400000205446D14603900BE0DA46C34504D10C
:1058500019E0DA466646C34515D001204446039058
:10586000D9460498007848B1019848F23401C0F252
:1058700004010422C3680298984730B9C1457FF4F7
:105880006CAF002071E7002000E0012005B0BDE80A
:10589000000FF0BDF0B503AF4DF8048D8568D0E979
:1058A0000046287878B148F23402F368C0F2040266
:1058B00088461146204604229847414618B10120E7
:1058C0005DF8048BF0BDA1F10A003269B0FA80F0F6
:1058D0004009287020465DF8048BBDE8F040104771
:1058E00080B56F4613460A464BF6E401C0F2040148
:1058F000BDE88040FFF756BDF0B503AF2DE9000FBE
:1059000087B086681C46D7E902CA4FF02B0B16F405
:1059100000154FF0010308BF4FF0FF3B002918BFEF
:105920006B0D03EB0A0808BF4FF02D0B310202D4B8
:105930000021069112E023465CB1541E00219E46D0
:1059400014F9015F15F1410FC8BF0131013BF7D1D7
:1059500001E09E460021884474460692B0F80C90FF
:10596000C84511D2F101CDE904CA23D4C6F341716F
:10597000A9EB08036FF35F564FF00009DFE801F071
:1059800051024E0299464CE0D0E900565A46009426
:105990003146069BE046284600F080F8002864D196
:1059A000F36828464146524607B0BDE8000FBDE8FF
:1059B000F0401847D0E902515A46D0E900A60291BA
:1059C0000021C9F6E0710390294041F0005141F0F7
:1059D0003001816000945046069B314600F05EF82D
:1059E000002842D1A9EB0800AB46002485B2A0B242
:1059F000A84207D23269504630219047013400282E
:105A0000F5D032E0DDE904125046F368984760BBF8
:105A1000DDE90210C0E902B1002027E099B24FEAA7
:105A20005109D0E900584FF0000A03931FFA89F09A
:105A30001FFA8AF1814209D2D8F81020284631464F
:105A400090470AF1010A0028F0D00EE000942846A1
:105A5000069B41465A4600F021F830B9DDE90412B0
:105A60002846D8F80C30984720B1012007B0BDE88F
:105A7000000FF0BD03980024A0EB09001FFA80F985
:105A8000A0B24845C8D2D8F81020284631469047E1
:105A90000134014601200029F2D0E7E7F0B503AF59
:105AA0004DF8048DD7F8088006461C460D46501C5C
:105AB00008D02B6930461146984718B101205DF88F
:105AC000048BF0BD44B1EB683046214642465DF898
:105AD000048BBDE8F040184700205DF8048BF0BD52
:105AE000272919D8DFE801F0141E1E1E1E1E1E1ED7
:105AF0001E92841E1E8E1E1E1E1E1E1E1E1E1E1E7C
:105B00001E1E1E1E1E1E1E1E1E1E961E1E1E1E88D3
:105B1000002143F25C0289E05C2903D1002145F6B3
:105B20005C4283E0A1F120035F2B78D3F0B503AF93
:105B30004DF804BD84B0202924BFA1F17F03212B9F
:105B40000AD3A1F56043B3F5C85F22BFA1F5702366
:105B50004FF6FE76B34272D24AF280130A0DC0F2BB
:105B60000403C1F303459E5C01F00F0213F805E046
:105B700013F802C0C1F30322C1F30334C1F30315C8
:105B80009A5C41F001011C5D5B5D8DF80A20B1FA61
:105B900081F28DF80B3001AB00258DF8076091087C
:105BA0007B268DF80650ADF804508DF809408DF82D
:105BB00008E05E546FF0010101EB92015C2603EBFB
:105BC00092025E5475237D2602F8013CDDE9012333
:105BD0008DF80D608DF80CC0BDF80C60C0E9002395
:105BE0000A22068104B05DF804BBBDE8F04023E062
:105BF000002146F65C6219E0D20510D5002142F280
:105C00005C7213E0002147F25C220FE0002147F2B2
:105C10005C420BE022F07F42B2F5803F03D201608C
:105C20008122802108E0002142F25C22C0F80610A7
:105C3000C0F80210028002224273017370472029CB
:105C40008AD0A1F58013B342FFF486AF85290ED226
:105C5000044608460D4600F040F902462946204613
:105C6000002A3FF479AF016081228021BAE704461F
:105C700008460D46164600F02AF8024629462046F8
:105C8000002A7FF469AFB1F5407F0BD3F20709D04A
:105C9000084600F04DF8024629462046002A7FF4C7
:105CA0005BAF01E0AC29D3D9084600F0B6F8024654
:105CB00029462046002A7FF44FAF084600F040F9FD
:105CC000024629462046002A7FF446AFC0E780B549
:105CD0006F46020A014600201F2A05DC7AB1162A07
:105CE0001CD1A1F5B45006E0202A18D0302A18BFE4
:105CF00080BDA1F54050B0FA80F0400980BD6FF042
:105D000084006FF09F0250FA81F052FA81F1B0FAEC
:105D100080F0B1FA81F140094909084380BDC8B259
:105D20004BF68061C0F20401085CC0F3400080BD06
:105D300080B56F4640F6AB6210214BF6A03EC0F234
:105D40000102904238BF002101F1080CC0F2040E9C
:105D500000225EF82C30DB02B3EBC02F98BF614607
:105D600001F1040C5EF82C30DB02B3EBC02F98BFBE
:105D7000614601F1020C5EF82C30DB02B3EBC02F60
:105D800098BF614601F1010C5EF82C30DB02B3EBE9
:105D9000C02F98BF614601F1010C5EF82C30DB0288
:105DA000B3EBC02F98BF61465EF821304FEAC32C99
:105DB000BCEBC02F38BF0122C3029C4508BF013293
:105DC00053181F2B5EF823100EEB830E4FEA515130
:105DD00006D8DEF804204FEA525C1BB9002305E028
:105DE00040F2FF2C5EF8043C6FF35F53CA4312EBA2
:105DF0000C020FD0C01AACF1010E4BF2845C0023F0
:105E0000C0F2040C1CF801201344834202D8013173
:105E10008E45F7D101F0010080BD80B56F460621A7
:105E20004BF6244EB0F57E4F38BF002101F1030C34
:105E3000C0F2040E00225EF82C30DB02B3EBC02F60
:105E400098BF614601F1010C5EF82C30DB02B3EB28
:105E5000C02F98BF614601F1010C5EF82C30DB02C7
:105E6000B3EBC02F98BF61465EF821304FEAC32CD8
:105E7000BCEBC02F38BF0122C3029C4508BF0132D2
:105E800053180A2B5EF823100EEB830E4FEA515184
:105E900006D8DEF804204FEA525C1BB9002305E067
:105EA0004FF0230C5EF8043C6FF35F53CA4312EBD0
:105EB0000C020FD0C01AACF1010E4BF6830C00237C
:105EC000C0F2040C1CF801201344834202D80131B3
:105ED0008E45F7D101F0010080BDB0F55E7F3CBF7B
:105EE0000120704701464FF6FE70C0F20300814268
:105EF00007D280B56F46084600F085F880F00100B3
:105F000080BD01220120C0F20E02914208BF7047FD
:105F100001F1FF2202F5710202F1E003602B07D3C9
:105F2000F02A22BFA1F570234FF6FE72934200D2F1
:105F30007047A1F580110020914238BF01207047C1
:105F400080B56F4641F2BD0205214BF6544EC0F2BA
:105F50000102904238BF002101F1030CC0F2040E8F
:105F600000225EF82C30DB02B3EBC02F98BF6146F5
:105F700001F1010C5EF82C30DB02B3EBC02F98BFAF
:105F8000614601F1010C5EF82C30DB02B3EBC02F4F
:105F900098BF61465EF821304FEAC32CBCEBC02F9E
:105FA00038BF0122C3029C4508BF01325318092B98
:105FB0005EF823100EEB830E4FEA515106D8DEF83F
:105FC00004204FEA525C1BB9002305E04FF02B0C74
:105FD0005EF8043C6FF35F53CA4312EB0C020FD020
:105FE000C01AACF1010E4BF6A60C0023C0F2040C53
:105FF0001CF801201344834202D801318E45F7D1A9
:1060000001F0010080BD80B56F464BF2FC221B21E0
:106010004BF6C82EC0F20102904238BF002101F1B8
:106020000D0CC0F2040E00225EF82C30DB02B3EB44
:10603000C02F98BF614601F1070C5EF82C30DB02DF
:10604000B3EBC02F98BF614601F1030C5EF82C3012
:10605000DB02B3EBC02F98BF614601F1020C5EF882
:106060002C30DB02B3EBC02F98BF614601F1010C6D
:106070005EF82C30DB02B3EBC02F98BF61465EF8B0
:1060800021304FEAC32CBCEBC02F38BF0122C30222
:106090009C4508BF01325318342B5EF823100EEBD9
:1060A000830E4FEA515106D8DEF804204FEA525CC5
:1060B0001BB9002305E040F2B55C5EF8043C6FF3C9
:1060C0005F53CA4312EB0C020FD0C01AACF1010EA1
:1060D0004AF6CF7C0023C0F2040C1CF801201344C4
:1060E000834202D801318E45F7D101F0010080BD15
:1060F00080B56F4686B0904210D9CDE9000246F2D5
:10610000EF4001A9C0F202000590CDE90301684605
:10611000029044F64410C0F2040024E0914212D8E8
:10612000884210D9CDE9000146F2EF4001A9C0F242
:1061300002000590CDE903016846029044F2B410D4
:10614000C0F204000FE046F2EF40CDE90012C0F2C9
:10615000020001A9059003906846029044F2BB70CA
:106160000491C0F2040002A91A46FFF70DF980B5A8
:106170006F4649000131FFF707F9D4D4FEB506AFE9
:10618000CDE90001694605480590CDE9030101A864
:10619000029002A90248FFF7F7F800BFEF6402007F
:1061A0003E430400F0B503AF2DE9000F89B09846D7
:1061B000034600794FF0010900284FF001006CD12F
:1061C0001D689A46D7F808B05B79A87A00062DD4E6
:1061D0000C464BF6D10193464BF6D402C0F20401B3
:1061E000D5E90006C0F20402002B18BF1146F3687F
:1061F0004FF0030218BF0222984700284BD1D5E97F
:1062000000015A46CB6821469847002843D1D5E97A
:1062100000010222CB684BF6D601C0F20401984778
:10622000C8BBBA6840462946904735E073B9D5E9FE
:1062300000034BF6D806DB68C0F204060C46314674
:106240001646032298472146324620BB0120D5E955
:10625000003607F82D0CA7F12D0003904BF6E40053
:10626000C0F20400D5E90245069001A80590CDE9E9
:106270000745CDE90136FFF759FA60B94BF6D6016B
:1062800001A8C0F204010222FFF750FA18B905A9CB
:106290004046D84748B1012053461871184683F844
:1062A000059009B0BDE8000FF0BDDDE9050102224F
:1062B000CB684BF6DB01C0F204019847ECE70146DE
:1062C00000794A79002A08BF704710B1012008718F
:1062D0007047D0B502AF08680C46817A090608D429
:1062E000D0E900010222CB684BF6DF01C0F20401C5
:1062F00007E0D0E900010122CB684CF63061C0F222
:10630000040198472146BDE8D04008717047F0B5B8
:1063100003AF2DE9000788B0D0E900450646D5F85F
:106320000CA098462046D04720B1012008B0BDE817
:106330000007F0BDB07AD7F80890000615D44CF6E7
:10634000F7512046C0F2040101220125D047014641
:1063500028460029EAD140463146C8470028E4D102
:10636000D6E90040D0F80CA02CE04BF6DD01204629
:10637000C0F204010222D047014601200029D5D1F4
:10638000A7F129014BF6E40207F8290CC0F2040238
:10639000CDE90151D6E90201CDE9060104A9059232
:1063A0006A46404600940492C8470028BDD1DDE902
:1063B00004010222CB684BF6DB01C0F204019847CE
:1063C0000028B2D14CF6F8512046C0F20401012257
:1063D000D047ABE7B0B502AF84B01C460546D0E964
:1063E0000003DB68984707F1080C00218DF80C00CA
:1063F00002A89CE80C108DF80D1021460295CDF8EE
:1064000000C0FFF7CFFE9DF80D209DF80C10012A6B
:1064100042EA010008BF5FEAC17115D10298817A92
:10642000090608D4D0E900010222CB684BF6DF014F
:10643000C0F2040107E0D0E900010122CB684CF66C
:106440003061C0F20401984700F0010004B0B0BD13
:10645000B0B502AF84B01C460546D0E90003DB6846
:1064600098478DF80C0040F673700021C0F20200CE
:106470008DF80D1047F6F871009002A8C0F20401E3
:10648000082223460295FFF78DFE45F2BD21BB6829
:10649000C0F20201062200914AF25121C0F2040129
:1064A000FFF780FE9DF80D209DF80C10012A42EAAE
:1064B000010008BF5FEAC17115D10298817A09060F
:1064C00008D4D0E900010222CB684BF6DF01C0F20C
:1064D000040107E0D0E900010122CB684CF63061ED
:1064E000C0F20401984700F0010004B0B0BDF0B55F
:1064F00003AF2DE9000F87B004684BF639100D4645
:10650000C0F20400B4F57A7F38D349F27F68A7F16E
:10651000260E002342F2107941F27B4A4FF0640BC1
:10652000C0F298082146039502940A4641F2597137
:10653000CDF2B7110EEB0304A2FB0116043B42455A
:106540004FEA563101FB19261FFA86FC4FEA9C05DB
:1065500005FB0AF54FEA554505FB1B6630F815505B
:10656000E580B6B230F816602681DED8DDE9024556
:106570000A33092906D80A46ACB915E00A23214690
:106580000929F8D98AB241F27B469208023B72434C
:106590006426520C02FB1611A7F1260689B230F8C8
:1065A0001110F15204B132B100EB4200013BA7F1EE
:1065B00026014078C854A7F12601C3F10A00194406
:1065C0000122CDE90010284601210023FFF794F9AC
:1065D00007B0BDE8000FF0BD80B56F4682B0D7F8B8
:1065E00008C0CDF800C000F000F880B56F468EB04E
:1065F0009446BA688C45CDE902C3049100F22A8121
:106600008B423AD89C4500F23681BCF1000F06D08F
:106610008C4504D210F90CE01EF1410F3EDD63B34E
:106620008B422AD210F903C01CF1410F25DCA3F1E3
:10663000010C10F90CE01EF1410F08DCA3F1020C73
:1066400010F90CE01EF1410FD8BFA3F1030C9942E1
:1066500000F0F98010F903E01EF1410F03DC013373
:106660008B42F4D30B469C45CDE905C398BF8B42C2
:106670003CD900926246FFF7AFFF46F2EF4004A913
:10668000C0F202000A910B9008A9099003A8089093
:1066900044F6CE70C0F20400FEF776FEACF1010EB7
:1066A00010F90E3013F1410F08DCACF1020E10F9B5
:1066B0000E3013F1410FD8BFACF1030E614500F06D
:1066C000C28010F90C3013F1410F04DC0CF1010C05
:1066D0008C45F3D38C46E645CDE905EC98BF8C4557
:1066E00037D9009272466346FFF776FF8C450ED08D
:1066F000BCF1000F04D010F90CE01EF1410FB8DD21
:106700008B4204D010F903E01EF1410FB1DD9C452E
:1067100032D000EB0C0191F90030B3F1FF3FD8B259
:1067200055DC4B7800F01F0CE02803F03F0E46D3F9
:106730008B78F02803F03F0343EA8E1345D3C878E3
:106740000CF0070100F03F0040EA831040EA81406E
:106750003DE08E450ED0BEF1000F04D010F90E3092
:1067600013F1410FBDDD8C4504D010F90C3013F14D
:10677000410FB6DDE64502D1104600F04FF900EBBF
:106780000E0191F90030B3F1FF3FD8B23EDC4B78F7
:1067900000F01F0CE02803F03F0E13D38B78F02895
:1067A00003F03F0343EA8E132ED3C8780CF00701A1
:1067B00000F03F0040EA831040EA814026E04EEAC4
:1067C0008C1004E04EEA8C1020E043EA0C30079075
:1067D00046F6FB00C0F2020008A90D9005A80C9037
:1067E00046F69900C0F202000B9007A80A9046F204
:1067F000EF40C0F20200099003A8089043F6F900A8
:10680000C0F20400FEF7C0FD43EA0C30079046F6E4
:10681000FB00C0F2020008A90D9005A80C9046F6F6
:106820009900C0F202000B9007A80A9046F2EF40D0
:10683000C0F20200099002A8089043F6A700C0F237
:106840000400FEF7A1FD4BF6FC020846C0F204026C
:10685000FFF794FC46F2EF4004A9C0F20200CDE934
:10686000090108A90B9002A8089044F60710C0F28D
:106870000400FEF789FD46F2EF4003A9C0F20200D2
:10688000CDE9090108A90B9002A8089043F64150F0
:10689000C0F20400FEF778FDF0B503AF4DF8048DAB
:1068A00084B0D1E900460546D6F81080272120465D
:1068B000C04708B101201CE029686D46284640F217
:1068C0000112FFF70DF99DF80D00812805D30099FD
:1068D0002046C0470028EDD108E09DF80C20F36861
:1068E000A918821A204698470028E3D1204627217C
:1068F000C04704B05DF8048BF0BDF0B503AF4DF8B0
:1069000004BD84B0054688680C46810107D4400167
:1069100016D428462146FFF7EAFD98B33CE02968E3
:106920004AF2801202A80726C0F20402334601F0A0
:106930000F060909965DC654A3F10106F6D10FE0D2
:1069400029684AF2101202A80726C0F20402334650
:1069500001F00F060909965DC654A3F10106F6D1B0
:10696000591C4BF68242C1F109011844C0F20402DD
:106970000223CDE90001204601210126FEF7BCFFDC
:10698000002846D1D4E900010222CB684BF68041B1
:10699000C0F20401984708B101263AE0A168281D19
:1069A0008A0105D4490114D42146FFF7A0FD2FE048
:1069B00001684AF2801202A80726C0F20402334698
:1069C00001F00F060909965DC654A3F10106F6D140
:1069D0000FE001684AF2101202A80726C0F2040272
:1069E000334601F00F060909965DC654A3F101066E
:1069F000F6D1591C4BF68242C1F109011844C0F28C
:106A000004020223CDE9000120460121FEF774FFB4
:106A10000646304604B05DF804BBF0BD80B56F4655
:106A200002464BF60C10C0F204002B21FFF79FFB2F
:106A300080B56F4684B0024646F65520C0F202008B
:106A400001A90290781E019043F63E70C0F2040046
:106A5000FEF79AFC80B56F4608464BF6B841C0F287
:106A600004011822BDE88040FEF720BD80B56F46C6
:106A700084B0024646F69120C0F2020001A90290BD
:106A8000781E019043F63E70C0F20400FEF77CFCD5
:106A900080B56F4608464AF63E51C0F204012022F6
:106AA000BDE88040FEF702BD80B56F4684B0CDE9F9
:106AB000000145F25130C0F2020002A9039068467D
:106AC000029043F63E70C0F20400FEF75DFC80B514
:106AD0006F4688B08DE80F0002A843F2DE4CD7F86D
:106AE00008E045F27934069045F25130C0F20200D8
:106AF000C0F2040C0590684604A9C0F20204049098
:106B0000604672460794FEF73FFC80B56F4684B03E
:106B10004AF280130DF1080E8C460722C0F20403DE
:106B2000114600F00F0200099A5C0EF80120A1F155
:106B30000102F5D1481C4BF68242C0F109007144B4
:106B4000C0F204020223CDE9001060460121FEF7E5
:106B5000D3FE04B080BD80B56F4602464BF60120DF
:106B6000C0F204003321FEF70FFC80B56F460246E9
:106B70004BF61A20C0F204007321FEF705FC80B525
:106B80006F4602464BF65320C0F204003F21FEF749
:106B9000FBFB80B56F4602464BF67220C0F2040044
:106BA0006121FEF7F1FB80B56F4602464BF6A2204D
:106BB000C0F204004721FEF7E7FB80B56F4686B0C0
:106BC000CDE9001046F2EF4001A9C0F202000590A5
:106BD000CDE903016846029043F6685002A9C0F26D
:106BE0000400FEF7D1FB80B56F4684B003784BF606
:106BF000391CC0F2040C0A2B0DD329205843020B78
:106C0000642002FB1030C0B23CF8100027F8020CE0
:106C100001201BB903E003201A4603B13AB102F088
:106C20007F020138FB1E0CEB420252781A54C0F16D
:106C30000302FB1E18440023CDE90002084601218F
:106C40000122FEF759FE04B080BD80B56F4684B0C6
:106C50004AF21013A7F1020EC2B28C460120C0F214
:106C60000403014602F00F001209185C0EF801003F
:106C7000A1F10100F5D1481C4BF68242C0F103009E
:106C80007144C0F204020223CDE9001060460121E4
:106C9000FEF732FE04B080BD80B56F4684B04AF284
:106CA0008013A7F1020EC2B28C460120C0F2040389
:106CB000014602F00F001209185C0EF80100A1F164
:106CC0000100F5D1481C4BF68242C0F1030071442B
:106CD000C0F204020223CDE9001060460121FEF754
:106CE0000BFE04B080BD80B56F4684B04AF210132D
:106CF0000DF1080E8C460722C0F20403114600F085
:106D00000F0200099A5C0EF80120A1F10102F5D1F1
:106D1000481C4BF68242C0F109007144C0F20402E3
:106D20000223CDE9001060460121FEF7E5FD04B025
:106D300080BD80B56F46FEE780B56F4680BDE0B58B
:106D400002AF27F8020CB81E022100F0AFF98CBD8B
:106D5000B0B502AF07F0EEF828462146BDE8B040D6
:106D600000F0A4B9D0B502AF04460448FFF7E7FF2E
:106D70002046BDE8D04000F09FB800BF0C000000E6
:106D8000D0B502AF044600F047F92046FFF7D7FF21
:106D9000BDE8D04000F08CBED0B502AF044600F094
:106DA0003BF92046FFF7CBFF00F082FEBDE8D04064
:106DB00000F04EB9E0B502AF07F8010C781E0121D2
:106DC00000F074F98CBDD4D4FEB506AFCDE9010155
:106DD0000748049001A807490390781E03AA00F011
:106DE00015F80548012100F061F906B080BD00BF2B
:106DF000FD6D02003E3F0400D0BC040080B56F462C
:106E0000D0E90002D268BDE88040104780B56F46E7
:106E100013460A460249BDE88040FEF7C3BA00BFE8
:106E2000D4BC040080B56F460846114600F03EF918
:106E3000002080BDBCB504AF00208029019003D2A2
:106E40008DF8041001212FE01A4B0A46880963F3DC
:106E50009F12B1F5006F07D240F0C0008DF80520F9
:106E60008DF8040002211FE063F39F100C0B002536
:106E7000B5EB114F09D18DF8050044F0E0008DF815
:106E8000062003218DF804000EE06FF00F0545EA9F
:106E900091418DF80410042163F39F148DF80720AD
:106EA0008DF806008DF8054001A800F0FFF80020DD
:106EB000BCBD00BFFEFFFF03E0B502AF019001A81B
:106EC000042100F0F3F88CBDE0B502AFCDE900017C
:106ED0006846082100F0EAF88CBDF8B504AF8DE8EB
:106EE0000F006846102100F0E1F88FBD80B56F46B5
:106EF00002480E21024AFFF73AF900BFECBC040039
:106F0000FCBC0400F0B503AF4DF804BD104D0446C1
:106F10001049114EE86A00F00300022808BF0E462F
:106F20000021C8070CD105F1180021460122B04705
:106F300000210028F5D0012804D101340121F0E717
:106F400006F02DBB054B01210122FFF7D1F800BF50
:106F5000C8690320616F0200916F020068BD0400E0
:106F6000F0B503AF4DF804BD82B072B10569C368D6
:106F7000DE43EC1A04F2FF3488BFAC19BFF35F8F15
:106F80001CB1009400F00FF800E0002006F03DB9BD
:106F9000DCB504AFC3684FF48064BFF35F8F009427
:106FA00000F001F8DCBDF0B503AF2DE9000B814620
:106FB000B86814468846904238BF0446E518B5F5CF
:106FC000806F0ED9D9F80400C3F580664146184495
:106FD00032461BF0BEFFD9F8040008EB0601A21BE5
:106FE00004E0D9F804004146224618441BF0B1FFE2
:106FF000BFF35F8F6FF39F25C9F80C502046BDE8A3
:10700000000BF0BDE0B502AF06F051FB8CBDE0B562
:1070100002AF06F04CFB8CBDE0B502AF01F028FBDF
:1070200008498A794AB901228A71C871087A18B95F
:1070300000200A7206F03BFB8CBD03483D21034A49
:10704000FEF7A2F9A0E603200CBD04002CBD04004D
:10705000B0B502AF124CA079E8B1607A78B10728D8
:1070600008D24FF0FF3101FA00F0A17A084300F096
:107070007F0002E0793060F07F00FFF7C8FF00205A
:107080000025FFF7C4FFA4F80950E079A571BDE819
:10709000B04001F023BB03483921034AFEF774F9DD
:1070A000A0E603203CBD040058BD0400F0B503AFCA
:1070B0002DE9800FDFF88C9000EB010B04464FF0B8
:1070C000010899F8096099F80AA05C4537D0651C59
:1070D00014F8010BF1B207290BD378B1FFF792FF37
:1070E000013689F80960F0B28628EED1FF202C46DF
:1070F00008E078B1FFF786FF504612E006F179000C
:1071000060F07F00FFF77EFF4FF0000A0026A9F82D
:1071100009A0DAE708FA01F040EA0A0089F80A0053
:10712000824601362C46F1B289F809600729CCD194
:1071300007264FF0000A2C460106C6D0E2E706F00B
:1071400040BC00BFA0E6032080B56F460268CA615C
:10715000134650E8002F9A420AD1BFF35F8F40E8F0
:1071600000133BB90123002BBFF35F8FEFD003E087
:10717000BFF32F8F0023F6E7B2FA82F0400980BDFB
:1071800080B56F460862FFF7DFFF00B140BF80BDEA
:1071900080B56F460146014880BD00BF78BD040040
:1071A000D0B502AF014619300123BFF35F8FD0E89D
:1071B0004F2FC0E8443F002CF9D1BFF35F8F02B1DD
:1071C000D0BD086AFFF7C0FF0028F9D040BFD0BD8E
:1071D00080B56F4680BDD4D480B56F46D1E900013B
:1071E0006822CB680149BDE88040184788BD04008B
:1071F0000168064A914204BF4068704780B56F46F7
:107200000348FFF7C9FDFFF771FE00BF78BD04001A
:107210009A00000080B56F468A680068930105D423
:10722000520108D4BDE88040FFF7DDBC0078BDE81E
:107230008040FFF731BD0078BDE88040FFF705BD15
:10724000F0B503AF2DE9800F2C4C00262C4D4FF0EC
:107250000108082E0CD055F8260030B108FA06F0C7
:10726000C5F80802204600F0E5FA01360834F0E7D8
:10727000E86FB8B34FF0000A0126C5F87CA00021E2
:10728000244DBAF1080F2DD01E484FEA41180131A4
:1072900050F80A400AF1040AD4F820950091CB4630
:1072A000BBF1000F1AD09BFAABF0B0FA80F12029A5
:1072B0001AD204EB8100D0F8002722F44032C0F843
:1072C000002741EA0800302813D205EBC00006FA77
:1072D00001F12BEA010B00F0ADFAE1E7C4F82095CB
:1072E0000099CEE706F06DBB07481D21074AFEF75F
:1072F0003EFF074A3021FEF741FF00BF90D903202F
:1073000000610040C07F040000BE040050BE0400C5
:1073100070BE040010D80320F0B503AF4DF804BDD3
:107320001E4D2868012803D10020286000F03EF897
:10733000A86C012803D10020A86400F037F8E86B9E
:10734000012828D10020E86301F092F904464FF4A7
:107350008030C5F804024FF0FF30114D124EC5E9E0
:107360000000104800F044F800F050F8024605F123
:107370000C000B4600F0ACFBAA680132AA6000F0DA
:1073800059F800283046EDD020465DF804BBBDE832
:10739000F04001F0A3B906F002B900BF04110140AA
:1073A000F869032020BE040030BE0400D0B502AF4F
:1073B00001F05EF90C494FF440040A6901320A6198
:1073C000530A14EBC252D1E9001443F10003891AA5
:1073D00074EB03013EBF05494FF480320A60BDE8FB
:1073E000D04001F07BB900BFF869032004130140CD
:1073F00005498A681AB94FF0FF308860704780B538
:107400006F46FFF715FB00BFF869032080B56F4694
:107410000648074A0069126800F0010182EAC1517A
:10742000420A11EBC05042F1000180BDF86903200F
:1074300004150140F0B503AF2DE9800FDFF88C8013
:107440008A46234C83464FF48039C8E900BAFFF7D7
:10745000DDFFB0EB0B024FF0000671EB0A0238BF04
:10746000012624D2C21C41F100032546BBEB0204D5
:107470007AEB030328BF5A46BBEB00006AEB01011D
:10748000B0F540002C4622F07F4271F10000C5F8B3
:107490003C2214D2C4F80090FFF7B8FF023041F14B
:1074A0000001BBEB00007AEB0100D0D30AE04FF4FF
:1074B000803060604FF0FF30C8E9000002E04FF418
:1074C00080306060304606F0B1BE00BFF86903202E
:1074D0000413014080B56F464FF0FF32BDE8804095
:1074E00000F000B8B0B502AF046802EA010304EA94
:1074F00002059D4201D10120B0BDE4431C421BD1D5
:107500000E4C0125EFF3108372B6C4F804512568C0
:10751000ED07FCD061EA02010160BFF34F8F2068E4
:10752000C007FCD00020C4F804012068C007FCD0CC
:10753000002083F31088B0BD0220B0BD00E40140FC
:1075400080B56F460648BFF34F8F064A016801F4C5
:10755000E06111430160BFF34F8F00BFFDE700BF43
:107560000CED00E00400FA0580B56F46C068D0F865
:10757000C404810744BF052080BD410744BF0620E5
:1075800080BDC0074FF0070008BF4FF0FF3080BD3F
:10759000F0B503AF4DF804BD82B014460A46054667
:1075A0005CB1B2F1005F03D3A018B0F1405F0FD31C
:1075B000A868844203D9042014E000240CE06E681B
:1075C0002146094823460090304601F073F93246BF
:1075D0000020B0EB144F05D1E868C0F84425C0F88E
:1075E0004845FF2005F011BE40BE040080B56F463F
:1075F0000849007801F5407120283CBF40F2105145
:10760000C5F20001096800F01F0021FA00F000F047
:10761000010080BD1005005080B56F460078074915
:1076200006F015FC38BF4FF0A04141EA8000D0F8C9
:10763000001721F44031C0F8001780BD000300504E
:10764000B0B502AFC4B22F2C17D805460E48D1E909
:10765000001200EBC40000F00BF90C4805F01F010C
:10766000202C38BF4FF0A04040EA8100D0F800073E
:1076700010F4403018BF0120B0BD024A204630212E
:10768000FEF77CFD80BF040010D8032000030050EB
:10769000D0B502AF82680021C2F800152349037BF0
:1076A000012B0DD14FF000430C46C2F86035437BEF
:1076B000202B03F01F0338BF4FF0A04406F090F9D1
:1076C000837B012B0DD14FF000430C46C2F864358B
:1076D000C37B202B03F01F0338BF4FF0A04406F0FC
:1076E0007FF9037C012B0DD14FF000430C46C2F80B
:1076F0006835437C202B03F01F0338BF4FF0A044B4
:1077000006F06EF9837C012B0ED14FF00043C2F8D6
:107710006C35C07C06F09BFB38BF4FF0A04101EBFD
:1077200080000221C0F80017D0BD00BF0003005048
:1077300080B56F46FFF75AFF80F0010080BDD4D4BA
:10774000F0B503AF2DE9000B16468946044600F05C
:107750008FFF80461F48FFF74BFE3046FFF748FD7E
:107760000546806840B1D5E90001001B71EB0900B6
:1077700025D3C5E9004914E01748C5E90049D0F808
:107780000C90C560D6E90010096888470E46A968C4
:10779000044611B1E868C968884705F1080080E827
:1077A00050020D4800F10C04FFF730FE024620465F
:1077B0000B4600F08DF9FFF73DFE0028F4D0064897
:1077C0008168013181604046BDE8000BBDE8F040B2
:1077D00000F084BFF0BD0400F869032080B56F4657
:1077E0000146D0E9002000230B601AB15168BDE8C2
:1077F0008040084780BDF0B503AF4DF804BD066872
:10780000044686B16568954208BF8E4210D009686B
:1078100010468847C4E90001284671685DF804BB3A
:10782000BDE8F0400847096810468847C4E90001F0
:1078300005F0B5BEF0B503AF4DF8048D054600F078
:1078400017FFD5E900468046002028604CB1A168AA
:1078500030468847D5E90010C5E9004609B1C96836
:10786000884740465DF8048BBDE8F04000F036BF25
:10787000F0B503AF2DE9000714468A46064600F02E
:10788000F7FED6E900598046002030601DB1A145C1
:1078900008BF554510D0DAF8001020468847024648
:1078A000D6E90030C6E900210BB1D968884725B177
:1078B000E9684846884700E035604046BDE8000773
:1078C000BDE8F04000F00ABF80B56F468A689301BA
:1078D00005D4520108D4BDE88040FFF784B9007890
:1078E000BDE88040FFF7D8B90078BDE88040FFF7D9
:1078F000ACB9D4D480B56F460248BDE88040FFF7EC
:107900001EBA00BF01000000D0B502AF841A71EBAF
:10791000030402D3801A9941D0BD0448FFF730FA1E
:10792000FFF7E8FFFFF794FBFFF7E0FAA300000082
:10793000B0B502AF0C460546FFF768FD2A46234660
:10794000BDE8B040FFF7E0BFF0B503AF4DF804BDB0
:107950001C4615460646FFF759FD2A46234600F009
:1079600007F8C6E90001002030725DF804BBF0BDE5
:10797000D0B502AF00248018594144F10002012A19
:1079800018BFD0BD02482821024AFFF78DF800BF7A
:1079900090BF0400B8BF0400F0B503AF2DE9000F9D
:1079A00089B00D460646D2E900011446CB68012293
:1079B0002C4998470DF11409824600204FEACA71FC
:1079C000002D42D011B14FF0010A3AE0A17AC00770
:1079D00009060DD438B1D4E900010222CB6825494B
:1079E00098470028EFD130462146FFF76DFF27E08A
:1079F000D4E9008B40B91C494046DBF80C30012229
:107A00004FF0010A9847E0B90120CDE9018B07F852
:107A10002D0CA7F12D0003901448069001A80590A5
:107A2000D4E90201CDE9070130464946FFF74CFF92
:107A30000028C8D1DDE905010222CB680C4998472E
:107A400082460136013D0120B8E709B1012005E079
:107A5000D4E900010122CB680749984709B005F035
:107A6000F4BD00BF0ECE0400DCCD0400E4B8040079
:107A7000DBB80400D4B8040010CE0400B0B502AFE7
:107A80000446007A0D4658B1FFF7C0FC02460B468B
:107A9000D4E90001121A73EB010203D30020B0BD38
:107AA000D4E900012A46FFF74BFE01202072B0BD49
:107AB00080B56F46FFF7AAFC43F6095205F058FD62
:107AC000400A40EAC150490ABDE88040FFF7FCB9CE
:107AD000F0B503AF2DE9800F9846914606464FF06A
:107AE000000B4FF0FF344FF0FF35D6F800A0BAF18D
:107AF000000F2CD0DAE90001B9EB000278EB0102AB
:107B00000FD24FF0FF3380EA03024B401A43031BAE
:107B100071EB05033CBF0D4604464AB10AF110065D
:107B2000E3E7DAE90210CAF808B009B14968884702
:107B3000DAF810003060DAF80810CAF810B019B19D
:107B4000DAF80C00C9688847CAF808B0CDE72046C3
:107B50002946BDE8080FF0BDF0B503AF4DF8048D20
:107B60008E690D4604461EB1D5F80880B04506D290
:107B70000020C4E90050C4E90200206113E0D5E907
:107B80000401CB6811469847B8FBF6F2E969B0FBEF
:107B9000F2F3216103FB1200704301FB03FCC4E913
:107BA0000050C4E902C605F099BDF0B503AF4DF829
:107BB00004BDD1E90234B2F1FF3F0CDD04EB420613
:107BC0004FF0FF35A64203EB420238BF2E469A42E1
:107BD00028BF154609E04FF0000CACEB4202A61A94
:107BE00038BF66469D1A38BF65463246C0E9025620
:107BF000002E18BF0122B21A2646002C18BF0126FB
:107C0000A41BD1E90016002D06EB5404A4EB52028C
:107C100042602A461C4618BF0122AA1A002B18BF30
:107C200001241B1B01EB5301A1EB5201016005F084
:107C3000B6BCF0B503AF2DE9000F8BB081464FF015
:107C4000FF300DF1080B019105900BF1200502901A
:107C50000BF11804D9E900010DF1040A4FF00008F6
:107C60000890084409900BF10C00CDF82880009092
:107C70002046F6F757FE18B1411C18D006460AE018
:107C80002046F6F74FFE0646013010D02046F6F7A4
:107C900049FE411C0BD0CDE90260504629465A46A8
:107CA0008DF8108000F017F80131E1D010E00020CD
:107CB00008904FF0FF3002900598013006D001A8DF
:107CC000009A294600F007F8013101D1D9F80800DF
:107CD0000BB005F0BABCF0B503AF2DE90007824642
:107CE000107A10BB1446D2E90026B2421DD888464D
:107CF0004DF2FF79B2420DD2551C504641464A45DD
:107D000008BF4FF46045256000F014F84A1C2A466D
:107D1000F0D00CE00120B242207206D1504641461C
:107D2000324600F007F84A1C01D14FF0FF31BDE8A0
:107D30000007F0BDD0B502AF03680868441C0C60B2
:107D4000934218BF4FF0FF331946D0BDB0B502AF14
:107D5000CA68A2B18B6893B1D1E900146FF00045F5
:107D6000AA4228BF2A4682FA84F2AB4238BF1D4697
:107D700085FA81F380E81A00C0E90321B0BD14211F
:107D80001AF04BFFB0BDD4D4B0B502AF06F0D2F8B4
:107D90000548FEF7D4FF2CB115F8010BFFF70AF8E0
:107DA000013CF8E7B0BD00BF15000000B0B502AF60
:107DB0000546044805F087FF28462146BDE8B04047
:107DC000FFF7E2BF0D000000F0B503AF2DE9000F93
:107DD0008BB0D1E900562221D6F81090D0E900846A
:107DE0002846C847002840F0E180002C00F0B2800F
:107DF0000022002321460595CDE901960394CDF894
:107E0000108008EB0106002018F80050A5F17F044F
:107E100014F15F0F07D3222D18BF5C2D03D0013062
:107E20008142F1D199E008EB00010696164688469A
:107E300018F9012BD4B2B2F1FF3F22DC4D7804F0E7
:107E40001F0CE02C05F03F0512D38A78F02C02F0CD
:107E50003F0242EA851510D3CA780CF0070401F1FD
:107E6000040802F03F0242EA851242EA844408E034
:107E700045EA8C1401F1020803E045EA0C3401F1F3
:107E80000308C51807A821464FF00112FDF728FE88
:107E90009DF828A09DF829B0ABEB0A095FFA89F09C
:107EA000012802D10699324640E003993246B54294
:107EB000C0F084808D4200F281808A420CD022B1D1
:107EC0000498805610F1410F78DD8D4204D004985B
:107ED000405710F1410F71DD049881180298AA1AD9
:107EE000C6680598B047002860D1BBF1810F04D364
:107EF00007990598019A904705E007A84A4600EBC4
:107F00000A010598B047002850D1802C02D20120E8
:107F100006990AE00699B4F5006F01D2022004E048
:107F20000420B4F5803F38BF03204219802C01D2D1
:107F3000012009E0B4F5006F01D2022004E0042022
:107F4000B4F5803F38BF03204319B1EB08017FF43B
:107F500058AF03E00022002321E00B44059D9A4224
:107F6000DDE90196DDE9031898BF8B4204D9174873
:107F700000904046FEF730FB8A4201D10A460EE0EF
:107F800022B118F9020010F1410FF0DD8B4201D14E
:107F90000B4604E018F9030010F1410FE7DD08EB90
:107FA00002019A1AF3682846984718B101200BB0CD
:107FB00005F04BBB28462221C847F8E702482B466C
:107FC00000900498FEF708FB98BC0400A8BC0400CD
:107FD0000548C16819B94FF0FF31C160704780B5DD
:107FE0006F460248FEF724FD0C8A0320C8BF040038
:107FF000B0B502AF04464348FEF7A1FE04F13C00D1
:10800000192814D904F181000E2821D904F10E0198
:108010000D2900F229803C48DFE801F00763673151
:108020003131313131613131656C4F4862E0DFE827
:1080300000F00D26264C4E26462626444A2650524F
:10804000263E4854403C262626262642374851E004
:10805000DFE800F00823252921151515151515153C
:1080600015152700294845E014F1700041D014F19E
:1080700069003CD014F1160001D13A483AE03F487B
:108080003F4DA8471F48A8473E48A8472046FEF74F
:1080900013FF00202EE021482CE01D482AE01D4857
:1080A00028E01F4826E01C4824E02C4822E027480E
:1080B00020E029481EE02A481CE020481AE01E481B
:1080C00018E0234816E01E4814E0194812E0194849
:1080D00010E01C480EE01C480CE01E480AE0254851
:1080E00008E0224806E0244804E0214802E00E4867
:1080F00000E00C48FEF723FE0020BDE8B040FEF78C
:108100001EBE00BF14000000C8010000BD01000039
:10811000BE010000BC010000C3010000B40100006A
:10812000B8010000B7010000C1010000CC0100004F
:10813000C6010000BB010000B5010000C001000045
:10814000BF010000B1010000B2010000C701000042
:10815000CB010000C9010000C5010000CA010000F8
:10816000B3010000B9010000B6010000B001000039
:10817000C4010000BA010000C2010000CD010000EE
:108180003F6D02005F01000080B56F460C4600F0B5
:1081900011F8054606480E46FEF7F2FD711E284608
:1081A000FCF74EFD05F099FDFEF752FFFEF79EFE2F
:1081B000A4000000D0B502AF04461AF05BF8411CE1
:1081C0002046D0BDF0B503AF2DE9800F00240A2969
:1081D00000F2E8800546774ADFE801F039E4E4E49C
:1081E000E40606E4E481E7004FF480789146C2F8A3
:1081F0008080BFF34F8FBFF36F8FFFF7E9FE6E4EA6
:108200006E4806F134013064F06886F83940013078
:10821000F0602846C9F8008017F0F8FC002840F10B
:10822000C18005466648FEF7ABFD2846FFF7E0FE35
:10823000FEF70EFFC9F88080BFF34F8FBFF36F8F3B
:10824000FFF7C6FEC6E9084506F12C0055E04FF4DD
:108250008070C2F88000BFF34F8FBFF36F8FFFF7BE
:10826000B7FE554C58482169002972D0D4F828B07F
:10827000012945D16269E16900918A4269D2554973
:108280004FF0020EA3694FF00A08514E4FF000095B
:1082900042F210758C464FF0010AC0F800E0C0F8B9
:1082A00018808159C907FCD042618159C907FCD0A7
:1082B0002B44C0F80090A361634507D302F58052B8
:1082C000009900238A42C4E9052342D23F49C1F8FC
:1082D00000A0D1F8001529445945DED34BE04FF4F6
:1082E00080709146C2F88000BFF34F8FBFF36F8F4D
:1082F000FFF76EFE304804612C30FFF76FFA49E05B
:10830000D4E905EC0026D4F81C80B8F1000F16D093
:108310002E4901222E4B0260C558ED07FCD05CF8B7
:1083200026504EF82650C558ED07FCD00A6001369D
:10833000D1F8005529355D4538BF4645EBD30CEBE8
:108340008603B8EB06010EEB8602E161C4E9052362
:1083500011D1002101601E494258D207FCD00220F1
:1083600004F8440F4FF0FF3044F8240CA4F1180037
:10837000FFF734FA0CE0032004F8440F47F23050C2
:1083800044F8040C012004F80B0CA4F11000606008
:10839000084881460848C1680131C1604FF48070C7
:1083A000C9F80000204605F041BF0648FEF7F4FC7E
:1083B000FEF79CFD00E100E00C8A0320FF3F420F26
:1083C00057000000A500000004E501404080004087
:1083D000FCFEFFFF094C0100DCB504AF0246D1E909
:1083E00000011268136803F13C04192C14D903F13D
:1083F00081040E2C22D903F10E040D2C00F22B80E7
:10840000DFE804F0077A7D3434343434348534348E
:108410007781CB685C4974E0DFE804F00D282858C8
:108420005C284F28284B55285F6328425267453FF8
:10843000282828282848CB68444972E0DFE804F05F
:108440000821242A1E1616161616161616162700AA
:10845000CB68364947E013F1700460D013F169042A
:1084600059D0163302D1CB6846494AE04C4BCDE98E
:1084700000236B464B4AFCF795FFDCBDCB682F49C8
:108480004FE0CB682A4916E0CB682A4913E0CB6855
:108490002B4910E0CB68284933E0CB6837491EE010
:1084A000CB6832491BE0CB68334904E0CB683449E0
:1084B00027E0CB6829490B2234E0CB6826490EE03F
:1084C000CB682B4913E0CB68254901E0CB682049F4
:1084D000082227E0CB681F491FE0CB6821490A2208
:1084E00020E0CB6820490C221CE0CB6821490F22F8
:1084F00018E0CB68284904E0CB68244901E0CB6848
:10850000234906220EE0CB68052224490AE0CB6805
:108510000322204906E0CB680B49072202E0CB6822
:108520000849092202B0BDE8D0401847CCC0040079
:10853000C1C00400B6C00400B0C00400A7C004005D
:108540009CC0040093C004008CC0040083C00400DD
:10855000F07F04007CC0040072C0040067C0040007
:10856000B87F04005DC0040051C0040047C004008F
:1085700038C0040029C004001EC0040014C0040058
:108580000EC0040008C0040002C00400FCBF0400C8
:10859000F6BF0400F3BF0400EDBF0400E8BF040011
:1085A000A9850200254B0400F0B503AF2DE9FE0FAD
:1085B000D0F800E0A7F126080D46BEF1000F704686
:1085C00048BF4042B0F57A7F22D328490024DFF823
:1085D00098B042F210794FF0640A03958C46034636
:1085E000B0FBF9F000FB193508EB0401043CAEB216
:1085F000B6FBFAF63BF81620CA8006FB1A5292B276
:108600003BF812200A816345E9D8039D0A3400E053
:108610000A2409280DD981B26423B1FBF3F212496F
:1086200002FB1300023C80B231F8100028F804006D
:1086300000E0024632B10C48013C00EB42004078B9
:1086400008F80400C4F10A0008EB04010122002329
:10865000CDE900106FEA0E00C10F2846FDF74CF976
:1086600007B0BDE8000FF0BD39B904007F9698004F
:10867000F0B503AF4DF804BD154B187BBFF35F8F0A
:1086800008BBEFF310810122002472B61A73114A5D
:10869000022C06D052F8245003EB84060134756690
:1086A000F6E70D4C0023022B06D054F82350ED437F
:1086B00042F823500133F6E7BFF34F8FBFF36F8FBC
:1086C000C90700D162B6002818BF012004F06ABFB4
:1086D000A0E6032080E100E0D07F0400F0B503AF06
:1086E0004DF804BDB8B90D49EFF3108000220C4BD2
:1086F00072B60C4C0A73022A0AD001EB820653F8B8
:108700002250766E26EA050544F822500132F2E73F
:10871000C00700D162B604F042BF00BFA0E603204C
:10872000D07F040000E100E080B56F460A460146B4
:10873000002006F02DF800EAE07080BD80B56F469D
:108740000C46FFF737FD054606480E46FEF718FBB8
:10875000711E2846FCF774FA05F0BFFAFEF778FCA4
:10876000FEF7C4FBA9000000026872B90279022A70
:1087700002D10171002104E0514011F0010118BF44
:108780000C21002202600846704780B56F46014800
:10879000FEF74EF9E8C0040080B56F460248BDE818
:1087A0008040FFF747B800BFD8D9032080B56F4697
:1087B00001F12002BDE8804018F02ABBF0B503AFFC
:1087C0002DE9FF0BD1E900540C2200681749D4F8B9
:1087D0000C90D0E900862846C847E0B9D6E90001E8
:1087E000CDE9000106F10C011148CDE90501214652
:1087F000079006F1080004900E48039068460E4A60
:10880000029002AB2846FCF7CDFD20B90B49284663
:108810000222C84718B1012008B005F00CBBD8E906
:10882000002328462146FCF7BDFDF5E784BC040083
:10883000EF640200515302000950040090BC040090
:10884000FEB506AF134972B60A78DAB901220A708A
:1088500000901148FEF794FA1048FEF770FA10489D
:108860000290684601900F48049001A80E490390B9
:10887000781E03AAFEF7CAFA0C480121FEF716FC7F
:10888000FEF7E6FB0A48016821F48021016000DE62
:10889000FEDE00BFE0D90320B000000007000000AA
:1088A00008C10400FD6D02003E3F0400D0BC04007E
:1088B00024ED00E0D0B502AF0C46994201BF11464D
:1088C0002246BDE8D0401AF044BBBA68204619469B
:1088D000FEF773F9F0B503AF4DF804BD82B01C4646
:1088E000B4EB810F034628BF8C00E01C8508B1EB78
:1088F000900F11D300F47F76B44212D80C48214671
:10890000009010461A462346FFF7D4FF284621461A
:1089100002B05DF804BBF0BD074B0E4600202946AF
:1089200002E0044B002021463246FDF7E1FB00BF88
:1089300038C1040028C1040018C10400F0B503AF19
:108940002DE9FE0F4FF0000A044680F81AA042F607
:108950000300A4F81B00881C0D4601F0E3FC0DF198
:108960000409804609F101000E4613211AF0E4F9CA
:10897000184B0121E87C03228DF80400484603F0DF
:1089800039FA2A88022327F81E2C4FF0020B124ACC
:108990000092A7F11E02FFF78DFFF51C0F4B484612
:1089A00003212A4603F026FA0D4A334604F01AFD45
:1089B000E01C494614221AF0CCFA4FF4407084F8B7
:1089C00017A0A570657084F800B0208307B0BDE8DB
:1089D000000FF0BD18DA040028DA040038DA0400C9
:1089E00048DA0400F0B503AF2DE9000798B007ADF1
:1089F0008146112204F0B4FD284601F093FC0DF1EC
:108A0000300805468A46142140461AF006F91B4BE9
:108A100050464146142202F0D7FE194A534605F04B
:108A200069F9424602A992E8790014228C468CE842
:108A3000790002208DF8340008F107008DF836A087
:108A40008DF835A0CDF830901AF083FA4FF420500D
:108A5000ADF84F004FF44030CDF84B00484600F0E1
:108A6000FFF80D4608F1040100F006F9014604F094
:108A70003BFE484618B0BDE80007F0BDE0D9040051
:108A8000F0D90400F0B503AF2DE9000F9DB0054605
:108A90000846CDE900328A4600F0E2F804468B46EB
:108AA000008802214FF000088DF81B104FF4285168
:108AB00000F10209ADF80B108DF80A80ADF80890AE
:108AC000ADF863108DF8628007AE02A93046FFF75B
:108AD00035FF2046314600F0CFF84FF440708DF856
:108AE0004880ADF86000009814900198139012A986
:108AF000204600F0C1F84FF4285085F80C8005F0AE
:108B00009AFADBF80000A5F80A900130A5F8089061
:108B1000A5F80480C5F800A0CBF800001DB0BDE8A2
:108B2000000FF0BDF0B503AF2DE9000F9DB0054675
:108B300008460192894600F093F804468A46008868
:108B400002214FF0000B8DF81B1042F6012100F1BD
:108B50000208ADF80B108DF80AB0ADF80880ADF83A
:108B600063108DF862B007AE02A93046FFF7E6FE4B
:108B70002046314600F080F84FF440708DF848B040
:108B8000ADF86000022014900198139012A92046BD
:108B900000F072F842F6012085F80CB005F04BFAAF
:108BA000DAF80000A5F80A800130A5F80880A5F8D9
:108BB00004B0C5F80090CAF800001DB0BDE8000F71
:108BC000F0BDD4D4F0B503AF2DE9000F9BB005463E
:108BD0000846884600F044F8044689460088022189
:108BE0000DF1140B8DF8131042F6A621002600F1AA
:108BF000020AADF80310ADF85B10694658468DF8CF
:108C00000260ADF800A08DF85A60FFF797FE20468D
:108C1000594600F031F84FF440708DF84060ADF8DF
:108C20005800012012900D48119010A9204600F024
:108C300023F842F6A6202E7305F0FDF9D9F80000BE
:108C4000A5F80AA00130A5F808A0AE80C5F80080FC
:108C5000C9F800001BB0BDE8000FF0BDD4CE040081
:108C60000146006808B905F033B980B56F46014880
:108C7000FDF7DEFE68C10400F0B503AF2DE9000B7F
:108C80008CB005680E2D0AD804462C2005FB004048
:108C90002C2204301AF05DF9681C206004E091F881
:108CA0001AE0BEF1FF0F03D1681C0CB005F0C3B889
:108CB0000B460DF10408B3E875021B31C446ACE85D
:108CC000750211221888ACF8000008F11B008DF81D
:108CD0001EE01AF03EF904482B210090424603485A
:108CE000034BFDF7F4FE00BF48C2040052D004005D
:108CF000DCC1040080B56F4600F006F800680A6821
:108D0000013A0A6080BDD4D4014600686FF0004289
:108D100090423FBF421C084604C0704780B56F4672
:108D20000148FDF7A3FE00BF58C10400D1E90023AC
:108D30009A4205D10B7ADB0702BF0221017070470E
:108D4000D0B502AF04F03CFCC0E90034501C821ED8
:108D500018BF02460A60D0BDB0B502AF04F00BFBED
:108D60001DB104F067FA013DFAE7B0BD04490A6895
:108D70000AB904F0F1BB80B56F46FDF759FE00BF9C
:108D800038E0032004490A680AB904F0E5BB80B55D
:108D90006F46FDF74DFE00BF30E10320D0B502AFB6
:108DA00004F099FE02D10C7AE40708D005F002F82D
:108DB000B2F10803846018BF13460B6001230360FF
:108DC000D0BDB0B502AF04F0D6FA1DB104F032FA4E
:108DD000013DFAE7B0BDD4D404490A680AB904F0E9
:108DE000BBBB80B56F46FDF723FE00BFC8E1032083
:108DF000D1E900239A4205D10B7ADB0702BF022199
:108E0000C1707047F0B503AF4DF804BD00230B727D
:108E1000531C02EB82021C1F18BF1C460C6001EBA6
:108E200082010C3191E87C007CC05DF804BBF0BD90
:108E3000B0B502AF04F09FFA1DB104F0FBF9013D9B
:108E4000FAE7B0BDB0B502AF04F095FA1DB104F079
:108E5000F1F9013DFAE7B0BDB0B502AF04F08BFA0D
:108E60001DB104F0E7F9013DFAE7B0BD04490A6815
:108E70000AB904F071BB80B56F46FDF7D9FD00BF9C
:108E800088E40320D0B502AF04F025FE02D10C7AAD
:108E9000E4070CD00B721346002A18BF01330B6095
:108EA00001EBC20101230A69097B82600171036041
:108EB000D0BDB0B502AF04F05EFA1DB104F0BAF94E
:108EC000013DFAE7B0BDD4D404490A680AB904F0F8
:108ED00043BB80B56F46FDF7ABFD00BF80E50320C7
:108EE000D1E900239A4205D10B7ADB0702BFFF21AB
:108EF00001707047D0B502AF04F062FB002AC0E9F0
:108F0000003418BF01320A60D0BDD4D4F0B503AF2D
:108F10002DE9000FA7B00290180CADF878300E467E
:108F20008DF87A001CA800F10801B8689346002269
:108F30004FF0000A032A04D08B5C01324AEA030A8C
:108F4000F8E700F08BF807AD04468846142104F0DA
:108F500086FE404841460090284622464346FFF799
:108F6000A9FC30460696FFF77BFE0491064604886E
:108F70001CAD05F11A005946112219F0EAFF0DF156
:108F80003009594609F102001122CDF814B019F048
:108F9000E0FF0DF1440BA01C03904946ADF83000F2
:108FA00058468DF843A0FFF7C9FC30465946FFF7F5
:108FB00063FE002400201AF04C0F08BF03208DF838
:108FC00089005FEA8A704FF0000058BF03208DF8D7
:108FD000880041F202108DF87280ADF87000E81C34
:108FE00007A9142219F0B5FF012029468DF8870042
:108FF0003046FFF741FE1AF0300F10D042F6021053
:109000008DF88A40ADF88B0013481C903046ADF8BF
:1090100088401CA9FFF730FE06460124FFE70499AB
:109020001122029D04F0C1FA059905F10C0019F016
:1090300090FF0399002C85F81DA0084618BF304604
:10904000688106982981EE80AC80286027B0BDE851
:10905000000FF0BD48C1040003000200016812299E
:109060003CBF0430704780B56F46024B0020112290
:10907000FDF73EF858C20400F0B503AF4DF804BD4B
:1090800082B0044600208DF806008AB2ADF80400D4
:1090900001A903280AD0451CD3090A5407D0D2B22B
:1090A00042F080020A5428461A46F2E7032504F0EB
:1090B00046FB01D9022006E001A930462A4619F0F4
:1090C00048FF05F0F5F804F0A0B8D4D4D0B502AF4D
:1090D00004460648FDF733FE0549E0B251F820008A
:1090E0000078BDE8D040FDF765BE00BFCE010000AE
:1090F00078E10400F0B503AF2DE9800F04461C4869
:109100001C4EB04794F87400FDF754FE94F87500B7
:10911000FDF750FEDFF860804046B0471748B04783
:1091200004F1100001F0F0FF4046D4E900B5D4E9A5
:10913000029AB0471248B047584629464A46534615
:1091400002F02CF80020B0470020B0474046B0475E
:109150000C48256BB04704F134002946FEF714FE95
:1091600000203146BDE8080FBDE8F040084700BFC9
:10917000D80100003F6D020014000000270200002B
:109180002F020000DE010000F0B503AF4DF804BD72
:1091900082B006461D480068C00531D11D481E49F1
:1091A000F5F7ACFA0546007C0C46012804D105F120
:1091B00008016846FFF7BAFD686FE0B1297C29B164
:1091C000F0B2022817D01548FDF728FCD5E90212A5
:1091D00005EBC203C3E90560501C821E18BF02469E
:1091E000EA60914204BF0120287403F0EAFF05F110
:1091F0002400FFF7B1FD04F046FA02B004F0CFB945
:109200000348FDF7C9FDFDF771FE00BF04ED00E066
:10921000B1000000B0DF0320A8C1040028C2040090
:10922000F0B503AF2DE9800F3C4C82463C4A002844
:10923000DFF8E480254618BF45461068C0055DD1BB
:10924000286800285FD14FF0FF30264628605FEA8B
:10925000CA7918BF4646307BC00709D02046BAF10C
:10926000000F18BF40469346B830FEF7B7FA5A468B
:10927000002021467060BAF1000F18BF4146087304
:10928000886004F031FA1168C90537D1D8BB4FF0B6
:10929000FF30BAF1000F2860204618BF4046027B1D
:1092A000002142BB04F10D022346B9F1000F1CBF9F
:1092B00008F10D024346D3F808C00CEB8C0642F8C7
:1092C000161002EB4602118151600CF10101B1F15F
:1092D000100218BF0A469A605968914204BF0121E2
:1092E0000173BAF1000F18BF444604F1B000FEF755
:1092F00075FA2868411C296004F063BB0948FDF732
:109300004BFDFDF7F3FD0848FDF73AFD01F0C8F805
:10931000FDF79EFEFDF7EAFD30DE0320F0DE0320C0
:1093200004ED00E0B1000000C7000000B0B502AFDE
:109330000468A318042B04D90020042B88BF012043
:10934000B0BD0434002AF7D011F8015B013A05558D
:10935000E51E05600134F5E7F8B504AF03900A4651
:1093600003A908230548CDE900310549054B0290C2
:1093700010460322FDF72EF804B080BD15D0020080
:1093800030C30400E87F0400BCB504AF04461748AE
:109390000068C00524D11748FFF7E8FC1648D0F84C
:1093A000EC100C293FBF0268D0E90235C4E9003552
:1093B000A0603FBF0131C0F8EC10511C016038BF04
:1093C000BCBD0168A7F109020E4B0131016000200C
:1093D000B52107F8090C094800900948FDF777FB0B
:1093E0000348FDF7D9FCFDF781FD00BF04ED00E067
:1093F000B100000078C1040038E0032020C304005D
:1094000068C20400BCC1040080B56F460078074AFA
:10941000074B002818BF13464FF0190218BF182237
:1094200004F0D2FABDE88040604700BF15C40400D4
:10943000FCC304000B490968C9050BD10B49022282
:10944000487008780A70012818BF7047D1E90110E8
:109450004968084780B56F460348FDF79DFCFDF756
:1094600045FD00BF04ED00E0B100000018E7032057
:10947000F0B503AF4DF8048D804604F079FD00F59A
:10948000107090E87C1088E87C1004F090FA5DF889
:10949000048BF0BDD0B502AF034600686FF0004406
:1094A000A0420FD201301860D0B2814281BF4FF488
:1094B0005E7110FB01300830194688BFD0BD044AE8
:1094C000FCF75CFE0148FDF7D1FA00BF38C204008A
:1094D00098C10400F0B503AF4DF804BD82B0044656
:1094E00016480068C00524D1164D17492846F5F7DF
:1094F00005F9026D062A03D900200023002503E0A8
:10950000531C0365D0E900030E6801360E60072A7C
:109510003FBF29C402B05DF804BBF0BD07F8110CD1
:10952000A7F111020948BA2100900948094BFDF73B
:10953000CEFA0348FDF730FCFDF7D8FC04ED00E05F
:10954000B1000000D0E5032078C1040010CC040075
:1095500054CB0400BCC10400DCB504AF1349096856
:10956000C9051DD113490A68BAB98A6E092A3FBFD5
:1095700000230B60D1E90234C0E900343FBF8160B1
:10958000501C8866DCBD00200E4B04F05DFAB7214C
:109590000A4800900A48FDF79AFA0748FDF748FA8A
:1095A0000348FDF7F9FBFDF7A1FC00BF04ED00E067
:1095B000B100000000E4032078C1040078C6040074
:1095C000C0C50400BCC10400F0B503AF4DF804BD34
:1095D00082B0044616480068C00524D1164D1749CC
:1095E0002846F5F78BF8426F062A03D9002000239E
:1095F000002503E0531C4367D0E900030E680136E1
:109600000E60072A3FBF29C402B05DF804BBF0BD5D
:1096100007F8110CA7F111020948C321009009486D
:10962000094BFDF754FA0348FDF7B6FBFDF75EFC66
:1096300004ED00E0B1000000B0DF032078C10400B9
:1096400014C8040050C70400BCC10400DCB504AF5A
:1096500013490968C9051DD113490A68BAB90A6BCB
:10966000022A3FBF00230B60D1E90234C0E9003475
:109670003FBF8160501C0863DCBD00200E4B04F02E
:10968000E3F9BD210A4800900A48FDF720FA07488F
:10969000FDF7CEF90348FDF77FFBFDF727FC00BF80
:1096A00004ED00E0B100000098E2032078C104005E
:1096B0007CCA0400BCC90400BCC10400DCB504AF12
:1096C00013490968C9051DD113490A68BAB9CA6C9A
:1096D000022A3FBF00230B60D1E90234C0E9003405
:1096E0003FBF8160501CC864DCBD00200E4B04F0FD
:1096F000ABF9BA210A4800900A48FDF7E8F9074893
:10970000FDF796F90348FDF747FBFDF7EFFB00BFB8
:1097100004ED00E0B100000048E6032078C1040039
:10972000E8C404002DC40400BCC10400D0B502AFDD
:10973000D1E900329A4208D10C7AE40705D104211C
:109740000022C0E9001281600FE00C3101EBC3047C
:109750009A42046005D90421D21AC0E901210022ED
:1097600003E0C3F10803C0E90131C260D0BDD4D425
:10977000F0B503AF4DF804BD82B00D460181090C70
:10978000817222480268D2053BD1224A95809171AC
:109790000068C00535D120482049F4F7AFFF0646E0
:1097A00090F860000C46012804D106F15801684683
:1097B000FFF796FB306DF8B196F8601029B1E843D9
:1097C000000619D01648FDF729F9D6E91612002A25
:1097D00006EBC20325F07F45C3E9195018BF0132DB
:1097E000F265914204BF012086F8600004F0CAFAD5
:1097F00006F10800FFF7B0FA03F045FF02B003F0EE
:10980000CEBE0348FDF7C8FAFDF770FB04ED00E09B
:10981000B10000000C8A0320D0E50320A8C1040099
:1098200028C2040080B56F460248FDF7B5FAFDF77F
:1098300087FE00BF59000000D0B502AF04460C48B7
:109840000068C0050ED10C48FFF73EFB0B48816C49
:1098500011B10121617003E0012160608164002188
:1098600003F01BBF0348FDF797FAFDF73FFB00BF6E
:1098700004ED00E0B100000088C1040080E5032091
:10988000D0B502AF04460D480068C00511D10D489F
:10989000FFF76CFA0C48D0F8F010042902D9012126
:1098A000617004E00131C0F8F0106060002103F045
:1098B000F4BE0348FDF770FAFDF718FB04ED00E075
:1098C000B100000088C1040038E00320B0B502AF49
:1098D000D1E9684502220270C0E90245D1F8AC45E1
:1098E000D1F89021D1F89831D1F84014C0F8164041
:1098F0007D246143090B818202FB04F1090B418243
:1099000003FB04F1090B0182B0BDD4D4F0B503AF61
:109910002DE9800F81460078DFE800F006704547AA
:1099200038A3A56EB243A72703F070FF7D48FDF76B
:1099300006FA99F80100FDF73DFA7B48FDF7FFF9BB
:109940006A4E99F80200012840F0B9800120B04722
:10995000774804F01CF92046B0477648FDF7EFF948
:10996000754850F825000078B1E00B20FDF722FA89
:109970005A48FDF7E4F95A48FDF7E1F94D4615F864
:10998000010F022840F08780002073E00420FDF7DB
:1099900011FA09F10100BDE8080FBDE8F040FBF73E
:1099A0006BB9092062E0022060E0DFF8408103200B
:1099B000C0474F484F4EB0474F4899F80440B04712
:1099C0004E4850F824000078C0474D4899F80240AE
:1099D00099F80350B0472846C0474A48B0474A481C
:1099E00050F824000078C04799F80100BDE8080F3E
:1099F000BDE8F04000F050BB072037E003F04AFE1E
:109A000042483C4DA84799F80E00FDF7D3F940486D
:109A1000A8474048A847DFF808A1A7F11E0B002679
:109A20000C2E1CD03C4809EB060595F80580FDF787
:109A300086F908F00100FDF7BDF938482C79FDF7EB
:109A40007EF95AF824000078FDF7B4F968880221FD
:109A500027F81E0C5846FDF729FB0436E0E703F013
:109A6000B0BF052006E0062000E00A20FDF7A2F9BD
:109A700099F80100BDE8080FBDE8F040FDF79AB97C
:109A80000820FDF797F9B9F80200BDE8080FBDE816
:109A9000F040FDF754B903F0FDFD124899F803407A
:109AA000FDF74DF9104850F824000078FDF782F9D1
:109AB0002846BDE8080FBDE8F04000F0D1BA00200C
:109AC000B0471A4804F063F82846B04720463146AC
:109AD000BDE8080FBDE8F040084700BFD001000016
:109AE000F3010000E3010000E8E10400B56D0200AD
:109AF000E50100003F6D0200E6010000D8E104002E
:109B0000E1010000DF010000F4E10400D7010000E2
:109B100008000000CF010000DA010000DD010000B4
:109B2000C4E10400D5010000D3010000D40100000D
:109B3000DB010000D1010000B8E10400D0B502AFA4
:109B400004460D480068C00511D10D48FFF744F9DF
:109B50000C48D0F8C810032902D90121617004E033
:109B60000131C0F8C8106060002103F096BD0348C1
:109B7000FDF712F9FDF7BAF904ED00E0B1000000BD
:109B800088C10400C8E10320F0B503AF2DE9F00758
:109B900001EB020C4B1D924681460022002600205C
:109BA000CDF804C0052A15D01446924514D00D579F
:109BB00005F07F02B24007361043621C002DF1D43D
:109BC0001144042C009136D1EAB20F2A33D9FF2078
:109BD000052605E0052601E0042663460093FF20E4
:109BE00000213202C3B292B2FF2B0DD0DDE9005446
:109BF0004DB11143C04341EA0302000604D0281BC3
:109C00000021504410E022026FF0010000EB12200E
:109C1000C0B20B2804D2504951F82020012103E0A2
:109C2000100A0121C0B20322C9E90012C9F80800D4
:109C3000BDE80F07F0BD0C2800F287804B1EDFE85F
:109C400000F01C07070707092D40263915071F00DC
:109C50000021C6E7032003906846029002A8DEF7C1
:109C600064F803F0F1FB36D1FF2069E061452FD0A5
:109C7000981C00900E780A20B2E700210020B0E77F
:109C8000614525D00E78981C00900C20A8E761450E
:109C90001ED0981C00900E780820A1E702200390A7
:109CA0006846029002A8DEF740F803F0CDFB20D111
:109CB000FF203AE061450BD0981C00900E780920F7
:109CC0008EE7614504D0981C00900E78072087E746
:109CD000FF20042684E7C0073AD002A8DEF725F863
:109CE00081B24FEA1128C1B202290FD1FF204646A6
:109CF00026E0C0072ED002A8DEF717F881B2C2B264
:109D0000090A022A0DD1FF200E460EE0C0071FD01F
:109D100002A8DEF70AF8C1B2022909D180B2060A08
:109D2000A2E7C00716D00804063000F47F0158E708
:109D3000C1070DD000F47F4040EA08000004053060
:109D40004FF6FF7120EA01014BE7FF200E2647E79F
:109D50000E2689E70E26ABE700E20400D0B502AF7D
:109D6000044600780421142888BFA0F11501C8B268
:109D7000DFE800F0031A1012051C00201AE004208E
:109D8000FDF718F8204600F019F8E01C00F016F86E
:109D9000A0790FE0022000E00320FDF70BF8601C23
:109DA000BDE8D04000F00AB8012003E00520FDF72F
:109DB00001F86078BDE8D040FCF7FCBFD0B502AF39
:109DC00004460448FCF7BBFF2046BDE8D04000F045
:109DD00003B800BFEE010000B0B502AF0446007842
:109DE000DFE800F00B3220291A515E306C1E6A1831
:109DF0001C5C16240D43606E4F00002064E01020B0
:109E0000FCF7D8FF43486478FCF799FF424834E0F8
:109E10000E2008E00B2057E0042052E00C2050E018
:109E200009204EE00220FCF7C5FF09E00F20FCF7F7
:109E3000C1FF60784FE003F0F8FFA07800F0FAF877
:109E4000607827E007203CE003F024FC3348657885
:109E5000A478FCF774FFDDB3012D40D103F01AFCA8
:109E60003548FCF76CFF354807E01120FCF7A2FFEE
:109E700026486478FCF763FF254850F824000078F2
:109E800022E014201DE00520FCF794FF6078FCF729
:109E900091FFA078BDE8B04000F052B80D2010E06E
:109EA00006200EE01220FCF785FF17486478FCF7C7
:109EB00046FF04F0010007E00A2005E0082000E06A
:109EC0001320FCF777FF6078BDE8B040FCF772BF65
:109ED00003F09CFC2046BDE8B04000F0ABB803F0B6
:109EE000F5FE0F48FCF72BFF64B1812C06D0822CC5
:109EF00006D0832C14BF0C480C48C0E70D48BEE7C1
:109F00000B48BCE70748BAE7E9010000E20100009E
:109F10006CE30400E0010000FCE20400EA01000040
:109F2000EF0100009E3B040010DA040020D1040081
:109F300048D00400D4CE0400F00100002CE204005C
:109F4000F0B503AF2DE9FC0B04463548FCF7F7FEEE
:109F50003448FCF7F4FEE720DFF8D0908DF81700C6
:109F6000E0B2C009DFF8C0808DF81600E6208DF859
:109F70001500C4F380108DF81400E5208DF813004F
:109F8000C4F340108DF81200E4208DF81100C4F3E2
:109F900000108DF81000E3208DF80F00C4F3C0000E
:109FA0008DF80E00E2208DF80D00C4F380008DF8CE
:109FB0000C00E1208DF80B00C4F340008DF80A007E
:109FC000E0208DF8090004F001008DF808006846D3
:109FD00000F108050120002405EB4401082C13D0F2
:109FE000013411F8022B012AF8D1C00711F8016CD5
:109FF00004BF4046FCF7A3FE4846FCF7A0FE3046EF
:10A0000000F018F80020E7E70948FCF798FE002068
:10A0100006B0BDE8000BBDE8F040FCF790BE00BF05
:10A0200014000000F8010000F5010000FE0100002E
:10A03000F9010000D0B502AF04460748FCF77FFEE7
:10A0400084F080000549C0B251F820000078BDE8D6
:10A05000D040FCF7AFBE00BFED01000088E3040074
:10A06000D0B502AF04460948FCF769FE2078012804
:10A0700006D103F00FFB0748FCF761FE601C00E00F
:10A0800003480078BDE8D040FCF794BE0E00000005
:10A090009E3B040015000000D0B502AF0446044802
:10A0A000FCF74DFE04F00100BDE8D040FCF782BE95
:10A0B000F4010000F0B503AF2DE9000B0446214880
:10A0C000DFF88490C8472078FFF73AFFDFF87C80FC
:10A0D00065784046C8471E48C84705F001001D4E38
:10A0E000B047C5F34000B047C5F38000B047C5F3A3
:10A0F000C000B047C5F30010B0470020C847404635
:10A10000A478C8471448C84704F00100B047C4F316
:10A110004000B047C4F38000B047C4F3C000B0476C
:10A12000C4F30010B047C4F34010B047C4F380102C
:10A13000B047E009B04700204946BDE8000BBDE844
:10A14000F0400847F20100003F6D020014000000DB
:10A15000F6010000B56D0200F7010000B0B502AFD6
:10A160000546044803F0AFFD28462146BDE8B0404F
:10A17000FCF7AABEEC010000D0B502AF04460448CB
:10A18000FCF7DDFD2046BDE8D040FFF7E7BD00BF8E
:10A19000F1010000F0B503AF4DF804BD42184FF0D7
:10A1A000EE31114B90420DD00478614008243CB14F
:10A1B00083EA5105CE0708BF4D08013C2946F6E762
:10A1C0000130EFE7C84360B14FF0FF3252FA80F23E
:10A1D000FD2A07D96FF00100484003D10348FCF77E
:10A1E0001DFC012003F0DEB9783BF68290CE04001E
:10A1F000B0B502AF6FF0010141F62E224B1C0021D9
:10A2000002290DD0445C634008243CB1C3F34E05E1
:10A21000DB0718BF5540013C2B46F6E70131EFE75D
:10A22000D843190408BF4FF6FE70B0BDD0B502AFD9
:10A230000068054A007852F82040044A03F0D7F934
:10A24000BDE8D040184700BF94E7040088E7040049
:10A25000D0B502AF0448054CA0470548A0470020F0
:10A260002146BDE8D0400847140000003F6D0200C1
:10A270005E010000B0B502AF43F609520023A0FB17
:10A28000024001FB02050D4A2046294618F06EFEE9
:10A29000000404216FF0F052121BA94138BF40F2B4
:10A2A0000120010604BF000CB0BD0548FCF768FDA5
:10A2B000FFF7CEFFFCF7CCFEFCF718FE00E204002F
:10A2C000C8000000F0B503AF4DF804BD82B00546EC
:10A2D000D0E90130834201D1002009E02A68461C00
:10A2E0000C46064903F031F921B104700220AE603A
:10A2F00002F08BBF024A02F070FF00BFB4CE040030
:10A30000D4D70400814205D399429FBF0244091A61
:10A3100010467047D0B502AFBC681A462346FBF71B
:10A32000E7FED4D480B56F4610F8011B014A52F8FD
:10A33000211080BDA0E70400E0B502AF134602463D
:10A3400012F8010B80B1012801BF0C4800900846AB
:10A3500019460FBF04230848009008461CBF194641
:10A360001023FEF7A7FA8CBD054800900846194651
:10A370000223FEF79FFA8CBDF4D30400E4D304005B
:10A38000D4D30400F0B503AF4DF804BD82B0054648
:10A39000D0E90130834201D1002009E02A68461C3F
:10A3A0000C46064903F0D1F821B104700220AE60DA
:10A3B00002F02BBF024A02F010FF00BFB4CE04002F
:10A3C00000DA0400F0B503AF4DF804BD82B00446D6
:10A3D000D0E901300D46191A022901D200250FE0FB
:10A3E0002268861C084903F0B0F8084A022300924C
:10A3F000A7F1120227F8125C0225FEF75BFAA660AD
:10A40000284602F002BF00BFB4CE040058DA0400B0
:10A41000F0B503AF4DF8048D05460868A0BB0C46A7
:10A420004FF0FF3132F8020B4FF6FF782160217CAC
:10A4300049B140451DD025F8020B1146362203F0E4
:10A440008FF800201DE0E668C6EBC60104EBC101F1
:10A45000088301F11A001146362218F07AFD701CAB
:10A46000C11E18BF0146A068E160884204BF0120F8
:10A47000207404F1C000FDF7B1F92068A5F8008050
:10A480000130206003F02AB90448FCF779FC00F0A1
:10A4900007F8FCF7DDFDFCF729FD00BFC700000051
:10A4A000D0B502AF0448054CA0470548A04700209E
:10A4B0002146BDE8D0400847140000003F6D02006F
:10A4C0005D0100000246006828B94FF0FF311046D8
:10A4D00002C01146704780B56F460846FCF7A8FADF
:10A4E000F0B503AF2DE9000FADF5377D1391904620
:10A4F000D0F808110891D0F80C110791D0F810117C
:10A500000691D0F814110591D0F818110491D0F8E3
:10A510001C110391D0F820110291D0F8241101915F
:10A52000D0F828111591D0F82C111491D0F83011D1
:10A530001291D0F83411119100F59471009100211D
:10A5400009921690414580F00D85D0F80041402CCD
:10A55000C0F0C18315984FF0060E1091C21C1499DB
:10A560000D92619241F10003129A851C119E41F1F6
:10A57000000410F1010CCDE95D10089841F10008CC
:10A580000A934B93059B65926492CDE96222069AE9
:10A59000329033924D904F9245903B900498469262
:10A5A0003D92029A0799CDE90B48CDE95B86984622
:10A5B0002C9393463F938A463193019BCDE90E5CE1
:10A5C000CDE95FC505462D9094462E923792134AE9
:10A5D00030934C9341903590114844933A93114BEA
:10A5E0004A964E96CDE951460E462F9139910399E0
:10A5F00038915091479140910B49569236935A9019
:10A60000349155923E9359903C91CDE94213CDE956
:10A610005322CDE95700CDE9481307E07465206B5C
:10A620006E642033322D627965787061BEF1000F5F
:10A6300000F0538356982C99CDF88C8042184A9894
:10A64000259582EA00033098289300EB3340309040
:10A6500048402C90329902EB305834982996431890
:10A660006198CDF888A083EA00042D982E9A00EB1B
:10A670003445CDF890C085EA01063399CDF8ACE0B9
:10A6800003EB36504A9080EA344A5A9BCDF870B0BA
:10A6900005EB3A602D9080EA365436984618659856
:10A6A00008EB7465704002EB304C8CEA010E06EB4F
:10A6B0003E51369181EA30422F984B99034485EA06
:10A6C000326683EA010B389901EB3B4980EA0900C5
:10A6D000349003EB305383EA3B404B9009EB3060FE
:10A6E0002A9000EB3640389080EA7461329105EB95
:10A6F0003154569484EA36402F904FEA30640CEB84
:10A700003260279080EA3E50659403EB7061289B8D
:10A71000309C81EA3A6288EA3343269304EB336340
:10A72000289303EB3243309383EA7060339001EB5C
:10A7300030505A9080EA32402E9031994FEA306082
:10A740006190559842184E9882EA00033A982093F7
:10A7500000EB334E8EEA0100319002EB3058DDE918
:10A760003B10379A4318609883EA0004359800EB51
:10A77000344585EA010603EB36504E9080EA3449B1
:10A7800005EB3960359080EA365CDDE93D1046180E
:10A79000649808EB7C65704002EB304A409A8AEA84
:10A7A000010B06EB3B513E9181EA304459993998AF
:10A7B00085EA34660B185199594002EB31425040FA
:10A7C0003C9003EB305383EA3140519002EB306010
:10A7D000219000EB3640409080EA7C613B9105EB94
:10A7E0003151559181EA364039904FEA30610AEB98
:10A7F00034601E9080EA3B50649103EB7061209BB3
:10A8000081EA396288EA33431D930EEB33631F9369
:10A8100003EB32433D9383EA7060379001EB305095
:10A82000599080EA32403A903F9A4FEA3060609007
:10A8300054988118529881EA000344981B9300EBC6
:10A84000334E8EEA020044901C9A01EB3058459931
:10A85000429843185F9883EA0004419800EB34451E
:10A8600085EA0106469903EB3650529080EA344956
:10A8700005EB3960209080EA365C4398461863986F
:10A8800008EB7C65704002EB304B479A8BEA010A7B
:10A8900006EB3A51439181EA30445899229885EA6F
:10A8A00034660B185B99594002EB3142504042909C
:10A8B00003EB305383EA31405B9002EB30601C9035
:10A8C00000EB3641479181EA7C6145910BEB3460A6
:10A8D0001A9005EB3151549181EA3641419180EA59
:10A8E0003A504FEA3161639103EB70621B9982EA3F
:10A8F000396388EA314119910EEB31611B9101EB0B
:10A900003341469181EA70603F905C9902EB305090
:10A91000589080EA33402290239A4FEA30605F904B
:10A920005398104480EA01034C99179301EB33418B
:10A93000189151404D9A4C9100EB315B48985E99CB
:10A94000104480EA0105259901EB354686EA0201AB
:10A9500000EB31505C9080EA354A06EB3A60259076
:10A9600080EA31554F9949980BEB756E46186298FD
:10A9700086EA0002249800EB324989EA01085099DE
:10A9800006EB3850499080EA32445798299A8EEA6B
:10A99000346609EB346900EB020C5D988CEA000325
:10A9A00001EB334181EA020048900CEB305282EA1D
:10A9B00033405D9001EB306C89EA38510CEB364046
:10A9C000509080EA75604D9002EB71620EEB305052
:10A9D000539080EA3640299082EA3A644FEA306028
:10A9E000629017988BEA3043189800EB336505EBBB
:10A9F00034404F9080EA716024902A9902EB3050E5
:10AA0000579080EA344023904FEA30605E9034984B
:10AA100081EA30514A9800EB7162269882EA3064EC
:10AA2000279800EB34402A9080EA7160279028999B
:10AA300002EB3050349080EA344026904FEA306088
:10AA40004A902C9881EA3051369800EB71624B980D
:10AA500082EA30642D9800EB34402D9080EA7160DA
:10AA60002C90219902EB3050369080EA34401890B7
:10AA70004FEA30604B903C9881EA30514E9800EBA1
:10AA800071621D9882EA30641E9800EB3440289071
:10AA900080EA716021901F9902EB30503C9080EA6F
:10AAA00034401E904FEA30604E90319881EA305128
:10AAB0003E9800EB7162519882EA3064359800EB61
:10AAC0003440359080EA716031901C9902EB30502F
:10AAD0003E9080EA344A4FEA3A605190429881EAC7
:10AAE0003051529800EB7162199882EA30641A98DA
:10AAF00000EB34401F9080EA71601D901B9902EBBF
:10AB00003050429080EA344B209A4FEA3B6052909A
:10AB1000449881EA3051439800EB71665B9886EA6D
:10AB2000306002EB30485D9A88EA716E06EB3E5168
:10AB3000439181EA30445C994FEA34605B904898D5
:10AB40008CEA305001EB706C49998CEA336309EB65
:10AB5000334989EA70660CEB3650489080EA334CF2
:10AB6000259B4FEA3C6009EB3C6C5C904C9885EA75
:10AB7000305001EB706181EA326203EB324585EAC5
:10AB8000706301EB3350499080EA32402E9A4FEACD
:10AB9000306105EB30655D9185EA3350309901EB0A
:10ABA0003261339A309181EA32512F9A4FEA7161C2
:10ABB0003391389901EB3261329A389181EA3251FE
:10ABC0003A9A4FEA716132913D9901EB3261379ABD
:10ABD0003A9181EA3251399A4FEA71613D91409937
:10ABE00001EB32613B9A409181EA3251229A4FEA5D
:10ABF00071613B91469901EB32613F9A449181EA40
:10AC00003251419A4FEA71614691479901EB3261A5
:10AC1000459A479181EA3251239A4FEA71614591F1
:10AC20004F9901EB3261249A4C9181EA3251299A71
:10AC30004FEA71614F91509901EB32614D9A5091F9
:10AC400081EA3251189A4FEA71614D912D9901EBC9
:10AC500032612C9A2D9181EA3251269A4FEA716124
:10AC60002C912A9901EB3261279A2E9181EA325177
:10AC7000319A4FEA71612F91359901EB3A61359123
:10AC800081EA32511E9A4FEA71613191289901EBA4
:10AC90003261219A379181EA32514FEA71613991DB
:10ACA00008EB3461419181EA3E51DDF8ACE04FEAB6
:10ACB00070684FEA71618CEA36503F91AEF1010E37
:10ACC0001F994FEA706601EB3B6B1D998BEA31517E
:10ACD0004FEA716AAAE4169E2EE15698759036984E
:10ACE00074905A98739034987290559871903E98D9
:10ACF000709059986F903C986E9054986D904398CE
:10AD00006C9058986B9042986A90539869904998C3
:10AD1000689057986790489866902C9885903398DB
:10AD200084902F98839032988290319881903D98AA
:10AD3000809039987F903B987E903F987D90469880
:10AD4000009ACDE97BA04598CDE979804F98CDE96F
:10AD500077604D987690309895902E98949038988A
:10AD600093902D9892903A9891903798909040981F
:10AD70008F9035988E904498CDE98CB047988B9001
:10AD800041988A904C98CDE988C00DF5267C509862
:10AD9000CDE986504A98A5906598A4904B98A390C9
:10ADA0006198A2904E98A1906498A09051989F901D
:10ADB00060989E9052989D9063989C905B989B9011
:10ADC0005F989A905C989990629898905D98979007
:10ADD0005E9896901698D0F808115C91D0F80C11F6
:10ADE0005B91D0F810115A91D0F814115991D0F804
:10ADF00018115891D0F81C115791D0F82011569184
:10AE0000D0F82411559192E83A008CE83A0015994F
:10AE1000149A043142F10002CDE91421C0E94A122A
:10AE200011991298B490CDE9B001CDE9AC010A981E
:10AE3000B3900D98B2900B98AF900E98AE900C987E
:10AE4000B5910021AB900F98AA9040296DD00DF5D7
:10AE5000167C0DF5267816985CF8013058F80140FC
:10AE600000EB810204EB030B66AC65186868659023
:10AE7000A8686490E868639076AB5E18706862902A
:10AE8000B0686190F068609086A8461864585B5876
:10AE900070685F90B0685E90F0685D900CEB0100A8
:10AEA000D0E901A9D0F80CE008EB0100D0E9018C51
:10AEB000C56886A8589E40581031C2F830B030445A
:10AEC00010625C981844106129485D9B2044106012
:10AED00005EB0E00D0630CEB0900906308EB0A0051
:10AEE000506355981844D06256985E9B18449062FF
:10AEF00057985F9B184450625998609B1844D061E2
:10AF00005A98619B184490615B98629B1844506109
:10AF10001848639B1844D0601748649B184490609D
:10AF20001248659B184450608FE7169E0024DDF898
:10AF300024801099C6F8004108460D4613994246F0
:10AF40000E4B00F087F802460B4606EB8400C4F176
:10AF50004001FDF7BFFC2044C6F8000129443046FB
:10AF6000FFF7F0BA0DF5377D02F09CBA6E6420331E
:10AF7000657870617465206B322D6279C4D70400E6
:10AF8000B0B502AFADF53A7D002400BAB99008BA69
:10AF90008DF810400394CDE90144BC68B89010BA14
:10AFA000ADF81140240CB79018BA8DF81340B69044
:10AFB0005DA8041DB6A92046F9F79CFC05AD214605
:10AFC0004FF4B072284617F01FFF01A928460A4621
:10AFD00000F011F89DF81300BDF8111041EA00408F
:10AFE0000DF53A7DB0BDDCB504AF02F037FD0623A8
:10AFF000FFF788F9DCBDF0B503AF4DF8048D90B0D4
:10B000006C460D46064620462021904617F005FE68
:10B010002046294600F00EF808AD31462246284663
:10B02000F8F7E6FF4046294602F0B6FA10B05DF8A0
:10B03000048BF0BDD0B502AF86B001AB0022102A60
:10B0400003D08C5C9C540132F9E701A902F0A4FA08
:10B0500006B0D0BD824221BF0B18111A18467047A6
:10B0600080B56F461146FBF743F8F0B503AF4DF8D6
:10B0700004BD88B06E460D4604463046202117F0C8
:10B08000CCFD284631462022FFF72AFA304616F03A
:10B0900053FD0028F5D06946204602F01CFB08B09D
:10B0A0005DF804BBF0BD824221BF0B18111A18468F
:10B0B000704780B56F461146FBF71AF8B0B502AF7E
:10B0C000064B02F011FE19B16A1CA260027800E082
:10B0D0000122B1FA81F011464009B0BD88CF0400C9
:10B0E000B0B502AF074B02F0FFFD022902D240F2D9
:10B0F0000110B0BDA91CA16001784078090441EAA3
:10B100000060B0BD88CF0400F0B503AF2DE90007A3
:10B1100004461B481B4DA8471B48A84704F11000D4
:10B1200000F054F81948A8471948D4E9009AD4E91E
:10B130000268A8474AEA080049EA0601084315D010
:10B1400002F0A8FA0E4C2046A8471248A84720460D
:10B15000A8471148A8474846514632464346FBF7A0
:10B16000BCFE0020A8470020A84701E002F04EFBEB
:10B170000020BDE80007BDE8F040FBF7E0BD00BFE0
:10B18000140000003F6D02001C0200002A020000B3
:10B190000E0000002E02000060010000F0B503AFB9
:10B1A0004DF8048D04460848984615460E46FBF7B0
:10B1B000C6FD204631462A4643465DF8048BBDE86D
:10B1C000F040FBF78ABE00BF13000000F0B503AFEC
:10B1D0002DE9800F06461248124988471248114946
:10B1E00096F8008096F8019096F802A096F803B0C1
:10B1F0003479767988470D4D3046A8472046A847D0
:10B200005846A8475046A8474846A8474046A8473A
:10B2100000200449BDE8080FBDE8F040084700BF22
:10B22000140000003F6D020030020000B14F020028
:10B23000F0B503AF4DF804BD84B00D460446D1E926
:10B2400000010922CB681849984700218DF80800B1
:10B250008DF8091004F11A031448042214490195C9
:10B26000009001A8134DA847217EA7F11203124EAA
:10B27000033918BF012107F8121C10490822009653
:10B28000A847617EA7F11103033918BF012107F810
:10B29000111C0B4908220096A847FBF710F804B0D0
:10B2A0005DF804BBF0BD00BF4CDB0400F1B202004E
:10B2B00028800400A5610200C5B20200D87F040006
:10B2C000C87F040080B56F4600780A4600281DBF7D
:10B2D000064910460422044904BF10460522BDE871
:10B2E0008040FAF7E3B800BF92BC04001C80040061
:10B2F000F8B504AF0A4610F8011B39B101290DD188
:10B3000002900E48009002AB0D4904E001900D48F8
:10B310000D49009001AB1046062206E00390054857
:10B320000549009003AB10460722FAF7F0FF04B07E
:10B3300080BD00BF4DB30200A4DB04005FB3020078
:10B340009EDB040071B3020098DB040080B56F46F9
:10B350000A4600681021BDE88040FCF71DBB80B59F
:10B360006F460A4600680421BDE88040FCF714BB24
:10B3700080B56F460A4600680221BDE88040FCF7B0
:10B380000BBBD4D4D0B502AF04460448FBF7D7FCBE
:10B3900004F00100BDE8D040FBF70CBD1201000035
:10B3A000D0B502AF04460448FBF7C9FC2046BDE80F
:10B3B000D04000F003B800BF0B020000D0B502AFD0
:10B3C00004460078DFE800F0114B303C265E6A430B
:10B3D000792A6E24286222371A546C815C607F833C
:10B3E0002E2C891885877B527D0002F00FFA607839
:10B3F000BDE8D040F9F75CBC1B206FE01020FBF7E4
:10B40000D9FC3848BDE8D040FBF799BC0E2065E078
:10B410000B2063E0042061E00C2044E009205DE0A3
:10B4200019205BE0182059E002F050FC6078BDE87C
:10B43000D04000F059B80F20FBF7BCFC606838E042
:10B4400002F0F3FC6078BDE8D04000F05BB8072064
:10B45000FBF7B0FC601CBDE8D040F9F7FFBB02F081
:10B4600019F96078BDE8D040FFF78CBF1F2035E0A8
:10B470001120FBF79FFC6088BDE8D04000F070B859
:10B4800014202BE0052029E0152027E00D20FBF7F4
:10B4900091FC6078BDE8D04000F054B8062002E08E
:10B4A00012201BE00A20FBF785FC6068FBF704FD17
:10B4B000A068BDE8D040FBF7FFBC08200EE01E20CE
:10B4C0000CE020200AE0162008E0132006E01720F8
:10B4D00004E01C2002E01D2000E01A20BDE8D0405E
:10B4E000FBF768BC17020000D0B502AF0446044861
:10B4F000FBF725FC2046BDE8D040FBF75BBC00BF56
:10B5000001020000B0B502AF04460948094DA84742
:10B510000948A8470948E1B2094A50F8210052F801
:10B520002110F9F78DFB00202946BDE8B0400847FF
:10B53000140000003F6D020032020000F0E704003A
:10B54000ACE70400D0B502AF04460448FBF7F7FBB4
:10B5500004F00100BDE8D040FBF72CBC0C02000059
:10B56000D0B502AF04460648FBF7E9FB0549A0B297
:10B5700051F820000078BDE8D040FBF71BBC00BFAD
:10B580001602000034E80400D0B502AF04460548B6
:10B59000FBF7D5FBE068FBF78FFC2046BDE8D04009
:10B5A00000F002B811020000D0B502AF0446064810
:10B5B000FBF7C5FBA068FBF77FFCD4E90001BDE801
:10B5C000D040FCF7F3BB00BF12020000D0B502AFC1
:10B5D00004461148FBF7B3FB14F8010B48B10128EE
:10B5E00012D102F057F80D48FBF7A9FB20460421C1
:10B5F00006E002F00BF90A48FBF7A1FB2046022106
:10B60000BDE8D040F9F74ABE02F060FB2046BDE835
:10B61000D040F9F723BB00BF180200001100000062
:10B6200010000000B0B502AF0546104802F04BFB19
:10B63000A81EE9B2022938BF0220C0B2DFE800F03C
:10B640000210040E00200CE002F040FB284600F03F
:10B650000FF82046BDE8B04000F00AB8032000E033
:10B660000120BDE8B040FBF7A5BB00BF0D02000004
:10B67000D0B502AF04460448FBF761FB04F00100BB
:10B68000BDE8D040FBF796BB07020000D0B502AF83
:10B6900004460448FBF753FB0FCCBDE8D040FBF752
:10B6A0001CBC00BF13000000F0B503AF2DE9000F74
:10B6B00091B000900DF10409886809F11005D1E9F5
:10B6C00000640DF1240A4FF0000804EB001B5C45F8
:10B6D00019D00020102803D0215C02F009F8F9E706
:10B6E00048463146FFF7A6FC009950464A46C5E950
:10B6F0000088C5E90288F8F77BFC3046514601F026
:10B700004BFF1034E3E711B001F0CCBEB0B502AF8F
:10B7100086B013460446D1E90120101A984202D29D
:10B72000002020710DE008480968009002A800F090
:10B730000DF802AB00250FCBC4E9011504F10C0193
:10B740002CC1206006B0B0BDF8CF0400D0B502AF68
:10B750009A4221BFD21ACC1880E81A00C26028BFD2
:10B76000D0BDBA6813210148F9F70EFE49D0040094
:10B77000F0B503AF4DF8048D82B00446D0E9013036
:10B780008846191A914201D200200BE01546226822
:10B790004619054901F0D9FE044A2B4601F022FE64
:10B7A0000220A66001F0C3BF08D0040018D0040036
:10B7B00080B56F46D0E900128068024BBDE880403A
:10B7C00000F002B828D00400DCB504AF02F078FD28
:10B7D000009300202346FEF795FDDCBD80B56F4643
:10B7E000D0E900128068024BBDE88040FFF732BC10
:10B7F00038D00400D0B502AF044600F09FF80749E6
:10B8000001EA800140293EBF201D8908D0BD044BBC
:10B81000043104204022FAF76BFC00BFFCFF030058
:10B8200064D10400F0B503AF4DF804BD0C460646E4
:10B8300000F084F805463046FFF7DCFF8C423FBF3E
:10B8400050F824000C4901EA850151FAA0F13FBFEC
:10B850006FF0FF0202EA10421144C0F3C0303FBF54
:10B8600001EB400004305DF804BBF0BD014A204606
:10B87000FAF784FC24D10400FCFF0300F0B503AF09
:10B880004DF804BD0C46054600F058F8064628461B
:10B89000FFF7B0FF631C8B423CBF00EB8300428884
:10B8A00008488B4228BF320C214600EA860010442B
:10B8B000061D2846FFF7B6FF301A38BF00205DF896
:10B8C00004BBF0BDFCFF030080B56F4601F04AFFEA
:10B8D0004022BDE88040FFF7BDBBD4D4F0B503AF34
:10B8E0004DF804BD0C46064600F028F805463046E3
:10B8F000FFF780FF8C423FBF50F824000A4901EA5D
:10B90000850151FAA0F13FBF6FF0FF0202EA10403B
:10B91000084404303CBF5DF804BBF0BD014A20463A
:10B92000FAF72CFC34D10400FCFF0300DCB504AFB3
:10B9300002F094F84023FEF7E5FCDCBD80B56F46CD
:10B94000006880BDF0B503AF4DF804BD0C46FFF7AD
:10B9500051FFF1B1A3B20A460021012A0ED901EB31
:10B960005204A2EB520200EB840610F824507678C1
:10B9700066F30E259D4298BF2146EEE710F8212080
:10B9800000EB8100407860F30E229A4203D101203F
:10B9900004E0002101E038BF013100205DF804BB64
:10B9A000F0BDD4D4B0B502AF0D460446FFF722FF78
:10B9B0008D4219D200EB850090F90100002805D4D2
:10B9C00020462946BDE8B040FFF758BF204629462B
:10B9D000FFF784FF3F280BD81CBF205AB0BD074A91
:10B9E00040204021FAF7CAFB024A2846FAF7C6FB74
:10B9F000014AF6E774D1040084D1040094D1040014
:10BA0000F0B503AF4DF8048D044608B200281BD4EE
:10BA10002046FFF797FF012816D120460E46FFF774
:10BA200001FF0C4B21464022FFF73DFB05468846AF
:10BA300020463146FFF7B6FF0146404505D9064B83
:10BA400000204246FAF754FB002528465DF8048B97
:10BA5000F0BD00BF44D1040054D10400D0B502AF02
:10BA60000446FFF76BFF0649064B01EA80010431EB
:10BA700001EB10422046FFF759FF17F05DF9D0BDEA
:10BA8000FCFF0300D0D00400F0B503AF4DF8048DE7
:10BA9000984615460E460446FBF7B8FCD7E9022344
:10BAA000FBF766FFC4E90C0100201149C4F84E10F1
:10BAB00041F20801A4F8520084F848000220C4F8BA
:10BAC0004A1084F8380084F829003068D6F803104A
:10BAD000C4F83A00C4F83D102868D5F80310C4F83B
:10BAE000410084F8498061645DF8048BF0BD00BFBB
:10BAF0000003081080B56F4602F05CFB002818BFF9
:10BB0000012080BDF0B503AF2DE9C00790F880514A
:10BB100000F5B87816468946C5F110048246A2425F
:10BB20002ED975B1244B284602F083F8234A2346C8
:10BB300001F059FE50464146012200F04CF8361BF8
:10BB4000A14416F00F054FEA161208BF10254FF05A
:10BB5000FF3008BF00EB161209EB02141AB1504671
:10BB6000494600F038F8164B284641461022FFF7A8
:10BB70002BFE144A2B4600922246FCF79BFE10E057
:10BB80000A4B284602F055F8094B02460C4611466E
:10BB900030462246FFF718FE064A334601F023FEE0
:10BBA00035448AF88051BDE80C07F0BD58CF040039
:10BBB00068CF040078CF040018CF040028CF040019
:10BBC00038CF040048CF040080B56F460A46BDE870
:10BBD0008040FFF710BAF8B504AFCDE9021200F5C6
:10BBE000B071019101A9FFF75FFD8FBD80B56F4670
:10BBF0000A780D2A06D00E2A06D10431BDE880400D
:10BC0000F5F770B9FF2100E0FE21017080BD80B51D
:10BC10006F460A78102A0ED0112A09D0122A1EBFA8
:10BC2000FE21017080BD0431BDE88040F5F75AB9AE
:10BC3000FF21017080BD40F60371018080BDD4D426
:10BC4000BFB506AF0446B86803900878CDE9012374
:10BC50000FF20402DFE800F00210050ED1E9010145
:10BC600005E08B78C81C114A194600F073F801AA48
:10BC700002AB09E00E200CE04D888A68AA420FD37F
:10BC8000486801AA02AB294600F014F8019919B1DD
:10BC900007206070012001E0606000202070BFBDBF
:10BCA000034B00202946FAF723FA00BF64D30400AF
:10BCB00054D30400F0B503AF2DE9F80FD2F800908B
:10BCC00092460C4689452AD2D3E9001698461C4B69
:10BCD000A4EB0905B54228BF3546834628463246BF
:10BCE0000491FFF771FD174B2246CDE9021048463B
:10BCF0005946FFF7D8F98D421AD8024612480090EB
:10BD00002B46DDE90210FCF7D5FD104B28460499BF
:10BD10003246FFF79FF9C8E90001002002E0A9EBD5
:10BD200004000025CAF80000284605B001F08DBCCB
:10BD3000074B0C46002029462246FAF7D9F900BFE6
:10BD400074D7040084D70400A4D70400B4D7040037
:10BD500094D70400152938BF704780B56F46134645
:10BD600000201422FAF7C4F9F0B503AF4DF8048DA2
:10BD700082B00646007815468846022815D001286C
:10BD800019D1B3689D4213D8726829461748002418
:10BD900000900020FEF7B6FA154A2B4601F022FB70
:10BDA0007078012808BF758017E07078854205D942
:10BDB00001240D2111E0012403210EE0094BF01CA8
:10BDC00000212A46002400F015F8074A2B4601F00E
:10BDD00009FBF07D012808BFB570204602B05DF870
:10BDE000048BF0BDB4D30400C4D3040094D3040086
:10BDF000A4D30400DCB504AF01F030FE1423FEF739
:10BE000081FADCBD09B3F0B503AF2DE9800F0A68F4
:10BE100001F1100A009200F11002D1E901E8D1F815
:10BE20000C909AE8781882E87818009AC0E9002EF9
:10BE300091F8282091F82910C0E9028980F828207B
:10BE4000BDE8080FBDE8F04000E0022180F82910AD
:10BE50007047D4D4DFB506AFD0E9001204460D4BCD
:10BE600001A8F2F789FCDDE901010022490019B1BE
:10BE700000F8022B0239FAE7039801F022FC064988
:10BE800004F10800FEF71EFB0C46FBF7A7FC01F0CF
:10BE9000FAFBDFBDA4D10400B4D1040080B56F4625
:10BEA00001F060FC4022BDE88040FFF78DBCF0B59A
:10BEB00003AF2DE9F00BBD6804460E4668798DF896
:10BEC0000A00B5F8031000F0C0004028ADF80810D3
:10BED0002AD102A803219846914600F029F89DF83E
:10BEE0000A004A46BDF80810434641EA0040009067
:10BEF00020463146FFF744F8ADF80C00000C8DF8F1
:10BF00000E0003A8032100F013F8A8782988BDF8D3
:10BF10000C2041EA00409DF80E1042EA0141081A47
:10BF2000B0FA80F0400900E0002004B001F083BFC7
:10BF3000F0B503AF2DE9FC0780461B4800904E0882
:10BF400002A88946414632463346FFF7FFFB1748B1
:10BF50003246009008EB0900DDE9025AA0EB5901D6
:10BF600002A83346FFF7F2FB4FF0FF3000EB590C0D
:10BF7000DDE9023100266046441C0AD0B2450BD0F0
:10BF80008C450ED2AC5D1A5CAA5501361C540138A2
:10BF9000F2E706B001F040BC064A50465146FAF7B7
:10BFA000EDF8034AFAF7EAF898CF0400A8CF0400A6
:10BFB000C8CF0400B8CF040090F83E11022901D187
:10BFC00002200EE0FEB506AF00F1200101A800F04E
:10BFD00013F89DF80400FE3818BF012006B0BDE834
:10BFE00080406FF0010151FA80F1B1FA81F1490905
:10BFF000084300F00100704780B56F4691F8C820F3
:10C00000022A03D1BDE88040FFF7F0BDBDE88040C3
:10C01000FFF7FDBDF0B503AF2DE9C007D0E901651D
:10C02000824608468846741BFEF77CF98C4201D292
:10C03000002013E001EB0509DAF800200948334637
:10C04000009028464946FEF75DF901F014FE40468F
:10C050001A46FEF771F90220CAF80890BDE80C07ED
:10C06000F0BD00BFC4CE0400F0B503AF4DF804BD71
:10C0700082B08A88838A04695A400B6863401A43F5
:10C0800006D1827D8B795A40D20701D1012010E080
:10C09000D0E90045D0E9022345EA030044EA02065C
:10C0A000304305D0009120462946FFF700FF00E00D
:10C0B000002001F0AAB8F0B503AF2DE9C00705468E
:10C0C0000C4655F8103F51F8102FAE885A408B8817
:10C0D00073401A4304D1AA798B795A40D20732D0DF
:10C0E000D0E900A8D0E9026948EA09004AEA060254
:10C0F00010431DD000915046414632464B46FFF753
:10C10000D6FE00BB0FCC41EA030C40EA020454EA1D
:10C110000C041AD080EA0A04564044EA060C81EA6C
:10C12000080683EA0904344354EA0C0407D10AE000
:10C130000FCC41EA030440EA0206344305D00095DF
:10C14000FFF7B5FE08B1012000E00020BDE80C07B4
:10C15000F0BDD4D4B0B502AF044601F108000649E1
:10C16000F2F7DBFA00F11005C069E0602CCD086839
:10C170002CC401380860B0BDD4D20400D0B502AFE1
:10C180000C4607490830F2F7B9FA0122D4F8033017
:10C1900002722268C0F80920C36001F006FAD0BD1F
:10C1A000F4D20400F0B503AF2DE9F80F824601F197
:10C1B00008003049F2F7A2FAD0E904658946D0E9CF
:10C1C000064B45EA0B014FF0000846EA0402114312
:10C1D00047D08DF8068000F5A470ADF8048001A961
:10C1E0000322FEF77DF99DF80610012022465B46EA
:10C1F00060F39F118DF80610C8B2BDF8041041EA33
:10C200000040009030462946FEF7BAFEADF808001F
:10C21000000C8DF80A000321ADF810800622CDF83D
:10C220000C8003AC144B2046FEF7DDFE134A0323BB
:10C23000009201AAFCF73EFB114B2046002103228D
:10C24000FEF7D1FE0F4A0323009202AAFCF732FB4D
:10C25000BDF810004FF00108AAF805000398CAF8CD
:10C260000100D9F800008AF800800130C9F8000008
:10C2700001F08CB804D30400D8CE0400E8CE04004A
:10C28000F8CE040008CF0400B0B502AF0C686FF020
:10C290000045AC423FBF631C0C4644F8083BC0E974
:10C2A00000423CBF8160B0BD1846FAF7DFFBD4D432
:10C2B000F0B503AF2DE9F80F99461B4B804602A855
:10C2C000FFF7E2FF029C54F8280900EB400005014B
:10C2D0000DB304F1400B49465846FFF7ECFE303DE4
:10C2E00030340028F4D0206808F110050190D4E91A
:10C2F00001E9D4F80CA09BE84F1085E84F10019895
:10C30000C8E9000E94F8290094F82810C8E9029AA8
:10C3100088F8281000E0022088F82900049801F02D
:10C3200093FA01F033B800BF24D30400F0B503AF93
:10C330002DE9000F8BB0044604A80D4600F070F8FC
:10C34000049801282ED0DDE9059605F11001DDE9FC
:10C35000078A04A800F064F80498012822D0DDE9D7
:10C3600005504FF480710390DDE907B0029020463C
:10C3700016F098FD03990020C4E9471B0299C4F800
:10C3800024114021C4E94296C4E9448AC4F81851F2
:10C39000C4F80011C4E94A00C4E94C000BB0BDE880
:10C3A000000FF0BD059809900448069900900448D4
:10C3B000044B0A9109AA2B21FAF789FB58DB0400E8
:10C3C00052D0040080D00400F0B503AF4DF804BD96
:10C3D000A2B011AD0E460446402101F040FC05F12B
:10C3E00020012846324614F0F2FC01AE29464022D4
:10C3F00001F07AF828463146FCF7D8F9691C204646
:10C4000001F069F928463146FCF7D0F904F1200023
:10C4100005F1210101F05FF922B05DF804BBF0BD28
:10C42000D0B502AF0446043001F0B6F80020206019
:10C43000D0BDD4D4DCB504AF0C4601F0B4FA092267
:10C440000549984700218DF8040068468DF80510CD
:10C450000094F9F734FFDCBDABDB0400F0B503AFAB
:10C460004DF804BD82B00D460446D1E90101EA68E9
:10C47000401A904201D2FE2022E02846FEF730FE0C
:10C480000646C00705D0F0054FF00D0058BF042048
:10C4900011E0E8682946821E684600F015F8009908
:10C4A00019B1019A330CFF2005E09DF80410042017
:10C4B000002918BF0D20C4E902120121A380617078
:10C4C000207002B001F06BB8F0B503AF4DF804BDB9
:10C4D000D1E90164331B934203D200210160017151
:10C4E00008E0A51808D2B54206D80B688D60191966
:10C4F000C0E9001201F053B8024B204629463246EB
:10C50000F9F7F6FD34D4040080B56F460178DFE812
:10C5100001F002020406806880BD407880BD40883A
:10C5200080BDBCB504AF04468888ADF80400086837
:10C530008D79062100906846FFF7FAFCBDF80400EB
:10C54000A4F8050000982570C4F80100BCBDD4D43F
:10C5500080B56F46D0E900128068024BBDE880408C
:10C56000FEF7A1BD44D4040080B56F460278FF2ACF
:10C570000CD10279082A2ED80221DFE802F0330517
:10C580002725050523232A0001692BE0B2F10A01C2
:10C5900098BF002131B101291CBF012080BD8068F6
:10C5A000033080BD0A2A1FD80221DFE802F0060608
:10C5B0001B161B190D1D1D1D0D000130FDF7B2FED0
:10C5C00004310FE0C1680DE004210BE00069411C5B
:10C5D00008E0002106E00069E2E78068811C01E0D4
:10C5E000C068811D481C80BD02480F21024AF9F72E
:10C5F000BEFD00BFA4D60400B4D60400F0B503AF5E
:10C600002DE9000F89B004460020CDE90312059002
:10C6100003AD2846FEF752FD0E4601F00101C007AA
:10C6200003D06170FE202070C1E1E1B903A8FFF7DB
:10C630008FFF0546F0B21E2843D00A46522842D149
:10C64000012A00F0ED81002A00F0ED81DFF87C3452
:10C6500002202946B5F80080FEF725FD05460A466A
:10C660000E0A0B202EE006A895E80E000EC0701EE4
:10C67000C0B2012645080E2D00F2A6810822DFE88F
:10C6800015F00F006F005F004D00540077007E0032
:10C69000A3018E00A400A301A301A301850045000E
:10C6A00006A8FEF70BFD0E46C00740F08D8106A8D8
:10C6B000FEF716FD0546C00700F08A81C5F3002687
:10C6C00082E10C2062E1B01EC0B241080F2900F2E5
:10C6D00070810920DFE811F01000F200C6009C0014
:10C6E000BA0002016D01150144016D012B01950095
:10C6F0006D016D016D015301002A00F09781012A3F
:10C7000000F0A88195F800900420A8E006A8FEF7A4
:10C71000E7FC8046C0073FD101256DE0DDE90680DA
:10C72000012208994FF000094FE006A8FEF7C6FC69
:10C730000E46C00740F048815FFA86FC042238E0CC
:10C7400006A8FEF7BBFC0E46C00740F03D81701EF8
:10C75000C0B2012800F237815FFA86FC022228E08D
:10C7600006A8FEF7BDFCC1072AD0C0F300262BE1C6
:10C7700003A8FFF7EDFE80460846062205E003A861
:10C78000FFF7E6FE8046084607221EE006A8FEF7F1
:10C79000A7FC8046C0072ED0C8F3002614E106A8E7
:10C7A000FEF78CFC0E46C00740F00E815FFA86FC57
:10C7B00005224FF00009DDF818800798089904E079
:10C7C0004FEA10694FEA104E00225FFA8EF3454699
:10C7D00043EA092304F10C0E25818EE80310FF20A3
:10C7E00020704FEA1860E0724FEA1840E3806671EB
:10C7F0002271A072DBE0002506A8FFF7A9FEFF2248
:10C80000E8E7002A00F0148195F800B00820B6E0AF
:10C81000002A00F00F81012A00F01E81022A40F256
:10C820002B81032A00F035812888062A698800F0C8
:10C83000EA80142A40F0C5806E8A4FF0020BD5F8CA
:10C840000630D5F80A20D5F80E80DEE0002A00F088
:10C85000F380012A00F0028195F80090022095F8FB
:10C8600001A04DE0002A00F0E980012A00F0F880E4
:10C87000022A40F20381032A00F00D81042A40F2CB
:10C880001281052A00F01281A87829460290E878E2
:10C89000A14B060268790190062001F09AFC95F8F8
:10C8A00004B0FEF700FC0246029888460199304326
:10C8B00040EA0B4040EA0165052050E0002A00F004
:10C8C000BF80012A00F0CE80022A40F2D980032ADC
:10C8D00000F0E38095F8009006200EE0002A00F0BA
:10C8E000B180012A00F0C080022A40F2CB80032AE6
:10C8F00000F0D58095F800900A2095F801A06D8889
:10C900003DE0002A00F0A080012A00F0AF80022A5A
:10C9100040F2BA80062A69D0032A00F0CC80142A9B
:10C920004FD18E4B042015211422F9F7E1FB002A88
:10C9300000F08C80012A00F09B80022A40F2A68041
:10C94000032A00F0AE806A4B0420294601F041FC26
:10C950006E88FEF7A8FB02468846072035460EE0A3
:10C96000002A75D0012A00F08580724B02202946EA
:10C9700001F02FFCFEF797FB05460A4603205FFAFD
:10C9800089F14FEA184341EA0A21160A2070300C57
:10C99000A4F80960C4F810C0E381A4F80C802272E6
:10C9A0006560618084F801B0E072C4F814E000F0C2
:10C9B0005ABC6C48FAF7E4F93046F8F7F9FAFAF796
:10C9C00047FB012002E0012606F00100607029E625
:10C9D000DDE906120898394BFEF765FB002968D09F
:10C9E00090F800E04FEA15480322EEE628884FF061
:10C9F000000BB5F802E095F8049095F805A04FEA11
:10CA0000004C0020BBE74FF0000BC6EA004C1FFAB9
:10CA100081FE95F80490012095F805A01D46AEE72B
:10CA2000284A00F0DBFC284A00F0D7FB3E4AFBE72F
:10CA30002B4AF9E7434AF7E7404AF5E7334AF3E779
:10CA40002E4AF1E7234AEFE7424AEDE7264AEBE7B1
:10CA5000374AE9E7334AE4E7394AE2E7364AE0E7AA
:10CA6000294ADEE7244ADCE7194ADAE7384AD8E7F8
:10CA70001C4AD6E72D4AD4E7334A08E0244A06E0A8
:10CA80001F4A04E0144A02E0334A00E0174A01F06A
:10CA900020F92E4A10E0224A0EE01A4A0CE00F4A12
:10CAA0000AE0144A08E01B4A01F0A9F81B4A01F009
:10CAB000B8F8034AB8E72A4A00F04BFE88CF0400D2
:10CAC000D0D90400E4D60400D4D60400F4D604007F
:10CAD00074D6040064D6040084D6040094D60400FE
:10CAE00054D6040014D6040004D6040024D604004E
:10CAF00044D6040034D60400D4D50400C4D50400C0
:10CB0000E4D50400F4D5040064D5040054D5040031
:10CB100074D5040094D50400B4D50400A4D5040051
:10CB200084D5040044D5040034D5040014D5040091
:10CB300004D5040024D50400F4D40400E4D4040093
:10CB4000B4D40400A4D40400C4D40400D4D4040095
:10CB500064D4040054D4040074D4040094D40400B5
:10CB600084D4040067000000F0B503AF2DE900078E
:10CB7000C4B08246494825900DF188094848884646
:10CB80002490494647481C46239016464648229022
:10CB9000104600F0ABF806F1200548B34348259055
:10CBA00043482490434823904348229006F11000C4
:10CBB00022A900F09BF8D8B1404825904048249025
:10CBC000404823904048229022A9284600F08EF841
:10CBD00070B13E4825903E4824903E4823903E4800
:10CBE000229006F1300022A900F080F800284FD1F1
:10CBF0003046214600F080F830B104F1200128468B
:10CC000000F07AF8002843D102AC402101F01CFB6F
:10CC1000324A20462021FFF741F9314A2023009271
:10CC20003246FBF747FE2F4A20462021FEF74CFEF6
:10CC30002D4A202301F05EF8042021468DF888005B
:10CC400009F10100402216F084F934AC402101F0D2
:10CC5000FBFA04F1200120464A46412314F0EBF888
:10CC6000B0B112AC34A9402200F073FC22AD2021F7
:10CC700000F0F5FF04F1200328464146224614F057
:10CC8000ACF80AF10100294600F025FD012000E082
:10CC900000208AF8000044B000F0BEBDE9F9A5B953
:10CCA0005E2C83A7F297BE2C20B003D20E359DE6F2
:10CCB000CC030148ACF4FDDBEFF491115A52155C42
:10CCC00063329ABF652AEB6DDC809C491589D28B53
:10CCD000741C8ED08FED3024766345C204D70400D7
:10CCE00014D7040024D7040034D7040080B56F465D
:10CCF00001F060FA00F06BBD80B56F46202215F0A0
:10CD00007FFA00F064BDD4D4F0B503AF4DF8048DC4
:10CD100092B004460AA80D462021164615F07DFF64
:10CD20001F2E29D90DF108082946202200F0D2FD36
:10CD3000144B202029463246FEF7B5F90246124828
:10CD400000900AAD0B4620212846FBF7B3FD404674
:10CD50002021FFF7EDF828462021FFF7E9F82046CB
:10CD6000414600F0B8FC04F12000294600F0B3FC75
:10CD700012B05DF8048BF0BD044B00202021324638
:10CD8000F9F7B6F954D7040064D7040044D7040077
:10CD9000F0B503AF2DE9F80F16C84FF000083CB10D
:10CDA000601E904229D22C2300FB03102C3001E09E
:10CDB000002408462C23A7F12D0902FB03154FF48C
:10CDC000205A42F6010BA84217D000F11A06494634
:10CDD00007F82D8C304627F82CAC00F014F870B909
:10CDE0003046494607F82D8C27F82CBC00F00BF88C
:10CDF00028B906F112000134E5E74FF6FF7420462A
:10CE000005B000F022BC80B56F4602780B789A42DC
:10CE10001CBF002080BD0131013022B1012A07D1A1
:10CE20000968006801E009880088401A00F0CFBC5A
:10CE3000BDE88040FFF75ABF80B56F460178427861
:10CE4000807840EA012040EA024080BDD0B502AFC0
:10CE500002780AB90A780AB10520D0BD8278520753
:10CE600002D48A78520702D54278032A01D10220DF
:10CE7000D0BD4B780FF20A01022001EB8304DFE8FA
:10CE800003F0030C111009000120022A38BF022010
:10CE90000021D0BD0648074901E007480749805CEA
:10CEA000895CD0BD901E0121B0FA80F04009D0BD50
:10CEB00073E804006EE8040069E8040064E8040014
:10CEC000F0B503AF2DE9800F8246FBF7D1FBDFF809
:10CED00064B0804618495846FDF7F4FA0022002451
:10CEE000B2F5FC5F11D026461346855C0134FC3256
:10CEF000012DF5D10024024400EB0309C4546FF066
:10CF0000FA0050B114540130FBE700F04EFB4046EC
:10CF1000FBF7E4FB4FF0000B08E000F046FB404657
:10CF2000FBF7DCFB09F10100CAE90160CAF800B0B7
:10CF300000F047BD886A0320E8CF040080B56F4643
:10CF4000C00718BF80BD0248BDE88040F9F724BF84
:10CF5000CA000000F0B503AF4DF804BD0C4606460C
:10CF6000FBF786FB0E4905463046FDF7ABFA202C51
:10CF70003FBFC4EB8412012300F8223008683FBF92
:10CF80000130086028465DF804BB3CBFBDE8F040B6
:10CF9000FBF7A4BB034A20462021F9F7EFF800BFB6
:10CFA000D8CF040024D4040080B56F46062A3CBFC5
:10CFB000002080BD02784378D0F80200C1F802005A
:10CFC00002200B704A7080BD052A08D90A78052A0C
:10CFD00007D24B784BB1012B03D1012306E002218C
:10CFE00001E04FF48171018070470023B0B502AFBA
:10CFF000CC78072C01D3102C03D94FF48171018018
:10D00000B0BD8D788988C47085704270037081804E
:10D01000B0BDD4D480B56F46084603490222BDE8AE
:10D020008040F8F743BA00BFB4DB0400CAF84C0BE9
:10D0300002F59070CAF8482BCAF86C0BCAF8701B3E
:10D0400070479DF81300E070BDF811009DF82310A3
:10D05000DDE90565A4F80100BDF82100079A9DF8F7
:10D060002030ADF80C008DF80E102374C4E9016572
:10D07000E260A4F81100E17470479DF82080DDF8AB
:10D080001C90BDF821009DF82310DDE90552ADF894
:10D090000C00A4F8110048468DF80E10E1744146CA
:10D0A0000292EFF745BC44F8390004EBC900416037
:10D0B00009F10100C8F8000070470446154654F80D
:10D0C000049B0E46804621464FEAC900704707225E
:10D0D000C1F18F018243012301EBC101C00803FAB2
:10D0E00002F2109B002C19440B5C23EA02057047E6
:10D0F0000D980AF534652946026870472B98B0F8F8
:10D100006820406ED0E90001D8F7C9BD2374C4E996
:10D110000165E260A4F81100E174704700208AF80C
:10D12000750B4FF49070BAF8BA11704744F2C910F9
:10D13000214648440B228BF84055DBF8305515F05A
:10D1400008BF0146012000294FF001017047DDF8BA
:10D150007C2A9DF8800ADDF8781A704744F2C810DE
:10D160001F994844EDF716B995E80E0030460EC0F9
:10D170002046D9F785B8DDF8388218F102007047EB
:10D180008DF840005846FEF7F3BA31468DF841005D
:10D190000222D9F808007047DAF818002146F9F79A
:10D1A000EFBF759BDDF8D101CDF87B315E905E98C5
:10D1B000704794F8442304F1180004F55175002ACF
:10D1C0007047D5E90001013041F10001C5E90001D6
:10D1D00070471022304615F0BCBE00200021F8F741
:10D1E000CDBFD9E9023182B21846F1F751B8BDF886
:10D1F00019909DF818B09DF81BA0D8F7A9BF8AF820
:10D20000480D00208AF8400D704702B05DF804BB5D
:10D21000F0BD0A460838083153689D4270474FF404
:10D22000847215F041B8E2FB030143F60952002372
:10D2300015F09CBEF4E8021049680847029884F88B
:10D2400010806560C4E9020970470D980AF53466DC
:10D250003146D0F8008070470D980AF53469494688
:10D26000D0F80080704709B0BDE8000FF0BD44F26F
:10D27000C8101F994844704742462946DFF796B9BF
:10D2800085F8602096E80E000EC0514605F1480072
:10D2900090E81C005046AA461CC1FEF789BA94A823
:10D2A00095E84C0001464CC1DBF8301590E82C00A5
:10D2B00000202CC41C9CDDE919658BF85005CBF8C7
:10D2C0004C15704702996FF0010008607047012209
:10D2D00000212A720202002870474168019A013930
:10D2E0004160114370474FF45E71DDE90102514323
:10D2F00070471F99FD20DDF8ACA008707047D8F882
:10D3000000000130C8F80000704707B0BDE8000F0A
:10D31000F0BD1322204615F01CBE1022284615F041
:10D3200018BED0E90001D8F7BABC062100208AF85F
:10D33000E813310289B28AF8E00364F317410AF571
:10D340007A700631CAE97815CAF8E80170470BF11E
:10D3500008012246F7F714BC114630462A4615F05C
:10D36000F8BD8AF8750B4FF4907070470DF59F6803
:10D370000DF55C79704704460568002001C47047CC
:10D380009AF8B941DAF8085B15F0E3BD05B0BDE8DD
:10D39000000FF0BDDDE9CA014FF00408DDF884B0EC
:10D3A00088427047D8F8002028462146E5F7DEBDC0
:10D3B00008F10500611C132215F0CBBD0BB0BDE8D0
:10D3C000000FF0BD1022204615F0C3BDCBF84C5520
:10D3D00000201C9C1A9D8BF85005704701200121EC
:10D3E000F8F7CCBE00924246FBF764BA20680130E1
:10D3F00020605DF804BBF0BD00230422042000215E
:10D40000704701EB4101002C059303EB810106916C
:10D4100002EB42010390029400EB810004907047FC
:10D4200019F1010048F10001CBE9000130680099D1
:10D43000013030600120087000200199704701EB35
:10D44000800100221C927047C0F30726C1B2022956
:10D450007047CDE92B100BF5107CBBF8580329461B
:10D460002A902D959CE87D007DC109F11800704738
:10D470000020279B8AF870001498AAF86C00169870
:10D48000CDF85C80CAF86000CAF850407047044686
:10D4900041F2797028440E22DAF8B051DAF8D061FE
:10D4A00015F03EBCBDE8000FF0BD1AF101004BF1D4
:10D4B0000001C8E9000128680299013028600120B4
:10D4C0000870002070473869102200BA69907869A6
:10D4D00000BA6890B86900BA6790F86900BA6690B7
:10D4E0007047132215F035BD304615F032BD8DF86A
:10D4F00041003146E01C8DF8400058460222FEF7FC
:10D5000037B9D9F800000130C9F80000704702EBC4
:10D51000C101039000EBC3007047DAF8000001304E
:10D52000CAF80000704790E838000A46012038C267
:10D53000704707B0BDE8000FF0BDD1E90012FAF75F
:10D540005AB91322701D15F004BD00913146FCF745
:10D55000D9BE204615F0FDBC4FF0FF300860704783
:10D56000284615F0F6BC00F55E70A1F55E717047B7
:10D57000A0FB020301FB023170470D6804462868D6
:10D5800000287047DDF860A00DF59F6870470168BE
:10D5900042688368C0687047102215F0DABC5DF8F5
:10D5A00004BBF0BD5DF804BBF0BD08680130086045
:10D5B0007047CAF8702CCAF8789CCAF8541C704797
:10D5C00000230B7201EBC203D3E9033470472888B0
:10D5D0003146ADF8410058468DF84090FEF71ABD2F
:10D5E000D1F800A08446DAF800000028704752F80D
:10D5F0002020D1E90001CB68214670470298DDE97F
:10D600000412C4E90112007870470FCB41EA030409
:10D6100040EA02052C43704701EBC20203EBC4044D
:10D62000C0E90034C0E90212D0BDFF208DF8F80433
:10D6300005208DF8FC047047D9F800100139C9F8AD
:10D64000001006B0BDE80007F0BDBDE8000FF0BD5A
:10D6500028683146CDF8410058468DF84080FEF7E5
:10D66000D9BC012041468DF8310204F11200B622E6
:10D6700015F06FBC0BF580700BF1DC012022CBF8AC
:10D68000FC5015F066BC2068013020607047BDE892
:10D69000000BF0BD0120F9F78DBB2170016801314D
:10D6A0000160D0BD606204F12800D4F7A1B907F889
:10D6B000010C781EF9F726BC404621465346F6F782
:10D6C00041BB01680131016070472846F3F7B6BCE1
:10D6D0004046FDF765BE202215F03BBC5DF8048B8B
:10D6E000F0BDB02215F035BC2868013028607047C5
:10D6F000325C514031540130704784F8440304F1E6
:10D700001800C4F8402304F5517584F84533704778
:10D710006FF001000860704702EBC101059000EB5B
:10D72000C300002C0792089106900194704702B044
:10D730005DF8048BF0BD05F1080114F0B5BDD4E926
:10D740000160801B8542704781B200F47F0202298C
:10D75000704703200321F8F711BDC0F30722C1B2BF
:10D760000229704713460246084611467047144680
:10D770000546EDF795BC5146289511F85F0F1D91B0
:10D7800027391791002129941B917047DDF80C92DD
:10D79000BDF80AA2704702EB716282EA33647047F7
:10D7A00018C80A4618C201238AF8283003888078EE
:10D7B000138090707047D0E90001FBF76BBEA7F1B2
:10D7C000680240463146CDF800A0FBF79FBBB0FA97
:10D7D00080F0400980BDC10D1BEB402041F10001EC
:10D7E000002315F0C3BB00924A46FBF763B8DBF891
:10D7F000FC000BF58074002100688BF82C11CBE93C
:10D800004904704700203146F8F772BC0020F9F750
:10D81000D1BA0023FAF798B8BDE80007F0BD284652
:10D82000F7F700BA2146E5F7A1BB2046D8F728BD97
:10D830006FF0010028607047D8F808001028704782
:10D840009DF80000012870470168013901607047A8
:10D850000AF57E700531CAE97C18DDF87C80CAF8CB
:10D86000F8017047CAF8740C4FF49070CAF8540C61
:10D870000220CAF8701C70478AF87D0C4FF4907033
:10D88000CAF8540C01208AF8400B70474090DBF82E
:10D890001C0041901198129900F0010310987047F4
:10D8A0004846F7F7F7B900F47F410022B1F5807FD1
:10D8B0004FF000034FF002017047279B002285F8CC
:10D8C0009920169AC5F89420CAE91F0170470D46A1
:10D8D000F9F784BF404615F03CBB2946EEF796BCED
:10D8E00006F1080211940DF1240A07CA0EAB07C312
:10D8F0000EAD70475846F7F72BBC01208DF8CE01CE
:10D90000BBF86C03ADF8CC01DBF86803704700206E
:10D91000114601F8140F029151F8108C41F80C8C4B
:10D9200070470020CDE929B98AF82000DAF8000014
:10D93000CAF8140070475368D3F81026D3F8143689
:10D94000FAF716B8B2FA82F2520910435DF804BB36
:10D95000F0BD90E84C00404629464CC1D8F724BDA4
:10D960000D9805680AF5AC702946FAF787B801905A
:10D97000B868894600904046D9F722B902460B465E
:10D98000114630461A46FEF739BEBDF84C105046D7
:10D99000DDE91448FCF716BD68304FF0FF3111FA8D
:10D9A00082F6FBF7B1B9D1E90001CB68704708688E
:10D9B000013808607047C268084610474246DDF7E4
:10D9C000BBBDBDE8080FF0BDD1E90001D1F80CC026
:10D9D00019467047D0E90012013142F10002704748
:10D9E00004EB83030224C3F80047704700F10802E8
:10D9F000019201AA009270472D1A64F10000BBEB5E
:10DA000005017047DDF87B100C221E981A917047B3
:10DA10000FCB12BA00BA09BA1BBA70470D98D0F8EA
:10DA2000008070471090DAF84C109AF85020704738
:10DA30001F9903202070FD2008707047C4F8000271
:10DA40000120BBF1000F70470860A7F1090207F839
:10DA5000090C70470130CAF8000070470446009373
:10DA60000846114622467047B02214F01DBCDAF871
:10DA7000080BCAF8401BCAF8440BCAF8486B704739
:10DA80009DF8D0B1BBF1FF0F704775999DF8D0613B
:10DA9000002970478DF8F804DAF828107047DAF892
:10DAA0002810DAF838207047C8E900312868049A4D
:10DAB00001302860D2F80C807047DDE902129DF831
:10DAC0001000C4E9161284F860007047034603F89A
:10DAD000012B8B427047D1E900240023A2427047FA
:10DAE00094E86E0048466EC0704794E86E00404669
:10DAF0006EC0704700900846114601AB70470A6837
:10DB0000013A0A6024A996E838000A4638C27047EC
:10DB100080460120B8F1000F704705F10800839995
:10DB20001691BDF80AA29DF809927047DAE9151618
:10DB30001691BAF85C10149100211B91704781F87E
:10DB400039004FF49070C1E9033003F590707047CD
:10DB50000020CDE924582690062000901EA824A974
:10DB600070471E9D41F274502844F3F7C6BA1E9DBB
:10DB700041F264502844F3F7CCBADDF83C90F968E0
:10DB80004A46F0F74CBA43F6095215F0EFB999F846
:10DB9000035099F80440F9F7D2B83168284608478D
:10DBA0009DF878019DF8B211D7F75BBFFD2089F889
:10DBB0000000704708F10600B022183115F0C9B90D
:10DBC00095F8080195F80911FDF72CBD04F14806F8
:10DBD00051463046ECF7ACBE1946F1F7BBBE0068C3
:10DBE000D0E90012704705F1D00152462046D4F723
:10DBF00040BADDF860A020465146D4F783B904202E
:10DC00000421F8F7BBBA1E469246D8F789BF6036A2
:10DC10005146AC192046FEF74EBA9DF898030128EC
:10DC2000704705200521F8F7A9BA06200621F8F764
:10DC3000A5BA41461022FDF70DBA4FF0C07240F66A
:10DC40006613F9F795BE1E9941F254500844F3F754
:10DC500046BA1E9941F264500844F3F740BA284688
:10DC600014F0DBBF2846F2F783BBC0F8401300F581
:10DC70001C70F9F7B3BD02460B46114670479DF87C
:10DC80006800FF287047D0E90001F0F701BB0C18CD
:10DC9000DAF8BC112046FBF719BE52460423EDF713
:10DCA00071B929463246F7F739BA584631468DF8E8
:10DCB0004080FEF7AFB930468B46D8F7D6BB30462A
:10DCC0002346F2F763BC0C46F9F739B80220F9F79E
:10DCD00071B802200221F8F751BA2046F7F776B959
:10DCE0000130B72215F035B9044690E826002846E1
:10DCF000FDF7D9B900922A46FAF7DCBD00925246E8
:10DD0000FAF7D8BDCDE9000404F1280594F85000D5
:10DD100000287047DDF834B001208BF820018BF823
:10DD20002C017047DAF84C0190F82910013180F885
:10DD300029107047DDE902018842704794F84523B5
:10DD400004F1180004F24535002A7047A4F8DD00FC
:10DD5000002060662069C4F8D8007047994202EB41
:10DD6000C3007047D4E90201013041F10001C4E968
:10DD70000201704700688AF828100AF11D01CAE9FB
:10DD800008017047D6E90001013041F10001C6E900
:10DD900000017047A9F101052C24DAF8002005FBE9
:10DDA0000484704710984192069A409411443F9120
:10DDB000129970470B7201EBC20301321C691B7B85
:10DDC000037170479B1A61F10001BAEB03047BEB0E
:10DDD000010470473068214601303060032028700C
:10DDE00001207047286802990130286003200870DC
:10DDF000012070470020DAF8B411CAE97110CAF89E
:10DE0000CC01704700208BF86C08DBF83005CBF8AC
:10DE10006808704700208BF85005DBF83005CBF818
:10DE200048057047C4E90021B0BD0320F8F7C2BF20
:10DE30004846D8F7D7B8BDE8000BF0BD2946FFF734
:10DE400089B82046F2F794BA2046F2F79FBB202803
:10DE500000F01F00704743E80025002D704753E88D
:10DE6000005F002D70479DF83001FF28704784F84F
:10DE7000283022627047DAF80000406870479DF849
:10DE8000F802012870479DF80862FD2E704740682F
:10DE900000F2646070479AF81C00C0077047D0E930
:10DEA00000125046FBF7E4BA04F120002946ECF7D3
:10DEB000E9BD04F120004146FDF7A2BD0AF5AA70B4
:10DEC0002946E4F725BA04F144004146E5F77EB857
:10DED0004FF0FF32084604C070474A463046294694
:10DEE000DFF7A2B909F110004146E7F781BE8DF8CE
:10DEF00068062846EFF768B91F9802682046F1F7D0
:10DF000057BD1F9A21462846ECF7F4B8406800F543
:10DF1000B560FCF7D7BA10609068431C936080BD71
:10DF20001A4616915046E4F743BF27F8680C50464E
:10DF300014F073BE054608460C46F8F7BDBF5046C0
:10DF400021464246FDF714BC2F9A2D9B5946EEF709
:10DF5000E3BD5846CDF808B1F7F7FAB83046414668
:10DF6000BDE80007F0BD084611465822F8F7C0B8D2
:10DF7000084611461A46FBF78DBA8DF8D0072046A1
:10DF8000EFF722B900F8014B6860FF20B0BD2046D2
:10DF900049462A46F2F74DBA0BF592705146F1F711
:10DFA000D9BC1B9A0228DDF86910704700220AF5D7
:10DFB000E87307C3CAF8DC217047CAF8400BCAF8F7
:10DFC000441B70479AF8BA01204731880180B17824
:10DFD000817070479AF8B901204741F22C5009EB43
:10DFE0000004D8F80020704743F6085000210023B1
:10DFF00070479DF8D00121F0FF017047DAF84C110D
:10E0000091F82900704775999DF8D04120F0FF05DF
:10E010000029704775999DF8D051002970475FFA23
:10E0200080FBBBF1000F70478DF8F80408F1010088
:10E030002146B7227047A5F80D0002206877704787
:10E040009DF8800ADDF8781ADDF87C2A70474FF0D9
:10E05000FF31026811FA86F191427047D1E901015E
:10E06000C4E901017047D4E90001C4E90501C4E92C
:10E0700002017047DAF828108DF870037047092202
:10E0800014F067BF9DF81882B8F1FF0F70470024A5
:10E090000421042300227047D0E901236065981A07
:10E0A00084F864507047199DF8F76ABEC2B2022A1C
:10E0B0006FF0010252FA80F27047C82214F0F4B8EF
:10E0C0000646D0E9003101227047BBEB0500CDF8D0
:10E0D00078067047D8F808000968C90570479DF8A8
:10E0E000B8819DF8B901B8F1FF0F7047C0F307255B
:10E0F000C1B202297047C8B2D1B2199202EB002016
:10E100000229704724A90F9E084696E82C002CC0CF
:10E110007047C04300064FF0020070471998B022C4
:10E1200000F10801704781F4404142F82010704727
:10E1300008F10100B0FBF2F101FB120070479DF8FD
:10E1400010B0BBF1FF0F70470FCB41EA030540EA67
:10E150000206354370474C909DF87C01779A8DF804
:10E1600034017047DBF85002DBF85312CDF8CB11C5
:10E17000704722F0070CD1E9001270477090080C2C
:10E180008DF8C6019BF86703704760F35F08CDF810
:10E1900010807047B2EB08004FF000017047119AF1
:10E1A0000228DDF841107047484614F0D2BE4846B8
:10E1B000F2F73FB9102214F023B891E81C001CC0FC
:10E1C000012070478BF8A4060BF58D60CBF8400555
:10E1D000704795F8009095F801A07047DDE994121A
:10E1E0009DF8580270470021FAF7BEBA01214FF09E
:10E1F000040BC0078DF8291370470C18583004F130
:10E20000180370475046FCF7DDB8FE202070B0BD03
:10E21000CDE91201002014907047304614F0F4BD8F
:10E220003046D7F7DFBE3046F2F7B0B9BDE8080F89
:10E23000F0BDDDE91363DDE9115C70472046FEF7B0
:10E2400070B9204614F0E0BD204614F0E6BC20462C
:10E25000D3F782BB2046F6F71DBD044608689046FA
:10E260000B79D0E9001270470020CAF8CC418AF837
:10E27000C4030220704700203F9000202E9070477A
:10E28000DDF8D007023070479DF8D001FF287047B5
:10E290000139416000687047769ABDF8D0817047B7
:10E2A00041680139416070479DF8F854FF2D70476F
:10E2B00070196060FF2070479DF87053FF2D704704
:10E2C00014460A4601467047FF208DF83002704719
:10E2D00030680130306070470220DAF8082B704750
:10E2E0000446087AC0077047002040F201127047C8
:10E2F000064B074ADB7802604FF442728280C3719A
:10E300000822002382710372704700BFD8E7032000
:10E310002DA10300064B074ADB7A02604FF4B0726E
:10E320008280C3710822FF2382710372704700BF8D
:10E33000D8E70320E58F03002DE9F341C41D002831
:10E3400024F00704064614BF2046002000F08EFF8C
:10E35000071E04DA6FF00B0002B0BDE8F081364D05
:10E36000E988A8886B7A2A7A0331033089B280B2AF
:10E3700001F020F90028EDDBA978EB783C44033468
:10E38000002E194424F0030400FB01F114BF2046C1
:10E39000002001F023F920440EB90028DADBEA7AE4
:10E3A0000446B2B1EB7B697C13441944FF29D1D8F0
:10E3B0000330002E20F0030414BF20460020AA8959
:10E3C000C9B201F0A9F90028C4DB04440EB9002C3D
:10E3D000C0DB012000F040FFB0B1A97BA1B195F8EE
:10E3E0002A3033B340234FF481720734002E24F0D7
:10E3F000070414BF2046002003F086F80028A9DB9C
:10E4000004440EB9002CA5DBAB7AF3B1EB7AABB1C7
:10E410000734002E24F0070414BF20460020A97AF8
:10E4200008F034FC002895DB044476B9002C0CDAA3
:10E4300090E725232822D8E7D8E70320012000F021
:10E440000BFF10B1AB7B002BE2D1734B1B6893B178
:10E45000A97D81B10334002E24F0030414BF2046AB
:10E460000020EA7D98470028FFF674AF044416B9EF
:10E47000002CFFF66FAF694B1B688BB1297C79B11B
:10E480000334002E24F0030414BF204600209847D4
:10E490000028FFF65FAF044416B9002CFFF65AAF10
:10E4A0005F4B1F68AFB1697C99B12B7D009303343A
:10E4B000002E24F0030414BF20460020EB7CAA7C2D
:10E4C000B8470028FFF646AF044416B9002CFFF603
:10E4D00041AF072000F0C0FE98B1A97D89B1033497
:10E4E000002E24F0030414BF204600202A7E01F0F1
:10E4F000E7FA0028FFF62EAF044416B9002CFFF609
:10E5000029AF95F82300B6FA86F77F09A0B16B7F93
:10E51000A97E033424F00704194444F004043B4664
:10E520002246C9B201F032FB0028FFF613AF0444C3
:10E5300016B9002CFFF60EAF95F8241000294CD028
:10E5400004F10708002E28F0070814BF40460020F9
:10E55000EA8C01F0B5F8041EFFF6FCAE4444002E30
:10E560003ED1002CFFF6F6AEA97F002945D095F8E4
:10E570002230002B41D02A8C0734002E02F12402D5
:10E5800024F0070814BF4046002092B201F098F82A
:10E590000028FFF6DFAE404416B90028FFF6DAAED9
:10E5A0002B7FA97E033020F0070040F004041944BB
:10E5B00095F822003B462246C9B201F0D9FA00285C
:10E5C000FFF6C8AE044486B9002CFFF6C3AEEB6A72
:10E5D000F3B1C6B1EC620020BEE6002EC4D088467E
:10E5E000E98C40460EF030FCBEE72A8CA97F083249
:10E5F00092B240460EF02EFCE9E7002EE7D0002252
:10E6000011461046F6E728343FF5A4AE2046A3E6AF
:10E61000002EE0D1FAE700BFC4F20320C8F20320C5
:10E62000CCF203201FB572B6194B1D6BEDB9BFF3C9
:10E630004F8F1849184BCA6802F4E0621343CB604D
:10E64000BFF34F8F00BFFDE72346B2FBF6F25C1C21
:10E65000002AF9D104AEDCB256FA83F303F80C2C8D
:10E660000A2234B901A8A847E1E7024600230A2696
:10E67000EDE7631E04AEDCB256FA83F3B0FBF2F6AC
:10E6800002FB1600303003F80C0C3046E9E700BFFF
:10E69000D8E7032000ED00E00400FA0513B5124CA2
:10E6A0002389ADF80030E388ADF804306846A388CC
:10E6B000ADF8023005F010F918B1FA219C20FFF7EF
:10E6C000B1FF207D05F024F908B1FD21F6E7E07CDB
:10E6D00005F018F908B1FE21F0E794F828000CF0D5
:10E6E0001FFC02B010BD00BFD8E7032008B500F042
:10E6F000DBFA05F0E5F9FFF7D1FF002008BDD4D41F
:10E7000038B5054600283DD011F030FC10B94FF067
:10E71000FF3038BD0EF0C4FFB0F5FA7FF7D81B4CC0
:10E7200025631B2500212A4604F10F0084F83410CC
:10E73000217084F82A10E16211F00AFF0123A3700E
:10E74000E370E372A3742376F72303210820238464
:10E75000FB2302222172A072A1731F204921E384AE
:10E760000A23A580E5806272A081E174E27584F8D5
:10E770002830EFF3108472B601F018FA04B962B6CB
:10E780000020C6E76FF01500C3E700BFD8E70320FD
:10E7900038B51446002840F0C480634D95F83430F5
:10E7A000032B00F0BB80B9B112B96FF0150038BD72
:10E7B0000139172900F2B580DFE801F00C1D203681
:10E7C0006069873C6C6F814248565B8D909FA2A523
:10E7D00096B3B3A81378AB700020FFF7ADFD002807
:10E7E000B7BF0123022385F834306FF00B00A8BFB8
:10E7F00085F83430DBE71378EB70EDE71379002B05
:10E80000D3D05379002BD0D01288FB2ACDD863887F
:10E810001B3B9BB2E02BC8D81A2AC6D923686B6071
:10E82000424BA2889A80D7E71378EA7B9342BCD305
:10E83000EB72D1E71378EA7A9342B6D8EB73CBE761
:10E840001378EA7A9342B0D86B74C5E71378002B3B
:10E85000ABD05378013BDBB2F82BA6D813886B8280
:10E86000334B92789A70B7E7107868750CF0E0FA3D
:10E87000B2E71378002B98D02B76ADE7012000F09B
:10E88000EBFC237808B1012B8FD9AB73A4E7138875
:10E89000AB81A1E71378AB759EE7072000F0DCFCA5
:10E8A00010B92378012B80D9072000F0D5FC18B1CE
:10E8B0002378002B3FF479AF2378EB758CE713783E
:10E8C000082B3FF672AF2B7486E71388FF2B3FF6B9
:10E8D0006CAFAB7280E713786B767DE713780E2B05
:10E8E0003FF663AFAB7677E72368124AC5F81E3070
:10E8F00063685360238913816EE71378EB766BE7C7
:10E9000013786B7768E713782B7765E713785A1ECF
:10E91000092A3FF64AAF85F828305DE74FF0FF300F
:10E9200045E76FF02C0042E7D8E70320DCE703203F
:10E93000EAE70320F6E70320F8B50D46064630B3B4
:10E9400029B311F0070422D1124F97F83430012B6C
:10E9500002D16FF00B00F8BD032B02D14FF0FF3056
:10E96000F9E701F061F90028F8D02846FFF7E4FC48
:10E970000028EEDB0CF0DAFA3046F96A05F08EF882
:10E98000FFF78CFE032387F834302046E3E76FF06F
:10E990001500E0E7D8E7032010B5074C94F83430B1
:10E9A000032B03D105F08CF806F09AFD01F02CF949
:10E9B000002084F8340010BDD8E7032008B505F026
:10E9C00037F8BDE808400249032000F03DBC00BF15
:10E9D00015E3020008B505F03FF8BDE8084002491C
:10E9E000022000F031BC00BFF1E2020004F09EBF43
:10E9F00004F0AABF04F0ABBF38B505460C4600F0E2
:10EA000067F930B13E2D04D12046BDE8384000F012
:10EA1000A3B938BD37B50446204606F099FD022853
:10EA200005460FD004280DD123788A2B0DD0942BC6
:10EA300021D0204600F038F8A1782078FFF7DCFFDD
:10EA40000028E9D0284603B030BD05213E20FFF75D
:10EA5000D3FF0028EDD1E378227901A943EA02230C
:10EA60006846ADF8003004F027FF0028D4D05321C9
:10EA70000820FFF7D7FD1A213E20FFF7BDFF002831
:10EA8000D7D16379A27943EA0223ADF8043069460D
:10EA9000112301A88DF8063004F040FF0028BBD0F8
:10EAA0006521E5E706F030BC10B50378813B0446EC
:10EAB0001A2B35D8DFE803F0353B474B556D730E05
:10EAC0006741818761777B8D9BB5C0CEE0E6ECF234
:10EAD00034DAD400292000F03FF930B13E2323700E
:10EAE000222363702923A3701AE00A2000F034F96E
:10EAF0003E23237018B11F2363700A23F3E7012319
:10EB0000A37013236370E37903F00103E371D4F876
:10EB10001A30C4F80E30E38B638294F820302375EA
:10EB200010BD3E230370042343701423DBE73E2310
:10EB300003700A2343700323D5E73E2303700D239C
:10EB400043700523CFE705232370042307E05A20F1
:10EB500000F0BEF808230028F6D05A222270637015
:10EB6000DEE75B2000F0B4F818B15B2323700623C6
:10EB7000F5E7302323700323F1E73E2303700B23D3
:10EB800043700723AFE73E230370062343700C2333
:10EB9000A9E71323037083789B000133DFE7572332
:10EBA00003700223DBE73E2303700D239BE73E2324
:10EBB000037001234370112395E73E23037006235E
:10EBC000437012238FE73E230370092343701323FE
:10EBD00089E73E230370242000F0BEF818B12423F7
:10EBE000A3701423BBE70E23A3701023B7E73E23C3
:10EBF0000370252000F0B0F8227B20B125230B32D2
:10EC0000A37062708CE70F23A37002F10803637096
:10EC100004F10B0104F108000232BDE8104011F0CC
:10EC200057BC3E230370262000F096F818230028D6
:10EC3000D6D02622A27092E73E2303702A2000F04D
:10EC40008BF818B12B2363702A234CE71D236370C4
:10EC5000192348E73E230370072343701A2342E732
:10EC6000FF2303700D23437080233CE7FF230370D1
:10EC700029234370812336E73E2303700C2343701E
:10EC8000232330E73E2303700E23437037232AE704
:10EC90003E2303700A234370352324E73E23037089
:10ECA000FE2343702B231EE7074B4FF0FF3141F645
:10ECB000FF72C3E9001205490022C1E900221F21A9
:10ECC000C3E90212704700BF608A032010E80320E6
:10ECD0003F280CD801380B4BC0F3421200F01F0044
:10ECE00053F8223023FA00F000F001007047FF28AB
:10ECF00006D04038C0F34212034B00F01F00EFE78C
:10ED000001207047608A032010E803200146074B6A
:10ED1000006849681A4603C240F48C221A6041F028
:10ED2000107242F4FF625A6000207047608A03202C
:10ED30000246034B0068516803C30020704700BFC0
:10ED400010E803200246034B0068516803C300200B
:10ED5000704700BF688A03200138064BC0F3421297
:10ED600003EB820300F01F009B6823FA00F000F021
:10ED700001007047608A032008B510B96FF01500D4
:10ED800008BDFFF78FFE0028F8D00020F8E710B587
:10ED90000C4648B141B1FFF73DFE002820700CBF82
:10EDA0006FF02200002010BD6FF01500FBE7D4D4F7
:10EDB000F0B50C88C37C0288A5B2C4F30E0404F13C
:10EDC00018060233865B1A44334497B213FA82F36F
:10EDD000013B4288B3FBF7F313FB07439BB29A4214
:10EDE000044A93BF22EA05032A4013439BB20B80D7
:10EDF000F0BD00BF0080FFFFF8B5941C0C446343D6
:10EE0000B3F5004FA8BF4FF0FF330E4610F00301DB
:10EE1000054617469CB203D0B0211420FFF702FC30
:10EE2000B4F5004F01D9B121F7E71422043011F0F5
:10EE30008FFBEF746C802E80F8BD38B50388C488D2
:10EE400005898B42C4F30E0203D2D1211420FFF7AF
:10EE5000E9FB84EA0503C3F30E030BB9AC4206D108
:10EE600002F118030122C1528274184438BD1846B9
:10EE7000FCE7023101444A43B2F5004FA8BF4FF00E
:10EE8000FF3290B21B3020F00300B0F5004F34BFCA
:10EE900000B24FF0FF30704740881B3020F0030075
:10EEA000B0F5004F34BF00B24FF0FF3080B2704772
:10EEB00038B503888B4203D2F7211420FFF7B2FB49
:10EEC000857C65B1C388C3F30E031833C25A8A42E6
:10EED00007D3C152811DFFF76BFF002383742846BF
:10EEE00038BD0025FBE70346F0B59E88DD88B4B247
:10EEF000A54200F11800C6F30E0616D05F89DD7C2E
:10EF0000845B3D4402353544E41B28440D88A4B29B
:10EF1000A54288BF0C805989B1FA81F14FEA51119D
:10EF200088BF25461170DD81F0BD00252846FAE72F
:10EF3000F8B58288C389002604460D4692B20E6059
:10EF4000CBB1C2F30E024189183287180B44825AA2
:10EF50009BB29342438104D94FF4A2711420FFF76E
:10EF600061FB04D1011DFFF723FF46812F600023C1
:10EF7000E3810120F8BD1846FCE7838802899BB233
:10EF80009A42014602D00831FFF712BF70478388CA
:10EF9000C0889BB2C31A584258417047828873B5E3
:10EFA000C48895B2AC42C2F30E0202F1180212D02C
:10EFB0004189C689835A314499420EDB0DF106011D
:10EFC000ADF80650FFF7F4FEBDF80600001B18BFB1
:10EFD000012002B070BD0020FBE70120F9E770B509
:10EFE000C488068984EA0602C2F30E020346C4F30B
:10EFF0000E0518300AB9B4420FD19C891A880CB199
:10F00000465B921B914207DCDA7C2C44023222449C
:10F0100010440A461A8270BD00221046FAE7F8B57D
:10F02000038A002B38D08B4236D3C488858900F1FF
:10F030001803C4F30E041E1995B91D557570858902
:10F040001E5B0D44ADB2314485811953D2B1811D8F
:10F05000FFF7AEFE00238381002303820120F8BD69
:10F060001E5BAE4204D04FF4F6711420FFF7DAFABB
:10F07000C57C878A2644023535445E195F53857DF9
:10F08000B570DCE7C27C254402322A4499189B5AA9
:10F0900083828B788375DFE70020E0E78388C2886E
:10F0A0009BB29A4206D0428922B9C3F30E031833A9
:10F0B0001844704700207047C37C0233C81870475B
:10F0C000C37C0233C81A70470230704738B5838852
:10F0D000C2889BB29A4207D045892DB9011DFFF71E
:10F0E00067FEC581012038BD0020FCE7038813803E
:10F0F000C388C3F30E03183303440B608089704741
:10F100004A1E062A08B50346084604D84FF4D171B2
:10F110001520FFF787FA094A914202D940F2A3115C
:10F12000F6E711B903B1196008BD2BB11B680022C5
:10F13000C3E901211A1D1A600430F5E7FAFFFF7FC9
:10F140000368002223B9C0E90132031D0360704740
:10F1500059681B680A44F5E7072970B5034604D8C7
:10F160004FF4EC711520FFF75DFA0068C0B14468F8
:10F170001A688C42064610D0106860B901F1080583
:10F18000AC420DD3546850501868651A5418006882
:10F190006560505002E01346E9E714681C60304691
:10F1A00070BD0023C1E9003203680B600160704745
:10F1B00030B590B18478B1FBF4F304FB131300EB8A
:10F1C000430252898A4201D1D8B230BDC27822B9F5
:10F1D00000F10803D0B2844201D8FF20F5E733F8EC
:10F1E000025F8D4202F10102F4D1EEE782780388DA
:10F1F00005324B4303EB42031844704710B5114BE3
:10F2000000EB41041A786389B3FBF2F303FB02239A
:10F21000013A1A44B2F5706F0279807828BF002352
:10F220001A440B18B2FBF0F100FB11215B1AB3FB7F
:10F23000F0F100FB113313446FEA43436FEA534389
:10F24000638110BD18E80320024B03EB8003596073
:10F25000704700BF18E80320034B03EB8003586896
:10F26000003818BF0120704718E803202DE9F04F3F
:10F2700010F0070A85B0054604D040F26F11172040
:10F28000FFF7D0F9544F07F14C06B1460446B0469B
:10F290004FF0010B57F8043B8DF80BA03BB101A8D0
:10F2A00098479DF80A30082B01D9F521E7E79DF82A
:10F2B0000B1041BB05B131604F4506F10406E9D1A1
:10F2C000002D70D0DFF81491002289F800209646B6
:10F2D000122758F827A0013FBAF1000F56D09AF82C
:10F2E00004609AF802C0FF2E61D039460023481C02
:10F2F00039D19C44BCF1FF0F40D90AB189F800E034
:10F300004FF49A71BBE79DF80AC06046022838BFE7
:10F3100002204B1D5A0004EB4303441E2344BDF856
:10F3200008406444013CCCF1000C04EA0C04404267
:10F33000B4F5803F03EA000302D340F205119EE7D3
:10F3400075B19A1A32609170148082F803B09DF8FA
:10F350000C001071019810814FEA104CA2F806C001
:10F3600004FB0134A8E758F8210028B190F804B054
:10F37000B34504BF80781B180139B8E7DBB2E64516
:10F380008AF804303CBF5FFA8CFE01227B1CA0D1BE
:10F390000AB189F800E0122640F6FF6A58F8267094
:10F3A000B7B9013EFAD2601B05B0BDE8F08F00236B
:10F3B000E5E707EB41033846A3F80AA0FFF71EFF75
:10F3C00009F10109BB785FFA89F18B42F1D8E8E7CE
:10F3D0004FF00009F6E700BF1CE8032018E80320FF
:10F3E00038B54FF6FF730380184B03EB81030246D9
:10F3F000186DA8B184780379B3FBF4F104FB1133E1
:10F40000DBB2194600EB4105B5F90A50002D0EDBC1
:10F410000131B1FBF4F504FB1511C9B28B42F1D1F6
:10F42000002038BD6381BDE83840FFF7DFBE00EB48
:10F4300041046389C3F30E031380C278002AF1D11B
:10F440004FF4E5711720FFF7EDF800BF18E803202F
:10F450001C4B03EB810370B51C6D054644B30304DC
:10F4600004D54FF4EC711720FFF7DCF80146204675
:10F47000FFF79EFEFF28014604D02046BDE87040FD
:10F48000FFF7B4BEA078B5FBF0F300FB1353DBB27B
:10F4900019460A1D04EB4206B6F90260002E09DB8C
:10F4A0000131B1FBF0F200FB1211C9B28B42F0D175
:10F4B000002070BD8B4201D00023E37004EB4202B8
:10F4C0005580DAE718E80320094B03EB810310B5F8
:10F4D0001C6D01462046FFF76BFEFF28014604D055
:10F4E0002046BDE81040FFF781BE002010BD00BFE0
:10F4F00018E80320F8B5104B03EB810307461C6D99
:10F5000001462046FFF754FEFF28054611D0E28849
:10F51000238953EA024606D001462046FFF766FEDD
:10F5200001463846B04720462946FFF767FE0020CF
:10F53000F8BD0520FCE700BF18E8032038B50E4BE6
:10F54000827903EB82030446186D08B9052038BDA3
:10F550008278E1799142F9D24B1CE37100EB4103CF
:10F560005D89B3F90A30002BF3DBA580FFF73EFE7F
:10F5700020600020EBE700BF18E8032037B5002427
:10F58000CDE9004405468DF806006846ADF8044014
:10F59000FFF7D4FFBDF8044008B103B030BD2946E1
:10F5A0002046FFF7A7FF0028EFD040F235211720B3
:10F5B000FFF738F870B50D4609211E46FFF759FCD4
:10F5C0003246044609212846FFF753FC40EA04036B
:10F5D0001B0454BF00194FF0FF3070BD70B50446D6
:10F5E00010F003000E4603D04E211820FFF71AF842
:10F5F000FFF786FD054624B1034831460460FFF756
:10F600007FFD284670BD00BFB4E803202DE9F14F0F
:10F61000DFF870B09DF828A09DF82C901E46DBF80E
:10F62000003007460D4690461BB960211820FEF7B2
:10F63000F9FF524609214046FFF71BFC4A4684B2B7
:10F6400009213046FFF715FC14FA80F1DBF80000C1
:10F65000FFF782FD386018B9286001B0BDE8F08F6F
:10F6600004442C603868534641460922FFF7C4FB26
:10F6700028684B460922314601B0BDE8F04FFFF73C
:10F68000BBBB00BFB4E8032070B50E460446FFF7CD
:10F6900003FC05463046FFF7FFFB044B2A182146C2
:10F6A0001868BDE87040FFF77CBD00BFB4E80320D8
:10F6B000024B186808B1FFF743BD7047B4E8032058
:10F6C000D31D23F0070370B5083390B110F0070481
:10F6D00003D058212220FEF7A5FF0460C28081805C
:10F6E00000F108040A464FF6FF75013A92B2AA42A9
:10F6F00003D103FB01F0083070BD0668266004608A
:10F700001C44F2E7EFF3108372B602680A600160EE
:10F7100003B962B67047D4D41F2AF8B5044613461D
:10F720000ED89200033222F00303B3F5803F2DD2AE
:10F73000184DACB1A00710D068210920FEF772FF68
:10F74000FF2B4FEA420204D9FF339A42A8BF1A4660
:10F75000E8E77C2AB8BF7C22E4E729706C602B8143
:10F7600022F003022823120403FB01F001276B6837
:10F77000120C0025EEB2B14200D8F8BD14B1261823
:10F780001F705E60104401352833F3E74FF0FF30FF
:10F79000F3E700BFB8E8032070B5154A1578536841
:10F7A0000021C8B2854203D8BA210920FEF73AFFEA
:10F7B0001C46184614F8286B01310EB92346F0E7B1
:10F7C00000219970128999610124D96159685C708E
:10F7D000920803F11E0403F1260524F8022FA54226
:10F7E00043F8041F1144F8D100234361037070BD36
:10F7F000B8E80320012303707047D4D40A4B1B8957
:10F80000B3F5FF7F4FEA930006D25A089B1A9BB2CA
:10F81000984238BF18467047B3F5EE6F01D8FF2203
:10F82000F4E740F27263F3E7B8E803204B782DE980
:10F83000F04106460C4602F0040702F0FB05E3B176
:10F84000A5BBFF23A3707B0804EB57073A7D032A6F
:10F8500002D1022D18BF0133E2180121117503F105
:10F860000C0104EB8303002224F811205B68A270D2
:10F870003360B2803046BDE8F081002DE1D1012334
:10F880004B701D4B8D611B89CD6101F11E024968D2
:10F890009B08204604F1260C22F8023F944540F8CC
:10F8A000041F1944F8D100236361CAE7D1F804802A
:10F8B000142200216170A01810F04AFE0E4B1B8923
:10F8C000B3F5FF7F0FD25A089B1A9BB208EB0301D6
:10F8D000C4F804802384A1606284C4F80C80A384EB
:10F8E0002161E284ADE7B3F5EE6F4FF0FF02EBD993
:10F8F00040F27263EAE700BFB8E80320F8B50C46AF
:10F9000084F001046400054611461E46E4B2FF235C
:10F91000837003191B7D012B06D0631CDCB250FAE7
:10F9200083F31B7D012B0AD105EB44073B8B3A8CFB
:10F930009819904205DD2C4400233B832375002059
:10F94000F8BD05EB840432466068184410F082FE6E
:10F950003B8B1E443E830023AB700120F0E781F017
:10F960000101490010B5C9B2FF23837043181C7D03
:10F97000012C07D10C3120F8112002221A75002326
:10F98000837010BD0131CBB250FA81F10C7D012C96
:10F9900005D10C3320F8132002230B75EFE74FF449
:10F9A00099710920FEF73EFE30B50246837803F0D8
:10F9B000FF00F3B9137D022B19D0537D022B15D113
:10F9C0000346012089B1D5180C3300242C7522F888
:10F9D0001340131803241C7502EB80035B680B6053
:10F9E00000F10C0332F813308B80012030BD01236D
:10F9F000E8E70020FAE730B50346827802F0FF001E
:10FA0000E2B99A7D022A17D0DC7D022C13D10322A1
:10FA100081B11D190C340020287523F814009818A2
:10FA20000324047503EB82000C32406833F8123073
:10FA300008608B80012030BD0324E9E70020FAE74D
:10FA4000037D012B01D1008B7047437D012B0CBF3F
:10FA5000408B00207047837D012B01D1808B704744
:10FA6000C37D012B0CBFC08B00207047838B23B953
:10FA7000C08B003818BF0120704701207047027DFD
:10FA8000022A01D1008B7047437D022B01D1408BAC
:10FA90007047032AF6D0032BF9D000207047827DEF
:10FAA000022A01D1808B7047C37D022B01D1C08B0C
:10FAB0007047032AF6D0032BF9D000207047D4D426
:10FAC0002DE9F84305460C46F72005219146FFF73E
:10FAD000D0F9061E21DB1DB914FB06F0BDE8F88342
:10FAE00015F0030703D098211920FEF79BFDDFF8DE
:10FAF0003080C8F81050A8F81460BBB29C42EBD913
:10FB0000B8F81450D8F810004B4607FB0500052242
:10FB1000F721FFF771F90137EFE74FF0FF30DDE72D
:10FB2000CCE803202DE9F041064606989DF81C70AC
:10FB3000984643070D46114602D010F0030003D04B
:10FB400025214C20FEF76EFD4FF48B72FFF7B8FDB8
:10FB5000002F06AB044600FB08F10CBF184600203E
:10FB6000FFF7CEFA17B9069B33602C60BDE8F08131
:10FB700007B5CDE900230B4603490246081DFFF7F0
:10FB8000D1FF03B05DF804FBE4E8032013B5064C95
:10FB9000CDE900230B46024604F1080104F10C00F4
:10FBA000FFF7C0FF02B010BDE4E80320134B0122B1
:10FBB00000214FF0FF309A60C3F80012C3F8080329
:10FBC000C3F80015C3F804259A60C3F80803C3F806
:10FBD0000015C3F804250A490A4A03F580334FF497
:10FBE0000040C3F80825C1F88000BFF34F8FBFF372
:10FBF0006F8FC1F88001C3F80825704700F00040FE
:10FC000000E100E00000F63FFFF7D0BF024B0268C2
:10FC10001A600020704700BFF4E80320014B1B6806
:10FC2000184700BFF4E80320024B1868003818BFDB
:10FC300001207047F4E803208C469B2300B50CF8A4
:10FC4000033B054B8E4607CBCEF80300CCF80410DF
:10FC5000CCF808205DF804FB04E9032070B51B4EC6
:10FC6000736A93F8A84005460CB101280DD001290C
:10FC700012D8F36A2846984770B196F8300058B900
:10FC800064B9012D1FD0204670BD338D1A07EED503
:10FC900096F82A30002BEAD0012070BD002DF3D158
:10FCA000308D83070AD40028F6D196F83130002B26
:10FCB000EAD196F8320080F0010070BD96F82A0073
:10FCC00080F0010070BD308DEDE700BFF8E8032043
:10FCD00010B5154C0CF086FA0CF0D8FDA36BA08E75
:10FCE00000219847237E93B9A18E606A07F05AF9E4
:10FCF000636AB3F8AA0006F073FF236C94F830101F
:10FD000094F83C009847002384F8443010BD94E8F0
:10FD1000070004F10C0383E80700044904F119000B
:10FD200005F040FDE0E700BFF8E8032039FC0200E1
:10FD3000034B93F8443003B97047FFF7C9BF00BFC6
:10FD4000F8E8032008B5094B93F84420022A07D1AC
:10FD5000DA7A42F00102DA72BDE80840FFF7B8BF74
:10FD600040F257312720FEF75DFC00BFF8E8032082
:10FD700010B41E4942788C6C2378D20002F008023D
:10FD800003F0F30313438278920002F0040213435A
:10FD9000C278120102F0100203F0EC031343027860
:10FDA00002F0030213432370B1F85430637002234E
:10FDB000A1F84C308C6C00792378420123F02003A9
:10FDC00002F020021343012823700CD14B6A93F8F0
:10FDD000BA2093F8BB30032A08BF002203F01F03A8
:10FDE00043EA8213A3705DF8044B7047F8E80320E0
:10FDF000F0B5194CA56D83B04DB3636E3BB3B4F849
:10FE000068306B702B782F4601F0030123F0030359
:10FE10000B4307F8033B0646B4F86820616E38468A
:10FE200010F018FC0DF1020201A9E06EE5656766AD
:10FE3000FFF75CF90198FFF747F90346B4F868103B
:10FE4000E06E33600122FFF7EAF803B0F0BD40F640
:10FE5000C4012720FEF7E6FBF8E80320F8B5254C9F
:10FE6000656A276F2A7D95F82111E7654FF4817344
:10FE7000A4F8603094F87430064603EB820308B9A6
:10FE8000FF2B17D018460BF021FC2B7D5BB3A06F26
:10FE90000BF0D8FFA16FE06D0CF0C4FCAEB1B5F86B
:10FEA000E0000BF0CBFB00200CF04AF9022384F8B1
:10FEB0004430F8BD95F820018842E3D1002AE6D10C
:10FEC00038460BF0BFFF0CF0E1FC95F82131B5F896
:10FED000E420033B012B8CBF00202820104480B27B
:10FEE0000CF020F8DBE7E06D0BF0ACFF0CF0CEFC83
:10FEF000D4E700BFF8E803202DE9F04FC44C666A50
:10FF000087B096F8201138B9327D94F8743003EB3D
:10FF10008203FF2B00F0F180FF200BF0D7FB676A14
:10FF2000002304938DF814308DF80930ADF80A30B1
:10FF30003B7A062B00F21B81DFE813F07B00E60022
:10FF4000610061001901070007000DF10A0103A813
:10FF500004F078F9002800F0F680039D002D00F0F1
:10FF6000F2800122062384F87D20BDF80A203B722E
:10FF7000002A5CD0E91CA4F854202165B7F80920B8
:10FF8000A564022BADF811206AD0053B012B66D881
:10FF90000B780322022B8DF8102000F0A180D4F8FA
:10FFA0008000FEF7FBFF0546002840F0C780236D68
:10FFB0001B781B2B00F0EB8000238DF81430F37CB2
:10FFC00084F8315004A823B1B4F85430002B40F029
:10FFD0008A80FFF7CDFEA06C0BF034FF0CF056FCCE
:10FFE000B6F8E2000BF02AFB01200CF0A9F801237F
:10FFF00084F8873084F8443007B0BDE8F08FB7F854
:020000023000CC
:100000001031D4F88000ADF80A300DF109020DF17D
:100010000A01FEF768FF0546002800F00781BDF8D9
:100020000A20012384F87D303B7A002AA2D11146B0
:10003000A1E794F87C30A7F810310DF10A0103A86C
:10004000ADF80A3004F0FEF8E8B1039DDDB10122FD
:10005000052384F87D203B72BDF80A2088E7012340
:100060008DF81030D4F88000FEF798FF054607465B
:1000700000285ED104F000F980F00105EDB28DF8A2
:1000800013503B4699E7636A93F85180B8F1000F2B
:100090005ED1D4F880000DF10A010DF10902FEF7DE
:1000A00022FF0546002853D09DF809A0BAF1000FA1
:1000B00074D1BDF80A30002B5ED101233B7284F865
:1000C0007D300023A4F854302365B7F80930A564C7
:1000D000ADF8113001238DF81030B8F1000FC1D008
:1000E00000252B4669E7FFF743FEA06F0BF0AAFE41
:1000F000A16CA06F0CF05AFB72E796F821318B428D
:100100007FF40AAF37460BE7424BA3640023A4F801
:1001100054302365B7F80920D4F88000ADF81120D9
:1001200001238DF81030FEF739FF054607460028F9
:10013000A0D001238DF8133000233EE701238DF872
:100140001330236D34E740F2D2512720FEF76AFACC
:100150004FF00008002301223A722E4AA4F85430CE
:100160002365ADF80A30A264B7F80930B0E740F271
:10017000DC512720FEF756FA00232B80AB700122BA
:10018000032384F87D203B72BDF80A20F0E607F1D6
:10019000BA0001210BF0E0FA01230EE72946D4F85A
:1001A0008000FEF78DFFFEF78FFF0368D0F804B0E4
:1001B00053EA0B0281462FD1BDF80A20002389F8AB
:1001C000003089F8013089F8023089F8033089F865
:1001D000043089F8053089F8063089F80730002A9C
:1001E0003FF46BAF9DF809100029C5D0297801F0C4
:1001F0000301012906D0BB75012102233B7284F85B
:100200007D10B7E6032384F87D103B72B2E600BF91
:10021000F8E803207CE9032001930DF01FFC019B0B
:1002200083427BEB0101C7D2D04693E740F2C35132
:100230002720FEF7F7F900BF2DE9F04FA94C656ABA
:1002400094F844208BB005F1A8030693022A4FF0DE
:100250000003CDE9083340F06D82E36D032293F88B
:10026000009088465978A4F868101344636609EA38
:1002700002030646A4F8602007934FEA291AC9F33F
:10028000001B002800F0B180002940F0C5816B7A86
:10029000A28EA1650133DBB283EA990142F40072B8
:1002A00011F00107A28640F0D5802A7AA2B1032A74
:1002B0006B7200F2FF81012A0ED0D4F8800008A9E9
:1002C000FEF736FE002800F03F822B6F01332B67CC
:1002D0006B6F43F100036B67636A0021297293F827
:1002E000A8304BB16B793BB1238D697143F010039A
:1002F00023851020A36B9847A38E43F40063A38645
:100300002B7D0027C9F3C009002B40F0AA80AB7AEF
:1003100003F00102914500F0E980A36D002B00F08D
:100320009C810AF0010A84F832A0B8F1000F40F075
:10033000C4804FF0000994F88A100120FFF78EFC6A
:1003400082468046002800F04E810BF04BFFD146DC
:10035000A38E5A0607D4A36B002140209847A38E92
:1003600043F04003A38687B1EB884BB9636A93F8E7
:10037000A8302BB1B4F80530B4F80720134304D0EB
:10038000B4F809300133A4F80930002E5CD0B4F879
:10039000053000220133A4F8053084F88A20524841
:1003A00006F00CFC089830B1FEF78EFE00220272B7
:1003B000069905F0D9F9099B33B100221A720C2273
:1003C0000998069905F094F9B9F1000F70D1A38E40
:1003D0001B0607D4A36B494680209847A38E43F0A1
:1003E0008003A3860BB0BDE8F08F2B7D002B40F07F
:1003F000108194F88A30013384F88A30A38E43F454
:100400008063A38695F82131033B012B04D905F0C5
:1004100091FB074600285AD00BF026F90328A76D58
:1004200000F0FF80002F00F086800AF0010A84F8B7
:1004300032A0B8F1000F51D00BF0D4FEA78E17F008
:1004400040074FF0010986D0B4F807300133A4F813
:100450000730A4E72B7D3746C9F3C009002B3FF4D2
:1004600056AFB4F868308BB9AB7A03F0010291450E
:100470007FF453AF0133AB72079B032B00F02A814B
:10048000A26D002A7FF44DAF914657E00CF01AFAA6
:100490000328FBD002280BD000287FF438AFAB7ABA
:1004A00003F0010399457FF438AF012384F83C3011
:1004B000FFF70EFC0BB0BDE8F08F0BF093FEA38EA0
:1004C0005A0636D5002F00F01A81B1464CE7A36DCD
:1004D000002BAAD1B4F8682081462FE04FF0000924
:1004E0004F4628E7F8E803201CE90320B4F8682009
:1004F000002ABFD00798411E012938D901330328AB
:10050000AB7200F0E780AB6F0133AB67EB6F43F189
:100510000003EB67A36D002B7FF403AF99460DE05A
:100520000BF060FE079909A8FFF762FCA38E5B063B
:10053000C8D4B1460FE7B4F86820B946002A14BF02
:100540004FF0000B0BF0010B84F832B0B8F1000F44
:1005500040F0098194F88A100120FFF77FFB804664
:10056000002840D00BF03EFE4FF00109F0E6A38ECC
:1005700095F8149043F48053A3860BF075F8032884
:1005800094F8883007D1B9F1000F0CBF1F221B224D
:10059000934228BF1346B4F86820A16D9A4200F236
:1005A000B080002900F0B88094F88930002B4CD13D
:1005B000AB6F0133AB67AB7A03F10103AB72EB6F47
:1005C0000AF0010A43F1000384F832A0EB67B8F1A6
:1005D000000FA5D194F88A100120FFF73FFB814658
:1005E00000289DD1B046EB7C002B3AD1002095F835
:1005F0002021B5F8E0100BF075FA0020FFF77CFC25
:10060000B8F1000F3FF4A4AE079909A8FFF7F0FB7B
:100610009EE60CF097F9ECE6E06EFEF7E0FC014692
:1006200035E6B4F868201B2A94BF4FF000094FF05C
:100630000109002F82D00AF0010A84F832A0B8F133
:10064000000F7FF4F9AE474675E6A36B002120202A
:100650009847A36D002B7FF464AEB4F868209946E8
:100660006CE7636A95F82A0193F8A82095F8203181
:10067000013BDBB2B2FA82F28000032BD5E91CAB5E
:100680004FEA5212C0B205F1800105F1900C60D81A
:10069000CDE9002C4FF0010E4FF0000CCDE904CE57
:1006A0004FF0FB0C039352465B46CDF808C00BF0AD
:1006B000CDFF9BE7053A012A41D803F0D1FD002880
:1006C0004CD0238D43F0080323853946A36B0820C3
:1006D0009847FAE5A38E264943F48053A386238DD9
:1006E000012043F0010323852871A36B9847AB6F6A
:1006F0000133AB67EB6F43F10003EB670DE6B146E7
:1007000045E694F8303043F0100384F83030002987
:100710007FF407AE894611E7002A14BF4FF0000BA3
:100720000BF0010B84F832B0C146B8F1000F7FF432
:1007300019AF0FE740F6AD112720FDF773FF40F228
:10074000B3712720FDF76EFF40F2D4712720FDF72B
:1007500069FF40F225410620FDF764FF40F2DE719B
:100760002720FDF75FFF0BF03DFDC146F0E500BF20
:100770005CE903202DE9F0413E4C94F84430012B14
:1007800086B06CD1666A5FFA83F8337905460F4606
:1007900073B1238D002143F0040323853171A36BD2
:1007A00004209847636A93F8A8300BB186F8058057
:1007B000337A052B06D005B9DFB906B0BDE8F041A4
:1007C000FFF786BA238D2C4943F0020323850220CC
:1007D000A36B9847636A93F8A830002BEBD0236D86
:1007E0001B78A3F10203B3FA83F35B0984F82A3080
:1007F000E1E729462846FFF731FA0028DDD1337DAD
:10080000676A63B997F82121B7F8E21001200BF06D
:1008100069F9002006B0BDE8F041FFF71FBB97F86B
:10082000213197F8A82094F874C0013B003ADBB25C
:1008300018BF0122032BD6E91E0106F1800406F140
:10084000900611D8009202460120CDE90335CDE98A
:10085000016C0B46059021460BF0F8FED2E740F6FE
:100860000C112720FDF7DEFE40F225410620FDF7A2
:10087000D9FE00BFF8E8032048E9032010B50C4C6E
:100880000C4A94F844300C49116023B14FF4B17113
:100890002720FDF7C7FE03F0FF02227606F07AFB61
:1008A00003F026F9206703F027F9A06710BD00BF09
:1008B000F8E80320D0F20320D80B030010B5074A54
:1008C00092F8443013B10C24204610BD03F0FF040D
:1008D000147606F05FFB204610BD00BFF8E8032049
:1008E0002DE9F043A54C87B094F844609DF838C0DA
:1008F000002E40F03981002900F03681002A00F0F6
:100900003381002B00F03081054606F0FF002364A0
:10091000A163E26284F889C084F8300084F88A0018
:1009200084F83C0084F887002085A08684F8310094
:1009300084F8320084F87D0084F82A00A0642065E1
:10094000A4F85400E0656066A4F8680065620AF0E7
:1009500067FF0BF09BFF95F928010AF0B3FFD5F86C
:10096000D460D5F8CC000AF0B3FF30460BF04EFA55
:1009700095F825000AF0B6FFB5F8E030672B40F295
:100980008980B5F8E230672B40F28480636A93F87F
:10099000A860002E00F0868093F80733002B40F00B
:1009A000A08006F071FA95F8212100F1890101205B
:1009B0000BF084F8724B18680BF02EFAAB7BD5E97C
:1009C0003012243B072BC4F88010E26640F28C8082
:1009D000EB7B243B072B40F28780B5F8F230B5F86B
:1009E000F80095F82011984228BF1846042908BF3E
:1009F000032104F035F8024695F8F40095F8F0303C
:100A0000904228BF104680B2984268D295F82111D2
:100A100084F87C3005F1E80004F045FF95F82111D9
:100A20002F7DB5F8FC60032908BF042104F018F8F5
:100A3000002F51D0864228BF0646F6B284F888605F
:100A400005F078F8002851D1636A84F8746093F84F
:100A5000A830002B3AD02B7D002B4ED10120FFF780
:100A6000FDF9636AD3F8E8010BF024FA0023C4E926
:100A70000033A360D5F82431E888B5F8AA1095F8BA
:100A800025206080218022710BB101221A6007B0FD
:100A9000BDE8F0830AF0D8FD636A93F8A860002EE1
:100AA0007FF47AAF06F0F0F995F82021354B33F852
:100AB000123001463046344E03F5FA73A6FB036349
:100AC00001EB931166310AF0F9FF73E7EA7C72BB20
:100AD0000120FFF711FAC9E7043080B2AAE7C3B2D8
:100AE00094E70AF07FFE5CE71B238FE705F028F808
:100AF000B04238BF3046C6B2A6E795F82131013B77
:100B0000DBB2032BD5E91E0105F1800705F1900248
:100B10002FD8CDE9026301920026024601200B4640
:100B200005903946009004960BF090FD96E795F8F5
:100B3000206195F82A01013EF6B28000032ED5E926
:100B40001C89C0B205F1800105F1900211D8CDE9F0
:100B50000363012605960096FB2601924B4642460A
:100B600002960BF073FDB3E74FF420712720FDF7D9
:100B700059FD40F225410620FDF754FDF8E8032019
:100B8000D0F20320D4EA0400D34D6210FFF7A0B8DE
:100B9000014B93F887007047F8E80320064A938ECC
:100BA00013F4C06F03F4805103D092F87D0000B1BC
:100BB0007047080B704700BFF8E80320024B93F81A
:100BC0003500C0F3C0007047F8E80320014B93F8EC
:100BD0008A007047F8E8032045FD0200390203004F
:100BE0007507030031FD020090F8DE2012B902F013
:100BF000FF00704710B5363882B00C4601F0C0F9DE
:100C00008F230420237002B010BD00BF70B50028F0
:100C100057D0437A0D460446BBB340890021FEF706
:100C200053FC002852D0B0F8AA000021FEF762FC65
:100C3000002850D194F8546094F8A6302BB194F861
:100C4000A7301E43002384F8A630204601F098F90F
:100C5000B3072CD12B46882203F8032B04F1090299
:100C60002934166850689168D2F80CC0C3F80CC0DB
:100C70001032A2421E605860996003F11003F0D157
:100C8000117819700022AA7170BD036DD0F80E2082
:100C9000C3F8AD20428AA3F8B120437B026D03F074
:100CA000FD03003B18BF012382F8AC30C2E726F0F9
:100CB0000406002284F854601146204601F072FBBD
:100CC000C8E740F206313220FDF7ACFC40F21231A9
:100CD0003220FDF7A7FC40F215313220FDF7A2FCCF
:100CE00090F83E00003818BF01207047036D10B522
:100CF0008BB102224272B3F8AA1041814FF6FF7302
:100D0000FF2204460385064980F8272004F002FDEF
:100D10000023236510BD40F261313220FDF782FCD3
:100D20000D0C030003683BB1064A03F16C0113602C
:100D3000536951601B68184710B540F6771132208F
:100D4000FDF770FC84E9032010B5104C606800F0DA
:100D500065FC637B9BB9D4E9003000224FF0010CA5
:100D600080F804C003F16C00A3F8792183F87B219B
:100D700000F0DCFB2068BDE8104001F02BBB0BF05D
:100D800043F90AF01FF900236373E4E784E90320C1
:100D900090F8400000F0FD00003818BF012003F07B
:100DA000C7BA00BF38B500F14201044690F84000D0
:100DB00000F0FD00003818BF012084F8410003F066
:100DC0007FFA94F84030023BDBB2012B94BF012341
:100DD000002384F8483000D938BD03F0E3FC054611
:100DE0000CF0EEFC094BE5FB030194F84830C4E934
:100DF0002001002BF0D0002003F07CFD0028EBD177
:100E000040F621213220FDF70DFC00BF40420F00CB
:100E1000F0B5D0F8C8409DF814E0944203D190F8A2
:100E200040208A4201D00020F0BD1EF0020190F85F
:100E3000454120D10D460A468618013596F87C6159
:100E4000F71E012F00EB820788BF314353F8226061
:100E5000D7F8CC2002F1200C98BF41F00401664580
:100E6000EAB2E0D1A242E7D90EF00500401AB0FA8A
:100E700080F04009F0BD0025AC4629462A46861878
:100E800000EB820296F87C61D2F8CC20F71E012F8D
:100E90009CBF0CF1010C5FFA8CFC02F1200253F8AC
:100EA0002C708CBF314341F004010CF10106BA42B1
:100EB00005F101055FFA86FCB5D1EAB2A242DED99E
:100EC000D2E700BF012938B5044610D094F8543059
:100ED0009B0704F16C051AD1284600F027FB00237C
:100EE000A4F8793184F87B3184F8703038BD0A4D2C
:100EF0006B7B002BEAD00BF087F80AF063F8002335
:100F00006B7394F854309B0704F16C05E4D02846C9
:100F100000F084FBE0E700BF84E90320A03002F08A
:100F20004BBE00BF0149363004F018BCE90B03008A
:100F300010B5012104460020FEF7C6FA20B36278FE
:100F400080F85420217811F001021CBF012280F8A2
:100F50007C214907034603D50244032182F87C1112
:100F6000A27883F84020E27883F8552002F0FD0251
:100F7000B2FA82F2520983F84A20227983F8492092
:100F8000627983F8572010BD40F6CB213220FDF75F
:100F900049FB00BF10B504466C3000F03FFB002356
:100FA000A4F8793184F87B3184F8703010BD00BF2B
:100FB00008B501210020FEF787FA28B190F89400C7
:100FC000003818BF012008BD40F64A313220FDF735
:100FD00029FB00BF2DE9F04705468CB00E460020E6
:100FE0000121FEF771FA002800F074820446A8304F
:100FF00000F0D0FF002846D094F85430042B42D0A3
:10100000AF6A002F00F06981B74B9F427AD0043B52
:101010009F4277D002F07AFD07F13B09804602A992
:10102000484600F0B5FBEB7AB8F1000F00F0D58030
:10103000DC0606F10D0100F1FD81002F00F0588261
:101040009DF80830022B00F0538295F83230E522EB
:10105000484604F07EF895F832300446234448466A
:1010600085F8323004F06DF895F83290A9EB00095C
:10107000B9FA89F94FEA5919B8F1000F48D104F1CA
:101080001802D2B2B8E02046FFF72AFE0746002831
:10109000B6D1AB6A954C0BB304F1080804F10C0609
:1010A00001E0AB6AD3B1A96A0B68AB6241450F702E
:1010B0004F708F70CF70F4D0B142F2D02068FEF73D
:1010C00021FB231DD3E84F3F0133DBB2211DC1E8D3
:1010D000423F002AF5D1AB6A002BE4D12068A5F18C
:1010E0000801FEF70FFB231DD3E84F3F0133DBB2AE
:1010F000211DC1E8423F002AF5D14FF40073ADF83D
:1011000004305EE002F002FD8146002870D0002429
:10111000EB7ADA0640F1EC815807AA7A697B03D5AD
:10112000E87EFE2800F05A8104F10A0313FB02F363
:10113000023373703E23337002237171F270B37007
:10114000D5F80E30C6F806306B8A73813473344498
:101150002B7E6373EB7A13F0080100F0E780634C99
:1011600004F1080804234745337178D1337902220A
:1011700062F34613AA6A33716AB1EFF3108272B652
:10118000AB6A1968A962002A00F0C68000221A70B2
:101190005A709A70DA702068A5F10801FEF7B2FA69
:1011A000231DD3E84F3F0133DBB2211DC1E8423F8D
:1011B000002AF5D102274FF004088DF804808DF83D
:1011C00005709DF804209DF80530002062F30700AB
:1011D00063F30F200CB0BDE8F087D80606F11C01C0
:1011E00000F11E8127B19DF80830022B7FF42DAF4E
:1011F000182200244FF001098E233370AB7AF3706C
:1012000013FB02F302337370D5F80B30D5F80F20BF
:10121000D5F81310D5F8170030617360B260F16033
:10122000D5F81B30D5F81F20B261736195F814A072
:1012300095F8158002F0A8FC0AF1FF338A05DBB2AD
:1012400056D5032B00F24F8186F80DA0B8F1000FA0
:1012500064D1F476254C04F10808474586D004F1A2
:101260000C0A57456BD0002F00F09180B9F1000FA8
:101270002AD0AB6A63B1EFF3108272B6AB6A196819
:10128000A96202B962B600221A705A709A70DA70B6
:1012900020683946FEF736FA231DD3E84F3F013365
:1012A000DBB2211DC1E8423F002AF5D1AB6A85F8C7
:1012B0003220434500F0C780534500F0E8809DF898
:1012C0000830022B00F0A5803379012262F3461327
:1012D000337101274FF004086FE702F017FC05F1A6
:1012E000330980469BE600BFA8E903209CE9032060
:1012F000032B00F20181834AD35C7373B8F1000FB2
:10130000A7D008F1FF385FFA88F8B8F1030F00F2B0
:10131000F38012F8088006E062B637E708F1FF3381
:10132000032B00F2E08086F80E8092E703F00302C0
:10133000032A49D0590749D5012333718AE7AB6A9B
:1013400063B1EFF3108272B6AB6A1968A96202B991
:1013500062B600221A705A709A70DA706B7D83BB85
:10136000327963F3461232714FF004082068A5F118
:101370000801FEF7C7F9231DD3E84F3F0133DBB265
:10138000211DC1E8423F002AF5D1022715E795F853
:101390000B8018F010083FF410AF3379206867F322
:1013A0004613A5F108013371FEF7ACF9231DD3E80C
:1013B0004F3F0133DBB2211DC1E8423F002AF5D186
:1013C000F8E64FF00008D1E7317143E7022A25D053
:1013D000002A40F08480032333713BE7130102337A
:1013E00073703E2333700B23B37001237171F2705D
:1013F0003371D5F80E30C6F806306B8A73813073BE
:10140000EB69C6F80D302B8CA6F811302B7EF374E7
:1014100020E7337923F0680333715AE7327119E713
:101420009DF818400846224605990FF013F94FF031
:10143000010924E69DF818400846224605990FF058
:1014400009F9C14664E63379022262F34613AA6AB7
:10145000337162B1EFF3108272B6AB6A1968A96298
:1014600002B962B600221A705A709A70DA70206857
:10147000A5F10801FEF746F9231DD3E84F3F0133DC
:10148000DBB2211DC1E8423F002AF5D192E6337953
:1014900062F34613AA6A337162B1EFF3108272B637
:1014A000AB6A1968A96202B962B600221A705A7052
:1014B0009A70DA702068A5F10801FEF723F9231D60
:1014C000D3E84F3F0133DBB2211DC1E8423F002A80
:1014D000F5D16FE64FF4F1713320FDF7A3F8A421A5
:1014E0003320FDF79FF84FF4EA713320FDF79AF8A7
:1014F0005B213320FDF796F84FF43F710620FDF78E
:1015000091F800BF7CE80400343270B592B2044612
:101510001E460D46FEF7D4F824B1034B1C601D7423
:101520005E741D7170BD00BF9CE9032038B503686F
:101530004BB39A6A52BB596A054629B301F10800B8
:10154000154C834208BF2A602068FEF7DBF8231D94
:10155000D3E84F3F0133DBB2211DC1E8423F002AEF
:10156000F5D12B687BB12068A3F10801FEF7CAF81A
:10157000231DD3E84F3F0133DBB2211DC1E8423FB9
:10158000002AF5D12A6038BD034CECE740F28D11FA
:101590003320FDF747F800BF9CE9032070B50568CC
:1015A0000646F5B11B491C4C284604F0FEF8002302
:1015B000E360EFF3108272B6AB6A23B3E96A04F119
:1015C0000C030B60EB6202B962B63368596A29B149
:1015D00001F10805AB421AD100236B62002333608E
:1015E00070BD696A0029F9D00B4C2068FEF78AF8B3
:1015F000231DD3E84F3F0133DBB2211DC1E8423F39
:10160000002AF5D1E8E704F10C03AB62DAE71D46E6
:10161000EBE700BFD50F03009CE9032070B5066817
:10162000002E3CD0716A0546002939D001F108032B
:101630009E421E4C0DD02068FEF764F8231DD3E8AF
:101640004F3F0133DBB2211DC1E8423F002AF5D1F3
:101650002B68002272625A7D8AB10022A260EFF3E9
:10166000108172B69A6AF2B1D86A114A0260DA62DF
:1016700001B962B62846BDE87040FFF78FBF206809
:10168000A3F10801FEF73EF8231DD3E84F3F0133D5
:10169000DBB2211DC1E8423F002AF5D12A6070BDAE
:1016A000024C3346D7E7024A9A62E0E79CE90320FE
:1016B000A4E9032038B5C3780C4613F03F0160D08D
:1016C0000378C3F380136374054603F015FCA0741C
:1016D0002B796370E878830923702B7913F001016B
:1016E00046D14FF0050C4FF00B0E6246616013F0CF
:1016F00002011CBF05EB0C017246A160590744BFF3
:101700000132D2B213F0080104D002F1020CA91880
:101710005FFA8CF2616113F0100104D002F1030C46
:10172000A9185FFA8CF2A16113F0200104D002F134
:10173000120CA9185FFA8CF213F04003E16102D099
:10174000AB180132D2B200F03F002362031D9B1A96
:1017500013F0FF0114BFAB180B4663626B78013BBB
:101760001B1ADBB2237453B10A441544E56038BD3B
:101770004FF00B0C691D4FF0110E6246B6E7E360A7
:1017800038BD20462822BDE838400EF0E1BE00BF3B
:1017900070B5037803F00F06072E2BD0C3F3801328
:1017A0004B740C46054603F0A7FB012202FA06F330
:1017B00013F05503A0740CD00023E91CC4E90113F5
:1017C00062706B78063BDBB223748BB10935E56040
:1017D00070BD964208D103216A1823740935C4E903
:1017E00001256170E36070BDC4E901336370237447
:1017F000E36070BDBDE87040FFF75CBFF0B5D0F8A6
:101800001011D0F8C86090F8455189B100210C46FC
:101810000B4600EB83030131D3F8CC20CBB220324E
:10182000AB421444F5D9A6420CBF02200120F0BD02
:101830008C460F4600EB81010CF1010CD1F8CC4035
:101840005FFA8CF104F1200EA9427744F2D9072106
:10185000BE42A6FB011423D0D0F8C07011EB070CD8
:10186000D0F8C47044EB0704D0F8CC7025B3D0F89E
:10187000D010012D0F4407F1400703D0D0F8D40059
:1018800020300744BE4205D0624573EB040417D3F1
:101890000120F0BD624573EB040411D20320F0BDBA
:1018A000D0F8B07011EB070CD0F8B47044EB07041B
:1018B000D0F8CC70002DDAD12037BE42E4D1E9E770
:1018C0000220F0BD08B540F28A312120FCF7AAFEC3
:1018D00038B50446FF2380F8153100F58C7528468D
:1018E0000CF026F8284604F5A4750CF035F82846C7
:1018F0000CF01EF828460CF02FF800212046FFF7C8
:10190000E1FA94F816313BB1D4F8083153B104F13F
:10191000E80005F089FA09E0D4F8100110B1D4F814
:1019200008319BB104F1E80005F0F8F9002384F8D0
:10193000153194F8160110F0FF0018BF0C2084F840
:101940001631C4F8103184F8143138BD00F5EC704C
:1019500005F0E4F9E6E700BF022910B52AD013D854
:10196000012934D1044608460AF0B8FD1A4A00F5A8
:101970002343A133A2FB0323D4F81021980900F2DA
:10198000792002B1400010BDCB1E012B1FD840F2C0
:10199000BF33084640F29174032918BF1C460AF071
:1019A0009DFD0D4B00F52340A130A3FB003004EB5F
:1019B000901010BD08460AF091FD074B00F523403A
:1019C000A130A3FB0030800900F2611010BD40F28D
:1019D00017119E20FCF726FED34D62102DE9F04131
:1019E00004460BF0EDFED4F81021D4F8C87005467B
:1019F0000E4694F84501002A46D04FF0000C61468F
:101A0000634604EB83030CF1010CD3F8CC205FFA9E
:101A10008CF3203283421144F3D98F420CBF02274A
:101A2000012738460BF0BEFF312829D9411CD4E9E3
:101A300036325AD0C118914228BFD01AD4F8A830F3
:101A4000D4F8AC205B1B62EB0602012B72F10001A3
:101A500052DB00219842914160DA41F28836864299
:101A600028BF06460BF0ACFEC5F174050544B5422F
:101A700006D8394630460BF0C1FF0546002854D140
:101A800000252846BDE8F0819446134604EB830305
:101A90000132D3F8CC10D3B2203183428C44F5D933
:101AA00007236745D4E92C1EA7FB03382FD0D4F8B1
:101AB000C02013EB020CD4F8C42048EB0208D4F881
:101AC000CC20D8B1D4F8D03001281A4402F1400219
:101AD00003D0D4F8D40020300244974211D061459D
:101AE0007EEB080818D301279BE7D61A41F288330A
:101AF0009E4228BF1E46B5E70026B3E72032974234
:101B0000EDD161457EEB080806D2032789E711EB8A
:101B1000030C4EEB0808D2E7022782E741F2883235
:101B2000934228BF13461E469CE70BF04FFED4F8A5
:101B3000E020D4F8D830B018D4F8DC20C4F8E000A5
:101B400033449342C4F8D83004BFD4E93A23C4E9FB
:101B500030230BF037FE94E72DE9F04F04468BB0AD
:101B6000052900F26B81DFE811F021000900320045
:101B7000D20069010C002046FFF7D4F90BB0BDE894
:101B8000F08F90F8153163B9B0F87A31C3F30C03D4
:101B9000002B00F04A8190F87831033B012B40F292
:101BA0006A810BB0BDE8F04FFFF7CEB890F8153161
:101BB00003F0FF05002B00F0B4800121FFF782F94C
:101BC0000AF070F80BB0BDE8F04F0CF027BFB0F88A
:101BD0007A31C3F30C03002B40F02D810BF0F0FDA4
:101BE000D4F8CC70804694F845018B4607F120016B
:101BF00050B1012304EB83020133D2F8CC20DBB2D5
:101C0000203283421144F5D9D4F8C8508D4200F0F7
:101C1000D280D4E93A365A19A8EB0303B3FBF5F3A3
:101C200005FB03F346F100069B18A3EB080246F1FF
:101C30000006F62A4FF0000900F24481ED1846F143
:101C40000006CDF8049094F87C112046FFF784FE3E
:101C5000D4E92AA1BAEB050361EB0602012B814608
:101C600072F10000C0F2A58000209F42904100DB8D
:101C70001F46D4F8CC3003939F4228BF1F4604234D
:101C80008DF81930C4E92E563346C4F8D890C4F8FC
:101C9000DC702A4620460291FFF7B0FD019B8DF8CB
:101CA0001800CDF81490BBB302990123BAEB080ACF
:101CB00061EB0B019A458DF8103071F10003C0F211
:101CC0004981AE48002350458B4180F2D280D4F840
:101CD0001031D4F8C810002B00F01F814FF0FF32F4
:101CE000154690457BEB0503C0F0AD800891B945E2
:101CF0003FF641AF04A904F58C700CF0A9FE002852
:101D00007FF43CAF40F273712120FCF78BFC0BB0E9
:101D1000BDE8F04F0AF080BACDE908568DF81030D2
:101D2000E5E70BF09BFED4F8E830B0EB030CC4E918
:101D30002C0100F1208194F84561D4F8C870049416
:101D40000795002E00F00881BCFBF7F207FB023379
:101D5000C21A294628462B4604EB8303D3F8CC301D
:101D600003F1200E724503D3203A0130D21AC0B2DB
:101D70000131CBB29E42EFD2B4F87A3184F84401FB
:101D8000C3F30C038DF82000002B6CD1BC4534BF8D
:101D90000125012304A88DF818508DF82130FEF795
:101DA000C1FFD4F8D800E738C4F8E0000BF00AFD12
:101DB000E4E600275DE7D4E92A126FF000439A4277
:101DC00008BFB1F1FF3F78D094F844312344204656
:101DD00093F87C11FFF7C0FD18F1F70308934BF15E
:101DE0000003054605900026099304A840F202432B
:101DF0008DF81060ADF818300CF09EFE002800F051
:101E0000B580089AD4F8A83009999B1AD4F8AC2068
:101E100062EB01025B1B62F10002002A4DDA012332
:101E2000374645465E4601930DE7FFF7D7FD00288C
:101E30007FF4A4AEB5E6FFF7ADF8CFE64FF4E57159
:101E40002120FCF7EFFBB2EB08026FF0010165EB1C
:101E50000B0500239142AB410146FFF447AF90428E
:101E600028BF114642E7D4F84031059303250023EB
:101E700090E750462BE790F87031002B7FF491AE3D
:101E8000012180F8701144F236500BF0B7FD0028A4
:101E90003FF487AE0BF09AFCD4F8D830D4F8E020A9
:101EA00044F2365003441044C4F8D830C4F8E0007B
:101EB0000BB0BDE8F04F0BF085BC012345465E46F4
:101EC0000193C0E694F87C112046FFF745FDD4F855
:101ED000C850D4F8E810D4F8B83005905A1AD4F89D
:101EE000EC30B2FBF5F205FB02F2521843F10003AD
:101EF00004212046089209938DF819108DF810904E
:101F0000FFF77CFC29468DF8180004A802F07AFD42
:101F1000DDE90856CDF8049095E6039E94F8455106
:101F2000203655B1012304EB83020133D2F8CC20D3
:101F3000DBB22032AB421644F5D907228E42A1FB18
:101F400002250BD0D4F8C030D218D4F8C43045EBF9
:101F50000305C6E60020BAE628460DE7D4F8B030FF
:101F6000D218D4F8B43045EB0305BAE640F29641F6
:101F70002120FCF757FBFFF7A5FC00BF0040420FF4
:101F800090F8143103F0FF020BB910467047FFF7C9
:101F90009FBC00BF90F86C00003818BF012070474C
:101FA00070B584B090F81431002B5DD103F0FF02BE
:101FB0000B780392CDE9012213F0010203F004042F
:101FC00021D08D680195002C3DD04FF0010CCE68DA
:101FD00080F845C14968C0F8F810203DC0E93215C5
:101FE00040F27121A0F8FC10990702963AD50DEB4A
:101FF000820300EB820559682039531CC5F8CC10C8
:10200000BCB904B070BD24B940F2BE212120FCF758
:1020100009FBCD6880F845214968C0F8C810C0F8B0
:10202000F81013F0020340F271210195A0F8FC10A2
:10203000DDD10DEB830200EB83035268203AC3F835
:10204000CC2004B070BD80F845414968C0F8F81054
:10205000203DC0E932159B0740F27121A0F8FC1029
:10206000C5D4CEE71346CBE740F2A5212120FCF7EB
:10207000D9FA00BFD0F8102142B190F8143103F022
:10208000FF020BB910467047FFF722BC0C22104626
:10209000704700BFF8B50D4606460021D5F8E001AF
:1020A00004F08CFEB04205F5EC77044613D00146EF
:1020B000384604F051FE002333623CB194E80E0030
:1020C0005B1842F10002C5E97632F8BD00231A46DA
:1020D000C5E97632F8BD8368D5F8E021934208D28D
:1020E000816931B10146384604F036FE002323628F
:1020F000E4E7934238BF1346F2693762B360002ABF
:10210000E4D00ECA5B1842F10002C5E97632F8BD90
:102110002DE9F04F8BB090F81421002A40F00A818D
:1021200004460D4602F0FF03FF2280F8142180F8D8
:10213000153190F8456180F844311946184604EB92
:1021400083030131D3F8CC20CBB22032B342104408
:10215000F5D9D4F8C830984200F0BE80D4F8CC301D
:10216000002E00F0B280D4F8D020012E134403F1E9
:10217000400303D0D4F8D42020321344C4F8F03004
:102180000BF01EFBD4F8CC7094F8456107F12008E1
:1021900056B1012304EB83020133D2F8CC20DBB229
:1021A0002032B3429044F5D910F5FA6641F10009A6
:1021B000D4F8C8B004F0F8FD8246514604F1E800B6
:1021C000039004F0C9FDD4F8101111B10398FFF782
:1021D00061FFC3450CBFD4F8F080D4F8C880BAF1D1
:1021E000000F7CD0DAF80800DAF80030DAF80410D2
:1021F000C01841F10001CDE90069424604F0F8FD44
:1022000080456ED3861949F10009D4F8C82002F23E
:10221000CF730344B3FBF2F302FB03F3F31AC4F8E6
:10222000E83069F10003C4F8EC30002D4FD0ADB2B6
:1022300042F2107132464B46E5FB0123C4E92A23E2
:1022400094F87C112046FFF787FBD4F8A830D4F827
:10225000AC209B1B62EB0902012B72F1000C0546BE
:10226000D4E93A0142DB9F424FF0000C7CEB020CB8
:10227000A8BF1F46D4F8CC30C4F8D8509F4228BF1E
:102280001F460423C4E930018DF81930C4E92C69D4
:102290004B46C4E92E69C4F8DC7032462046FFF78D
:1022A000ADFA0023BD428DF8180008960595CDF8CB
:1022B00024908DF8103033D804A904F58C700CF0FC
:1022C000C7FB90B30BB0BDE8F08F203356E74FF05B
:1022D000FF326FF00043B1E741F288334EE75046DA
:1022E00093E740F24D312120FCF79CF904230027AD
:1022F000C4E930018DF81930C4E92C69C4E92E69AC
:10230000C4F8D8503246C4F8DC7020464B46FFF77C
:1023100075FACDE908698DF8180005958DF81070EB
:102320004FF41F712120FCF77DF940F27D2121201F
:10233000FCF778F940F267212120FCF773F900BF20
:1023400038B590F81431DBB90D4619B3044602468E
:10235000134900F58C700CF075FB1149224604F509
:10236000A4700CF06FFBC4F810516B7B03F0FF01FD
:102370005BB984F816112046BDE83840FFF7C8BEA7
:102380004FF423712120FCF74DF940F293212120D5
:10239000FCF748F940F28D212120FCF743F900BFFA
:1023A000591B030038B5024604460D4600F58C70F3
:1023B00007490CF047FB04F5A470054922460CF0D0
:1023C00041FB29462046BDE83840FFF7A1BE00BFCB
:1023D000591B03002DE9F04F87B090F81531002B01
:1023E00040F0C480044603F0FF0B0BF0E9F994F8C9
:1023F00045115B460133DAB29142FBD2D4F8C830C2
:10240000D4F8E820D4F8EC70861AB6FBF3F603FB98
:1024100006F6B61800F1F705A5EB060547F100072B
:10242000AB4294BFA5EB030AAA46002900F0E7805F
:10243000D4F8CC3003F12002524505D8AAEB0303AF
:10244000A3F1200A4FF0010B01291DD0D4F8D030A0
:1024500003F12002524507D8AAEB03030BF1010B4D
:10246000A3F1200A5FFA8BFB02290DD0D4F8D430F7
:1024700003F12002924507D3AAEB03030BF1010BF2
:10248000A3F1200A5FFA8BFB04EB0B03204693F8C1
:102490007C11FFF761FA04EB8B035044D3F8CC8036
:1024A0008045D94669D3A8EB0A08B8F1000FC0F2FD
:1024B000B180D4F8E830D4F8B020D4F8EC10AD19DD
:1024C00047F10007D21A4FF0000600F19C80D4F8C3
:1024D000C800B2FBF0F200FB02F2D21841F1000199
:1024E000C4E93A21AA1A002AC0F28D8004EB09033C
:1024F000204693F87C11FFF72FFAD4F8A830D4F8CF
:10250000AC205B1B62EB0702012B72F100018246DB
:1025100047DB04EB89094FEAE8719845D9F8CC60AC
:10252000C4F8D8009141A8BF9846464528BF464602
:1025300004238DF80930C4E92E573B46C4F8DC600B
:102540002A462046FFF75AF90023B2458DF80800C5
:102550000495CDF804A005978DF8003037D869466A
:1025600004F58C700CF074FA002858D009F09AFB2E
:1025700007B0BDE8F04F0CF051BA94F84521D4F8FB
:10258000C8305A452DD90BF1010BAB425FFA8BFBDA
:102590003BD904EB8B03D946D3F8CC8008F1200556
:1025A00083E70423C4F8D8008DF80930C4E92E5716
:1025B000C4F8DC602A463B462046FFF71FF9CDE908
:1025C00004578DF80800CDF804A08DF8006020466F
:1025D000FEF7A8FC09F066FB07B0BDE8F04F0CF071
:1025E0001DBAAB420DD85A00B5EB430F38BF1546A4
:1025F000FFF45BAF40F245412120FCF713F88B4616
:1026000042E71D4651E7FFF75DF94FF48561212050
:10261000FCF708F840F24E412120FCF703F840F2A5
:102620005A712120FBF7FEFFF0B5070CA7F5AA426F
:10263000144B543A012A03EA90231FD927F400408F
:1026400042F6AA22801A18BF01200022162116463F
:102650001F2487EA060562EA0505013510D0DD036F
:10266000ADB245EA5606E503ADB2013945EA52027C
:102670004FEA53034FEA5404EBD1F0BD0020E4E7E6
:102680000020FAE7E0FF3F0000F0FD00003818BF2F
:10269000012070472DE9F041B0F86A70B0F86C5035
:1026A000164671B308F09AFB0221044602F0D8F9ED
:1026B00002218046204602F0D3F9474528BF47460D
:1026C000BFB21B2F38BF1B27FB2F28BFFB2785421C
:1026D00028BF0546ADB21B2D38BF1B25FB2D28BFDB
:1026E000FB25B4F5A47F38BF4FF4A474B4F5296F6B
:1026F00028BF4FF429647780F580B4803481BDE829
:10270000F08105F0F9FACFE7304BF0B5B0F86C7016
:10271000B0F86A601D890C461146DA88974228BFD6
:102720001746964228BF16461B2E85B02ED0B5F50B
:10273000A47F2DD040F648039D4201AA28BF1D4624
:10274000FFF7A8FFBDF80A30BB4228BF3B46E38035
:10275000BDF80C30AB4228BF2B462381BDF80630B4
:10276000B34228BF33466380BDF80830AB4228BF70
:102770002B46A380FF232370E3881B3B9BB2E02BF7
:1027800008D940F209513920FBF74CFF1B2FCED15D
:1027900005B0F0BD63881B3B9BB2E02B02D940F231
:1027A0000B51F0E72389A3F5A4739BB240F64812BE
:1027B000934202D940F20D51E5E7A388A3F5A47333
:1027C0009BB29342E4D940F20F51DCE744EA032084
:1027D00007B50023CDE9003303238DF806306846A2
:1027E000FCF7ACFE08B1002004E0009805F0C6FC40
:1027F0000028F4D003B05DF804FB13B501210020DC
:10280000FCF762FEC0B901210846FCF75DFEF8B98D
:10281000FFF7DEFFA0B9062301906C4600908DF80B
:1028200006302046FCF78AFEC0B1002300936360A7
:1028300007238DF806301FE0A830FFF7ABFB10B17F
:10284000012002B010BDFEF7B3FB0028DBD0F7E794
:10285000A830FFF79FFB0028DAD0F1E7009840305E
:1028600004F03CFA0028DCD0EAE7009B586F5030B7
:1028700004F034FA0028E4D12046FCF75FFE00287B
:10288000F3D00020DDE7D4D4F7B50023CDE9003341
:1028900004460E4617466846FCF750FE08B1002075
:1028A0001AE0009DA542F6D03046FFF7EDFE05F197
:1028B000AD0395F8AC20394601F01CFD0028EAD0A4
:1028C00095F8B32094F8B30005F1B40304F1B40112
:1028D00001F010FD0028DED003B0F0BD054A516ABA
:1028E00011F8030B02F11D03C0F38010127F01F0F9
:1028F00001BD00BF84EF03200138C0B2032808B532
:1029000004D94FF43F710620FBF78CFE014B185C95
:1029100008BD00BF9CE804000138C0B2032808B518
:1029200004D94FF43F710620FBF77CFE014B185C85
:1029300008BD00BFF4E804000138C0B2032808B5A0
:1029400004D94FF43F710620FBF76CFE014B185C75
:1029500008BD00BFD0E9040010B504460A48FEF7E0
:10296000E7FA20460949FFF71BFB2046FEF710FA5D
:1029700038B12046FEF716FA2046FEF7CFFA0020BF
:1029800010BD1220FCE700BF78EA032080EA032094
:1029900038B5044606F04AFBD8B1204605F0EEFBF8
:1029A00008B9002038BD204605F07EF805462046CF
:1029B00005F026F978B9002DF3D0B5F8AA00022168
:1029C000FCF798FD0028ECD041F6D6213920FBF722
:1029D00029FE4220E6E70C20E4E7F0B587B0054683
:1029E00002A9008802F0BCF8044600287CD1029BB2
:1029F00093F86A21029ED11E4A424A418DF8062070
:102A000096F8A820002A72D1DA7B222A72D19DF88A
:102A1000062082F0010293F862308DF807209B06B1
:102A200003D49DF80730002B68D0EB881B3B9BB28A
:102A3000E02B65D82989A1F5A4739BB244F2481014
:102A400083425DD86B881B3B9BB2E02B58D8AA8889
:102A5000A2F5A4739BB2834252D8B1F5296F51D825
:102A6000B2F5296F4ED8FF2786F82F719DF80630F2
:102A7000002B41D1029B93F8A810B1FA81F103AA6F
:102A800006F1A8004909FFF705FE6A88BDF8123073
:102A9000BDF81410B5F806C0934228BF134640F69F
:102AA0004800A6F83431BDF80E30AA88814228BF0C
:102AB0000146634528BF6346A6F83031BDF81030A3
:102AC000834228BF03462889834228BF03468A429F
:102AD000A6F83231134628BF0B46A6F8363186F8E1
:102AE0002E71002386F82F31204607B0F0BD1A68FA
:102AF00092068CD422468EE73A24F2E71A24F3E7B2
:102B00001224F1E71124EFE710B503210020FCF7B0
:102B1000DBFC044670B90321FCF79AFC044620B99B
:102B200040F225313920FBF77DFD034B93F96C1002
:102B300006F01CFA204610BD44EA032010B50446F6
:102B4000FFF746FE58B901210020FCF7BDFCD0B9C3
:102B500001210846FCF7B8FCD8B9012009E000F0D3
:102B6000D5FF68B1FFF7D0FF044606F0F5FB08B1CA
:102B7000002010BD204606F0EBFB0028E3D0F7E76D
:102B8000002CE0D1F4E7A830FFF704FA0028DFD0EA
:102B9000EEE7A830FFF7FEF980F00100C0B2E8E7E9
:102BA000014B5888704700BF44EA0320006890F842
:102BB000A8303BB190F8E23123B1002380F8E23134
:102BC00005F0B0B87047D4D4044BD87BC0F34000B4
:102BD00080F0010000F00100704700BF44EA0320CC
:102BE00010B501F053FB01F017FD00F0EBFF02F010
:102BF00081FC04F05DF802F08BF808F041F9012047
:102C000000F07EFF184B194C194A002119604FF053
:102C10001B13C4E900234FF4A473A3604FF479435A
:102C20002361144BA4F86410586860631B89A18168
:102C3000102204F13C0084F83210E17323870DF078
:102C400087FC012304F15A0042F21072C4E91022F9
:102C500084F83C30637508F02DF904F14C00BDE8B0
:102C6000104008F04DB900BFD4F2032044EA03201D
:102C700003021B009CE80400044B41F64C521B214C
:102C8000C3E9062299731A62FFF7AABF44EA032038
:102C9000F7B53B4DAB69C0F8E8302B7C003B18BF63
:102CA000012380F8293100F1A807364BC0F8C8305D
:102CB0000446384605F020F8064600F065FF830616
:102CC00054BF1B236B88A4F8123158BF1A462E4BF1
:102CD000A97B1B6848BFAA88A4F8142184F8F010C7
:102CE000A4F8F26023B194F92811B4F8AA00984727
:102CF000264B1B681BB12649B4F8AA009847254902
:102D0000384600F08CFF0123A4F8DE30224B1B680C
:102D10001BB1B4F8AA0000219847204B1B681BB1D7
:102D2000B4F8AA00002198471D4B1B6813B1B4F8F2
:102D3000AA0098471B4B1B6813B1B4F8AA00984728
:102D4000AB886A886978019129780091033303324E
:102D50009BB292B204F1C40104F1C000FCF756FC2E
:102D6000D4F8C03023B940F2E2413920FBF75AFCD5
:102D7000D4F8C43013B940F2E341F6E703B0F0BD34
:102D800044EA032000093D00E4F20320DCF20320C2
:102D900068EA03204EEA0320F4F20320E8F203205D
:102DA000ECF20320F0F203202DE9F34104460E4635
:102DB00006F03CF9002800F09680204606F0D0FA94
:102DC00040B1B6F80130013B7F2B03D9122002B08D
:102DD000BDE8F081204606F0C7FA08B90C20F6E7F6
:102DE000204605F0CBF90028F8D1204606F080F8FF
:102DF00080460028F2D1204606F046F90028E5D0AA
:102E0000B6F80170F17842F2107320465F4306F085
:102E100092FA04213078FCF757FB062105463078FA
:102E2000FCF752FB2DB140B141F676213920FBF77A
:102E3000F9FB18B390F8E58005462C4E3368EBB1EA
:102E40004035284603F059FFC0B1284603F046FF3D
:102E5000A0B9B8F1000F07D0254B28461B6898474A
:102E600060B141F68A21E1E722493368096A4246A6
:102E70002846984710B141F68F21D7E7204606F043
:102E800067FA014638B93A46204604F011FE40B3CD
:102E900041F69821CAE702210DF10600FCF7A0FADD
:102EA000054608B90D2092E7BDF8061001F0B6FE00
:102EB0002946204606F0E0FB2846FFF7E9FE3A46A1
:102EC0002946204604F0F4FD024610B141F6B42133
:102ED000ACE7084B9B6E23B105F5977105F1A8008F
:102EE0009847002073E7422071E700BFD8F2032023
:102EF000E0F2032044EA0320074B01889A889142BC
:102F000007D3B0F8032091B219B1A3F864200020D0
:102F100070471120704700BF44EA0320024B1B6832
:102F200003B118470C207047D4F2032010B50446B3
:102F300003F0C4FE2070002010BD10B50378012BF3
:102F4000044601D9122010BDFFF757FC60B9207864
:102F5000FFF79AFB01280DD004F11703E21D611C55
:102F6000BDE8104001F068BB01F008FC0028EED07D
:102F70000C20E8E7A37903F0C003C02BE2D1EBE714
:102F800010B50378012B04460AD8FFF736FC48B980
:102F9000214611F8010BFFF777FB01F0C9FB38B9A7
:102FA000122010BD01F0EAFB0028F1D00C20F8E758
:102FB0000020F6E708B5008801F0E6FB00280CBF0A
:102FC0003020002008BD38B50546FFF716FC044642
:102FD00038B92878003818BF012001F0C9FB204615
:102FE00038BD0C20FCE708B5FFF707FC18B901F065
:102FF000AFFB002008BD01F0C1FB0028F7D00C207A
:10300000F8E708B50821FCF709FE002008BDD4D474
:10301000034B5A8802801B7883700020704700BFE2
:1030200044EA032010B501460446002001F048F9A7
:1030300008B92060A080002010BD10B50446012012
:10304000FFF77CFD28B10120214601F021F9002085
:1030500010BD0C20FCE7D4D473B583781A2B064638
:1030600008D8042B04D9334A22FA03F3DB0705D42A
:1030700012251AE0292B01D03B2BF9D13088B0F56D
:10308000706FF5D2694601F06BFD88B9009B93F82B
:103090002C2102F0FF05C2B9B27883F82D21FF225E
:1030A00083F82C216846FFF781FD284602B070BDE9
:1030B00030880921FCF708FA0446002837D0B0F818
:1030C000AC0101A901F04CFD08B10C25EDE7B4F805
:1030D000AE010821FCF7F8F920B94FF4046139205A
:1030E000FBF7A0FA03781BB994F8C831032BECD195
:1030F000019B93F84221002AE7D194F8F02102F0D5
:10310000FF05002AE1D1B4F8B021A3F8442194F8D6
:10311000B82183F84621027D83F84721B27883F8ED
:10312000482184F8F021FF2283F84221BDE70225DF
:10313000BBE700BF20003804FFF74FBC37B508805D
:103140000D4601A901F00CFD044640B9019810F8A4
:10315000A81FB1FA81F12A464909FFF79BFA2046D8
:1031600003B030BD10B50446FFF747FB58B92078CF
:10317000FFF78AFA611CE27901F012FC80F001008D
:103180004000C0B210BD01F0F9FA0028EFD00C20C9
:10319000F8E7D4D42DE9FF4106460078012813D181
:1031A0007378012B03D9022B0CD1B38853B17288E9
:1031B000B2B1B388A3B10A214A434FF4A0614B4393
:1031C0009A420DDB12247AE00028FBD10121FCF7A2
:1031D0007BF90546002840F08E8040F69A5107E0C2
:1031E00001210020FCF770F9054620B940F63F5157
:1031F0003920FBF717FAB388002B76D1FDF770FD65
:10320000002874D195F81431002B72D12846FFF7AD
:10321000A3FB04460028D5D101210846DFF82C8104
:10322000FCF752F998F81410074619B110B940F696
:103230005B51DDE798F834200023CDE9023312F02A
:1032400001031CBFD8F844000290520741BF04AAF2
:1032500002EB8303D8F8482043F8082C002941D01A
:1032600097F81431002B3DD07388DBBB98F83430CD
:103270000093D8F8402098F8361002AB3846FDF796
:10328000C7FD78B33846FEF7F5FE07F14003064662
:1032900005F14002683753F8041B42F8041BBB4297
:1032A000F9D12846FFF758FB024610B140F682518B
:1032B0009EE70C2E07D101462846FFF773F82046FB
:1032C00004B0BDE8F08116B140F68B5190E798F854
:1032D0003530296D43F0040385F854302846FFF754
:1032E0002FF8ECE7B2887188E6E71124E7E73A2483
:1032F000E5E70C24E3E7FEF743FE04460028DED1B1
:1033000095F8543095F8A62022B195F8A7201343DC
:1033100085F8A600053B012BD1D82B6D13B940F6DB
:10332000AA5165E701210846FCF7CEF84FF4C072B8
:10333000294606460DF08EF9002386F894300423C2
:10334000316D86F854303046C9E700BF44EA0320A7
:1033500010B50446002000F0D3FB2046BDE8104025
:10336000FFF718BF07B503788DF8003043788DF864
:10337000013068460023ADF80230ADF80430FFF7A5
:1033800009FF03B05DF804FB73B506230025CDE902
:1033900000558DF806306846FCF7D0F808B10026D5
:1033A00010E0009D95F8CD30802BF4D095F8E560C5
:1033B000002EF0D095F83131002BECD195F8CC30BF
:1033C000002BE8D101210020FCF77EF8044620B94B
:1033D00041F2BB213920FBF725F9A830FEF7DAFDD1
:1033E000224B1B7D73B3E0B194F85430053B012BA5
:1033F00017D82046FEF73EFE054610B141F2C62121
:10340000E8E72046FDF772FC94F8543023F00403FB
:1034100084F854302A4629462046FEF7C3FF00258B
:103420000DE001210846FCF74FF8044610B941F2BF
:10343000D221CFE7A830FEF7ADFD60B90C252846B4
:1034400002B070BD28B9002EF8D0FF2385F8CC302B
:10345000E5E7002EF9D12046FEF70CFE05460028D0
:10346000EDD12046FDF742FCE9E700BF44EA032026
:1034700073B5054601A9008801F094FB064620B902
:10348000019C94F8A8301BB10C26304602B070BDE8
:1034900094F8823203F0FF0633BB94F86230DB0706
:1034A00024D5D4F8A430002BEED1D5F80230C4F8DE
:1034B0007832D5F80630C4F87C326B89A4F88032B3
:1034C00004F51A7205F10C031C3553F8041B42F87D
:1034D000041BAB42F9D10C2104F51570FCF79EFBDF
:1034E000FF2384F88232D0E73A26CEE71A26CCE7CB
:1034F00030B589B003466A4600F118051868596866
:10350000144603C40833AB422246F7D11868206042
:1035100002236846ADF81C30FFF7AAFF1E220446BE
:10352000002168460DF054F8204609B030BDD4D4CF
:10353000F7B50678EF2E04460F4603D9122630461B
:1035400003B0F0BD90F901204378002AF6DB8278C1
:103550009207F3D113F010001DD19D0603F0030272
:1035600016D5002AEAD11907E8D42179E278E5795D
:1035700042EA0122617942EA0142A17941EA052148
:10358000257A41EA05418A42D8D81F2A12D8D5E7C0
:10359000032AE8D1D2E713F0600FCFD103F007027E
:1035A000052A05D003F00F010D22CA40D207C5D568
:1035B0001D07DAD5627A013A062ABFD8A27A032A11
:1035C000BCD813F0040302D1023A012A03D8E27AEC
:1035D000012AB3D813B9A37C032BAFD8237DF8B14C
:1035E000012BABD1237E012BA8D818B36378D90760
:1035F00002D500F04DFA20B36378227D03F0180362
:10360000082B2ED1022A1CD103213046FBF75CFF88
:10361000054660B304F0B2FD002834D00C268EE7D6
:10362000022B8BD0A37D013B022B87D8E37D0F2B90
:10363000D8D983E700F0B2FA820707D4237D022BA2
:1036400001D111267BE7A37D022BFAD000F0A6FA68
:103650004307CBD4237D032BF3D0A37D032BC5D10C
:10366000EFE7022AD0D0237F002BCDD0E9E703215A
:103670003046FBF7EDFE0546002843D0224B93F978
:103680006C1005F073FC0021304607F0BCFB28BB32
:10369000284605F05AFE21463870E074284605F0A9
:1036A00055FDE37E0646002B3FF449AF00287FF42A
:1036B00046AFE96C02466846FCF7B8F8E86C32465B
:1036C0000121FCF74CF9E96C68460422FCF7AEF8DE
:1036D000E86C32463146FCF742F930E7403003F0FF
:1036E0000CFB0028D4D0637813F0330F7FF426AF9F
:1036F000296AA67D284605F046FEFFF7FDF88642BA
:10370000C6D08BE707261AE744EA032030B50279D2
:10371000042A8BB003464FD84088B0F5804F4BD871
:103720002649114400248A7C4D7BADF8004042F0CC
:10373000100242EA4502CD7D097F8DF8084042EA39
:10374000850242EAC10202F01F028DF80020BDF896
:103750000020ADF809201A888DF80B208DF80E0096
:10376000120A000A8DF80C208DF80D408DF80F001C
:103770008DF810405A7B8DF811205A798DF812205F
:103780009A79D3F807008DF81320B3F80B209B7BB0
:103790008DF81A307F2305908DF81B3069464FF065
:1037A000011302A8CDE90734ADF818208DF82440A4
:1037B000FFF7BEFE0BB030BD1220FBE79CE8040013
:1037C00037B50446FFF7A0F923781F2B054618D814
:1037D000C16C04226846FCF729F82246E86C12F80E
:1037E000013B0021FCF78AF868B1EC6C2046FCF73D
:1037F00032F9002102462046FCF7B1F8002003B060
:1038000030BD1220FBE70720F9E737B50446FFF784
:103810007BF923781F2B054618D8C16C0022684617
:10382000FCF704F82246E86C12F8013B0121FCF792
:1038300065F868B1EC6C2046FCF702F901210246FC
:103840002046FCF78CF8002003B030BD1220FBE7C7
:103850000720F9E773B50546FFF756F90026044639
:103860008DF8046005F07CFD2B788DF80760C001B1
:10387000012BADF8050005D101A92046FFF794FA08
:1038800002B070BD2BB9204602B0BDE87040FFF712
:103890007FB81220F4E710B5044634F8020B088014
:1038A000022180B2FBF710FE20B12146BDE8104096
:1038B00007F0E2B9022010BD008808B50880022197
:1038C00080B2FBF701FE20B1BDE80840002107F0FF
:1038D000D3B9022008BDD4D40278034672B142782D
:1038E00062B142881A2A09D982881A2A06D9044A5A
:1038F000006810609B8893800020704712207047FA
:1039000044EA0320014B58740020704744EA032026
:10391000014B98740020704744EA0320024B1B6857
:1039200003B1184711207047F8F2032008B50520AD
:1039300000F0F2F807F044FA014B024A9A6608BD1B
:1039400044EA032009270300082000F0E5B807F047
:1039500043BA10B5044604B910BD2368984764689B
:10396000F9E703680BB9016070471A465B6813B149
:103970008A42FAD170478A4218BF5160704708B531
:1039800004F05AF905F0CAFA20B140F2631193200D
:10399000FAF748FEBDE808400320FBF7EFBD08B585
:1039A0000220FBF7EBFD0020FBF7E8FDFBF780FEB4
:1039B00000F024FCFCF782FF20B140F24311932079
:1039C000FAF730FE08BDFFF7EABF08B5FFF7D7FFEB
:1039D00006F0D8FB20B14FF4BC719320FAF722FE19
:1039E00008BD08B505F004FB04F058F9BDE808402F
:1039F00005F0A4BA08B500F009FCFCF73FFF02206F
:103A0000FBF7BCFDBDE808400020FBF7B7BDD4D4F0
:103A100008B5064B01221A7105F0F2FA06F0BAFB5E
:103A2000FFF7E8FFBDE8084001F08ABDB4EA0320D3
:103A300010B5064C064904F10800FFF792FF04F1A7
:103A40000C000449BDE81040FFF78BBFB4EA032027
:103A5000C48A0320CC8A032010B5094C094904F11B
:103A60000800FFF77EFF04F10C000749FFF779FF1C
:103A700004F110000549BDE81040FFF772BF00BF18
:103A8000B4EA0320D48A0320DC8A0320E48A0320DA
:103A9000014B1879704700BFB4EA032038B5074CD2
:103AA0000D4601F009FDA0682560FFF752FFFFF702
:103AB000E3F802F07BF80123237538BDB4EA032054
:103AC00010B50A4CE068FFF744FF2069FFF741FF9B
:103AD000FFF786F8202000F033F8262000F030F8B9
:103AE000292000F02DF80023237510BDB4EA03202F
:103AF00000487047C9EA032000487047CBEB032019
:103B0000014B83F819027047B4EA0320014B93F884
:103B100019027047B4EA0320C208074900F0070001
:103B200001238340885C03438B5404490B78934200
:103B300038BF13460B707047788A0320CEEC032001
:103B400010B50F4BC40803EBD002012100F00700B1
:103B500001FA00F0195D21EA0001195509490B78B5
:103B6000A34205D1002012F8014914B100B10B7035
:103B700010BD002BFAD0013BDBB20120F3E700BF00
:103B8000788A0320CEEC0320014BD3E90001704773
:103B9000788A032000487047808A0320054B186804
:103BA000C0F3C022C0F30020400040EA820040F091
:103BB00001007047788A03200123038040F201133B
:103BC0004380704708B509F06BFD084A002332F8BE
:103BD0002310814205D302EB83029378044A1370C9
:103BE00008BD01330C2BF2D10023F7E7C4E8040031
:103BF000CFEC0320024B1878072828BF0720704716
:103C0000CFEC032009F04CBD0B46892203F8032BAF
:103C1000D0F80920C1F80320427B1A71704738B5EB
:103C20000D460446FFF7BAFF2B78002B08BF03466A
:103C300084F874306B78002B08BF034684F8753025
:103C40006B88A4F8763038BD2DE9F04F04689846AB
:103C500094F8633094F80FA043EAD3030F46D907D2
:103C600085B0164604F1A80902D4BAF1260F5FD137
:103C700094F8A850002F55D1FFF790FF8DF80B0056
:103C8000002E51D1FFF78AFF2B4B8DF80C00D3F893
:103C900000B0BBF1000F0CD0AAF1260253425341F1
:103CA0000093284603AB0DF10B024946D847054661
:103CB00030B99DF80B3013B19DF80C0028B90925D7
:103CC000BAF1260F2AD10020034694F8292132B1F7
:103CD0009B0700F002002DD560B302200346FF22AF
:103CE00084F8392194F8382102F0FF05F2B99DF8E3
:103CF000382084F83B0184F8382184F83A31A4F85C
:103D00003C8103A948468DF80C708DF80D60ADF824
:103D10000E80FFF784FF002384F83931284605B070
:103D2000BDE8F08F3846A9E73046ADE73A25F2E71F
:103D30001A25F3E70925F1E7FCF2032037B58B7864
:103D4000046803F0070384F819314B7803F0070384
:103D500084F8183126230546E37394F8393113BBF0
:103D600094F83831012B1ED094F8213194F81821A1
:103D7000D91E012998BF04239A42B4F81E3118D1E4
:103D800094F8202194F81901D11E012998BF04222A
:103D90009042B4F81C110CD1022284F83821A4F806
:103DA0003A11A4F83C31284603B0BDE8304001F098
:103DB00030BF022094F81D2194F81C110090284671
:103DC000FFF742FF0028EED04FF46671AE20FAF7FD
:103DD00029FCD4D410B50468B4F8AA3084F87E1154
:103DE000A4F87F3194F82001FEF796FD84F8810154
:103DF00094F82101FEF790FD84F88201034904F252
:103E00007510BDE8104001F0CDBC00BF093C0300B7
:103E100038B5036893F83831012B04460D4602D1BA
:103E20001E21FFF7D7FF2368002083F8380165B112
:103E3000182283F8992009229A7393F84A3093B98B
:103E400040F25B41AE20FAF7EDFBDA7B243A072A19
:103E500003D8DD73204601F0EEFE20461821BDE8B0
:103E6000384001F018BF38BD08B503689A7B22B10D
:103E70004FF4E671AE20FAF7D5FB24229A7308BD01
:103E8000034610F0010007D19A0704D413F0040090
:103E900018BF03207047022070472DE9F34B0546F9
:103EA000104616461F46FFF7EBFF83460846FFF70E
:103EB000E7FF46EA01044BEA04040443E4B2003C91
:103EC000DDF828800190894618BF0124FFF766FEBF
:103ED000064018BF5E46FFF761FE95F82021019B62
:103EE00010EA090118BF1946B24214BF3346002335
:103EF00088F8003095F821218A4208BF00210B4341
:103F000088F801100AD1EB88013FFF1ABFB247F6CB
:103F1000FD739F428CBF002404F00104C6B995F8DC
:103F20002001FEF7F9FC03280ED195F83831012B5A
:103F30000AD1B5F83C2195F82031012A0AD1042B89
:103F40000AD0042388F80030204602B0BDE8F08B88
:103F5000032EE9E7032BF7D00323F3E7032906D168
:103F600001280AD1042151801380012070470429BF
:103F700003D1012801D00321F5E700207047012873
:103F800007D0022805D0033801288CBF002001206B
:103F9000800070472DE9F0410C6894F83A22D31E56
:103FA000012B05460F462DD894F82031D91E012942
:103FB00028D8D31A18BF012394F83B02FFF7DFFF7C
:103FC00006460BBB1046FFF7DAFF804694F89F3099
:103FD0006BB948EA060313F0FF0306D0204601F050
:103FE0006BFE3B68DB8803449BB2A4F83832B4F81C
:103FF0003832EB701B0A2B71AE7085F801800520FA
:10400000BDE8F0810023D7E74FF00008DEE770B588
:104010000568EC7BA4F12406072E02460B4615D951
:1040200094B9AD7B292D11D04D786E0706D08D78CF
:104030006D0703D0FFF782FE204670BDBDE87040DB
:104040001978104601F027BE0124F5E72024F3E794
:104050002DE9FF47046894F80EA0AAF125030E4647
:1040600059425941052A054639D1E37B272B3BD1DB
:1040700004F10F0796F8019096F8028009F00709FD
:1040800008F0070809F1FF3308F1FF3203EA0903DA
:1040900002EA0802134321D14046FFF7F1FE70B354
:1040A00094F8203198422AD094F83A2118EA020F65
:1040B00014D0BAF1250F22D094F8192118EA020F72
:1040C0001DD1464A0138013B52FA80F0DBB2032B86
:1040D00000790FD81A441379834210D9284604B0C6
:1040E000BDE8F047FFF794BEBAF1250F74D104F193
:1040F0000E07BFE74FF4DD710620FAF793FA484642
:10410000FFF7BEFE40B194F82131834204D094F809
:104110003B3119EA030FE1D0B6F8036003AB00931B
:104120002046334642464946FFF7B7FE2C6878BB27
:1041300094F83831012B28D1E38894F82011B4F891
:104140003C0104F53472FFF709FF0646D0B9014679
:104150002846FFF73FFE2B6883F838613E702B68D6
:1041600003F10F02974201D10022DA732B6803F1A9
:104170000F0297422CD1284601F05DFD002004B0CB
:10418000BDE8F0872C23A373E9E784F83801E6E75C
:10419000E388A4F8D062013EF61AB6B247F6FD7382
:1041A0009E4206D9282384F83130284602F020F8B0
:1041B000DCE7E37B0D2B02D00A3B012B01D82A233D
:1041C000F1E7BDF80C30A4F8D23229233B70CDE7DB
:1041D000002283F84A20D1E70220D0E7F4E8040067
:1041E00008B50368DA7B262A05D022B140F2D35104
:1041F000AE20FAF717FA2722DA7308BD024B002225
:1042000083F832209A867047D2EC0320FFF7F6BF7E
:10421000044B93F83220012A1ABF036001200020CA
:10422000704700BFD2EC0320054B93F832100129F0
:1042300002461DBF012083F832009A860020704795
:10424000D2EC0320054B024693F8320020B11360F4
:1042500009B19B8E0B800120704700BFD2EC032078
:10426000044B93F8320000229A8610B183F8322072
:1042700001207047D2EC0320034B93F83200B0FAD0
:1042800080F04009704700BFD2EC03207047D4D4BF
:1042900050B90A4A1346012003F8010B0868C2F816
:1042A00001008A889A807047012805D1034B0A686B
:1042B0009A608A88D8719A81704700BF08ED032000
:1042C00050B90B4B187888B1D3F80120B3F80530FA
:1042D0000A608B8001207047012806D1044BD879F1
:1042E00020B19A680A609B89F3E70020704700BFFD
:1042F00008ED032030B542401C7808785D786040B6
:104300004C786C4020449D788C786C402044DD785B
:10431000CC786C4020441D790C795B7949796C40EC
:1043200020444B4018441044B0FA80F0400930BD9E
:1043300010B9044B18787047012806BF014BD87993
:104340000020704708ED0320F7B500238A888DF818
:104350000600ADF8042008680B4A8DF80730019D6F
:104360001478014602F5A872D8B2844201D8082018
:1043700008E052F8087F5668AE4208BF8F4203F14A
:104380000103F1D103B0F0BD18ED032030B5094BA6
:1043900001465C78002203F20113D0B2844201D8B6
:1043A000082005E013F8015F8D4202F10102F4D10B
:1043B00030BD00BF18ED0320024600200139C9B20C
:1043C000FF2900D17047535C83F001030344D8B246
:1043D000F4E7D4D4F8B52D4C6378013BDBB2221856
:1043E000834292F80251637030D01A010101961C89
:1043F0008F1C2644274406F1100C56F804EB47F8AE
:1044000004EB6645F9D1823282312244214402F123
:10441000100652F8047B41F8047BB242F9D1E1184E
:10442000221891F8026182F80261062673437043F4
:1044300003F5857300F58570E618E35823502718B7
:10444000B388BB8091F83A3182F83A312846FFF7B9
:104450009DFF082818D12378013BDBB29D422370D1
:1044600012D02B3304EBC30393E8030005F12B02B6
:1044700004EBC20282E803002078FFF787FF0828D8
:104480001CBF241884F80251F8BD00BF18ED0320AA
:10449000F0B5254D95F8984189B0224605F299115D
:1044A00068460CF0D7F821466846FFF785FF0446BA
:1044B000B8B300EB4001C9B202A8FBF7AFFB631E23
:1044C00095F8A161DBB2012495F8981105E0721C02
:1044D000B2FBF1F001FB1022D6B206F120020DEB87
:1044E000020010F8202C002AF1D103EB4301203107
:1044F000694406EB46022A4411F8187C82F8A2713E
:1045000011F8177C11F8161C82F8A37182F8A41117
:1045100000F8204C013BAA19DBB2FF2B82F899412D
:10452000D2D109B0F0BD00BF18ED032070B506462A
:1045300088B00C46002A4ED0294A92F8A131D018F2
:1045400090F8991119B9FF212820FAF76BF803EBBD
:1045500043011144013391F8A251E57091F8A35140
:1045600091F8A41161710021257180F8991192F8D8
:104570009811B3FBF1F001FB103382F8A13192F8EE
:10458000C23123B9174902F5DD7001F0EAF8657907
:1045900005F03F0545F0400565710D220021684694
:1045A0000BF0D6FFE3788DF80F3023798DF80E30BD
:1045B00004AA0423694630468DF80D500BF0B8FD6F
:1045C0009DF81F3023709DF81E3063709DF81D30DC
:1045D000A37008B070BD03216018FBF71FFBD6E77E
:1045E00018ED032091440300044B5A78824286BFA1
:1045F0001B1893F84A010020704700BF18ED0320F4
:10460000044B5A78824286BF1B1893F8420100205F
:10461000704700BF18ED0320064B00224FF4617174
:104620001A8083F8C32183F8C421A3F8C61183F844
:10463000C221704718ED03202DE9F04782468946D4
:1046400017469846FFF780FE08280546064603D021
:10465000FFF79CFE082860D1324C6378072B5ED8A8
:10466000082D15D12678731C072E237003D96C21D1
:104670002820F9F7D7FF06F12B02D9F8000044F8FB
:10468000320004EBC203B9F804209A8083F806A034
:1046900065786B1C290163704B1C07F110022344E1
:1046A00012F8010D03F8010FBA42F9D1813108F176
:1046B0001003214413F8012D01F8012F9845F9D179
:1046C0001021404600F092F92544102185F842015E
:1046D000384600F08BF985F80261667885F84A0162
:1046E0000023114885F83A313146FFF765FE01286D
:1046F000054607D80D483146FFF75EFE002818BF73
:104700000135EDB284F898510025284684F8A1516E
:10471000FFF7BEFE2846BDE8F0871220FBE7072022
:10472000F9E700BF18ED03205AEE032062EE0320E4
:1047300008B5FFF709FE082807D0FFF727FE08286D
:1047400003D0FFF747FE012008BD0020FCE7D4D4CA
:1047500010B5064B5878013840B2002800DA10BD79
:10476000C4B22046FFF736FE601EF5E718ED0320C1
:10477000014B83F8C301704718ED0320014B93F8F8
:10478000C301704718ED0320431E9BB24AF2B712D3
:1047900093429DBF024BA3F8C60101200020704741
:1047A00018ED0320014BB3F8C601704718ED032044
:1047B00008B5FFF7C9FD082803D0BDE80840FFF79A
:1047C000E5BD08BD30B50A4B5C7884420ED918446B
:1047D00090F802012B3003EBC004A5790D7053F85B
:1047E00030001060A3889380012030BD0020FCE7DA
:1047F00018ED032008B506F00FFC18B1BDE808401D
:1048000006F032BC082008BD0246074810B590F8F3
:10481000C34124B1417821B1023006F09DFB20460E
:1048200010BD0C46FBE700BF18ED03202DE9F74F44
:104830002F4C9A46637883428046894656D923187E
:1048400093F8425185F00105F9B193F84A31E3B983
:1048500045F002070135BAF1000F18D1FA070AD561
:10486000062101FB084104EB0810524601F5857151
:104870008230FFF75BFEBB0734D504EB08105246CD
:1048800049460230FFF752FE2CE02F46E3E794F84A
:10489000A1614FF0010B002DE0D0A319019393F813
:1048A000991199B90092DAB101F050F906EB46017D
:1048B0002144019B81F8A2014FEA102C009A81F853
:1048C000A3C1000C81F8A40183F899B194F8983140
:1048D0000136B6FBF3F103FB1166F6B2013DDAE7F0
:1048E00047F00407384603B0BDE8F08F0027F9E72A
:1048F00018ED0320F8B5184C064648B3617804F566
:10490000A170FFF759FD94F898510746294604F223
:104910009910FFF751FD2D1AEDB2AF421AD80025BC
:104920006278EBB29A4201D80120F8BDE21892F801
:1049300042215AB9062101FB034104EB031332461D
:1049400001F5857103F18200FFF7F0FD0135E7E71E
:104950000546E5E70020E8E718ED0320074B5A7805
:10496000824209D91A1892F842212AB9062202FB7A
:10497000003000F5857070470020704718ED032067
:10498000064B5A78824281BF1B1893F83A01B0FA5D
:1049900080F0400998BF0020704700BF18ED032049
:1049A000F8B50E46074606213046154600F01EF8BB
:1049B000044670B10C4B0022587803F23913D1B27F
:1049C000884202D801242046F8BD03F8015F013275
:1049D000F5E731463846FFF7EBFE0828F3D0024BE7
:1049E000034483F83A51EDE718ED03200144002316
:1049F000884203D1B3FA83F04009704710F8012BC5
:104A00001343F5E7F8B5D0E9047605460C460AF0FD
:104A100093F818B952212920F9F704FEE4B1D5E939
:104A20000423D21B63EB0603012A73F100014FF04C
:104A3000000113DB6FF001009042994101DA5C2123
:104A4000E9E7631E1344B3FBF4F35C43E41946F156
:104A50000006C5E904461C462046F8BD0C46FBE7A7
:104A6000022905D13C281BD980100F3880B270472D
:104A7000CB1E012B0FD804290CBF96234FF41673BD
:104A800003F5BC730CBF10224022984208D9C01A0B
:104A900090FBF2F0EAE7702802D9C0100E38E5E783
:104AA00000207047022908B5034614D005D8012913
:104AB00009D0E7212920F9F7B5FD03390129F8D8F4
:104AC00040F6A66008BD40F6C41040F2E242002B5A
:104AD00008BF1046F6E740F6C410F3E7034B80F832
:104AE00080101B680BB140881847704700F3032003
:104AF00010B5029C801A7E388842226894BF091A39
:104B0000491A02EB510222601A680129A2EB5102F4
:104B10001A6094BF0020012010BD69B1A0F57A721F
:104B200041F270739A4207D84FF47A73B0FBF3F0F6
:104B300000F5506080B2704740F2E243B0FBF3F002
:104B4000F8E7D4D40B2808B504D940F2291129205C
:104B5000F9F768FD014B33F8100008BDFCE80400CC
:104B600038B50C4600210546FAF7AEFC206048B97E
:104B700002212846FAF7A8FC2060B0FA80F040092C
:104B8000400038BD0020FCE70368587BC0B293F8B2
:104B900030302BB900F0FB00003818BF01207047FF
:104BA0000020704710B50C46FFF7DAFF38B92046F1
:104BB000FFF7EAFF80F001004000C0B210BD022004
:104BC000FCE7D4D4036830B50024D3F8C800A3F8B8
:104BD0004040B3F8444042F210754443B4FBF1F452
:104BE000A3F844404C1E05FB0242B2FBF1F2A3F8CD
:104BF0004220094AB2FBF1F20132A3F848209A8F11
:104C000005FB02445A6BB4FBF1F450439C63B0FBC8
:104C1000F1F0586330BD00BF005A620238B54FF45E
:104C2000427204460D4600210BF092FC6FF03602F2
:104C300084F86320042284F864206FF03B0284F837
:104C400065206F2284F86620032284F86720002202
:104C500084F868206FF07F0284F869202B2284F8A2
:104C60006220FE22012384F89E207F22E375E272F7
:104C700084F8A830A4F8AA5038BDD4D413B540F6AF
:104C8000B8338387B0F8D220D0F8C810019004461A
:104C900001A8FFF797FF0C4B1B68062B01D00133CF
:104CA0000FD10A4B1B68063B08330AD9D4F8CC0055
:104CB000FDF7BAFC80F00100C0B284F8070302B02F
:104CC00010BD0020F9E700BF78F703207CF7032030
:104CD000054B1B7833B9054B1A681B7902600371C9
:104CE0000120704700207047E0EE0320888A0320EF
:104CF000054BFF221A70054A016811600179117194
:104D000000221A70704700BFE0EE0320888A03205B
:104D100007B5064A1068009012798DF8042068469D
:104D2000FFF7E6FF03B05DF804FB00BFAF480400E7
:104D3000C2B292FAA2F2030A93FAA3F31B0E100E68
:104D400040EA0320704770B50131C9B20530002236
:104D500010F8013F8B4216D310F8054C00230125B3
:104D600005FA03F626421CBF01F1FF31C9B269B151
:104D70000133082BF4D10132D2B2052AE8D19B21AC
:104D80004620F9F74FFCC91AC9B2F4E703EBC20099
:104D9000C0B270BD0B6870B5C0F801300B7903F07C
:104DA0001F03437100230446C3720546461D15F8D0
:104DB000010F00F015FF6871E37AB5421844E07204
:104DC000F5D170BD70B581EA11418CB20546C17A4A
:104DD000032682EA0400FFF7ABFF013E00EB001060
:104DE000221816F0FF0690B2F5D144402522B4FBFC
:104DF000F2F302FB1343C3F3C4022A44D8B2567839
:104E000003F00703012202FA03F31E4207D16143B4
:104E10002846C1F30741BDE87040FFF794BF70BD5D
:104E2000F8B590F822506B1E242B044603D9E121DB
:104E30004620F9F7F7FBDAB1C07D002843D194F89A
:104E4000243094F8231002FB01322523B2FBF3F146
:104E500003FB1123DBB204EBD30284F82430117E70
:104E600003F007060122B240114202D084F8253037
:104E7000F8BDB3FBF5F205FB1233013303F0FF037A
:104E800004F11C0111F8012F9A4219D311F8055CA5
:104E90000022012606FA02F72F4208D0013B13F048
:104EA000FF0304D102EBC00284F82520E0E70132C1
:104EB000082AEFD10130C0B20528E3D1D721B7E7E6
:104EC0009B1ADBB2F6E7E288496A04F11700FFF7A4
:104ED00079FF84F82500CBE70378890123F04003AC
:104EE00001F040010B4303707047037803F07F0328
:104EF00043EAC113037070470078C00970471F2A46
:104F000038B50546144603D9A8212A20F9F78AFBAB
:104F1000093006340BF09EFB6C7038BD1F2A38B583
:104F20000546144603D9CA212A20F9F77BFB09302C
:104F300006340BF08FFB6C7038BD037803F00F0361
:104F4000032B02463ED0052B42D1C37F90F82000B0
:104F5000034392F82100034392F82200034392F89E
:104F6000230000F01F00184333D05378222B2FD199
:104F7000B2F81930B1B1B3F5506F13D940F60751FB
:104F80008B4225D8B2F81B30B3F5FA7F20D2B2F8A5
:104F90001D000A3880B240F6764398428CBF00204C
:104FA00001207047991F89B240F67A4081420FD89C
:104FB000917D481E07280BD8994209D2B2F81710E4
:104FC0009942DEE74078A0F10C03584258417047FF
:104FD00000207047C37813F03F035DD007295BD8EA
:104FE000DFE801F0040B1E29343F4A55037913F022
:104FF000010F0CBF002005207047027912F002005B
:105000004BD0052002F0010202EB420200EB42000D
:105010000729C0B241D1021F9A42C8BF0020704781
:10502000027912F0040038D0052012F0020F1CBFE4
:105030000630C0B2E6E7027912F008002DD0052054
:1050400012F0040F1CBF0130C0B2EEE7027912F07B
:10505000100022D0052012F0080F1CBF0230C0B291
:10506000EEE7027912F0200017D0084612F0100F78
:105070001CBF0330C0B2EEE7027912F040000CD042
:10508000052012F0200F1CBF1230C0B2EEE70279EB
:105090005006F5D50620F4E70020704770B50C46A1
:1050A000064611461D4624B94FF41F712A20F9F710
:1050B000B9FAFFF78FFF10B940F27D21F6E7031F21
:1050C0002B443F2B02DD40F27E21EFE72A462146AA
:1050D0003044BDE870400BF0BDBA30B5C1F3800379
:1050E000C1F380142344C1F3001404EB44042344AB
:1050F000C1F3401404EBC404C1F3400503EB4403C3
:10510000C1F300042C4404EB4404C1F3C0052C4457
:10511000134403EB440313F0FF031CBF013301717D
:10512000C17818BFDBB221F03F0103F03F042143F7
:10513000C170591C41701AB104339B1A013AC25410
:1051400030BD4378C278013B02F03F02981AC0B2EA
:105150007047F8B5174606460D461946FFF7F1FFAA
:10516000441AE4B2BC4228BF3C464DB1F27802F08A
:105170003F02043211443144224628460BF06AFAB9
:105180002046F8BD0346084671B13F2B0BD8074AAD
:10519000D35C03F07F02914205D08CBF0120002038
:1051A00000EAD31070470120704700BF14E90400E3
:1051B0001B2A08B504D940F299312A20F9F732FAAE
:1051C000BDE808400BF046BA8388A1B1B3F5506F33
:1051D00011D940F6075293421BD8C388B3F5FA7F22
:1051E00017D200890A3880B240F6764398428CBFC5
:1051F0000020012070479A420BD8B3F5486F08D8B9
:105200004278511E072904D89A4202D242889A4213
:10521000E2E700207047013001F1200351F8042B30
:1052200040F8042B9942F9D10B880380704738B5B8
:1052300015460446FFF7EFFF2B68C4F823306B6870
:10524000C4F8273038BD2DE9F04F85B0884603A952
:105250009DF8384001931546FFF782FC814618B946
:10526000039E2DB901237375012005B0BDE8F08FB1
:10527000D6F8C0A029465046F9F7DFFD074608B921
:105280000020F2E7FDF78CFC8542F9D839465046FC
:10529000F9F712FF727DA0F80190002A18BF4FF0B5
:1052A000020880F8008083463846F9F70DFF07466C
:1052B000DCB1B6F8E640C4B108F082FA40F27122DF
:1052C0005443241841F1000179603C6001992A4659
:1052D0000BF103000BF0BEF929465046F9F7E8FD43
:1052E00028B983212B20F9F79DF92146ECE7039B90
:1052F00093F8A83033B103A8FDF758FC039B0022B4
:10530000A3F8DA210023AEE7437837B5C3F30112DF
:105310000446032A03D8DFE802F0050E1D0500202D
:1053200003B030BD057803F00F00002300936288BE
:10533000231D022107E0057803F00F0000230093EE
:105340006288231D012145EA0020FFF77CFF60B140
:105350000120E5E7FEF71EFC03685B05DFD56078FA
:10536000257800F00F000123E0E700F0D7F9EFE720
:105370001A230B7001234B708B707047FF230B7047
:1053800002234B7083238B70014B1B78CB707047CB
:10539000E4EE03202DE9F84FD0F80480D8F81C6023
:1053A00030460C46F9F77AFE054620B94FF4AA714B
:1053B0001020F9F737F901463046F9F77DFEB5F8C8
:1053C00000B01FFA8BF7824617B94FF4AC71EFE7C4
:1053D000224B1B6800F10309D3B998F8023098F802
:1053E000032023706378A4F802B002F00F0223F0C8
:1053F0000F03134323F0C00363709AF8003003F0E7
:105400000303012B0FD0022B0DD04FF4BB71CFE75C
:10541000B8F802003A464946984705460028DCD1CC
:105420002846BDE8F88F627863F305126270304653
:10543000F9F74CFE054610B94FF4C071B8E7FB2FE1
:1054400002D940F28F11B3E73A464946201D0BF0CE
:1054500001F93046F9F791FDE2E700BF04F30320BC
:1054600038B5134C10220021201D0BF071F80125D6
:105470002574102204F10803002104F11400C4E98A
:1054800001330BF065F884F8205004F11803C4E9E7
:105490000533084A00236362A36284F82C30C4F801
:1054A0002D30C4F8313084F835301360A36338BD33
:1054B000E4EE032004F3032010B5084C2378FF2BFF
:1054C00004D040F299111020F9F7ACF80AF092FEDE
:1054D0002070BDE81040FFF7C3BF00BF8D8A0320D6
:1054E00010B5034C20780AF09FFEFF23237010BDF7
:1054F0008D8A0320FFF7B4BF014B18780AF0A4BED1
:105500008D8A032010B521B940F2A9211020F9F7A6
:1055100089F84A600B72EFF3108472B6031D0B60BA
:1055200042681AB1127A012A08BF03600368196041
:10553000016004B962B6BDE81040FFF7DDBFD4D406
:10554000014B024A1A6070470CF303209553030085
:105550002DE9F341DFF89481054608F11407D8F8E6
:105560000830D8F81840227A012A22D1D8F83820F9
:1055700052B1137A1BB9BF211020F9F753F8D8F8AC
:105580003840C4B9002093E01A7A012AFAD0544A6C
:105590001C46EFF3108172B650680068506001B984
:1055A00062B6A34208BFC8F83840237A1BB9EE217F
:1055B000E2E73A46EDE7267AF6B205232372731E38
:1055C0000B2B7ED8DFE803F07A062336773F4E3F79
:1055D0003F3F3F6B636813B94FF40371CCE720463C
:1055E000294698470420EFF3108272B6237A052BE0
:1055F000D9B24FF0000369D12372D8F83810A14214
:1056000001D1C8F83830002A45D162B643E063685A
:1056100013B940F21521AFE72946204698470346C3
:10562000C3F30723012BADF80400C0B23ED0022B18
:10563000D9D129E0636813B940F21D219CE72046C7
:1056400098470020CFE7274B1B68002BF9D06068F4
:10565000324629469847A6F10A02534253415B005D
:105660000420E4E763680BB9FE2185E786222A70EF
:1056700001225988AA706A7100229869A5F803105E
:10568000AA71F9F77AFC0420D8F83830A34202D185
:105690000023C8F8383000283FF461AF08E0124B0F
:1056A00029461B6820469847034668B9267298B178
:1056B00002B0BDE8F0814FF415715DE740F257216B
:1056C0005AE740F25A2157E70220DDE711B940F2CC
:1056D0007B2151E7184696E7002B7FF440AF51E756
:1056E000E8EE032008F303200CF30320E4EE03208C
:1056F00010B51346027A22B140F202311020F8F7B9
:1057000091FF0A46BDE8104001460148FFF7FABE86
:10571000E8EE03200222FFF7EBBFD4D4044890F850
:105720002C301BB903492430FFF7F4BF704700BF8A
:10573000E4EE0320715303000346064890F83C2032
:105740003AB190F8352022B900F82D3B0249FFF715
:10575000E1BF7047E4EE03207D5303000322FFF70F
:10576000C7BF0422FFF7C4BF10B50A46037A23B1AE
:1057700040F20A311020F8F755FF0146BDE810400D
:1057800001480723FFF7BEBEF8EE03201346027A56
:105790000AB1037270470A4601460148FFF7B2BEDC
:1057A000E8EE03200222FFF7F1BF0322FFF7EEBF6E
:1057B0008D230B7030F8AF3CA1F8033030F8653C16
:1057C000A1F8053030F8613CA1F8073030F8633CAF
:1057D000A1F8093030F85F3CA1F80B30704708B5EC
:1057E000CB1E012B04D8800100F5747080B208BD77
:1057F000012902D10E30C000F8E7022902D10F3092
:105800008000F3E74FF40C710620F8F70BFF30B57A
:1058100087B004460D46FDF7D7F980B334F8B84C8D
:1058200069462046FDF78AFC18B1FB212C20F8F7C9
:10583000F9FEBDF80630ADF80E30BDF80830ADF811
:105840001030BDF80230ADF8123003A8BDF80430B6
:10585000ADF80C40ADF81430FDF76EFC10B14FF40C
:105860008271E3E7ADF80C009DF80C30002063F383
:1058700007009DF80D3063F30F2007B030BD2B46B5
:10588000992203F8032BD4F80920C5F80320D4F893
:105890000D205A60B4F811201A810423ADF80C30A1
:1058A000E2E740687047033901298CBFC08A4FF492
:1058B0002960704770B590F878608D880C89033E38
:1058C000012E04D943B11678033E012E04D8B5F554
:1058D000296F38BF4FF4296590F87960033E012E97
:1058E00004D943B15378033B012B04D8B4F5296F95
:1058F00038BF4FF42964CB884A88A0F86020A0F80C
:105900006430A0F86250A0F8664070BD8383BDF893
:10591000003001834283C38370471B2200290CBFE0
:105920004FF4A4734FF429634FF01B118284028457
:10593000028502F1A472C0E90521C160C3844384D9
:10594000C38383834382038270470346F0B5B3F871
:105950005810B3F8642093F87940B3F85C50B0F86D
:105960004E70B0F85200914228BF1146B3F866203D
:10597000A3F84E10033CAA42E4B228BF2A46012CE9
:10598000B3F8544087BFB3F8566015464FF4296604
:105990004FF429658C4238BF0C46B24238BF3246BC
:1059A0008F42A3F85250A3F85440A3F8562026D1B2
:1059B000401B18BF0120B3F86020B3F85A10B3F8A9
:1059C0004C50B3F85040914228BF114693F87820CC
:1059D000033A012A15D9B3F85E20B3F86260B242E7
:1059E00028BF32468D42A3F84C10A3F850200BD1AB
:1059F000944218BF40F0010000F00100F0BD01200A
:105A0000D9E74FF42962EDE70120F5E70149FFF7F7
:105A1000C9BE00BFB15703000B8BA2F80B304B8BF4
:105A2000A2F80D308B8BA2F80F30CB8BA2F80900B7
:105A30000249A2F811301046FFF790BE0F5803003C
:105A400038B5CB1E012B044610D9C58B438C9D4223
:105A500028BF1D46207AFFF7C2FE6389AB4228BFEC
:105A60002B46984238BF184680B238BD4FF429659E
:105A7000F0E72DE9F84307460E4680899DF820801F
:105A8000194614469946FFF7AAFE49460546384688
:105A9000FFF7D6FF854228BF05464146B88AA8F1E0
:105AA0000308FFF79CFEB8F1010F8CBFFA8A4FF490
:105AB000296290420346ADB228BF1346A01D15FAD5
:105AC00083F330441844BDE8F88313B5828F03464E
:105AD000403049B9598F93F87940009493F8783061
:105AE000FFF7C7FF02B010BD198FF4E770B50C4681
:105AF000154619464BB9068FFFF7E7FF2844304497
:105B0000A04294BF201A002070BD468FF4E738B53C
:105B10000D4611460446FFF7D8FF2844606438BD9F
:105B200001F19C0383423DBF9C38401A400800208D
:105B30007047D4D4014B1878704700BF21EF032081
:105B4000014B1878704700BF8E8A0320094AD2E9BA
:105B50000003434083EAB01181EA43214FEAF34353
:105B60005360054B116058434FEAF06000EB800032
:105B7000704700BF24EF0320BB79379E094AD2E962
:105B80000003434083EAB01181EA43214FEAF34323
:105B90005360054B116058434FEAF06000EB800002
:105BA000704700BF908A0320BB79379E10B50A4C1E
:105BB00009480821FAF732F8D4E900321343F7D044
:105BC000064CFFF7DBFF2060FFF7D8FF236860601B
:105BD0001843F6D010BD00BF908A032024EF0320A5
:105BE00000F05503400800F05500034403F0330073
:105BF0009B0803F03303034403F00F0000EB131082
:105C00007047036800229A7383F84A20A3F846205D
:105C10007047026892F8A8302BB9A2F84E300123E1
:105C200082F8503070470023A2F84E3092F850307E
:105C300001335BB2F4E708B5026892F8A83013B9F3
:105C400082F8503008BD92F85030013B5BB2002B17
:105C500082F85030F6DA52214A20F8F7E3FC08B512
:105C6000036883F89B1083F89A203522DA73FFF7D4
:105C7000D0FF002008BDA0F10A03042B09D9A0F130
:105C80004703012B05D9243807288CBF00200120A9
:105C90007047012070470268136810B513F00804BC
:105CA00008D143F00803136082F89810FFF7B1FFA2
:105CB000204610BD0120FCE7D0F8C82041F64B5328
:105CC0009A429CBF4AF6C873B3FBF2F3B0F8D020F7
:105CD000B0F8DE0088BF0623134410FB03F080B247
:105CE0007047D4D4174B184A9A60184A5A60184A19
:105CF0001A60184A9A62184ADA62184ADA60184A30
:105D00009A61184A1A63184A1A62184ADA64184AD9
:105D10009A64184A5A62184B184A9A60184A5A628A
:105D2000184ADA62184A1A61184A5A61184A9A617E
:105D3000184A1A63184A9A64184ADA64184A9A6325
:105D4000704700BF10F30320456203006B6203003D
:105D50009763030001660300FD6603003D660300D0
:105D60000F670300C96A030005680300C5690300E3
:105D7000E76903006168030010F403205B6203001D
:105D80008B6903002D670300DD6603004D67030088
:105D9000696703006D6B03002B6A0300176A030039
:105DA00075690300044B054A5A65054B054A1A6597
:105DB000054A5A65704700BF10F30320116F0300B6
:105DC00010F40320FB6E03003B6F0300054B064AF3
:105DD0009A65064A1A66064B064A9A65064ADA65C5
:105DE000704700BF10F303200F4003005140030031
:105DF00010F40320693E0300E1410300F7B50546B6
:105E000001A80F46FEF704FA20B94FF4AA61512009
:105E1000F8F708FC0198322200210AF099FB019C56
:105E200026463F2F06F8037F43D83F2F44D8DFE8AC
:105E300017F046004C006C0075008D005C015C01A1
:105E40009A00B3009E005C015C01A300AF00B300A8
:105E500043004300B7005C015C01CC00CC00E300D0
:105E6000E300EA00430043005C01EF00FC00000196
:105E700004010B010D010F0111011B0125013C0162
:105E80003E01430043002D0146014401430043000D
:105E900043004300430043004300430043004300EA
:105EA000430043004300430048014A0143004001CE
:105EB0004201FF2F00F00D8140F24451A7E729462F
:105EC000304600F0CDFAC0B9BBE02E68D6F83032CB
:105ED000636096F834322372286890F89F3033B9A3
:105EE000FFF7EAFE2B68DB881844A6F83602B6F8FE
:105EF000363263721B0AA3720820FEF795F9002858
:105F000040F0F58040F2575181E72B6893F8A820C4
:105F100052BB93F82D3123710220EEE72B68D3F8A2
:105F200078226260D3F87C22A260B3F88022A2813A
:105F3000D3F85822C4F80E20D3F85C22C4F81220FB
:105F4000D3F89030C4F816301720D6E72A68D2F874
:105F5000F6316360D2F8FA31A3602B68D3F894303D
:105F6000E3600D20C9E72B6893F8A030D3E73146F2
:105F7000284600F0E1FCA6E7112323715923637141
:105F80000023A3713923E371102323720620B4E7A1
:105F90002B6893F89A30BEE7304600F0BBFC92E7DE
:105FA0002B6893F8A82052B993F8A0203AB193F83F
:105FB0009D20227193F89C30637103209DE793F834
:105FC0009B20227193F89A30F6E72B68B3F80C21E6
:105FD0002271120A6271B3F8A220A271120AE27150
:105FE000B3F808212272120A6272B3F8A030A372C9
:105FF0001B0AE372092080E72B6893F83A2122718B
:1060000093F83B31D8E729463046FDF7C3FF5AE7FE
:106010002B680F21B3F8AA00F9F756FA00F15B01DB
:106020003046FFF7F8F8232067E7304604F030FFEA
:1060300049E7304604F035FF45E72E4B1B68002B3F
:1060400043D140F24951E2E62B4BF7E72B4BF5E702
:106050002B4BF3E72B4B1B68002BF2D023202A4657
:1060600031469847042048E7264B1B68002BE8D0B0
:106070002A4631462420984705203EE7214B1B68DD
:10608000002BDED02A4631462520F4E72B680F216D
:10609000B3F8AA00F9F718FA00F17D0200F15B01EC
:1060A0003046FFF7C4F82B2027E7174BC6E7174BFE
:1060B000C4E7174BC2E7174BC0E7174BBEE7174BB8
:1060C000BCE7174BBAE7174BB8E729463046984765
:1060D000F9E62B68304693F8C722D3F8C812FFF7C9
:1060E00067F82B6893F8C702EDE6012005E703B0D7
:1060F000F0BD00BF10F5032018F5032014F50320B0
:106100001CF5032020F503202CF5032030F5032097
:1061100034F5032038F5032024F5032028F5032067
:106120003CF5032040F503203F289ABF024B53F86B
:1061300020000020704700BF10F303203F289ABFC3
:10614000024B53F820000020704700BF10F40320DA
:1061500030F8023CF7B5B0F8826004460D4673B1E2
:10616000012268468DF80020ADF80160ADF80330DB
:10617000FCF7D4FE18B195216320F8F753FA194BB8
:106180001B6813B1A4F128009847174B1B680BB18B
:1061900030469847832300272B70AF70A5F8036023
:1061A000637AD4F89C006B71F8F7F1FE08B9BA2154
:1061B000E2E739463046F9F79DF902213046F9F712
:1061C00099F918B9094B1B6803B198474FF401734B
:1061D00003F00402002062F307001B0A63F30F20A0
:1061E00003B0F0BD44F5032048F503204CF503202F
:1061F000F7B50568D5F8C06004464FF6FF770DF196
:1062000002010DF101023046ADF80270F8F76BFEA5
:1062100001A93046F8F78CFE48B10198F8F754FF11
:106220002168A83100220272FFF79EFAE7E70449CD
:1062300005F1280003B0BDE8F040FFF78FBA00BFBA
:106240005161030003681A7C073A012A81BF4A782A
:106250005A7407221A74002070470268137C073BA7
:10626000012B84BF08231374704770B50268D57B77
:10627000E5B9CB88D688A2F8D032013B9B1B9BB2F4
:1062800047F6FD76B34206D9282382F83130FFF76E
:10629000AFFF284670BDD1F80130C2F8D2324B7939
:1062A00082F8D63203680A22DA73F2E70125F0E7B2
:1062B0002DE9F74F0646894690460193FFF7FCFC0F
:1062C000D6F8F471044657B90023C8F80030F388B3
:1062D00023449CB2019B1C8003B0BDE8F08F00F00A
:1062E00015FD0028F0D1D6E97632D6F8C8C00CFBEF
:1062F00004FE1EEB030ED7E902130B44D7E9001589
:1063000042F100025B1845F10005734575EB02018F
:1063100014D2BEEB03016FF0010B62EB050A8B4553
:1063200070EB0A0A03D23D215620F8F77BF9386951
:10633000471E3944B1FBF0F1E0FB0135B3EB0E032E
:1063400065EB02056FF001029A424FF00002AA418C
:1063500001D24821E8E7B3FBF9F209FB1233B3FBA2
:10636000FCF291B20CFB1133C8F80030F3881C44E6
:106370001444A4B2AEE70B46822203F8032BD0F8F4
:106380000920C1F80320D0F80D205A60427C1A720F
:106390000023CB70704770B50368DD7B06460C4662
:1063A000002D5BD193F8291106222046FEF70CFF41
:1063B000014628B921783046BDE87040FFF76BBC34
:1063C00032686389D088A2F8D032013B1B1A9BB295
:1063D00047F6FD70834207D9282382F831303046D2
:1063E000FFF706FF284670BDA3886FF450601818A9
:1063F000062895BFA3F5506340F2E2414FF47A704E
:106400004B4398BF4343C2F8D83288BF29466378CC
:10641000C1B103EB830303EB83039B00A2F8D232E9
:106420006388C1B164214B43C2F8D432E388A2F837
:10643000DC322389A2F8DE32002382F8E4320D2315
:10644000D373CFE7C3EB431003EB800303EB83036A
:106450005B009BB2E2E740F2E241E4E70125C1E7DD
:10646000F8B50D6804460F46D5F8440295F8291191
:10647000FEF753FB6FF45062821892B2B5F83E32C9
:106480002071062A4FEA102060718BBF40F2E24271
:106490006422B3FBF2F3B3FBF2F36370B5F8483256
:1064A000A3714FEA1323E371B5F84A3223724FEA1E
:1064B00013236372386890F89F308CBF0026012642
:1064C0003BB9D5F8441205F50F7305F51072FFF7C7
:1064D000EFFEB5F83C32A3721B0AE372D5F84032E6
:1064E00046B16422B3FBF2F3A370C3F30723E37056
:1064F0000C20F8BD40F2E242F4E70B46842203F898
:10650000022BD0F80920C1F80220D0F80D205A60E3
:1065100070470B46852203F8022BD0F80920C1F8FA
:106520000220B0F80D209A807047D4D4F0B504460C
:1065300085B00D46FF2600F8E96C10F8EA3CF3B18F
:10654000174F3B781BB162211F20F8F76BF80C2125
:10655000381DF9F763FB3E70002304F8E93C2A4636
:106560008A2302F8033BD4F80930C5F80330D4F885
:106570000D305360D4F81130936005B0F0BD01A820
:106580000C21F9F74BFBA4F51573039A1A6001ABC4
:1065900003CB44F8F20C44F8EE1C04F8EA6CDBE799
:1065A0002CEF032010B5054C23782BB90C21201DAE
:1065B000F9F734FBFF23237010BD00BF2CEF03203D
:1065C000024690F8FE31BBB990F8FF3103F0FF01AD
:1065D0000BB100207047094B18780028F9D01970CA
:1065E000D968C2F89410043303CBC2F8F601C2F89C
:1065F000FA11FF2382F8FE31012070472CEF0320AF
:1066000038B50368DC7B054634B1113C0F2C8CBFD8
:1066100001240824204638BD1A7D002AFAD0D3F878
:10662000A4302BB9FFF7F5FA2B681122DA73F1E7E2
:10663000BDE838400C220A21FFF711BB38B50268CB
:10664000D37B04460D463BB1132B05D0113B0F2BDA
:106650008CBF0120082038BDD2F8A430ABBB92F823
:10666000523013B92046FFF7D4FA2268D5F80B3020
:10667000C2F8EE31D5F80F30C2F8F2312368D5F800
:106680001320C3F89020B3F8AA20A3F8F122D5F87C
:106690000120C3F8F322D5F80520C3F8F7222368B8
:1066A000B5F80920A3F8FB222368002583F8B85128
:1066B00083F8FE512068084900F53A70FFF72AF880
:1066C00023681622DA732846C5E720460C22BDE867
:1066D00038400321FFF7C3BA2D65030008B50368EE
:1066E000DA7B162A04D040F253211F20F7F79AFFD5
:1066F000012283F851201822DA7308BD0368DA7B7F
:10670000122A03BF13220020DA730220704710B54B
:106710000368DB7B1C2B044606D1FFF78CFA236849
:106720002022DA73002010BD0220FCE708B50368C0
:10673000DA7B112A04D040F27E211F20F7F772FF86
:10674000012283F851201222DA7308BD08B50368CC
:10675000DA7B182A04D040F28A211F20F7F762FF63
:106760001C22DA7308BDD4D410B50368DA7B202A62
:10677000044604D040F29D211F20F7F753FF93F801
:106780005220B3F8AA00002183F8511082B1C3F857
:10679000C31183F85210A3F8C7110D49A3F8C4011F
:1067A00003F5DD70FEF7B6FF23680022DA7310BD33
:1067B0000121A3F8B30183F8B51183F8B22105498B
:1067C00083F8B921A3F8B62103F2A910EAE700BFC4
:1067D00013650300FB6403003E230B700C234B7016
:1067E00004238B70D0F80930C1F80330D0F80D3095
:1067F000C1F80730B0F81130A1F80B30C37C4B73EF
:106800007047D4D438B5046894F8A8501DB9E37B18
:1068100023B101201AE02368DB07FAD4D1F8012064
:106820000D4BD1F8051013400C4AC4F86230C3F385
:1068300007630A4043F00803C4F8662084F8653013
:10684000FFF7E7F91DB90423E373002038BD23687F
:1068500043F001032360F8E72FC904F76FDB0080E2
:1068600038B503689A7B042A34D1D1F80120D1F8D5
:106870000550C3F86220C2F3076242F0080283F8B1
:10688000652000229A7383F84A200268C3F8665094
:1068900092F8A8204C1C0AB983F83F2193F84021B4
:1068A000B2B993F88B2102F0FF008AB9B3F8AA209D
:1068B00083F88C01A3F88D21D1F80120C3F88F2132
:1068C00062680549C3F8932103F28310FEF722FFA3
:1068D000002038BD0120FCE7D9670300036893F866
:1068E000402112B1094B1B68184793F88B215AB904
:1068F000B3F8AA20A3F88D211A22054983F88C2128
:1069000003F28310FEF706BF704700BF50F5032067
:10691000D967030010B50446FDF736F9044A054B64
:1069200002400B40C4F80120C4F80530092010BD16
:106930002FC904F76FDB008037B50C460568FDF7FB
:1069400023F90A4A0A4B0A4095F862100192034063
:1069500000930B408DF800306B4603CBC4F8010068
:106960000920C4F8051003B030BD00BF6FDB008004
:106970002FC904F708B503689A7B1AB1CF211C20F0
:10698000F7F750FE04229A7308BD08B5036893F820
:10699000A82032B9DA73A3F84E20BDE80840FFF70B
:1069A0004AB91A68D10703D4DD211C20F7F73AFE53
:1069B00022F001021A60F0E787230B7030F8A63C42
:1069C0004B807047036893F8A8109A7B49B9052A51
:1069D00001BF002283F83E2083F84A209A730020EA
:1069E00070470F2AF4E738B5046894F8A85045B901
:1069F000E37B4BB9FFF70DF945B90223E3730020A0
:106A000038BD23685B07F5D50120F9E7236843F01B
:106A100004032360F3E7036893F8A8201AB11A6807
:106A200022F004021A60FFF706B908B503689A7BE2
:106A30001AB172214B20F7F7F5FD93F8A820002A30
:106A400014BF0F2205229A7308BD10B5D0E90D427C
:106A5000A24206D30B8DC98E05334B43121B9342C2
:106A600002D3012380F83E3010BDD4D438B5DB0406
:106A7000154604D5037D13B10023436338BD446B31
:106A800001344463FFF7E1FF836B9C42F6D300239C
:106A9000436303492846BDE83840FEF783BE00BF84
:106AA000B96903000C230B7008234B7000238B7013
:106AB000B0F85630A1F80330437A4B714389CB804C
:106AC00083890B817047D4D470B50468A37B94F894
:106AD000A860012B054607D01EB9E37B23B1012036
:106AE00038E023689807FAD494F853309A0713D4FF
:106AF0004A7884F85D204A88A4F85E208A88A4F841
:106B00006020D80743F0020284F853200FD51649BD
:106B100004F15400FEF746FE94F85330D90710D420
:106B2000CEB9E37B43B153214020F7F77BFD94F8C6
:106B30003E31002BEBD1EFE70123E3732846FFF74B
:106B400068F8A37B012B4FF0000304BFA37384F804
:106B50004A30002070BD23689A0701D55821E3E729
:106B600043F002032360E9E7A56A030010B5046857
:106B700094F853309A070CD4A37B1BB177214020A3
:106B8000F7F750FD0122A27384F84A20A4F846309A
:106B900010BD94F8A8303BB9E37B0BB9FFF74BF875
:106BA000002384F83E31F3E723689B07F8D5FFF70D
:106BB00042F8236823F002032360F1E770B505680B
:106BC000044604F03BF9054BE8721B6801461BB113
:106BD0002046BDE87040184770BD00BF58F503203F
:106BE000024B1B6803B11847704700BF54F50320E0
:106BF00010B50B794C790A68012843EA042108BFD3
:106C000041F48031104610BDF0B51F4D2B780024A3
:106C100014709BB1013B6D68DBB21E1B012E0FDCB3
:106C200005EBC40655F8347076688E4208BF87427B
:106C300027D0B84271EB060612D214700020F0BDC6
:106C40001E19771005EBC70E55F837C0DEF8047033
:106C50008445C6F347068F412CBF33463446DCE7F4
:106C600005EBC30455F8335064688C4208BF854275
:106C700006D0A84271EB040428BF01331370DDE78E
:106C80001C4614700120DAE74CEF032010F00702D5
:106C900008B503D063214820F7F7C4FC18B1034BB3
:106CA000197258601A70C80008BD00BF4CEF03206D
:106CB000014B00221A7070474CEF0320014B187AE9
:106CC000704700BF4CEF032007B5FFF791FF0DF1B0
:106CD0000702FFF799FF03B05DF804FB90F8383026
:106CE0000BB90020704790F83830012BF9D090F89C
:106CF0003800073818BF0120704790F83830012B52
:106D0000DAB201D0FFF7EABF10467047024B18799C
:106D1000003818BF012070475CEF032030B50D4AE2
:106D2000FF231371D0E9065373B1D0E902140C4468
:106D3000D9689D612144D960816939B1CB61002353
:106D4000C0E90633137130BD1560F5E7002BF6D0AE
:106D5000D960F4E75CEF032010B5124AFF231371EA
:106D6000C16189B91368836103B1D8611060C169D9
:106D70000023C36099B1CB687BB18468A3420AD277
:106D800030213720F7F74EFC8B6988618361002B37
:106D9000EDD0D861EBE71B1BC3600023CB60002361
:106DA000137110BD5CEF0320034B1B68002003B977
:106DB000704718469B69FAE75CEF03200B4B0022F3
:106DC0001B6830B504464FF0FF35104623B911B9A2
:106DD000002808BF104630BDDA68A24203D3AA4299
:106DE0003CBF154618461A469B69EFE75CEF032047
:106DF00030B585B01546089BC01A099B61EB0304AA
:106E0000002C214602DA404264EB440103AB0093BC
:106E10002A4602AB09F0FCFA002C039801DA00B113
:106E2000281A05B030BDD4D470B50F4CFF232371A0
:106E3000036A1BB181689D68A94203D2E52137200E
:106E4000F7F7F0FBC2698669DA619E6152B193611E
:106E50009A691AB1D361C26811444A1BDA600023EF
:106E6000237170BD2360F3E75CEF032007B50023B7
:106E700001A8019309F0D8FC019810F0030018BF95
:106E8000012003B05DF804FB10B5FFF7EFFF002809
:106E900014BF1424002409F0A1FC404200F01400A7
:106EA000204410BD73B50C46B1F805101A290546EB
:106EB00021D9B4F80730B3F5A47F1CD3B4F801206E
:106EC0001A2A18D9B4F80340B4F5A47F13D3006884
:106ED000009400F1A806E830FEF718FD30462C6853
:106EE000FEF733FD10B9012002B070BD04F2591055
:106EF000FEF78CFDF7E70020F6E708B503689A7BFC
:106F00001AB12621A320F7F78DFB21229A7308BD21
:106F100038B50568AB7B213B022B04460BD8FFF745
:106F2000C1FF18B12068062100F074FF002085F829
:106F30004A00A87338BD0120FCE702681368D9062F
:106F400010B5044603D4B821A320F7F76BFB9906CC
:106F500001D5B921F8E723F010031360FEF76BFEAB
:106F600020680621BDE8104000F054BFFF230B70DD
:106F7000074A0D234B7082238B701368C1F80330CE
:106F80005368C1F807309368C1F80B30704700BFF1
:106F900062EF032002481622002109F0D9BA00BF8F
:106FA00062EF0320F8B51C4D6B7D04469BB390F84F
:106FB000A83023BBD0E97676FFF766FF94F820214E
:106FC000164B33F8123066304FF47A7203F23F6397
:106FD000B3FBF2F3DB1946F100061B18B4F8AA2044
:106FE0002A8046F100066B60AE60E3886B8005F195
:106FF0000C000B49BDE8F8400222FEF7C7BB4B0668
:1070000009D5B0F8AA302B80D0F878326B60D0F870
:107010007C32AB60E9E7F8BD62EF0320D4EA0400FC
:107020006D6F030038B5054605F058FA00F55F436B
:1070300041334FF47A72B3FBF2F4FFF725FF033DBF
:1070400000F1BE03012D8CBF0020282023441844EA
:1070500038BD10B5044690F87900FFF7E3FF012230
:1070600001462046BDE81040FEF751BD094B53F8DC
:10707000203070B503F523430C461646A1334FF478
:107080007A72B3FBF2F505F021FA34442C44204423
:1070900070BD00BFC0EA04002DE9F04F8FB09A46E2
:1070A00000230A9390F821310793044688460692FC
:1070B000FCF7A8FD814694F82B01FDF743FD8144C0
:1070C000FFF7E2FEE37B472B1FFA89F900F1600628
:1070D0003FD00D2B3DD0A37BA3F147014B424B4149
:1070E0000393069B002B7CD1637B032B79D1039BFD
:1070F000002B62D0B4F8D03243455ED1D4F81832B8
:10710000C4F80832D4F8C830B4F8EC21C4F80C3212
:10711000B4F88A321344C4F81032204603F0DCFD80
:1071200094F829513DB1D4F8D85241F64B539D42C1
:107130008CBF0025012594F8E43263B9D4F8C82047
:10714000D4F8D8329A421ED0B4F8AA0003F0BFFE99
:1071500019E00123C4E7B4F8AA0003F0B5FE20B992
:1071600040F242713020F7F75DFAB4F8E032A4F84B
:10717000DE30B4F8E2328381B4F8D03243810025A6
:10718000013B0382C58194F82A31002B5DD1002D8B
:107190005CD1D4F8D432C4F8D830B4F8D232A4F8E0
:1071A000DC30D4F8D832C4F8C830D4F8DC32C4F8B3
:1071B000D030022384F82A516373A17B292954D04B
:1071C000A1F12C0251425141E27B292A00D041B168
:1071D000B4F8D032A8EB03031B0402D4204602F01B
:1071E00053FFB4F888B294F821310893A8EB0B0B45
:1071F0000FFA8BFB04F51673BBF1000F0493BFBFAE
:10720000D4E99C23C4E9A023002384F82B32B8BF1F
:107210000123E788B8BF0493D54BA8BFCDF810A0D1
:10722000A8EB07071B783FB2B8BFBB4613B106F007
:107230002BFAE0B90025637B032B00F22582DFE8FF
:1072400013F081009B01DA00BF013DB14FF04D13F7
:10725000C4F8E0300023A4F8E4309AE74FF0961326
:10726000C4F8E030A4F8E45093E70121ACE7B4F8A7
:107270000032012BDED9637B022BDBD094F82A325B
:10728000002BD7D194F82A31002BD3D194F82B01BD
:10729000FDF758FC637B00F5C869012B1FFA89F9DB
:1072A00041D1A37CD4F8D850032B34D1D4F80C327C
:1072B0002B444946D4F80C02099306F0A9F9D4F8F6
:1072C0000852099BD4F81022C4F80802451B49460D
:1072D0001846554306F09CF9D4F81432C4F8140249
:1072E000C31A4946D4F8C8001D4406F091F9B4F811
:1072F000EC31D4F810223B44A3EB0B039B1AD4F8D7
:107300001822013B821A02FB03550123C4F818021C
:1073100084F82A328FE794F8211194F8E501FDF7FB
:10732000C1FB4319C5E7D4F8C800494606F070F917
:10733000B4F8EC51D4F818323D44A5EB0B05C31A50
:107340005D43E2E794F8211194F8E501FDF7AAFB0B
:107350000746D4F8D8004946384406F059F949465A
:10736000C4F81402D4F8C80006F052F90BA9C4F806
:1073700018020CA804F046FF0B9B0093D4E9A0016F
:10738000DDE90C2306F026FA814604F1A800FFF798
:1073900060FED4F88C3294F82101D4F8D8B00A9366
:1073A00005F09CF80A9BD4F81412203B5B445B1A4E
:1073B0009B1B3B44A3EB090300F523404FF47A7277
:1073C000A130B0FBF2F01B1A0A93B4F8DC3094F849
:1073D00021013031324603EB4101FFF747FED4F87B
:1073E0008C220A9B9B1A2230DA2BC4F81C025CD830
:1073F00040F2C741B6E6D4F8D830D4F80C0249467A
:10740000184406F005F94946C4F81402D4F8C80037
:1074100006F0FEF8C4F8180204F1A800FFF719FE00
:10742000D4F8D830D4F80C721F44B4F8EC31002BE7
:1074300040F09A80BAF1000F00F0968094F8210194
:1074400005F04CF8D4F81412D4F8783294F82121CD
:107450007F1A203F1F44D4E99CBC464B53F822209E
:10746000A7EB0B074FF47A7302F2E732B2FBF3F2A9
:107470001744BF1B00F52340A130B0FBF3F03F1AC7
:10748000D4F80832D4F8102294F821010A9702FBAC
:107490000311B4F8DC30303103EB41013246FFF721
:1074A000E5FD0123C4F81C0263730A9BD4F818227B
:1074B0005B1BD4F8C8500A937E3DAD1AD4F81C2249
:1074C000AD1B954228BF1546002284F85822D4E906
:1074D000A021D21841F10001C4E99A21C4F8E85171
:1074E00004F1E800FEF7DDF9042384F86132D4E901
:1074F0009A232844C4E9A023C4F85C02A4F8888233
:1075000002F004FF20B1D4F85C321E33C4F85C32C0
:10751000B4F8D831A3EB08031BB2002BD4BF002270
:107520000122520084F86022039A002A40F0AF80C2
:10753000BAF1000F40F0AE80637B002B00F0C780F3
:10754000D4F8C810D4F8183204F51670C91AFDF72B
:1075500059FA80B2002800F0BA80189B03B1188055
:1075600001200FB0BDE8F08FD4F814127F1A87E71E
:1075700078EF0320C0EA0400D4F81802D4F8C83029
:10758000B4F8EC21D4F810121B1A0BFB03F30A9386
:10759000D4F814323A44D4F80872521A3033013A0B
:1075A00007FB0133B4F8DC1000FB023301EB4301AD
:1075B00094F821013246FFF759FDC4F81C0274E724
:1075C000D4F8C83003FB0BF30A93BAF1000F1CD0B8
:1075D000B4F8EC21CAB984F82B22D4F81892B4F884
:1075E000ECC109FB1B3E049BCDF828E073B3BCF152
:1075F000000F2BD1D4E99E32D4E99C01984271EB63
:10760000020208D340F20E51ACE594F82B22002A76
:107610007FF44BAFE1E70799364A52F82120D4E9CD
:107620009C01CDE904010498203B1B1A02F2E731CA
:107630004FF47A7B02F52342B1FBFBF10B44A132FC
:10764000B2FBFBF29B1A9B1B73440A93674409FB32
:1076500007F730377F00089832463946FFF706FDB6
:10766000C4F81C02D4F8C80041F64B5398423FF6C8
:107670001CAF0AAB0093324604F507733946FDF799
:1076800037FA84F82B0210E740F226516AE5BAF186
:10769000000F1CD0B4F8000218B3B4F8021294F82A
:1076A0000422A4F8021201FB0222904201F101051A
:1076B0000DDD002B0BDD002384F86032A4F80252AC
:1076C000FEF744FA00F00700013084F8040204F5E4
:1076D000167104F50C7007F0BBF920B940F2765131
:1076E00040E50146DBE7069B83F0010384F828327E
:1076F000002036E7C0EA0400F0B5044685B018B9AA
:10770000A5213020F6F78EFF052900F2CB80DFE8B7
:1077100001F003C42A25C9BF90F82832C288A3B15A
:10772000B0F82632934208BFB0F8DC319A1AA0F8BC
:10773000DE21E380D4E99A232046C4E99C2302F0A9
:1077400037FD94F84C3005B0F0BDB0F824329B1AE8
:10775000A0F8DE31B0F824329BB2EAE705B0BDE80C
:10776000F04004F059BD06F02BF8D4E99C23801AB0
:1077700061EB0301012871F1000302DA40F20161BB
:10778000BFE76FF0010383424FF000038B4102DA41
:1077900040F20261B5E7D4F8C8300BB1B0FBF3F3A7
:1077A000E07BB4F8262247280ED0A17B4639012978
:1077B0000AD90D2808D0E1880B449BB2D11A0D04D8
:1077C00043D501339BB242E00132A4F82622B4F83B
:1077D0008A32E588344F0133A4F88A32B4F8423053
:1077E0001D44B4F84030013DED1AADB203AE3B6824
:1077F0005BB1B4F826120139002289B220469847BD
:10780000B4F826321844A4F82602B4F826126B1AEB
:1078100018042CD4002300961A462046FFF73CFC9F
:10782000012890D1B4F82622B4F8D811BDF80C3054
:107830001344521A12049BB204D5EA1A12F4004FF0
:1078400018BF0B46A4F82632D1E7013293B2A4F850
:10785000263294F82932002BB9D1B4F8DC31B4F8CF
:107860002622934204BF0133A4F82632AFE7A37C5B
:107870000394002B14BF08233E23304684F8313094
:10788000FEF7B6FC204602F049FD002363735AE779
:1078900005B0BDE8F040F9F779B9437B042BF4D08B
:1078A000C6212EE7CB212CE75CF5032013B500237E
:1078B0004373A0F888321A46009319460446FFF72E
:1078C000EBFB20B140F2E7113020F6F7ABFE0123CD
:1078D0006373C4F81002C4F80802A4F82602A4F8DE
:1078E000240284F82902E388A4F88A02013BE38099
:1078F00002B010BD2DE9F8430E46044618B9D32155
:107900003020F6F78FFE052900F2A780DFE801F0AE
:107910000376413DA52E06F0A1F8C4E950012046AA
:1079200001F0A2FED4F83401CB3805F04BFF20461D
:1079300001F016FD054600BB0146204601F07BFB29
:1079400000F1E506D4F83401B04209D2301A3228E9
:1079500038BF3220032106F051F860B105F036FF40
:10796000C4F83461204601F095FE45B12046BDE8DB
:10797000F84301F090BE0125F2E70025F2E7D4E9D3
:107980005023C4E94A23BDE8F883BDE8F84304F076
:1079900043BC01F076FB042384F8393181468846E4
:1079A00005F00EFF07220F46A9FB023102FB08116A
:1079B000D4E94A525B1941EB0205D4F810213AB1DF
:1079C00059EA080204D0984277EB050228BF012645
:1079D00084F83861D4E95226121A66EB070694F847
:1079E000581139B9012A76F100010BDA204601F06D
:1079F00055FE03E0012A76F10006F7DB002384F848
:107A00005031C0E7984277EB05010FD259EA0808D8
:107A10000CD01B1A65EB07019A4276EB010005DBDF
:107A2000012B71F10000A4BF1A460E460C49012338
:107A3000914284F851314FF0000384F83031B34162
:107A4000B8BF0A4604F1E80004F5987107F0ACF8F5
:107A5000002898D140F2B26152E7EF2150E700BF11
:107A60000040420FF8B50D46D0F810110023D0E9C0
:107A7000506780F81431044681F8E52180F85031D0
:107A8000D0F81001FDF7FAF8D4F81001C0E99C67AE
:107A9000C0E9A067C0F88C52FFF708FF04F002F9B4
:107AA000BDE8F84006F0BABFD0F810017047D4D452
:107AB0002DE9F84304460E46154690F8503103F080
:107AC000FF07002B40F0948000F1E8083946782247
:107AD000404608F03DFD47492246404606F0B2FFC9
:107AE000C4F81061FF2384F8503166B1FEF746F800
:107AF00000F00700013086F804023F49324606F5DF
:107B00000C7006F09FFF40F202434FF00009A4F80A
:107B1000383184F8309105F0CDFD00F19E06204605
:107B200001F01EFCB6B20146C0B3FCF76BF800F1E1
:107B3000280189B2284605F06BFD2844C4F83401B9
:107B400005F03EFE301841F10001C4E9500101206A
:107B500084F81401A4F8269001F09EFEE53D2D1A4C
:107B6000C4F818514FF0FF356FF00041D4E95023AD
:107B7000C4E952510025C4E94823C4E94A2384F8E2
:107B8000515142F2107204F59871404607F00CF81A
:107B900038BB40F2B9113020F6F744FD204601F021
:107BA0004AFADFF85890E530C4F83401B9F8020019
:107BB00048B1E08C38B1FDF7E1FFB9F80230B0FB15
:107BC000F3F202FB1300064405F0FAFD361841F10A
:107BD0000001C4E95061002DC4D0AD1941F100018C
:107BE000C4E72946204601F085FD3846BDE8F88304
:107BF0000C27FAE7F5780300F976030078EF032005
:107C000038B5044690F850319BB1FF2380F85831C5
:107C1000012101F06FFD94F8503153B104F1E805F2
:107C2000284605F085FE284605F096FE002384F8D8
:107C30005031002038BDD4D4F0B5002385B0CDE953
:107C4000003303238DF806306846F7F777FC88B1D8
:107C5000114E012333710023CDE9023302238DF845
:107C60000E3002A8F7F76AFC044638B100233371DE
:107C700005B0F0BD0098FFF7C3FFE5E7029D6B7B01
:107C8000002BEED005F50C77384605F051FE38464E
:107C900005F062FE6C73E4E778EF0320054B0022E9
:107CA00001215A7119701A7142F210725A80FFF74D
:107CB000C3BF00BF78EF032008B590F8582142B940
:107CC00090F8142142B1D0E94631994202D901F02D
:107CD000E5FC0022104608BD0122FBE708B503F0D1
:107CE000C9FC044B9A6882422ABF1879002080F0B0
:107CF000010008BD78EF032010B50446FFF7C4F873
:107D0000226A236C9A4228BF1A4600F5C1711046B8
:107D1000FDF706FFB0F5296F28BF4FF4296080B248
:107D200010BDD4D4F0B5044685B090F84C3003F0C3
:107D3000FF05002B6AD1437B032B67D105F040FD83
:107D4000D4E99C23801A61EB0301012871F100033F
:107D50005CDB6FF00103834275EB010104DA40F252
:107D6000AA513020F6F75EFCD4F8C820E3880AB1A7
:107D7000B0FBF2F2013313449BB2A4F82432B4F8FE
:107D80002422B4F8DC319B1A1BB2002B3EDD04F533
:107D90000C7005F0CDFD002838D0FF2384F829327F
:107DA000B4F84230E5881A4E1D44B4F84030013D25
:107DB000ED1AADB20DF10E0733686BB1B4F82412B1
:107DC0000139002289B220469847B4F8243210FACB
:107DD00083F39BB2A4F82432B4F82432EB1A1B04C8
:107DE00014D4B4F8241200970023012289B220464B
:107DF000FFF752F9012809D1B4F82432BDF80E205A
:107E000012FA83F39BB2A4F82432D5E705B0F0BD93
:107E10005CF503202DE9F3470446062900F20481AE
:107E2000DFE811F0070086007500830089008E00EE
:107E3000FC00D0E99C01D4E99E23904271EB03033E
:107E400054D294F82A32002B50D0637B032B4DD1AF
:107E5000FFF71AF894F821A18146FBF7D3FE0646F6
:107E600094F82B01FCF76EFE064494F82B01FCF706
:107E700069FED4E99C23D4F87872D4F8E85180469E
:107E80005046BF1A04F022FB694A52F82A20A5F195
:107E9000600302F52342A1324FF47A71B2FBF1F292
:107EA0009B1AA3EB09031B1A09F1890909EB530972
:107EB000B6B2603B08F5C86873431FFA88F8B3FB95
:107EC000F8F360335A08A9EB53039F4202D391445D
:107ED0004F4501D905F0DEFBD4F8C800314605F066
:107EE00097FB0023C4F8180284F82A32514B1B79FF
:107EF00003F0FF025BB90092B4F8DC1101232046C5
:107F0000FFF7CAF828B140F2CE6130202AE00423FE
:107F1000637303F0C7FE06F081FDE288A4F8262211
:107F20000023A4F88A3284F8293202B0BDE8F08731
:107F300003234373F9E703F0A5FBC4E99E01F4E7CB
:107F400000F1A8081121B0F8AA00F7F7BDFA00283F
:107F500062D094F82131022B5CD005D8012B08D0D7
:107F6000DC21B420F6F75EFB033B012BF8D81E3072
:107F700000E00A30858894F82101DFF8B890C31E2C
:107F8000012B8CBF00272827FFF74CF86E30A84242
:107F9000D4F8182234BF2B1A0023D4F8C8509918EB
:107FA0008D4284BFAD1AED1A99F8053007F1DC0750
:107FB00098BF002523B9D4F8E8309D4228BF1D465C
:107FC00004F1E800D4F8E861FDF76BFC06440220F8
:107FD00005F0E8FCAD1B25EAE575854228BF05469E
:107FE0000221284605F00AFD10B105F0EFFB2E44F2
:107FF00001233A4631464046FDF778FDD4F8E83192
:10800000C9F80800D4F8C800184402B0BDE8F04729
:1080100005F0D8BB1430ADE79625ACE7A83002B028
:10802000BDE8F047FFF715B840F29C716DE700BF5F
:10803000C0EA040078EF0320012A70B506460D4619
:1080400014460BD0022A0ED08AB903F013FB224645
:1080500001462846BDE87040FFF704BD03F00AFB67
:10806000C6F88C0270BDD0F88C120122F1E740F204
:10807000C3713020F6F7D6FA70B5044621B1012954
:1080800078D040F2D37172E000F0FBFF94F85131E8
:1080900005460E46DBB150EA010318D0D4E9483258
:1080A000D4E95001C01A61EB020133462A4608F0B8
:1080B000BBF905FB01F300FB0633A5FB00021344EB
:1080C000D4E94821121843EB0103C4E94823E08CAA
:1080D00030B1FDF73BFDE38CB0FBF3F202FB130084
:1080E000D4E94832ED1846EB02062D184FF0000394
:1080F00046F1000640F20242C4E94856C4E950562F
:1081000084F83031A4F8382184F8513194F858318A
:1081100003F0FF01DBB9D4E952026FF000439A4249
:1081200008BFB0F1FF3F18D02046D4E9505600F008
:1081300082FFD4E95232E5305B1B62EB06021B1A68
:1081400062F10002002A08DA204601F0A7FA03F0E3
:10815000A9FDBDE8704006F061BC04F5987104F11A
:10816000E80006F075FC0028F1D14FF4E061302002
:10817000F6F758FA002380F81431E8E790F8500138
:10818000003818BF012070470B46812203F8032BEB
:10819000B0F80920A1F80320C27A9A7070470B4604
:1081A0008C2203F8032BD0F80920C1F80320D0F863
:1081B0000D205A607047D4D4044B1A78012AD0B2EB
:1081C00003D01878831E58425841704784EF03202B
:1081D0000D4B33F811300239C9B2022910B598BFDE
:1081E0000A4C4FF47A7203F2E733B3FBF2F300F177
:1081F000FF3298BF34F811104FEAC21288BFF02145
:10820000134400FB013010BDD4EA040098E90400D7
:10821000F0B5D928054628BFD9253035BDF81460FA
:10822000ADB2FF2D06F0020728BFFF2516F00106AC
:10823000044601F5A57023D11FBB002B00F0CB80B5
:10824000911EC9B202299ABF7F4D35F8111040F630
:1082500048010844D92C40F28380D93C951EA4B231
:10826000EDB2F721002B00F0D680022D04F1F604C8
:10827000B4FBF1F400F2CC80744B33F815306DE0B0
:10828000EFB1911EC9B202299BBF714D05EB4101AF
:108290004FF41471C9880144D01E012839D801F661
:1082A00014409830002E3CD0023AD2B2022A9BBF32
:1082B000674B03EB4203C0235B8A184450E053B181
:1082C000911EC9B202299BBF614D05EB410140F6E9
:1082D00048018989DFE7032A06D1691D09B24FF4F5
:1082E000C87505EB8111D6E7042A06D1691D09B2CC
:1082F0004FF4BF7505EB0111CDE7022A0BBF05F165
:108300000B0105F10A0109B209B20CBF8900C900CD
:10831000C1E7022A14BF4FF4B070B4209C31084466
:10832000BFE7F3B1911EC9B202299ABF494D35F892
:10833000111040F64801D92C084411D9D93C951E9A
:10834000A4B2EDB2F72163B3022D04F1F604B4FB3D
:10835000F1F45DD83E4B03EB45031B8B03FB04009C
:10836000F0BDF12C214628BFF121032A06D113319B
:1083700009B24FF4C87505EB8111DCE7042A06D178
:10838000133109B24FF4BF7505EB0111D3E7022A8F
:108390000BBF1931183109B209B20CBF8900C900ED
:1083A000C9E7022DB4FBF1F3DBB23BD82A4931F81F
:1083B000151001FB0300C3EB4311C3EBC103E41A27
:1083C000A3B2002BCCD00833032A9BB22DD19B0142
:1083D00003F21A4371E7032A07D105352DB24FF492
:1083E000C87101EB8515284434E7042A06D1053508
:1083F0002DB24FF4BF7101EB0515F4E7022A0BBF54
:108400000B350A352DB22DB20CBFAD00ED00EAE7F9
:1084100040F69213A2E7022DB4FBF1F3DBB201D8D0
:108420000E49C4E740F69211C3E7042A03D11B01A9
:1084300003F5467341E7022A0BBF9B00DB0003F5FF
:10844000BB7303F5CD7338E7A4E90400B0E9040079
:1084500098E90400A4E90400B0E90400B0E90400CC
:1084600010B5294B5A6AD2F80F30C0F8CC30537D82
:10847000117D1B0443EA0123D17C0B43C0F8D430A7
:10848000B2F819306FF45061591806298DBF40F2C7
:10849000E241A3F550634FF47A714B4396BF4B43CF
:1084A0000021012180F82A11C0F8C830937DF9B16C
:1084B00003EB830303EB83039B00A0F8DC30B2F8EB
:1084C0001730F1B164214B43C0F8D830B2F81B30FB
:1084D000A0F8D030B2F81D30A0F8D23092F8243095
:1084E00003F01F025B0980F8232080F82B3110BDB8
:1084F000C3EB431403EB840303EB83035B009BB2E6
:10850000DBE740F2E241DEE784EF0320074A03465F
:10851000506AD3F86920C0F80320B3F86D20A0F8A2
:10852000072093F86810FCF7D7BC00BF84EF032046
:108530008B88F7B513F0180506460C461FD108685E
:1085400020B940F2EA312D20F6F76CF801F074F909
:10855000217C677CFFF73CFEA388009301462B46F5
:108560003A463046FFF754FED4E90223BB3082423C
:1085700073F100032CBF0120002003B0F0BD0120E7
:10858000FBE738B50B46882203F8032B0C4600F1B5
:108590000902293052F8041B43F8041B8242F9D126
:1085A00012781A70A5880123A37102212846F6F7D4
:1085B0008BFF58B1E3784BB102212846F6F79AFFBA
:1085C00020B140F233212D20F6F72CF838BDD4D459
:1085D000D0F8803073B50BB101221A604388DB07F5
:1085E00027D50023CDE90033134E056A02238DF809
:1085F0000630FF2333776846F6F7A0FFC8B9009C22
:10860000A542F8D095F8B32094F8B30005F1B4036F
:1086100004F1B401FBF76EFE0028ECD094F8AC3006
:108620003377D4F8AD30C6F81D30044BB4F8B12020
:108630009A8002B070BD00BF84EF0320A1EF032039
:1086400038B5084D044600F169010623686A002226
:10865000FCF724FD94F86810686ABDE83840FCF720
:108660003BBC00BF84EF032070B504460D461730B5
:1086700019461646FCF78EFB84F8205184F82151E8
:10868000FF2384F82231E91E01298CBF002101213A
:1086900004F1E800FDF741F9314604F1A800FCF7C8
:1086A0001DFA94F82A31002B14BF4D239623A4F809
:1086B000E230A4F8E0300023A4F8E43070BDD4D454
:1086C00070B504460E466588407F15F004011346D8
:1086D00018BF04F177013246FCF7A8F841070546B8
:1086E00021D4C2070BD5012384F86830607FFCF7E2
:1086F00035F90368C4F869308388A4F86D30AB0796
:1087000001D4012070BD094B586AD4F8773001219B
:1087100084F87610C0F80930B4F87B30A0F80D303A
:10872000FCF7E3FBEDE70020ECE700BF84EF03205C
:1087300010B50446084694F8D8306BBB237884F80B
:10874000D930082904F1DB0216D004F1DA01FCF774
:1087500039F820B94FF477612D20F5F763FF94F8CD
:10876000DA3043F0020384F8DA3004F1D0000B4928
:10877000BDE81040FCF7CEBF094B586A034613F81A
:10878000031BC1F3801184F8DA10D0F80310C4F889
:10879000DB109B889380E8E710BD00BF9F8103003A
:1087A00084EF032070B504460E461546FBF7AEF97C
:1087B00098B9237884F8C030637CA4F8C16084F849
:1087C000BF500BB194F8483084F8C33004F1B600C0
:1087D0000249BDE87040FCF79DBF70BD218C0300CD
:1087E00038B5B0F848301B4D0133C3F30E03A0F881
:1087F00048302B7B04462BB103F006FC02F0E2FB71
:1088000000232B7300232B7094F889302BB10121A6
:108810002046BDE83840FFF72FBC637CC3B1B4F8F5
:1088200048209A4214D301212046FFF725FC638893
:10883000DB0748BF236A204644BFB3F8AA1043228F
:10884000BDE838405CBF43224FF6FF71FFF7AABF77
:108850000021DDE784EF032010B5FFF7ADFC064CE7
:1088600028B1237B1BB103F0CFFB02F0ABFBA06A66
:10887000BDE81040FFF7B4BF84EF03202DE9F041BD
:108880000746FFF799FC054620B940F682412D20A6
:10889000F5F7C8FE214CA26A166A0EB196F8296156
:1088A0001FB3616A11F8097B02F16903F80992F8B4
:1088B0006820FBF71FFDC0B1606A3146FCF73DFB45
:1088C00098B1A56AFFF778FC10B940F65C41DEE785
:1088D0002378E26A03F180435269013B284652F84B
:1088E000233007F00F0198470546237B1BB103F0A7
:1088F0008BFB02F067FB7DB1A06AFFF7DDF930B1B9
:1089000003F032F9E36ABDE8F0419B681847A06ABA
:10891000BDE8F041FFF764BFBDE8F08184EF0320BC
:10892000074A0346906A03B909B9FFF759BF13789C
:10893000D26A03F180431269033B52F8233018478F
:1089400084EF03202DE9F043032985B0054617463F
:1089500007D14388980723D40024204605B0BDE8FA
:10896000F083428890F88830D107DBB2F4D5002B31
:10897000F2D14FF00108DFF8D49099F80C60C6B13D
:10898000FBF738FF0828387016D002AA0DF107014E
:10899000FBF718FF38B940F6F7612D20F5F742FED6
:1089A0004FF00208E7E79DF8070002A9FEF78CF9EF
:1089B00006463B78082B08D1D9F8241011F8030B90
:1089C000C0F38010FEF780F90646D9F8241095F818
:1089D0006F2011F8030B05F17003C0F38010FBF753
:1089E00089FCD9F82410044611F8030BC0F3801059
:1089F000FBF7DEFE8146FBF7C3FF40B1B9F1080F7C
:108A00001BD04846FBF7F0FD80F00103D8B23A785E
:108A1000082A14D01CB96C7FA21A544254416A88A7
:108A200053079AD4002897D176B9EC7C444518BFF7
:108A3000002C0CBF012400248FE70020E7E780F022
:108A400001022240D4B2EAE7344686E784EF0320ED
:108A500070B50D46044691F82911D5F8C8001646A0
:108A6000FCF75BF8B5F8D030A4F8AE30B5F8D230EA
:108A7000A4F8AC00A4F8B03095F82B3184F8B230EB
:108A8000237F04F1A00273B394F86830012B2AD13C
:108A900094F86E3003F0C003402B24D1D4F8693031
:108AA000C4F8A030B4F86D309380236A93F8AC20FA
:108AB00084F89920082E03F1AD0004F1A601D3F843
:108AC000AD3004F19A0219D0C4F8A63083888B80A7
:108AD000304604F19901FBF775FE40B940F6E231EA
:108AE0002D20F5F79FFD0023C4F8A030DCE794F8B3
:108AF000993043F0020384F8993070BDC4F89A307D
:108B0000838893800023C4F8A6308B80F5E7D4D403
:108B10002DE9FF4108230DF10702052104468DF8D8
:108B20000730FFF70FFF054620B90025284604B09F
:108B3000BDE8F081F9F7D2FE06460028F5D1344FA2
:108B4000216A7A6A91F817C010460DF1080810F8EA
:108B5000033BC3F3401303EA0C03CB75D2F8033095
:108B6000C1F8AD308388A1F8B1301146D4F820C0E7
:108B700011F81F3BC3F380138CF8AC30D2F81F0000
:108B80000B79029060468DF80C30FFF769FC94F980
:108B90001220206A43460121FFF766FD216A84F80E
:108BA0009560B1F8AA30A4F89630FF2384F8B3306A
:108BB0004FF6FF739DF80720A4F8B4302046FFF766
:108BC00047FF144904F18C00FCF7A4FDFAF79EFF5F
:108BD00060B9236A1049B3F8AA20A4F8CD20DB7D40
:108BE00084F8CF3004F1C400FCF794FD236A00221E
:108BF000B3F8AA102046FFF7D5FD084B1B680022EA
:108C00003A70002B92D0206A214698478EE700BF29
:108C100084EF0320838503008981030064F503202A
:108C20000B468B2210B503F8032BD0F80920C1F8AE
:108C30000320427B1A71CB78A3B130F8B43C1B07F8
:108C400010D4B1F8054002212046F6F73DFC48B1AA
:108C500002212046F6F74EFC20B140F276212D206D
:108C6000F5F7E0FC10BDD4D4032973B5044604D055
:108C7000052927D0012002B070BD08230DF107029D
:108C80008DF80730FFF75EFE0028F3D0237C23B178
:108C90009DF807102046FFF74BFD0F4D6B6A06222B
:108CA00004265A701E702046FFF730FC686A94F85C
:108CB0005C20A16DFCF732F9686A2E7003F0C2F8EF
:108CC0000020D8E7054B1B68002BF9D0984780F0AF
:108CD0000100C0B2CFE700BF84EF032060F503209E
:108CE000F8B504460F4619B300F13005284600F0E8
:108CF0008CFDA0B963881A072ED5284600F09CFD8C
:108D00000646284600F081FD301AC0B200F0C4FDCE
:108D1000474A536803442846536000F052FD2846F2
:108D200000F054FD02F0DEFD2179252002F0CEFC9A
:108D30003F4E94F87620706A002303704370638876
:108D4000103B0D2B64D8DFE803F05F635B0C6340DE
:108D500063636363636363402046BDE8F840FFF7E5
:108D60003FBD06234370202303702046FFF7CEFB50
:108D7000638823F008039BB2152B05D094F8542088
:108D8000216D706AFCF7BBF8706A03F05BF803238F
:108D900021793370002002F0B3FD054607B9B060B9
:108DA00063881B0704D500F054FD0544C4F81C512A
:108DB0006388103B0D2B36D8DFE803F038352F2FB2
:108DC000352F353535353535352F0C234370034672
:108DD000212103F8091B52B1D4F87720C0F80920EB
:108DE000B4F87B209A800121FCF77FF8BDE7226F61
:108DF000C0F80920B4F874209A8094F86F10F3E753
:108E0000062303704370B0E7022303700623F9E7DB
:108E100040F259612D20F5F705FC21790120BDE8CC
:108E2000F84003F023B940F6F541F3E7F8BD00BF81
:108E300084EF032038B54388102B044604D1BDE8E5
:108E400038400121FFF74CBF0B4D2B7B23B102F0C3
:108E50009BF8402003F0CCF8686A02F0F3FF6088CA
:108E600010F0040002D1217903F000F9002003F092
:108E700059F801232B7038BD84EF03200121FFF73F
:108E80002FBFFFF7FBBFD4D4024B0121986AFFF735
:108E900027BF00BF84EF032010B5144C237B1BB108
:108EA00003F0B2F802F08EF8A06AFEF705FFA16A9F
:108EB00018B14B8803F0180323B9BDE810400846E9
:108EC000FFF78EBCFFF778F920B940F686312D20E8
:108ED000F5F7A8FB2378E26A03F18043D268013BEF
:108EE000BDE8104052F823300846184784EF0320AD
:108EF00008B590F894300BB1012008BD90F8CC3043
:108F0000002BF9D190F8BE3003F0FF00002BF4D015
:108F1000FAF7FCFD80F00100C0B2EEE710B506489C
:108F2000037803F0FF042BB92422214607F010FB3D
:108F3000204610BD0C24FBE784EF032010B50A4C3B
:108F400000232370FAF7D4FD6062FFF7E7FF20B13A
:108F50004FF442712D20F5F765FBE36A13B940F237
:108F60000B31F7E710BD00BF84EF032030B54FF49D
:108F7000B07285B004460D46002107F0E9FAFF23E0
:108F800023701323638042F21073E384F6F704FC2A
:108F900000220146E0646846F6F748FCE06C0022D7
:108FA0000121F6F7DCFCE16C04226846F6F73EFC92
:108FB0000022E06C1146F6F7D2FC04F13000A574F3
:108FC00000F0E4FB02A8FBF783FE20B94FF44971DF
:108FD0002D20F5F727FB02A904F13600FBF7DAFE96
:108FE00005B030BDFF23C86C0B70F6F703BCD4D4BA
:108FF000014B024ADA62704784EF03200C970300AA
:10900000044B054A1A60054B054A1A60054B064A8F
:109010001A60704760F50320118B030064F503208C
:109020003980030068F503209D9303000078FF3822
:1090300018BF01207047F7B5044630300E4600F0E7
:10904000FBFB6188CA06074605D5282200F004FC10
:109050006D3003B0F0BD8B07E06C0FD5F6F71FFD48
:10906000217905463846FFF7B3F863880093014637
:10907000627933462846FFF7CBF8E9E7F6F7FFFCBD
:10908000EEE7D0E9020170472DE9F041067DB31EFD
:10909000DBB2012B06F0FD068CBF4FF000084FF04D
:1090A0000108371E18BF0127012B04461AD800F10A
:1090B000700190F86F00FBF77BFB054663889B0609
:1090C00017D4082D10D186B3FAF720FDB8BBE37E84
:1090D00093B3D4F81530C4F86930B4F81930A4F853
:1090E0006D3006E00825E9E72846FBF789FA0028F5
:1090F000E9D1657784F81C8084F86870FBF752FB2F
:10910000054604F05DFB104B0022E5FB0301C4E9BA
:10911000180184F8762011462046FFF7D1FA60B98D
:1091200040F2A3412D20F5F77DFA04F169013046A4
:10913000FBF7C6F80028DCD10020BDE8F08104F17F
:1091400069010120F4E700BF40420F002DE9F04F14
:1091500007460C4605460FCF9DB010AE0FC60FCF89
:109160000FC697E80F000DF1200886E80F00404673
:109170006E7900F00BFBA37A277D03932378049389
:1091800063787A1E03F07F0A022AD14600F28380B8
:10919000D90603D4A67D731E022B7CD8637E03F010
:1091A000FD03012B02D1032F08BF0427A37E03F088
:1091B000FD03012B02D1032E08BF0426617A40462D
:1091C00000F0EBFA237D227F022B08BF617D02F1C4
:1091D000010206BF0131C9B20121D2B2404600F0FE
:1091E000DEFA1AF0080F6CD1404600F025FB6378D8
:1091F000DA06834654D4F6F701FB394682465846D0
:10920000FEF7E6FFCDF800900146012332465046B6
:10921000FEF7FEFF2179E37843EA0123617940F20A
:10922000712243EA014300F524705343B0FBF2F08E
:109230005043984239D84FF0000B94F818A0079388
:10924000A37C05930AF1FF33D3F1000AE86C4AEBE3
:10925000030AF6F714FC0690E86CF6F720FC069972
:10926000079B814238BF014688B268B308A90A91BA
:109270000AA90C930693ADF82C90CDF834B08DF874
:1092800038708DF83960FFF753F9069BE0B9452037
:109290001DB0BDE8F08F40F212310620F5F7C2F99B
:1092A0002822494600F0D8FAB4E7E179A37943EAE5
:1092B0000123217A43EA01435343834228BF0346F3
:1092C000B9E700239B46B8E7CDE9123B059B8DF833
:1092D0005330049A039B8DF844708DF845608DF8E7
:1092E00050A08DF854308DF84020ADF8429010AF6A
:1092F0000FCF2E460FC60FCF0FC697E80F0086E898
:109300000F0098E803002863A986E37A03F0FD03C1
:10931000003B18BF012385F86F30E3682B67238A71
:10932000A5F87430E27D95F8463062F3071385F8AE
:1093300046300020ACE74FF40043A0F848304388A3
:109340001D2B08BF00214174704790F9120070472F
:10935000408800F0010070478078C0F340007047FB
:109360008078C0F3C000704710B54488C06CE30635
:1093700054BFC4F340040024F6F778FB84F00104E2
:109380002043C0B210BD4079C31E012B05D8B1F8EF
:109390001E31012B14BF0320042070472DE9F04338
:1093A00085B008230DF10702052104468DF807302A
:1093B000FFF7C8FA002879D0F9F790FA002875D19C
:1093C0003C4D206AFFF74CF86B6A02AFD3F81F00E0
:1093D00093F8232002903A71226AD3F80310C2F85E
:1093E000AD10B3F80710A2F8B1101B78206AC3F3D0
:1093F000801380F8AC30304B1B6813B1012221463A
:109400009847D4F82080686A98F8AC900E2343708F
:10941000C378082603F03F03C37000224FF0030116
:109420000670FBF75AFE2046FFF70AF9686A4946BC
:10943000FBF75BFD0623012208F1AD01686AFBF72B
:109440002DFE6179FF2002F041F9686A02F0FAFC12
:10945000D4F8208020464146FFF795FF94F912206A
:1094600001463B464046FFF7FFF8216A9DF807207A
:10947000002384F89530B1F8AA30A4F89630FF2381
:1094800084F8B3304FF6FF73A4F8B4302046FFF7EA
:10949000DFFA236A2E70B3F8AA20A4F8CD20DB7D72
:1094A00084F8CF30012005B0BDE8F0832046FFF7F7
:1094B00097F9F7E784EF032064F5032010B504461D
:1094C000FCF744FBC0F30B00A042F9D010BDD4D48C
:1094D0002DE9FF41564F3A78044602F0FF0312B9D6
:1094E0000278FF2A04D140F6DD112D20F5F79AF815
:1094F0007B60FB817B7380F889304E4B00934E4B31
:1095000001934E4B0293FB6A68465B68039302F03B
:1095100083FC02F085F902F077FD01F053FD484825
:1095200002F0D6F904F13005464802F06FFC2846F7
:1095300000F047F9284600F049F902F0D3F9217903
:10954000252002F0C3F894F9120002F0BBF904F1EF
:109550005001E06CF6F728FA04F158010646E06C79
:10956000F6F749FA8046002E3AD094F82430BBB37F
:10957000B4F94850ED43ED0F237F13B963885B07BF
:1095800009D5D4E918126FF000439A4208BFB1F12F
:10959000FF3F2FD1ADBB94F88B301BB946EA0806CC
:1095A000F6B2AEB1638813F0100511D1606CC0F350
:1095B0000B20FFF783FF94F8463084F8450023F032
:1095C0000F03C0F30320034384F8463084F88B5024
:1095D000786A0330FBF718F9387304B0BDE8F081FE
:1095E000B8F1000F04D094F82550002DC0D1C3E786
:1095F0004546C1E704F0E4F8D4E9182390429941C4
:10960000C8D3012229462046FFF75AF850B1FBF78C
:10961000C9F8054604F0D4F80B4BE5FB0301C4E997
:109620001801B8E7002DB6D040F61C215DE700BF59
:1096300084EF0320998E03007D88030021890300B5
:10964000D6BE898E5555550040420F0010B50446D0
:10965000FFF73EFF20460021FFF742FB2046BDE812
:109660001040FEF7B5BFD4D4024B9862DB6A1B688A
:10967000184700BF84EF032090F86830016281F83A
:10968000B330D0F86930C1F8B430B0F86D30A1F81B
:10969000B83070477047FFF7A3B8D4D443881A078F
:1096A00010B5044612D5036A11493C2280F8952072
:1096B000B3F8AA30A0F89630FF2380F8B3304FF605
:1096C000FF73A0F8B4308C30FCF724F86388DB0714
:1096D00043BF236A3C22B3F8AA103C2258BF4FF67E
:1096E000FF712046FFF75EF8FF2384F8893010BD34
:1096F0008385030080F888107047D4D47D8E0300E2
:10970000358E0300838E0300698C03004D960300A1
:1097100059880300898E0300FC960300009703001C
:10972000089703008278034612F0010002D0D9782E
:10973000C90710D5900702D5D97889070AD512F044
:10974000040008D0D878C0F3800080F001008000C9
:10975000C0B2704702207047C0F34002C0F38003DC
:10976000134400F0010018447047022808B507D0E0
:10977000042807D0012807D039212E20F4F752FF02
:10978000262008BD2720FCE72520FAE70023C0F8A3
:10979000023001234370037070478170704710B529
:1097A0004270017080781446FFF7D6FF10FB01F07D
:1097B00010FB04F2FE2A03DD5C212E20F4F732FFB9
:1097C00010BD0023C37043710371704710B5044688
:1097D000FFF7A8FF637962780133DBB29A426371C5
:1097E0000FD1E378A1780343DBB29942E37008BF5D
:1097F00023794FF0000208BF0133627104BFE270A9
:109800002371BDE81040FFF7B0BF38B5014680783E
:10981000FFF7A2FF0446C8784D78FFF79DFF0A794D
:109820000B789B1A13FB05F34A7913FB04F39B1A7D
:1098300000FB1530C0B238BD08B501468078FFF78F
:109840008BFF4B780A7813FB02F313FB00F0C0B2D6
:1098500008BD40F2EF2070470138022808B503D94F
:10986000C4212F20F4F7DEFE13290A4B05D8112955
:109870000CD8102907D0D221F3E71529FBD103EB2F
:109880004003D88801E033F8100008BD03EB400323
:109890009889FAE7BAE9040040F25A33584370470E
:1098A0002C4A38B5948803461C43402B106894809A
:1098B00004D10421BDE83840FEF7ACBA802B01D1B9
:1098C0000521F7E703F00304032C04D140F6A4318B
:1098D0003120F4F7A7FEDD0706D50C6891602478E7
:1098E000062C1AD00B2C22D09C0711D50C6821789D
:1098F0001173072929D00B2922D0052908D1C17B52
:10990000182905D100240025C0E91E450121017553
:109910009B0644BF0823537338BDC47B1C2CE3D182
:1099200000240025C0E91C450124C474DCE7C47B85
:10993000122C01BF0024C474012480F85240D3E7E4
:10994000C17B1129E4D10021E1E7617880F8A01002
:10995000DEE700BFB4EF03200C4A517B034689B910
:1099600010683BB9B0F81011B0F8F420914209D852
:10997000FEF7B4B993881B0706D5007C083818BFDA
:10998000012070470020704701207047B4EF03208A
:1099900073B504460068036813F0300F0D4649D1D3
:1099A000B1F805101A2904D9B5F80730B3F5A47F2A
:1099B00006D22978204602B0BDE87040FCF76BB9AA
:1099C000B5F801201A2AF4D9B5F80360B6F5A47FDA
:1099D000EFD30096E830FBF799FF174B9A88920770
:1099E0000DD51B7B142B0AD12268136843F010039A
:1099F00013602046FCF70DF9002002B070BD23680B
:109A00009A7B212AF0D093F82F31002BECD12368D8
:109A100093F82E31002BE7D123681A68B3F8AA0017
:109A200042F020021A6003F1E80103F5B172FBF77E
:109A3000F3FFDEE70120E0E7B4EF032008B5036899
:109A4000DA7B182A04D040F27E513120F4F7EAFD87
:109A50001E22DA7308BD08B590F89E30FE2B04D0A4
:109A600040F66F113120F4F7DDFD002380F89E10E1
:109A700080F89F3012B9A0F84E2008BDA0F84630FB
:109A8000012380F84A30F8E708B50368DA7B352A05
:109A900005D10022DA73BDE80840FCF7CCB8182ADB
:109AA00002D11E22DA7308BD40F293513120F4F73F
:109AB000B9FD037D63B9C37BA3F11002032A07D963
:109AC00090F8520028B1202B8CBF00200120704755
:109AD00001207047037D63B9837BA3F11002032A41
:109AE00007D990F8520028B1202B8CBF002001200C
:109AF000704701207047D4D42DE9F843854D0646C0
:109B00002C68002840F0C480AB88190746D594F82B
:109B10009E302A2B16D00CD81C2B13D0222B18D0F9
:109B200094F89E30FE2B20D140F2FB513120F4F707
:109B300079FD3C2BF4D1784B1B68002BF0D02846E4
:109B40009847EDE7002384F841317248FCF759F853
:109B5000E6E784F84201714B1B68002BF5D004F551
:109B6000A17104F1A4009847EFE7FE2384F89E302A
:109B7000E37B1E2B06D10027664884F85170FCF762
:109B80005AF8E773A37B242B2AD0372B30D0237CC1
:109B9000082B02BF0223AB7384F89E30AB88DA0730
:109BA0004FD5D5F80080A96898F80F30D1F800900B
:109BB000113B0F2B99F800700BD8BB1EDBB2092BA1
:109BC00000F2A68040F2333222FA03F3DB0740F1C1
:109BD0009F8009793846FBF7D5FA88B9394680E085
:109BE000E37B243B072B94BF2B232523A373CEE7D2
:109BF000012384F8C5320023A37384F84A30C6E7F2
:109C0000012F01D9162F4ED198F80E00FCF733F82A
:109C100040B198F80E30242B04D0252B34D12B23BF
:109C200088F80E303846FCF77FFA0346002849D101
:109C3000FF2FD3D12B69002B51D02B68012283F841
:109C4000C622AB88580704D5227C072A04BF01220C
:109C5000AA7399074CD5287B2B6801220D2883F81D
:109C60009F2042D011284CD007284CD0FCF766FA30
:109C7000034600283AD12A7BFF2A46D12A68372199
:109C8000917382F8C40233E0162F14BF02262026F7
:109C90006B7B1B0704D5E37B113B0F2B98BF08267A
:109CA0003046BDE8F883112F15D005D8072F14D002
:109CB0000D2FB7D11A4B05E0142FB3D1194B1B68E8
:109CC000002B8BD0AA681348127949469847002880
:109CD000B7D00646DCE7144BF4E7144BF2E799F8EB
:109CE00000100C48FBF7D7FFF1E7114B09489847E4
:109CF000AB88DA06CCD5E37B0A2BC9D10B23E373FF
:109D0000C6E70C4BF2E70C4BF0E740F2EE510DE7E3
:109D10000826BDE7B4EF0320B4F5032090F5032037
:109D2000319F030070F503207D9F0300999F03007E
:109D30003D9A0300899A03003D9D030010B5036816
:109D40009A7B93F8A010092A08D193F899208A42A7
:109D500004D100229A7383F84A2010BD1A6812F0C9
:109D6000080406D022F00802BDE810401A60FBF794
:109D700062BFFF2904D137229A7383F8C442ECE70B
:109D80004FF4AF613120F4F74DFC38B513680E384D
:109D900014460D469A7B09283ED8DFE800F0053DC1
:109DA0003D3D0F3D183D3D27042A05D12046FBF7D8
:109DB00028FF2046FCF792FD002038BD0F2AFBD17A
:109DC000002220461146BDE83840FCF7FBBD212AA1
:109DD000F2D12046FBF715FF002DEDD0226892F856
:109DE000623023F0200382F86230E5E7DA7B272A2D
:109DF000E2D10025DD732046FBF71DFF236893F8B1
:109E00003831012B03D129462046F9F7E3FF2368B7
:109E1000002283F83821CFE740F262213120F4F7A5
:109E200001FCD4D4002908BF1F21262870B50346A1
:109E3000144639D81C2806D8A0F10E03DBB2092B32
:109E40001CD9002070BDA0F11D02092AF9D801A07B
:109E500050F822F0E59E0300439E0300439E03005A
:109E6000F59E0300439E0300439E0300CF9E030024
:109E7000CF9E0300CF9E0300039F030001259D405A
:109E800040F25126354015D1082BDAD11668B37B44
:109E9000252B14D12046F9F79DFF86F83851002371
:109EA000B37386F84A30CCE73B2832D03E28C8D17D
:109EB000194B27E0BDE870400021FFF766BF2B2B50
:109EC000BFD1F37B243B072BE9D92A21E2E7134AD0
:109ED0001568002DB5D00A46204619462B46BDE828
:109EE000704018470E4B1B68002BAAD00A461D2154
:109EF0002046F4E70B4B1B68002BA2D00A4620211A
:109F0000F6E7094B1B68002B9BD02046BDE870404C
:109F10001847064BF6E700BFA0F5032074F50320B1
:109F200080F5032088F5032094F50320BCF5032079
:109F3000024600684978837B212B15D00CD8042B6E
:109F400014D00F2B14D0C07B272815D0332B0CBF77
:109F50002620FE20FFF766BF2B2B03D02D2B09D028
:109F6000252BF0D11620F5E71420F3E70E20F1E7BA
:109F70001220EFE72320EDE71720EBE70246006809
:109F80000B4690F8621041F0040180F86210997855
:109F90005878FFF747BFD4D470B54B780268262BAA
:109FA00004465CD01DD81D2B957B54D00FD8A3F14F
:109FB0000E02D2B2092A08D8012101FA02F640F2B3
:109FC0005120064220D1082A24D0002070BD232B26
:109FD000FBD12D2DF9D1254B1B68002BF5D09847CF
:109FE000F3E73E2B3DD005D82B2B3CD03B2BECD1BF
:109FF0001F4BF1E7FF2BE8D11E4B1B69002BE4D070
:10A00000012382F8C632E0E722461846BDE87040D8
:10A01000FFF7BBBE252D01D02B2DD6D12046FBF757
:10A02000F0FD2368DA7B262ACFD093F8632022F054
:10A03000010283F86320226892F8633023F008035A
:10A0400082F863301A212046F9F7C4FE2368002203
:10A0500083F83821B9E7362DB7D1074BBCE7074B5A
:10A06000BAE7074BB8E7074BB6E700BF78F5032020
:10A07000C0F50320B4EF032084F5032098F50320F6
:10A08000A4F50320ACF503202DE9F34790F8D28224
:10A0900090F8D36204460D46B8F1000F3BD190F81A
:10A0A0002071002E39D194F821A184F8207184F810
:10A0B00021A1FF2384F822311A4B1B6804F1A8095F
:10A0C00013B1394648469847174B1B6823B1019492
:10A0D0003A46514601A8984794F83831012B02D0EE
:10A0E00058EA060603D0237B43F001032373484656
:10A0F000FBF72BFC18B1237B43F0020323730621EB
:10A100002046FDF787FE002384F838313DB1A37364
:10A1100002B0BDE8F0874746C3E7B246C5E7E5733E
:10A12000F6E700BF7CF50320B0F5032038B50C46F8
:10A130000546D1E93001F5F7A7FA637B3BB104F599
:10A140000C74204603F0F4FB204603F005FC0D21BF
:10A150002846F5F7CFF90E212846F5F7CBF910215F
:10A160002846F5F7C7F90F212846F5F7C3F911215D
:10A170002846F5F7BFF928461221BDE83840F5F723
:10A18000B9B9D4D4024B0020C3E90400704700BF22
:10A19000B4EF032008B5054B0022C3E90422FBF706
:10A1A000A1FDBDE80840FCF7FDB900BFB4EF0320F6
:10A1B00073B5514D002604462860AE806E73AE73B1
:10A1C000FF2380F84C30B0F8DA31002B00F08280A9
:10A1D00090F89E30FE2B7DD190F82C31002B79D059
:10A1E000037C073B012B75D990F82D31A0F8446012
:10A1F00080F8A03002210122FFF72DFC84F8E261F3
:10A2000002212846FBF7FAFDB4F8DE11B4F8E0218C
:10A21000B4F8DE30013989B2B1FBF3F31344A4F88A
:10A22000E031B4F840300B44A4F840302046FFF74A
:10A2300040FC10B1636B0B446363B4F8DA31012B5B
:10A240009CBF0133A4F8DA31002609B184F8E66135
:10A25000E37B84F8E2610A3B012B0FD8E388B4F872
:10A26000D0229B1A190409D404F2D22104F1170058
:10A27000FAF790FDE673FF2384F84B30B4F8DE2143
:10A2800004F1A8012046FAF7CBFDE37B1B491C4AE9
:10A29000113B0F2B8CBF0023012300932868194B1F
:10A2A000F6F71EFB696911B1287E01F083FE2C6868
:10A2B000237BDA0703D510480021F9F78BFD237BB8
:10A2C0009B0703D504F25910FBF7A0FB002323736F
:10A2D00002B070BD94F89E10FE2901D0064891E7A7
:10A2E000094B1E68002E8FD003F0B8FB02460B46C8
:10A2F0000148B04788E700BFB4EF0320A1980300EE
:10A300005999030035A30300C4F50320024B1869D3
:10A31000003818BF01207047B4EF03200022C2812B
:10A32000827490F84C3013B10221FDF773BD032104
:10A33000FBE7D4D42DE9F04FDFF85C860F46B8F880
:10A340000410D8F800408D0556BFB4F84020002313
:10A35000013287B0814646BFA4F8403084F8E63128
:10A36000A4F840202046FFF7A4FB38B10B4604F5C3
:10A37000A87204F1A8012046FCF778FBB8F8043075
:10A3800003F4C06333B1A37C002B00F0A080032B47
:10A3900000F0A380A27CB8F80430012A03D118058C
:10A3A00044BF0222A274B9F1000F40F04C8159065B
:10A3B0005DBFB4F80022013292B24A46A4F80022EE
:10A3C00003F00A020A2A0FD198F80C20022A0BD1B6
:10A3D00023F008033846A8F80430FFF78DFB082364
:10A3E0003843C7B2A8F804303846FFF785FBD8F8E1
:10A3F00010303843C7B2002B50D01422002101A8DE
:10A4000006F0A6F894F8210102F068F8054694F8E1
:10A41000210102F05BF805F5FA754FF47A73B5FB8C
:10A42000F3F5B4F8AA30ADF804300544E38894F8A5
:10A430002911D4F8C800ADF80830ADF80A50FAF781
:10A440006CFB94F8C632ADF8060033B1D8F808308A
:10A450001A689B8804928DF814309DF80C3094F89B
:10A46000C52262F300038DF80C3001A8D8F8103033
:10A470009847049A002384F8C63284F8C5326AB13A
:10A4800094F8C43253B9A37B372B07D09DF814300E
:10A4900023B11178FF2924D11B2B29D9D8F80060CA
:10A4A00096F89E30FE2B49D1002F47D1337C073BD5
:10A4B000012B43D996F82C3113B396F82D31A6F819
:10A4C000447086F8A030012202213046E4E10121E7
:10A4D000A1742046FDF79EFC5CE70223A3740121D2
:10A4E000F7E70729DAD1022BD8D15178FF29D5D146
:10A4F000012184F8C412C4F8C82284F8C732CDE719
:10A5000096F80FA0AAF1100A5FFA8AFABAF1100FB2
:10A5100040F255813368DA0702D53A460921D4E77B
:10A520009D0740F1EE803A460C213046FFF793FA42
:10A5300096F8533043F0010386F85330B4F8E03115
:10A5400094F8E3510133A4F8E031002D00F0FA82D1
:10A55000F6F734FB10B10023A4F8E031B4F8AA00F8
:10A5600000F0B2FCA37CB4F8DE60012B824640F21E
:10A570002883237C082B40F0FD82B4F84030022B66
:10A5800040F21F83B4F842500135ADB2E388DFF8E2
:10A5900018B42B44A4F8D831DBF80030002B00F0BD
:10A5A0001483012E40F21183F6F7F8FADBF800303D
:10A5B000E18802462046984700F1010B1FFA8BFB09
:10A5C00094F8E431002B3AD1012D38D9E37B0BB15B
:10A5D0000B2B34D1A37B93BB237C83BBA37C022BAB
:10A5E0002DD194F8E63153BBD4F8C000F4F7CFFC7A
:10A5F00028B394F89E30FE2B21D1B4F8DA31012B28
:10A600001DD9B4F8E021B4F8D0309A4217D2BAF18B
:10A61000000F02D0BAF80E1089B99B1A9BB2013D07
:10A62000ADB2B5FBF6F59D4228BF1D4616FB05B63B
:10A63000003D18BF01251FFA86FB84F8E251E3882C
:10A640009B44A4F8DCB1B8F80430D8F800505E069A
:10A650005FBFB5F8EC31B5F8DE219B189BB248BF5F
:10A660000023A5F8EC3195F82C311BB92B7C073B66
:10A67000012B06D8B5F84430B5F8DE211344A5F80F
:10A68000443095F84A1031B1B5F84630B5F8DE21BE
:10A690001344A5F8463095F95020002AC1BFB5F8FB
:10A6A0004E30B5F8DE011B18A5F84E3095F8313064
:10A6B0006BB9B9F1000F40F0CF8298F80E30022B41
:10A6C00040F0868295F8A030062B18BF162395F827
:10A6D000302022B9B04885F83130FBF789FD284693
:10A6E000FFF71CFEAD4B1B681BB1AD4A204611683D
:10A6F0009847002384F84C3007B0BDE8F04FF9F7D5
:10A70000AFBD580702D53A461321DEE6190706D534
:10A7100096F8983086F8A0303A460721D5E61A0612
:10A7200002D500221B21D0E613F0300238D096F873
:10A730002F31002B60D196F82E31C3B1F37B292B3A
:10A7400006F1A80006F5977106F2D22226D0B37B57
:10A75000A3F129056B426B41FBF7ACF8336823F09A
:10A76000200343F010033360002386F82E31336852
:10A77000DA0641D506F1A800FBF7E7F818B106F2B2
:10A780005910FBF743F9B6F80A31A6F8A030B6F82D
:10A790000E31A6F8A2300022152196E60123DBE750
:10A7A00013F0400101D024218FE613F4807202D00F
:10A7B0000A461E2189E6DB041ED52C2185E6D8F841
:10A7C0000050EB7B182B36D011D8112B26D0162B2E
:10A7D00028D0B37B002B72D1F37B103B102B76D9A2
:10A7E00096F83E30002B72D0012212216DE6202B0C
:10A7F000EFD13A46062113E0D8F80000C37B352B91
:10A8000048D006D8262B4AD02F2BE2D10022202177
:10A8100042E04E2BDDD100223C213DE03A460B21A7
:10A82000284639E02846FBF7CBFE00283FF486AEE9
:10A8300000220421F4E795F8C032012B07D13A46F3
:10A8400005212846FFF707F985F8C07276E695F8E6
:10A85000C032022BD9B27FF471AE95F8523053B1A9
:10A86000062385F8A0303A462846FFF7F4F800237F
:10A8700085F8C032EAE7D8F8003040F20632A3F893
:10A880009A2095F8623013F0040F3A460CBF0D2160
:10A890001121E9E700221121FFF7DDF84EE690F8DB
:10A8A0003831022B02D100221721F5E790F8383118
:10A8B000012B8ED190F83931002BF4D089E7092B88
:10A8C00005D196F8993086F8A030012225E7BAF133
:10A8D000100F7FF633AED8F8005095F80EA0BAF1FD
:10A8E000000F40F0C48095F83F313BB101220E21AA
:10A8F0002846FFF7B0F885F83FA1A7E795F83E3165
:10A9000083B195F853A01AF0030B0BD101220C214F
:10A9100028464AF0010AFFF79EF885F853A085F80B
:10A920003EB193E795F8403173B195F86930DB0992
:10A9300002D001222B2173E71A4B1B68002B00F079
:10A9400096801548984792E095F82E3183B395F894
:10A950002F316BBBEB7B292B05F1A80005F5977117
:10A9600005F2D22222D0AB7BA3F1290673427341B8
:10A97000FAF7A0FF002385F82E3101221421284682
:10A98000FFF769F8B5F80A31A5F8A030B5F80E312F
:10A99000A5F8A230D2E500BFB4EF03208CF5032068
:10A9A000988A0320ACF503209CF503200123DFE700
:10A9B00095F83831012B6ED195F83931002B6AD1D9
:10A9C000E87BA0F12403072B65D995F820114B1ED5
:10A9D000DBB2032B09D895F82121DFF898C2013AA0
:10A9E000D2B2032A1CF803E004D94FF43F710620C9
:10A9F000F3F718FEBEF1020F95F83A3114D0BEF10C
:10AA0000030F13D0BEF1010F04D1012B14BF00239B
:10AA100001236BB9A0F14703012B28D90A38042878
:10AA200025D901221621FBE6022BEFE7042BF1D1F9
:10AA30001CF8022095F83B31022A24D0032A24D0A6
:10AA4000012AE7D1012B14BF00230123002BE1D001
:10AA5000EB88B5F83C0105F53472F9F77FFA8246C8
:10AA6000B0B901467F48F9F7B5F985F838A1B37B4D
:10AA7000002B7FF463AD96F8C432002B3FF45EAD3B
:10AA80000122FF2121E5022BDDE7042BE0D0C1E705
:10AA90002C23AB7352E595F8423113B101222221E8
:10AAA000BEE695F8413143B16F4B6E481B6898473D
:10AAB000FE280146DBD00122B2E695F84A3113B1F7
:10AAC00001221D21ACE695F84B3113B1012226215C
:10AAD000A6E695F8CC3213B101223E21A0E695F806
:10AAE0004C319BB1D8F800301021B3F8AA00F4F72C
:10AAF000EBFC03699B0706D55C4B5A481B689847DB
:10AB000001223B218CE65A4B1B681AE795F84E311F
:10AB10004BB195F8393133B9EB7B243B072B02D984
:10AB2000012223217CE695F84D31012B05D100232C
:10AB300085F84D310122252172E695F84D31022B21
:10AB400095D1F4E7F6F724F808B1A4F8E051F6F748
:10AB50003DF800283FF402AD94F8E6310133DBB252
:10AB6000022B84F8E63182BF0023A4F8E03184F898
:10AB7000E631F3E494F83E3013B1A37B0F2B20D1E0
:10AB8000B4F84250B4F840300135ED1A2046B10017
:10AB9000A5EB8605FEF78DFFA8B1A36B626B0133B1
:10ABA0009B1A5B1A9D42A8BF1D46BAF1000F05D043
:10ABB000BAF80E30043B9D42B8BF1D46012D3FF749
:10ABC000E4AC0125E2E42B46ECE74FF0010BF7E49F
:10ABD000012B08D16B7C002B7FF479AD0021284636
:10ABE000FDF718F97EE55FB1F80633D4390733D4A1
:10ABF000BA0633D4BB0733D14FF431613120F7E6C5
:10AC000039B1B5F84610B5F84830994201D322233E
:10AC10005DE5002A05DDB5F84E20B5F848309A42CA
:10AC2000F5D2B5F84420B5F842309A4209D2AA7C50
:10AC3000B5F8403052B1B5F842209A42CED8082338
:10AC400045E595F82C31002BE1D1F0E7052BC5D96E
:10AC50003E233CE51E233AE53D2338E5232336E534
:10AC60002A2334E5B4EF03206CF50320B8F5032064
:10AC7000C0F50320CCE9040038B504460846E37B60
:10AC8000162B09D0A3F118025342534194F8C02265
:10AC900022B10C25284638BD0123F7E7002BF8D058
:10ACA00094F8F03203F0FF05002BF2D190B194F844
:10ACB000FE3123B940F66C313120F3F7B3FC0523A4
:10ACC00004F1800204F5F77105F032FA012384F8EB
:10ACD000C032DFE70223FAE773B504460190D4F8E7
:10ACE000C830D0F8D802984214D1D4F8DC62D4F835
:10ACF000D030F61A18BF012694F8E432002B3FD06A
:10AD0000B4F8AA0000F0E0F830B940F668513120FC
:10AD1000F3F788FC0126EFE7B4F8E022B4F8DE3060
:10AD20009A421AD1B4F8E23282899B1A18BF0123E1
:10AD3000A57B472D15D0E27B472A10D00025B4F81B
:10AD4000DE22D4F8D81201A8F9F73CFF95B300230E
:10AD5000A3730323A37402B070BD0123E8E7334358
:10AD6000ECD0154B1B6813B940F67351CFE7A5F132
:10AD7000470255424FF0000101A855419847DEE7D0
:10AD8000002EDBD0B4F8AA3094F82911A4F8A13130
:10AD9000F9F7C3FEB4F8DC32A4F8A531B4F8DE321A
:10ADA000A4F8A3010549A4F8A73104F29710FAF713
:10ADB000F9FCC3E7E573CCE7A8F50320776303004C
:10ADC00008B5FAF7EFFF024B024A1A6008BD00BF50
:10ADD00070F5032091990300FAF7F8BF10B5044607
:10ADE000FCF752F8226A236C9A4228BF1A4600F5F3
:10ADF0009F711046FAF794FEB0F5296F28BF4FF403
:10AE0000296080B210BD70B50D4604210646F4F7E6
:10AE10005BFB044648B906213046F4F755FB20B1E8
:10AE200015B190F8E53003B90446204670BDD4D47E
:10AE3000014B1874704700BF60F0032007B57F23F3
:10AE40000DF107008DF8073001F0ECF803469DF98D
:10AE5000070053B1094B5B785B4240FA83F014283A
:10AE600006DC10F17F0F05DB40B203B05DF804FB98
:10AE70001420FAE76FF07E00F7E700BFCEF0032062
:10AE8000024B00221A705A70704700BFCEF00320A8
:10AE90001D2310B503700446F8F7ACFE6070022065
:10AEA00010BD1E2310B503700446F8F7A3FE6070B2
:10AEB000022010BD01234380038000238380C380D0
:10AEC0004FF44863038170470E21F4F7FDBA73B560
:10AED00001A90546F9F744FE044618B12121542082
:10AEE000F3F7A0FB2846019EFFF7EEFF30B10123E8
:10AEF000A6F8DE30848144810482C48102B070BD32
:10AF00003C2303804FF4FA4343800123C3808380B2
:10AF10000023038143814FF4486383817047D4D475
:10AF2000014B1870704700BFD0F0032008B500F047
:10AF30004BFB00F0CDF800F005F8BDE8084001F04B
:10AF40007DBBD4D4034B00214FF480521970A3F879
:10AF500001207047D4F0032070B506460220144645
:10AF60000D4600F0C3F8064B01221A70054B033C56
:10AF7000C3F81045C3F80865C3F8045570BD00BF99
:10AF8000D4F0032000F0004008B5022000F0AEF835
:10AF900009480A4B0A494FF0010C80F800C0002212
:10AFA0004FF40000C3F80021C3F80421C3F80821BE
:10AFB000C1F8040508BD00BFD4F0032000F0004034
:10AFC00000F00140114B1A786AB1114A11494FF44F
:10AFD0000000C2F80805D1F800213AB9102100207C
:10AFE00099705A701870002000F080B8D1F80421D0
:10AFF000002AF3D0D1F8082122B9D1F80014012297
:10B00000C9B2ECE710210022E9E700BFD4F0032029
:10B0100000F0014000F0004008B5114B1A7892B1E1
:10B02000104AC823D2F8001141B1D2F8040120B16E
:10B03000D2F80801B0FA80F0400908BD013B13F0D6
:10B04000FF03EFD102E05878022804D10620FAF776
:10B0500073FB002008BD431E5842584108BD00BF85
:10B06000D4F0032000F000400A4B1A787AB10A4B62
:10B07000D3F800214AB1D3F8042132B1D3F8082122
:10B080001AB9D3F80004C0B27047102070479878FE
:10B09000704700BFD4F0032000F0004008B50A4B11
:10B0A000D3F80025032A04BF01229A600022C3F8C6
:10B0B0000025C3F8002501F0E9FB044B4FF4000222
:10B0C000C3F8082508BD00BF00F0004000F00140B3
:10B0D000054B4FF40042C3F88020BFF34F8FBFF3FE
:10B0E0006F8FFFF7DBBF00BF00E100E010B5044643
:10B0F000FFF7D4FF012C06D0022C0CD054B18C21C8
:10B100003D20F3F78FFA0B4B0222C3F800250A4AC1
:10B11000C3F8142510BD074B0322C3F80025064AC7
:10B12000C3F8142503F580334FF40002C3F8042557
:10B13000F0E700BF00F00040D7F00320EFF31082EB
:10B1400072B60F4B93F8451011B9C2B962B6704789
:10B150005B78012B10D0022BF7D18307F5D4094877
:10B16000094B10B401210024C0F84045196102B90F
:10B1700062B65DF8044B70474107E6D4EFE77047CD
:10B18000E8F10320008000400010004010B50446A4
:10B190003948631E0472072B68D8DFE803F0494E74
:10B1A0005358675D6204354B0F22C3F8102583891D
:10B1B000B3F5166F3ABFA3F6381343F48072A3F5C4
:10B1C00016622E4B01F07F01C3F808250022C3F858
:10B1D0005415C3F81C21D3F80022082C42F48872BD
:10B1E0004FF0FF0180F82F10C3F800220ABF40F291
:10B1F000022140F20311224AC3F8341518BF40F26D
:10B200005B62C3F838251F48214601F059FC2046EF
:10B2100001F0F6F91C4B1B68062B08D0013306D051
:10B22000164AD2F8683543F4C023C2F8683510BD19
:10B23000124B0322C3F81025B9E7104B0422C3F8C0
:10B240001025B4E70D4B0522C3F81025AFE70B4BD3
:10B250000622C3F81025AAE7084B0022C3F81025E0
:10B26000A5E7064B0122C3F81025A0E740F645519B
:10B270003E20F3F7D7F900BFE8F1032000100040AB
:10B280002110010015F2032078F7032030B5364C69
:10B29000431E83B02072072B5CD8DFE803F03D42E9
:10B2A000474C5B515604314B0F22C3F81025A3893C
:10B2B0002E4DB3F5166F3ABFA3F6381343F48073DF
:10B2C000A3F51663C5F8083501F07F03C5F85435BA
:10B2D00094F9092001AB01F027FD9DF8050005F068
:10B2E000CDFA00283BD19DF904001F4901F0FEF87A
:10B2F000237A1D48082B07BF1D4B40F2022240F263
:10B30000031240F25B63C5F83425C5F8383503B045
:10B31000BDE8304001F07ABB144B0322C3F810257E
:10B32000C5E7124B0422C3F81025C0E70F4B0522D6
:10B33000C3F81025BBE70D4B0622C3F81025B6E76E
:10B340000A4B0022C3F81025B1E7084B0122C3F8CD
:10B350001025ACE740F645513E20F3F763F940F283
:10B36000E3513E20F3F75EF9E8F1032000100040BE
:10B37000211001002DE9F043061E83B014BF022006
:10B38000042000230F4690468DF804008DF8063007
:10B3900002F066FB01284FF0FF3088BF00208DF8D7
:10B3A000050001A805F002FA002840F0E0807A4D7F
:10B3B000012385F8453002F013FA04460028FAD03C
:10B3C000764B4FF40022C3F80825002E41D195F8A2
:10B3D0002A304FF0010985F80190002B54D095F8E0
:10B3E0002C30002B5BD16E4B6E4A33F818106E4B2D
:10B3F00001F5FA71A3FB0131684BA7EB9111C3F87A
:10B40000AC252B6A694A6A4F95F82B0043F4002358
:10B410002B622B691944614BC2F84015C3F8A8751B
:10B42000012785F82A704FF40027C3F80475002817
:10B4300054D095F82C00002843D05E48C3F8AC05E2
:10B44000D2F84031002B49D00024204603B0BDE89B
:10B45000F083012E40F0908095F82A3002226A7025
:10B46000002B6AD095F82C3023B34E4B0022C3F842
:10B470001C21D3F8002242F48872C3F80022FF2373
:10B48000394685F82F30BCE7A97A4046FFF7FEFE23
:10B4900095F82C30002BA6D0424BC3F80090464BB9
:10B4A00033F81810404B01F5FA71A3FB0131A7EBFB
:10B4B0009111A6E7394B414AC3F8AC25A7F1290100
:10B4C0009FE7384BD3F8002242F00102C3F8002274
:10B4D000D3F8503503F0F603022BB5D0334B0122DD
:10B4E000DA64D3F84C358B42AEDAEB89952B0BD965
:10B4F000002E2DD0324B2931D9601846314905F044
:10B50000ABF9431C012B41D801A805F05BF90028D9
:10B5100037D16B789DF80420012B0BD0022B94D1EE
:10B52000930792D421491F4B00200122C1F8400506
:10B530001A618AE7520788D4F4E7A97A4046FFF7F0
:10B5400025FE95F82C30002BB4D0164B5E608CE7AE
:10B550001B4B2831D96018461A4905F077F9431C6E
:10B56000012BD1D940F2C2613E20F3F75BF840F6DF
:10B570005C313E20F3F756F840F634013E20F3F7F5
:10B5800051F840F69F313E20F3F74CF840F2CC6181
:10B590003E20F3F747F800BFE8F1032000F0014038
:10B5A000D4EA040000100040D34D62100080004037
:10B5B0004081004008100040E8EA04000410004008
:10B5C000A48A032028EA0400482210B50021174865
:10B5D00004F0BEFF164801F041FA164B1A68102A13
:10B5E00013D80123934013F4A2341BD113F4045F46
:10B5F0000BD011484022FF2104F0AAFF4FF08043F6
:10B60000C3F8084EC3F8104E10BD0B483822FF2176
:10B6100004F09EFF4FF080430022C3F8082EC3F8C9
:10B62000102E10BD04482422F1E700BFE8F10320EA
:10B6300015F2032078F70320000E0040014BD8815B
:10B64000704700BFE8F10320024B012283F82C2051
:10B65000704700BFE8F10320024B0344187E00F559
:10B660001660704728EA0400014B187F704700BF3E
:10B67000E8F10320024B98691B69C01A704700BFAC
:10B68000E8F1032010B50D4A0D4B117F5469126982
:10B6900003EB8103A41A186C0A4B0B4A53F82130B0
:10B6A00003F2F313A2FB0323241AA4EB931402F076
:10B6B000D5F9201841F1000110BD00BFE8F10320C9
:10B6C00028EA0400C0EA0400D34D6210FF2808B540
:10B6D00031D81B4B01391885072922D8DFE801F042
:10B6E000041D16162104041A164A4FF44031164B55
:10B6F000084340F00070C3F81425C3F81805D3F8C8
:10B70000503503F0F703032B10D008BD0F4A4FF458
:10B710004031ECE70E4A0021E9E70E4A4FF4403190
:10B72000E5E74FF44F713E20F2F77CFF40F25631CF
:10B730003E20F2F777FF40F2CB213E20F2F772FF76
:10B74000E8F1032008011000001000400801906398
:10B7500008000006080110011E4AD2F8003223F04A
:10B76000020343F4801310B5C2F800321A4C1B4B8D
:10B77000C4F8A03503F5DE431C33C4F8A4354FF4F8
:10B780008023C4F804350378032B1DD14378144C6F
:10B790000129D2F81415606803F03F0321F47021E9
:10B7A00043F40C3340F0030043F4207308BF41F42A
:10B7B00000216060C2F81415C2F80009C2F81039FF
:10B7C000012384F8443010BD40F2AB313E20F2F743
:10B7D00029FF00BF0010004000F001402C11004084
:10B7E000E8F103200B4B1B68062B02D0013300D07D
:10B7F0007047094B1B68063B0833F9D9074AD2F852
:10B80000743723F0807323F0010343F08073C2F890
:10B810007437704778F703207CF70320001000404E
:10B82000224B2DE9F0410227C3F88070BFF34F8F00
:10B83000BFF36F8F01F0CCFF044602F00FF91C4DEF
:10B84000001B1C4C00264FF001082061C5F8FC6F5E
:10B85000C5F8FC8F01F07CF8174AC5F83085107CDC
:10B8600040F20122C5F85026C5F8007205F02EF806
:10B87000124A1349A683A661668584F82C6084F871
:10B880004460C2F80415D5F80019084B6160A26C39
:10B89000C3F880719621E1811021C5F804131F605F
:10B8A00002B19047BDE8F04104F0C4BF00E100E000
:10B8B00000100040E8F10320A48A032000F00140BA
:10B8C0000000020C014B5872704700BFE8F10320E2
:10B8D000034B020E0002C3F82425C3F81C05704771
:10B8E00000100040044B054A034490721B7E03F590
:10B8F00016639381704700BF28EA0400E8F1032033
:10B90000F0B5674C94F82B3083B0002B00F0B38077
:10B91000002814BF02220422002305460F468DF89A
:10B9200004208DF8063002F09BF801284FF0FF301C
:10B9300088BF00208DF8050001A804F037FF00281B
:10B9400040F09480574A84F82C00012384F8453055
:10B9500084F82A30D2F8003243F00103C2F80032F2
:10B9600001F03EFF0028FBD0002D58D0012D0AD059
:10B970004D4BD3F84C65E389952B21D94FF4DA610F
:10B980003E20F2F74FFE0223A17A63703846FFF79C
:10B99000FDFB6378022B7DD1434B424ADD64556049
:10B9A000D3F84C65E389952B0AD9404A404906F102
:10B9B00029031046D36004F04FFF0130012864D8FA
:10B9C00001A804F0FFFE00285AD163789DF80420F6
:10B9D000012B1DD0022B08D1930706D4324A314BDC
:10B9E0000021C2F8401501221A612369F61A1DB11F
:10B9F00006F1290003B0F0BD2E4B2F4A33F8173063
:10BA000003F5FA73A2FB032306EB931003B0F0BD1A
:10BA10005207E3D52369F61A002DE9D1ECE701239B
:10BA2000A17A63703846FFF731FC6378012B18D197
:10BA30001D4A1C49D3640B60E389D2F84C65952BF1
:10BA4000BED91A4A1A4906F128031046D36004F0F9
:10BA5000FDFE01300128B3D940F2C2613E20F2F769
:10BA6000E1FD4FF4E9613E20F2F7DCFD40F65C3188
:10BA70003E20F2F7D7FD40F206713E20F2F7D2FDEC
:10BA800040F69F313E20F2F7CDFD40F2CC613E20E2
:10BA9000F2F7C8FD40F251713E20F2F7C3FD00BF3E
:10BAA000E8F103200010004000800040A48A032039
:10BAB00028EA0400D4EA0400D34D621008B5FFF769
:10BAC00059FC00B108BD054B05490122C1F84005EC
:10BAD0001A610220BDE80840F9F72EBE00100040B0
:10BAE00000800040F8B51D4D6B7F8BB304461646B1
:10BAF000084654B1012C1BD0002029693246411A56
:10BB00002046FFF737FC40B1F8BD012BAF69297F14
:10BB100016D000F0F3FC3844EFE7114B1149012235
:10BB2000C1F840051A610220BDE8F840F9F704BEEB
:10BB3000012BAF69297F07D000F014FD3844DCE702
:10BB400000F0FEFC3844D8E700F0E6FC3844D4E7C7
:10BB500040F6C1013E20F2F765FD00BFE8F1032089
:10BB60000010004000800040F0B5474A474F484C65
:10BB7000484ED2F8045302214FF0FF3083B0002327
:10BB8000C2F80803C7F88011C2F800124FF4602110
:10BB9000C6F84035C4F80815D2F850153E4CC9B265
:10BBA00005F01005638584F82C30002938D1E3892D
:10BBB000952B04D96378012B5CD0022B50D0324EE8
:10BBC00036480027C6F81071394600F04BFF94F84C
:10BBD00044302780EBB1D6F800322D4A84F8447007
:10BBE00023F4801343F00203C6F800324FF480239D
:10BBF000C2F80835D6F81425636822F47022C6F816
:10BC0000142523F00303264A6360C6F80039C6F8FA
:10BC100010291DB11C4B1022C3F8042303B0F0BD42
:10BC200001218DF80700C2F8103111619DF807302D
:10BC30004BB90CE09DF80730013BDBB28DF80730C3
:10BC40009DF807301BB1D2F81031002BF2D09DF8CF
:10BC50000730002BABD140F6FF013E20F2F7E2FCAB
:10BC600004F006FE01300128A9D940F617113E2044
:10BC7000F2F7D8FC04F0F6FD013001289FD940F618
:10BC800011113E20F2F7CEFC0010004000E100E070
:10BC900000F0014000800040E8F1032015F203208D
:10BCA00080320200264B10B50022264CC3F84825EE
:10BCB000C3F84425C3F84025C3F84C25FFF754FFCB
:10BCC00004F0BEFD94F8453023B104F075FD68BB67
:10BCD00084F84500002004F07BFD60BB226A1A490D
:10BCE000174B42F0446242F40032C1F80825174A6B
:10BCF000E07002212062C3F848056061C3F8440582
:10BD0000A061C3F84005C3F84C05C3F84801C3F867
:10BD10004401C3F84001C3F84C01C2F88010BFF3DE
:10BD20004F8FBFF36F8FC2F8801110BD40F2AE414C
:10BD30003E20F2F777FC40F2B1413E20F2F772FC70
:10BD400000800040E8F1032000F0014000E100E045
:10BD5000F8B52B4C2378B3B188B9667FE0895F1EB4
:10BD600018BF0127002E46D0012BA569217F13D0D3
:10BD7000012EA2783BD000F0F5FB411911E0BDE89F
:10BD8000F840FFF7F1BE94F82C206370E3701AB30B
:10BD90001C4AC2F84031F8BD012E21D000F0AEFBA4
:10BDA0004119206994F82C300022091A2280DBB155
:10BDB000144BC3F84021A2783846FFF7DBFA00287D
:10BDC000E9D1114B0F490122C1F840051A61022047
:10BDD000BDE8F840F9F7B0BC628584F82C20F8BDC6
:10BDE00000F0AEFB4119DCE784F82A30E3E700F00D
:10BDF00093FB4119D5E740F6C1013E20F2F712FC52
:10BE0000E8F103200080004000100040014BC3F81F
:10BE10003C0570470010004010B50446074804F088
:10BE2000D7FC28B994E80F00054C84E80F0010BD3A
:10BE300040F668113E20F2F7F5FB00BF3DB103006C
:10BE400034F20320174B184A93F82A10C2F804055D
:10BE50004FF0010C83F82BC0586209B393F82C30D3
:10BE600093B102F5F0321149114BC2F8AC15D3F879
:10BE70004031ABB10E490C4B00200122C1F8400506
:10BE800003201A61F9F758BCD2F8003243F00103DD
:10BE9000C2F80032D2F8503503F0F603022BE9D095
:10BEA000704700BFE8F10320001000400810004078
:10BEB0000080004038B5174B19699A6908448242DE
:10BEC0001DD215490124DC704C64D1F8442505329B
:10BED000824205D3114BD3F8042102B91C6138BD4D
:10BEE0001A6A0F4C0025C1F8445142F48002C1F88F
:10BEF00044054FF480011A62C4F8041538BD0220CD
:10BF0000F9F71AFC0449054B00200122C1F840054D
:10BF10001A6138BDE8F103200080004000100040A5
:10BF200000F0014038B51F4C94F81DC0217F227AE3
:10BF3000BCF1010F0346E08923D000F041FBA36967
:10BF40001844834223D2184A0121E1705164D2F887
:10BF500044350533984205D8144BD3F8042102B96F
:10BF6000196138BD236A12490025C2F8445143F4CF
:10BF70008003C2F844054FF480022362C1F804250F
:10BF800038BD00F0FFFAA36918448342DBD30220D6
:10BF9000F9F7D2FB0449054B00200122C1F8400506
:10BFA0001A6138BDE8F10320008000400010004015
:10BFB00000F00140C30003F1804303F5F83310B4EF
:10BFC000084A094CC3F81025012202FA00F0226A3F
:10BFD000C3F81415054B024322625DF8044BC3F805
:10BFE0000405704704110040E8F1032000F001400F
:10BFF000044BC3F86005D3F8002242F04002C3F8B6
:10C000000022704700100040054BD3F800220021A9
:10C0100022F04002C3F80022C3F86015704700BF49
:10C02000001000400F4AD2F81C314BB90E4A92F86A
:10C030002F20FF2A17BF5242184602700120704776
:10C04000D2F8483503F07F0300215B4282B00370D1
:10C05000C2F81C11D2F81C310193019B012002B0DF
:10C06000704700BF00100040E8F1032030B5304CAD
:10C0700083B094F82C30A17020BB0122227023B32E
:10C08000237A99424ED12B4D94F90920D5F80032EC
:10C0900043F00403C5F80032084601ABA17A00F072
:10C0A00043FE9DF8050004F0E9FB002835D19DF919
:10C0B0000400214600F01AFA204603B0BDE83040E3
:10C0C00000F0A4BC022222700BB903B030BD237A69
:10C0D0008B4227D1174A0128D2F8003218D143F0F9
:10C0E0000803C2F80032144800F0EAFC207A00F09D
:10C0F00087FA124B1B68062BE7D00133E5D00D4AB7
:10C10000D2F8683543F4C023C2F8683503B030BDB7
:10C1100043F00403C2F80032E5E740F2E3513E2069
:10C12000F2F780FA40F6C7213E20F2F77BFA00BF13
:10C13000E8F103200010004015F2032078F70320F7
:10C1400010B5244C94F82C3082B0002B3AD0224AFF
:10C1500094F808C0D2F8003201281BD043F0040341
:10C16000C2F80032D0B994F90920A17A01AB604637
:10C1700000F0DAFD9DF8050004F080FB20BB9DF97E
:10C180000400214600F0B2F9204602B0BDE810409C
:10C1900000F03CBC43F00803C2F800320F4861468F
:10C1A00000F08EFC207A00F02BFA0D4B1B68062B5A
:10C1B00008D0013306D0084AD2F8683543F4C023CA
:10C1C000C2F8683502B010BD40F2E3513E20F2F7EC
:10C1D00029FA00BFE8F103200010004015F2032007
:10C1E00078F70320054B064A0021C3F84015D2F822
:10C1F0005035DBB20BB10123136170470080004062
:10C2000000100040034B93ED0E7B1B6C80ED007B18
:10C210000B607047E8F103202DE9F04101F0DCFAF2
:10C22000A44BA54C0122DA64D3F84C352364C4E94D
:10C230000E0104F1200104F12D0000F07FFC08B193
:10C24000BDE8F081E389952B054606D96378012B7B
:10C2500000F0A780022B00F0AF809848236AC0F856
:10C2600008350021964BC0F8AC152162D3F80022A6
:10C2700084F82B1022F48E7222F00102C3F80022FF
:10C2800094F84420E2B1D3F8002284F8441022F458
:10C29000801242F00202C3F800224FF48022C0F85C
:10C2A0000825D3F81415626821F4702122F00302E6
:10C2B000C3F814156260C3F80029824AC3F8102934
:10C2C0007C4A6778D2F84815A1616777D2F844159F
:10C2D0007B4B61610026022FD3F80C01D3F81011BB
:10C2E000C3F80061C3F80C61C3F81061C3F80461BE
:10C2F000C3F80861C3F86C610CD0012F3FD000294E
:10C300009ED02378002B62D0FFF72EFCA36DBDE8F2
:10C31000F0411847E37813B1D2F8443133BB002819
:10C3200068D100298CD02378002BEDD194F82C30E3
:10C330006070E070002B00F0AB805E4BC3F84001F2
:10C34000E4E71A0705D013F0F00F02D013F4706F72
:10C350005BD15B49C3F30442012AD1F8541454D190
:10C36000012952D0C3F34253022B4ED82378002B1D
:10C3700036D0FFF7F9FBE36CBDE8F0411847237AAC
:10C38000237700285FD100293FF45AAF2378002B90
:10C390006AD0FFF7E9FB0021636D0846BDE8F04174
:10C3A000184704F05FFA013001287FF656AF40F6D7
:10C3B00011113E20F2F736F904F05AFA0130012843
:10C3C0007FF64BAF40F617113E20F2F72BF994F8A9
:10C3D0002C106370E37000293ED0C2F8403195E71D
:10C3E00094F82C206370E370002A39D0314AC2F8E7
:10C3F0004031C0E7344B1B68062B06D0013304D014
:10C400002F4BD3F85034D9019BD4237A268D002B9F
:10C410004BD0DA1E012A2FD9012700202377FFF7FE
:10C4200097FC274BD3F8000410F0010006D0636A94
:10C430005B78B3428CBF002007F00100236D2946D2
:10C44000BDE8F04118473046FFF782FC636D39467E
:10C450003046BDE8F0411847618584F82C1055E757
:10C46000628584F82C2086E794F82C106370E370C2
:10C4700091B1C2F840318EE7114BD3F8143413F068
:10C4800006030DD0022B0ED0002701250323C4E79D
:10C49000608584F82C0039E7618584F82C107AE7F0
:10C4A00003230127B9E70423B6E740F24D213E20DC
:10C4B000F2F7B8F800800040E8F1032000F00140F6
:10C4C000001000408032020078F70320024B03EB9B
:10C4D0008003186C704700BF28EA0400024B03EB8E
:10C4E0008003586D704700BF28EA0400024BC0B2B9
:10C4F000C3F80C05704700BF0010004010B504469B
:10C500000846FFF7EBFF034AA2FB0020A4EB9010C4
:10C5100010BD00BFD34D6210074A4FF47A7332F951
:10C52000112003FB00F000F2E730044B1044A3FBA2
:10C530000030800902387047ACEA0400D34D621025
:10C54000064B074A33F911104FF47A7300FB03309E
:10C550000844A2FB00208009704700BFACEA040039
:10C56000D34D621010B504460846FFF7B7FF044AE2
:10C5700000F2E733023CA2FB0320A4EB901010BDB5
:10C58000D34D621038B50C4C34F9111004EB820411
:10C590001D4664690C4404F6B7344FF47A7101FB0C
:10C5A000004406491046A1FB0414FFF78FFFA409BD
:10C5B00005352544284438BDACEA0400D34D62104B
:10C5C00038B5054608461446FFF788FF0A4B03EBCB
:10C5D0008403024620465C69084B4FF47A7104F6E6
:10C5E000B73401FB0544A41AA3FB0434FFF76EFF24
:10C5F000A4090530204438BDACEA0400D34D6210D4
:10C600000C4B1B68082B00D070470B4A0338D2F83C
:10C610004037012823F0004302D9C2F84037704761
:10C6200023F47F4343F0004343F44443C2F84037CC
:10C63000704700BF78F7032000100040024B002233
:10C640001A705A709A70704744F203202DE9F04F27
:10C6500083B005469DF83CA09DF830909DF8408041
:10C66000494C1E460120BDF8383001938B461746D1
:10C67000FEF73CFD05F00303DFF820E184F803A09A
:10C6800043EA0A4343F08073CEF80435DBF8041024
:10C69000DBF80820DBF80C30DBF8000004F1040BB9
:10C6A000DC46ACE80F00C4E905760D9B84F81C90CD
:10C6B000364A19685B68CEF808B5C4F821301368AB
:10C6C000C4F81D10062B08D0013306D0DEF818354B
:10C6D000019961F30703CEF818352D4B2D49C3F8A6
:10C6E000081515F0FB0F16D0B8F1020F47D81368E4
:10C6F0000D2B1DD1284A294B12F80820C3F82025FC
:10C70000012D1FD00123022D637084F8255023D9F9
:10C7100003B0BDE8F08F2249C3F89815B8F1020FB5
:10C72000A1F1FC01C3F89C1529D813680D2B1FD06B
:10C73000102BDFD0B8F1000FE2D04FF4BF713C20D6
:10C74000F1F770FF124B1749174AC3F8981584F890
:10C750002550C3F89C256570104B012200212270E2
:10C76000C3F80011C3F800121A6003B0BDE8F08FDF
:10C77000094A0A4B12F80820C3F82025C2E74FF4F3
:10C78000BA713C20F1F74EFF44F2032078F7032002
:10C7900000F0014000000202FCEA040000F000404A
:10C7A00000F10040501100400CF000401A4A53784C
:10C7B00070B563B3194BC3F80C15C3F8100592F8A4
:10C7C000255001249470B5B91278E2B1144AC3F827
:10C7D00004514FF40035C2F80455D3F8006116B186
:10C7E0005C60C2F808550B7803704B7804334370D3
:10C7F0008B78837070BD00211470C3F80411C3F8E6
:10C8000000421C6070BD97213C20F1F70BFF4FF4F4
:10C81000D5713C20F1F706FF44F2032000F0004000
:10C8200000F0014008B5144B5A7802B3134AC2F81D
:10C830000C151978C2F810054FF0010C83F802C0EE
:10C8400089B10021C2F80411DB78023B012B05D825
:10C850000B480323C0F85011C2F81C35094B0A4A93
:10C86000C3F8042508BDBA213C20F1F7DBFE4FF4E4
:10C87000DF713C20F1F7D6FE44F2032000F00040C7
:10C880000010004000F00140000002020A4B1A783C
:10C890006AB10A490A48C1F808050022C1F898257A
:10C8A000C1F89C25C1F89825C1F89C251A70002272
:10C8B0005A709A70704700BF44F2032000F00140A4
:10C8C00000000202F8B51B4B1B786BB31A4CD4F86E
:10C8D000043113BB194B0222C4F804231F691A69DF
:10C8E00042F010021A61D4F8043107F0100753B96E
:10C8F000134E4FF40045C6F8805103F03DFDD4F8C7
:10C900000431002BF7D027B90C4A136923F0100328
:10C910001361094B0222C3F80823074BD3F8000424
:10C92000003818BF0120F8BD4FF4F2713C20F1F738
:10C9300079FE00BF44F2032000F0004000ED00E06B
:10C9400000E100E0014B01229A60704700F00040D6
:10C950002A4A1368062B10B51DD001331BD0284C72
:10C96000284BC4F8783703F09BFF38B14FF0805361
:10C97000D3F83033591C18BFC4F84C374FF010238C
:10C980001B6E5A1C06D01E49D1F88C2563F3174242
:10C99000C1F88C2510BD1C490B68063B083320D913
:10C9A0001748D0F83C3723F0004323F0FF0343F04F
:10C9B000004343F09603C0F83C371368062B0DD1B3
:10C9C0000B68063B0833CAD90D4AD2F8403723F426
:10C9D0007F4343F4B053C2F84037C0E70133EFD090
:10C9E000BDE70748D0F83C3743F48063C0F83C37D4
:10C9F0001368062BD4D00133D2D0B0E778F70320E8
:10CA0000001000402C0000897CF70320104B1B68AD
:10CA1000062B02D0013300D070470E4B1B68063B3B
:10CA20000833F9D9027A0C4B0B49D3F88835022A1E
:10CA30004FF0805223F4FE43D2F820230CBFC2F300
:10CA40000662C2F3062243EA0223C1F88835704722
:10CA500078F703207CF703200010004045F6FF73B1
:10CA600043807047D1B1154AD2F83C3723F00043D8
:10CA700023F0FF0343F0004343F07D03C2F83C374B
:10CA8000D2F87C3723F0004323F0700343F00043D7
:10CA900043F06003C2F87C3741707047074BD3F80E
:10CAA0003C2722F00042C3F83C27D3F87C2722F031
:10CAB0000042C3F87C274170704700BF001000405F
:10CAC0001C4B1B68082B00D07047033901290FD974
:10CAD000194BD3F83C2722F00042C3F83C27D3F887
:10CAE0007C27002122F00042C3F87C274170704768
:10CAF000114A0121C2F80413D2F83C3723F0004355
:10CB000023F0FF0343F0004343F07D03C2F83C37BA
:10CB1000D2F87C3723F0004323F0700343F0004346
:10CB200043F06003C2F87C374170D1631164017037
:10CB3000704700BF78F703200010004003460078DC
:10CB4000002863D0F0B5744AD2F80441D2F81051ED
:10CB50002C4383B05BD1D2F80051002D66D0C2F8CF
:10CB6000004101245461FF240094009C2CB908E08A
:10CB7000009C013C0094009C1CB1D2F81C41002C8C
:10CB8000F6D0009A002A00F0C180634ADD78D2F81E
:10CB9000484504F07F04A542C0F08C805E4A9C703A
:10CBA00001230024C2F81C41C2F8083313649363C4
:10CBB0005A4B594C01228025C4F804531A64D3F807
:10CBC0004025D3F8446502F56A52183296424BD993
:10CBD000D3F8402502F51C5210320025C3F8402539
:10CBE00004F5F034C3F84051A3F5DF434C4AC4F8D0
:10CBF000A8256C3BC4F8AC354FF40023C4F80435C9
:10CC00000B6843F400230B6003B0F0BD7047802431
:10CC10004449C2F80843B5FA85F04FF400240022D5
:10CC2000C1F8084540091A7003B0F0BDD2F8484574
:10CC30005F7804F07F049C70C2F81C51DE7837BB2B
:10CC4000A642D2F8742544D894B20F2C02D9B2F57A
:10CC5000003F3ED3304B01221A649A632E4BD3F827
:10CC60001C310193019BA3E72E4900224FF40026BB
:10CC7000C3F84025C3F84021C4F80853C1F808653B
:10CC8000C3F84021C4F80853C1F80865CCE7A642B0
:10CC9000E4D2D2F83C4724F00044C2F83C47D2F832
:10CCA0007C4724F00044C2F87C475D700123136484
:10CCB0009363D3E7D2F83C5725F00045C2F83C57C0
:10CCC000D2F87C5725F00045C2F87C5700225A70F4
:10CCD00064E7114CD4F83C2722F0004222F0FF0216
:10CCE00042F0004242F07D02C4F83C27D4F87C2791
:10CCF00022F0004222F0700242F0004242F0600254
:10CD0000C4F87C2701225A702264A7E74FF4EE7121
:10CD1000AF20F1F787FC00BF00100040008000400A
:10CD20004081004000F001402DE9F04F454C85B0B6
:10CD3000054698460E46174600F094F82378AB4215
:10CD4000814602D16378B3423CD0082D1BD18DF8C7
:10CD50000F70BB464FF0040A3046FEF77DFC002101
:10CD60000346009152465846414603F08DFDB8F8FF
:10CD7000003025706670A380A071A77084F80390BE
:10CD800005B0BDE8F08F05F1FF3ABAF1060F50D8B3
:10CD9000DFE80AF0044235284F0404000DF10F03C8
:10CDA0003A463146002000F063F8002846D19DF94C
:10CDB0000FB0BAF1060F3CD8DFE80AF011382B1E8D
:10CDC0003B11110094F90230BB42BED1E37883429B
:10CDD000BBD1A38894F90600A8F80030D0E74FF043
:10CDE000000AB9E70DF10F033A463146032000F07F
:10CDF0003FF89DF90FB008BB4FF0030AACE70DF107
:10CE00000F033A463146022000F032F89DF90FB088
:10CE1000A0B94FF0020A9FE70DF10F033A463146E1
:10CE2000012000F025F89DF90FB038B94FF0010A44
:10CE300092E740F289410620F1F7F4FB4621A92050
:10CE4000F1F7F0FBBC8A0320014B18609980704712
:10CE50006CF20320024BD86019745A82704700BFED
:10CE600098F20320014B187D704700BFC8F50320DE
:10CE7000042810B511D883B104280CBF102428242D
:10CE8000A1420AD2064C54F8200018B141568A42F9
:10CE9000A8BF0A461A70002010BD6FF01500FBE70E
:10CEA000C8F5032030B50346114890F91C209A427A
:10CEB00019DD90F924209A4217DA9A1A846AA05C44
:10CEC0000C4A15569D420DD00E32002918BF013074
:10CED0009442C0B206D129B1013BDBB2012B01D88B
:10CEE0000130C0B230BD0D20FCE70020FAE700BFE2
:10CEF000C8F503200AEB040008B5054B93F91C3074
:10CF0000984203DAFFF7CEFF024B1B56184608BDC6
:10CF1000C8F503200AEB040008B5184B93F82C2041
:10CF2000FAB9012283F82C20154A1268A2F10800F0
:10CF3000082803D813490141C90709D5911F0929B8
:10CF400010D9013212D04FF4DF71742002F08AFF41
:10CF50000D4A9A62D8221A6283F8242008229A6124
:10CF60001A7708BD094A0A41D207ECD4084A9A62E6
:10CF7000D8221A6283F824200422F0E7C8F503209F
:10CF800078F70320DEFEFFFF45EB0400EEFCFFFF19
:10CF900018EB0400C0B208B520B94FF0804301225D
:10CFA0001A6008BD4D21B52002F05CFF10F0FF00B3
:10CFB00008B508D14FF0804301225A60C3F8000140
:10CFC000034B187008BD7C21B52002F04BFF00BF59
:10CFD000F5F50320014B01221A707047F5F5032087
:10CFE00008B548B94FF08043D3F8003113B9044B6A
:10CFF000187808BD0120FCE7C221B52002F032FFFD
:10D00000F5F503200020FFF7EBBF4FF08043D3F886
:10D01000080400F0010070474FF08043D3F8140477
:10D0200000F0010070474FF08043D3F81C0400F07B
:10D03000030070474FF08042D2F81834D2F8182419
:10D04000C3F3004302F00302824214BF002003F046
:10D0500001007047044B1868062818BFB0F1FF3F65
:10D060000CBF01200020704778F7032008B5094B5A
:10D070001A680A2A02D1084B1B6823B1FFF7EAFF9E
:10D0800008B9082A04D14FF080430222C3F8342C97
:10D0900008BD00BF78F703207CF70320014BD88937
:10D0A000704700BFF8F50320014B9889704700BF17
:10D0B000F8F5032010B5EFF3108472B6064B034465
:10D0C0001A7C0132D2B21A741B7C012B01D1FFF7FA
:10D0D00061FF04B962B610BDF8F503200020FFF728
:10D0E000E9BFD4D410B5FFF7F9FFFFF78BFF4FF07E
:10D0F0008044084940B1FFF7B9FF012323610423AD
:10D100008B740023CB7410BD03238B740123C4F8EC
:10D110000433F6E7F8F5032010B5EFF3108472B688
:10D12000094B03441A7C22B940F257216D2002F0CA
:10D1300099FE1A7C013AD2B21A741B7C0BB9FFF724
:10D1400035FF04B962B610BDF8F503200020FFF7E3
:10D15000E3BF0020FFF744BF024B987C003818BFA4
:10D1600001207047F8F5032073B51B4D6B7D63B943
:10D17000286A00F00300FFF75DFF30B1EFF3108382
:10D1800072B6AA7C1AB103B962B602B070BD0122B0
:10D19000AA7403B962B64FF080430822C3F808238B
:10D1A0004FF42073ADF80630BDF80640A4B2631EFC
:10D1B0009BB2ADF80630002CF6D14FF08046074800
:10D1C000C6F80C4102F0FAFF85F82540FFF78AFF08
:10D1D0000823C6F80433D8E7F8F503201CF603202B
:10D1E0002DE9F347484C237D002B00F08A80032370
:10D1F000ADF804304FF08043D3F80051F5B9D3F8BF
:10D200000481B8F1000F09D04FF080430022C3F829
:10D2100004210222C3F80823FFF7A6FF94F8256033
:10D220003A484FF08047F6B2D7F80C8102F0CAFFB7
:10D2300048B340F243316D2002F014FE00258DF812
:10D2400004500122D3F80481C3F808230DF1040926
:10D25000271DA61C19F8010B03280AD0337843B107
:10D260003B684FF0000A86F800A013B19847C7F852
:10D2700000A06B1C022B07F1040706F101064FF01A
:10D280000105E7D1BDE745B1A37C032B05D10423FC
:10D29000A374FFF7EBFE01233B61B8F1000F1FD031
:10D2A0004FF080430022C3F80C21A37C042B02D052
:10D2B00040F26931BFE7164B1A680A2A02D1154BB2
:10D2C0001B6823B1FFF7C6FE08B9082A04D14FF046
:10D2D00080430022C3F8342C0223A374FFF736FFE7
:10D2E0004EB1002384F82530A37C022B01D1FFF737
:10D2F000F9FEFFF72BFF054802B0BDE8F04702F04A
:10D3000070BF02B0BDE8F087F8F503201CF60320DB
:10D3100078F703207CF7032010B5054C206A00F055
:10D320000300FFF787FE0028F8D0002010BD00BFE3
:10D33000F8F50320F8B5054650B10278042A07D85D
:10D34000437842B9013B1F2B02D88378212B07D9A0
:10D350006FF0150075E0002BFAD18378002BF7D120
:10D360007B4B0127C3F88070BFF34F8FBFF36F8FE4
:10D370004FF08046C3F88071764C0B23C6F8083313
:10D380000023C6F80031C6F80431C6F80C31237406
:10D390006374AB88E381FFF738FE08B12770277408
:10D3A000D6F80C24D6F80C34D20303D5DF0701D508
:10D3B000FFF710FE4FF4AF63A3812B78A978637554
:10D3C00000222262A175E274042B4DD8DFE803F03D
:10D3D00005033A484A0001232362FFF71DFE002897
:10D3E0004DD0FFF720FE236A03F00303984246D195
:10D3F000AB79002B3DD1FFF78FFFA37D6BB12B786D
:10D400005BB9FFF7FFFD054602F09CFE6FF000439D
:10D41000002D00F09980C4E906034FF08043D3F853
:10D420000C24D3F80C34D20303D5DB0701D5FFF766
:10D43000D1FD474A01230020A0742375C2F8803132
:10D440001360F8BDFFF74AFE4FF08043D3F80C1489
:10D45000D3F80C24CE03F9D5D007F7D50223BBE7C8
:10D460003D4BB9E73D4BB7E740F21E516D2002F04E
:10D47000F9FC4FF080430222C3F80423BDE74FF0CC
:10D4800080430122DA600022C3F80421226AC3F833
:10D490001825334A1368A3F10E01012904D90A2B78
:10D4A00002D0FFF7D7FD48B14FF080534FF08041D5
:10D4B000D3F84432C3F34233C1F83C351368A3F1C7
:10D4C0000E02012A04D90A2B02D0FFF7C3FD20B1B6
:10D4D0004FF080430122C3F84C254FF080430122D6
:10D4E0009A600222C3F80423AA79002A85D1D3F8CE
:10D4F0000423910702D440F2D141B7E7194A1669D3
:10D50000116941F010011161D3F8043106F01006E1
:10D510000BB902F033FF4FF08047D7F8043183B1E5
:10D52000FFF7FAFE26B90F4A136923F010031361BF
:10D530004FF080430222C3F808230022C3F80421DD
:10D540005BE702F019FFE8E7C4E9063065E700BFD2
:10D5500000E100E0F8F503200100020001000300F3
:10D5600078F7032000ED00E010B50D4C04F1240025
:10D5700002F028FE48B9A37C022B01D1FFF7B2FDCF
:10D58000BDE81040074802F02CBE074A012384F88A
:10D590002530BDE81040C2F80031FFF79FBD00BF45
:10D5A000F8F503201CF6032000E100E038B5164C26
:10D5B00020780023237508B9FFF7F8FCA37C042B1F
:10D5C0000ED14FF080450020FFF734FD18B1D5F89B
:10D5D0000C31002BF7D04FF080430022C3F80C2110
:10D5E00000232374A3746374084B0122C3F88020C2
:10D5F000BFF34F8FBFF36F8FC3F880214FF080438D
:10D600000B22C3F8082338BDF8F5032000E100E041
:10D6100010B501B3F0B14FF0FF33104A1C46E0FBE8
:10D620000134944203D9DB216F2002F01BFC1A0D58
:10D6300042EA0432C3F30F10094B00EB02404FF2F1
:10D640002444B2FBF4F103FB1100B0FBF4F040EA18
:10D650000140013010BD0846FCE700BF3F420F000B
:10D66000000024F4014B9B68184700BF20F60320FC
:10D67000014BDB68184700BF20F60320014B1B69F4
:10D68000184700BF20F60320014B1B6A184700BF54
:10D6900020F60320014BDB69184700BF20F603206A
:10D6A000034B1A790AB9FFF7F9BC988D704700BF90
:10D6B00020F60320034B1A790AB9FFF7F5BC988AC4
:10D6C000704700BF20F60320024B1B790BB9FFF710
:10D6D0004BBD704720F60320014B9B69184700BFE4
:10D6E00020F6032010B5144C2379A3B1636A984740
:10D6F000002806DB94F82E3023B1012384F8303063
:10D70000002010BDFFF7E8FF0028F6DA40F28D1187
:10D710006F2002F0A7FB094BA361094BE361094BA2
:10D720002362094BA360094BE360094B2361FFF7B8
:10D7300001FE0028E1D0E4E720F6032019D303001E
:10D7400069D5030059D10300DDD003004DD103009A
:10D7500053D1030010B50A4C23795BB194F83030F3
:10D7600053B1A36A9847002806DA4FF4E2716F209C
:10D7700002F078FBFFF71AFF002384F8303010BD69
:10D7800020F6032008B5074801F04CF8054800F0E2
:10D790002FF801F099FA01F07BFA00F039FB012033
:10D7A00008BD00BF54F6032008B501F01DF801F0D4
:10D7B0002FFB01F00BFBBDE8084000F045BB00BFAC
:10D7C00001F084BC103001F04DB800BF01F062B828
:10D7D00001F0B4BD01F07CBE01F08EBE01F072BD5F
:10D7E00001F0F0BC08B52721032002F03BFB00BF8D
:10D7F000024B186000221A719A6070475CF6032091
:10D8000070B582B01E4C2379012B11D0DAB2022AF6
:10D810000BD1A0680DF1070100F02EFB0023A360DF
:10D8200023719DF8070002B070BD012002B070BDE9
:10D83000A0680DF1070100F015FBA5686B7DDB0703
:10D84000ECD5AB7F042BE9D001F068F80646002840
:10D85000E4D001F069F82A69B3682E686D689619FA
:10D8600045F1000500220A3342F100021B1842EB89
:10D870000102B342AA41D1D3A06800F09FFCCDE7DA
:10D880005CF60320837F0BB10020704710B50A6857
:10D890004B688C68D1F80CC0C0F80CC08460026082
:10D8A00043600A694B694361012402618477054B37
:10D8B0001A792AB998601C7100F0C6FF204610BD85
:10D8C000FFF790FF5CF6032070B5044682B00D466A
:10D8D00001F024F8A37F012B17D02B686A68A96890
:10D8E0000646E868E060A160236062606A692B69AF
:10D8F000626101222361A2770DF10701204600F049
:10D90000B1FA2EB1012002B070BD002002B070BD8E
:10D91000024B0421186802F02FFBF3E75CF60320AA
:10D92000024B0621186802F027BB00BF5CF60320FB
:10D9300010B5084B1A7952B90446986002221A7140
:10D9400000F082FFA07FB0FA80F0400910BDFFF721
:10D9500049FF00BF5CF6032038B5837FC3B104469E
:10D9600009E0A37F042B09D0A37F012B11D002F083
:10D9700003FDA37F63B1A37F032BF2D1EFF31085E7
:10D9800072B6204600F0D6FA05B962B6A37F2BB96D
:10D9900038BD4FF48271032002F064FAFF210320A6
:10D9A00002F060FA70B5054600F0B8FF08B304460F
:10D9B00000F0BAFFA4680346E41841F100062846C7
:10D9C0003346224600F08CFBA04271EB06034FF079
:10D9D00000050CD3001B6FF0010361EB06018342CD
:10D9E00075EB010100D370BD4FF0FF3070BD2846CC
:10D9F00070BD40F22911032002F034FA2DE9F04104
:10DA000004460F4600F08AFF10B3856800236219B0
:10DA10005B41064613B10020BDE8F08100F084FFB1
:10DA20002A1841F100033846A51843F1000800F018
:10DA300057FBA84271EB0801EDD301F047FB00F062
:10DA400033FAB368377523440120B360BDE8F08131
:10DA50004FF4A371032002F005FA00BF00F064BF89
:10DA600008B500F05BFF08B1007D08BD40F29B11D6
:10DA7000032002F0F7F900BFF8B50369002B4ED17F
:10DA8000044601F023FB05460E46FFF7F7FD78B389
:10DA9000D4E90003643546F10006A84273EB0602A0
:10DAA00023D3C4E90003EFF3108672B600F036FF0B
:10DAB000054698B100F038FFAB6800220B3342F105
:10DAC00000021B1842EB0101D4E90002834271EB12
:10DAD00002053CBF03461146C4E9003106B962B6EF
:10DAE0002046BDE8F84000F091BB28463346D8E711
:10DAF000FFF7E0FD074600F025FFB84221686268A5
:10DB000038BF3846963546F10006401946F1000305
:10DB1000884273EB02053CBF08461346C1E74FF449
:10DB2000D171032002F09EF91C4B1868A0B350E994
:10DB3000063130B550F8104C13F10A02036841F178
:10DB400000011519A0F1180041F1000C1BB922E0E9
:10DB500014D31B68FBB153E90621AA4271EB0C04F4
:10DB600019D290F814E013F8044C7445F0D19C8855
:10DB7000B0F81CE0A4EB0E042404EAD553F8100C12
:10DB80000A3241F100018518A3F118001B6841F128
:10DB9000000C002BDFD130BD704700BF68F60320BA
:10DBA00070B5264D00236B60EFF3108172B6AA6842
:10DBB0006A60AB60EB6009B962B66A6872B3204C08
:10DBC00000269379032BA2F1180028D0136873B3B1
:10DBD0009A79042AA3F118038446A6460FD1818BB3
:10DBE0009A8B521A12049A6944BF0CF1180E184607
:10DBF00042B19C46A2F118039A7F042AEFD09B7F82
:10DC0000032B16D1DEF800201368CEF80030022175
:10DC1000C368867798476A68002AD2D170BD1168B8
:10DC200052F80C3C9671696001219847F3E7A646CB
:10DC3000EAE763219F2002F015F900BF68F6032090
:10DC40006CF603202DE9F04F6F4B04681B684568A4
:10DC500083B08283427D0646894602F00102002B92
:10DC600000F0CB80A3F1180C002A6ED0DCE9000193
:10DC7000844275EB0107644A2FD39CF81420337D4E
:10DC80009A421BD8DCF808301B1841F1000113F14F
:10DC90000A0E41F10007744575EB070280F0A88079
:10DCA0003269121945F10000964577EB000801D260
:10DCB000724638469A428841C0F08280DCF81830BB
:10DCC0000CF11802002B00F09180A3F1180CDCE994
:10DCD0000001844275EB0107CFD21F466346B0684E
:10DCE000001945F10008002B44D0CDE90027CA46B1
:10DCF000D3E9007110F10A0C48F10002674571EB9D
:10DD0000020245D21A7D96F814C0944519D39A6838
:10DD1000D21941F1000112F10A0941F1000E4C45FE
:10DD200075EB0E0745D237693F1945F1000CB9452F
:10DD30007EEB0C0B01D24F46F44697427CEB010C74
:10DD40003DD39B6923B3183BD2E7DCE90001844251
:10DD500075EB01012C4A0CD3DCF818300CF11802D9
:10DD60003BB1A3F1180CDCE90001844275EB010121
:10DD7000F2D21F46334643F8187F1360FFF7D4FEF4
:10DD8000864210D0002389F8003003B0BDE8F08F40
:10DD9000DDE900273346D14643F8187F1360FFF7CB
:10DDA000C3FE8642EED1012389F8003003B0BDE8FE
:10DDB000F08F2746AC4697427CEB010CC1D2D1468E
:10DDC000114A0423B3779168002333767376B376D0
:10DDD000F37606F118020C4B69B1DB681A600B4B45
:10DDE00009491878CA6002F02FFACBE71F4676E798
:10DDF000224628465EE79A60F1E712B91746024AC2
:10DE0000B8E7014A1F466AE768F60320EC8A032058
:10DE100010B50A4C2378FF2B0AD1094802F0EAF921
:10DE2000084B207000221A609A60DA601A8210BDD6
:10DE30004FF48D719F2002F015F800BFEC8A03208B
:10DE4000A1DB030068F6032010B5054C2078FF28FD
:10DE500000D110BD02F0E8F9FF23237010BD00BF10
:10DE6000EC8A0320034B1A8A02F1010CA3F810C0BC
:10DE7000FFF7E8BE68F6032038B504460D46FFF705
:10DE800053FE0346E31AB3FA83F35B0905482B708C
:10DE900004F1180102F096F810B10023A3770120D5
:10DEA00038BD00BF68F603202DE9F0431F4E3468EB
:10DEB0006CB34FF000083546C6464FF004092346C0
:10DEC000246853F8187C53F8082CD21953F8147CA2
:10DED00047F1000C82427CEB010C1AD22A681268CE
:10DEE0002A6083F80690B26883F800E083F801E0C6
:10DEF00083F802E083F803E07AB1F2681360F3601C
:10DF00004FF00108002CDAD1B8F1000F07D1BDE8BD
:10DF1000F0831D46002CD2D1F6E7B360EFE7044B47
:10DF2000BDE8F043187802F08FB900BF68F603200F
:10DF3000EC8A032070B5154EB368054600F1180150
:10DF4000BBB1B368002423B913E01A681C4682B140
:10DF500013469942F9D10CB1AA692260B268914284
:10DF600004BF1B68B360F36899420AD00023AB7703
:10DF700070BD074802F026F80028F9D00023AB77DF
:10DF8000F6E70023F460AB77F2E700BF68F6032002
:10DF90006CF603202DE9F843484E3468002C00F05D
:10DFA00087804FF000080F460546B14641464FF0C6
:10DFB000040E2346246853F8180C53F8082C121842
:10DFC00053F8140C40F1000CAA427CEB070C69D208
:10DFD000D9F800201268C9F8002083F806E0B2687A
:10DFE000197059709970D970002A5FD0F268136067
:10DFF000F3604FF00108002CDBD1B8F1000F03D023
:10E000002F4B187802F020F93368002B50D053E9D9
:10E010000612A94272EB070053F8100C3CBF2946C8
:10E020003A46A3F1180C0A304FF000041B6844F183
:10E030000004091842EB04021BB92DE016D81B6836
:10E0400053B353E90604884274EB020E24D29CF8C1
:10E05000148013F804ECF045F0D1B3F804E0BCF8F8
:10E060001C80AEEB080E1EF4004FE8D0854277EB23
:10E07000040E294638BF014653F8100C3A46A3F166
:10E08000180C38BF22461B68091842F100020A31F9
:10E0900042F10002002BD4D10CF1180373616046E9
:10E0A000BDE8F8839946002C83D1A6E7B3609FE7CB
:10E0B00000239C4673616046BDE8F88368F6032040
:10E0C000EC8A032010B5054C6169204601F07AFF07
:10E0D00018B1606900231838636110BD68F6032029
:10E0E0001C49096839B3A1F1180C9CF8141081423D
:10E0F0001DD870B5DCE9004112F10A0543F1000EAC
:10E10000AC4271EB0E0620D2DCF81060341941F1FC
:10E110000001AC4271EB0E0115D2DCF8181071B1A0
:10E12000A1F1180C9CF814108142F6D8E2E7DCF853
:10E1300018100029D7D14FF0FF30014670474FF03B
:10E14000FF30014670BD2C467146B4F10A0041F122
:10E15000FF3170BD68F6032010B5837F022B06D017
:10E16000837F012B02D0837F042B1DD110BD437D03
:10E1700013F0020313D103210E4A817794680376CA
:10E1800000F1180143768376C3765CB1D3681960D9
:10E19000094BD160BDE81040187802F055B8002353
:10E1A000837710BD9160F3E74FF4FF719F2001F07A
:10E1B00059FE00BF68F60320EC8A032070B5114DAC
:10E1C00000F1180604463146284601F0FBFE98B1DE
:10E1D0000423A377AA68002323766376A376E376E5
:10E1E00042B1EB681E60084BEE601878BDE87040E5
:10E1F00002F02AB8AE60F6E74FF402719F2001F0FA
:10E2000031FE00BF68F60320EC8A03202DE9F04FB1
:10E21000066983B0002E6ED1D0E900158368077DB2
:10E22000EFF3108472B6DFF8D8C0DCF80020002AC3
:10E2300052D0BCF8108013F10A0E46F10006CDE969
:10E240000008183AB046D2E9003611EB0E0A45EB49
:10E2500008099A4579EB060C3DD38B4276EB050C09
:10E2600027D3106910EB030C46F1000BD4457BEB70
:10E27000090B34BF4FF0010C4FF0000CBCF1000F44
:10E2800013D092F814C0BC452DD034BF4FF0010C10
:10E290004FF0000CBCF1000F07D013F10A01936896
:10E2A00046F10005591845F1000592699AB1183AEE
:10E2B000C9E7906813F10A0C46F1000910EB0C0C49
:10E2C00049F10009614575EB090934BF4FF0010CB4
:10E2D0004FF0000CD2E7009804B962B6C0E900150F
:10E2E00003B0BDE8F08FB2F81CC00198ACEB000C95
:10E2F000CCF3C03CCEE740F227219F2001F0B2FDD5
:10E3000068F60320024B0521186801F035BE00BFF6
:10E3100080F60320054B586810B1C36805211847E3
:10E3200010B54FF41B71B02001F09CFD80F6032066
:10E330002DE9F0471646002B55D0D3E900894B4C08
:10E34000804579EB0103A38A3CBF8046894664334C
:10E35000B8EB000569EB01070022AB422261BA412C
:10E36000C4E9028916DBA36903F2A3139D4277F186
:10E37000000769DA3E4AC4F8288040464946C4F896
:10E380002C9000F0C7FD3B4A052384F83030326002
:10E39000BDE8F087627F237F1AB19A071ED400225E
:10E3A000627703F0010AA36903F2A3139D4277F198
:10E3B00000072EDABAF1000FDCD0A08A2C4AB8EBA5
:10E3C000000069F10001C4E90A0100F0A3FD062381
:10E3D000284A84F830303260BDE8F087236A012093
:10E3E0009847237FDBE7214C637F2BB1237F9B077B
:10E3F00002D5236A012098470025657701F000F9CE
:10E40000FFF736F92B461C4A84F830303260BDE8FD
:10E41000F08701F0F5F8FFF72BF9A08AA369BAF1AC
:10E42000000F01D0984215D8B8EB0300104A69F1EB
:10E430000001C4E90A0100F06DFD02230D4A84F8D1
:10E4400030303260BDE8F08701F0DAF8FFF710F9FC
:10E45000A369E9E7B8EB0000054A69F10001C4E9E6
:10E460000A0100F057FD034A01238EE780F60320DE
:10E4700005E30300C1E50300B9E7030002392DE914
:10E48000F04104292DD8DFE801F00309292C0C0004
:10E49000164A137F003B18BF012353770020BDE8C5
:10E4A000F081044600F002FD00F010FE0E46074623
:10E4B000FFF770FD0D4D80466868FFF74DFE224660
:10E4C000384631464346002400260027C5E9026746
:10E4D0006C60FFF72DFF0220BDE8F081FFF790F997
:10E4E000DCE740F21721B02001F0BCFC80F60320ED
:10E4F0002DE9F84F2E4C637FA769804683BB94F8C3
:10E500001C9019F0010934D100F0E0FD10EB070B6D
:10E5100041F1000A05460E4658465146FFF73AFDBE
:10E52000A8B3D0E900329B457AEB02011BD300234C
:10E53000204AA56228463146C4E902BAE662236150
:10E5400000F0E8FCB9F1000F18D0A38A1A4A9F42E4
:10E5500016D0022384F83030C8F80020BDE8F88FC8
:10E560004FF00009D0E7DD1B9B4662F100069246A2
:10E57000DDE7A38A9F4238BF1F46C5E70E4AE8E79A
:10E58000012384F83030C8F80020BDE8F88F637F9D
:10E590002BB1237F9B0702D5236A012098470023D4
:10E5A000064A84F830306377C8F80020BDE8F88F59
:10E5B00080F6032005E30300C1E50300B9E703008B
:10E5C000023970B50546032900F2EB80DFE801F05F
:10E5D00006024508754B002283F83120002070BDEB
:10E5E000724C94F830301A1F012A40F29F8000F0DC
:10E5F0006DFDA26A2369801A9842B8BF184694F844
:10E6000030302061022B7FD0237FD90740F1C480B6
:10E61000607F002840F0C080236A98470123637719
:10E6200094F83020022AD4E902034BD0012A70D09A
:10E630002269323843F1FF31101841EBE2715C4A34
:10E64000C4E90A0100F066FC94F83030062B0CBFD8
:10E650000523042384F83030C0E7544C94F830305C
:10E66000042B0FD8022B25D8013B012B00F28F8001
:10E67000FFF7C6F80028B1D000F016FD2846FFF7D6
:10E6800037FF15E0053B012B00F28180FFF7B8F85A
:10E690000028A3D000F008FD00F018FD06460C4647
:10E6A000FFF778FC2A46034621463046FFF740FE36
:10E6B000022070BDFFF7A4F800288FD0012384F852
:10E6C00031308BE7227FD2070ED5627F62B9A18AF3
:10E6D000374A401A63F10001C4E90A0100F01AFC4C
:10E6E000032384F8303079E72169314A323843F125
:10E6F000FF33401843EBE171C4E90A0100F00AFC62
:10E70000042384F8303069E700F072FFFEF7AAFFB7
:10E7100086E7A169264A401A63F10001C4E90A01AB
:10E7200000F0F8FB022384F8303057E7042B94F80C
:10E73000316019D0002EAFD1FFF7C4FC0028ABD058
:10E740006060C4E90D6600F0A5FB60680223837772
:10E750003146C3689847D4E90201FFF7A5FB154B82
:10E7600084F830602B60A3E700F052FF0028E1D16D
:10E7700000200021FFF70EFC08B1FFF71FFD00F09D
:10E780003FFFFEF775FF2846FFF7B2FE90E74FF414
:10E79000CD71B02001F066FB40F2B311B02001F062
:10E7A00061FB40F2F111B02001F05CFB80F6032028
:10E7B00005E303007DE40300032910B506D8012911
:10E7C0000AD840F25D11B02001F04CFB0429F8D1C9
:10E7D0000446FFF715F808B9002010BD2046FFF7E2
:10E7E00087FE022010BD00BF10B5EFF3108472B693
:10E7F0000A4B0B4A19680968914202D004B962B603
:10E8000010BD93F83030033B012BF7D800F0F8FE31
:10E81000FEF72EFF00F048FCF0E700BF80F6032073
:10E82000C1E5030010B5064A064C026000232060D3
:10E8300084F830302377FEF73DFF5130A06110BDE2
:10E84000B9E7030080F6032010B5EFF3108472B629
:10E85000034B0421186801F08FFB04B962B610BDA8
:10E8600080F6032008B5094B5A684AB1D3E9022162
:10E870008018BDE80840064A41F1000100F04ABB9B
:10E8800040F27221B02001F0EDFA00BF80F60320C3
:10E8900015E3030008B5064B5B681BB1BDE80840F3
:10E8A00000F002BC4FF41E71B02001F0DBFA00BF93
:10E8B00080F6032008B5054B5A680AB1586308BDB5
:10E8C00040F27E21B02001F0CDFA00BF80F6032097
:10E8D00008B5054B5A680AB1986308BD4FF4217119
:10E8E000B02001F0BFFA00BF80F60320044B9B6B01
:10E8F00003B1184710B540F28A21B02001F0B2FAF6
:10E9000080F60320044B5B6B03B1184710B54FF43E
:10E910002471B02001F0A6FA80F60320014B58685C
:10E92000704700BF80F6032008B5054B5A6812B146
:10E93000D3E9020108BD40F29B21B02001F092FA18
:10E9400080F60320034B187F10F0010018BF988A4F
:10E95000704700BF80F60320054B1B681BB1D3E94D
:10E9600008200421104710B57221452001F07AFAE1
:10E97000C0F60320054B1B681BB1D3E90820032117
:10E98000104710B56C21452001F06CFAC0F6032049
:10E990002DE9F04104460D4679B9174F3B683BBB62
:10E9A00016483C60FFF786FF1548FFF791FFFFF719
:10E9B00055F8637D5B07064605D4D4E9083029463F
:10E9C000BDE8F0411847FEF703FF2036361A7E6097
:10E9D00000F0F8FB0028FBD00A4B0022C3F8A82562
:10E9E0002946C3F8AC25D4E90830BDE8F041184702
:10E9F0008621452001F036FAC0F6032075E90300B0
:10EA000059E9030000F00140024B00221A601A810C
:10EA1000704700BFC0F60320704700BF08B5074B22
:10EA20001A683AB10648D06000211960BDE8084074
:10EA3000FEF776BFB921452001F014FAC0F6032095
:10EA400091E90300C0E908122022002101F080BDF5
:10EA500030B587B04B7A00220D460592CDE90022F1
:10EA60000492C3F3800282F001024FF0000162F3CE
:10EA7000820104462A78287A8DF815108DF8140042
:10EA800069682B4802910390002A40D1D5E90420FF
:10EA90009DF815C01CF0040FCDE9002028D19DF889
:10EAA00015202449C3F340035B0043F0010322F027
:10EAB000030213438DF815304B68C3F308038BB181
:10EAC000103B5BB2002B1CDB03F1604303F5614399
:10EAD00093F800335B092BB969462046FEF7F4FE34
:10EAE00007B030BD69462046FEF7CCFE07B030BD0A
:10EAF000203A01F1200140F1FF3000920291019093
:10EB0000CDE703F00F0319440B7D5B09E3E72B69A5
:10EB10000493FEF755FE9DF815305B07CDE9000123
:10EB200004D5029A6B7A20320292B8E76B7AB6E784
:10EB300091E9030000ED00E010B5037886B0B3B9A9
:10EB400090ED047B04464068217ACDE902036846D3
:10EB5000CDE904338DED007B8DF81410FEF78CFFAA
:10EB6000DDE900230120C4E9042306B010BD4FF401
:10EB7000AB71452001F076F908B50A4B1B6863B10B
:10EB80005B7D5B0705D5FEF769FF203041F1000191
:10EB900008BDBDE80840FEF761BF4FF4EE714520A7
:10EBA00001F060F9C0F6032030B50C7887B07CBB6B
:10EBB0004B7A05940C7A8DF81440C3F3800E174CF1
:10EBC0004D6803948EF0010ED1E904414FF0000C22
:10EBD0006EF3820C1CF0040FCDE900418DF815C0D6
:10EBE000029507D0203C05F1200541F1FF3100944A
:10EBF000029501919DF815400492C3F3400363F31D
:10EC0000410469468DF81540FEF73CFE07B030BD63
:10EC100040F21F21452001F025F900BF91E90300D2
:10EC200070B4EFF3108672B617490D78ADB1174B7B
:10EC3000D3F80445D3F848314FF6FF7294421FD001
:10EC4000E3B147F6FE739C4218D84B68013306B90E
:10EC500062B6C0E9004370BC70470C4AD2F8044564
:10EC6000D2F8043153B14B6801334B60C2F8045100
:10EC7000D2F80445D2F80431002BF4D14B68E6E712
:10EC8000002BFBD11C46F9E7F8F6032000B000404A
:10EC900010B50A4C002222742277094B0948012141
:10ECA0005960C3F84025C3F840214FF40022196190
:10ECB000C0F8082501F018FB206210BDF8F603200B
:10ECC0000080004000F001403749384BF0B44D6AF5
:10ECD000374C002201204A6058609860C3F808430E
:10ECE000C3F84843C3F80421C3F84021C3F84421C2
:10ECF000C3F84821002D55D02E4C2F4EC4F8A865DE
:10ED00002E4AC4F8AC55C4F85C394FF40023C4F85B
:10ED100004350523C2F840351060D2F84031002B8D
:10ED2000FBD02448002301244FF40025C0F80855E7
:10ED30005460D460C2F84031C2F84035C0F8A835FC
:10ED4000C0F8AC35C0F8AC350B7833B391F8284037
:10ED5000184816491A4E1B4DE30003F1804303F592
:10ED6000F8330122A2404FF6FF774FF48024C0F819
:10ED70000825C1F84443C1F84875C1F80443C3F8F5
:10ED80001065C3F81455C0F804250F4B4FF400620A
:10ED9000C3F88021F0BC1A607047044B0222C3F80C
:10EDA0000423F2E71860CFE7F8F6032000B0004034
:10EDB0000200070000F00140408100400080004058
:10EDC00048B1004008B0004000E100E00D4B0E4AA1
:10EDD00030B4012000210D4C58604FF40025C3F8D9
:10EDE0004015C3F840114FF480711861C4F80855FC
:10EDF000C2F88011C2F88010BFF34F8FBFF36F8F3E
:10EE000030BC70470080004000E100E000F00140AD
:10EE100030B41B4A1B4C1C4D1C480023012163606D
:10EE200051609160C2F80853C2F84853C2F80431E7
:10EE3000C2F84031C2F84431C2F848312278C0F8F3
:10EE4000A835C0F8AC3572B194F828209140D200B2
:10EE500002F1804202F5F832C2F81035C2F81435DA
:10EE6000C0F8081523700A4B4FF40062C3F88021E4
:10EE7000C3F88020BFF34F8FBFF36F8F30BC704754
:10EE800000B00040F8F603200200070000F0014047
:10EE900000E100E0044B4FF080411A6A0123C1F801
:10EEA00008351360704700BFF8F6032010B4144C07
:10EEB0001449154A0023C4F8A8350120C4F8AC351C
:10EEC0004FF0FF3448600861C1F808430F4891686B
:10EED0004FF48074C0F8804141B10D494FF4803047
:10EEE000C1F808031374C1F840319360126A5DF8E9
:10EEF000044B4FF080410023C1F808351360704780
:10EF000000F0014000800040F8F6032000E100E03E
:10EF100000B00040F0B55A4CA36883B0002B40F01D
:10EF20009F802578A260002D5CD1564B994200F25B
:10EF30009C80430F544E554F43EAC101A6FB01325A
:10EF4000C0F34F33920B03EB014307FB1233A6FBD5
:10EF500003639B0B43EA02434D4A02FB1300420B3F
:10EF600048F2376101FB02F2120C43F60957494996
:10EF700007FB120000FB01F1490D43F6085601EBB7
:10EF8000422207FB0161B0EB512F88BF01320026FE
:10EF9000002D41D01F0C1B049D18684647F1000747
:10EFA000FFF73EFEDDE90032053346F100064FF47F
:10EFB0008031E2FB01369D4277EB060647D32A0CEF
:10EFC0004FF6FF71ADB242EA0742002D08BF0D4671
:10EFD00031494FF48030C1F84055E260C1F8040374
:10EFE00003B0F0BD2D4B994244D8430D264E274F18
:10EFF00043EAC121A6FB0132C0F34F13920B03EB8E
:10F00000014307FB1233A6FB03639B0B43EA024356
:10F01000234A02FB1300A2E71F0A1B069E1868463C
:10F0200047F10007FFF7FCFDDDE90032053345F14C
:10F0300000054FF08071E2FB01359E4277EB05053C
:10F0400005D3320E42EA072226F07F45C0E7FF23B0
:10F050002374144B4FF40062C3F8002103B0F0BDD9
:10F0600040F2F921052000F0FDFE4FF494710520D7
:10F0700000F0F8FE40F22311052000F0F3FE00BF7F
:10F08000F8F60320FF7F841E83DE1B43000024F478
:10F090000080841E6F0C010000B000407F841E00C1
:10F0A00080841E0000E100E0064B9A684AB10649E0
:10F0B0004FF48032C1F8082300221A74C1F84021AD
:10F0C0009A607047F8F6032000B0004070B4EFF388
:10F0D000108572B6364C207820B3364BD3F8042511
:10F0E000D3F848614FF6FF739A4252D043F6095164
:10F0F000C2F3080301FB03F3500A01FB00F003F520
:10F10000807300EB53200021002E45D047F6FE739C
:10F110009A4241D86368013325B3274A70BCE3FBA8
:10F1200002017047234AD2F80435D2F8041111B312
:10F13000636801336360C2F80401D2F80435D2F881
:10F1400004110029F4D143F6095CC3F30802580AFC
:10F150000CFB02F202F580730CFB00F000EB532075
:10F1600063681DB962B62278002AD6D1134AE3FB40
:10F17000020170BC704743F60956C3F30802580AEF
:10F1800006FB02F306FB00F003F5807300EB53204F
:10F19000E6E71EB10A4800216368BDE7636815B958
:10F1A00028462946DEE7044A30463146DFE700BFFD
:10F1B000F8F6032000B0004080841E000080841E0A
:10F1C00061841E0070B4EFF3108072B6384A15786F
:10F1D0000DB3384BD3F80455D3F848614FF6FF739D
:10F1E0009D4256D043F60954C5F3080104FB01F1D2
:10F1F0006B0A04FB03F301F5807103EB5123002438
:10F20000002E49D047F6FE718D4245D85168013134
:10F2100008B3294824E02749D1F80435D1F804413E
:10F220004CB3536801335360C1F80451D1F804352D
:10F23000D1F80441002CF4D143F6095CC3F3080172
:10F240000CFB01F15B0A01F580710CFB03F303EB8E
:10F250005123516818B962B610780028D9D11748DF
:10F26000E1FB0034D2E90C128B4294412CBF012007
:10F27000002070BC7047C3F3080143F609555B0AD0
:10F2800005FB01F105FB03F301F5807103EB51234D
:10F29000DFE71EB10A4B00245168B9E7516810B985
:10F2A00003460446D7E7044833463446D8E700BF50
:10F2B000F8F6032000B0004080841E000080841E09
:10F2C00061841E00194B1A4810B5012200214FF429
:10F2D00000245A60C3F84015C3F840111A61C0F801
:10F2E0000845D3F8040520F00300C3F80405D3F85B
:10F2F000080540F003001021C3F8080591FAA1F1B8
:10F30000B1FA81F109290CDC0A48C3F810154FF451
:10F310008074DA60C0F8804104605A60DA601A6074
:10F3200010BD054840F29F3100F092FD0080004082
:10F3300000F0014000E100E080EB04002DE9F0471F
:10F34000DFF888815C4E012100234FF4002284B055
:10F35000C8F80410C8F84035C8F84031C8F8101093
:10F36000C6F80825D8F8042522F00302C8F80425B9
:10F37000D8F8082542F00302C8F80825102292FAAE
:10F38000A2F2B2FA82F2092A00F39180C8F810259D
:10F390004A4A4B4FC8F80C104FF48070C2F88001F5
:10F3A0001060484AC8F80410C8F80C10C6F8A82520
:10F3B0003A78C6F8AC8502A8002A56D0019306E038
:10F3C0000123C6F808A5C8F80430C8F80C30FFF7C8
:10F3D00027FCDDE90243019D4FF4002A4FF48039F8
:10F3E000C6F804A5E3FB0945FFF71AFCDDE9023284
:10F3F0000199E2FB0931A94208BFA342E0D10134DF
:10F4000043F60952C4F3080345F1000502FB03F378
:10F41000210EC4F34E2441EA052102FB04F02D0E17
:10F4200003F5807300EB53204C016B01641A43EA2F
:10F43000D16363EB0506B201A3011B1B42EA946290
:10F4400062EB0602D20042EA5372DB005B1845EB26
:10F450000205E903DA03801841EA534141F1000152
:10F46000C7E90C0104B0BDE8F087019206E0012372
:10F47000C6F808A5C8F80430C8F80C30FFF7D0FB70
:10F48000DDE90243019D4FF4002A4FF08079C6F870
:10F4900004A5E3FB0945FFF7C3FBDDE9023201994F
:10F4A000E2FB0931A94208BFA342E0D1A7E7064821
:10F4B00040F29F3100F0CCFC00F0014000E100E0A0
:10F4C000F8F6032000B1004080EB0400008000400B
:10F4D00010B5029C201841F10001801A61EB030174
:10F4E000B0F1004F71F1000100DA10BD40F2A93116
:10F4F000052000F0B7FC00BF70B4EFF3108572B6C2
:10F50000364C207820B3364BD3F80425D3F8486125
:10F510004FF6FF739A4252D043F60951C2F30803E3
:10F5200001FB03F3500A01FB00F003F5807300EBCD
:10F5300053200021002E45D047F6FE739A4241D851
:10F540006368013325B3274A70BCE3FB02017047AF
:10F55000234AD2F80435D2F8041111B36368013399
:10F560006360C2F80401D2F80435D2F8041100290E
:10F57000F4D143F6095CC3F30802580A0CFB02F20B
:10F5800002F580730CFB00F000EB532063681DB99B
:10F5900062B62278002AD6D1134AE3FB020170BC7E
:10F5A000704743F60956C3F30802580A06FB02F3F4
:10F5B00006FB00F003F5807300EB5320E6E71EB175
:10F5C0000A4800216368BDE7636815B928462946E3
:10F5D000DEE7044A30463146DFE700BFF8F6032095
:10F5E00000B0004080841E000080841E61841E00E4
:10F5F000024B0122C3F84423704700BF00B0004013
:10F60000024B0122C3F84823704700BF00B00040FE
:10F6100008B5FEF733F830B9074A936B0133312B45
:10F62000936304D808BD044B00229A6308BD40F2DE
:10F63000F531052000F016FCF8F6032010B53F4C1C
:10F64000237882B0002B55D03D4BD3F804235203CE
:10F650005BD43B4BE168D3F80423D00334D5D3F813
:10F660004031002B30D0636899425DD80023237469
:10F67000334AA168C2F840314FF48030C2F8080321
:10F68000002955D0A36088472D4BA169D3F80423E6
:10F69000920324D5D3F844310BB363688B423FD334
:10F6A00000222277264B6169C3F844214FF40030D1
:10F6B000C3F8080300293BD08847214BD3F84031D9
:10F6C0000193019B02B010BD6268237C002BCDD159
:10F6D0009142D9D91A4B0022C3F84021D4E762687D
:10F6E000237F002BDCD18A42E7D2154B0022C3F8DE
:10F6F0004421E2E7124AD2F804110029A9D0C2F845
:10F700000431636801336360A3E7D3F84821002A1A
:10F710009FD00022C3F8482163680133636098E7F3
:10F72000237F002BE1D0BBE7237C002BD2D09DE7C9
:10F7300040F23741052000F095FB00BFF8F60320AA
:10F7400000B00040034610B3007888B91A79012A46
:10F750001ED85A79012A1BD89A680E49643A8A42FF
:10F7600016D8D8680C4B98422CBF00200120704757
:10F7700001280CD11A79012A09D85A79012A06D808
:10F78000DA680449643A8A4201D89868EAE70020B6
:10F79000704700BF3C8601000040420F08B50023BF
:10F7A0000B8581F82A300B6A0921984728B1037824
:10F7B0001BB1E9216A2000F055FB08BD436A1944DA
:10F7C0004162A1F15000FDF7FDBFD4D470B50446ED
:10F7D000FDF7F6FFD4E90632656A503342F10002C4
:10F7E0005B1942F1000205F5DF6540F2F966B5FBF1
:10F7F000F6F55B1942F1000283428A410ED294F879
:10F800002A30052B03D0B3216A2000F02BFB0A21FC
:10F81000236A94F858009847B621F5E7044C23680A
:10F8200013B1984700232360BDE87040FFF7F6B896
:10F8300034F7032070B504460D4639B9012380F82A
:10F840005930FFF7C3FF0226304670BD0E78032EF5
:10F8500070D801A353F826F047F8030069F80300B5
:10F86000D3F803008BF803004868C72801D80026A6
:10F87000EAE70421FEF7C2F80028F8D0FDF7A6FF5A
:10F8800069682046FFF79AFFDEE790F8286006BB1C
:10F890004D682846FFF756FF00284BD02B78D3B988
:10F8A000012121702B796A79003B18BF0123002ABE
:10F8B00014BF042202222272AA6843F004036F32AA
:10F8C0006260EA6863720323226184F82A3084F854
:10F8D00029102046B5E794F82A30052B04D040F2D1
:10F8E00093116A2000F0BEFA26702B796A79003BEA
:10F8F00018BF0123002A14BF042202222272EA68E0
:10F9000043F004036F3263726260D4E90632A9687F
:10F910005B1842EBE172C4E90432042384F82A3014
:10F92000214604F13000FFF793F80028D1D140F2CE
:10F930009511D6E7012384F85930CAE7F8B5044693
:10F9400020B940F2AD116A2000F08CFA90F85850BE
:10F95000052900F2CA80DFE801F003834668727C63
:10F9600090F82A30033B012B02D94FF4DC71EAE70F
:10F97000052380F82A30002380F859300378EBB152
:10F980002378012B27D1FFF7F7F894F828606368F4
:10F990006362C4E906010EBBFDF720FF3146204635
:10F9A000FFF70CFF236A3146284698470146204658
:10F9B000FFF740FF022840F09B80F8BDFDF700FFF5
:10F9C00006460F46FFF7D8F81F3647F10007864274
:10F9D0008F41F3D3D4E7D4E90401D6E72046BDE84C
:10F9E000F840FFF7F3BE90F82A30DA1E012A02D958
:10F9F00040F2ED11A7E790F828202AB121462846C9
:10FA0000BDE8F840FFF7CABE042B18BF012180F8FB
:10FA10002A10036A0521284698470028CDD003788C
:10FA2000002BCAD04FF400718DE790F82A30052BD7
:10FA300002D040F2062186E7036A0221B4E790F87B
:10FA40002A30052B02D04FF403717CE7036A0121B1
:10FA5000AAE790F82A30052BC0D040F2122172E7B5
:10FA600090F82A30052B07D090F829200AB1032BF3
:10FA700002D040F2172166E794F82820002ABDD171
:10FA800094F8593083B1022384F82A3084F859203D
:10FA9000236A08212846984700288ED00378002B37
:10FAA0008BD040F223214EE794F8292062B184F8EC
:10FAB0002930214604F13000FEF7CAFF00287FF408
:10FAC0007CAF4FF40A713EE7022384F82A30072105
:10FAD000236A2846984700283FF46FAF0378002B2D
:10FAE0003FF46BAF40F22F212DE74FF40D712AE761
:10FAF0000128236A0CBF0421032155E770B500F0EB
:10FB0000EDF8002405462646E0B2854200D870BDD7
:10FB100000F0EAF80134068580F82A60F4E7F8B5C9
:10FB200004460D4600F0DAF800270646F8B2864291
:10FB300004D8082D0CD96FF0150008E000F0D4F8B7
:10FB400090F82A300137002BF0D04FF0FF30F8BD8D
:10FB50002CB129462046BDE8F84000F0D1B8214636
:10FB60002046F8E72DE9F8438846074658B300F0E9
:10FB7000B5F84FF0000904465FFA89F6B44203D89D
:10FB80006FF00B00BDE8F883304600F0ADF890F858
:10FB90002A5009F10109002DEED1304600F0A4F8F9
:10FBA0000A490585044680F82A5080F858600246C4
:10FBB0003030FEF747FF0123276284F82A302846B9
:10FBC00088F80060DEE76FF01500DBE73DF9030021
:10FBD00010B5044600F088F8014688B190F8283046
:10FBE0008BB990F82A3073B1013B012B04D8204621
:10FBF000FFF7D4FD002010BD012380F82830F9E77D
:10FC00006FF00100F7E76FF02200F4E770B50D46E2
:10FC100000F06AF8044600284CD090F82A60731E61
:10FC2000012B4DD8002D48D02846FFF78BFD00282A
:10FC300043D02B780BBB012323702B796A79003BCF
:10FC400018BF0123002A14BF042202222272AA68CC
:10FC50006F3243F004036260EA6822616372032337
:10FC600084F82A30214604F13000FEF7F1FE50BB43
:10FC700040F2C1216A2000F0F5F8022E20D10023C5
:10FC800023702B796A79003B18BF0123002A18BF23
:10FC900004262672EA6843F004036F3263726260DE
:10FCA000D4E90632A9685B1842EBE172C4E9043278
:10FCB0000423D5E76FF0010070BD6FF01500FBE77E
:10FCC0006FF02200F8E70020F6E7D4D4024B0022C0
:10FCD0001A601A71704700BF38F70320014B18797A
:10FCE000704700BF38F70320044B1A79824283BF64
:10FCF0001B68602202FB00300020704738F70320A9
:10FD00000A4610F0030110B50AD1074C2271206099
:10FD100008B9002010BD60235A4300F019FCF8E731
:10FD20006FF00D00F6E700BF38F70320BFF34F8FE9
:10FD30000549064BCA6802F4E0621343CB60BFF387
:10FD40004F8F00BFFDE700BF00ED00E00400FA05A3
:10FD5000094B01225A604FF0FF32C3F80823074BCA
:10FD60004FF48042C3F88020BFF34F8FBFF36F8FF3
:10FD7000C3F88021704700BF00E0004000E100E0D0
:10FD8000094B01225A604FF0FF32C3F80823074B9A
:10FD90004FF48052C3F88020BFF34F8FBFF36F8FB3
:10FDA000C3F88021704700BF00C0004000E100E0C0
:10FDB000084B0022C3F8FC2F0122C3F8FC2F064B8E
:10FDC0000222C3F88020BFF34F8FBFF36F8FC3F8B9
:10FDD000802170470010004000E100E038B5184C69
:10FDE000237863B3FDF7E0FCEFF3108572B60023D0
:10FDF0006360FEF711FEFDF7ADFCFFF7D9FFFFF7DB
:10FE0000BFFFFFF7A5FF94F90830002B0DDB5A095F
:10FE1000012103F01F03994002F12003094A42F82F
:10FE20002310BFF34F8FBFF36F8FFFF74FFF064BCA
:10FE3000064AC3F8082505B962B60023237038BD09
:10FE400040F7032000E100E000F00140000008C09E
:10FE500008B572B6024B5B6803B19847FFF766FFBF
:10FE600040F703201FB572B6134B5D6895B9FFF7D5
:10FE70005DFF2346B2FBF6F25C1C002AF9D104AE0A
:10FE8000DCB256FA83F303F80C2C0A2234B901A829
:10FE9000A847ECE7024600230A26EDE7631E04AEFE
:10FEA000DCB256FA83F3B0FBF2F602FB16003030F8
:10FEB00003F80C0C3046E9E740F70320F8B51F4E75
:10FEC000337805460C461746A3BB00F001FAFDF750
:10FED00023F877603472FFF76BFFFFF751FFFFF7EE
:10FEE00037FF174B002D14BF28461846FDF7FAFBC5
:10FEF0000546E8B9FEF788FDFDF7E6FBFFF7FEFDD6
:10FF0000FDF740FC18B9B8211120FFF7ABFF002C1A
:10FF10000CDB04F01F026409A40004F1604404F542
:10FF2000614401239340C4F880312360012333707E
:10FF30002846F8BD4FF0FF35FAE700BF40F7032031
:10FF400076EB0400074B93F90830002B09DB5A09C4
:10FF5000012103F01F03994002F14003024A42F8D5
:10FF60002310704740F7032000E100E0014B1878B0
:10FF7000704700BF40F70320F8B5037904461BB172
:10FF80001B219D20FFF76EFF4679017126B90123E1
:10FF90004371217909B96171F8BD2768267120463E
:10FFA000B84702280546F4D103212046B84708B1D6
:10FFB0002F21E6E723682946204698470028E8D005
:10FFC0003021DEE70346006800B970478842F9D166
:10FFD00002681A607047D4D4F0B5284D284C294FD8
:10FFE00083B02E780136F6B2D5E84F3F0133DBB24D
:10FFF000C5E8423F002AF7D101236360C4F800211D
:020000024000BC
:10000000C4F80421EFF3108272B6C4F8040523602B
:1000100052B962B608E0D4F804314BB92B789E424D
:1000200006D13B69DB0613D4D4F80031002BF2D0A3
:10003000D4F80431002BD4D12A78B242D1D1032292
:10004000C4F80031C4F80431C4F8082303B0F0BD8B
:100050000D4B03214FF48042C4F80413C3F88021F0
:10006000D4F80031002BDFD1D4F80431002BDBD1E0
:10007000019000F081F90198D6E700BF49F703200D
:1000800000E0004000ED00E000E100E070B5144643
:10009000DA078CB01D4686468C4633D5C368426865
:1000A0001BBA0093CB681BBA049383681BBA0193F5
:1000B00003681BBA03938B6812BA1BBA02920593AA
:1000C0004A680B6812BA1BBA6E460692079330460E
:1000D000FFF782FFAB070DD5DDE90A10DDE9083235
:1000E00000BA09BA12BA1BBA20606160A260E3606C
:1000F0000CB070BD08AD0FCD20606160A260E36000
:100100000CB070BDDEF80410DEF80820DEF80C300C
:100110000068EE46AEE80F00DCF80000DCF80410E2
:10012000DCF80820DCF80C306E46AEE80F00CEE7B5
:1001300010B5002482B0CDE90044FFF7A7FF02B05C
:1001400010BD00BF1A4B4FF4805270B5C3F8802029
:10015000BFF34F8FBFF36F8F164C174D0021C4F8BC
:100160000011C3F880212E692B6943F010032B6125
:100170000123C4F8043306F010062360D4F80031DC
:100180009BB11EB92B6923F010032B610123D4F816
:1001900008056360C4F808330023C4F80031044B39
:1001A0004FF48052C3F8802170BD00F0E5F8E5E718
:1001B00000E100E000C0004000ED00E00346002048
:1001C00018707047EFF3108272B603780121DBB22A
:1001D000017002B962B6012B0CBF6FF02200002043
:1001E0007047EFF3108372B60022027003B962B653
:1001F000002070470B4938B5042301EBC302157981
:1002000005F0FF042DB1013BF7D240216920FFF733
:1002100029FE41F833000121547194711171D8B253
:1002200038BD00BF4CF70320042808B503D9472187
:100230006920FFF717FE034B03EBC00300221A717E
:1002400008BD00BF4CF70320042808B503D950218E
:100250006920FFF707FE094B03EBC0000379012B70
:1002600001D05121F4E7437982790133DBB29A421C
:1002700018BF4371BDE80840FFF764BE4CF7032088
:1002800038B5114D052495F8281005EBC1031A79EE
:10029000012A09D158799A79904205D05A79D2B277
:1002A0009A7155F83130984795F828300133DBB210
:1002B000052B04F1FF3428BF002314F0FF0485F858
:1002C0002830E0D138BD00BF4CF70320FFF7D8BF7E
:1002D0004FF08052034BD2F830111960D2F834211C
:1002E0005A60704778F70320084B1B68083B082BBF
:1002F0000AD840F2211222FA03F313F0010F044B43
:10030000044818BF184670470248704778F7032022
:1003100000E701400C050040144B1B68062B03D07E
:10032000013301D020BF7047EFF3108072B6104A3E
:100330001369116941F0100111610E49D1F80021D2
:10034000D1F804110A4303F0100300D040BF20BFCE
:1003500000BF00BF00BF00BF23B9054A136923F0E7
:100360001003136100B962B6704700BF78F703202D
:1003700000ED00E000E100E0FFF7CEBFFFF7CCBFEB
:10038000914270B53FD2B2FA82F33BB1C3F120047F
:1003900020FA04F49940214398409A40150CB1FB8F
:1003A000F5FC05FB1C1E4FEA0E4E030C84B20EEB4F
:1003B00010401FFA82FE0CFB0EF6864206D9361A52
:1003C000964294BF01260226ACEB060C03EB0143D8
:1003D0000CFB1233B3FBF5F005FB103304EB0344C5
:1003E00000FB0EFEA6454FEA0C4C09D9AEEB040EFD
:1003F000964594BF4FF0010E4FF0020EA0EB0E0099
:1004000040EA0C0070BD73219620FFF72BFD00BF62
:1004100070B51D4604461646FFF7B2FF049B2860E0
:1004200000FB16441C6070BD2DE9F8431C4652EADF
:10043000040349D0074615460E4684B9914204D2BA
:10044000FFF79EFF2146BDE8F88321463046FFF7BF
:1004500097FF04462A46384604FB1561F0E74FF043
:100460000108B4FA84F908FA09F3A3FB021220FA8E
:1004700008F003FB042240EAC67026FA08F1FFF7F1
:100480007FFFC9F11F0230FA02F34FF0000C08D1D0
:1004900040461946AF42A6413CBF18466146BDE8FA
:1004A000F8835A1E61466CEB0C0C05FB0CFE02FB3C
:1004B00004EE18461346A5FB0228BA1A0EEB0807ED
:1004C00066EB07061746E5E7A6219620FFF7CAFC6C
:1004D000431A934228D382B370B5541E052C2DD9EC
:1004E0005C1E022C84460B4628D922F00305960890
:1004F0004C1953F804EB4CF804EBA342F9D1AA428F
:1005000000EB050CA2EB05040DD011F8262000F835
:100510002620012C07D05A788CF80120022C02D01A
:100520009B788CF8023070BD8B18024413F801CD13
:1005300002F801CD9942F9D1704770470139024460
:10054000034611F8014F03F8014B9342F9D170BDF6
:1005500010F0030FC9B2034607D0BAB303F8011B6A
:1005600013F0030F02F1FF32F7D170B5032A01EB4C
:10057000012404EB04441ED9161FB508032E05F10F
:10058000010521D94FEA550E03EBCE0E9C46CCE96E
:1005900000440CF1080CF445F9D115F0010F04D01A
:1005A00025F0010503EB85052C6026F003060433D6
:1005B000334402F0030232B1012A197003D0022A37
:1005C000597018BF997070BD1D46EDE7704700BFA8
:1005D00010F0030FC9B2034607D0CAB303F8011BDA
:1005E00013F0030F02F1FF32F7D170B5032A01EBCC
:1005F000012404EB044420D9161FB508032E05F18D
:10060000010523D94FEA550E03EBCE0E9C46CCE9EB
:1006100000440CF1080CE645F9D115F0010F06D0A5
:1006200025F00105C5EB8575A3EB85052C6026F04B
:100630000306043302F00302334432B1012A197075
:1006400003D0022A597018BF997070BD1D46EDE79E
:10065000704700BF844641EA000313F003037DD1D5
:10066000403A51D3F0B4F0C9F0C0F0C9F0C0F0C9BD
:10067000F0C0F0C9F0C0403AF5D2F0BC44E0403AD6
:1006800042D300BF51F8043B40F8043B51F8043B0F
:1006900040F8043B51F8043B40F8043B51F8043B5C
:1006A00040F8043B51F8043B40F8043B51F8043B4C
:1006B00040F8043B51F8043B40F8043B51F8043B3C
:1006C00040F8043B51F8043B40F8043B51F8043B2C
:1006D00040F8043B51F8043B40F8043B51F8043B1C
:1006E00040F8043B51F8043B40F8043B51F8043B0C
:1006F00040F8043B51F8043B40F8043B51F8043BFC
:1007000040F8043B403ABDD2303211D351F8043B9B
:1007100040F8043B51F8043B40F8043B51F8043BDB
:1007200040F8043B51F8043B40F8043B103AEDD24A
:100730000C3205D351F8043B40F8043B043AF9D29B
:10074000043208D0D2071CBF11F8013B00F8013B6E
:1007500001D30B8803806046704700BF082A14D37A
:100760008B078CD010F0030389D0C3F10403D21A95
:10077000DB071CBF11F8013B00F8013BFFF47FAF22
:1007800031F8023B20F8023B79E7043AD8D3013A2A
:1007900011F8013B00F8013BF9D20B7803704B785C
:1007A00043708B7883706046704700BF014B1B68B5
:1007B0001B681847F08A0320014B1B685B681847C9
:1007C000F08A0320014B1B689B681847F08A0320BE
:1007D000014B1B681B691847F08A0320034B1868FC
:1007E000034BC01A18BF0120704700BFF08A0320D6
:1007F0001408040000280CBF6FF01500002070479B
:1008000000207047072303700020704700207047C6
:1008100000207047F50704000108040005080400E3
:100820000D08040011080400014B1B681B681847E1
:10083000F88A0320014B1B685B681847F88A03207D
:10084000014B1B689B681847F88A0320014B1B6803
:100850001B691847F88A0320014B1B685B6918471E
:10086000F88A0320014B1B689B691847F88A03200C
:10087000014B1B68DB691847F88A0320014B1B6892
:100880009B6A1847F88A032030B4044C9DF808503E
:1008900024680295E468A44630BC6047F88A0320C7
:1008A000014B1878704700BFF4F70320801A00F35B
:1008B000070038B540B20D4659B21446FCF71CFB90
:1008C000002328706B70204440B238BD10B5002260
:1008D0000C49134640FA02F4E40744BFCA545C1CB6
:1008E00002F1010248BFE3B2042AF3D1054AFF2412
:1008F000D118032B01D9107110BD013301F8014B40
:10090000DBB2F6E700F8032000230360704770476E
:10091000002070474FF0FF3070474FF0FF307047B6
:1009200070474FF0FF30704700207047002070473D
:100930000023037070479DF800300022FFF7B6BF18
:100940004FF0FF307047002070474FF0FF30704786
:100950004FF0FF3070477047090904000F09040089
:1009600011090400370904001509040041090400B5
:100970001B0904004B090400210904005709040065
:100980002D09040031090400230904002909040089
:1009900047090400510904002DE9F04FADF2CC4D98
:1009A000136800AFDB4303F0010807F1080A786021
:1009B0008B4650461146424601F01AFC6B494FF4F3
:1009C000806207F1C80002F0CAFA4FF01F0909F16E
:1009D00001056E0907F10803F21C05F01F0553F825
:1009E0002240721DEC4053F82220EA40640092003D
:1009F00002F0040204F002041443721CB9F11F0F48
:100A000053F8222022FA05F202F0010244EA02041D
:100A100076D107F5996303EB8414A4F500740FCC29
:100A200007F1680CACE80F000FCCACE80F000FCC5E
:100A3000ACE80F0094E80F008CE80F00DFF830C13D
:100A4000BCE80F0007F1A8040FC49CE80F0084E87D
:100A50000F00B31D5AF8233023FA05FCB31C0CF029
:100A6000010C5AF82340331DEC405AF82330EB4078
:100A700064009B0003F0040304F002041C435AF8D2
:100A80002630EB4003F001030CF1FF3C1C4384EAE9
:100A90000C0407F5996304F0070403EB8414A4F530
:100AA00080640FCC07F128050FC50FCC0FC50FCC04
:100AB0000FC594E80F0085E80F0007F148010CF01E
:100AC0000102084601F096FB0123002207F12801EC
:100AD00007F1680001F009FAB9F10109BFF477AF35
:100AE000786807F16802594601F00BF94246594609
:100AF000584601F07FFB07F2CC47BD46BDE8F08FBA
:100B000007F16801084601F024F97B6A23FA05FE23
:100B10000EF0010E0EF1FF3E84EA0E0407F5996314
:100B200004F0070403EB8414A4F500740FCC07F160
:100B3000280CACE80F000FCCACE80F000FCCACE8F1
:100B40000F0094E80F008CE80F0007F148010EF049
:100B50000102084601F04EFB0123002207F12801A3
:100B600007F1680001F0C1F973E700BFA8EB0400CA
:100B7000A8EF04002DE9F04FADF22C4D00AF8946EF
:100B8000D7F8501478600C68E44307F1080804F0C3
:100B900001044046924622461D4601F029FB98F882
:100BA000003007F1280603F00F03337030460122AE
:100BB000D31002F0070158F8233090F800C08900E4
:100BC000CB4003F00F03D943090101F01001ACEB56
:100BD000010100F8011B013243F00103402A0370B8
:100BE000E6D107F594785246C4460AF1200E106803
:100BF0005168634603C3083272459C46F7D12B46C1
:100C000003F1200C07F5A475186859682A4603C239
:100C1000083363451546F7D1DFF8F4C0BCE80F0090
:100C200007F5B4750FC59CE80F0085E80F00414635
:100C300007F5727001F08DF845464FF0010AAB469A
:100C40006035602207F57271284602F088F90023AA
:100C50001A46594628460AF1010A01F046F9BAF146
:100C6000080FECD196F93F3023F0010101EB63014D
:100C700008EB4111602207F1680002F070F94FF0B3
:100C80003E084FF0600A042507F16801084601F0AC
:100C900060F8013DF8D116F908B04FEADB72C2EBFB
:100CA000021282F00F01CBF10000104001EA0B01AB
:100CB000014307F5856349080AFB01316022A1F56C
:100CC000407107F1C80002F04AF907F1E80108464F
:100CD0004FEADB7201F08EFA2B462A4607F1C80173
:100CE00007F1680001F001F9B8F10108CBD278688A
:100CF00007F16802494601F004F822464946484691
:100D000001F078FA07F22C47BD46BDE8F08F00BF2E
:100D1000A8EF04002DE9F04383B002AF0546184662
:100D20003C6A0E469146984600F0A1FC28B9002482
:100D300020460437BD46BDE8F083204600F097FC0E
:100D40000028F4D04146284600F072FC2146304687
:100D500000F06EFC3146284600F032FF04460028C1
:100D6000E5D0CDF8009033462A4631462846FFF7B5
:100D700001FFDDE7F0B5002355088C1800AF0244F1
:100D80009D4200D1F0BD11F803C014F8016D02F8C6
:100D900001CDC6540133F3E72DE9F041054600AF1C
:100DA00010460C46904600F0C7FE064660B142462B
:100DB00021462846FFF7F0FD2946284600F044FC6E
:100DC0002146204600F040FC3046BDE8F08180B46A
:100DD00000AFBD4680BCFFF7DFBFB0B592B002AF39
:100DE00000930546134638460A4607F12001FFF7EF
:100DF00091FF044640B13946384600F025FC2022D8
:100E000039462846FFF7B6FF20464037BD46B0BDFD
:100E1000B0B5042300AF0446154600F8013B20227C
:100E2000FFF7A8FF2022294604F12100BD46BDE8B6
:100E3000B040FFF79FBF2DE9F041202B90B0064650
:100E400000AF0C461546984601D800202FE020221E
:100E5000691CFFF78FFF00F00AFC0028F5D02A7804
:100E6000042A02D05308032B25D1B8F1410FECD14D
:100E7000202205F121012046FFF77CFF00F0F7FB5F
:100E8000A8B12B785A08032A03D122685340DB0704
:100E9000DBD43146384600F0CBFB214607F1200079
:100EA00000F0C6FB07F12001384600F089FE40370C
:100EB000BD46BDE8F081012BC7D1B8F1210FC4D1E7
:100EC00002F00102314620464037BD46BDE8F04100
:100ED00000F0C2BE2DE9F04F044615460E464821EB
:100EE00000F02CF895E8075F092720CEC0B4002356
:100EF00094E8C000E5FB6063E5FB6173C0C494E85F
:100F0000C000E5FB6263E5FB6873C0C494E8C00001
:100F1000E5FB6963E5FB6A73C0C494E8C000E5FBC8
:100F20006B63E5FB6C73C0C42668E5FB6E3648C492
:100F3000243CC0BC013FD8D1BDE8F08F0022002383
:100F40000CC00839FCD1704700B502EE102A91ECB4
:100F5000084A3CCA5AEC140AA2FB0061A3FB007CBD
:100F6000E2FB6A7147EC106AA4FB0086E3FB6A812E
:100F7000A5FB0097E4FB6A91E5FB6A1750EC15EAC4
:100F8000E2FB6E8CE3FB6E9CE4FB6E1CE5FB6EC724
:100F9000E2FB6096E3FB6016E4FB60C6E5FB60677E
:100FA00049EC118A5EEC16AA4FF00009E2FB6A19BF
:100FB000E3FB6AC9E4FB6A69E5FB6A794FF0000A62
:100FC000E2FB6ECAE3FB6E6AE4FB6E7AE5FB6E9AA7
:100FD00017EE108A4FF0000EE2FB68E6E3FB68763E
:100FE000E4FB6896E5FB68A617EE908A4FF0000BCD
:100FF000E2FB687BE3FB689BE4FB68ABE5FB686BAB
:1010000012EE102A10323CCA14EE108A0020E2FBC5
:10101000681002EE101AE3FB68C0E4FB68E0E5FB31
:10102000680714EE908A0021E2FB68C102EE90CAC4
:10103000E3FB68E1E4FB6801E5FB681715EE108A45
:101040004FF0000CE2FB68EC03EE10EAE3FB680CE7
:10105000E4FB681CE5FB68AC15EE908A4FF0000ECF
:10106000E2FB680E03EE900AE3FB681EE4FB68AE49
:10107000E5FB686E58EC160AE2FB601904EE101AE4
:10108000E3FB609AE4FB60A6E5FB60B6E2FB6897D1
:10109000E3FB68A7E4FB68B7E5FB686758EC170A51
:1010A000E2FB60ACE3FB60BCE4FB606CE5FB607CF6
:1010B000E2FB68BEE3FB68E6E4FB6867E5FB687C8F
:1010C00047EC366A07EE90CA51EC100A53EC112A2D
:1010D00055EC124A57EC136A14EE108A4FF0000CCC
:1010E0001B184C41554146414F4158EB000859EB04
:1010F00001095AF1000A5BF1000B5CF1000CF618D3
:10110000674158EB020859EB03095AEB020A5BEB03
:10111000030B5CF1000C3F1A78EB010879EB020934
:101120007AEB030A7BF1000B7CF1000C52EC361ACF
:1011300017EE903A1EEB0C0051F100014FF0000C3D
:101140005CF1000C58EB050859EB06095AEB040A50
:101150005BEB050B6041694152EB0C0253F100035C
:101160004FF0000C5CF1000C5AEB070A5BF1000B2E
:101170007041794172417B415CF1000CBBEB040B87
:10118000A841B141BA4173F100037CF1000CB8F100
:10119000FF3879F1FF397AF1FF3A7BF1000B70F1FA
:1011A000000471F1000572F1010673F1FF376CF173
:1011B000000C18EB0C0059EB0C015AEB0C025BF124
:1011C000000354F1000455F1000556EBDC7657EBB3
:1011D0000C0700BD00B5A0FB009AA0FB01BC1BEBF7
:1011E0000B0B4FF0000EEEFB6EAB4AEC109A4FF07B
:1011F0000008E0FB628C58EB0808E1FB618BA0FB68
:10120000039AE1FB629C59EB0909EEFB6E9B49ECEA
:10121000118A4FF00009E0FB649AE1FB639C59EBF3
:101220000909E2FB629B02EE109AA0FB0598E1FB24
:10123000649AE2FB639C59EB0909EEFB6E9B02EE9C
:10124000909A4FF00009E1FB6598E2FB649CE0FB9B
:10125000669A59EB0909E3FB639B03EE109AA0FB26
:101260000709E1FB660AE2FB650CE3FB6408404109
:10127000EEFB6E0BE1FB6798E2FB669AE3FB65C948
:101280005CEB0C0CE4FB64BCE2FB6798E3FB66A937
:101290000022E4FB65A25AEB0A0AEEFB6ECAE3FBEE
:1012A0006728E4FB669259EB0909E5FB65A9002371
:1012B000E4FB6738E5FB66325B41EEFB6E93E5FBD2
:1012C000678258EB0808E6FB6638AEFB0E45E6FB86
:1012D00067426441EEFB6E485241E7FB678252EB86
:1012E0000E0248EC364A07EE902A52EC101A57ECE0
:1012F000118A55EC126A13EE104A4F41564155EBD4
:1013000008054C4150415BEB010B5CEB020C5AF1C0
:10131000000A59F100095EF1000EE41970415BEB1F
:10132000080B5CEB070C5AEB080A59EB07095EF156
:10133000000E401A7BEB020B7CEB080C7AEB070AE1
:1013400079F100097EF1000E58EC367A17EE902AFA
:1013500013EB0E0157F100074FF0000E5EF1000E87
:101360005BEB050B5CEB040C5AEB060A59EB050929
:1013700071416F4158EB0E0852F100024FF0000E20
:101380005EF1000E5AEB000A59F100096141474134
:1013900058EB040842415EF1000EB9EB0609A94181
:1013A000A74178EB000872F100027EF1000EBBF15C
:1013B000FF307CF1FF3C7AF1FF3479F1000971F1E3
:1013C000000677F1000578F1010A72F1FF387EF12D
:1013D0000007C0195CEB070154EB070259F1000349
:1013E00056F1000455F100055AEBD77658EB070784
:1013F00000BD91E8F807B2E803181B1A8C4175EBA1
:101400000B0576EB0C0692E80318874178EB010890
:1014100079EB0B097AEB0C0A7BEB0B0B13EB0B0054
:1014200054EB0B0155EB0B0256F1000357F100048E
:1014300058F1000559EBDB765AEB0B07704792E841
:10144000FC03B1E8011C121853EB0A0354EB0B0424
:1014500055EB0C0591E8031846414F4158EB0B083A
:1014600059EB0C095FF0000A5AEB0A0AB2F1FF329D
:1014700073F1FF3374F1FF3475F1000576F1000666
:1014800077F1000778F1010879F1FF397AF1000A64
:1014900012EB0A0053EB0A0154EB0A0255F1000368
:1014A00056F1000457F1000558EBDA7659EB0A07BC
:1014B00070472DE90041FFF78DFEDDF80080B8F19F
:1014C0000108CDF80080F6D1BDE800812DE9004289
:1014D000FFF7EFFFFFB46946089AFFF735FD09B043
:1014E00000BD2DE9FF414FF00108E946FFF7EEFF8F
:1014F000FFB4FFF76FFEFFF76DFEFFB4694608AA61
:10150000FFF722FD0DF1200888E8FF004FF00408E6
:101510000DF12009FFF7DAFFFFB44FF00808E946A4
:10152000FFF7D4FFFFB44FF01008E946FFF7CEFFF6
:10153000FFB44FF020080DF1A009FFF7C7FFDDF859
:10154000C080B8F1000F28D14FF08008E946FFF7BE
:10155000BDFF4FF02008E946FFF7B8FF4FF0100835
:101560000DF12009FFF7B2FF4FF008080DF1400917
:10157000FFF7ACFF4FF004080DF18009FFF7A6FF5D
:101580004FF004080DF16009FFF7A0FF8DE8FF00A0
:10159000694628AAFFF7D8FC09E04FF060080DF172
:1015A000A009FFF793FF4FF05E08FFF782FF31B00D
:1015B00000BD0018494152415B4164416D41764193
:1015C0007F414FF0000858EB0808B0F1FF3071F18F
:1015D000FF3172F1FF3273F1000374F1000475F111
:1015E000000576F1010677F1FF3778F1000810EB7E
:1015F000080051EB080152EB080253F1000354F1CB
:10160000000455F1000556EBD87657EB08077047F4
:101610000300000000000000FFFFFFFFFBFFFFFFD3
:10162000FEFFFFFFFFFFFFFFFDFFFFFF04000000C5
:101630002DE9F14FAFF22802FFF786FC5DF8048B2D
:1016400088E8FF00BDE8F08F2DE9F14F002200236C
:101650000CB40CB40CB401220CB46A46FFF774FC51
:1016600008B05DF8048B88E8FF00BDE8F08F2DE935
:10167000F04190E8FE015FF0FF30091A824183419A
:1016800074F1000475F1000576F1000677F10107A9
:1016900078EB00088041C00FBDE8F081FE9BDFEED3
:1016A00085FD2F01216C1ADF52051943FFFFFFFF53
:1016B000FEFFFFFFFFFFFFFF000000000100000032
:1016C00000B50FF2504A9AE8005CB0EB0A0071EBEB
:1016D0000B0172EB0C0273EB0E0374F1FF3475F126
:1016E000FF3576F1000677F1FF3778F1000869EBF6
:1016F00009090AEA090A0BEA090B0CEA090C0EEAC5
:10170000090E10EB0A0051EB0B0152EB0C0253EBEC
:101710000E0354EB090455EB090556F1000657EB8F
:10172000090758F1000800BD2DE9F14F9BB08A462A
:1017300009A81C31AFF29C02FFF7CCFB684612A946
:10174000F4A2FFF7C7FB9AE8FF01BDE8001EB0EB6B
:10175000090071EB0A0172EB0B0273EB0C03BDE89D
:10176000005E74EB090475EB0A0576EB0B0677EB6C
:101770000C0778EB0E08FFF7A3FFFFF7A1FF12B0ED
:101780005DF8049B89E8FF00BDE8F08F2DE9F14F7B
:10179000FFC94FF00008FFF793FF5DF8048B88E85E
:1017A000FF00BDE8F08F2DE9F14F8C4692E8F00F75
:1017B000BCE80F000019694172417B419CE8F000D0
:1017C00054EB080455EB090556EB0A0657EB0B07DB
:1017D0005FF0000858EB0808FFF772FFFFF770FF93
:1017E0005DF8048B88E8FF00BDE8F08F00232DE949
:1017F000F847044691E8EA072DE9EA07002102B418
:1018000092E8EA072DE9EA0792B0684612A91BAAF6
:10181000FFF760FB20466946FFF786FF24B0BDE86E
:10182000F0872DE9F84101240025002601274FF01B
:101830001F0E431E4FEAC27C2CEA0303DB174FEA5C
:10184000D3785840C01A01FB03FC9943E2FB081C03
:10185000E2FB632C04FB03FC9C43E6FB084CE6FB29
:10186000636C05FB03FC9D43E7FB085CE7FB637CC3
:1018700012F0010C01300CFB01F3D2185208ECFB02
:101880000468ECFB057824196D19BEF1010ED0D166
:1018900008BCF0C3BDE8F0812DE9F04F00EA400438
:1018A000E4176040001B01EA4105ED176940491B40
:1018B00040CA576A74407D406C4020C30EB4B2E801
:1018C000EA0F6140634065406640674088EA04086B
:1018D00089EA04098AEA040A091BA341A541A64131
:1018E000A74178EB040879EB04097AEB040A84EA4F
:1018F0000B04A0FB011E0022A2FB02BCE0FB632E36
:10190000E0FB65BEACFB0C35E0FB663EE0FB675ED2
:10191000ACFB0C67E0FB686EE0FB697EE0FB6ACE27
:1019200000FB04EE11BC2834B4E800034FF0000AB9
:10193000E0FB681AE0FB692A49185241B4E8020347
:10194000E0FB61ABE0FB68B3E0FB69355AEB0A0AE8
:101950005BEB0B0B5B4194E81203E0FB6156E0FB91
:101960006467E0FB687CE0FB69CE6D4176417F41B6
:101970005CEB0C0C7EEB0E0E6FEA0E0E02BCA1E8C7
:10198000040CA1E8E850BDE8F08F00BF2DE9F04F4E
:1019900000EA4004E4176040001B01EA4105ED172E
:1019A0006940491B40CA176A74407D406C4020C39F
:1019B0000EB492E8EE0361406240634065406640C9
:1019C000674088EA040889EA0409091BA241A34187
:1019D000A541A641A74178EB040879EB0409A4418D
:1019E0005FEAD47E4FF0000CDFE94AABEEFB6A1CE5
:1019F000EEFB6B2CDFE949ABEEFB6A3CEEFB6B5C6C
:101A0000EEFB646CEEFB647C4FF0000AEEFB6A8C2C
:101A1000EEFB649CAAFB0ABEA0FB01AEABFB0B1C59
:101A2000E0FB62BEE0FB631EACFB0C23E0FB652E1B
:101A3000E0FB663EACFB0C45E0FB674EE0FB685EFE
:101A4000E0FB69CE41BC2436B6E800030027E0FB8A
:101A500068A7E0FB69B7B6E80003E0FB6817E0FBA6
:101A60006927B6E80003E0FB6837E0FB6947B6E8A2
:101A70000003E0FB6857E0FB69C7BE4424480AFB4B
:101A800000F00026DFE92389E0FB68A6E0FB69B6E9
:101A9000BBEB080BDFE9218AE0FB681671EB09015B
:101AA000E0FB6A264FF0FF39E0FB6936E0FB694650
:101AB0000027E0FB6756E0FB69C6E7FB67E672EBD1
:101AC000080273EB0A0374EB090475EB09057CEB60
:101AD000070C7EEB090EBE41DFE90E09F60FE6FBAF
:101AE000607BE6FB691BE6FB682BE6FB6A3B70420A
:101AF000E6FB604BE6FB605B4FF00008E6FB68BC72
:101B0000E6FB60CE40BC80C6A6E83E18BDE8F08F7C
:101B10004FBC00EE512563FCC2CAB9F3849E17A7DF
:101B2000ADFAE6BCFFFFFFFFFFFFFFFF0000000074
:101B3000FFFFFFFF000000002DE9F04F90E8FE01DD
:101B400051EA02001843204328433043384350EA07
:101B5000080013D0AFF24400B0E8001EB1EB090159
:101B600072EB0A0273EB0B0374EB0C040FC8854194
:101B70008E41974178EB03088041C00FBDE8F08F9C
:101B8000DFBDC42962DF9CD890308478CD05F0ACED
:101B9000D62E21F7AB20A2E5344887041D0630DCA1
:101BA000030000000000000000000000FDFFFFFF38
:101BB000FFFFFFFFFFFFFFFFFCFFFFFF0200000032
:101BC0002DE9F14FFFC9FFF705FBFFB40898FFC8E7
:101BD000FFF700FBFFB46946AFF23C02FFF709FCD8
:101BE0008DE8FF0010996A46FFF7AEF98DE8FF0017
:101BF00008A96A46FFF7FDFBAFF27C08B8E8001EB3
:101C000090EA090002BF91EA0A0192EA0B0293EA04
:101C10000C0398E8001E01BF94EA090495EA0A053E
:101C200096EA0B0697EA0C074FF0000008BF012068
:101C300011B0BDE8F08F00BFFFFFFFFFFFFFFFFF08
:101C4000FFFFFFFF00000000000000000000000098
:101C500001000000FFFFFFFF2DE9F54F88B0684647
:101C6000FFF7E6FC9DE8FF00FFF7B4FAFFB4694612
:101C7000AFF2D402FFF7BDFB8DE8FF0008A96A466A
:101C8000FFF762F98DE8FF006946AFF20C12FFF72B
:101C9000D6FB8DE8FF004FF00108FFF722FC0DF1A5
:101CA000200888E8FF00FFF795FABDE8000F98EAE2
:101CB000000802BF99EA01099AEA020A9BEA030BAB
:101CC000BDE8000F01BF98EA040899EA05099AEAFD
:101CD000060A9BEA070B18BF00200FD16846694629
:101CE000FFF7B2FC009BDDE9080103F001024A4066
:101CF0006946AFF2BC0300F05EFA01200AB0BDE80D
:101D0000F08F2DE9F74F4032FFCA4FF00008FFF780
:101D1000E8FBFFB4FFF75EFAFFB408A96A46FFF7D5
:101D200013F90DF1200888E8FF006946129AFFF7C1
:101D30000BF9DDF8408088E8FF00129A08A92032EC
:101D4000FFF702F9DDF8448088E8FF0013B0BDE832
:101D5000F08F2DE9F34F4031FFC9FFF73BFAFFB495
:101D60000999203101F12002FFF7EEF8DDF820801B
:101D700008F1400888E8FF0009996A46FFF75FFB11
:101D8000FFB4119908AAFFF734FB0DF1200888E889
:101D9000FF0008A96A46FFF7D7F80DF1200888E888
:101DA000FF004FEAC07810EBE87051EBE87152EB9E
:101DB000E87253F1000354F1000455F1000556EBAD
:101DC000D87657EBE8775FEA37075FEA36065FEACF
:101DD00035055FEA34045FEA33035FEA32025FEA03
:101DE00031014FEA30008DE8FF0008A96A46FFF78D
:101DF00026FB0DF1200888E8FF00FFF7EBF98DE8DE
:101E0000FF0011982030FFC8FFF7E4F9DDF84080AB
:101E100008F1200888E8FF00FFF7DCF9FFB4DDE9EE
:101E2000180100F12002FFF78FF8DDF8608008F15B
:101E3000200888E8FF00FFF7BCFBDDF8608088E839
:101E4000FF0008A94246FFF7D4FADDF8608088E871
:101E5000FF00424602F12001FFF7CBFA0DF1200806
:101E600088E8FF0010A908AAFFF76EF80DF14008F6
:101E700088E8FF0010A96A46FFF7BBFADDF860802A
:101E800008F1200888E8FF001AB0BDE8F08F00B51F
:101E9000B1E8E01FA0E8E01FB1E8E01F8AB14FF011
:101EA000000E5442651B74EB060674EB07077EEBCD
:101EB00008087EEB09097EEB0A0A72EB0B0B74EB48
:101EC0000C0CA0E8E01F23B991E8E01F80E8E01FB8
:101ED0000AE00024A4FB045AE643E7434FF0FF382E
:101EE0006FF0010980E8F80700BD2DE9FF4F00F110
:101EF000400494E8F00F2C4334433C4354EA080474
:101F000054EA090454EA0A0454EA0B0404D1FFF722
:101F1000BEFF04B0BDE8F08FFBB94031FFC9FFF749
:101F200059F9FFB408996A46FFF70EF8DDF82080EA
:101F300088E8FF00099940316A46FFF705F88DE807
:101F4000FF00089920316A46FEF7FEFFDDF8208089
:101F500008F1200888E8FF0000E088B008994031C7
:101F6000FFC9FFF737F9FFB411996A46FEF7ECFF96
:101F70000DF1200888E8FF00109940316A46FEF70D
:101F8000E3FF8DE8FF00119920316A46FEF7DCFF80
:101F90008DE8FF00109908AAFFF72BFADDF84080C2
:101FA00088E8FF00FFF716F9FFB4189A02F1400124
:101FB000FEF7CAFFDDF8608008F1400888E8FF00FE
:101FC0001B9951B9199940314246FEF7BDFFDDF822
:101FD000608008F1400888E8FF0018996A46FEF71B
:101FE000B3FFDDF8608088E8FF0001431143194327
:101FF00021432943314351EA070001B419992031A3
:1020000009AA1B9B13B1FFF71AFA01E0FFF7F1F9D8
:10201000DDF8648008F1200888E8FF005DF8048B93
:10202000014311431943214329433143394351EAC1
:1020300008010BD118B09DE80F00FFF728FF0098AA
:10204000014604B0FFF785FEBDE8F08F10A96A468F
:10205000FEF77AFF0DF1400888E8FF00189820305D
:10206000FFC8FFF7B7F88DE8FF0008A9189AFEF738
:102070006BFF0DF1200888E8FF006946189AFFF70A
:10208000B8F9DDF8608088E8FF0010A8FFC8FFF706
:1020900090FA8DE8FF0018996A46FFF7AAF9DDF873
:1020A000608088E8FF0010A9189AFFF7A2F98DE870
:1020B000FF00189920316A46FEF746FF8DE8FF00C1
:1020C0001A98694608AA10B1FFF7B9F901E0FFF7BD
:1020D00090F9DDF8608008F1200888E8FF001CB066
:1020E000BDE8F08F2DE9F34F88B001F14001FFC941
:1020F000FFF770F8FFB40843104318432043284308
:102100003043384353D0109908A8FFF791FA08A933
:102110006A46FEF719FFDDF84480B8E8001E90EA31
:10212000090002BF91EA0A0192EA0B0293EA0C034A
:10213000B8E8001E01BF94EA090495EA0A0596EA88
:102140000B0697EA0C074FF0010031D0AFF23C606C
:1021500090E8000F109850B3FFC810EB080051EB47
:10216000090152EB0A0253EB0B0354F1FF3455F112
:10217000FF3556F1000657F1FF3718D2B0F1FF389E
:1021800071F1FF3872F1FF3873F1000874F1000843
:1021900075F1000876F1010877F1FF3807D20DF1EB
:1021A000200888E8FF00002210924146ACE700209A
:1021B00012B0BDE8F08F2DE9F041C2F10108082608
:1021C000FF1BB1E81010B3E82040A541A8FB04476D
:1021D000E2FB65477EEB0C0EA8FB0CC7E2FB6EC76B
:1021E000A0E81010A6F1020606B1EAE7BDE8F0810A
:1021F000024BE0E7AFF2C053DDE700BF141B040061
:10220000002A04BF00207047F0B503AF2DE9000B92
:10221000A2F1010CC2F1000E0023CC5CC55CA5420A
:1022200024D19C451ED001EB030800EB030998F86C
:10223000014099F80150A54218D10EEB0306B41CD9
:1022400010D098F8024099F80250A5420ED1F41C23
:1022500008D098F8034099F80350A54206D10433FA
:102260009A42DAD10020BDE8000BF0BD281BBDE882
:10227000000BF0BD80B56F460146007860B10020CC
:102280000A18537853B1937853B1D37853B1127974
:102290000430002AF4D180BD002080BD013080BD13
:1022A000023080BD033080BD042A09D3D0B502AF0F
:1022B000A2F1040E6FEA0E0313F00C0F06D123E017
:1022C0000B4684466046194600F03CB80B468446EF
:1022D00053F8044B1EF00C0F4CF8044B09D04B681C
:1022E00043600EF00C03042B07D1083A0831083084
:1022F00008E072466046194606E08B680C3A836037
:102300000C310C3084460B46BEF10C0F14D38446BE
:102310000B461868103ACCF80000032A5868CCF82D
:1023200004009868CCF80800D86803F11003CCF8D2
:102330000C000CF1100CECD8BDE8D04060461946FA
:1023400000F000B8F0B503AF2DE9000F89B080466A
:10235000102A21D3C8F1000000F0030A08EB0A0399
:10236000984537D2AAF1010644460D46BAF1000F4E
:102370001FD00D46444615F8010BBAF1010F04F8C1
:10238000010B16D04878BAF1020F88F801000AD183
:102390008D1C08F102040CE0C4460CEB02039C45C2
:1023A000C0F0E3800BE1CD1C08F10304887888F8C5
:1023B0000200032E0ED32E1F251F16F8040F05F85A
:1023C000040F70786870B078A870F078E870281DF5
:1023D0009842F2D1A2EB0A0B01EB0A042BF00302A4
:1023E00014F0030003EB020C63D04FF00009C0F1BE
:1023F0000406049208AACDF820900244F5071EBFF7
:10240000257815704FF00109B60744BF34F809600C
:1024100022F80960251A05941C1D089A4FEAC00E7F
:102420006445CEF10004CDE902045BD24342464646
:10243000CDF800B001EB030804F0180B019608EB8F
:102440000A0506EB0A0422FA0EF1D5F8049009FAFF
:102450000BF21143224642F8081B624544D2A96898
:1024600029FA0EF301FA0BF0184304F10C0363454B
:1024700060603CD2D5F80C9021FA0EF009FA0BF10D
:102480000843106004F11000604535D22A6929FA2A
:102490000EF0103608F1100802FA0BF1084318602C
:1024A00006EB0A03181D6045C9D308EB0A059146DF
:1024B00023E0634552D22146086843F8040B634584
:1024C0004CD2486843F8040B63453EBF886843F824
:1024D000040B634542D2C868103143F8040B6345CE
:1024E000EAD33BE091460AE00435231D05E00835B8
:1024F00004F10803894600E00C35DDE900B80298D4
:1025000000228DF81C20012807F8262C0ED107AEDA
:10251000002400200599C90713D0291D085C3070DC
:1025200017F8260C9DF81C2000040BE06879A7F131
:1025300026062A798DF81C20040202200599C90775
:10254000EBD10020204329FA0EF11043039A02F048
:1025500018029040DDE9042408431860A1180BF02C
:1025600003020CEB02039C4529D2561E12F0030015
:1025700012D00A46654612F8014B012805F8014BB6
:102580000CD04A7802288CF801201DD18A1C0CF14D
:102590000205032E04D212E065460A46032E0ED32E
:1025A000111F2A1F11F8040F02F8040F4878507009
:1025B00088789070C878D070101D9842F2D140464B
:1025C00009B0BDE8000FF0BDCA1C0CF10305887806
:1025D0008CF80200032EE3D2F1E7F0B503AF2DE94A
:1025E000000F8EB08346401A90422AD201EB020AB5
:1025F0000BEB0209102AC0F00C8209F0030429F049
:102600000306C4F1000C4E45079660D2A4F1010EFA
:10261000002C45D0D0464B4618F8010D012C03F88C
:10262000010D3FD0D0464B4618F8020D022C03F89E
:10263000020D1FBFD04618F8030D4B4603F8030DDB
:1026400030E0102A25D3CBF1000000F0030A0BEB99
:102650000A039B4580F01681AAF1010658460D46F3
:10266000BAF1000F00F0FD800D46584615F8014BF9
:10267000BAF1010F00F8014B00F0F3804878BAF18D
:10268000020F8BF8010040F0E6808D1C0BF1020078
:10269000E7E0DC460CEB02039C45C0F02A8252E2E4
:1026A0004B46D046079EBEF1030F10D3A8F104009D
:1026B000C57803F8015C857803F8025C457803F877
:1026C000035C10F8045903F8045D9E42F0D3A2EBBA
:1026D000040E0AEB0C052EF0030015F00303A6EB25
:1026E0000008C0F100000690059510D0A5EB030A84
:1026F0000020CDF808E04FEAC30E012B8DF8300022
:1027000007F8260C04932FD10CAD002339E0B04517
:1027100080F07781AAF11001ACF1040201EB0C0307
:1027200009EB0C00DD6840F8045C09EB0205A845E4
:1027300080F067819C6840F8084C2C1FA0453FBF83
:102740005B6840F80C3CA5F10803984580F059817E
:1027500051F80C30A9F11009103940F8103C09EB80
:102760000C008045DAD34CE19AF80000ED079AF8A6
:1027700001308DF8300001D100250AE0A7F12605CF
:1027800002201AF80000287017F8265C9DF8300027
:102790002D0445EA032308F1040603430798CEF10C
:1027A000000486424AD2049804F01808CDF80CB010
:1027B000101A0D18ACF10400CDE9000405EB0C0B68
:1027C00003FA08F05BF804AC2AFA0EF1014309EBB6
:1027D0000C0040F8041CACF1040109EB01039E421B
:1027E00030D25BF8082C0AFA08F122FA0EF42143E1
:1027F00040F8081C191F8E4228D25BF80CAC02FA74
:1028000008F12AFA0EF2114340F80C1CA3F108015A
:102810008E4280F0CD805BF8103C0AFA08F1A9F1F5
:102820001009103D23FA0EF2114340F8101C09EB79
:102830000C018E42C2D365449A46BDE0554601461E
:102840009A46BCE0009819460544B5E000989246C7
:102850002844051FB0E08878CD1C8BF802000BF1EE
:102860000300032E0ED32E1F043816F8045F00F861
:10287000045F75784570B5788570F578C570051D6D
:102880009D42F2D1A2EB0A0201EB0A0922F00306F3
:1028900019F0030503EB060C62D0CDE905620022B6
:1028A000C5F104040AA80A922844E6071EBF99F855
:1028B000002002700122A40744BF39F8024084526C
:1028C0000A984FEAC50EA9EB0506CEF100081A1DBD
:1028D000CDF81C90624504955ED26A42CDF808801E
:1028E0008D185A4608F0180B039205EB0A0402EB08
:1028F0000A0620FA0EF0D4F8049009FA0BF101430D
:10290000304640F8081B604549D2A16829FA0EF903
:1029100001FA0BF343EA0903736006F10C03634504
:1029200040D2D4F80C9021FA0EF109FA0BF841EAE2
:102930000801016006F11000604580F09E8020696A
:1029400029FA0EF11032103500FA0BF42143196008
:1029500002EB0A03191D6145C7D3554481468EE039
:10296000634580F0BE804946086843F8040B634520
:1029700080F0B780486843F8040B63453EBF886821
:1029800043F8040B634580F0AC80C868103143F80D
:10299000040B6345E8D3A4E08146354671E0251D6C
:1029A000331D6CE004F1080506F10803894666E072
:1029B00000982844A0F10805DDF80CB0019C049EA5
:1029C0000DA80023AA1900EB060C101FC6F1040283
:1029D0000D93D5071EBF03788CF8003001239207B2
:1029E00044BFC25A2CF803200D9804F01802079E29
:1029F0000AFA02F220FA0EF0DDF808E0104341F87E
:102A0000040CDDE9051006EB00090EF0030201EBF2
:102A1000000AA9EB0201494580F09580531E12F08F
:102A2000030013D055464A4615F8016D012802F8F7
:102A3000016D0DD055464A4615F8026D022802F880
:102A4000026D05D01AF8030D09F8030D55464A46E4
:102A5000032B78D3A81E437802F8013C037802F8D0
:102A6000023C10F8013C02F8033C10F8023C043828
:102A700002F8043D9142EED365E004F10C05DDE976
:102A8000028B049800228DF82420012807F8322CAC
:102A90000ED109A8002400260799C90713D0291DC3
:102AA000895D017017F8320C9DF8242000040BE0BA
:102AB000687902262A798DF824200402A7F13200D1
:102AC0000799C907EBD10020204329FA0EF11043E2
:102AD00008F01802DDF81C909040DDE9056208431B
:102AE000186009EB060102F003020CEB02039C459F
:102AF00029D2561E12F0030512D00A46604612F87B
:102B0000014B012D00F8014B0CD04878022D8CF8B8
:102B100001001DD18A1C0CF10200032E04D212E028
:102B200060460A46032E0ED3111F043811F8042FF5
:102B300000F8042F4A7842708A788270CA78C2708E
:102B4000021D9A42F2D158460EB0BDE8000FF0BD0A
:102B50008878CA1C8CF802000CF10300032EE3D223
:102B6000F1E780B56F4604290DD35FFA82FC4FF080
:102B700001330CFB03FCA1F1040E6FEA0E0313F00A
:102B80000C0F02D118E0034622E003461EF00C0FA2
:102B900043F804CB08D00EF00C03C0F804C0042B9B
:102BA00005D10839083006E07146184604E0C0F83F
:102BB00008C00C390C300346BEF10C0F08D3034695
:102BC0001039C3E900CCC3E902CC10330329F7D88C
:102BD0005818834220D2A1F1010C11F0030E0DD040
:102BE0001946BEF1010F01F8012B08D05A70BEF151
:102BF000020F1ABF9A70D91C991C00E01946BCF14B
:102C0000030F38BF80BD043901F8042F0B1D834228
:102C1000CA708A704A70F7D180BD80B56F460429AA
:102C200005D30B1FDA4312F00C0F02D11AE0024653
:102C300024E04FF0000C024642F804CB13F00C0FD6
:102C400008D003F00C02C0F804C0042A05D10839EA
:102C5000083006E01946104604E000220C39826074
:102C60000C3002460C2B09D3002302461039C2E96E
:102C70000033C2E9023310320329F7D850188242D8
:102C800021D2A1F1010C11F003030CD04FF0000E82
:102C9000114601F801EB012B0AD0022B82F801E06A
:102CA00003D1911C04E0114602E000219170D11C77
:102CB000BCF1030F38BF80BD0439002241F8042F56
:102CC0000B1D8342FAD180BD80B56F4693060BD4AD
:102CD0004AB102F01F03524202F01F02D84001FA2B
:102CE00002F21043D94080BD02F01F0021FA00F02B
:102CF000002180BD80B56F4693060BD44AB102F027
:102D00001F03524202F01F02994020FA02F21143BF
:102D1000984080BD02F01F0100FA01F1002080BD43
:102D200080B56F46BDE88040FFF757BC80B56F4661
:102D3000BDE88040FFF751BCB0B502AF10293FD3CA
:102D4000424202F003054219904220D2A5F1010C43
:102D50008DB1002386460EF8013B012D07D043704C
:102D6000022D1ABF837000F1030E00F1020EBCF1B8
:102D7000030F04D20BE08646BCF1030F07D3AEF17C
:102D80000400002340F8043F041D9442FAD1491B7B
:102D900021F003001044824210D2002342F8043B89
:102DA00082420BD242F8043B82423CBF42F8043BD1
:102DB000824203D242F8043B8242EFD301F0030186
:102DC000421890421FD24B1E11F003040CD04FF05A
:102DD000000C014601F801CB012C0AD0022C80F82E
:102DE00001C003D1811C04E0014602E00021817092
:102DF000C11C032B38BFB0BD081F002140F8041FC1
:102E0000031D9342FAD1B0BD042A09D3D0B502AF55
:102E1000A2F1040E6FEA0E0313F00C0F06D123E0AB
:102E20000B46844660461946FFF78CBA0B4684462B
:102E300053F8044B1EF00C0F4CF8044B09D04B68B0
:102E400043600EF00C03042B07D1083A0831083018
:102E500008E072466046194606E08B680C3A8360CB
:102E60000C310C3084460B46BEF10C0F14D3844653
:102E70000B461868103ACCF80000032A5868CCF8C2
:102E800004009868CCF80800D86803F11003CCF867
:102E90000C000CF1100CECD8BDE8D040604619468F
:102EA000FFF750BA80B56F46042905D30B1FDA43EC
:102EB00012F00C0F02D11AE0024624E04FF0000C91
:102EC000024642F804CB13F00C0F08D003F00C02BA
:102ED000C0F804C0042A05D10839083006E01946B4
:102EE000104604E000220C3982600C3002460C2BA4
:102EF00009D3002302461039C2E90033C2E9023384
:102F000010320329F7D85018824221D2A1F1010CC6
:102F100011F003030CD04FF0000E114601F801EB45
:102F2000012B0AD0022B82F801E003D1911C04E0AE
:102F3000114602E000219170D11CBCF1030F38BF93
:102F400080BD0439002241F8042F0B1D8342FAD1C1
:102F500080BD80B56F46BDE88040FFF7F3B980B50E
:102F60006F46BDE88040FFF7EDB9D4D410B584B00A
:102F700002AC009400F004F8029A039B04B010BD68
:102F800080B56F4686B0844602A8CDE9002362462C
:102F90000B4600F00DF8D7F808C0DDE90201BCF1DE
:102FA000000F1CBFDDE90432CCE9003206B080BD61
:102FB000F0B503AF2DE9000BD7E902E8BEF1000F31
:102FC00072D0B8F1000F6FD1002B00F0FC80734578
:102FD00080F00781B3FA83F1BEFA8EF6711A01F11F
:102FE000200608BF1F26C6F1200508FA06F10EFAD2
:102FF00006F82EFA05F52943B6F1200506F01F065E
:1030000058BF0EFA05F14FF0010505FA06FC4FF026
:10301000000558BF4FF0000808E0224633464FEA4B
:10302000181444EA01784FEA1C1C0909B2EB0804A1
:1030300063EB0106002E03D445EA0C0502D12DE016
:1030400014461E465FEA51034FEA3802A21A66EBA5
:103050000303002B04D445EA5C05144602D11DE0AD
:10306000224633464FEA980444EA8174141B63EB0A
:103070009106002E03D445EA9C0502D10EE01446C9
:103080001E464FEAD80242EA4172A21A66EBD10309
:10309000002BC2D445EADC051446C0D1B4FBFEF1D6
:1030A00001FB1E46294392E00021002B00F08080A6
:1030B000B2EB0E0673EB08067AD3B3FA83F1B8FAD3
:1030C00088F6711A01F03F0601F01F01C6F12004D5
:1030D00008FA06F50EFA06FC2EFA04F42C43B6F1B3
:1030E000200558BF0EFA05F44FF0010505FA01F965
:1030F0004FF0000158BF4FF0000C08E032462B465D
:103100004FEA1C1646EA047C4FEA19192409B2EB6F
:103110000C0673EB040507D441EA0901B6EB0E0275
:1031200075EB080202D23AE016461D465FEA5403E8
:103130004FEA3C02B21A75EB030309D4B2EB0E0559
:1031400041EA590173EB080516461D4602D226E0F6
:1031500032462B464FEA9C0545EA8475561B63EBC5
:103160009405002D07D441EA9901B6EB0E0275EBE8
:10317000080202D213E016461D464FEADC0242EA7C
:103180004472B21A65EBD403002BB7D4B2EB0E0530
:1031900041EAD90173EB080516461D46B0D24FF03F
:1031A000000CC0E9001CC0E90265BDE8000BF0BDE1
:1031B0004FF0000C16461D46C0E9001CC0E9026530
:1031C000BDE8000BF0BDB2FBFEF101FB1E264FF087
:1031D000000C0025C0E9001CC0E90265BDE8000B39
:1031E000F0BD0DD1B2FBF3F1002501FB13264FF02A
:1031F000010CC0E9001CC0E90265BDE8000BF0BD90
:10320000B3FBFEFCBEF5803F0CFB1E351AD2290431
:10321000002541EA1241B1FBFEF303FB0EF14CEA3B
:10322000134CC1EB1241C2EA0141B1FBFEF202FBB9
:103230001E1642EA0341C0E9001CC0E90265BDE870
:10324000000BF0BDB2EB0E0175EB080108D20021B6
:103250001646C0E9001CC0E90265BDE8000BF0BDE0
:103260004FEAC87141EA5E034FEACE794FF0004859
:10327000002108E0224635464FEA191444EA037952
:103280004FEA18181B09B2EB090465EB0306002E80
:1032900003D441EA080102D12DE014462E465FEA2C
:1032A00053054FEA3902A21A66EB0505002D04D436
:1032B00041EA5801144602D11DE0224635464FEA44
:1032C000990444EA8374141B65EB9306002E03D41F
:1032D00041EA980102D10EE014462E464FEAD90287
:1032E00042EA4372A21A66EBD305002DC2D441EA2A
:1032F000D8011446C0D1B4FBFEF2002502FB1E46E5
:103300001143C0E9001CC0E90265BDE8000BF0BD37
:0833100080B56F46FEE7D4D43E
:1033180000000000000001000000000000000000A4
:103328000000000000000000000000000000000095
:103338000000000000000000000000000000000085
:103348000000000000000000000000000000000075
:103358000000000000000000000000000000000065
:103368000000000000000000000000000000000055
:103378000000000000000000000000000000000045
:103388000000000000000000000000000000000035
:103398000000000000000000000000000000000025
:1033A8000000000000000000000000000000000015
:1033B8000000000000000000000000000000000005
:1033C80000000000000000000000000000000000F5
:1033D80000000000000000000000000000000000E5
:1033E80000000000000000000000000000000000D5
:1033F80000000000000000000000000000000000C5
:1034080000000000000000000000000000000000B4
:1034180000000000000000000000000000000000A4
:103428000000000000000000000000000000000094
:103438000000000000000000000000000000000084
:103448000000000000000000000000000000000074
:103458000000000000000000000000000000000064
:103468000000000000000000000000000000000054
:10347800433A5C55736572735C6C656D6F6E5C2E58
:10348800636172676F5C72656769737472795C7384
:1034980072635C696E6465782E6372617465732EFD
:1034A800696F2D3139343963663863366235623570
:1034B8003537665C74726F75626C652D686F7374EE
:1034C8002D302E382E305C7372635C636F6D6D61C6
:1034D8006E642E727300C0023A20C000433A5C55F5
:1034E800736572735C6C656D6F6E5C2E6361726779
:1034F8006F5C72656769737472795C7372635C6917
:103508006E6465782E6372617465732E696F2D31F0
:103518003934396366386336623562353537665C07
:1035280072616E645F636F72652D302E362E345C67
:103538007372635C696D706C732E727300433A5CCE
:1035480055736572735C6C656D6F6E5C2E6361722A
:10355800676F5C72656769737472795C7372635CB8
:10356800696E6465782E6372617465732E696F2D58
:1035780031393439636638633662356235353766D2
:103588005C656D62617373792D6E72662D302E31B4
:10359800312E305C7372635C7370696D2E727300C8
:1035A800433A5C55736572735C6C656D6F6E5C72E3
:1035B8006D6B5C726D6B5C7372635C6D6174726968
:1035C800782E727300433A5C55736572735C6C6550
:1035D8006D6F6E5C2E636172676F5C72656769738D
:1035E8007472795C7372635C696E6465782E637259
:1035F800617465732E696F2D3139343963663863A8
:1036080036623562353537665C74726F75626C6523
:103618002D686F73742D302E382E305C7372635C96
:103628007064752E72730010617373657274696FBC
:103638006E20606C65667420C010207269676874BB
:1036480060206661696C65643A20C0090A20206CB4
:103658006566743A20C0090A2072696768743A205E
:10366800C000433A5C55736572735C6C656D6F6E30
:103678005C2E636172676F5C7265676973747279D7
:103688005C7372635C696E6465782E6372617465DD
:10369800732E696F2D313934396366386336623574
:1036A80062353537665C626C6F636B2D6275666672
:1036B80065722D302E31302E345C7372635C6C6908
:1036C800622E7273007372635C6C6566742E72731B
:1036D80000433A5C55736572735C6C656D6F6E5C24
:1036E8002E636172676F5C72656769737472795C67
:1036F8007372635C696E6465782E63726174657356
:103708002E696F2D31393439636638633662356214
:10371800353537665C74726F75626C652D686F73CA
:10372800742D302E382E305C7372635C6368616E62
:103738006E656C5F6D616E616765722E72730043B2
:103748003A5C55736572735C6C656D6F6E5C2E6365
:103758006172676F5C72656769737472795C7372A2
:10376800635C696E6465782E6372617465732E6933
:103778006F2D3139343963663863366235623535D1
:1037880037665C6E72662D7061632D302E342E3074
:103798005C7372635C2E5C63686970735C6E7266DE
:1037A80035323834305C7061632E727300433A5C92
:1037B80055736572735C6C656D6F6E5C2E636172B8
:1037C800676F5C72656769737472795C7372635C46
:1037D800696E6465782E6372617465732E696F2DE6
:1037E8003139343963663863366235623535376660
:1037F8005C74726F75626C652D686F73742D302EF2
:10380800382E305C7372635C637572736F722E72DC
:103818007300433A5C55736572735C6C656D6F6ECB
:103828005C2E636172676F5C726567697374727925
:103838005C7372635C696E6465782E63726174652B
:10384800732E696F2D3139343963663863366235C2
:1038580062353537665C74726F75626C652D686F9A
:1038680073742D302E382E305C7372635C6761740C
:10387800742E727300433A5C55736572735C6C65A1
:103888006D6F6E5C726D6B5C726D6B5C7372635C9A
:10389800646973706C61795C6D6F642E727300116A
:1038A8007374617274206279746520696E646578D6
:1038B80020C026206973206E6F74206120636861C0
:1038C8007220626F756E646172793B206974206939
:1038D8007320696E7369646520C008202862797452
:1038E800657320C00B206F6620737472696E672938
:1038F800000F656E64206279746520696E6465786E
:1039080020C026206973206E6F742061206368616F
:103918007220626F756E646172793B2069742069E8
:103928007320696E7369646520C008202862797401
:10393800657320C00B206F6620737472696E6729E7
:1039480000433A5C55736572735C6C656D6F6E5CB1
:103958002E636172676F5C72656769737472795CF4
:103968007372635C696E6465782E637261746573E3
:103978002E696F2D313934396366386336623562A2
:10398800353537665C73657175656E7469616C2D64
:1039980073746F726167652D382E302E315C7372C7
:1039A800635C6974656D2E727300433A5C55736588
:1039B80072735C6C656D6F6E5C2E636172676F5CB1
:1039C80072656769737472795C7372635C696E643B
:1039D80065782E6372617465732E696F2D31393481
:1039E800396366386336623562353537665C7472BA
:1039F8006F75626C652D686F73742D302E382E309C
:103A08005C7372635C73656375726974795F6D6109
:103A18006E616765725C63727970746F2E72730081
:103A2800433A5C55736572735C6C656D6F6E5C2EA2
:103A3800636172676F5C72656769737472795C73CE
:103A480072635C696E6465782E6372617465732E47
:103A5800696F2D31393439636638633662356235BA
:103A68003537665C74726F75626C652D686F737438
:103A78002D302E382E305C7372635C6174747269F9
:103A8800627574652E7273007372635C6D6F74690E
:103A98006F6E5F70696E2E727300433A5C55736582
:103AA80072735C6C656D6F6E5C2E636172676F5CC0
:103AB80072656769737472795C7372635C696E644A
:103AC80065782E6372617465732E696F2D31393490
:103AD800396366386336623562353537665C6465E6
:103AE800666D742D7274742D312E332E305C7372A2
:103AF800635C6368616E6E656C2E727300433A5C3A
:103B080055736572735C6C656D6F6E5C726D6B5C22
:103B1800726D6B5C7372635C6576656E745C636F03
:103B28006E6E656374696F6E2E727300433A5C55EE
:103B3800736572735C6C656D6F6E5C2E6361726722
:103B48006F5C72656769737472795C7372635C69C0
:103B58006E6465782E6372617465732E696F2D319A
:103B68003934396366386336623562353537665CB1
:103B7800656D62617373792D6E72662D302E3131E9
:103B88002E305C7372635C74696D655F647269760C
:103B980065722E72730000433A5C55736572735CEC
:103BA8006C656D6F6E5C2E636172676F5C726567C2
:103BB80069737472795C7372635C696E6465782E7C
:103BC8006372617465732E696F2D31393439636698
:103BD800386336623562353537665C64626C2D3021
:103BE8002E332E325C7372635C6C69622E727300C2
:103BF8007372635C6C706D3030396D333630612EA2
:103C08007273000F4174207061676520696E646586
:103C1800783A20C0002F72757374632F383864396E
:103C280065313261653137386661623066623563A5
:103C38006330353061393464613835363835643449
:103C4800343965612F6C6962726172792F636F72A2
:103C5800652F7372632F7374722F6D6F642E727376
:103C680000433A5C55736572735C6C656D6F6E5C8E
:103C78002E636172676F5C72656769737472795CD1
:103C88007372635C696E6465782E637261746573C0
:103C98002E696F2D3139343963663863366235627F
:103CA800353537665C74726F75626C652D686F7335
:103CB800742D302E382E305C7372635C70657269B7
:103CC80070686572616C2E727300433A5C55736557
:103CD80072735C6C656D6F6E5C2E636172676F5C8E
:103CE80072656769737472795C7372635C696E6418
:103CF80065782E6372617465732E696F2D3139345E
:103D0800396366386336623562353537665C656DAA
:103D180062617373792D73796E632D302E382E306E
:103D28005C7372635C7075627375625C7075626CEB
:103D380069736865722E72730015627974652072F2
:103D4800616E67652073746172747320617420C03A
:103D58000D2062757420656E647320617420C00044
:103D680026636F70795F66726F6D5F736C696365E8
:103D78003A20736F7572636520736C696365206C94
:103D8800656E6774682028C02B2920646F657320CE
:103D98006E6F74206D617463682064657374696EF6
:103DA8006174696F6E20736C696365206C656E67FA
:103DB80074682028C0012900433A5C557365727302
:103DC8005C6C656D6F6E5C726D6B5C726D6B5C7359
:103DD80072635C6576656E745C73706C69742E7260
:103DE80073007372635C72656E6465726572732EBC
:103DF800727300433A5C55736572735C6C656D6FE2
:103E08006E5C2E636172676F5C726567697374724A
:103E1800795C7372635C696E6465782E6372617431
:103E280065732E696F2D31393439636638633662AC
:103E38003562353537665C656D62617373792D73EC
:103E4800796E632D302E382E305C7372635C70751A
:103E5800627375625C737562736372696265722EF0
:103E6800727300433A5C55736572735C6C656D6F71
:103E78006E5C2E636172676F5C72656769737472DA
:103E8800795C7372635C696E6465782E63726174C1
:103E980065732E696F2D313934396366386336623C
:103EA8003562353537665C74726F75626C652D687E
:103EB8006F73742D302E382E305C7372635C747996
:103EC8007065735C7072696D6974697665732E725A
:103ED8007300433A5C55736572735C6C656D6F6E05
:103EE8005C2E636172676F5C72656769737472795F
:103EF8005C7372635C696E6465782E637261746565
:103F0800732E696F2D3139343963663863366235FB
:103F180062353537665C656D62617373792D6E72D3
:103F2800662D302E31312E305C7372635C736161A3
:103F380064632E727300C000433A5C5573657273F4
:103F48005C6C656D6F6E5C2E636172676F5C726529
:103F58006769737472795C7372635C696E6465789F
:103F68002E6372617465732E696F2D31393439632C
:103F780066386336623562353537665C74726F75DC
:103F8800626C652D686F73742D302E382E305C731B
:103F980072635C74797065735C757569642E72738D
:103FA80000433A5C55736572735C6C656D6F6E5C4B
:103FB800726D6B5C726D6B5C7372635C626C655C7A
:103FC8006164762E727300433A5C55736572735C54
:103FD8006C656D6F6E5C2E636172676F5C7265678E
:103FE80069737472795C7372635C696E6465782E48
:103FF8006372617465732E696F2D31393439636664
:10400800386336623562353537665C62742D6863AD
:10401800692D302E31302E315C7372635C706172A1
:10402800616D2E727300433A5C55736572735C6CF4
:10403800656D6F6E5C2E636172676F5C7265676930
:10404800737472795C7372635C696E6465782E63ED
:1040580072617465732E696F2D313934396366382E
:104068006336623562353537665C656D62617373D8
:10407800792D6E72662D302E31312E305C7372635D
:104088005C726E672E727300433A5C557365727387
:104098005C6C656D6F6E5C2E636172676F5C7265D8
:1040A8006769737472795C7372635C696E6465784E
:1040B8002E6372617465732E696F2D3139343963DB
:1040C80066386336623562353537665C74726F758B
:1040D800626C652D686F73742D302E382E305C73CA
:1040E80072635C636F6E6E656374696F6E5F6D613A
:1040F8006E616765722E727300433A5C5573657220
:10410800735C6C656D6F6E5C2E636172676F5C7259
:10411800656769737472795C7372635C696E6465F0
:10412800782E6372617465732E696F2D3139343955
:104138006366386336623562353537665C74726F2C
:1041480075626C652D686F73742D302E382E305C57
:104158007372635C6174747269627574655F7365A8
:10416800727665725C636C69656E745F6174745FA6
:104178007461626C652E727300433A5C55736572A4
:10418800735C6C656D6F6E5C726D6B5C726D6B5C95
:104198007372635C73706C69745C626C655C706587
:1041A800726970686572616C2E72730016736C693F
:1041B800636520696E646578207374617274732016
:1041C800617420C00D2062757420656E647320616F
:1041D8007420C000433A5C55736572735C6C656DFE
:1041E8006F6E5C726D6B5C726D6B5C7372635C732B
:1041F800706C69745C626C655C6D6F642E727300C0
:10420800433A5C55736572735C6C656D6F6E5C2EBA
:10421800636172676F5C72656769737472795C73E6
:1042280072635C696E6465782E6372617465732E5F
:10423800696F2D31393439636638633662356235D2
:104248003537665C7070762D6C69746538362D303C
:104258002E322E32315C7372635C67656E657269EB
:10426800632E727300433A5C55736572735C6C65B8
:104278006D6F6E5C2E636172676F5C7265676973E0
:104288007472795C7372635C696E6465782E6372AC
:10429800617465732E696F2D3139343963663863FB
:1042A80036623562353537665C74726F75626C6577
:1042B8002D686F73742D302E382E305C7372635CEA
:1042C800636F6E6E656374696F6E2E727300433A26
:1042D8005C55736572735C6C656D6F6E5C2E6361A3
:1042E80072676F5C72656769737472795C73726305
:1042F8005C696E6465782E6372617465732E696F8C
:104308002D3139343963663863366235623535376D
:10431800665C73657175656E7469616C2D73746F15
:10432800726167652D382E302E315C7372635C6D57
:1043380061702E72730020696E646578206F7574E1
:10434800206F6620626F756E64733A20746865200A
:104358006C656E20697320C01220627574207468C1
:104368006520696E64657820697320C000433A5CF3
:1043780055736572735C6C656D6F6E5C2E636172EC
:10438800676F5C72656769737472795C7372635C7A
:10439800696E6465782E6372617465732E696F2D1A
:1043A8003139343963663863366235623535376694
:1043B8005C656D62617373792D74696D652D302E3E
:1043C800352E315C7372635C696E7374616E742E22
:1043D800727300433A5C55736572735C6C656D6FFC
:1043E8006E5C726D6B5C726D6B5C7372635C737028
:1043F8006C69745C7065726970686572616C2E7244
:104408007300433A5C55736572735C6C656D6F6ECF
:104418005C2E636172676F5C726567697374727929
:104428005C7372635C696E6465782E63726174652F
:10443800732E696F2D3139343963663863366235C6
:1044480062353537665C6165732D302E382E345CE5
:104458007372635C736F66745C666978736C6963A6
:104468006533322E7273002F72757374632F383868
:104478006439653132616531373866616230666248
:1044880035636330353061393464613835363835F1
:104498006434343965612F6C6962726172792F6393
:1044A8006F72652F7372632F666D742F6D6F642E34
:1044B8007273002F72757374632F383864396531DD
:1044C8003261653137386661623066623563633000
:1044D80035306139346461383536383564343439C7
:1044E80065612F6C6962726172792F636F72652FD3
:1044F8007372632F736C6963652F6D6F642E7273AB
:1045080000433A5C55736572735C6C656D6F6E5CE5
:104518002E636172676F5C72656769737472795C28
:104528007372635C696E6465782E63726174657317
:104538002E696F2D313934396366386336623562D6
:10454800353537665C74726F75626C652D686F738C
:10455800742D302E382E305C7372635C736563750E
:10456800726974795F6D616E616765725C706169AB
:1045780072696E675C7065726970686572616C2ECD
:10458800727300433A5C55736572735C6C656D6F4A
:104598006E5C2E636172676F5C72656769737472B3
:1045A800795C7372635C696E6465782E637261749A
:1045B80065732E696F2D3139343963663863366215
:1045C8003562353537665C74726F75626C652D6857
:1045D8006F73742D302E382E305C7372635C736584
:1045E8006375726974795F6D616E616765725C701D
:1045F800616972696E675C7574696C2E7273002FDD
:1046080072757374632F3838643965313261653176
:1046180037386661623066623563633035306139D8
:1046280034646138353638356434343965612F6C13
:104638006962726172792F636F72652F7372632F6B
:10464800736C6963652F697465722E727300433ADF
:104658005C55736572735C6C656D6F6E5C2E63611F
:1046680072676F5C72656769737472795C73726381
:104678005C696E6465782E6372617465732E696F08
:104688002D313934396366386336623562353537EA
:10469800665C656D62617373792D73796E632D3015
:1046A8002E382E305C7372635C7075627375625C51
:1046B8006D6F642E727300433A5C55736572735C58
:1046C8006C656D6F6E5C726D6B5C726D6B5C73723A
:1046D800635C6576656E745C626174746572792E6C
:1046E800727300433A5C55736572735C6C656D6FE9
:1046F8006E5C2E636172676F5C7265676973747252
:10470800795C7372635C696E6465782E6372617438
:1047180065732E696F2D31393439636638633662B3
:104728003562353537665C74726F75626C652D68F5
:104738006F73742D302E382E305C7372635C617425
:10474800747269627574655F7365727665722E72CC
:104758007300433A5C55736572735C6C656D6F6E7C
:104768005C2E636172676F5C7265676973747279D6
:104778005C7372635C696E6465782E6372617465DC
:10478800732E696F2D313934396366386336623573
:1047980062353537665C7374617469635F63656C31
:1047A8006C2D322E312E315C7372635C6C69622E13
:1047B8007273001072616E676520656E6420696EA1
:1047C80064657820C022206F7574206F662072613E
:1047D8006E676520666F7220736C696365206F660B
:1047E800206C656E67746820C000433A5C55736539
:1047F80072735C6C656D6F6E5C2E636172676F5C63
:1048080072656769737472795C7372635C696E64EC
:1048180065782E6372617465732E696F2D31393432
:10482800396366386336623562353537665C646588
:10483800666D742D312E312E315C7372635C6C6938
:10484800622E727300433A5C55736572735C6C65D3
:104858006D6F6E5C2E636172676F5C7265676973FA
:104868007472795C7372635C696E6465782E6372C6
:10487800617465732E696F2D313934396366386315
:1048880036623562353537665C74726F75626C6591
:104898002D686F73742D302E382E305C7372635C04
:1048A8006174742E727300FFFFFFFF1F00433A5CB0
:1048B80055736572735C6C656D6F6E5C726D6B5C65
:1048C800726D6B5C7372635C73746F726167655C45
:1048D8006D6F642E727300433A5C55736572735C36
:1048E8006C656D6F6E5C726D6B5C726D6B5C737218
:1048F800635C6576656E745C6D6F642E727300110F
:104908007374617274206279746520696E64657865
:1049180020C027206973206F7574206F6620626F2E
:10492800756E647320666F7220737472696E672087
:104938006F66206C656E67746820C0001272616EC5
:10494800676520737461727420696E64657820C02D
:1049580022206F7574206F662072616E676520660D
:104968006F7220736C696365206F66206C656E6773
:10497800746820C000433A5C55736572735C6C655B
:104988006D6F6E5C2E636172676F5C7265676973C9
:104998007472795C7372635C696E6465782E637295
:1049A800617465732E696F2D3139343963663863E4
:1049B80036623562353537665C656D626564646597
:1049C800642D696F2D302E372E315C7372635C69EC
:1049D8006D706C735C736C6963655F6D75742E7252
:1049E8007300433A5C55736572735C6C656D6F6EEA
:1049F8005C2E636172676F5C726567697374727944
:104A08005C7372635C696E6465782E637261746549
:104A1800732E696F2D3139343963663863366235E0
:104A280062353537665C74726F75626C652D686FB8
:104A380073742D302E382E305C7372635C7365632B
:104A480075726974795F6D616E616765725C7061BA
:104A58006972696E675C63656E7472616C2E7273DD
:104A680000433A5C55736572735C6C656D6F6E5C80
:104A78002E636172676F5C72656769737472795CC3
:104A88007372635C696E6465782E637261746573B2
:104A98002E696F2D31393439636638633662356271
:104AA800353537665C62742D6863692D302E313078
:104AB8002E315C7372635C6C69622E727300433AC8
:104AC8005C55736572735C6C656D6F6E5C2E6361AB
:104AD80072676F5C72656769737472795C7372630D
:104AE8005C696E6465782E6372617465732E696F94
:104AF8002D31393439636638633662356235353776
:104B0800665C6465666D742D7274742D312E332E57
:104B1800305C7372635C6C69622E7273000F556E41
:104B28006B6E6F776E206572726E6F3A20C00043AD
:104B38003A5C55736572735C6C656D6F6E5C2E6361
:104B48006172676F5C72656769737472795C73729E
:104B5800635C696E6465782E6372617465732E692F
:104B68006F2D3139343963663863366235623535CD
:104B780037665C73657175656E7469616C2D7374E5
:104B88006F726167652D382E302E315C7372635CED
:104B98006C69622E727300433A5C55736572735C7C
:104BA8006C656D6F6E5C2E636172676F5C726567B2
:104BB80069737472795C7372635C696E6465782E6C
:104BC8006372617465732E696F2D31393439636688
:104BD800386336623562353537665C6E72662D73BA
:104BE80064632D302E342E305C7372635C7364639F
:104BF8002E727300433A5C55736572735C6C656D15
:104C08006F6E5C726D6B5C726D6B5C7372635C77FC
:104C180061746368646F675C6E726635322E727396
:104C280000433A5C55736572735C6C656D6F6E5CBE
:104C38002E636172676F5C72656769737472795C01
:104C48007372635C696E6465782E637261746573F0
:104C58002E696F2D313934396366386336623562AF
:104C6800353537665C656D62617373792D73796E5E
:104C7800632D302E382E305C7372635C6D757465ED
:104C8800782E727300433A5C55736572735C6C6579
:104C98006D6F6E5C2E636172676F5C7265676973B6
:104CA8007472795C7372635C696E6465782E637282
:104CB800617465732E696F2D3139343963663863D1
:104CC80036623562353537665C656D626173737956
:104CD8002D6E72662D302E31312E305C7372635C0E
:104CE8006770696F74652E727300433A5C5573651B
:104CF80072735C6C656D6F6E5C726D6B5C726D6B04
:104D08005C7372635C6576656E745C696E707574ED
:104D18002E727300433A5C55736572735C6C656DF3
:104D28006F6E5C2E636172676F5C7265676973741E
:104D380072795C7372635C696E6465782E63726104
:104D48007465732E696F2D3139343963663863366B
:104D5800623562353537665C74726F75626C652DC5
:104D6800686F73742D302E382E305C7372635C68F4
:104D78006F73742E727300433A5C55736572735C7B
:104D88006C656D6F6E5C2E636172676F5C726567D0
:104D980069737472795C7372635C696E6465782E8A
:104DA8006372617465732E696F2D313934396366A6
:104DB800386336623562353537665C706F73746395
:104DC8006172642D312E312E335C7372635C7661AF
:104DD80072696E742E727300433A5C557365727310
:104DE8005C6C656D6F6E5C2E636172676F5C72657B
:104DF8006769737472795C7372635C696E646578F1
:104E08002E6372617465732E696F2D31393439637D
:104E180066386336623562353537665C62742D688C
:104E280063692D302E31302E315C7372635C64619E
:104E380074612E727300433A5C55736572735C6CCF
:104E4800656D6F6E5C2E636172676F5C7265676912
:104E5800737472795C7372635C696E6465782E63CF
:104E680072617465732E696F2D3139343963663810
:104E78006336623562353537665C74726F75626C9D
:104E8800652D686F73742D302E382E305C73726305
:104E98005C7061636B65745F706F6F6C2E7273000A
:104EA800433A5C55736572735C6C656D6F6E5C2E0E
:104EB800636172676F5C72656769737472795C733A
:104EC80072635C696E6465782E6372617465732EB3
:104ED800696F2D3139343963663863366235623526
:104EE8003537665C72616E645F636F72652D302E54
:104EF800362E345C7372635C626C6F636B2E7273F4
:104F080000433A5C55736572735C6C656D6F6E5CDB
:104F18002E636172676F5C72656769737472795C1E
:104F28007372635C696E6465782E6372617465730D
:104F38002E696F2D313934396366386336623562CC
:104F4800353537665C656D62617373792D6E72668F
:104F58002D302E31312E305C7372635C7573625C58
:104F68006D6F642E727300433A5C55736572735C9F
:104F78006C656D6F6E5C2E636172676F5C726567DE
:104F880069737472795C7372635C696E6465782E98
:104F98006372617465732E696F2D313934396366B4
:104FA800386336623562353537665C62742D6863FE
:104FB800692D302E31302E315C7372635C657665F5
:104FC8006E742E7273000F656E64206279746520AA
:104FD800696E64657820C027206973206F75742016
:104FE8006F6620626F756E647320666F72207374CB
:104FF80072696E67206F66206C656E67746820C082
:1050080000C0013AC0013AC000433A5C557365726A
:10501800735C6C656D6F6E5C2E636172676F5C723A
:10502800656769737472795C7372635C696E6465D1
:10503800782E6372617465732E696F2D3139343936
:105048006366386336623562353537665C656D622E
:10505800617373792D6E72662D302E31312E305C6E
:105068007372635C7477696D2E727300433A5C5592
:10507800736572735C6C656D6F6E5C2E63617267CD
:105088006F5C72656769737472795C7372635C696B
:105098006E6465782E6372617465732E696F2D3145
:1050A8003934396366386336623562353537665C5C
:1050B800686561706C6573732D302E392E335C739F
:1050C80072635C7665635C6D6F642E727300433A3D
:1050D8005C55736572735C6C656D6F6E5C726D6B3D
:1050E8005C726D6B5C7372635C696E7075745F641F
:1050F80065766963655C626174746572792E727332
:10510800007372635C747261636B7061642E727396
:1051180000433A5C55736572735C6C656D6F6E5CC9
:105128002E636172676F5C72656769737472795C0C
:105138007372635C696E6465782E637261746573FB
:105148002E696F2D313934396366386336623562BA
:10515800353537665C74726F75626C652D686F7370
:10516800742D302E382E305C7372635C6C32636140
:10517800705C7361722E727300433A5C557365728A
:10518800735C6C656D6F6E5C2E636172676F5C72C9
:10519800656769737472795C7372635C696E646560
:1051A800782E6372617465732E696F2D31393439C5
:1051B8006366386336623562353537665C667574A2
:1051C800757265732D7574696C2D302E332E3334DA
:1051D8005C7372635C6675747572655C6D61796227
:1051E800655F646F6E652E727300433A5C55736534
:1051F80072735C6C656D6F6E5C2E636172676F5C59
:1052080072656769737472795C7372635C696E64E2
:1052180065782E6372617465732E696F2D31393428
:10522800396366386336623562353537665C6E7267
:10523800662D6D70736C2D302E342E305C73726356
:105248005C666C6173682E727300433A5C557365D3
:1052580072735C6C656D6F6E5C726D6B5C726D6B9E
:105268005C7372635C6576656E745C737461746597
:105278002E727300433A5C55736572735C6C656D8E
:105288006F6E5C726D6B5C726D6B5C7372635C6984
:105298006E7075745F6465766963655C726F74615E
:1052A80072795F656E636F6465722E727300433A3C
:1052B8005C55736572735C6C656D6F6E5C726D6B5B
:1052C8005C726D6B5C7372635C696E7075745F643D
:1052D80065766963655C6164635C6E72662E727381
:1052E80000433A5C55736572735C6C656D6F6E5CF8
:1052F8002E636172676F5C72656769737472795C3B
:105308007372635C696E6465782E63726174657329
:105318002E696F2D313934396366386336623562E8
:10532800353537665C74726F75626C652D686F739E
:10533800742D302E382E305C7372635C7365637520
:10534800726974795F6D616E616765725C6D6F64B7
:105358002E727300B5370400640000004600000098
:105368002A000000783404006500000024000000D2
:10537800240000000945040081000000BA00000074
:105388002F000000094504008100000070000000A3
:105398000D000000EA4904007E0000003A01000008
:1053A8002F000000EA4904007E0000006B010000A5
:1053B8002B000000EA4904007E0000009201000072
:1053C8003C000000EA4904007E0000005803000089
:1053D80019000000EA4904007E0000006103000093
:1053E80036000000D93604006D000000E700000018
:1053F8002A0000006A36040062000000A2000000D3
:1054080027000000E952040072000000DB030000DE
:1054180028000000E952040072000000E5030000C3
:105428000E000000E9520400720000006C03000046
:105438001D000000E9520400720000007103000022
:105448000E000000E9520400720000007203000020
:105458002D000000E952040072000000560300000D
:105468001D000000E9520400720000005A03000009
:1054780014000000E9520400720000005B03000001
:105488001D000000E952040072000000380300000B
:1054980013000000E9520400720000003803000005
:1054A80039000000E95204007200000038030000CF
:1054B8001C000000E952040072000000850300008F
:1054C80028000000E952040072000000AD0300004B
:1054D80011000000E952040072000000C603000039
:1054E80014000000E952040072000000C703000025
:1054F8001D0000002B5B00000803000008000000EE
:105508002BED010021EA010041ED010099EA0100BB
:10551800E9EA010045EC010085EB010039EB0100E7
:10552800BDF8010009F901001A3804006200000002
:1055380087030000320000001A38040062000000EF
:10554800B203000013000000000000000400000087
:10555800040000002DA20200EA3D04001000000033
:105568000401000016000000EA3D040010000000DD
:10557800060100001000000000000000000000000C
:105588000000000000000000000000000000000013
:105598000000000000000000000000000000000003
:1055A80000000000000000000000000000000000F3
:1055B80000000000000000000000000000000000E3
:1055C80000000000000000000000000000000000D3
:1055D80000000000000000000000000000000000C3
:1055E80000000000000000000000000000000000B3
:1055F80000000000000000000000000000000000A3
:105608000000000000000000000000000000000092
:105618000000000000000000000000000000000082
:105628000000000000000000000000000000000072
:105638000000000000000000000000000000000062
:1056480000000000000000000007C000000000008B
:1056580000000FE0000000000000001CE000000057
:10566800000000001CFE001E00000000003FFFF8C4
:105678007F0000000001FFFFFFF3800000000FF033
:10568800001FE1800000003F000001C18000000011
:10569800F80000000180000001E000000003800025
:1056A8000003800000000700000007000000000F52
:1056B8000000000E00000000060000001C00000FA3
:1056C800000700000019F80007E00300000039FC9B
:1056D8000003F00380000031FC000000018000009E
:1056E80030FC00000001C0000030F000000000C0E5
:1056F800000070E000000000E0000070E000000022
:105708000060000070E00000000070000070E00021
:1057180000000038000070E0000000003800003091
:10572800E0000000001C000039F0000000000E003E
:10573800001FFC000000000700001FBF0000000061
:105748000380000F0E0000000003C0000780000067
:10575800000001C00001E00000000000E00000F0CF
:105768000000000000700000700000000000380019
:10577800007000000000001C000070000000000025
:105788000E0000700000000000070000700000001C
:105798000000070000700000000000038000700097
:1057A8000000000001C00070000000000001C000FF
:1057B80070000000000000E0003000000000000061
:1057C800E000300000000000007000300000000021
:1057D80000007000300000000000003000380000B9
:1057E80000000000380038000000000000180038F1
:1057F8000000000000001800180000000000001C55
:1058080000180000000000001C0018000000000044
:10581800001C001C0C00000000001C001C1C0000E8
:105828000000000C001C0C00000000000C000C0C18
:1058380001800C00000C001C0C01803C00000C00D6
:105848003C0C0180F800001C00FC0E0181E0000007
:105858001C3FEC0E03838000001CFFCE0E03870064
:10586800000018EF0E0E030E00000038C00E0E03E5
:105878001C00000038E00E0E073800000070E00E33
:105888000E07F800000070701C0E0FF8000000E012
:105898003DF81E0F38000001C01FF03C1F18000023
:1058A80007800FEEF83F0000000F00007FF27F0036
:1058B80000007E00003FFFFF80001FF80000003F4F
:1058C800FFE07FFFE00000000700FFFFFC00000092
:1058D8000000007FF8000000000000000000000049
:1058E80000000000000000000000000000000000B0
:1058F80000000000000000000000000000000000A0
:10590800000000000000000000000000000000008F
:10591800000000000000000000000000000000007F
:10592800000000000000000000000000000000006F
:10593800000000000000000000000000000000005F
:10594800000000000000000000000000000000004F
:10595800000000000000000000000000000000003F
:10596800000000000000000000000000000000002F
:10597800000000000000000000000000000000001F
:10598800000000000000000000000000000000000F
:1059980000000000000000000000000000000000FF
:1059A80000000000000000000000000000000000EF
:1059B80000000000000000000000000000000000DF
:1059C80000000000000000000000000000000000CF
:1059D80000000000000000000000000000000000BF
:1059E80000000000000000000000000000000000AF
:1059F800000000000000000000000000000000009F
:105A0800000000000000000000000000000000008E
:105A1800000000000000000000000000000000007E
:105A2800000000000000000000000000000000006E
:105A3800000000000000000000000000000000005E
:105A480000000000000C07F0000000C000003C1F30
:105A5800F00007E0700000703C300007F8380000E4
:105A6800C0703380061C0C000180C03F80760E0693
:105A7800000381C07D80FE0703000301807880DE7B
:105A8800030300060300E0C0C7018180060301C0CC
:105A9800C0C38181800C030100C0C08180C00C0399
:105AA800000180C00180C01802000180C00180C0D0
:105AB8001802000180C00180401803000300600143
:105AC800807FFC070003006001C3FFFF8E00060013
:105AD8003000EFE033F8000C0038007C60307000D4
:105AE8001C001C007060303000700007F0E460207B
:105AF800201FE00003F9CE0006003F8000001F0CC5
:105B0800000600700000000F00380000E0000000F0
:105B1800060FFFC003E00000000C7FC7F80230004A
:105B280000000DF0003E00380000001F80000F004C
:105B3800180000001E000003801800000038000054
:105B480001C00C00000070000000600C000000E0C4
:105B5800000000700C000000C00001E0300C0000E4
:105B680001DF8000FC300C0000019FC0003C180CD5
:105B78000000019FC00000180C0000030F80000007
:105B8800180C0000030600000018060000030E00B1
:105B9800000018070000030E0000001803000003AF
:105BA8000C00000018030000030C0000001803009C
:105BB80000038E00000030070000018F0000003055
:105BC80007000001FFC00000600F800000F9E0003E
:105BD80000E019C0000070600001C030C00000384B
:105BE80000000380E0E000001E00000F03C070000A
:105BF800000FC0003C0F003800000DF803F03C0017
:105C08001C00000C3FFFC1F0000E00000F03F80F4E
:105C1800C00007000007F001FE000003000007FFB6
:105C2800FFF00000038000070FFE00000001C00025
:105C380007000000000000C000070000000000008E
:105C4800E000030000000000006000030000000006
:105C58000000700003000000000000300003000096
:105C680000000000380003000000000000180003D6
:105C78008000000000001800018000000000001CE7
:105C880000018000000000001C00018000000000EE
:105C9800000C00018100000000000C000181800060
:105CA8000000000C0001C180000000000C0001C1D0
:105CB80080300200000C0001C180300F00000C0091
:105CC80003C1C0703E00000C0007C0C0707800001F
:105CD8000C03FEC0C060E000001C07F8C0C061C033
:105CE80000001C0660C0C0E3800000180600C0C0A9
:105CF800E7000000380600C1C0FE000000300700C1
:105D0800C1C1FE000000700383C1C1FE000000E0B5
:105D180001FF0383C6000001C000FE4783C00000E6
:105D280007800007FF47E000001F000003FFFFF0A7
:105D38000001FC00000003FFF807FFF0000000006E
:105D4800F03FFFFF0000000000000FFE0000000011
:105D5800000000000000000000000000000000003B
:105D6800000000000000000000000000000000002B
:105D7800000000000000000000000000000000001B
:105D8800000000000000000000000000000000000B
:105D980000000000000000000000000000000000FB
:105DA80000000000000000000000000000000000EB
:105DB80000000000000000000000000000000000DB
:105DC80000000000000000000000000000000000CB
:105DD80000000000000000000000000000000000BB
:105DE80000000000000000000000000000000000AB
:105DF800000000000000000000000000000000009B
:105E0800000000000000000000000000000000008A
:105E1800000000000000000000000000000000007A
:105E2800000000000000000000000000000000006A
:105E3800000000000000000000000000000000005A
:105E4800000000000000000000000000000000004A
:105E5800000000000000000000000000000000003A
:105E6800000000000000000000000000000000002A
:105E7800000000000000000000000000000000001A
:105E8800000000000000000000000000000000000A
:105E980000000000000000000000000000000000FA
:105EA800000001E00000000000000003F000000016
:105EB800000000000738000000000000000618007D
:105EC8000000000000000618000000000000001F8D
:105ED80038000000000000007FF000000000000013
:105EE80000F3E000000000000003C3000000000011
:105EF80000000F07000000000000003E070000003F
:105F080000000000780600000000000001E0060024
:105F180000000000000780060000000000001F00CD
:105F28000E0000000000003C000C0000000000070C
:105F3800F8000C00000000001FFF000C000000002B
:105F4800001807E00C00000000003000F81C0000FA
:105F58000000003FE03C180000000001FFFE0FF8C1
:105F6800000000000FE03FC3F8000000001E00031F
:105F7800FF38000000007800007E1800000000E0F4
:105F880000000C1800000001C000000038000000EC
:105F98000380000000700000000720001C00600063
:105FA800000006FC001F80700000000EFE00078045
:105FB800300000000C7E000000380000000C3C009F
:105FC8000000180000000C300000001C0000000C4D
:105FD800700000000C0000000C60000000060000CB
:105FE800080C600000000700003F0C700000000370
:105FF8000000738CF0000000018000CD8FBE00000F
:106008000001C000DF9F7F00000000E000DDFBE032
:10601800000000007000CFF7E0000000003800E743
:106028003E70000000001C0073F838000000000EED
:10603800003FC030000000000600000030000000F3
:106048000003000000300000000003800000300062
:1060580000000001C00000300000000000C0000087
:10606800380000000000E000001800000000006098
:106078000000180000000000700000180000000078
:106088000030000018000000000038000018000070
:106098000000001800001800000000001800001C94
:1060A80000000000001C00000C00000000000C00B4
:1060B800000C00000000000C00000C18000000009C
:1060C8000C00000C18000000000C00000C18000068
:1060D80000000C00000C180601C0000C00000E1C8B
:1060E8000607C0000C00003E0C060F00000C000E56
:1060F800FE0C0E1C00000C001FE60C0C3800001CE7
:106108000039860C0C700000180038060C1CE000E2
:1061180000380018061C1FC0000030001C0E1C1F91
:10612800C0000070000E7C1C3DC00000E00007F8B5
:106138003878400001C00001FEF07C0000078000B4
:10614800003FF6FC00007F0000000F3FFE00FFF854
:10615800000000001F07FFFFC0000000000001FF53
:10616800C000000000000000000000000000000067
:106178000000000000000000000000000000000017
:106188000000000000000000000000000000000007
:1061980000000000000000000000000000000000F7
:1061A80000000000000000000000000000000000E7
:1061B80000000000000000000000000000000000D7
:1061C80000000000000000000000000000000000C7
:1061D80000000000000000000000000000000000B7
:1061E80000000000000000000000000000000000A7
:1061F8000000000000000000000000000000000097
:106208000000000000000000000000000000000086
:106218000000000000000000000000000000000076
:106228000000000000000000000000000000000066
:106238000000000000000000000000000000000056
:106248000000000000000000000000000000000046
:106258000000000000000000000000000000000036
:106268000000000000000000000000000000000026
:106278000000000000400000000000000000C00016
:106288000000000000000180000000000000000382
:1062980000000000000000000300000000000000F3
:1062A80000030000000000000000030000000000E0
:1062B80000000001C00300000000000000E00180B1
:1062C8000000000000003800C000000000000018B6
:1062D80000C00000000000001800C000000000001E
:1062E800001800C00000000000003001C0000000DD
:1062F800000000E00380000000000001C00F000063
:106308000000000003001C00000000000003003033
:106318000000000000000200600000000000000310
:106328000060000000000000038060000000000022
:106338000001C03000000000000000003000000034
:106348000000000000000000000000000000000045
:106358000000000000000000000000000000F1FF45
:10636800800000000001FFFFFFE00000000007FFC1
:106378000F00F00000000006060C003000000000CE
:106388000C0C0FF018000000000C3C1FF038000047
:1063980000000C7E1C003C000000000C07FC007F85
:1063A800000000000C7FFF0063800000000FFFFF6B
:1063B800F0F1C00000001FE03FFFF8C00000007EC1
:1063C8000001FF9CC0000000F000007C06C0000037
:1063D80003C000001F07C00000078000000783C03B
:1063E80000000E00000001C18000001C0000000039
:1063F800F180000038000000007980000033F000D0
:106408003E003D80000077F8001FC00F8000006745
:10641800FC0007C007800000E3FC000000078000C4
:1064280000E1F000000003800000C0C0000000018F
:10643800800000C0C000000001C00000C0C0000013
:106448000000E00000C1C000000000E00000E1C062
:106458000000000070000061C0000000003800006B
:1064680073E0000000001C00007FF8000000000E30
:1064780000003E3E000000000700001E1C00000057
:10648800000380000F000000000001C00007C000EA
:1064980000000000E00001E00000000000700000C3
:1064A800E00000000000380000E000000000001CD0
:1064B8000000E000000000000E0000E00000000006
:1064C800000E0000E000000000000700006000006F
:1064D80000000003800060000000000001800060F0
:1064E800000000000001C00060000000000000C0C3
:1064F8000070000000000000E000700000000000D4
:106508000060003000000000000070003000000053
:1065180000000030003000000000000038003800A3
:1065280000000000003800380000000000001800DB
:10653800180000000000001800180000000000000B
:106548001C001C0000000000001C001C06000000CD
:1065580000000C000C0600000000000C000C0600F7
:10656800C00000000C000C0600C00300000C000E68
:106578000700C00F80000C001E0701C03E00000C81
:10658800077E0701C0F800000C0FF6070181E00044
:10659800001C1FC7070183C000001C1807070387DA
:1065A800000000181C0707038E000000380C0707BE
:1065B80003FE000000380E070707FE000000700702
:1065C8000E0F07CE000000E003FC0E0FC200000112
:1065D800E001FA3C0DC0000003C0003F7F1FC0006F
:1065E800000F00001FFFFFE00000FE0000078FF013
:1065F8007000FFF800000000003FFFFF800000006F
:1066080000001FFFF0000000000000000000000074
:106618000000000000000000000000000000000072
:106628000000000000000000000000000000000062
:106638000000000000000000000000000000000052
:106648000000000000000000000000000000000042
:106658000000000000000000000000000000000032
:106668000000000000000000000000000000000022
:106678000000000000000000000000000000000012
:106688000000000000000000000000000000000002
:1066980000000000000000000000000000000000F2
:1066A80000000000000000000000000000000000E2
:1066B80000000000000000000000000000000000D2
:1066C80000000000000000000000000000000000C2
:1066D80000000000000000000000000000000000B2
:1066E80000000000000000000000000000000000A2
:1066F8000000000000000000000000000000000092
:106708000000000000000000000000000000000081
:106718000000000000000000000000000000000071
:10672800000000000000000000003FF00000000032
:10673800000000FFFE00000000000003C3FF80000F
:1067480000000000070FFBC000000000000C1C1C2C
:10675800E0000000000018380E6000000000003063
:1067680078063000000000FFF0F807300000000F46
:10677800FFFFFFF31F0000001F003FFFFF3F8000E7
:10678800003800007FDFF9C000006000001CE1F065
:10679800C000006000000E7060C00000C00000076C
:1067A8003000C00000C0000003FFFFC00000C000B0
:1067B8000003FFFFE00000C00000030018600000B5
:1067C800C00000030018600000C00000030018604B
:1067D8000000C0000003F81FE00000C03E0007FCF6
:1067E8003FE00000607F80063FF0E000007BFDC0D6
:1067F8000E73E06000003F9CF83CE0007000000E63
:10680800183FFFC00030000006180FFF00003800D6
:10681800000618000000001C000006180000000018
:106828000C0000071C000000000E0000037E0000A2
:10683800000007000003F7C000000003800001E328
:10684800C000000001C00000F00000000000E000EF
:10685800007800000000007000001C00000000002C
:106868003800000E00000000001800000C000000B6
:1068780000001C00000C00000000000E00000C00CE
:10688800000000000700000C00000000000380006A
:106898000C00000000000180000C00000000000156
:1068A800C0000E000000000000E0000E0000000024
:1068B8000000E0000E00000000000070000600006C
:1068C8000000000070000600000000000030000614
:1068D800000000000000380006000000000000185A
:1068E800000700000000000018000700000000007A
:1068F800001C00030000000000001C000300000052
:106908000000000C00030300000000000C0003035B
:1069180000000000000C00038300000000000C00D1
:10692800038300600600000C00038380601E0000E3
:106938000C00078380607C00000C001F8180E0F061
:1069480000001C0FFD8180E1E000001C0FF1818038
:10695800C3800000181CC18180C7000000181801FE
:106968008181CE000000381C018381FC000000708A
:106978000E038383FC00000070070F8383FE000072
:1069880000E003FE070786000003C001FD8F07C073
:1069980000000780000FFE8FC000003F000007FFC7
:1069A800FFE00003FC00000007FFF01FFFF00000FD
:1069B8000001E03FFFFF0000000000001FFC000096
:1069C80000000000000000000000000000000000BF
:1069D80000000000000000000000000000000000AF
:1069E800000000000000000000000000000000009F
:1069F800000000000000000000000000000000008F
:106A0800000000000000000000000000000000007E
:106A1800000000000000000000000000000000006E
:106A2800000000000000000000000000000000005E
:106A3800000000000000000000000000000000004E
:106A4800000000000000000000000000000000003E
:106A5800000000000000000000000000000000002E
:106A6800000000000000000000000000000000001E
:106A7800000000000000000000000000000000000E
:106A880000000000000000000000000000000000FE
:106A980000000000000000000000000000000000EE
:106AA80000000000000000000000000000000000DE
:106AB80000000000000000000000000000000000CE
:106AC80000000000000000000000000000000000BE
:106AD80000000000000000000000000000000000AE
:106AE800000000000000000000000000000000009E
:106AF800000000000000000000000000000000008E
:106B0800000000000000000000000000000000007D
:106B1800000000000000000000000000000000006D
:106B2800000000000000000000000000000000005D
:106B3800000000000000000000000000000000004D
:106B4800000000000000000000000000000000033A
:106B5800800F0000000000000FE1DB0000000000D3
:106B6800000FE1F90000000000001C733B0000006A
:106B78000000001FFFBFC000000007E03FFFFEFC51
:106B88000000000FF9FF8FF67E0000001FDFE00312
:106B98003E670000001FBF00033FC30000003E7CAB
:106BA80001E3F3830000003CFE07F9F30300000053
:106BB8003BFFCFFC1E0700000036FFFFEE0C0E0067
:106BC80000001FFC7FDF001C0000001FF83FBF0013
:106BD8001C0000001FF03F7FFFFE0000003BE03C70
:106BE800DFFFFF000000700019BFE007800000779A
:106BF800E01B7F00078000006FF00EFE000380009E
:106C080000E7F80FFE0003800000E7F007FC000132
:106C1800C00000C3E000F00001C00000C380000015
:106C28000000E00000C38000000000E00000E380F6
:106C380000000000700000E3800000000038000041
:106C48006380000000003800006380000000001C22
:106C5800000077C0000000000E00003FF8000000B0
:106C6800000700001E7C000000000380001E1800C2
:106C780000000001C0000F000000000001E0000358
:106C8800C00000000000F00001E0000000000078F3
:106C980000007000000000003C00007000000000D0
:106CA800001C00007000000000000E0000700000D2
:106CB8000000000700007000000000000380007062
:106CC800000000000003800070000000000001C008
:106CD8000070000000000000C0007000000000000C
:106CE80000E00030000000000000600030000000FC
:106CF800000000700030000000000000300030008C
:106D080000000000003800380000000000003800D3
:106D180038000000000000180038000000000000E3
:106D28001C00180000000000001C001800000000F3
:106D380000001C00180000000000001C001C1C00C3
:106D4800000000001C001C1C00000000000C001CBF
:106D58001C00800000000C000C0C01801C00000CC2
:106D6800001C0C01807C00000C003C0E0180F80027
:106D7800001C007C0E0381E000001C3FEE0E038720
:106D88008000001CFFCE0E038F00000018FF0E0EBF
:106D9800030E00000038C00E0E071C00000038E08B
:106DA8000E0E073800000070E00E0E07F800000015
:106DB80070701C1E0FF8000000E03DF81E0F380030
:106DC8000001C01FF03C1F18000007800FEEF83FBD
:106DD8000000001F00007FF67F800000FE00003FDB
:106DE800FFFF80007FF80000003FFFE3FFFFE000A7
:106DF80000000700FFFFFC0000000000007FF0001B
:106E0800000000000000000000000000000000007A
:106E1800000000000000000000000000000000006A
:106E2800000000000000000000000000000000005A
:106E3800000000000000000000000000000000004A
:106E4800000000000000000000000000000000003A
:106E5800000000000000000000000000000000002A
:106E6800000000000000000000000000000000001A
:106E7800000000000000000000000000000000000A
:106E880000000000000000000000000000000000FA
:106E980000000000000000000000000000000000EA
:106EA80000000000000000000000000000000000DA
:106EB80000000000000000000000000000000000CA
:106EC80000000000000000000000000000000000BA
:106ED80000000000000000000000000000000000AA
:106EE800000000000000000000000000000000009A
:106EF800000000000000000000000000000000008A
:106F08000000000000000000000000000000000079
:106F18000000000000000000000000000000000069
:106F28000000000000000000000000000000000059
:106F38000000000000000000000000000000000049
:106F480000380000000000000000300000000000D1
:106F58000000007000000000000000046000000055
:106F6800000000003FFE00000000000000FFFF805E
:106F7800000000000001C0E3C0000000000003831F
:106F8800D0E000000000000301F0700000000000E5
:106F98000300003000000000000600003000000080
:106FA800000006000038000000000006000038005D
:106FB8000000000006000038000000000006000085
:106FC8003800000000000600003000000000000744
:106FD8000000300000000000030000700000000006
:106FE80000030000600000000000038000E00000D3
:106FF800000000038000C000000000000FC001C0B6
:1070080000000000000EE0038000000000001C7F6C
:10701800CF0C00000000001FFFFE3F000000000032
:10702800FFFFFE7F8000000007F8003FE1800000BE
:10703800001F800003C1800000007C0000008180E8
:10704800000001F00000000380000003C000000001
:10705800038000000700000000070000000E000089
:107068000000060000001C000006000700000019D0
:10707800F00007E00300000039FC0003F003800083
:107088000031FC0000400180000030FC00000001DD
:10709800C0000030F800000000C0000070E00000F0
:1070A8000000E0000070E00000000060000070C018
:1070B8000000000070000070C000000000380000F0
:1070C80070C00000000038000030E0000000001C24
:1070D800000039E0000000000E00003FF80000004A
:1070E800000700001FBF000000000380000F0E0013
:1070F80000000003800007800000000001C00003BA
:10710800E00000000000E00000F000000000007057
:10711800000070000000000038000070000000004F
:10712800001C00007000000000000E00007000004D
:10713800000000060000700000000000070000705A
:10714800000000000003800070000000000001C083
:107158000070000000000001C00070000000000086
:1071680000E0003000000000000060003000000077
:107178000000007000300000000000003000300007
:107188000000000000300038000000000000380057
:10719800380000000000001800380000000000005F
:1071A8001800180000000000001C00180000000073
:1071B80000001C00180000000000001C00180C0053
:1071C800000000000C001C1C00000000000C001C4B
:1071D8000C00000000000C000C0C01800C00000CDE
:1071E800001C0C01803C00000C003C0C0180F800E5
:1071F800000C007C0E0181E000001C3DEC0E0383B6
:107208008000001CFF8E0E038700000018EF0E0E92
:10721800030E00000018C00E0E031C00000038C04A
:107228000E0E073800000030E00E0E07F8000000D0
:1072380070701C0E0FF8000000E03DF81C0F3800BD
:107248000001C01FF03C1F08000003800FEC783FCE
:107258000000000F00007FF23F0000007E00003FAA
:10726800FFFF80001FF80000003FFFE07FFFE00005
:1072780000000300FFFFFC0000000000007FF0009A
:1072880000000000000000000000000000000000F6
:1072980000000000000000000000000000000000E6
:1072A80000000000000000000000000000000000D6
:1072B80000000000000000000000000000000000C6
:1072C80000000000000000000000000000000000B6
:1072D80000000000000000000000000000000000A6
:1072E8000000000000000000000000000000000096
:1072F8000000000000000000000000000000000086
:107308000000000000000000000000000000000075
:107318000000000000000000000000000000000065
:107328000000000000000000000000000000000055
:107338000000000000000000000000000000000045
:107348000000000000000000000000000000000035
:107358000000000000000000000000000000000025
:107368000000000000000000000000000000000015
:107378000000000000000000000000000000000005
:1073880000FE0000000000000003FF800000000075
:1073980000000701C00000000000000C00E0000031
:1073A800000000001C006000000000000018003011
:1073B8000000000000001820300000000000007EDF
:1073C8007030000000000000E6703000000000008F
:1073D80000E600380000000000007E001C000000ED
:1073E8000000003C000F000000000000180003F03F
:1073F8000000000000380019F8000000000030000C
:107408001E180000000000300006180000000000F0
:10741800300606300000000000300607300000008B
:1074280000003003833000000000003001FF6000DE
:10743800000000003000FEE00000000000380001FD
:10744800C000000000001C00038C00000000001EAB
:1074580000073F0000000000FF803E7F8000000022
:1074680007FFFFFFE3800000001F807FE7C1800067
:1074780000007C0000008180000001F00000000393
:1074880080000003C00000000380000007800000A7
:1074980000070000000E000000000E0000001C00A5
:1074A800000600070000001DF00007C007000000EC
:1074B80039FC0007F00380000039FC0000E003807D
:1074C800000031FC00000001C0000030F80000009E
:1074D80001C0000070E000000000E0000070E00063
:1074E800000000E0000070E0000000007000007084
:1074F800C00000000038000070E000000000380004
:107508000030E0000000001C000030E00000000037
:107518000E00003FF8000000000F00001FBF000031
:1075280000000700000F0F00000000038000078024
:107538000000000001C00003C00000000000E000DF
:1075480000F0000000000070000070000000000063
:107558003800007000000000001C000070000000EF
:1075680000000E00007000000000000E0000700017
:107578000000000007000070000000000003800009
:1075880070000000000001C0007000000000000151
:10759800C00070000000000000E000700000000063
:1075A8000000E00030000000000000700030000023
:1075B80000000000700030000000000000300038BB
:1075C800000000000000380038000000000000380B
:1075D800003800000000000018001800000000003B
:1075E800001C00180000000000001C00180000002B
:1075F8000000001C001C0800000000000C001C1CFF
:1076080000000000000C001C0C00000000000C0032
:107618000C0C01800C00000C001C0C01803C0000CC
:107628000C003C0C0180F800000C007C0E0181E08D
:1076380000001C3FEC0E0383C000001CFFCE0E03AD
:107648008700000018EF0E0E030E00000038C00E71
:107658000E071C00000038C00E0E0738000000702E
:10766800E00E0E07F000000070701C0E0FF800000E
:1076780000E03DF81C0F38000001C01FF03C1F1847
:10768800000003800FECF83F0000000F00007FF2BD
:107698007F0000007E00003FFFFF80001FF8000011
:1076A800003FFFE07FFFE00000000700FFFFFC0055
:1076B80000000000007FF80000000000000000004B
:1076C80000000000000000000000000000000000B2
:1076D80000000000000000000000000000000000A2
:1076E8000000000000000000000000000000000092
:1076F8000000000000000000000000000000000082
:107708000000000000000000000000000000000071
:107718000000000000000000000000000000000061
:107728000000000000000000000000000000000051
:107738000000000000000000000000000000000041
:107748000000000000000000000000000000000031
:107758000000000000000000000000000000000021
:107768000000000000000000000000000000000011
:107778000000000000000000000000000000000001
:1077880000000000000000000000000000000000F1
:1077980000000000000000000000000000000000E1
:1077A80000000000000000000000000000000000D1
:1077B80000000000000000000000000000000000C1
:1077C8001FF000000000000000FFFE0000000000A5
:1077D8000001F01F00000000000007800380000087
:1077E80000000006000CC000000000000CC01C6077
:1077F80000000000001CFFFC300000000000187FA3
:10780800FC38000000000030601C1C000000000074
:1078180030C00C0C000000000070C0000600000022
:10782800000060C0000700000000006000000300C6
:107838000000000060000003E000000000E000001D
:1078480001F800000000C0000001D800000000C0DE
:10785800000000CC00000000C0000000CC000000C8
:1078680000C0000000F800000000C0000000780020
:10787800000000C00000006000000000C000000020
:107888006000000000C00000403000000000C000A0
:1078980000603000000000C00000C03000000000A0
:1078A800C00000C03000000000C00000C030000070
:1078B8000000C00000C03000000000C00000003020
:1078C80000000000C00000003800000000C00000F8
:1078D800001800000000C00000000C00000000E0DC
:1078E8000000000C00000000E00000000C00000098
:1078F8000060000003F80000000060000001F800CC
:107908000000006000000018000000006000000097
:107918000C00000000600000000C00000000600087
:1079280000000600000000600000000300000000E6
:10793800E00000000380000000C000000001801F7C
:107948000000C000000000C0FFE000C00000000010
:10795800E1C07800C18000000063001F00C1800002
:107968000000360001C0C3000000003E000260C3F2
:10797800000000001C000330C7000000003C000CA1
:1079880018C60000000038001E18CE00000000785D
:10799800001E0CEC0000000038000C0C7C000000FD
:1079A800001800000C78000000001000000C3000E7
:1079B8000000001000060C30000000007000060CEB
:1079C80030000000007000000C3000000000780358
:1079D80000183000000000380E00183000000000C9
:1079E800181C0030300000000018300060700000E3
:1079F80000000C3001C030000000000C60070030AF
:107A08000000000006600E00307800000007600CDF
:107A18000030F000000007E0380033C00000000725
:107A2800E07000370000000006E3E00036000000C8
:107A3800000E3F60003C000000000C3C30003C00A1
:107A48000000001C073000380000000018039800F0
:107A580038000000003800F000300000000070001E
:107A6800200030000000006000000030000000002E
:107A7800E00000003000000001C0000000300000FD
:107A8800000780000000300000000F0000000030F8
:107A98000000003C0000000030000000F80000007A
:107AA80000383E0003E000000000383FF87F800007
:107AB8000000003871FFFE000000000018E01FC041
:107AC800000000000018C00000000000000019C0FD
:107AD800000000000000001F8000000000000000FF
:107AE8000F0000000000000000000000000000007F
:107AF800000000000000000000000000000000007E
:107B0800000000000000000000000000000000006D
:107B1800000000000000000000000000000000005D
:107B2800000000000000000000000000000000004D
:107B3800000000000000000000000000000000003D
:107B4800000000000000000000000000000000002D
:107B5800000000000000000000000000000000001D
:107B6800000000000000000000000000000000000D
:107B78003E006700E380E9808C80C980E380E38071
:107B8800C9808C80E980E38067003E000000000027
:107B980000000000000000000000000000001100CC
:107BA800000000000085002120082082000000025B
:107BB8000085147AA408208A80000002008514A198
:107BC8004A0840470800000400803EA04A00404A96
:107BD8008800000400801470840040423E03E008DE
:107BE80000803E290A004040080000100080142947
:107BF8004980404008000010000014F2A9002080CD
:107C080000300220008000224680208000200720CB
:107C18000000000000001100004002000000000009
:107C2800000000000000000000000000000000004C
:107C3800000000000000000000000000000000003C
:107C480020873E13E73E71C00008081C5188821245
:107C580008828A20001004228A88843208048A2232
:107C68000820022288808852C8048A271C43E1021F
:107C780088811C532F0871E2088000848882029052
:107C88002888882000400108888402F828908820E5
:107C98000023E2085088221228908A220C1004003F
:107CA80023EF9C11C71071C70808080800000000DE
:107CB80000000002100000000000000000000000AA
:107CC80000000000000000000000000000000000AC
:107CD800000000000000000000000000708F1CF38E
:107CE800EF9C89C3A282289C8944A24A08228881E1
:107CF80022822CA28A24A04A0820888124836CA28C
:107D08009A24A04A082088812882AAA2AA27204B60
:107D1800CF20F8813082AAA2ABE4A04A0826888145
:107D2800288229A2B224A04A08228881248229A272
:107D38008224A24A08228889228228A27A2F1CF348
:107D4800E81C89C622FA289C0000000000000000F8
:107D5800000000000000000000000000000000001B
:107D6800000000000000000000000000000000000B
:107D7800000000001C01C000F1CF1CFA28A28A2FC5
:107D8800908042008A28A22228A28A20908045005A
:107D98008A28A02228A25141104048808A28A0227F
:107DA80028A2514110404000F22F1C22252A20828F
:107DB80010204000822A0222252A508410104000F8
:107DC80082290222252A50841010400082A8A2226B
:107DD800222A88881008400081C89C21C214888FF4
:107DE8009008400000200000000000001C01C03E78
:107DF800000000000000000000000000000000007B
:107E0800000000000000000020000000000000004A
:107E18000000000010080008030080002060000037
:107E28000008000804808081202000000008000865
:107E3800040080002020000001CF1C79C41CB183FD
:107E480024234B1C0028A28A2F22C8812822ACA2F6
:107E580001E8A08BE42288813022A8A20228A08A07
:107E6800042288812822A8A20268A28A241E888166
:107E78002422A8A201AF1C79C40289C92272289CB5
:107E880000000000002200090000000000000000BF
:107E9800001C0006000000000000000000000000B8
:107EA80000000000000000000000000006030000C1
:107EB80000000000000000000820849C0000004032
:107EC8000000000008208AA2000000400000000016
:107ED80008208922F1EB1CF228A28A2F8820800230
:107EE8008A2CA24228A25221302060048A281842F3
:107EF80028AA2222082080088A280442252A2264E7
:107F080008208008F1E8224A652A51A80820800044
:107F180080281C31A214882F882080088020000027
:107F2800000002200603000080200000000001C0BD
:107F38000000000000207F003C7F040003000000D8
:107F48001F000000000000000C00000004000000FA
:107F5800337C0200947B0400A8030000600000004A
:107F68004E000000407F04004C7F04000600000023
:107F78000D000000000000000A00000006000000DC
:107F8800010000000C0000000100000000000000DB
:107F98005C7F04000202010253656375726974799B
:107FA8004E6F74466F756E64546F6F204C617465C4
:107FB800454E4554444F574E0000005000030050B2
:107FC8007772697461626C65020900000000000044
:107FD8007265616461626C650060004006000000C3
:107FE8005F70726976617465454E4F54434F4E4ECB
:107FF80065787065637465642028A8A8B06020203F
:108008002D2D0000000000004241534503000000F0
:1080180062746C6574727565060000004D70736C4F
:108028007575696446554E43427573792020202042
:108038004F70656E52414953454C4F5745524D4F0D
:108048005553450010800400040000003C800400E3
:108058000500000041800400050000002C80040099
:108068000400000046800400050000000000000035
:1080780000000000000000000000000000000000F8
:1080880000000000000000000000000000000000E8
:1080980000000000000000000000000000000000D8
:1080A8000000000404800000000010040800000024
:1080B8000000000000040484808108C01008040245
:1080C8000000000000020004048483E291201008EC
:1080D80004124000000000040004048484929120EB
:1080E8001010020A8100000000040004001FE4814F
:1080F800212000100207010000000008000400040D
:10810800828040C00010020A8100000000100004B4
:10811800000481C040C4001002124FE003F80010B0
:108128000000001FE0A091280010020201000000DA
:1081380000200000000480912910001002000100B6
:10814800000000400004000484912928000804006D
:108158000100C00030400004000483E210C400089D
:1081680004000000C0003080000000000080000013
:1081780000040800000040000000000000000000AB
:108188000000000000000000800000000000000067
:1081980000000000000000000000000000000000D7
:1081A80000000000000000000000000000000000C7
:1081B80000000000000000000000000000000000B7
:1081C80000000000000000000000000000000000A7
:1081D8000000000000000000000000000000000097
:1081E8000000000000000000000000000000000087
:1081F80000000000000000001C04070FE023F878CE
:10820800FE1C0E00000000000038220C08802062CE
:108218000080022211000000200080444114104018
:1082280040A2010004412080000040004082412417
:108238000040812201000422208301808000200266
:10824800410400818223E170081C1183018103F835
:108258001004410401004420118808220E80000205
:10826800000008084104020027F0090410410080BA
:1082780000010000101041040400202009041041EE
:108288000080000083F8201022040808402210888B
:10829800102201030180400040001C3F9FC780213D
:1082A800E070101C1E0301802000801000000000F8
:1082B8000000000000000000008000000000000036
:1082C80000000000000000000000010000000000A5
:1082D8000000000000000000000000000000000096
:1082E8000000000000000000000000000000000086
:1082F8000000000000000000000000000000000076
:108308000000000000000000000000000000000065
:108318000000000000000000000000000000000055
:108328000000000000000000000000000000000045
:108338000000000000000000000000001C041F03F3
:10834800C7C3F9FC38411F07C8240209047C220A64
:1083580010842422010044410401084402090482D3
:108368004D0A1048041201008241040108840319CF
:108378008482550A1088041201008041040109040E
:1083880002A9448255111F080413E1F0807F0401FB
:108398000A0402492482551F1088041201008E41E4
:1083A80004010D0402091482551110480412010039
:1083B80082410401088402090C824E20904804126C
:1083C800010082410411084402090482202090849B
:1083D80024220100444104110824020904821E20B9
:1083E8009F03C7C3F90038411F0E0827F209047C10
:1083F8000000000000000000000000000000000075
:108408000000000000000000000000000000000064
:108418000000000000000000000000000000000054
:108428000000000000000000000000000000000044
:108438000000000000000000000000000000000034
:108448000000000000000000000000000000000024
:108458000000000000000000000000000000000014
:108468000000000000000000000000000000000004
:108478000000000000000000000003C001E0000050
:108488007C0E1F07C7F209048241209FC204002006
:108498002000421110882082090482412080420273
:1084A80000205000412090480082090482221100D7
:1084B80082020020880041209048008208888214A7
:1084C8000A0102010021040042209087C082088826
:1084D800920804020200802000007C209F00208275
:1084E80008889208040402008020000040209200BE
:1084F8002082085092140408020040200000402204
:1085080091002082085092220410020020200000CE
:108518004011108820811050AA4104100200202028
:108528000000400E9047C080E0204441041FC20074
:1085380010200000000040000000000000000000C3
:1085480003C001E001FE0000000000000000000080
:108558000000000000000000000000000000000013
:108568000000000000000000000000000000000003
:1085780000000000000000000000000000000000F3
:1085880000000000000000000000000000001000D3
:1085980000000000000000000000000000000000D3
:1085A80008000000000000000000000000000000BB
:1085B80000000400000000000000000000000000AF
:1085C80000000000000010000010003800400C01FE
:1085D80088038000000000001000001000440040E4
:1085E8000000080080000000000010000010004497
:1085F80000400000080080000000001F1787C3D15A
:10860800F0407A5E1C03884083B1787C000098486B
:1086180024320840846104008880824984820000F2
:108628009048041209F084410400890082490482B8
:10863800001F90480413F840844104008B008249CD
:1086480004820020904804120040784104008C8085
:10865800824904820021984824320840804104005D
:10866800884082490482001E9787C3D1F0407C412C
:108678001F008823E209047C0000000000000000BD
:1086880082000008800000000000000000000000D8
:1086980000008200000880000000000000000000C8
:1086A800000000007C00000700000000000000003F
:1086B80000000000000000000000000000000000B2
:1086C80000000000000000000000000000000000A2
:1086D8000000000000000000000000000000000092
:1086E8000000000000000000000000000000000082
:1086F8000000000000000000000000000000000072
:10870800000000E08380000000000000000000007E
:108718000000000001008040C43800000000010093
:108728000000000000000100804124440000000017
:1087380001000000000000000100804118825C0E6A
:108748009387C7E209048241109FC100804000025C
:1087580062118C4821020904822210808600803030
:108768000004412088480102088892140901010088
:108778008040000841208807C10208889208090241
:108788000100804000104120880021020850921406
:108798000904010080400010621188082112185055
:1087A800AA2206080100804000005C0E8807C0E18C
:1087B800E8204441061FC0E083800010400080008C
:1087C80000000000000004000000800000004000DD
:1087D80080000000000000002400000000000000ED
:1087E80040008000000000000000180000000000A9
:1087F8000000000000000000000000000000000071
:108808000000000074800400980700009000000039
:108818006C000000407F04004C7F04000900000049
:1088280012000000000000000D0000000900000018
:10883800010000000F00000001000000000000001F
:108848000C880400020201028B4504007B00000032
:108858009E0000000E0000008B4504007B00000015
:10886800750000000E0000008B4504007B0000002E
:10887800840000000D0000008B4504007B00000010
:1088880084000000190000008B4504007B000000F4
:10889800850000000D0000008B4504007B000000EF
:1088A800850000002A0000008B4504007B000000C2
:1088B8008D0000000D0000008B4504007B000000C7
:1088C8008D0000001D0000008B4504007B000000A7
:1088D800B60000000D0000008B4504007B0000007E
:1088E800C2000000050000008B4504007B0000006A
:1088F800C30000000C0000008B4504007B00000052
:10890800C30000001300000076616C75655665634E
:108918003A3A66726F6D5F69746572206F76657238
:10892800666C6F777450040061000000B3050000A6
:108938001E0000004939040068000000AF00000074
:108948006400000049390400680000003A00000093
:1089580030000000493904006800000045000000AC
:108968002B00000049390400680000008100000065
:108978003100000049390400680000009B00000035
:108988002C00000049390400680000009200000033
:1089980041000000D93604006D000000C40000004A
:1089A8002900000049390400680000006101000046
:1089B8002600000049390400680000001101000089
:1089C8002E0000004939040068000000230100005F
:1089D8002600000049390400680000004A01000030
:1089E8001300000049390400680000004A01000033
:1089F80027000000D93604006D000000DE040000E6
:108A080027000000D93604006D000000DF040000D4
:108A180019000000D93604006D000000F3040000BE
:108A28002D000000D93604006D000000DC040000B1
:108A38006D000000014104007F000000DE0100001D
:108A480017000000E952040072000000170400003B
:108A58002E000000E9520400720000001804000013
:108A68002D000000E95204007200000025040000F7
:108A780024000000E95204007200000026040000EF
:108A88002D0000001C4D0400620000001D040000C1
:108A98002D0000001C4D0400620000008B02000045
:108AA800050000001C4D040062000000AF0100003A
:108AB8006A0000001C4D04006200000080020000F3
:108AC8000500000049390400680000004B0200005E
:108AD8003B00000049390400680000004E02000015
:108AE8002D0000001C4D0400620000002505000058
:108AF8000500000049390400680000007002000009
:108B08003D00000049390400680000007C020000B4
:108B18003D0000001C4D0400620000004A050000F2
:108B2800050000001C4D0400620000006F050000F5
:108B3800380000001C4D0400620000006B060000B5
:108B48003C00000090400400700000001504000084
:108B58003E00000090400400700000002404000063
:108B6800160000009040040070000000DF030000C1
:108B780005000000D642040067000000BF000000A6
:108B88002D000000D642040067000000CC00000061
:108B98002C000000D642040067000000D00000004E
:108BA8002D000000D642040067000000D00000003D
:108BB8003D000000AF64000008010000080000004C
:108BC80081080200D64204006700000092010000FC
:108BD80026000000D642040067000000B301000030
:108BE80026000000D642040067000000E3010000F0
:108BF80039000000D64204006700000001020000AE
:108C080025000000283A0400670000000004000066
:108C18001C000000283A040067000000B1040000AE
:108C28001C000000283A040067000000F003000060
:108C38001C000000DF48040027000000D8000000E6
:108C480042000000B5480400290000002F00000081
:108C580068000000B5480400290000006801000011
:108C68001D000000A93F0400250000007800000056
:108C780050000000DB4304002E000000300000001C
:108C8800030000008141040032000000F0000000F1
:108C9800500000008141040032000000A7000000DD
:108CA80003000000726D6B00814104003200000077
:108CB800B8000000430000000000000004000000AD
:108CC80004000000B1AC0100C9040100000000006C
:108CD8000400000004000000E1AC0100510501009F
:108CE800000000000400000004000000C1AC010006
:108CF800F904010000000000040000000400000066
:108D0800D1AC010023050100616C6C206675747597
:108D180072657320696E2073656C656374212077B2
:108D280065726520636F6D706C657465642C206274
:108D38007574206E6F2060636F6D706C657465204C
:108D48003D3E602068616E646C65722077617320B7
:108D580070726F7669646564DB4304002E0000005E
:108D68006D00000011000000DB4304002E0000002D
:108D78006C00000028000000294C0400630000007B
:108D8800500000001F0000001C4D0400620000009D
:108D980017010000180000001C4D040062000000CC
:108DA8001A01000027000000E952040072000000C8
:108DB800C9020000280000000000000004000000B4
:108DC80004000000F1AC0100FD06010000000000F5
:108DD800040000000400000091AD0100B51001007E
:108DE80000000000040000000400000001AD0100C4
:108DF8004D0701000000000004000000040000000E
:108E080011AD0100C90801000000000004000000C5
:108E18000400000021AD0100410A0100000000002B
:108E2800040000000400000031AD0100F10B010056
:108E380000000000040000000400000041AD010033
:108E4800210C0100000000000400000004000000E4
:108E580051AD01004B0C01000000000004000000AF
:108E68000400000061AD01007D0C0100000000005D
:108E7800040000000400000071AD0100810E010033
:108E880000000000040000000400000081AD0100A3
:108E9800AD0E01007D38040029000000EA00000042
:108EA80001000000000000000400000004000000B1
:108EB800A1AD0100691201000000000004000000DB
:108EC80004000000B1AD010051140100D6500400A7
:108ED800320000006200000001000000CD360400EE
:108EE8000B0000008100000001000000374B040067
:108EF800670000001101000056000000374B040015
:108F080067000000CD0000002C000000374B040073
:108F180067000000C400000061000000374B040037
:108F280067000000DD0000001C000000374B040053
:108F3800670000006600000031000000374B0400A5
:108F480067000000300100002D000000374B0400CE
:108F5800670000004D0000004B000000374B040084
:108F680067000000AD0000002D000000374B040032
:108F780067000000B100000011000000374B04003A
:108F8800670000003900000046000000374B04006D
:108F980067000000FC00000055000000693C040068
:108FA800680000004200000005000000693C040061
:108FB800680000007300000010000000693C040015
:108FC80068000000730000003A000000693C0400DB
:108FD80068000000730000001C000000693C0400E9
:108FE800680000007A00000010000000693C0400DE
:108FF800680000007A0000003B000000693C0400A3
:10900800680000007A0000001C00000078340400AA
:1090180065000000290000002B0000000951040031
:109028000F0000008A0000004E00000009510400F3
:109038000F000000D20000004200000009510400A7
:109048000F000000B2000000460000005646040071
:1090580068000000B300000027000000DB430400A4
:109068002E0000005800000028000000FB3D04000E
:109078006F0000002500000034000000D93604000D
:109088006D000000850000003A00000002000100A9
:10909800D93604006D0000004B02000039000000C2
:1090A8007D3804002900000076010000410000001E
:1090B8007D380400290000007E0100004100000006
:1090C8007D3804002900000067010000440000000A
:1090D8007D380400290000008301000046000000DC
:1090E8007D380400290000006201000048000000EB
:1090F8007D380400290000006B0100004A000000D0
:109108007D38040029000000710100004C000000B7
:109118007D3804002900000097010000520000007B
:109128007D380400290000009D0100005400000063
:109138007D380400290000008F010000580000005D
:109148007D38040029000000890100005F0000004C
:109158007D38040029000000390100001E000000CD
:109168007D380400290000004D01000020000000A7
:10917800115004006200000068010000390000007E
:109188001150040062000000680200007100000035
:1091980011500400620000006C0200003200000060
:1091A800D650040032000000A30000004600000072
:1091B800D650040032000000C30000004C0000003C
:1091C800DA3E040063000000FC00000038000000E4
:1091D800DA3E040063000000DC0000002300000009
:1091E800F25104005F000000EA0000005D0000008A
:1091F800F25104005F0000002F0100005100000040
:10920800F25104005F0000004A010000570000000E
:109218001C4D040062000000150100001E00000043
:109228009F4B04005C0000009903000056000000FA
:10923800014104007F000000C80100001B0000007D
:10924800014104007F0000002E0200001B00000006
:10925800014104007F000000F00100001700000039
:10926800014104007F000000F70100002700000012
:10927800014104007F000000F9010000190000000E
:10928800014104007F000000F901000021000000F6
:10929800014104007F000000090200001B000000DB
:1092A800014104007F000000A50100001B00000030
:1092B800E952040072000000C702000055000000D7
:1092C8001C4D040062000000CD01000005000000F4
:1092D8001C4D040062000000E701000005000000CA
:1092E8001C4D040062000000BF0100002D000000BA
:1092F8001C4D0400620000003D0200000500000053
:109308001C4D0400620000003D04000077000000CE
:10931800B548040029000000930100004C0000003B
:10932800B5480400290000009D0100006A00000003
:10933800B548040029000000860200002E00000045
:10934800B5480400290000005D0200002800000064
:10935800B5480400290000001B02000019000000A5
:10936800B548040029000000A70100000F00000014
:109378004939040068000000F30100002F000000D4
:109388004535040062000000D601000054000000CA
:109398004535040062000000DB01000042000000C7
:1093A8004535040062000000DC0100001C000000DC
:1093B8004535040062000000C90100006300000098
:1093C8004535040062000000AC0100007200000096
:1093D80045350400620000001A0200004500000044
:1093E8007C52040039000000220100003E00000009
:1093F8001C4D040062000000BF06000005000000CC
:109408001C4D040062000000C806000017000000A0
:109418001C4D0400620000008E0700002D000000B3
:109428001C4D040062000000100800004700000006
:109438008D4C0400640000005D0200002B00000059
:109448008D4C040064000000710200002F00000031
:10945800693C0400680000006E010000470000003D
:1094680090400400700000008A0000003D000000E9
:109478009040040070000000330300005600000014
:109488009040040070000000BD0000004300000090
:109498009040040070000000CE020000450000006B
:1094A80090400400700000008F020000640000007B
:1094B8009040040070000000DC0200004900000039
:1094C8009040040070000000C20000004700000047
:1094D8001A38040062000000D300000049000000B0
:1094E800D6420400670000009C0300005B000000F7
:1094F800D642040067000000580300002600000060
:10950800D642040067000000DB00000050000000A5
:10951800F83B040012000000ED00000026000000E7
:10952800F83B040012000000FA0000002B000000C5
:10953800F83B040012000000C000000045000000D5
:10954800F83B040012000000B80000003E000000D4
:10955800F83B040012000000DE0000002D000000AF
:10956800F83B040012000000D500000023000000B2
:10957800B652040032000000390000003B00000031
:10958800B65204003200000063000000130000001F
:10959800B6520400320000008000000025000000E0
:1095A800B6520400320000007C00000034000000C5
:1095B800B6520400320000007C0000001D000000CC
:1095C800B652040032000000850000002D000000A3
:1095D8001C4D040062000000640800001A0000002E
:1095E8001C4D0400620000005D0800005B000000E4
:1095F8008D4C040064000000780200002B0000007D
:109608008D4C040064000000900200002F00000050
:109618006D42040068000000B80200004B00000022
:109628006D420400680000005B0200003100000089
:109638006D420400680000004E0200003A0000007D
:109648006D42040068000000600200003C00000059
:109658001A38040062000000E30300002100000043
:10966800B5480400290000003B0000004B00000042
:10967800B548040029000000500000004300000025
:10968800CD3604000B0000009B0000002500000000
:10969800CD3604000B000000F40000005500000067
:1096A800CD3604000B000000F50000003300000078
:1096B800CD3604000B000000FA0000002C0000006A
:1096C800CD3604000B000000FB0000002E00000057
:1096D800CD3604000B000000FC0000003200000042
:1096E8009F4B04005C000000A90400000500000076
:1096F8009F4B04005C000000B90400002600000035
:109708009F4B04005C000000B804000076000000D5
:10971800903A0400110000003300000041000000EE
:10972800903A040011000000450000004A000000C3
:1097380056460400680000000F0100001B000000EE
:109748005646040068000000DE0000001B00000010
:109758005646040068000000FD0000001B000000E1
:109768005646040068000000160100001B000000B7
:109778009F4B04005C000000BE04000005000000D0
:10978800B652040032000000090000000A00000080
:1097980081410400320000007A0000005A000000F5
:1097A8009F4B04005C00000032050000050000002B
:1097B8009F4B04005C000000340500000500000019
:1097C8009F4B04005C000000350500000500000008
:1097D800DF48040027000000940000002F0000006C
:1097E8009F4B04005C000000DE0400000500000040
:1097F8009F4B04005C0000003E05000005000000CF
:10980800DF480400270000009D000000330000002E
:10981800F83B0400120000003F0100001E00000099
:10982800F83B040012000000450100001F00000082
:109838009F4B04005C000000C1040000050000000C
:109848009F4B04005C000000C204000005000000FB
:109858009F4B04005C000000E90300006500000065
:109868009F4B04005C000000FF030000780000002C
:10987800A83504002400000014010000290000009D
:1098880011500400620000004B0300006F0000004C
:10989800F25104005F000000C00200005800000000
:1098A800B6520400320000000F0000000100000062
:1098B800A8350400240000006B01000033000000FC
:1098C800A835040024000000870100001A000000E9
:1098D800F25104005F000000CD0200004E000000BD
:1098E800F25104005F000000D102000055000000A2
:1098F8007C52040039000000100000000100000044
:109908009F4B04005C0000001A05000005000000E1
:109918009F4B04005C0000001B05000005000000D0
:109928009F4B04005C0000001D05000005000000BE
:109938009F4B04005C0000001E05000005000000AD
:109948009F4B04005C0000001F050000050000009C
:109958009F4B04005C000000280500000500000083
:109968009F4B04005C000000290500000500000072
:109978009F4B04005C0000002A0500000500000061
:109988009F4B04005C00000030050000050000004B
:109998009F4B04005C00000031050000050000003A
:1099A800095104000F0000005E00000001000000E3
:1099B800814104003200000033000000480000002C
:1099C800A835040024000000E00100002600000083
:1099D8004535040062000000DF020000410000007D
:1099E8009F4B04005C000000FC0400000500000020
:1099F8009F4B04005C000000FE040000050000000E
:109A08009F4B04005C000000FF04000005000000FC
:109A18008D4C0400640000005F0300004200000059
:109A28008D4C0400640000006F0300004600000035
:109A38009F4B04005C0000000005000005000000CA
:109A48009F4B04005C0000000205000005000000B8
:109A58009F4B04005C0000000F050000050000009B
:109A68006368756E6B2073697A65206D75737420F1
:109A78006265206E6F6E2D7A65726F0000000000BF
:109A88000000000001000000D97102000000000081
:109A98000800000004000000C97D02004D6170202C
:109AA800636F6E666967206D7573742062652063E5
:109AB8006F72726563740000D6420400670000008C
:109AC8002300000017000000605374617469634349
:109AD800656C6C6020697320616C726561647920C3
:109AE80066756C6C2C2069742063616E2774206223
:109AF8006520696E697469616C697A656420747738
:109B08006963652E5A470400600000005400000095
:109B18000D000000D93604006D000000850000002B
:109B280023000000D93604006D000000D0000000BA
:109B380026000000D93604006D000000DA0000009D
:109B48002400000050445500D93604006D00000080
:109B58004903000026000000D93604006D0000000B
:109B68005D03000028000000D93604006D000000E5
:109B78009304000024000000D93604006D000000A2
:109B8800970400002D000000D93604006D00000085
:109B98009C0400002E000000D93604006D0000006F
:109BA800F402000028000000D93604006D0000000F
:109BB8001A0300002A000000D93604006D000000D6
:109BC8003C0300001C000000D93604006D000000B2
:109BD800420300001C000000D93604006D0000009C
:109BE8003103000018000000D93604006D000000A1
:109BF8007103000026000000D93604006D00000043
:109C0800750300001C000000D93604006D00000038
:109C18008103000026000000D93604006D00000012
:109C28008202000022000000D93604006D00000006
:109C38008902000031000000D93604006D000000E0
:109C48004602000037000000D93604006D0000000D
:109C58004702000040000000D93604006D000000F3
:109C6800470200004A000000D93604006D000000D9
:109C7800610200002C000000195104006700000078
:109C880025000000210000001951040067000000B1
:109C9800250000004B000000D93604006D000000CC
:109CA8000605000017000000D93604006D0000000A
:109CB8000605000009000000EB4604006E000000E5
:109CC800C902000021000000EB4604006E000000FD
:109CD800C90200002D000000904004007000000040
:109CE8009304000030000000904004007000000061
:109CF800940400001C0000005646040068000000A0
:109D0800780100004B00000056460400680000007F
:109D18007E0100003700000056460400680000007D
:109D2800980100002C000000E952040072000000B5
:109D3800AE00000022000000E9520400720000009A
:109D48009E00000014000000E952040072000000A8
:109D58009E0000001A000000E95204007200000092
:109D68009F0000001B0000001A3804006200000079
:109D78007D0100003900000053445500050004002F
:109D8800060000001C4D040062000000BE03000035
:109D98002A0000001C4D040062000000930100002E
:109DA8004A0000001C4D040062000000B7020000D9
:109DB8003400000090400400700000007F020000A2
:109DC80030000000904004007000000054020000C1
:109DD80024000000904004007000000060020000B1
:109DE800300000009040040070000000A102000054
:109DF800290000009040040070000000DD01000010
:109E08003000000090400400700000008A0000004C
:109E1800260000009040040070000000F3020000DB
:109E28002900000090400400700000000C010000B0
:109E38002700000090400400700000009402000019
:109E48002400000090400400700000009702000009
:109E58002900000090400400700000001A02000071
:109E68002400000090400400700000001D02000063
:109E7800300000009040040070000000D500000091
:109E88002700000090400400700000008B010000D3
:109E980024000000904004007000000090010000C1
:109EA8003000000090400400700000008E000000A8
:109EB8002A0000009040040070000000AE0300007B
:109EC8002D00000090400400700000009C0000007D
:109ED8002D00000090400400700000008201000086
:109EE8001C00000090400400700000008C0200007C
:109EF80026000000904004007000000000010000EF
:109F080027000000D6500400320000009500000031
:109F180012000000D6500400320000009800000033
:109F280019000000D6500400320000009D00000017
:109F38000F0000007F4D0400600000002F000000AB
:109F48001C0000007F4D0400600000003F0000007E
:109F58001C0000007F4D0400600000004F0000005E
:109F68001C0000007F4D0400600000005F0000003E
:109F78001C0000007F4D0400600000001F0000006E
:109F88001C000000A84E040060000000E50000006E
:109F98003B000000A84E040060000000BF00000065
:109FA80015000000496E73756666696369656E74AD
:109FB8005370616365496E76616C696456616C754E
:109FC80065000000074604004E000000E40500009C
:109FD80025000000CD3504006100000023000000CA
:109FE8001E0000007C5204003900000086000000BA
:109FF800110000007C5204003900000083000000BA
:10A00800110000004D61796265446F6E6520706FC4
:10A018006C6C65642061667465722076616C756528
:10A028002074616B656E00008151040070000000AF
:10A03800640000001F000000094F040065000000D4
:10A04800A30100000A000000094F04006500000099
:10A05800B40100000A00000054696D656F75745002
:10A068006173736B6579456E7472794661696C6565
:10A07800644F6F624E6F74417661696C61626C65A2
:10A0880041757468656E7469636174696F6E526551
:10A0980071756972656D656E7473436F6E6669720A
:10A0A8006D56616C75654661696C6564506169726D
:10A0B800696E674E6F74537570706F72746564451E
:10A0C8006E6372797074696F6E4B657953697A65DE
:10A0D800436F6D6D616E644E6F74537570706F72FF
:10A0E800746564556E737065636966696564526505
:10A0F80061736F6E00000000486172647761726579
:10A10800204661696C7572653031323334353637C3
:10A1180038394142434445462400000024000000E9
:10A12800500000004000000053656375726974793F
:10A138002052657175657374496E76616C69644304
:10A1480068616E6E656C49645370736D4E6F7453BD
:10A158007570706F72746564000000000000000084
:10A1680000000000000000004661696C6564546FDF
:10A1780046696E616C697A65303132333435363709
:10A1880038396162636465665265706561746564D7
:10A19800417474656D70747350616972696E67207B
:10A1A800526573706F6E736544484B657943686593
:10A1B800636B4661696C6564496E76616C6964506D
:10A1C8006172616D65746572734E756D65726963F0
:10A1D800436F6D70617269736F6E4661696C656417
:10A1E800427245647250616972696E67496E507255
:10A1F8006F677265737347656E65726174696F6EB8
:10A208004E6F74416C6C6F7765644B657952656A03
:10A218006563746564436F6E74726F6C6C657242CB
:10A228006C65486F73744863694863694465636F14
:10A238006465417474556E657870656374656444CB
:10A248006174614C656E67746861637475616C43B1
:10A25800616E6E6F74436F6E737472756374476169
:10A26800747456616C7565436F6E66696746696C90
:10A278007465724163636570744C6973744973459E
:10A288006D707479556E657870656374656447613F
:10A298007474526573706F6E73654D616C666F721E
:10A2A8006D6564436861726163746572697374692A
:10A2B800634465636C61726174696F6E496E76613F
:10A2C8006C69644368617261637465726973746907
:10A2D800634465636C61726174696F6E4461746133
:10A2E800436F6465634572726F72457874656E6416
:10A2F80065644164766572746973696E674E6F74DC
:10A30800537570706F72746564496E76616C6964B8
:10A31800557569644C656E677468416476657274D6
:10A328006973656D656E744C32636170436F6E6EF0
:10A338006563744572726F724E6F4368616E6E65C5
:10A348006C417661696C61626C65496E76616C69B5
:10A358006453746174654F75744F664D656D6F72A3
:10A36800794E6F74537570706F7274656443686169
:10A378006E6E656C436C6F7365644E6F5065726D7D
:10A38800697473446973636F6E6E6563746564435F
:10A398006F6E6E656374696F6E4C696D6974526532
:10A3A8006163686564476174745375627363726945
:10A3B8006265724C696D6974526561636865644170
:10A3C8006C7265616479496E5573654F746865721E
:10A3D8004E6F5265736F7572636573496E737566F8
:10A3E80066696369656E7441757468656E746963DE
:10A3F8006174696F6E496E73756666696369656EC7
:10A4080074417574686F72697A6174696F6E456EAC
:10A418006372797074696F6E4B6579546F6F5368A6
:10A428006F7274496E73756666696369656E7445A3
:10A438006E6372797074696F6E496E76616C696467
:10A44800536F75726365496453636964416C7265DF
:10A45800616479416C6C6F6361746564556E6163A6
:10A468006365707461626C65506172616D65746575
:10A4780072730000000000000400000004000000E7
:10A4880035FA01000000000004000000040000008C
:10A49800CDFD0100995A00000800000004000000EA
:10A4A8007F11020073110200D93A0200496E7661E9
:10A4B8006C696453697A6500D23C04006E00000040
:10A4C800350100002B0000004F75744F66426F7510
:10A4D8006E6473556E616C69676E656474500400D0
:10A4E80061000000280600003C000000417474452B
:10A4F80072726F72436F6465546F6F4C6F6E670052
:10A508000A4404006400000014050000090000006B
:10A518000A440400640000008904000012000000DE
:10A528000A44040064000000890400003D000000A3
:10A538000A440400640000003801000029000000FB
:10A548000A44040064000000480100002D000000D7
:10A558000A440400640000004D0100002D000000C2
:10A568000A440400640000005301000029000000B0
:10A578000A44040064000000B8030000050000005D
:10A588000A44040064000000B9030000050000004C
:10A598000A44040064000000BA030000050000003B
:10A5A8000A44040064000000BB030000050000002A
:10A5B8000A44040064000000530000002200000068
:10A5C8000A440400640000004A000000280000005B
:10A5D8000A440400640000004B000000280000004A
:10A5E8000A440400640000004C0000002800000039
:10A5F8000A44040064000000310000001D0000004F
:10A608000A44040064000000320000002200000038
:10A618000A44040064000000370000002E00000017
:10A628000A44040064000000380000002E00000006
:10A638000A44040064000000390000002E000000F5
:10A648000A440400640000003A0000002E000000E4
:10A658000A44040064000000350000002E000000D9
:10A668000A440400640000002405000005000000FE
:10A678000A44040064000000C20400000500000051
:10A688000A44040064000000C30400000500000040
:10A698000A44040064000000C4040000050000002F
:10A6A8000A44040064000000C5040000050000001E
:10A6B8000A44040064000000C6040000050000000D
:10A6C8000A44040064000000C704000005000000FC
:10A6D8000A44040064000000C804000005000000EB
:10A6E8000A44040064000000C904000005000000DA
:10A6F8000A440400640000000F0300000E0000007C
:10A708000A44040064000000100300000E0000006A
:10A718000A44040064000000110300000E00000059
:10A728000A44040064000000120300000E00000048
:10A738000A44040064000000130300000E00000037
:10A748000A44040064000000140300000E00000026
:10A758000A44040064000000150300000E00000015
:10A768000A44040064000000160300000E00000004
:10A77800CF3F04005E000000A501000001000000BA
:10A78800E04D04005D0000006B00000025000000A3
:10A79800E04D04005D0000006F0000002000000094
:10A7A8006F4F04005E000000B100000001000000CF
:10A7B800694A04005C000000A300000025000000B6
:10A7C800556E6B6E6F776E2048434920436F6D6DF1
:10A7D800616E64556E6B6E6F776E20436F6E6E653B
:10A7E8006374696F6E204964656E74696669657221
:10A7F800506167652054696D656F7574417574683B
:10A80800656E7469636174696F6E204661696C7501
:10A81800726550494E206F72204B6579204D6973DF
:10A8280073696E674D656D6F7279204361706163FE
:10A83800697479204578636565646564436F6E6EF5
:10A84800656374696F6E2054696D656F7574436FC5
:10A858006E6E656374696F6E204C696D697420450E
:10A868007863656564656453796E6368726F6E6F4B
:10A87800757320436F6E6E656374696F6E204C69E3
:10A888006D697420546F20412044657669636520A2
:10A898004578636565646564436F6E6E6563746966
:10A8A8006F6E20416C7265616479204578697374B4
:10A8B80073436F6D6D616E6420446973616C6C6F76
:10A8C800776564436F6E6E656374696F6E20526559
:10A8D8006A65637465642064756520746F204C69CB
:10A8E8006D69746564205265736F7572636573432F
:10A8F8006F6E6E656374696F6E2052656A65637406
:10A9080065642044756520546F20536563757269CA
:10A91800747920526561736F6E73436F6E6E6563F1
:10A9280074696F6E2052656A656374656420647526
:10A938006520746F20556E61636365707461626C25
:10A94800652042445F41444452436F6E6E656374B0
:10A95800696F6E204163636570742054696D656F1B
:10A968007574204578636565646564556E737570A4
:10A97800706F727465642046656174757265206FC6
:10A988007220506172616D657465722056616C75D4
:10A9980065496E76616C69642048434920436F6D50
:10A9A8006D616E6420506172616D65746572735279
:10A9B800656D6F74652055736572205465726D6995
:10A9C8006E6174656420436F6E6E656374696F6E43
:10A9D80052656D6F746520446576696365205465BA
:10A9E800726D696E6174656420436F6E6E65637421
:10A9F800696F6E2064756520746F204C6F772052E4
:10AA080065736F757263657352656D6F7465204405
:10AA18006576696365205465726D696E61746564F5
:10AA280020436F6E6E656374696F6E206475652070
:10AA3800746F20506F776572204F6666436F6E6E35
:10AA4800656374696F6E205465726D696E617465B3
:10AA580064204279204C6F63616C20486F73745294
:10AA68006570656174656420417474656D70747394
:10AA780050616972696E67204E6F7420416C6C6F0B
:10AA8800776564556E6B6E6F776E204C4D50205015
:10AA98004455556E737570706F7274656420526595
:10AAA8006D6F7465204665617475726553434F20F8
:10AAB8004F66667365742052656A6563746564538E
:10AAC800434F20496E74657276616C2052656A65E1
:10AAD8006374656453434F20416972204D6F646508
:10AAE8002052656A6563746564496E76616C696451
:10AAF800204C4D5020506172616D657465727320F1
:10AB08002F20496E76616C6964204C4C205061722C
:10AB1800616D6574657273556E7370656369666996
:10AB28006564204572726F72556E737570706F72BE
:10AB3800746564204C4D5020506172616D65746578
:10AB4800722056616C7565202F20556E7375707074
:10AB58006F72746564204C4C20506172616D65742D
:10AB680065722056616C7565526F6C65204368612B
:10AB78006E6765204E6F7420416C6C6F7765644C0E
:10AB88004D5020526573706F6E73652054696D6502
:10AB98006F7574202F204C4C20526573706F6E7344
:10ABA800652054696D656F75744C4D5020457272FF
:10ABB8006F72205472616E73616374696F6E2043A3
:10ABC8006F6C6C6973696F6E202F204C4C2050722B
:10ABD8006F63656475726520436F6C6C6973696F28
:10ABE8006E4C4D5020504455204E6F7420416C6C73
:10ABF8006F776564456E6372797074696F6E204D06
:10AC08006F6465204E6F7420416363657074616280
:10AC18006C654C696E6B204B65792063616E6E6F55
:10AC280074206265204368616E676564526571755A
:10AC3800657374656420516F53204E6F742053758B
:10AC480070706F72746564496E7374616E742050AD
:10AC5800617373656450616972696E6720576974BE
:10AC68006820556E6974204B6579204E6F742053A7
:10AC78007570706F72746564446966666572656E36
:10AC880074205472616E73616374696F6E20436FD0
:10AC98006C6C6973696F6E516F5320556E61636395
:10ACA80065707461626C6520506172616D65746570
:10ACB80072516F532052656A6563746564436861B5
:10ACC8006E6E656C20436C61737369666963617449
:10ACD800696F6E204E6F7420537570706F72746553
:10ACE80064496E73756666696369656E7420536539
:10ACF800637572697479506173736B657920656ED9
:10AD08007472792063616E63656C6564206F72206C
:10AD18006661696C6564506172616D657465722005
:10AD28004F7574204F66204D616E6461746F72793F
:10AD38002052616E676552656643656C6C20616C74
:10AD48007265616479206D757461626C7920626FD7
:10AD580072726F776564436F6D6D616E6420616EAA
:10AD6800642F6F7220706172616D657465722069FD
:10AD78006E76616C6964526F6C6520537769746391
:10AD8800682050656E64696E675265736572766592
:10AD98006420536C6F742056696F6C6174696F6EB0
:10ADA800526F6C6520537769746368204661696CDB
:10ADB8006564457874656E64656420496E7175696B
:10ADC800727920526573706F6E736520546F6F20AF
:10ADD8004C617267655365637572652053696D7060
:10ADE8006C652050616972696E67204E6F742053DC
:10ADF8007570706F7274656420427920486F73743F
:10AE0800486F73742042757379202D2050616972E0
:10AE1800696E67436F6E6E656374696F6E20526505
:10AE28006A65637465642064756520746F204E6F6D
:10AE3800205375697461626C65204368616E6E6544
:10AE48006C20466F756E64436F6E74726F6C6C65C0
:10AE5800722042757379556E6163636570746162BF
:10AE68006C6520436F6E6E656374696F6E20506108
:10AE780072616D6574657273416476657274697325
:10AE8800696E672054696D656F7574436F6E6E6582
:10AE98006374696F6E205465726D696E6174656460
:10AEA8002064756520746F204D4943204661696CA4
:10AEB800757265436F6E6E656374696F6E20466167
:10AEC800696C656420746F206265204573746162E3
:10AED8006C6973686564202F2053796E6368726F9C
:10AEE8006E697A6174696F6E2054696D656F7574E7
:10AEF800436F6172736520436C6F636B2041646AB2
:10AF08007573746D656E742052656A6563746564E3
:10AF1800206275742057696C6C2054727920746FA4
:10AF28002041646A757374205573696E6720436C99
:10AF38006F636B204472616767696E6754797065E7
:10AF480030205375626D6170204E6F7420446566C1
:10AF5800696E6564556E6B6E6F776E2041647665B9
:10AF680072746973696E67204964656E746966698D
:10AF780065724C696D697420526561636865644FD8
:10AF88007065726174696F6E2043616E63656C6C85
:10AF9800656420627920486F73745061636B6574CF
:10AFA80020546F6F204C6F6E67546F6F204561722D
:10AFB8006C79496E73756666696369656E7420435A
:10AFC80068616E6E656C7300020604070101011466
:10AFD80001000126023202030137081B04060B0098
:10AFE800013C02650E3B0231020F011C0201010BFC
:10AFF800052205ED010802020216010701010304FA
:10B0080002090202020408010402010502190203EE
:10B0180001060402021601070102010201020201EF
:10B0280001050402020303010704010107110A03D1
:10B03800010901030116010701020105020A0103C2
:10B04800010302010F04020C0707010301080202B1
:10B0580002160107010201050209020202030703A1
:10B068000402010502120A02010603030104030295
:10B078000101010203020303030C04050303010495
:10B08800020106010E15050D010301170110020941
:10B09800010301040702010301020204020A071660
:10B0A80001030117010A010502090103010407024E
:10B0B80005030104020A01030C0D01030133010316
:10B0C80001060410021A0103011203180109010103
:10B0D80002070301040601010108060A02030C3AEB
:10B0E800041D2502010101050118010101170205CE
:10B0F80001010107010A0204204801240427012450
:10B10800010F010D25C60101050102000104020716
:10B1180001010104022901040221010402070101BD
:10B128000104020F0139010402430220031A0656E2
:10B138000206020003590716091809140C0D010329
:10B1480001020C5E020A060A061A0659072B054672
:10B158000A1F010C040C0401032A02050B2C041A13
:10B16800060B033E0241011D020B060A060E022EC3
:10B17800020C144D01A6083C030F033E052B020BDD
:10B18800082B050002060226020602080101010139
:10B198000101011F0235010F010E0206011302030E
:10B1A80001090165010C021B010D03220E210F8C00
:10B1B8000400160B15000200052D010105010238D7
:10B1C80007020E1809070107010701070107010710
:10B1D80001070107017E221A01590CD61A5001569F
:10B1E8000267052B015E015609300100033709008B
:10B1F80014B808DD143C030A06380846080C06741F
:10B208000B1E034E010B04210137090E020A0267C7
:10B21800181C0A060206020609070107013C047EFB
:10B22800020A06000C1704310400026A26070C05FE
:10B23800051A01050101010201020100202A063355
:10B248000113010404050187020101BE0306020679
:10B2580002060203030701070A05020C011A01137B
:10B268000102010F020E227B0503042D0358010D74
:10B2780003012F2E821D03310F1C0424091E052BE8
:10B28800051E0125040E2A9E020A06240424042809
:10B2980008340B0C010F01070102010B010F010714
:10B2A800010203340C0009160A081806012A0109CC
:10B2B80045060201012C0102030102170148080991
:10B2C800301301020521031B051B26380414023222
:10B2D800010205080103011D0203040A07090740CA
:10B2E8002027040C0936031D021B051A07040C0746
:10B2F800504937330D33072E080A0626031D080266
:10B30800D01F012A0103020210060809212E082A6B
:10B31800161A261C1417094E042409440A01021996
:10B32800070A063501120827096001140B12012FBC
:10B338003E0701010104010F010B063B050A060443
:10B34800010802020216010701020105010A0202B0
:10B358000203020106010507020703050B0A0101A2
:10B3680002010126010A010102010104010A010288
:10B3780008021D5C01051E48080AA6360226224559
:10B388000B0A060D133A060A06141C1B020F0417B3
:10B39800B93C64530C08020102080102011E0102B3
:10B3A800020C090A4608022E020B1B4808530D49D5
:10B3B800070A560858220E0A0609012D010E0A1D11
:10B3C80003200216010E49070102012C03010102A4
:10B3D8000109080A06060102012501020106070AF9
:10B3E800062C040AF61907110129031D55010F320D
:10B3F8000D00666F01050BC400630D000A0005000F
:10B40800003A0000071F010A0451010A061E02063D
:10B418000A460A0A010701150513003AC65B051911
:10B4280002192C4B0439071140050B070900292084
:10B43800617300040107010201000F011D030201ED
:10B448000E040800006B050D0309070A020800FD39
:10B45800030006170F110F2E021709743CF60A276E
:10B4680002C215467A140C140C570919875501475E
:10B478000102020102020204010C0101010701415B
:10B48800010402080107011C010401050101030769
:10B498000100020002000F05010F001F0606D50774
:10B4A8000111020701020105053E2101702D030E5D
:10B4B800020A0402001F113A0501002AD62B0401D2
:10B4C800C01F01160802E00701040102010F01C5AF
:10B4D8000210294C040A040200444C3DC204011B1A
:10B4E800010201010201010A010401010101060131
:10B4F800040101010101010301020101020101012D
:10B508000101010101010102010102040107010415
:10B5180001040101010A01110503010501113402A9
:10B52800002C04640C0F020F010F01250AAE381D10
:10B538000D2C040907020E069A000311030D03DA05
:10B54800060C04010F0C0438080A0628081E020C11
:10B5580004020E092700080E020D030B033901012E
:10B568000410020C040A079301670000200002007F
:10B5780002000F0000000000050000000070000736
:10B58800002D0101010201020101480B30151001D3
:10B59800650702060202010423011E1B5B0B3A0920
:10B5A800090118040109010301052B033B092A18A5
:10B5B8000120370101010408040103070A021D01E3
:10B5C8003A0101010204080109010A021A010202F2
:10B5D800390104020402020303011E0203010B02E3
:10B5E80039010405010204011402160601013A0199
:10B5F80001020104080107030A021E013B010101BF
:10B608000C010901280103013701010305030104A5
:10B6180007020B021D013A010202010103030104A2
:10B6280007020B021C023902010102040801090188
:10B638000A021D0148010401020301010801510128
:10B6480002070C08620102090B0749021B010101EC
:10B658000101370E01050102050B012409016604E9
:10B668000106010202021902040310040D0102027C
:10B6780006010F01000300041C031D021E02400204
:10B6880001070801020B09012D03010175022201BE
:10B698007603040209010603DB0202013A010107ED
:10B6A800010101010208060A0201302E020C1404ED
:10B6B800300A040326090C0220040206380101029C
:10B6C80003010105380802029803010D010704016E
:10B6D80006010302C6400001C32100038D0160205A
:10B6E800000669020004010A200250020001030159
:10B6F80004011902050197021A120D012608190BF7
:10B7080001012C0330010204020202012401430654
:10B71800020202020C0108012F0133010103020297
:10B72800050201012A020801EE01020104010001DB
:10B738000010101000020001E2019505000301024B
:10B74800050428030401A5020004410500024D0672
:10B75800460B31047B01360F290102020A0331042A
:10B76800020207013D03240501083E010C023409C9
:10B778000101080402015F030204060102019D01A0
:10B78800030815023902010101010C0109010E0724
:10B79800030543010206010102010103040301013B
:10B7A8000E025508020301011701510102060101A9
:10B7B800020101020102EB010204060201021B025E
:10B7C8005508020101026A0101010208650101012F
:10B7D8000204010500090102F5010A0404019004AC
:10B7E80002020401200A28060204080109060203CD
:10B7F8002E0D0102C60101030101C907010601015D
:10B8080052160207010201027A060301010201072A
:10B81800010148020301010100020B02340505037E
:10B8280017010001060F000C030300053B07000188
:10B838003F0451010B020002002E02170005030607
:10B84800080802071E0494030037043208010E0199
:10B858001605010F00070111020701020105640125
:10B86800A00700013D040004FE02F30102010702E3
:10B87800050100076D07006080F000AD01000100C0
:10B888000100020002550500051A053110000100EB
:10B8980010EF01A0014F0900040008000000AD01ED
:10B8A80000061601C0013101000250010001000527
:10B8B8001A053105010A0001F90300010F01001002
:10B8C8000004000800011E6000207B202C203A2084
:10B8D800207B0A2C0A280A207D00000000000000B6
:10B8E8000C000000040000002D57020095580200CB
:10B8F800E15802001D3C04004B000000E501000077
:10B908001400000063616C6C656420604F7074699A
:10B918006F6E3A3A756E77726170282960206F6E83
:10B92800206120604E6F6E65602076616C75653DA4
:10B938003D303030313032303330343035303630DD
:10B9480037303830393130313131323133313431C7
:10B9580035313631373138313932303231323232AD
:10B968003332343235323632373238323933303393
:10B978003133323333333433353336333733383383
:10B988003934303431343234333434343534363471
:10B998003734383439353035313532353335343557
:10B9A800353536353735383539363036313632363D
:10B9B8003336343635363636373638363937303723
:10B9C8003137323733373437353736373737383713
:10B9D8003938303831383238333834383538363801
:10B9E80037383838393930393139323933393439E7
:10B9F800353936393739383939617474656D707449
:10BA080020746F20646976696465206279207A659C
:10BA1800726F617474656D707420746F2063616CEB
:10BA280063756C617465207468652072656D616901
:10BA38006E6465722077697468206120646976692C
:10BA4800736F72206F66207A65726F617474656DAA
:10BA5800707420746F2064697669646520776974EE
:10BA680068206F766572666C6F77617474656D7047
:10BA78007420746F2063616C63756C6174652074E5
:10BA880068652072656D61696E6465722077697496
:10BA980068206F766572666C6F77606173796E6324
:10BAA80020666E6020726573756D656420616674CA
:10BAB800657220636F6D706C6574696F6E0000004D
:10BAC80078030000300520000E07600149122003AA
:10BAD8009D16A028161FA02D2A24A037742B603D80
:10BAE800F42CE03D8DA4203E2CA6A044A4D72045EC
:10BAF8006EFAA04BD0FD604C3707A14E9A23E15B4C
:10BB0800902F618556344186FB43A1864746E186DE
:10BB18000061218700684187396A8187406DA18764
:10BB2800D68C818AF0AFE18C23B1818DFCB2618E15
:10BB380000BCA18F00CCC18FB4CE0191A6D6619173
:10BB4800CCD761998CDAA19900DFE19990E2819ACA
:10BB5800D0E4C19D71EC819E00F041A2D9F641ABC1
:10BB680058FA61AE0000E2B1E0A682B41EB8A2B4F1
:10BB7800AECEE2B4E1EB22B55EEE62B500F8A2B556
:10BB88001EFAC2B50000E3B54B1303B67A3423B6E8
:10BB9800FEFF63B6FEFF94B6000300008304200096
:10BBA800910560005D13A0001217201F0C20601F74
:10BBB800EF2C602B2A30E02B6FA6A02C02A8202D9A
:10BBC8001EFB202E00FE60369EFFA036FD012137A9
:10BBD800010A6137240D2138AB0EA1392F18213AFB
:10BBE800F31E214B4034A1531E61E154F06A6155A4
:10BBF8004F6FE1559DBC615600CF615765D1A15784
:10BC080000DA215800E0A159AEE2215BECE4E15CE6
:10BC1800D0E8615D2000EE5EF0017F5F4F03000019
:10BC28001C0660005F11A000B417E0000B20200183
:10BC38006431A00100FE6002A0BCA10273D1A1037F
:10BC48000000EE0300102E0400105F040006000040
:10BC5800900860000E1860010B20E001FFFE200232
:10BC6800BD1021033034A103A0BC210473D16104A9
:10BC78000100AE048000FF042E2E307870616E69DA
:10BC8800636B6564206174203A0A66616C736500B1
:10BC98006F4404004B000000850B000026000000E4
:10BCA8006F4404004B0000008E0B00001A000000D7
:10BCB80052656643656C6C20616C726561647920BD
:10BCC800626F72726F776564FF0000000000000009
:10BCD8000000000001000000256E0200356E020021
:10BCE8000D6E02006578706C696369742070616E0E
:10BCF80069630000F24704005A0000008101000057
:10BD0800050000006465666D74206C6F6767657276
:10BD18002074616B656E207265656E7472616E74F5
:10BD28006C790000C64A04005E000000AD00000007
:10BD38000D0000006465666D742072656C65617342
:10BD480065206F7574206F6620636F6E74657874F4
:10BD5800C64A04005E000000E20000000D0000007A
:10BD6800A23A040062000000290000001F00000041
:10BD780091710200A1710200A1710200D17102004B
:10BD880042757379202D20546F6F206D616E792074
:10BD9800696E7374616E636573206F662074686979
:10BDA80073207461736B2061726520616C726561C8
:10BDB80064792072756E6E696E672E2043686563BC
:10BDC8006B207468652060706F6F6C5F73697A654B
:10BDD8006020617474726962757465206F6620747E
:10BDE8006865207461736B2E343B040069000000A1
:10BDF800AC01000033000000617373657274696FF1
:10BE08006E206661696C65643A206E203C2033328E
:10BE18007573697A65000000343B0400690000000E
:10BE2800480100002E000000343B040069000000B7
:10BE38004A0100002A0000001150040062000000BE
:10BE4800DC00000018000000473704006D00000007
:10BE5800EE3600000D0000002E40040061000000D6
:10BE68002C0100001F0000008D4C0400640000003D
:10BE7800F6000000110000000202020202020202A3
:10BE880002020200000000000000000000000000A4
:10BE9800000000000000000000000000000000009A
:10BEA8000202000000000002000000000000000084
:10BEB800000000000000000000000000000000007A
:10BEC800000000000000000000000000000000006A
:10BED8000000000000000002000000000000000058
:10BEE800000000000000000000000000000000004A
:10BEF8000000000000000000000000000001000039
:10BF08000000000000000000000000000000000029
:10BF18000000000000000000010000000000000018
:10BF28000000000000000000000000000000000009
:10BF380000000000000000000000000000000000F9
:10BF480000000000000000000000000000000000E9
:10BF580000000000000000000000000000000000D9
:10BF680000000000000000000000000000000000C9
:10BF780000000000000000008D4C04006400000078
:10BF880051020000090000006F766572666C6F77D9
:10BF9800207768656E20616464696E6720647572D5
:10BFA8006174696F6E20746F20696E7374616E744A
:10BFB8007543040065000000BF0000000E0000008B
:10BFC800F25104005F000000D301000023000000CC
:10BFD800F25104005F000000DF0000000F000000C5
:10BFE800455045524D454E4F454E5445494F454E97
:10BFF8004F4D454D454143434553454641554C54A6
:10C0080045494E56414C45414741494E4550524F8E
:10C01800544F54595045454E4F50524F544F4F501E
:10C02800544550524F544F4E4F535550504F525401
:10C0380045534F434B544E4F535550504F52544510
:10C048004F504E4F54535550504541464E4F5355FF
:10C0580050504F52544541444452494E555345451A
:10C068004E4554554E524541434845434F4E4E5216
:10C0780045534554454953434F4E4E4554494D4504
:10C08800444F5554454E4F4255465345484F5354D7
:10C09800444F574E45494E50524F475245535345CA
:10C0A80043414E43454C4544454E4F4B4559454BFE
:10C0B800455945585049524544454B4559524556AE
:10C0C8004F4B4544454B455952454A4543544544D1
:10C0D8009F4B04005C000000830300005600000032
:10C0E8009F4B04005C000000D203000039000000F0
:10C0F8007D4904006C000000280000000B000000CF
:10C10800000000000400000004000000BD870200D9
:10C11800E4340400600000005C00000040000000FF
:10C12800E4340400600000005C0000004F000000E0
:10C13800E4340400600000005C0000001A00000005
:10C14800283A040067000000640300001E00000095
:10C15800283A040067000000D40100001F00000016
:10C16800283A040067000000DB01000023000000FB
:10C1780056460400680000005E0000001F00000032
:10C1880056460400680000007E0000001F00000002
:10C19800904004007000000086000000320000009B
:10C1A8005646040068000000CB0000001B00000099
:10C1B8000000000000000000010000000100000075
:10C1C80009940200000000000000000001000000C7
:10C1D80059930200000000002C0000000400000039
:10C1E80031B202000004000000000000000000005E
:10C1F8000B005352D4CE04000100000057445420D1
:10C20800616C7265616479206163746976650000A8
:10C21800FC4B04002C0000001A000000470000003E
:10C22800564604006800000067010000280000006E
:10C238009040040070000000860000002300000009
:10C24800283A040067000000B0010000290000003F
:10C25800DC4104002B0000003F0000001200000039
:10C268004661696C656420746F20637265617465EA
:10C27800207375627363726962657220666F7220DB
:10C288004B6579626F6172644576656E742E2054D1
:10C29800686520277375627327206C696D6974203F
:10C2A800686173206265656E20657863656564659D
:10C2B800642E20496E637265617365202773756209
:10C2C800732720666F722074686973206576656EBF
:10C2D8007420696E206B6579626F6172642E746F69
:10C2E8006D6C205B6576656E745D20286F72202307
:10C2F8005B6576656E742873756273203D204E29E0
:10C308005D20666F7220637573746F6D2065766546
:10C318006E7473292E000000F24C040029000000FE
:10C3280018000000010000005744544661696C651C
:10C338006420746F2063726561746520737562731D
:10C3480063726962657220666F72204C61796572EA
:10C358004368616E67654576656E742E205468651E
:10C3680020277375627327206C696D697420686172
:10C3780073206265656E2065786365656465642E03
:10C3880020496E6372656173652027737562732730
:10C3980020666F722074686973206576656E7420F4
:10C3A800696E206B6579626F6172642E746F6D6C53
:10C3B800205B6576656E745D20286F7220235B654F
:10C3C80076656E742873756273203D204E295D2052
:10C3D800666F7220637573746F6D206576656E7411
:10C3E80073292E00525204002900000009000000A1
:10C3F800010000004D6178696D756D537562736356
:10C40800726962657273526561636865644D6178CB
:10C41800696D756D5075626C697368657273526584
:10C4280061636865644661696C656420746F206344
:10C43800726561746520737562736372696265728F
:10C4480020666F72204368617267696E6753746112
:10C4580074654576656E742E20546865202773755B
:10C46800627327206C696D69742068617320626546
:10C47800656E2065786365656465642E20496E6322
:10C4880072656173652027737562732720666F7202
:10C498002074686973206576656E7420696E206BF8
:10C4A8006579626F6172642E746F6D6C205B65765E
:10C4B800656E745D20286F7220235B6576656E74E7
:10C4C8002873756273203D204E295D20666F7220A7
:10C4D800637573746F6D206576656E7473292E00AD
:10C4E800BF4604002B0000001800000001000000F7
:10C4F8004661696C656420746F2063726561746558
:10C50800207375627363726962657220666F722048
:10C518004D6F6469666965724576656E742E205440
:10C52800686520277375627327206C696D697420AC
:10C53800686173206265656E20657863656564650A
:10C54800642E20496E637265617365202773756276
:10C55800732720666F722074686973206576656E2C
:10C568007420696E206B6579626F6172642E746FD6
:10C578006D6C205B6576656E745D20286F72202374
:10C588005B6576656E742873756273203D204E294D
:10C598005D20666F7220637573746F6D20657665B4
:10C5A8006E7473292E000000F24C0400290000006C
:10C5B8005E000000010000004661696C656420743B
:10C5C8006F20637265617465207375627363726945
:10C5D80062657220666F7220536C65657053746172
:10C5E80074654576656E742E2054686520277375CA
:10C5F800627327206C696D697420686173206265B5
:10C60800656E2065786365656465642E20496E6390
:10C6180072656173652027737562732720666F7270
:10C628002074686973206576656E7420696E206B66
:10C638006579626F6172642E746F6D6C205B6576CC
:10C64800656E745D20286F7220235B6576656E7455
:10C658002873756273203D204E295D20666F722015
:10C66800637573746F6D206576656E7473292E001B
:10C6780052520400290000003300000001000000AD
:10C688004661696C656420746F20637265617465C6
:10C69800207375627363726962657220666F7220B7
:10C6A800506F696E74696E674576656E742E205496
:10C6B800686520277375627327206C696D6974201B
:10C6C800686173206265656E206578636565646579
:10C6D800642E20496E6372656173652027737562E5
:10C6E800732720666F722074686973206576656E9B
:10C6F8007420696E206B6579626F6172642E746F45
:10C708006D6C205B6576656E745D20286F722023E2
:10C718005B6576656E742873756273203D204E29BB
:10C728005D20666F7220637573746F6D2065766522
:10C738006E7473292E000000F24C040029000000DA
:10C7480069000000010000004661696C656420749E
:10C758006F206372656174652073756273637269B3
:10C7680062657220666F7220436F6E6E65637469CE
:10C778006F6E5374617475734368616E676545764F
:10C78800656E742E205468652027737562732720A0
:10C798006C696D697420686173206265656E2065D7
:10C7A800786365656465642E20496E63726561739C
:10C7B800652027737562732720666F722074686915
:10C7C80073206576656E7420696E206B6579626F7B
:10C7D8006172642E746F6D6C205B6576656E745D36
:10C7E80020286F7220235B6576656E7428737562E6
:10C7F80073203D204E295D20666F72206375737427
:10C808006F6D206576656E7473292E00053B0400F4
:10C818002E0000000A000000010000004661696C5B
:10C82800656420746F206372656174652073756236
:10C838007363726962657220666F722050657269EF
:10C8480070686572616C436F6E6E6563746564458C
:10C8580076656E742E205468652027737562732779
:10C86800206C696D697420686173206265656E204B
:10C8780065786365656465642E20496E63726561D9
:10C8880073652027737562732720666F722074683A
:10C898006973206576656E7420696E206B657962B0
:10C8A8006F6172642E746F6D6C205B6576656E7453
:10C8B8005D20286F7220235B6576656E742873751A
:10C8C8006273203D204E295D20666F722063757368
:10C8D800746F6D206576656E7473292EC03D0400F3
:10C8E800290000000A000000010000004661696C90
:10C8F800656420746F206372656174652073756266
:10C908007363726962657220666F72204261747423
:10C918006572794164634576656E742E2054686546
:10C9280020277375627327206C696D6974206861AC
:10C9380073206265656E2065786365656465642E3D
:10C9480020496E637265617365202773756273276A
:10C9580020666F722074686973206576656E74202E
:10C96800696E206B6579626F6172642E746F6D6C8D
:10C97800205B6576656E745D20286F7220235B6589
:10C9880076656E742873756273203D204E295D208C
:10C99800666F7220637573746F6D206576656E744B
:10C9A80073292E00BF4604002B0000000E00000073
:10C9B800010000004661696C656420746F20637231
:10C9C800656174652073756273637269626572204C
:10C9D800666F722043656E7472616C436F6E6E652C
:10C9E800637465644576656E742E205468652027E7
:10C9F8007375627327206C696D6974206861732090
:10CA08006265656E2065786365656465642E204996
:10CA18006E6372656173652027737562732720667C
:10CA28006F722074686973206576656E7420696E0C
:10CA3800206B6579626F6172642E746F6D6C205B18
:10CA48006576656E745D20286F7220235B65766558
:10CA58006E742873756273203D204E295D20666FC1
:10CA68007220637573746F6D206576656E747329B3
:10CA78002E000000C03D0400290000001300000043
:10CA8800010000004661696C656420746F20637260
:10CA9800656174652073756273637269626572207B
:10CAA800666F722057706D55706461746545766560
:10CAB8006E742E2054686520277375627327206C66
:10CAC800696D697420686173206265656E20657898
:10CAD8006365656465642E20496E6372656173657C
:10CAE8002027737562732720666F722074686973D4
:10CAF800206576656E7420696E206B6579626F615A
:10CB080072642E746F6D6C205B6576656E745D2043
:10CB1800286F7220235B6576656E7428737562735F
:10CB2800203D204E295D20666F7220637573746FF7
:10CB38006D206576656E7473292E000052520400CC
:10CB48002900000017000000010000004661696C20
:10CB5800656420746F206372656174652073756203
:10CB68007363726962657220666F722042617474C1
:10CB78006572795374617475734576656E742E2089
:10CB880054686520277375627327206C696D697412
:10CB980020686173206265656E20657863656564E9
:10CBA80065642E20496E637265617365202773750D
:10CBB80062732720666F72207468697320657665D2
:10CBC8006E7420696E206B6579626F6172642E7471
:10CBD8006F6D6C205B6576656E745D20286F7220C2
:10CBE800235B6576656E742873756273203D204EED
:10CBF800295D20666F7220637573746F6D2065768A
:10CC0800656E7473292E0000BF4604002B000000D7
:10CC180024000000010000004661696C656420740E
:10CC28006F206372656174652073756273637269DE
:10CC380062657220666F72205065726970686572ED
:10CC4800616C426174746572794576656E742E20E4
:10CC580054686520277375627327206C696D697441
:10CC680020686173206265656E2065786365656418
:10CC780065642E20496E637265617365202773753C
:10CC880062732720666F7220746869732065766501
:10CC98006E7420696E206B6579626F6172642E74A0
:10CCA8006F6D6C205B6576656E745D20286F7220F1
:10CCB800235B6576656E742873756273203D204E1C
:10CCC800295D20666F7220637573746F6D206576B9
:10CCD800656E7473292E0000C03D04002900000011
:10CCE8001B000000010000004661696C6564207447
:10CCF8006F2063726561746520737562736372690E
:10CD080062657220666F72204C6564496E6469635F
:10CD180061746F724576656E742E2054686520279D
:10CD28007375627327206C696D697420686173205C
:10CD38006265656E2065786365656465642E204963
:10CD48006E63726561736520277375627327206649
:10CD58006F722074686973206576656E7420696ED9
:10CD6800206B6579626F6172642E746F6D6C205BE5
:10CD78006576656E745D20286F7220235B65766525
:10CD88006E742873756273203D204E295D20666F8E
:10CD98007220637573746F6D206576656E74732980
:10CDA8002E00000052520400290000002500000057
:10CDB80001000000CD1D2D1E272A4C414243444549
:10CDC800464748494A4B4D4E4F5051525354555679
:10CDD8005758595A0A0B0C0D0E0F1011121314152F
:10CDE800161718191A1B1C1F202122232425262850
:10CDF800292B2C2E2F303132333435363738393A07
:10CE08003B3C3D3E3F405B5C5D5E5F6061626364EE
:10CE180065666768696A6B6C6D6E6F707172737442
:10CE280075767778797A7B7C7D7E7F808182838432
:10CE380085868788898A8B8C8D8E8F909192939422
:10CE480095969798999A9B9C9D9E9FA0A1A2A3A412
:10CE5800A5A6A7A8A9AAABACADAEAFB0B1B2B3B402
:10CE6800B5B6B7B8B9BABBBCBDBEBFC0C1C2C3C4F2
:10CE7800C5C6C7C8C9CACBCCCECFD0D1D2D3D4D5DA
:10CE8800D6D7D8D9DADBDCDD4939040068000000E0
:10CE9800CA01000028000000436C6F73656450618C
:10CEA800727469616C4F70656E000000B5370400DC
:10CEB800640000003B00000027000000B5370400B4
:10CEC800640000005100000027000000010000007D
:10CED800B2390400750000007E0000001000000058
:10CEE800B2390400750000007E0000001700000041
:10CEF800B2390400750000007F0000001000000037
:10CF0800B2390400750000007F000000170000001F
:10CF18006A36040062000000A40000001800000047
:10CF28006A36040062000000A4000000200000002F
:10CF38006A36040062000000AE0000001400000021
:10CF48006A36040062000000AE0000001A0000000B
:10CF58006A360400620000009D000000180000000E
:10CF68006A360400620000009D0000001F000000F7
:10CF78006A360400620000009D00000025000000E1
:10CF8800B537040064000000840000001D000000A4
:10CF9800BB4404004D000000F50300001C00000025
:10CFA800BB4404004D000000F60300001C00000014
:10CFB800BB4404004D000000FA03000020000000FC
:10CFC800BB4404004D000000FA0300002B000000E1
:10CFD8003E4E0400690000005A00000023000000D3
:10CFE8003E4E0400690000005300000023000000CA
:10CFF800B537040064000000230000002D00000085
:10D00800B53704006400000030000000160000007E
:10D01800B53704006400000030000000380000004C
:10D02800B53704006400000072000000170000001B
:10D03800B537040064000000590000001700000024
:10D04800026D6964203E206C656E63616C6C65647A
:10D058002060526573756C743A3A756E77726170B8
:10D06800282960206F6E20616E20604572726020F2
:10D0780076616C7565000000000000000800000083
:10D088000400000035C40200014104007F000000D4
:10D09800310000000C000000014104007F00000086
:10D0A8003300000015000000014104007F0000006B
:10D0B800330000001E000000014104007F00000052
:10D0C8003300000024000000014104007F0000003C
:10D0D8007200000011000000014104007F00000000
:10D0E8004A00000015000000014104007F00000014
:10D0F8004A000000220000000945040081000000E9
:10D1080031020000190000000945040081000000F8
:10D118003B0200002700000003000000014104005A
:10D128007F000000F8000000150000000141040025
:10D138007F000000F200000015000000014104001B
:10D148007F000000220100001B00000001410400D4
:10D158007F000000220100003200000001410400AD
:10D168007F000000E90000001E00000001410400EB
:10D178007F000000100100000C00000001410400C5
:10D188007F0000001201000021000000014104009E
:10D198007F00000012010000320000001C4D040056
:10D1A80062000000F2000000230000001C4D040093
:10D1B80062000000F5000000140000001C4D04008F
:10D1C800620000000B010000280000001C4D040054
:10D1D80062000000110100000D0000001C4D040059
:10D1E80062000000FA000000230000001C4D04004B
:10D1F8006200000002010000140000000141040068
:10D208007F000000710100001100000001410400CE
:10D218007F000000710100001700000001410400B8
:10D228007F000000750100001100000001410400AA
:10D238007F0000007501000018000000436C69655C
:10D248006E744174745461626C65206275666665BB
:10D2580072206F766572666C6F770000014104007A
:10D268007F0000004C0100000E0000000141040096
:10D278007F0000005301000020000000014104006D
:10D288007F000000560100000D000000014104006D
:10D298007F0000007B010000200000006A360400C7
:10D2A80062000000BC00000014000000E952040005
:10D2B800720000008E0400000E000000E952040015
:10D2C80072000000C10200000E000000E9520400D4
:10D2D800720000000203000014000000E95204007C
:10D2E80072000000D103000024000000E95204008D
:10D2F80072000000AE02000014000000E9520400B1
:10D30800720000000803000024000000E952040035
:10D3180072000000B702000020000000E95204007B
:10D3280072000000DD02000014000000E952040051
:10D3380072000000A602000024000000E952040068
:10D34800720000002C03000014000000283A0400BA
:10D35800670000004A01000023000000283A04008A
:10D36800670000004E01000023000000283A040076
:10D37800670000002001000042000000283A040075
:10D38800670000002101000047000000283A04005F
:10D3980067000000670100001A000000283A040036
:10D3A800670000006701000038000000283A040008
:10D3B80067000000790100001A000000283A040004
:10D3C800670000007901000038000000403F0400B9
:10D3D800680000005700000028000000403F0400DB
:10D3E800680000005800000028000000403F0400CA
:10D3F800680000005900000029000000403F0400B8
:10D40800680000007200000016000000403F0400A1
:10D4180068000000720000001C0000003E4E04007E
:10D42800690000003500000009000000B53704005D
:10D43800640000008E00000021000000B5370400E1
:10D44800640000009D000000130000004D48040027
:10D458006100000022030000250000004D48040080
:10D4680061000000220300003C0000004D48040059
:10D478006100000023030000230000004D48040061
:10D4880061000000230300003A0000004D4804003A
:10D498006100000028030000270000004D48040038
:10D4A8006100000035030000250000004D4804001D
:10D4B80061000000350300003C0000004D480400F6
:10D4C8006100000036030000230000004D480400FE
:10D4D80061000000360300003A0000004D480400D7
:10D4E80061000000480300001F0000004D480400D0
:10D4F8006100000048030000360000004D480400A9
:10D50800610000004D0300001F0000004D480400AA
:10D51800610000004D030000360000004D48040083
:10D52800610000004E030000240000004D48040084
:10D5380061000000530300001C0000004D48040077
:10D548006100000053030000330000004D48040050
:10D558006100000057030000250000004D4804004A
:10D5680061000000570300003C0000004D48040023
:10D578006100000058030000230000004D4804002B
:10D5880061000000580300003A0000004D48040004
:10D598006100000059030000210000004D4804000C
:10D5A8006100000059030000380000004D480400E5
:10D5B800610000005A030000290000004D480400E3
:10D5C8006100000064030000250000004D480400CD
:10D5D80061000000640300003C0000004D480400A6
:10D5E8006100000065030000230000004D480400AE
:10D5F80061000000650300003A0000004D48040087
:10D60800610000006D0300001F0000004D48040089
:10D61800610000006D030000360000004D48040062
:10D62800610000006E0300001F0000004D48040068
:10D63800610000006E030000360000004D48040041
:10D648006100000072030000240000004D4804003F
:10D6580061000000760300001D0000004D48040032
:10D66800610000007B0300001F0000004D4804001B
:10D67800610000007B030000360000004D480400F4
:10D68800610000007C0300001F0000004D480400FA
:10D69800610000007C030000360000006E6F7420FB
:10D6A800696D706C656D656E746564004D48040045
:10D6B80061000000DD020000120000004D48040077
:10D6C8006100000019030000120000004D4804002A
:10D6D800610000009E0300001F0000004D48040088
:10D6E800610000009E030000360000004D48040061
:10D6F800610000009F03000024000000B23904000C
:10D7080075000000AF0100000E000000B2390400EF
:10D7180075000000AF01000015000000B2390400D8
:10D7280075000000B00100000E000000B2390400CE
:10D7380075000000B001000015000000B2390400B7
:10D7480075000000FC01000021000000B23904004F
:10D7580075000000FD01000021000000B23904003E
:10D7680075000000FD0100000B000000283A0400CD
:10D77800670000004001000012000000283A040081
:10D7880067000000400100002C000000283A040057
:10D79800670000004001000037000000283A04003C
:10D7A800670000004001000018000000283A04004B
:10D7B80067000000410100001F000000A84E04009F
:10D7C80060000000E5000000540000004D4804001F
:10D7D800610000009A0000000900000053756363AF
:10D7E8006573734F75742D6F662D62616E64206466
:10D7F800617461206E6F7420617661696C61626C1E
:10D808006541757468656E7469636174696F6E20CB
:10D81800726571756972656D656E7473206E6F746B
:10D82800206D6574436F6E6669726D2076616C75E4
:10D838006520646F6573206E6F74206D6174636812
:10D8480044657669636520646F206E6F7420737514
:10D8580070706F72742070616972696E67456E636B
:10D8680072797074696F6E206B65792073697A6557
:10D87800206973206E6F74206C6F6E6720656E6F01
:10D888007567685365637572697479206D616E6137
:10D898006765722070726F746F636F6C20636F6D51
:10D8A8006D616E64206E6F7420737570706F727422
:10D8B800656450616972696E67206661696C656448
:10D8C8002064756520746F20616E20756E737065B5
:10D8D80063696669656420726561736F6E5061691A
:10D8E80072696E67206661696C656420647565207D
:10D8F800746F207265706561746564206174746505
:10D908006D7074734448206B657920636865636B38
:10D918002076616C756520646F6573206E6F742066
:10D928006D617463684E756D6572696320636F6DB0
:10D9380070617269736F6E2076616C7565732064AF
:10D948006F206E6F74206D617463685061697269CD
:10D958006E6720696E2070726F67657373206F76CB
:10D9680065722042522F4544524C696E6B206B659C
:10D97800792067656E65726174696F6E206661698A
:10D988006C65644465766963652072656A6563746D
:10D998006564206469737472696275746564206B68
:10D9A8006579446576696365206973206E6F7420B4
:10D9B800726561647920746F207065666F726D207E
:10D9C80070616972696E67004D480400610000006B
:10D9D800A10000001A000000283A040067000000B7
:10D9E800E00000000E000000283A04006700000074
:10D9F800E00000001C0000006B3E04006E00000008
:10DA08002F000000090000000405060708090000AF
:10DA1800283A0400670000000F0100000E00000013
:10DA2800283A0400670000000F01000015000000FC
:10DA3800283A040067000000100100000E000000F2
:10DA4800283A0400670000001001000026000000CA
:10DA58006B3E04006E000000360000000E0000005F
:10DA680050616972696E672052657175657374508B
:10DA7800616972696E6720436F6E6669726D506185
:10DA88006972696E672052616E646F6D5061697268
:10DA9800696E67204661696C6564456E637279706A
:10DAA80074696F6E20496E666F726D6174696F6E0E
:10DAB80043656E7472616C204964656E7469666949
:10DAC800636174696F6E4964656E7469747920491D
:10DAD8006E666F726D6174696F6E4964656E7469A4
:10DAE8007479204164647265737320496E666F723D
:10DAF8006D6174696F6E5369676E696E6720496EF0
:10DB0800666F726D6174696F6E50616972696E6774
:10DB1800205075626C6963204B6579506169726940
:10DB28006E67204448204B657920436865636B4BDA
:10DB380065797072657373204E6F74696669636185
:10DB480074696F6E4174747269627574650000005F
:10DB5800084204006400000043020000370000008F
:10DB68009F3B040058000000520000000C00000019
:10DB78009F3B040058000000520000001200000003
:10DB88009F3B0400580000005300000012000000F2
:10DB980055756964313655756964333255756964EC
:10DBA80031323853697A654572726F7228290000DC
:10DBB8000F000000100000000F0000000E00000021
:10DBC8000E000000160000001600000014000000FF
:10DBD8001C000000130000001000000012000000EC
:10DBE800140000001500000068DA0400A0A1040079
:10DBF80077DA040086DA040094DA0400A2DA040072
:10DC0800B8DA0400CEDA0400E2DA0400FEDA04002E
:10DC180030A1040011DB040023DB040037DB04001F
:10DC28002400000024000000240000005000000030
:10DC38004000000080000000810000008200000019
:10DC480083000000840000008500000086000000BA
:10DC58008700000088000000890000008A0000009A
:10DC68008B0000008C0000008D0000008E0000007A
:10DC78008F0000009000000091000000920000005A
:10DC8800930000009400000095000000960000003A
:10DC98009700000098000000990000009A0000001A
:10DCA8009B0000009C0000009D0000009E000000FA
:10DCB8009F000000A0000000A1000000A2000000DA
:10DCC800A3000000A4000000A5000000A6000000BA
:10DCD800A7000000A8000000A9000000AA0000009A
:10DCE800AB000000AC000000AD000000AE0000007A
:10DCF800AF000000B0000000B1000000B20000005A
:10DD0800B3000000B4000000B5000000B600000039
:10DD1800B7000000B8000000B9000000BA00000019
:10DD2800BB000000BC000000BD000000BE000000F9
:10DD3800BF000000C0000000C1000000C2000000D9
:10DD480000000000000000000000000000000000CB
:10DD580000000000000000000000000000000000BB
:10DD68000000000000000000C3000000C400000024
:10DD7800C5000000C6000000C7000000C800000081
:10DD8800C9000000CA000000CB000000CC00000061
:10DD9800CD000000CE000000CF000000D000000041
:10DDA800D1000000D2000000D3000000D400000021
:10DDB800D5000000D6000000D7000000D800000001
:10DDC800D9000000DA000000DB000000DC000000E1
:10DDD800DD0000000000000000000000000000005E
:10DDE800000000000000000000000000000000002B
:10DDF800000000000000000000000000000000001B
:10DE0800000000000000000000000000000000000A
:10DE180000000000000000000000000000000000FA
:10DE280000000000000000000000000000000000EA
:10DE380000000000000000000100000002000000D7
:10DE480003000000040000000500000006000000B8
:10DE58000700000008000000090000000A00000098
:10DE68000B0000000C0000000D0000000E00000078
:10DE78000F00000010000000110000001200000058
:10DE88001300000014000000150000001600000038
:10DE98001700000018000000190000001A00000018
:10DEA8001B0000001C0000001D0000001E000000F8
:10DEB8001F000000200000002100000022000000D8
:10DEC80023000000240000002500000026000000B8
:10DED8002700000028000000290000002A00000098
:10DEE8002B0000002C0000002D0000002E00000078
:10DEF8002F00000030000000310000003200000058
:10DF08003300000034000000350000003600000037
:10DF18003700000038000000390000003A00000017
:10DF28003B0000003C0000003D0000003E000000F7
:10DF38003F000000400000004100000042000000D7
:10DF480043000000440000004500000046000000B7
:10DF58004700000048000000490000004A00000097
:10DF68004B0000004C0000004D0000004E00000077
:10DF78004F00000050000000510000005200000057
:10DF88005300000054000000550000005600000037
:10DF98005700000058000000590000005A00000017
:10DFA8005B0000005C0000005D0000005E000000F7
:10DFB8005F000000600000006100000062000000D7
:10DFC80063000000640000006500000066000000B7
:10DFD8006700000068000000690000006A00000097
:10DFE8006B0000006C0000006D0000006E00000077
:10DFF8006F00000070000000710000007200000057
:10E008007300000074000000750000007600000036
:10E018007700000078000000790000007A00000016
:10E028007B0000007C0000007D0000007E000000F6
:10E038007F000000008182838F0000000100020041
:10E0480002000200020002000200020002000200B8
:10E0580004000000030000000500000006000600A0
:10E0680010001000010010000A0010000700100046
:10E07800010040001000010007000000120000002D
:10E088000F0000001A00000012000000130000003A
:10E098001100000013000000110000001000000033
:10E0A800110000001000000017000000160000001A
:10E0B800140000000B00000004000000E4D7040076
:10E0C80067A0040079A0040088A00400A2A00400AE
:10E0D800B4A00400C7A00400D8A00400EBA004006A
:10E0E80090A10400C0A10400B0A10400D1A10400C3
:10E0F800E8A10400FEA1040012A20400308004007C
:10E1080007000000000000001000000000000000F0
:10E118000B0000001A0000001900000015000000A4
:10E12800160000000F000000140000001600000098
:10E13800E4D704000000000050A104000000000023
:10E14800D8A30400E3A30400FDA3040016A404005C
:10E158002BA4040041A4040050A4040064A40400F7
:10E168009E3B0400D4CE040048D0040020D1040013
:10E178009E3B0400D4CE040048D0040020D1040003
:10E1880010DA040011DA040012DA040013DA0400C9
:10E1980014DA040015DA0400DCCD0400DDCD040037
:10E1A800DECD0400DFCD0400E0CD0400E1CD0400A5
:10E1B8009E3B0400D4CE040048D004009E3B0400DB
:10E1C800D4CE040048D0040020D1040010DA0400A2
:10E1D8009E3B0400D4CE040048D0040020D10400A3
:10E1E8009E3B0400D4CE040048D004009E3B0400AB
:10E1F800D4CE040048D00400000000000100000054
:10E2080002000000020000000200000002000000FE
:10E2180002000000020000000200000002000000EE
:10E22800020000009E3B0400D4CE040048D0040045
:10E2380020D1040010DA040011DA040012DA040014
:10E2480013DA040014DA040015DA0400DCCD040043
:10E25800DDCD0400DECD0400DFCD0400E0CD0400F8
:10E26800E1CD0400E2CD0400E3CD0400E4CD0400D8
:10E27800E5CD0400E6CD0400E7CD0400E8CD0400B8
:10E28800E9CD0400EACD0400EBCD0400ECCD040098
:10E29800EDCD0400EECD0400BDCD0400BFCD0400DB
:10E2A800EFCD0400F0CD0400F1CD0400F2CD040060
:10E2B800F3CD0400F4CD0400F5CD0400F6CD040040
:10E2C800C0CD0400F7CD0400F8CD0400C1CD040092
:10E2D800F9CD0400FACD0400BECD0400FBCD040046
:10E2E800FCCD0400FDCD0400FECD0400FFCD0400EC
:10E2F80000CE04009E3B0400D4CE040048D00400A5
:10E3080020D1040010DA040011DA040012DA040043
:10E3180013DA040014DA040015DA0400DCCD040072
:10E32800DDCD0400DECD0400DFCD0400E0CD040027
:10E33800E1CD0400E2CD0400E3CD0400E4CD040007
:10E34800E5CD0400E6CD0400E7CD0400E8CD0400E7
:10E35800E9CD0400EACD0400EBCD0400ECCD0400C7
:10E36800EDCD04009E3B0400D4CE040048D0040048
:10E3780020D1040010DA040011DA040012DA0400D3
:10E3880033CE040034CE040035CE040036CE04006B
:10E3980037CE040038CE040039CE04003ACE04004B
:10E3A8003BCE04003CCE04003DCE04003ECE04002B
:10E3B8003FCE040040CE040041CE040042CE04000B
:10E3C80043CE040044CE040045CE040046CE0400EB
:10E3D80047CE040048CE040049CE04004ACE0400CB
:10E3E8004BCE04004CCE04004DCE04004ECE0400AB
:10E3F8004FCE040050CE040051CE040052CE04008B
:10E4080053CE040054CE040055CE040056CE04006A
:10E4180057CE040058CE040059CE04005ACE04004A
:10E428005BCE04005CCE04005DCE04005ECE04002A
:10E438005FCE040060CE040061CE040062CE04000A
:10E4480063CE040064CE040065CE040066CE0400EA
:10E4580067CE040068CE040069CE04006ACE0400CA
:10E468006BCE04006CCE04006DCE04006ECE0400AA
:10E478006FCE040070CE040071CE040072CE04008A
:10E4880073CE040074CE040075CE040000000000B2
:10E498000000000000000000000000000000000074
:10E4A8000000000000000000000000000000000064
:10E4B8000000000076CE040077CE040078CE040079
:10E4C80079CE04007ACE04007BCE04007CCE040012
:10E4D8007DCE04007ECE04007FCE0400BCCD0400B7
:10E4E80080CE040081CE040082CE040083CE0400D6
:10E4F80084CE040085CE040086CE040087CE0400B6
:10E5080088CE040089CE04008ACE04008BCE040095
:10E518008CCE04008DCE04008ECE04008FCE040075
:10E5280000000000000000000000000000000000E3
:10E5380000000000000000000000000000000000D3
:10E5480000000000000000000000000000000000C3
:10E5580000000000000000000000000000000000B3
:10E5680000000000000000000000000000000000A3
:10E578000000000000000000000000000000000093
:10E588009E3B0400D4CE040048D0040020D10400EF
:10E5980010DA040011DA040012DA040013DA0400B5
:10E5A80014DA040015DA0400DCCD0400DDCD040023
:10E5B800DECD0400DFCD0400E0CD0400E1CD040091
:10E5C800E2CD0400E3CD0400E4CD0400E5CD040071
:10E5D800E6CD0400E7CD0400E8CD0400E9CD040051
:10E5E800EACD0400EBCD0400ECCD0400EDCD040031
:10E5F800EECD0400BDCD0400BFCD0400EFCD040076
:10E60800F0CD0400F1CD0400F2CD0400F3CD0400F8
:10E61800F4CD0400F5CD0400F6CD0400C0CD04000F
:10E62800F7CD0400F8CD0400C1CD0400F9CD0400F5
:10E63800FACD0400BECD0400FBCD0400FCCD0400DF
:10E64800FDCD0400FECD0400FFCD040000CE040083
:10E6580001CE040002CE040003CE040004CE040060
:10E6680005CE040006CE040007CE040008CE040040
:10E6780009CE04000ACE04000BCE04000CCE040020
:10E688000DCE0400C3CD0400C4CD0400C5CD0400E4
:10E69800C6CD0400C7CD0400C8CD0400C9CD040010
:10E6A800CACD0400CBCD0400CCCD0400CDCD0400F0
:10E6B800C2CD0400CECD0400CFCD0400D0CD0400DF
:10E6C800D1CD0400D2CD0400D3CD0400D4CD0400B4
:10E6D800D5CD0400D6CD0400D7CD0400D8CD040094
:10E6E800D9CD0400DACD0400DBCD04000ECE040041
:10E6F8000FCE040010CE040011CE040012CE040088
:10E7080013CE040014CE040015CE040016CE040067
:10E7180017CE040018CE040019CE04001ACE040047
:10E728001BCE04001CCE04001DCE04001ECE040027
:10E738001FCE040020CE040021CE040022CE040007
:10E7480023CE040024CE040025CE040026CE0400E7
:10E7580027CE040028CE040029CE04002ACE0400C7
:10E768002BCE04002CCE04002DCE04002ECE0400A7
:10E778002FCE040030CE040031CE040032CE040087
:10E78800060000000B00000004000000A0CE0400FA
:10E79800A6CE040038800400020000000400000037
:10E7A8001000000007000000200000001E0000000C
:10E7B800230000001C0000001D00000026000000CF
:10E7C8002F0000002B0000002700000020000000A0
:10E7D80021000000260000001E0000001A000000B2
:10E7E8001F00000025000000E4D70400FEAC040070
:10E7F800EBD7040009D804002CD8040048D804003A
:10E8080065D804008BD80400BAD80400E5D8040001
:10E818005EAD04000CD904002DD9040053D90400BE
:10E8280071D904008BD90400AAD904009E3B0400C6
:10E8380000000000D4CE04000000000048D004000E
:10E8480020D1040010DA040011DA040012DA0400FE
:10E8580013DA040014DA040015DA040000000000DA
:10E86800000203010003010000000000030100038F
:10E878002526270001020303280400009042000017
:10E88800BE1100004C010000E80B000086040000E7
:10E898000102030301020303010100020700010250
:10E8A8000401000100000101000001000100000155
:10E8B8000001000000000000020B000001000B0036
:10E8C80002000A00050009000A00080014000700F9
:10E8D8001E000600320005004B000400640003001F
:10E8E80096000200FA000100F4010000010203038F
:10E8F80002030001F401FA00960064004B003200A4
:10E908001E0014000A000500020001000C0802178E
:10E918000D01010209090101060209181803010184
:10E9280009098383850302012302022409100404D0
:10E9380005050B0B040B2B1B1B159A9A1C021D16A5
:10E94800130501490D150508061B1B0F01010000E1
:10E95800FEFEFEFEFEFEFEFEFEFEFEFEFEFEFEFECF
:10E96800FEFEFEFEFE16FEFEFEFEFEFEFEFEFEFEA7
:10E97800FEFE1F1FFE26FEFEFEFEFEFEFEFEFEFE45
:10E98800FEFEFEFEFEFEFEFE3E3EFEFEFEFE3B3BA5
:10E9980060009006BE022C01D012CE0528049042D9
:10E9A800BE1164005006AE027205DA430813000176
:10E9B8000202A301B103BF05EF024906A309C50579
:10E9C800F50B2512010203030102030301020401EE
:10E9D8000203030028049042BE117205DA430813AB
:10E9E8002C00D002CE010440100028049042BE1131
:10E9F8002C00D002CE01B400500BEE036400500688
:10EA0800AE02B400500BEE03010203032804904247
:10EA1800BE1128049042BE11010203030001020244
:10EA2800010000001011004000000000000000007C
:10EA380000000000000000000406080A0C0E101276
:10EA48001416181C1E20222426282A2C2E30323474
:10EA580036383A3C3E40424446484A4C4E021A50E8
:10EA6800000000002800000018000000500100000D
:10EA78005001000000000000141E000030110000CA
:10EA88003C730000B45F0000B80BD0076C396C39D8
:10EA98000000000070170000A00F00003C280000D4
:10EAA8003C2800000000DC05E803D4170000000043
:10EAB800000000000000000000000000141E00001C
:10EAC8003011000060EA000060EA000000002CA697
:10EAD800E0A120A820A8000000000000000000001D
:10EAE80000003408E803280A280A00000000000093
:10EAF80000000000E3A3C3000102000504000808A9
:10EB08000000D8ECF0F4F8FC00020304050607083E
:10EB180000000000000000000000000000000000ED
:10EB280000000000010101010202020203030303C5
:10EB38000404040405050505060606080900000086
:10EB480000000000000000000000000000000000BD
:10EB58000001010101020202020303030304040489
:10EB6800040505050506060708090A0B0C0D001023
:10EB78000200FA0000000000647261676F6F6E2F78
:10EB88006C6962732F73636865642F7372632F7384
:10EB9800636865645F68616C5F7274632E6300000C
:10EBA800E0440867C9A7D8529DA268EFDC3BE300A0
:10EBB8006173DB4B48283D0F4D30C59121C8225267
:10EBC80025FC73DF44296DEA1BC85502550F4CA07C
:10EBD800A888E4EF97DCAC29DE60A5808F152EBEEF
:10EBE80073E6132BEE1185FC24ED03D1EE8DC5FFE2
:10EBF800B8997EEA3A522210178AFC4A39EA438FBA
:10EC08000B3DF3C5BC2D4E8F8116AAD0FA99C03B97
:10EC1800F19DFF79417BBBFFC4578BD59DE00D1853
:10EC2800A5CDD18B52074356A5ED058E7F57071802
:10EC3800E99668959B699C09B5EFF0F13D09D68383
:10EC48001C0697ED7EF15AEF3C4C0D03B877B935A9
:10EC580039942249A275FA815DD3B6A07020A2F535
:10EC6800F11CF87465534C815B062001F7AF0BE388
:10EC7800212613155612AE808807A836CBB8D216AF
:10EC8800CA0BC5EC9746D13321DDAE17B0DFA91901
:10EC980066F7C3EDC7BC3F52FD5ACFB2DDE64D9CC7
:10ECA8006D9F0DCFE6A9055321B0A9812F173958BB
:10ECB800CF87C675DDA4A7CC2FE24B843E9BD53603
:10ECC800E9531A11627ECECAA1F363F0D443C89106
:10ECD800DA12A80DF0E577BF76317F439CAF640E5A
:10ECE8007D5107CFBB68D5DBB93068BAA2FB1A2FB4
:10ECF800A6C2C4E67C80B615EF6A96E4BCEAC79162
:10ED0800E6B6B2D61BEA6D714B5BF819D1438C2479
:10ED18002A5E314A60FDDC160B3D2BC703D3FD1577
:10ED2800D5DFB742F4F90BE42A4F932DF389366700
:10ED38000BF5A630B4BE14834EC66E97BCF27AD1DA
:10ED4800F1DDE71E4F6CF6393C37EA688BE1687FE6
:10ED580086B1D053F2C16651148FE57B01A6DD95CB
:10ED68007430914256E35A0DB142A548271B4955C4
:10ED78002A7310B365A69C46C14C1A5F521D5929C7
:10ED88003F984FB86B5B6FE7E1845F9F41EF7EBEB2
:10ED980089A1BA8096D400122C33EF181F557663D8
:10EDA800F5544E7CC0CBE5B9340E41E1171A3AC58B
:10EDB800254445EC3091193E2E9000177EC929B0A4
:10EDC800B6236478116EE62DBE951AB414C92D26A3
:10EDD80083B65104BD6A7651B16FBB85345FAD55BA
:10EDE80079CB66901C4F4F074EB9C830D61BB31A63
:10EDF800B37542D72F013F6D40CEDC9DB1D014A230
:10EE08000A0565D174DFAE243EDCE5E0CE7EF195DF
:10EE1800564422D9DA9CDA6AEA0ED62DD1B2AD1F51
:10EE28009BFB0CE29130D8A3CBE076BA75C979AEDA
:10EE38006E8A85C888A5F2A568314A87F4A597E83F
:10EE480096F0487D40EFC1F62C135BC36B519C1FB5
:10EE5800FD79C453910F04E14367F09D1F880E06A6
:10EE6800510EA95272ADE009960AC538A36EE6B7ED
:10EE78007077997D05AD32ABCB715644E2FFEA0C51
:10EE880099CC375D3C75BEDFD5A2FEE0CC68D09545
:10EE9800B67CD74DDACD371E88065355BBA4C58836
:10EEA800F144770C33F01334026781BC895CC023CA
:10EEB800ACB592119AEE2223BB803137A036160CDE
:10EEC8000702DEBDD4F3E20FD87835C23A091A0E2C
:10EED800AD8E880CD1F0E50660B6A252A585A29C3D
:10EEE800643992CE9569E7DA93794CA33A4996CC7E
:10EEF800E7D973EA44519BD1346E1E3163C2A5042D
:10EF080043A4A2D92BB3B57D0C96FD2C33BD543741
:10EF1800150F430A98CC5B0C7445A9D91F2051568C
:10EF2800FE1804FC2189DDEB3600E234395B013739
:10EF380053A303DF8FCD4FCF16AB2CF1E1E62DDCC9
:10EF480014DF71D01ACC179C30554163A3E6C5D79E
:10EF58001EFBF368601630B501932618C90BF7B588
:10EF68000F1AEC79FDAE8D2D979CB3CEFDD6BC3B28
:10EF7800951AF658FC5F57F520B4F7ADC486D9DB6F
:10EF8800B79EF3151488AA816C978DB9F5FCE26ECB
:10EF98007D712FCF5D476554D0BB6068C4D3248E84
:10EFA800010000000000000000000000FFFFFFFF5C
:10EFB800FFFFFFFFFFFFFFFFFEFFFFFF0000000056
:10EFC80001FF6465666D74005345474745522052FA
:10EFD8005454000000000000010000000000000080
:10EFE800C269032008F803200004000000000000A4
:10EFF8000000000001000000FFFFFFFFFFFFFFFF10
:10F0080000000000000000000000000000000000F8
:10F0180000000000000000000000000000000000E8
:10F0280000000000000000000000000000000000D8
:10F0380000000000000000000000000000000000C8
:10F0480000000000000000000000000000000000B8
:10F0580000000000000000000000000000000000A8
:10F068000000000000000000000000000000000098
:10F078000000000000000000000000000000000088
:10F088000000000000030000000000000100000074
:10F098000000000000000000000000000000000068
:10F0A8000000000000000000000000000000000058
:10F0B8000000000000000000000000000000000048
:10F0C8000000000000000000000000000000000038
:10F0D8000000000000000000000000000000000028
:10F0E8000000000000000000000000000000000018
:10F0F8000000000000000000000000000000000008
:10F1080000000000000000000000000000000000F7
:10F1180000000000000000000000000000000000E7
:10F1280000000000000000000000000000000000D7
:10F1380000000000000000000000000000000000C7
:10F1480000000000000000000000000000000000B7
:10F1580000000000000000000000000000000000A7
:10F168000000000000000000000000000000000097
:10F178000000000000000000000000000000000087
:10F188000000000000000000010000000000000076
:10F198000000000000000000000000000000000067
:10F1A8000000000000000000000000000000000057
:10F1B8000000000000000000000000000000000047
:10F1C8000000000000000000000000000000000037
:10F1D8000000000000000000000000000000000027
:10F1E8000000000000000000000000000000000017
:10F1F8000000000000000000000000000000000007
:10F2080000000000000000000000000000000000F6
:10F2180000000000000000000000000000000000E6
:10F2280000000000000000000000000000000000D6
:10F2380000000000000000000000000000000000C6
:10F2480000000000000000000000000000000000B6
:10F2580000000000000000000000000000000000A6
:10F268000000000000000000000000000000000096
:10F278000000000000000000000000000000000086
:10F288000000000001000000000000000000000075
:10F298000000000000000000000000000000000066
:10F2A8000000000000000000000000000000000056
:10F2B8000000000000000000000000000000000046
:10F2C8000000000000000000000000000000000036
:10F2D8000000000000000000000000000000000026
:10F2E8000000000000000000000000000000000016
:10F2F8000000000000000000000000000000000006
:10F3080000000000000000000000000000000000F5
:10F3180000000000000000000000000000000000E5
:10F3280000000000000000000000000000000000D5
:10F3380000000000000000000000000000000000C5
:10F3480000000000000000000000000000000000B5
:10F3580000000000000000000000000000000000A5
:10F368000000000000000000000000000000000095
:10F378000000000000000000000000000000000085
:10F388000100000000000000000000000000000074
:10F398000000000000000000000000000000000065
:10F3A8000000000000000000000000000000000055
:10F3B8000000000000000000000000000000000045
:10F3C8000000000000000000000000000000000035
:10F3D8000000000000000000000000000000000025
:10F3E8000000000000000000000000000000000015
:10F3F8000000000000000000000000000000000005
:10F4080000000000000000000000000000000000F4
:10F4180000000000000000000000000000000000E4
:10F4280000000000000000000000000000000000D4
:10F4380000000000000000000000000000000000C4
:10F4480000000000000000000000000000000000B4
:10F4580000000000000000000000000000000000A4
:10F468000000000000000000000000000000000094
:10F478000000000000000000000000000100000083
:10F488000000000000000000000000000000000074
:10F498000000000000000000000000000000000064
:10F4A8000000000000000000000000000000000054
:10F4B8000000000000000000000000000000000044
:10F4C8000000000000000000000000000000000034
:10F4D8000000000000000000000000000000000024
:10F4E8000000000000000000000000000000000014
:10F4F8000000000000000000000000000000000004
:10F5080000000000000000000000000000000000F3
:10F5180000000000000000000000000000000000E3
:10F5280000000000000000000000000000000000D3
:10F5380000000000000000000000000000000000C3
:10F5480000000000000000000000000000000000B3
:10F5580000000000000000000000000000000000A3
:10F568000000000000000000000000000000000093
:10F578000000000000000000010000000000000082
:10F588000000000000000000000000000000000073
:10F598000000000000000000000000000000000063
:10F5A8000000000000000000000000000000000053
:10F5B8000000000000000000000000000000000043
:10F5C8000000000000000000000000000000000033
:10F5D8000000000000000000000000000000000023
:10F5E8000000000000000000000000000000000013
:10F5F8000000000000000000000000000000000003
:10F6080000000000000000000000000000000000F2
:10F6180000000000000000000000000000000000E2
:10F6280000000000000000000000000000000000D2
:10F6380000000000000000000000000000000000C2
:10F6480000000000000000000000000000000000B2
:10F6580000000000000000000000000000000000A2
:10F668000000000000000000000000000000000092
:10F678000000000001000000000000000000000081
:10F688000000000000000000000000000000000072
:10F698000000000000000000000000000000000062
:10F6A8000000000000000000000000000000000052
:10F6B8000000000000000000000000000000000042
:10F6C8000000000000000000000000000000000032
:10F6D8000000000000000000000000000000000022
:10F6E8000000000000000000000000000000000012
:10F6F8000000000000000000000000000000000002
:10F7080000000000000000000000000000000000F1
:10F7180000000000000000000000000000000000E1
:10F7280000000000000000000000000000000000D1
:10F7380000000000000000000000000000000000C1
:10F7480000000000000000000000000000000000B1
:10F7580000000000000000000000000000000000A1
:10F768000000000000000000000000000000000091
:10F778000100000000000000000000000000000080
:10F788000000000000000000000000000000000071
:10F798000000000000000000000000000000000061
:10F7A8000000000000000000000000000000000051
:10F7B8000000000000000000000000000000000041
:10F7C8000000000000000000000000000000000031
:10F7D8000000000000000000000000000000000021
:10F7E8000000000000000000000000000000000011
:10F7F8000000000000000000000000000000000001
:10F8080000000000000000000000000000000000F0
:10F8180000000000000000000000000000000000E0
:10F8280000000000000000000000000000000000D0
:10F8380000000000000000000000000000000000C0
:10F8480000000000000000000000000000000000B0
:10F8580000000000000000000000000000000000A0
:10F86800000000000000000000000000010000008F
:10F878000000000000000000000000000000000080
:10F888000000000000000000000000000000000070
:10F898000000000000000000000000000000000060
:10F8A8000000000000000000000000000000000050
:10F8B8000000000000000000000000000000000040
:10F8C8000000000000000000000000000000000030
:10F8D8000000000000000000000000000000000020
:10F8E8000000000000000000000000000000000010
:10F8F8000000000000000000000000000000000000
:10F9080000000000000000000000000000000000EF
:10F9180000000000000000000000000000000000DF
:10F9280000000000000000000000000000000000CF
:10F9380000000000000000000000000000000000BF
:10F9480000000000000000000000000000000000AF
:10F95800000000000000000000000000000000009F
:10F96800000000000000000001000000000000008E
:10F97800000000000000000000000000000000007F
:10F98800000000000000000000000000000000006F
:10F99800000000000000000000000000000000005F
:10F9A800000000000000000000000000000000004F
:10F9B800000000000000000000000000000000003F
:10F9C800000000000000000000000000000000002F
:10F9D800000000000000000000000000000000001F
:10F9E800000000000000000000000000000000000F
:10F9F80000000000000000000000000000000000FF
:10FA080000000000000000000000000000000000EE
:10FA180000000000000000000000000000000000DE
:10FA280000000000000000000000000000000000CE
:10FA380000000000000000000000000000000000BE
:10FA480000000000000000000000000000000000AE
:10FA5800000000000000000000000000000000009E
:10FA6800000000000100000000000000000000008D
:10FA7800000000000000000000000000000000007E
:10FA8800000000000000000000000000000000006E
:10FA9800000000000000000000000000000000005E
:10FAA800000000000000000000000000000000004E
:10FAB800000000000000000000000000000000003E
:10FAC800000000000000000000000000000000002E
:10FAD800000000000000000000000000000000001E
:10FAE800000000000000000000000000000000000E
:10FAF80000000000000000000000000000000000FE
:10FB080000000000000000000000000000000000ED
:10FB180000000000000000000000000000000000DD
:10FB280000000000000000000000000000000000CD
:10FB380000000000000000000000000000000000BD
:10FB480000000000000000000000000000000000AD
:10FB5800000000000000000000000000000000009D
:10FB6800010000000000000000000000000000008C
:10FB7800000000000000000000000000000000007D
:10FB8800000000000000000000000000000000006D
:10FB9800000000000000000000000000000000005D
:10FBA800000000000000000000000000000000004D
:10FBB800000000000000000000000000000000003D
:10FBC800000000000000000000000000000000002D
:10FBD800000000000000000000000000000000001D
:10FBE800000000000000000000000000000000000D
:10FBF80000000000000000000000000000000000FD
:10FC080000000000000000000000000000000000EC
:10FC180000000000000000000000000000000000DC
:10FC280000000000000000000000000000000000CC
:10FC380000000000000000000000000000000000BC
:10FC480000000000000000000000000000000000AC
:10FC5800000000000000000000000000010000009B
:10FC6800000000000000000000000000000000008C
:10FC7800000000000000000000000000000000007C
:10FC8800000000000000000000000000000000006C
:10FC9800000000000000000000000000000000005C
:10FCA800000000000000000000000000000000004C
:10FCB800000000000000000000000000000000003C
:10FCC800000000000000000000000000000000002C
:10FCD800000000000000000000000000000000001C
:10FCE800000000000000000000000000000000000C
:10FCF80000000000000000000000000000000000FC
:10FD080000000000000000000000000000000000EB
:10FD180000000000000000000000000000000000DB
:10FD280000000000000000000000000000000000CB
:10FD380000000000000000000000000000000000BB
:10FD480000000000000000000000000000000000AB
:10FD5800000000000000000001000000000000009A
:10FD6800000000000000000000000000000000008B
:10FD7800000000000000000000000000000000007B
:10FD8800000000000000000000000000000000006B
:10FD9800000000000000000000000000000000005B
:10FDA800000000000000000000000000000000004B
:10FDB800000000000000000000000000000000003B
:10FDC800000000000000000000000000000000002B
:10FDD800000000000000000000000000000000001B
:10FDE800000000000000000000000000000000000B
:10FDF80000000000000000000000000000000000FB
:10FE080000000000000000000000000000000000EA
:10FE180000000000000000000000000000000000DA
:10FE280000000000000000000000000000000000CA
:10FE380000000000000000000000000000000000BA
:10FE480000000000000000000000000000000000AA
:10FE58000000000001000000000000000000000099
:10FE6800000000000000000000000000000000008A
:10FE7800000000000000000000000000000000007A
:10FE8800000000000000000000000000000000006A
:10FE9800000000000000000000000000000000005A
:10FEA800000000000000000000000000000000004A
:10FEB800000000000000000000000000000000003A
:10FEC800000000000000000000000000000000002A
:10FED800000000000000000000000000000000001A
:10FEE800000000000000000000000000000000000A
:10FEF80000000000000000000000000000000000FA
:10FF080000000000000000000000000000000000E9
:10FF180000000000000000000000000000000000D9
:10FF280000000000000000000000000000000000C9
:10FF380000000000000000000000000000000000B9
:10FF480000000000000000000000000000000000A9
:10FF58000100000000000000000000000000000098
:10FF68000000000000000000000000000000000089
:10FF78000000000000000000000000000000000079
:10FF88000000000000000000000000000000000069
:10FF98000000000000000000000000000000000059
:10FFA8000000000000000000000000000000000049
:10FFB8000000000000000000000000000000000039
:10FFC8000000000000000000000000000000000029
:10FFD8000000000000000000000000000000000019
:10FFE8000000000000000000000000000000000009
:08FFF800000000000000000001
:020000025000AC
:1000000000000000000000000000000000000000F0
:1000100000000000000000000000000000000000E0
:1000200000000000000000000000000000000000D0
:1000300000000000000000000000000000000000C0
:1000400000000000000000000000000000000000B0
:10005000000000000100000000000000000000009F
:100060000000000000000000000000000000000090
:100070000000000000000000000000000000000080
:100080000000000000000000000000000000000070
:100090000000000000000000000000000000000060
:1000A0000000000000000000000000000000000050
:1000B0000000000000000000000000000000000040
:1000C0000000000000000000000000000000000030
:1000D0000000000000000000000000000000000020
:1000E0000000000000000000000000000000000010
:1000F0000000000000000000000000000000000000
:1001000000000000000000000000000000000000EF
:1001100000000000000000000000000000000000DF
:1001200000000000000000000000000000000000CF
:1001300000000000000000000000000000000000BF
:1001400000000000000000000000000000000000AF
:10015000010000000000000000000000000000009E
:10016000000000000000000000000000000000008F
:10017000000000000000000000000000000000007F
:10018000000000000000000000000000000000006F
:10019000000000000000000000000000000000005F
:1001A000000000000000000000000000000000004F
:1001B000000000000000000000000000000000003F
:1001C000000000000000000000000000000000002F
:1001D000000000000000000000000000000000001F
:1001E000000000000000000000000000000000000F
:1001F00000000000000000000000000000000000FF
:1002000000000000000000000000000000000000EE
:1002100000000000000000000000000000000000DE
:1002200000000000000000000000000000000000CE
:1002300000000000000000000000000000000000BE
:1002400000000000000000000000000001000000AD
:10025000000000000000000000000000000000009E
:10026000000000000000000000000000000000008E
:10027000000000000000000000000000000000007E
:10028000000000000000000000000000000000006E
:10029000000000000000000000000000000000005E
:1002A000000000000000000000000000000000004E
:1002B000000000000000000000000000000000003E
:1002C000000000000000000000000000000000002E
:1002D000000000000000000000000000000000001E
:1002E000000000000000000000000000000000000E
:1002F00000000000000000000000000000000000FE
:1003000000000000000000000000000000000000ED
:1003100000000000000000000000000000000000DD
:1003200000000000000000000000000000000000CD
:1003300000000000000000000000000000000000BD
:1003400000000000000000000100000000000000AC
:10035000000000000000000000000000000000009D
:10036000000000000000000000000000000000008D
:10037000000000000000000000000000000000007D
:10038000000000000000000000000000000000006D
:10039000000000000000000000000000000000005D
:1003A000000000000000000000000000000000004D
:1003B000000000000000000000000000000000003D
:1003C000000000000000000000000000000000002D
:1003D000000000000000000000000000000000001D
:1003E000000000000000000000000000000000000D
:1003F00000000000000000000000000000000000FD
:1004000000000000000000000000000000000000EC
:1004100000000000000000000000000000000000DC
:1004200000000000000000000000000000000000CC
:1004300000000000000000000000000000000000BC
:1004400000000000010000000000000000000000AB
:10045000000000000000000000000000000000009C
:10046000000000000000000000000000000000008C
:10047000000000000000000000000000000000007C
:10048000000000000000000000000000000000006C
:10049000000000000000000000000000000000005C
:1004A000000000000000000000000000000000004C
:1004B000000000000000000000000000000000003C
:1004C000000000000000000000000000000000002C
:1004D000000000000000000000000000000000001C
:1004E000000000000000000000000000000000000C
:1004F00000000000000000000000000000000000FC
:1005000000000000000000000000000000000000EB
:1005100000000000000000000000000000000000DB
:1005200000000000000000000000000000000000CB
:1005300000000000000000000000000000000000BB
:1005400001000000000000000000000000000000AA
:10055000000000000000000000000000000000009B
:10056000000000000000000000000000000000008B
:10057000000000000000000000000000000000007B
:10058000000000000000000000000000000000006B
:10059000000000000000000000000000000000005B
:1005A000000000000000000000000000000000004B
:1005B000000000000000000000000000000000003B
:1005C000000000000000000000000000000000002B
:1005D000000000000000000000000000000000001B
:1005E000000000000000000000000000000000000B
:1005F00000000000000000000000000000000000FB
:1006000000000000000000000000000000000000EA
:1006100000000000000000000000000000000000DA
:1006200000000000000000000000000000000000CA
:1006300000000000000000000000000001000000B9
:1006400000000000000000000000000000000000AA
:10065000000000000000000000000000000000009A
:10066000000000000000000000000000000000008A
:10067000000000000000000000000000000000007A
:10068000000000000000000000000000000000006A
:10069000000000000000000000000000000000005A
:1006A000000000000000000000000000000000004A
:1006B000000000000000000000000000000000003A
:1006C000000000000000000000000000000000002A
:1006D000000000000000000000000000000000001A
:1006E000000000000000000000000000000000000A
:1006F00000000000000000000000000000000000FA
:1007000000000000000000000000000000000000E9
:1007100000000000000000000000000000000000D9
:1007200000000000000000000000000000000000C9
:1007300000000000000000000100000000000000B8
:1007400000000000000000000000000000000000A9
:100750000000000000000000000000000000000099
:100760000000000000000000000000000000000089
:100770000000000000000000000000000000000079
:100780000000000000000000000000000000000069
:100790000000000000000000000000000000000059
:1007A0000000000000000000000000000000000049
:1007B0000000000000000000000000000000000039
:1007C0000000000000000000000000000000000029
:1007D0000000000000000000000000000000000019
:1007E0000000000000000000000000000000000009
:1007F00000000000000000000000000000000000F9
:1008000000000000000000000000000000000000E8
:1008100000000000000000000000000000000000D8
:1008200000000000000000000000000000000000C8
:1008300000000000010000000000000000000000B7
:1008400000000000000000000000000000000000A8
:100850000000000000000000000000000000000098
:100860000000000000000000000000000000000088
:100870000000000000000000000000000000000078
:100880000000000000000000000000000000000068
:100890000000000000000000000000000000000058
:1008A0000000000000000000000000000000000048
:1008B0000000000000000000000000000000000038
:1008C0000000000000000000000000000000000028
:1008D0000000000000000000000000000000000018
:1008E0000000000000000000000000000000000008
:1008F00000000000000000000000000000000000F8
:1009000000000000000000000000000000000000E7
:1009100000000000000000000000000000000000D7
:1009200000000000000000000000000000000000C7
:1009300001000000000000000000000000000000B6
:1009400000000000000000000000000000000000A7
:100950000000000000000000000000000000000097
:100960000000000000000000000000000000000087
:100970000000000000000000000000000000000077
:100980000000000000000000000000000000000067
:100990000000000000000000000000000000000057
:1009A0000000000000000000000000000000000047
:1009B0000000000000000000000000000000000037
:1009C0000000000000000000000000000000000027
:1009D0000000000000000000000000000000000017
:1009E0000000000000000000000000000000000007
:1009F00000000000000000000000000000000000F7
:100A000000000000000000000000000000000000E6
:100A100000000000000000000000000000000000D6
:100A200000000000000000000000000001000000C5
:100A300000000000000000000000000000000000B6
:100A400000000000000000000000000000000000A6
:100A50000000000000000000000000000000000096
:100A60000000000000000000000000000000000086
:100A70000000000000000000000000000000000076
:100A80000000000000000000000000000000000066
:100A90000000000000000000000000000000000056
:100AA0000000000000000000000000000000000046
:100AB0000000000000000000000000000000000036
:100AC0000000000000000000000000000000000026
:100AD0000000000000000000000000000000000016
:100AE0000000000000000000000000000000000006
:100AF00000000000000000000000000000000000F6
:100B000000000000000000000000000000000000E5
:100B100000000000000000000000000000000000D5
:100B200000000000000000000100000000000000C4
:100B300000000000000000000000000000000000B5
:100B400000000000000000000000000000000000A5
:100B50000000000000000000000000000000000095
:100B60000000000000000000000000000000000085
:100B70000000000000000000000000000000000075
:100B80000000000000000000000000000000000065
:100B90000000000000000000000000000000000055
:100BA0000000000000000000000000000000000045
:100BB0000000000000000000000000000000000035
:100BC0000000000000000000000000000000000025
:100BD0000000000000000000000000000000000015
:100BE0000000000000000000000000000000000005
:100BF00000000000000000000000000000000000F5
:100C000000000000000000000000000000000000E4
:100C100000000000000000000000000000000000D4
:100C200000000000010000000000000000000000C3
:100C300000000000000000000000000000000000B4
:100C400000000000000000000000000000000000A4
:100C50000000000000000000000000000000000094
:100C60000000000000000000000000000000000084
:100C70000000000000000000000000000000000074
:100C80000000000000000000000000000000000064
:100C90000000000000000000000000000000000054
:100CA0000000000000000000000000000000000044
:100CB0000000000000000000000000000000000034
:100CC0000000000000000000000000000000000024
:100CD0000000000000000000000000000000000014
:100CE0000000000000000000000000000000000004
:100CF00000000000000000000000000000000000F4
:100D000000000000000000000000000000000000E3
:100D100000000000000000000000000000000000D3
:100D200001000000000000000000000000000000C2
:100D300000000000000000000000000000000000B3
:100D400000000000000000000000000000000000A3
:100D50000000000000000000000000000000000093
:100D60000000000000000000000000000000000083
:100D70000000000000000000000000000000000073
:100D80000000000000000000000000000000000063
:100D90000000000000000000000000000000000053
:100DA0000000000000000000000000000000000043
:100DB0000000000000000000000000000000000033
:100DC0000000000000000000000000000000000023
:100DD0000000000000000000000000000000000013
:100DE0000000000000000000000000000000000003
:100DF00000000000000000000000000000000000F3
:100E000000000000000000000000000000000000E2
:100E100000000000000000000000000001000000D1
:100E200000000000000000000000000000000000C2
:100E300000000000000000000000000000000000B2
:100E400000000000000000000000000000000000A2
:100E50000000000000000000000000000000000092
:100E60000000000000000000000000000000000082
:100E70000000000000000000000000000000000072
:100E80000000000000000000000000000000000062
:100E90000000000000000000000000000000000052
:100EA0000000000000000000000000000000000042
:100EB0000000000000000000000000000000000032
:100EC0000000000000000000000000000000000022
:100ED0000000000000000000000000000000000012
:100EE0000000000000000000000000000000000002
:100EF00000000000000000000000000000000000F2
:100F000000000000000000000000000000000000E1
:100F100000000000000000000100000000000000D0
:100F200000000000000000000000000000000000C1
:100F300000000000000000000000000000000000B1
:100F400000000000000000000000000000000000A1
:100F50000000000000000000000000000000000091
:100F60000000000000000000000000000000000081
:100F70000000000000000000000000000000000071
:100F80000000000000000000000000000000000061
:100F90000000000000000000000000000000000051
:100FA0000000000000000000000000000000000041
:100FB0000000000000000000000000000000000031
:100FC0000000000000000000000000000000000021
:100FD0000000000000000000000000000000000011
:100FE0000000000000000000000000000000000001
:100FF00000000000000000000000000000000000F1
:1010000000000000000000000000000000000000E0
:1010100000000000FFFF00000200000000020000CE
:1010200000000000000000000000000000000000C0
:1010300000000000FEFFFFFF0000000000000000B5
:10104000000000000000000000000000010100009E
:1010500000000000307500000000000000000000EB
:101060000000000000000000FFFFFFFFFF1F000066
:101070001F000000000000007FFE0000E4070000E9
:101080001D40000000000000000000000000000003
:10109000FFFFFFFF1FFF1B00BAABBABA1010101002
:1010A000A0354D00FF000000C40900000000000052
:1010B0000080004000000000000000000C00000064
:1010C0000000000000FF7F0000000000E339030083
:1010D000000000007F39030000000000113A030007
:1010E00000000000CB39030000000000C7390300F6
:1010F00000000000FF0000001408040001000000D0
:041100005809040086
:0400000300001101E7
:00000001FF
